evaluations raw_y
1 505.5083345655
2 213.5835829051
8 303.3598738849
12 142.8859455926
89 138.3030971803
158 128.1240660539
185 87.8085061315
251 70.7363063742
279 72.7065899994
426 61.4647343564
451 54.8291590325
468 53.3925520449
544 44.0339179059
578 41.8067859657
1306 43.0217967743
1404 42.1972366917
1604 41.2680276193
1685 33.1739747043
1698 37.9195438857
1713 36.6272872019
1778 33.1013672032
1802 32.9101989968
1820 27.7635305220
2146 25.0769556001
2311 23.1315448953
2499 19.1991667988
2590 18.1804721390
2899 17.8267756279
2944 17.7865186268
3034 15.9863516107
3271 14.6623271445
3319 13.8301253422
3490 12.8045976666
3494 12.1249867374
3645 12.1975571584
3738 12.0054889999
3743 11.9272810831
3873 11.3704509100
3887 10.5795391969
3920 10.3214361575
4068 10.3498192775
4137 9.2322250838
4194 9.2102960143
4291 8.9991701523
4322 8.6775465976
4430 8.5576303377
4446 8.4201457057
4469 8.0669337789
4503 7.5184434654
4556 7.5177477842
4565 6.5179661165
4631 6.4383545001
4748 5.9567340767
4979 5.6479960333
5012 5.3310764412
5073 5.1524201393
5191 5.1310269111
5364 4.5667223406
5471 4.0450780906
5628 3.9730792212
5651 3.9447340850
5697 3.3749902248
5913 3.3066249801
5935 3.2837828796
6264 2.9352491828
6677 2.9165030309
6685 2.4692905183
6831 2.3647239507
6979 2.1687013377
7156 2.0826653327
7231 2.0517077594
7234 1.6961596842
7662 1.6337262993
7867 1.5330639587
7941 1.4587753264
7987 1.3770972272
8217 1.3034089184
8234 1.2075625955
8456 1.1233602907
8462 1.0979615869
8483 1.0976234595
8581 1.0799973882
8612 1.0647386693
8653 0.9712851140
8725 0.8755927576
9012 0.8080682213
9049 0.7774714354
9295 0.6839707517
9582 0.6683483914
9621 0.6607863186
9659 0.6589870521
9736 0.6186764160
9774 0.5100971022
10074 0.4661251612
10257 0.4577339059
10297 0.4432937756
10352 0.4338220158
10445 0.4307257981
10523 0.3947812782
10649 0.3914634674
10686 0.3670932023
10745 0.3628549016
10916 0.3596294440
11044 0.3561711005
11084 0.3399502878
11190 0.3218106836
11340 0.3071438186
11580 0.2932592703
11654 0.2877214645
11659 0.2147584721
12123 0.2136784124
12179 0.2098644845
12253 0.1930826839
12288 0.1903527294
12339 0.1843599605
12352 0.1736448861
12380 0.1611241240
13055 0.1348206939
13352 0.1344113636
13643 0.1075203606
13987 0.1054886795
14155 0.0958997735
14243 0.0951016668
14285 0.0936821088
14542 0.0935017615
14564 0.0919967422
14595 0.0897367225
14764 0.0894454969
14771 0.0797008496
14852 0.0786832849
15175 0.0655020084
15448 0.0616841533
15517 0.0613826129
15656 0.0613558464
15728 0.0601629416
15758 0.0520532511
15791 0.0507456428
15917 0.0499582106
15957 0.0491724114
16224 0.0482553520
16428 0.0482388156
16440 0.0446243076
16639 0.0422705716
16847 0.0393134661
16944 0.0343249974
17515 0.0314784120
17538 0.0311473388
17846 0.0311410173
17886 0.0306279411
17898 0.0289100083
18256 0.0269779436
18320 0.0266104752
18369 0.0264684986
18465 0.0249936195
18543 0.0240277168
18655 0.0232482704
18731 0.0226185444
18833 0.0218954061
18857 0.0211526120
18870 0.0199027730
19126 0.0195088408
19288 0.0181843192
19660 0.0165875287
20196 0.0164413388
20465 0.0151119163
20585 0.0150022757
20594 0.0149205324
20706 0.0148644907
20859 0.0148273661
20897 0.0139848811
20919 0.0126724307
21281 0.0120922354
21575 0.0120166570
21610 0.0116507230
21864 0.0113827880
22053 0.0110620320
22373 0.0109048138
22550 0.0101498002
22567 0.0097432308
22810 0.0096671616
22840 0.0095140718
23015 0.0093681890
23017 0.0088208955
23594 0.0087608881
23654 0.0086409096
23742 0.0081749418
23870 0.0080700179
23923 0.0077626778
24184 0.0077314171
24196 0.0075694552
24315 0.0073953482
24462 0.0070171981
24773 0.0070141115
25373 0.0070109812
25386 0.0068468657
25419 0.0066963038
25553 0.0066637851
25592 0.0064284601
25957 0.0063565472
26116 0.0062689014
26217 0.0062499208
26312 0.0061549817
26515 0.0061449133
26633 0.0060781588
26842 0.0060760210
26871 0.0058415807
27293 0.0057967131
27412 0.0057797252
27449 0.0057726350
27766 0.0057481770
27860 0.0057055590
27931 0.0056407503
28275 0.0055676297
28330 0.0054836486
28380 0.0054669639
28662 0.0054629489
28723 0.0054401876
28837 0.0052878073
29048 0.0052724838
29387 0.0052671543
29426 0.0052591642
29587 0.0052564853
29606 0.0051481971
29949 0.0050911412
29978 0.0050232798
30215 0.0049892794
30472 0.0049810712
30717 0.0049631415
30844 0.0049380909
31124 0.0049137314
31287 0.0049009524
31462 0.0048367102
31699 0.0048098761
32073 0.0047899197
32393 0.0047652308
32728 0.0047571802
33106 0.0047399180
34372 0.0047355789
34424 0.0047164631
34526 0.0047121257
34745 0.0046938277
34774 0.0046873909
34785 0.0046841823
35264 0.0046602586
35413 0.0046317691
36239 0.0046208209
37092 0.0046167038
37096 0.0046151781
37097 0.0046073693
37245 0.0045937095
37361 0.0045726268
37405 0.0045522712
38082 0.0045340203
38228 0.0045221708
38259 0.0045204019
38655 0.0045180040
38771 0.0045153607
38846 0.0045054859
38862 0.0045022581
39006 0.0044891253
39536 0.0044884641
39614 0.0044869726
39643 0.0044796760
39686 0.0044793493
39704 0.0044784348
39770 0.0044576634
39798 0.0044518280
40191 0.0044495921
40419 0.0044462342
40434 0.0044422811
40526 0.0044378959
40617 0.0044324622
40966 0.0044174500
41421 0.0044173165
41547 0.0044150387
41748 0.0044120769
42086 0.0044116388
42264 0.0044110135
42311 0.0044099826
42429 0.0044092408
42542 0.0044082659
42625 0.0044073498
42734 0.0044073403
42906 0.0044069255
43084 0.0044057579
43161 0.0044054641
43286 0.0044051015
43394 0.0044030441
44138 0.0044025651
44202 0.0044023129
44499 0.0044018867
44576 0.0043986880
45060 0.0043958256
45449 0.0043929488
45968 0.0043916476
46089 0.0043888821
46554 0.0043887113
46559 0.0043860592
46949 0.0043857343
47130 0.0043854244
47148 0.0043850518
47186 0.0043844858
47208 0.0043844598
47241 0.0043813704
47446 0.0043800394
47866 0.0043769535
48152 0.0043762257
48276 0.0043755905
48519 0.0043752618
48614 0.0043751748
48636 0.0043743612
48646 0.0043732860
49057 0.0043726827
49153 0.0043711440
49462 0.0043700198
49472 0.0043697130
49515 0.0043686431
49677 0.0043686144
49720 0.0043664914
49949 0.0043648898
50218 0.0043637062
50537 0.0043633119
50656 0.0043621212
51028 0.0043619681
51059 0.0043617045
51123 0.0043601603
51380 0.0043598748
51579 0.0043592481
51873 0.0043579176
52201 0.0043578694
52390 0.0043576684
52422 0.0043570789
52468 0.0043570557
52519 0.0043570188
52746 0.0043568555
52768 0.0043566121
52812 0.0043557004
52844 0.0043543939
53239 0.0043540267
53377 0.0043534157
53505 0.0043530999
53877 0.0043529678
53879 0.0043527874
54016 0.0043527388
54027 0.0043524601
54079 0.0043523922
54120 0.0043521418
54482 0.0043520698
54568 0.0043519940
54571 0.0043519183
54700 0.0043515964
54803 0.0043515846
54852 0.0043514522
55067 0.0043514477
55250 0.0043513852
55268 0.0043511992
55444 0.0043501354
56325 0.0043500213
56374 0.0043499766
56504 0.0043499730
56634 0.0043497078
56769 0.0043496824
56841 0.0043496587
56907 0.0043494537
56971 0.0043494154
57116 0.0043492340
57207 0.0043490269
57329 0.0043490239
57336 0.0043487942
57666 0.0043487562
57700 0.0043486705
57733 0.0043484833
57884 0.0043483421
58008 0.0043481815
58318 0.0043481267
58377 0.0043479767
58551 0.0043478503
58685 0.0043478306
58740 0.0043476980
59037 0.0043476925
59080 0.0043476744
59118 0.0043475895
59222 0.0043475338
59307 0.0043474078
59589 0.0043473089
59712 0.0043473017
59836 0.0043472954
59866 0.0043472939
59889 0.0043472904
59952 0.0043472618
59994 0.0043471877
60245 0.0043471698
60288 0.0043471622
60341 0.0043471412
60363 0.0043470808
60427 0.0043469770
60787 0.0043469108
61236 0.0043468365
61313 0.0043468298
61354 0.0043468262
61373 0.0043467852
61469 0.0043467303
61691 0.0043466657
61775 0.0043466545
61849 0.0043466458
62089 0.0043466346
62225 0.0043466197
62283 0.0043465926
62330 0.0043465408
62386 0.0043464455
62820 0.0043464131
62854 0.0043463927
63150 0.0043463892
63242 0.0043463773
63317 0.0043463548
63444 0.0043463372
63541 0.0043463090
63621 0.0043462903
63782 0.0043462744
63855 0.0043462547
63971 0.0043462515
64051 0.0043462452
64263 0.0043462150
64345 0.0043462143
64474 0.0043461986
64534 0.0043461931
64642 0.0043461377
64873 0.0043461267
65084 0.0043461123
65131 0.0043462337
evaluations raw_y
1 430.7378420653
3 265.2764286393
34 316.2658478776
35 302.7858619026
42 262.5926999940
69 164.5044530598
83 208.3768522429
89 180.1587395959
147 156.1456592798
165 127.5496421319
182 135.9355648249
192 145.3761795555
194 125.1522310935
232 128.5298601498
309 103.0974585193
330 91.7787949827
433 80.7216827097
646 68.7857933850
1046 62.5457599382
1129 62.2731018631
1227 49.3346533531
1787 42.1628464218
2036 38.2340078549
2370 30.4838187774
2580 29.4459279852
2590 26.6043572834
2596 24.7220475130
2640 24.3814167706
2882 21.7971744822
3051 19.9838040809
3161 18.5989364744
3310 18.2081781531
3520 18.1393428508
3537 17.7738463497
3656 17.2997466915
3724 14.8677761627
3744 15.8138785092
3790 15.3769633240
3907 14.6653849634
3986 13.6039880487
4159 13.1755478186
4161 10.7583312591
4351 10.6710849933
4431 10.3501530001
4651 10.0226840604
4671 9.8347808934
4702 6.3368736946
5191 5.6735362908
5538 5.6728792071
5550 5.4567145518
5573 5.4436275794
5635 4.8483809333
5810 4.7665629457
5869 4.7470187832
5883 4.2940084880
6138 4.1102832123
6179 4.0312573996
6199 3.3635743573
6726 3.2511831915
6769 2.9680588260
6826 2.8755990348
6901 2.4520741167
7001 2.2875457286
7040 2.2701802175
7104 2.1569882174
7286 1.9772050172
7438 1.7977274855
7778 1.6939128272
7886 1.5027476606
7932 1.4405129980
8036 1.4047184548
8142 1.3765923736
8231 1.2541795109
8329 1.1930209604
8494 0.9751701810
8934 0.9722884861
9041 0.8625826644
9245 0.8502081511
9267 0.7901465562
9326 0.7296170776
9547 0.6173139234
9650 0.5745325657
10188 0.5651706222
10221 0.5300809720
10285 0.4293635948
10496 0.3911280989
10639 0.3625831712
11280 0.3610078478
11434 0.3472415261
11458 0.3355017595
11545 0.3131406962
11621 0.3110038201
11823 0.2450633549
11864 0.2436528239
12050 0.2423689328
12125 0.2339455003
12163 0.2112254991
12425 0.1984698505
12677 0.1747913749
12978 0.1626424824
13189 0.1599573962
13336 0.1416504717
13477 0.1227498265
13984 0.1200548081
14103 0.1165057835
14118 0.1119000577
14329 0.1088303783
14461 0.1084441985
14511 0.0995633418
14535 0.0972056497
14708 0.0954029740
14746 0.0881255209
14888 0.0878366757
15214 0.0809562040
15254 0.0712136493
15440 0.0667460830
15501 0.0667397183
15584 0.0645174197
15596 0.0596244860
16206 0.0583285827
16210 0.0558770397
16259 0.0518391734
16309 0.0512444155
16501 0.0494165560
16561 0.0480995833
16596 0.0447336236
16682 0.0398326550
16857 0.0392957242
16938 0.0379106853
16988 0.0338302759
17300 0.0328062043
17458 0.0322544621
17552 0.0309127889
17769 0.0214479895
18868 0.0191847228
19245 0.0190861998
19246 0.0183155839
19261 0.0180312359
19352 0.0174079852
19383 0.0143372293
19837 0.0130228823
20168 0.0128566732
20234 0.0128308066
20235 0.0116594578
20251 0.0114027839
20409 0.0096799998
20476 0.0092627996
20894 0.0078793732
21291 0.0078253191
21335 0.0067193193
21766 0.0066525969
21796 0.0058147453
22241 0.0054277442
22412 0.0053808686
22422 0.0051666531
22473 0.0050944392
22509 0.0046872338
22625 0.0046786812
22714 0.0045232751
22778 0.0044561571
22812 0.0040529385
23405 0.0039927203
23959 0.0039455983
24040 0.0038330930
24237 0.0037517315
24356 0.0037433178
24444 0.0036826244
24447 0.0036154147
24530 0.0034493705
24946 0.0031613750
24995 0.0030772495
25149 0.0028725382
25255 0.0028620246
25449 0.0028192467
25470 0.0027272309
25495 0.0026768152
25597 0.0024420662
25800 0.0023169355
25945 0.0021195701
26476 0.0020622253
26594 0.0020430394
26669 0.0019451241
27097 0.0019237668
27116 0.0018500978
27157 0.0018240468
27210 0.0017681335
27542 0.0017394029
27676 0.0017389308
27740 0.0017369688
27746 0.0017168380
27802 0.0016045080
28108 0.0015693680
28201 0.0015304279
28353 0.0014794643
29140 0.0014783737
29142 0.0014553208
29178 0.0014148840
29342 0.0013996360
29427 0.0013945303
29520 0.0013747523
29587 0.0013724330
29653 0.0012977226
29834 0.0012648664
30229 0.0012637240
30365 0.0012610757
30473 0.0012600884
30484 0.0012561508
30485 0.0012442076
30521 0.0012149133
30728 0.0012097623
30881 0.0012078374
30913 0.0012000302
30935 0.0011628501
31024 0.0011289936
31337 0.0011260949
31581 0.0011109535
31591 0.0010816499
31725 0.0010557682
32296 0.0010555835
32483 0.0010537175
32499 0.0010112012
32770 0.0009905506
32913 0.0009827053
33104 0.0009810983
33123 0.0009782224
33305 0.0009678490
33799 0.0009663630
33839 0.0009630687
34123 0.0009607439
34280 0.0009592024
34296 0.0009375492
35021 0.0009359965
35109 0.0009330919
35225 0.0009319019
35319 0.0009106007
35775 0.0009088474
36290 0.0008961393
37231 0.0008945274
37243 0.0008943429
37590 0.0008831515
38186 0.0008805310
38226 0.0008799480
38419 0.0008723065
38817 0.0008616462
39115 0.0008545185
39319 0.0008544267
39376 0.0008497143
39440 0.0008475322
39570 0.0008461949
39931 0.0008458057
39965 0.0008455084
40008 0.0008414612
40110 0.0008370040
40380 0.0008361575
40564 0.0008235863
40818 0.0008234107
40849 0.0008206379
41275 0.0008194595
41756 0.0008177440
42032 0.0008161789
42079 0.0008143262
42407 0.0008127608
42457 0.0008111697
42573 0.0008111386
42710 0.0008107319
42734 0.0008091066
42776 0.0008087978
42941 0.0008077602
42968 0.0008068191
42988 0.0008050762
43035 0.0008037066
43180 0.0008035040
43390 0.0008024001
43412 0.0008020742
43444 0.0008016038
43717 0.0007986859
44119 0.0007983988
44217 0.0007976528
44366 0.0007965480
44578 0.0007948788
44743 0.0007944954
45123 0.0007940021
45197 0.0007931889
45321 0.0007927777
45559 0.0007927457
45623 0.0007918869
45783 0.0007916058
46013 0.0007915521
46090 0.0007913789
46372 0.0007908242
46514 0.0007896472
46770 0.0007888810
47147 0.0007885770
47368 0.0007875038
48086 0.0007865296
48343 0.0007864851
48425 0.0007858880
48604 0.0007853115
48659 0.0007846359
49274 0.0007843721
49321 0.0007839390
49577 0.0007838333
49602 0.0007837878
49674 0.0007830327
49957 0.0007827821
50100 0.0007825565
50109 0.0007823102
50268 0.0007818844
50431 0.0007817725
50454 0.0007809432
50719 0.0007803490
50721 0.0007802124
51129 0.0007796760
51238 0.0007793590
51284 0.0007793235
51498 0.0007793002
51516 0.0007787533
51524 0.0007778047
51979 0.0007771709
52293 0.0007770658
52367 0.0007769691
52506 0.0007766376
52831 0.0007751389
53285 0.0007751156
53644 0.0007750885
53788 0.0007750727
53815 0.0007750596
53823 0.0007749526
53848 0.0007747919
54016 0.0007747573
54034 0.0007745933
54101 0.0007737514
54586 0.0007733871
54712 0.0007732580
55264 0.0007732396
55365 0.0007731145
55478 0.0007730936
55526 0.0007729509
55561 0.0007727989
55969 0.0007727637
56085 0.0007724934
56459 0.0007723699
56521 0.0007723550
56533 0.0007722995
56581 0.0007722157
56664 0.0007721443
56733 0.0007720347
56891 0.0007719162
57045 0.0007718907
57082 0.0007718702
57125 0.0007718562
57278 0.0007717599
57545 0.0007717052
57721 0.0007714732
58448 0.0007713588
58766 0.0007713535
58815 0.0007712993
58843 0.0007712488
58934 0.0007712034
59179 0.0007710315
59436 0.0007710021
59527 0.0007709729
59556 0.0007709727
59628 0.0007709644
59864 0.0007709563
59926 0.0007708492
60046 0.0007708283
60138 0.0007708082
60420 0.0007707500
60661 0.0007707275
60769 0.0007706616
60842 0.0007706339
61095 0.0007706336
61113 0.0007704443
62356 0.0007703995
62723 0.0007703807
62774 0.0007703445
62962 0.0007703351
62982 0.0007703255
62984 0.0007703145
63016 0.0007703046
63313 0.0007703022
63372 0.0007702872
63423 0.0007702404
63576 0.0007702389
63749 0.0007702351
63819 0.0007702208
63874 0.0007702168
63955 0.0007701924
64191 0.0007701909
64254 0.0007701810
64282 0.0007701659
64486 0.0007701509
64670 0.0007701432
64792 0.0007701395
64956 0.0007701327
65158 0.0007701256
65211 0.0007701102
65397 0.0007701063
65546 0.0007700841
65662 0.0007700839
65685 0.0007700785
65809 0.0007700740
65943 0.0007700722
65955 0.0007700551
66432 0.0007701047
evaluations raw_y
1 171.2994454969
18 107.1812552419
75 100.2607436546
143 101.0367070550
172 84.2786975719
207 83.3308472956
241 78.7147905572
278 75.7601735504
324 59.1094166491
380 55.4170582519
399 52.3616176482
443 58.7205951063
560 58.7809739417
594 44.9748966474
642 49.5540091187
749 47.9880666449
1338 44.4564971473
1374 44.8949914348
1467 35.0941013746
1688 31.1657486984
1943 31.9669855334
2018 28.4042619639
2035 29.4810620944
2103 29.3917116887
2166 26.6833975967
2383 21.2377934001
2403 20.4787246911
2660 15.6272946015
3159 14.9540776006
3357 13.6506250589
3474 13.1988507469
3726 13.1661600569
3768 12.6176369569
3842 10.8882703311
3858 10.8259152359
4002 10.1592799457
4128 8.1644216687
4615 7.2443644896
4740 5.7202291892
5217 5.4390185389
5683 4.3428493547
5910 4.1205286229
5964 3.9738319656
6302 3.9502723299
6343 3.9183938348
6545 3.3153196870
6790 3.2247506970
7066 3.1359174180
7216 3.0178694260
7333 2.8185496557
7534 2.6460803067
7544 2.5806414468
7633 2.4455759061
7840 2.2796865576
8032 2.1210949334
8087 2.1156365892
8152 1.9296108901
8227 1.5861536614
8929 1.5291925985
8962 1.4628185593
9182 1.2055149501
9450 1.1908741132
9909 1.1020237602
10772 1.0687528773
10879 0.9878265179
10904 0.9489779446
11107 0.8865433290
11154 0.8834331716
11232 0.7942671522
11423 0.6668778418
12163 0.6479059182
12226 0.6186270826
12300 0.6046896986
12338 0.4660260257
12914 0.4556356728
12982 0.4014889722
13042 0.4012820030
13231 0.3558747132
13262 0.3495545906
13469 0.3213682658
13521 0.2910715549
13845 0.2878741894
14016 0.2603337936
14182 0.2399622677
14484 0.2394611563
14578 0.2115722208
14625 0.2067913943
14767 0.1743015851
14881 0.1639957920
15309 0.1497124569
15407 0.1488449675
15616 0.1409512613
15659 0.1392525067
15828 0.1046030751
16203 0.1040846572
16264 0.0989488767
16397 0.0881451414
16584 0.0824620660
16865 0.0813966766
16945 0.0789242077
17294 0.0761702887
17296 0.0729004587
17537 0.0688544099
17588 0.0674665908
17719 0.0640236286
17750 0.0625495417
17790 0.0600512049
17996 0.0546951261
18053 0.0539248992
18276 0.0531980855
18322 0.0530471764
18365 0.0528600025
18397 0.0471648022
18584 0.0393096559
19026 0.0379325167
19038 0.0320910451
19849 0.0308651535
19854 0.0301233269
20234 0.0284873724
20248 0.0249072646
20423 0.0245553751
20759 0.0243325162
20791 0.0243284638
21011 0.0219869021
21209 0.0215328389
21337 0.0211300051
21405 0.0199076101
21434 0.0198908278
21575 0.0198872342
21654 0.0191346602
21776 0.0184844023
21847 0.0176687239
22462 0.0164387037
22794 0.0163773076
22866 0.0160096641
22998 0.0155758565
23197 0.0151682762
23210 0.0150427447
23218 0.0143586651
23682 0.0142971488
23736 0.0139632319
23921 0.0129020705
24245 0.0120403274
24787 0.0119866073
24844 0.0116856681
24880 0.0111627206
25555 0.0109990038
25684 0.0109356087
25752 0.0107673865
25759 0.0106817923
25781 0.0105489745
26064 0.0102875386
26155 0.0097972482
26245 0.0096893240
26518 0.0096877769
26652 0.0094978148
26803 0.0094901560
26885 0.0091756261
26907 0.0088560510
26929 0.0088360264
27112 0.0088071994
27172 0.0086609450
27304 0.0084516534
27428 0.0084461483
27491 0.0082944868
27572 0.0082292596
27769 0.0081961542
27912 0.0081203629
27969 0.0080266274
27974 0.0079133726
28072 0.0077838957
28106 0.0076919195
28396 0.0076225099
28510 0.0075833785
28677 0.0075566282
28791 0.0075018322
28857 0.0075006664
28866 0.0074471243
28922 0.0074018126
29021 0.0073705133
29024 0.0073157590
29047 0.0072157089
29253 0.0072137825
29340 0.0068945924
29734 0.0068005348
30158 0.0067674265
30351 0.0067251593
30360 0.0066983049
30398 0.0066723613
30496 0.0065800202
30853 0.0065694591
30872 0.0065257850
31208 0.0064772756
32075 0.0064246275
32323 0.0063629729
32452 0.0063268071
32748 0.0062306906
33241 0.0062011610
33547 0.0061606626
33747 0.0061042769
34201 0.0061016864
34235 0.0059704976
34760 0.0058982210
35246 0.0058748114
35320 0.0058549629
35396 0.0058189368
35422 0.0058042175
35522 0.0057870467
35880 0.0057261280
36064 0.0056082954
36246 0.0055564004
36847 0.0055150358
36916 0.0055062078
37202 0.0055052632
37508 0.0054857607
37790 0.0054842574
38233 0.0054489801
38910 0.0054358223
38982 0.0054193711
39054 0.0054185255
39314 0.0054149628
39746 0.0054103070
39975 0.0054033566
40072 0.0053944002
40394 0.0053737456
40878 0.0053596079
41158 0.0053522558
41248 0.0053503534
41302 0.0053487343
41413 0.0053453022
41433 0.0053386770
41864 0.0053287160
41978 0.0053254623
42066 0.0053004209
42570 0.0052872946
43182 0.0052844580
43231 0.0052762083
43239 0.0052561500
43321 0.0052369097
44471 0.0052343711
44739 0.0052320787
44933 0.0052263648
45016 0.0052158144
45146 0.0052157864
45208 0.0052142801
45298 0.0051993483
45620 0.0051968308
45684 0.0051961330
45749 0.0051918233
45776 0.0051898871
46025 0.0051802093
46312 0.0051789838
46494 0.0051740097
47471 0.0051738070
47490 0.0051697853
47837 0.0051682651
47871 0.0051639768
49140 0.0051628529
49651 0.0051627970
49684 0.0051627380
49711 0.0051624238
49763 0.0051620691
49768 0.0051619428
49837 0.0051616824
49851 0.0051590269
50151 0.0051573517
50257 0.0051568930
50481 0.0051568053
50733 0.0051557240
51730 0.0051550758
51881 0.0051530717
52591 0.0051526616
52607 0.0051523484
52707 0.0051519488
52894 0.0051518306
52899 0.0051513897
52984 0.0051511601
53057 0.0051494195
53645 0.0051491799
53658 0.0051476130
53767 0.0051474954
53770 0.0051447704
54309 0.0051443270
54422 0.0051440273
54465 0.0051438159
54502 0.0051417597
54856 0.0051416688
54907 0.0051399135
55335 0.0051397076
55535 0.0051381780
55883 0.0051381501
55890 0.0051375097
56458 0.0051374426
56466 0.0051373910
56472 0.0051367814
56583 0.0051350928
56726 0.0051347775
56865 0.0051347209
57126 0.0051342434
57165 0.0051335179
57204 0.0051321484
57494 0.0051315991
57791 0.0051309926
57875 0.0051300734
58030 0.0051298325
58173 0.0051289284
58930 0.0051286797
58970 0.0051262784
59854 0.0051261632
59918 0.0051255858
60092 0.0051253165
60176 0.0051251438
60414 0.0051250295
60625 0.0051247595
60749 0.0051241466
61093 0.0051232724
61680 0.0051229501
62225 0.0051227634
62252 0.0051226476
62412 0.0051224013
62673 0.0051222119
62765 0.0051221969
63408 0.0051219777
63507 0.0051218935
63512 0.0051210596
63800 0.0051208133
64058 0.0051207593
64472 0.0051206704
64813 0.0051206600
64875 0.0051205168
64920 0.0051204197
65035 0.0051203908
65058 0.0051202619
65248 0.0051201974
65299 0.0051197772
65439 0.0051197073
65682 0.0051193034
66037 0.0051192243
66367 0.0051189360
66508 0.0051186879
67429 0.0051186582
67513 0.0051186147
67524 0.0051185581
67569 0.0051185544
67664 0.0051185535
67671 0.0051185078
67778 0.0051184291
68032 0.0051184097
68085 0.0051183504
68152 0.0051182139
68274 0.0051180340
68459 0.0051180137
69077 0.0051179110
69159 0.0051177729
69691 0.0051176815
70186 0.0051176281
70460 0.0051175530
70671 0.0051175455
70893 0.0051174673
71022 0.0051174109
71583 0.0051173479
71824 0.0051173368
71848 0.0051171975
72769 0.0051171866
72861 0.0051171774
72977 0.0051171738
73063 0.0051171620
73176 0.0051171524
73177 0.0051171471
73246 0.0051170298
74105 0.0051170163
74331 0.0051169784
74370 0.0051169626
74441 0.0051169029
75002 0.0051168171
75513 0.0051168114
75551 0.0051168038
75723 0.0051168028
75832 0.0051167361
75959 0.0051167128
76751 0.0051166776
77199 0.0051166595
77549 0.0051166548
77596 0.0051167192
evaluations raw_y
1 176.8272329120
2 189.8152431365
3 86.0544771498
8 136.2082504640
24 88.8224975907
25 85.8279483634
34 81.4228952901
84 88.0137256728
100 81.6139410151
121 82.0778836905
153 67.5042630620
161 63.1522724813
176 58.4446266741
194 48.2925009263
224 52.4048073667
232 55.7373268493
233 54.0829729133
268 44.8667263317
458 43.4601283463
509 42.0064934285
671 41.8866899350
824 38.3938371506
1008 37.7156269427
1027 37.1030138933
1116 34.9252961663
1229 33.1465356092
1793 31.8537920228
1887 29.5031252099
2157 26.9035794176
2212 26.4318902416
2288 25.8509872630
2321 24.0284098127
2346 23.1035466253
2349 21.9271760151
2365 21.4029122463
2374 19.6246569590
2506 19.4375435338
2642 19.1056482552
2666 18.3424231889
2678 17.5619529090
2703 15.4159652356
2722 15.1198118573
2906 14.5529236423
3009 13.6428772577
3234 13.4337693431
3406 12.3573083858
3584 12.2152331627
3630 12.0853960991
3646 11.2844299746
3772 10.7061895658
3777 10.5095484937
3843 9.9568468217
3927 9.8453508056
3952 7.8268086685
4390 7.7778389098
4767 6.2387068642
4811 6.0267735553
5033 5.7157263992
5162 4.8524523545
5551 4.4147802865
5761 4.1949640657
5782 3.8035889842
5991 3.7398217816
6031 3.5601534000
6046 3.2858024300
6282 3.1576994416
6392 2.8683116104
6630 2.8255351164
6920 2.4860216559
6964 2.3147822356
7027 2.2193869065
7048 2.1106207504
7080 2.0344048702
7223 1.9575207298
7408 1.8065618970
7470 1.5740833499
7797 1.5142506111
7923 1.4587480710
8202 1.4375299207
8246 1.3422900109
8416 1.2515105784
8487 1.1788972114
8492 1.1442832427
8558 1.1383617763
8629 1.1101707235
8638 1.0935534959
8675 1.0447078515
8985 0.9831397748
9088 0.9756120239
9290 0.9611305537
9299 0.9354528611
9479 0.8819468064
9531 0.8033736296
9626 0.7777325268
9646 0.7332157699
9998 0.7327679707
10107 0.6569651838
10232 0.5742300594
10406 0.5314150191
10640 0.5056181666
10665 0.4746803121
11143 0.4631430510
11248 0.4530203283
11259 0.4033708581
11586 0.3952784128
11673 0.3730170376
11707 0.3292760129
11734 0.3230278920
11821 0.2865363913
12004 0.2612749872
12059 0.2557186357
12232 0.2510812693
12408 0.2502714627
12717 0.2236690732
12823 0.2178327578
13064 0.1927667963
13684 0.1924096719
13686 0.1885975131
13687 0.1833443662
13757 0.1736774529
13917 0.1599909711
13999 0.1572061984
14015 0.1416586815
14116 0.1387597948
14225 0.1369025946
14334 0.1347447757
14371 0.1344067419
14409 0.1224086351
14506 0.1139879243
14756 0.1055103203
14883 0.0995639427
15045 0.0966534156
15159 0.0938221253
15280 0.0826926556
15522 0.0675485144
15932 0.0666900828
16171 0.0653268613
16484 0.0549395433
16811 0.0451379432
17123 0.0448079516
17207 0.0376231269
17471 0.0373038150
17660 0.0341726175
17869 0.0328883584
18008 0.0314180721
18367 0.0310910040
18449 0.0301572644
18499 0.0296474600
18541 0.0285603514
18681 0.0276245749
18775 0.0226551805
18839 0.0225148884
18954 0.0222416049
19037 0.0215856802
19089 0.0209787502
19500 0.0205405429
19504 0.0199321535
19616 0.0188438432
19628 0.0187569371
19642 0.0161997350
19963 0.0144892233
20040 0.0143055434
20235 0.0139070070
20254 0.0130127576
20260 0.0122807759
20648 0.0119733675
20827 0.0117756967
20884 0.0113672096
20922 0.0107993089
21017 0.0090185136
21310 0.0089044058
21405 0.0086171417
21489 0.0085980215
21530 0.0075839027
21721 0.0073862266
21991 0.0070521941
22121 0.0069958577
22259 0.0069849684
22315 0.0068223329
22345 0.0067209863
22394 0.0065565933
22477 0.0058889469
22573 0.0058154305
22656 0.0058088952
22687 0.0054973045
22825 0.0054822214
22906 0.0051902893
22907 0.0050839010
23238 0.0047383571
23319 0.0045954726
23338 0.0039841522
23649 0.0038842627
23885 0.0035594724
24119 0.0031442993
24834 0.0028000780
25070 0.0027390571
25134 0.0026001816
25337 0.0025735240
25370 0.0022263009
25888 0.0020416376
26437 0.0019639648
26529 0.0018821190
26638 0.0018353436
26723 0.0017819586
26858 0.0017103236
27001 0.0015919020
27342 0.0015848816
27397 0.0015567070
27541 0.0015251811
27762 0.0014923869
27818 0.0014520702
27824 0.0014048192
28162 0.0012914866
28476 0.0012582819
28477 0.0012525063
28529 0.0012410483
28603 0.0012150592
28929 0.0012065008
29131 0.0011325567
29278 0.0010783720
29529 0.0010691843
29738 0.0010155084
29866 0.0009559296
31015 0.0009432138
31038 0.0009240377
31113 0.0008905449
31636 0.0008826646
31664 0.0008755022
31740 0.0008388282
32196 0.0008310223
32301 0.0008127817
32304 0.0008126754
32515 0.0008094146
32630 0.0007797149
32783 0.0007781142
32962 0.0007768065
32989 0.0007684003
33068 0.0007545966
33127 0.0007487287
33207 0.0007366686
33262 0.0007321765
33374 0.0007301090
33620 0.0007221740
33746 0.0007179230
33804 0.0006917539
33957 0.0006831611
34134 0.0006810141
34180 0.0006491639
34490 0.0006364620
34875 0.0006299134
35115 0.0006270553
35597 0.0006248654
35646 0.0006165378
36082 0.0006161500
36101 0.0006123206
36317 0.0006095330
36407 0.0006048715
36703 0.0006008105
36825 0.0005988757
36933 0.0005977780
36998 0.0005945578
37001 0.0005908232
37254 0.0005897403
37575 0.0005886619
38179 0.0005877059
38236 0.0005866419
38247 0.0005857391
38355 0.0005851177
38413 0.0005842234
38437 0.0005829696
38519 0.0005747422
38763 0.0005659148
38890 0.0005592678
39586 0.0005532715
39952 0.0005494171
39954 0.0005484213
40226 0.0005475601
40258 0.0005459153
40585 0.0005444239
40822 0.0005421932
40980 0.0005410277
41049 0.0005397401
41145 0.0005360016
41155 0.0005320123
41392 0.0005246056
41547 0.0005225952
41941 0.0005214377
42238 0.0005189807
42275 0.0005174292
42312 0.0005130469
42362 0.0005130408
42559 0.0005117859
42623 0.0005104412
42905 0.0005101830
42911 0.0005090377
42924 0.0005059640
43392 0.0005029365
43450 0.0005017751
43741 0.0005013975
43800 0.0005011040
43956 0.0004977453
44528 0.0004977327
44681 0.0004953579
44781 0.0004940476
45016 0.0004933223
45044 0.0004920067
45543 0.0004915767
45753 0.0004913191
45776 0.0004903132
46181 0.0004901415
46263 0.0004895958
46341 0.0004889395
47186 0.0004886329
47211 0.0004886316
47318 0.0004881663
47639 0.0004879528
47683 0.0004877199
47701 0.0004872809
48147 0.0004872696
48225 0.0004871723
48408 0.0004871007
48419 0.0004870892
48420 0.0004870351
48469 0.0004862561
48494 0.0004862495
48546 0.0004860388
48927 0.0004858350
49025 0.0004855134
49100 0.0004851877
49136 0.0004848089
49699 0.0004843367
49790 0.0004839147
50486 0.0004834227
50694 0.0004833112
50708 0.0004831208
51025 0.0004827233
51254 0.0004821417
51384 0.0004820421
51439 0.0004808297
51717 0.0004802258
52380 0.0004800510
52454 0.0004796656
52838 0.0004794314
52860 0.0004793987
52907 0.0004791843
52927 0.0004791499
53040 0.0004781984
53294 0.0004781726
53315 0.0004781641
53386 0.0004777288
53484 0.0004775459
53952 0.0004769516
54247 0.0004766697
54574 0.0004759414
54794 0.0004757614
54983 0.0004755158
55209 0.0004752907
55227 0.0004752041
55316 0.0004747155
55966 0.0004746028
55985 0.0004744701
56013 0.0004743451
56061 0.0004743387
56151 0.0004740887
56178 0.0004739809
56321 0.0004739294
56334 0.0004738901
56395 0.0004738399
56461 0.0004738322
56579 0.0004737381
56647 0.0004736737
56695 0.0004731368
57358 0.0004730979
57393 0.0004729780
57717 0.0004726657
57887 0.0004726470
57909 0.0004726210
58271 0.0004725654
58391 0.0004725117
58481 0.0004724826
58528 0.0004724468
58567 0.0004723221
58610 0.0004722831
58753 0.0004720815
58813 0.0004719455
59533 0.0004717853
59656 0.0004716090
60193 0.0004715688
60506 0.0004715096
60646 0.0004714729
60839 0.0004714544
60929 0.0004713251
61080 0.0004712697
61125 0.0004711927
61433 0.0004711561
61674 0.0004710069
62245 0.0004709259
62397 0.0004708823
63113 0.0004708528
63152 0.0004708339
63306 0.0004708161
63336 0.0004707750
63398 0.0004707717
63510 0.0004707695
63524 0.0004707614
63541 0.0004707612
63711 0.0004707547
63743 0.0004707526
63757 0.0004707367
63759 0.0004707189
63763 0.0004706969
63827 0.0004706886
63865 0.0004706510
64094 0.0004706422
64189 0.0004706211
64349 0.0004706154
64441 0.0004706060
64529 0.0004705893
64668 0.0004705799
64854 0.0004705734
64891 0.0004705516
65006 0.0004705224
65147 0.0004705143
65183 0.0004704965
65317 0.0004704843
65483 0.0004704709
65638 0.0004704659
65705 0.0004704617
65903 0.0004704599
65960 0.0004704494
66197 0.0004704308
66282 0.0004704196
66662 0.0004704049
66684 0.0004704003
66797 0.0004703819
66872 0.0004703795
66975 0.0004703620
67413 0.0004703563
67459 0.0004703519
67619 0.0004703499
67782 0.0004703398
68073 0.0004703311
68463 0.0004703224
68470 0.0004703183
68589 0.0004703066
68853 0.0004702761
69918 0.0004702734
70073 0.0004702663
70103 0.0004702652
70423 0.0004702566
70666 0.0004702500
70887 0.0004702451
71066 0.0004702419
71111 0.0004702408
71203 0.0004702325
71368 0.0004702302
71730 0.0004702297
72136 0.0004702252
72226 0.0004702204
72331 0.0004702387
evaluations raw_y
1 853.7572188779
2 625.7200519528
10 606.4578841579
21 536.1460858542
25 310.6138932165
68 198.7108511833
151 192.3667738863
172 166.2147471290
186 90.8747390755
187 89.6702484730
331 83.1233027707
381 68.5592043672
482 68.6738706510
640 61.7133268159
1569 52.1995963673
1677 40.0069484569
1734 41.6961695414
1976 38.7943256320
2037 30.8522222003
2161 26.6017229699
2271 26.1999559408
2501 22.6334349324
2743 18.7566135833
3244 16.8375569102
3705 15.4401585305
3861 14.7152082851
3909 14.6225753667
4230 14.1031027598
4236 13.8696050536
4256 10.5893507353
4439 7.9333328282
5078 7.9132324557
5168 7.1809044509
5195 6.6513888207
5648 6.5400463506
5903 6.3254756366
5905 6.1385224190
5973 6.0079654550
6030 5.2870788235
6112 4.9003225999
6217 4.8051163729
6369 4.3902235003
6477 3.9853630999
6688 3.6131872917
6738 3.5395882326
6766 3.4352848548
6952 3.2909414130
7082 3.1478823389
7317 2.9062298855
7355 2.8838022051
7668 2.8613907493
7820 2.4189374565
7897 2.2847099448
7995 2.1726729211
8275 1.9589800437
8384 1.8510792833
8573 1.7789137827
8650 1.5722252398
8692 1.3897733913
9021 1.3453686140
9345 1.1621664273
9801 1.1019505004
9862 1.0912252761
9881 0.9940357789
9964 0.8955675872
10278 0.8904017838
10286 0.8890573668
10605 0.7610522564
11134 0.7119639278
11490 0.6918350289
11510 0.6822561474
11609 0.5827783666
11869 0.5696219801
12144 0.5462815226
12227 0.4747604978
12538 0.4378776480
12621 0.4306915291
12623 0.4130858122
12895 0.4129528567
12950 0.4026475884
13021 0.3430469872
13326 0.3139961797
13467 0.3042249736
13539 0.3007865626
13603 0.2936874945
13677 0.2627978485
13723 0.2596640124
13775 0.2508359839
13827 0.2434552317
14042 0.2430017162
14161 0.2311630061
14176 0.2210289965
14259 0.2146141867
14525 0.2102369097
14782 0.2070323135
14817 0.1934500219
14957 0.1683391875
15199 0.1438611823
15474 0.1387632556
15733 0.1315012150
15921 0.1277543283
16105 0.1207742453
16215 0.1201166888
16217 0.1194866778
16234 0.1100002845
16373 0.1081881456
16411 0.1001017240
16722 0.0973879105
16887 0.0973268257
16896 0.0952369776
16899 0.0950494056
16920 0.0876638501
17048 0.0792704635
17512 0.0726197623
17611 0.0691459350
17863 0.0678007008
17904 0.0652146294
18276 0.0607824246
18360 0.0573709437
18461 0.0567269399
18500 0.0529138979
18668 0.0516836607
18718 0.0493482421
19024 0.0484209871
19327 0.0480756262
19463 0.0454719043
19841 0.0415776427
20082 0.0384390308
20131 0.0364748507
20370 0.0353129263
20458 0.0347758769
20511 0.0335382460
20514 0.0281869757
21205 0.0272658498
21301 0.0266697571
21496 0.0255105636
21662 0.0251951168
21723 0.0216258237
21955 0.0214000017
22206 0.0205531011
22245 0.0194969436
22318 0.0193547952
22729 0.0172218929
23065 0.0167107017
23224 0.0163031171
23263 0.0162689587
23321 0.0143505895
23647 0.0140782348
23765 0.0140151101
23963 0.0137520914
23982 0.0135939941
24038 0.0132562216
24240 0.0131706980
24487 0.0128739848
24557 0.0123360307
24763 0.0120307032
24943 0.0114510705
25121 0.0109809392
25296 0.0107839681
25799 0.0103647880
25887 0.0099959014
26323 0.0099286258
26362 0.0098324372
26385 0.0098144897
26419 0.0096752534
26425 0.0094659633
26501 0.0088136202
26984 0.0087460481
27040 0.0087416851
27048 0.0087105729
27117 0.0086294672
27168 0.0082652074
27530 0.0080466348
27643 0.0076887863
28032 0.0075921311
28403 0.0074540700
28912 0.0074399707
29017 0.0074281589
29193 0.0073826271
29295 0.0072368716
29313 0.0070744833
29678 0.0070719293
29943 0.0070665267
29949 0.0070034975
29967 0.0069522896
30036 0.0069410341
30064 0.0068500422
30127 0.0066785338
30350 0.0066318176
30859 0.0066239879
30939 0.0065613550
30996 0.0065122050
31258 0.0064350980
31317 0.0063694557
31617 0.0063387332
31749 0.0062690806
31855 0.0061370023
32244 0.0061305317
32651 0.0061180571
32698 0.0060251925
32855 0.0059824360
33160 0.0059233871
33223 0.0058893630
33541 0.0058778839
33597 0.0058480917
33668 0.0058096938
34000 0.0057619160
34007 0.0057472849
34268 0.0056967253
34384 0.0056681303
35064 0.0056378557
35227 0.0056048903
35600 0.0055944895
35748 0.0055901707
35848 0.0055875687
35931 0.0055835560
35981 0.0055780768
35983 0.0055686793
35994 0.0055587485
36198 0.0055532252
36237 0.0055442696
36403 0.0055123051
36863 0.0054843514
37357 0.0054813133
37409 0.0054672428
37835 0.0054619700
37919 0.0054580927
37940 0.0054443464
38083 0.0054415555
38110 0.0054271189
38175 0.0054202357
38194 0.0053981877
38425 0.0053973119
38732 0.0053923626
38789 0.0053900434
38831 0.0053609397
39178 0.0053605945
39260 0.0053578296
39312 0.0053573651
39385 0.0053351260
39570 0.0053240365
39675 0.0053160719
39812 0.0053147518
39841 0.0053085146
39932 0.0052964476
40138 0.0052946492
40333 0.0052887106
40529 0.0052869545
40656 0.0052779637
40731 0.0052492597
41090 0.0052231322
41261 0.0052127256
41684 0.0052096974
41727 0.0052090352
41741 0.0051951545
41816 0.0051881116
42044 0.0051832821
42277 0.0051798553
42557 0.0051741118
42579 0.0051700345
42806 0.0051661571
43107 0.0051638679
43309 0.0051621360
43411 0.0051604775
43439 0.0051593744
43467 0.0051565760
43568 0.0051564825
43640 0.0051552382
43647 0.0051542433
44158 0.0051534811
44175 0.0051503552
44304 0.0051486754
45069 0.0051476216
45243 0.0051460719
45304 0.0051437370
45478 0.0051434900
46107 0.0051423780
46200 0.0051417937
46268 0.0051392176
46317 0.0051383873
46746 0.0051381095
46779 0.0051367809
46950 0.0051365831
47068 0.0051358890
47115 0.0051344839
47341 0.0051338353
47400 0.0051333779
47517 0.0051332422
47665 0.0051327813
47677 0.0051320618
47697 0.0051318500
47700 0.0051298501
47796 0.0051297631
47922 0.0051295743
47932 0.0051263151
48909 0.0051257729
49214 0.0051254854
49250 0.0051232837
49443 0.0051232120
49525 0.0051223696
49729 0.0051194584
50020 0.0051186177
50149 0.0051180778
50213 0.0051178240
50222 0.0051157327
50338 0.0051149083
50552 0.0051128758
51250 0.0051120802
51296 0.0051113543
51297 0.0051102207
51555 0.0051089300
51781 0.0051085270
51801 0.0051081128
51838 0.0051081098
51850 0.0051059957
52038 0.0051038405
52294 0.0051027620
52529 0.0051023346
52819 0.0051021670
52826 0.0051021192
52971 0.0051017731
52990 0.0051013358
53030 0.0051005468
53159 0.0051005113
53187 0.0051004746
53278 0.0051003364
53640 0.0050991919
53972 0.0050988691
54004 0.0050988292
54015 0.0050982434
54039 0.0050981051
54055 0.0050977054
54059 0.0050971036
54115 0.0050969274
54178 0.0050967999
54317 0.0050960728
54600 0.0050960516
54631 0.0050947798
55101 0.0050937840
55237 0.0050936638
55244 0.0050933295
55324 0.0050927958
55610 0.0050923015
55852 0.0050920195
56065 0.0050915987
56109 0.0050911854
56323 0.0050909185
56535 0.0050907381
56689 0.0050904475
56723 0.0050904460
56869 0.0050904012
56882 0.0050898461
56932 0.0050897796
57267 0.0050897270
57272 0.0050894434
57426 0.0050893731
57429 0.0050887672
57614 0.0050882226
58004 0.0050878253
58380 0.0050877838
58444 0.0050874138
58989 0.0050871290
59367 0.0050867692
59707 0.0050867538
59742 0.0050866681
59816 0.0050866631
60316 0.0050866273
60371 0.0050864819
60411 0.0050863839
60466 0.0050863635
60691 0.0050862376
60798 0.0050861795
60997 0.0050861373
61001 0.0050860750
61139 0.0050860144
61143 0.0050858734
61243 0.0050858202
61294 0.0050857955
61303 0.0050857727
61393 0.0050857376
61422 0.0050857313
61433 0.0050856907
61551 0.0050855015
61718 0.0050854924
61738 0.0050854816
61788 0.0050854786
61850 0.0050854190
61977 0.0050853750
62023 0.0050852755
62121 0.0050852322
62167 0.0050851612
62530 0.0050851183
62538 0.0050850498
62612 0.0050850353
62891 0.0050849636
62948 0.0050849087
63389 0.0050848738
63560 0.0050848649
63593 0.0050848528
63660 0.0050848015
63744 0.0050847951
63866 0.0050847769
63873 0.0050847585
63882 0.0050847548
63931 0.0050847412
63982 0.0050846843
63990 0.0050846834
64061 0.0050846562
64133 0.0050846530
64265 0.0050846274
64299 0.0050846181
64301 0.0050846044
64335 0.0050845126
64795 0.0050845093
64921 0.0050844802
65170 0.0050844801
65174 0.0050844753
65212 0.0050844299
65493 0.0050844249
65558 0.0050843874
65698 0.0050843768
65753 0.0050843716
65814 0.0050843666
65872 0.0050843536
65978 0.0050843530
66040 0.0050843446
66119 0.0050843401
66122 0.0050843092
66347 0.0050842998
66393 0.0050842875
66497 0.0050842714
66501 0.0050844223
evaluations raw_y
1 237.3457217277
2 331.9196651156
3 158.4452357852
9 166.2821342342
12 154.4679781908
33 138.5939815781
62 115.5205014133
76 103.3611168033
80 119.5995850608
93 96.8684276715
157 83.3032661856
211 78.6758077310
255 59.4819818476
394 40.0789125172
1528 38.8456846267
1613 37.0212154317
1644 35.9595444549
1765 27.3194666792
2116 27.2503581655
2134 24.4709911990
2208 24.0501394144
2247 21.3781661637
2374 21.3980917880
2422 20.7066576027
2463 19.5061862831
2561 18.8560053498
2699 17.4228296327
2975 16.1536929088
2992 15.5421627145
3138 13.6028163437
3141 13.1970369764
3405 12.9807048026
3433 12.2665551912
3551 12.0705346585
3565 11.2012274691
3683 9.8220358408
4000 8.2047374764
4226 7.8785214250
4476 7.7150328363
4494 7.1405895931
4671 6.5896088821
4738 6.5575521535
4769 6.1425001672
4868 6.1023507108
4969 5.9201988400
5120 5.8144968749
5165 5.2428412431
5257 5.1527539268
5304 4.8085778179
5320 4.6837350359
5522 4.4294404791
5578 4.1942148914
5698 3.8961313839
5869 3.7010830605
5924 3.4060845369
6639 3.3227298482
6713 3.2157400993
6741 2.8979020966
6798 2.8267054147
6996 2.5607379467
7333 2.3467934590
7380 2.0371983258
7684 1.9764791906
7758 1.8587859049
7875 1.7620075459
8030 1.7580336541
8135 1.7267804790
8189 1.6894832593
8332 1.5336119066
8476 1.4860294999
8589 1.4709113677
8617 1.2649448544
8813 1.2541514501
9030 1.2488051240
9180 1.1358357782
9587 1.0333906142
9789 0.9859307523
9946 0.9083478093
10218 0.8037808405
10425 0.8010059290
10505 0.7935938117
10618 0.7693394081
10725 0.7123992151
10863 0.7105971886
10915 0.6528882800
10934 0.5590721306
11176 0.5366985627
11444 0.4625494223
11709 0.4056003414
11760 0.3718889754
11940 0.3467253195
12200 0.2612929419
13152 0.2601446871
13585 0.2456361990
13643 0.2393835459
13658 0.2166198383
13694 0.2014668465
13840 0.2011581386
13892 0.1981805902
13895 0.1929378652
13990 0.1777796892
14226 0.1542750138
14608 0.1469803864
14867 0.1314170638
15305 0.1273592910
15429 0.1147360542
15458 0.1026297518
15803 0.1017763226
15807 0.0992247003
15952 0.0877532026
16047 0.0857713311
16155 0.0856842154
16254 0.0845810297
16408 0.0740381391
16889 0.0660466566
16923 0.0643506590
17078 0.0524415794
17356 0.0515574443
17389 0.0456558210
17624 0.0456463036
17714 0.0427394256
17770 0.0391680229
17908 0.0367569787
18418 0.0367072635
18542 0.0306143184
18924 0.0300424340
19004 0.0285709782
19080 0.0277500069
19115 0.0274940411
19147 0.0274499481
19200 0.0251892671
19532 0.0229977420
19669 0.0188875307
20095 0.0182795492
20273 0.0171194145
20350 0.0169130570
20419 0.0154360476
20549 0.0147639419
20641 0.0130526113
20843 0.0113521679
21242 0.0112822763
21296 0.0105709250
21421 0.0102630701
21422 0.0096251149
21876 0.0084457035
22223 0.0077612150
22258 0.0071464482
22943 0.0070427255
23037 0.0070285325
23179 0.0066680080
23318 0.0062132727
23393 0.0061571775
23444 0.0059126652
23448 0.0055486902
23588 0.0055385899
24112 0.0054350694
24113 0.0050339114
24230 0.0048127528
24607 0.0044884006
25080 0.0044057438
25116 0.0040287120
25489 0.0039965292
25518 0.0039479711
25556 0.0038394126
25558 0.0035298243
25696 0.0034676821
25728 0.0034360169
25956 0.0033291459
26070 0.0031082056
26182 0.0030563663
26216 0.0030041838
26374 0.0029439844
26417 0.0025109541
26891 0.0024194720
27120 0.0023942337
27144 0.0023280795
27191 0.0023252279
27196 0.0022553747
27276 0.0021215177
27706 0.0020765161
28033 0.0020370668
28055 0.0020259814
28091 0.0016200858
28735 0.0016027490
28763 0.0015360912
29067 0.0015291444
29133 0.0015154962
29318 0.0014347751
29768 0.0014149223
29839 0.0013820312
29956 0.0013589975
30189 0.0012928072
30192 0.0012738490
30405 0.0012527423
30745 0.0011769897
31318 0.0011381487
31482 0.0010949974
31764 0.0010430771
31805 0.0010418856
32248 0.0010295773
32465 0.0010030663
32501 0.0010008332
32549 0.0010004284
32617 0.0009573318
33162 0.0009564993
33349 0.0009389299
33363 0.0009296807
33567 0.0009248699
33878 0.0009183125
34125 0.0009178920
34225 0.0009145501
34259 0.0008823348
34467 0.0008785613
34513 0.0008776627
34628 0.0008597980
34662 0.0008224445
34900 0.0008094576
34937 0.0008000425
35519 0.0007896824
35649 0.0007881584
35819 0.0007730825
36212 0.0007729415
36316 0.0007717884
36347 0.0007635878
36407 0.0007393752
37282 0.0007377790
37949 0.0007372809
38044 0.0007369321
38163 0.0007263061
38208 0.0007179675
38515 0.0007152969
38962 0.0007122539
39065 0.0007045437
39511 0.0007037248
39772 0.0006953183
39996 0.0006915215
40242 0.0006817486
40553 0.0006795509
40862 0.0006699304
41332 0.0006681031
41459 0.0006629152
41513 0.0006610387
41768 0.0006592136
41822 0.0006588483
41836 0.0006538970
41856 0.0006487122
42080 0.0006342940
42410 0.0006321618
42844 0.0006282380
42861 0.0006236219
43058 0.0006170881
43574 0.0006136676
43704 0.0006094457
43805 0.0006093572
43928 0.0006072110
43950 0.0006058055
44080 0.0006042422
44129 0.0006037874
44149 0.0006008751
44367 0.0005985734
44387 0.0005978962
44589 0.0005975380
44632 0.0005963835
44683 0.0005962317
44833 0.0005952311
45066 0.0005951357
45150 0.0005938925
45167 0.0005936284
45229 0.0005920322
45815 0.0005889173
46567 0.0005888650
46740 0.0005886053
46777 0.0005879784
47073 0.0005875509
47156 0.0005871499
47412 0.0005867996
47808 0.0005867673
48219 0.0005866896
48221 0.0005860040
48401 0.0005853651
48670 0.0005843339
49048 0.0005838696
49096 0.0005836131
49492 0.0005824449
49624 0.0005821418
49910 0.0005815281
50323 0.0005810820
50514 0.0005810383
50633 0.0005807564
50714 0.0005801597
51119 0.0005799408
51314 0.0005788254
51363 0.0005777638
51658 0.0005776238
52102 0.0005770871
52366 0.0005761393
52743 0.0005756001
52853 0.0005755401
52949 0.0005753038
53305 0.0005750167
53577 0.0005750129
53583 0.0005736692
54230 0.0005734999
54445 0.0005732522
54528 0.0005729615
54773 0.0005724397
55361 0.0005723152
55366 0.0005720020
55429 0.0005719558
55781 0.0005719551
55783 0.0005716567
56039 0.0005715918
56253 0.0005712594
56361 0.0005712549
56477 0.0005712327
56502 0.0005711328
56594 0.0005711026
56666 0.0005707827
56730 0.0005701673
57293 0.0005700804
57315 0.0005698184
57476 0.0005697675
57975 0.0005697153
58094 0.0005694572
58408 0.0005694489
58590 0.0005694203
58692 0.0005693763
58701 0.0005691476
59096 0.0005690597
59125 0.0005690178
59306 0.0005690034
59348 0.0005689917
59454 0.0005689626
59463 0.0005687478
59548 0.0005686878
59636 0.0005685495
59896 0.0005685026
59918 0.0005684155
59986 0.0005682705
60272 0.0005681929
60647 0.0005681182
60715 0.0005679453
61310 0.0005679123
61353 0.0005677845
61959 0.0005677623
62173 0.0005676816
62676 0.0005675904
63403 0.0005675364
63916 0.0005675202
64004 0.0005674655
64246 0.0005674529
64347 0.0005673992
64387 0.0005673556
64649 0.0005672864
65667 0.0005672813
65848 0.0005672808
65911 0.0005672226
65958 0.0005672224
66030 0.0005671984
66304 0.0005671866
66561 0.0005671855
66577 0.0005671689
66785 0.0005671317
66828 0.0005671144
67179 0.0005671004
67380 0.0005670966
67455 0.0005670795
67556 0.0005670771
67620 0.0005670670
67893 0.0005670659
67945 0.0005670599
67990 0.0005670494
68194 0.0005670371
68397 0.0005670320
68566 0.0005670280
68625 0.0005670179
68814 0.0005669971
69230 0.0005669956
69233 0.0005669808
69245 0.0005669690
69880 0.0005669576
70568 0.0005669554
70803 0.0005669544
70879 0.0005669530
71010 0.0005669419
71142 0.0005669417
71152 0.0005669889
evaluations raw_y
1 184.0247526455
3 148.4312774367
7 142.4819972604
11 107.1286566946
12 120.1518676531
17 102.9537390785
20 109.2168092771
45 98.5585571817
193 91.6834289043
202 92.9900150063
236 89.4994842877
237 70.6567420961
334 61.7948622901
400 62.6279993684
413 61.0070053303
580 47.4257369520
1697 45.8583965424
1863 44.3918091290
1879 40.5503424693
2040 34.1179442837
2137 34.4398001642
2139 32.6791755156
2194 29.8104383722
2282 29.0141361939
2297 26.3921759787
2720 23.9905006839
2735 24.0656152191
2810 24.0591487998
2987 23.8220646099
3021 23.5185056530
3035 23.3134711258
3043 19.5728241021
3102 18.8723662068
3274 16.2878937635
3436 14.2034971885
4024 14.1214054527
4136 13.9660204016
4221 13.8314879731
4251 10.3817580554
4528 10.0926126419
4781 10.0861507563
4788 8.7217341556
4860 8.3598769209
4951 7.2997903866
5241 6.9013870591
5413 6.6838938632
5698 6.5594943806
5753 6.4909048256
5974 6.3026384414
6029 5.7139536994
6197 4.8352275230
6535 4.7437391813
6546 4.4701267857
6722 4.3133510763
6908 4.2268034258
7022 4.2218540669
7080 3.6030342263
7189 2.9304414616
8021 2.7851700933
8228 2.5929143003
8546 2.3500500789
9029 2.2207769050
9231 2.1959390307
9304 2.1786147001
9309 2.0705659454
9375 1.9754048839
9452 1.9618538407
9512 1.8414268088
9572 1.8294788176
9605 1.8250623772
9655 1.7808740487
9662 1.7581213129
9835 1.7485293066
9902 1.6353874159
9909 1.6232224848
9942 1.3765455814
9966 1.3245585784
10361 1.1546832906
10792 0.9818971868
11332 0.9705783021
11495 0.7959989166
12077 0.7813726764
12239 0.7805226981
12245 0.7760316923
12324 0.7355606104
12359 0.6462519870
12592 0.6211927985
12864 0.6206761039
12878 0.5962569931
13148 0.5951027314
13164 0.5549433053
13257 0.4974476934
13566 0.4885944168
13681 0.4862977897
13807 0.4803688216
13861 0.4529843808
14131 0.4470219824
14224 0.4278031455
14326 0.4263274837
14382 0.4106233146
14478 0.4068403080
14527 0.3983451693
14594 0.3890192503
14742 0.3865733037
14861 0.3479302742
15130 0.3360355868
15729 0.3273824381
15854 0.3221010466
15956 0.3112401605
16039 0.2936082035
16209 0.2919886456
16296 0.2841667104
16410 0.2811638538
16534 0.2692978117
16772 0.2675963463
16884 0.2657479122
17037 0.2542998430
17050 0.2517816433
17146 0.2477339379
17286 0.2431976200
17327 0.2369942448
17460 0.2318550769
17550 0.2273550666
17822 0.2251282036
17915 0.2216431474
17921 0.2173569605
18054 0.2144013756
18130 0.2135377209
18242 0.1966963204
18374 0.1941917841
18673 0.1801259299
19233 0.1794625625
19286 0.1783847915
19364 0.1753135664
19634 0.1721389298
19639 0.1705617389
19776 0.1693064962
19906 0.1677368870
19951 0.1650138107
20054 0.1638686048
20080 0.1634165437
20112 0.1587642551
20496 0.1547120666
20710 0.1535626342
20783 0.1467538946
21321 0.1464265452
21326 0.1451694068
21333 0.1433247400
21473 0.1402568391
21613 0.1370965572
21928 0.1362103801
21971 0.1361265989
22090 0.1357429088
22098 0.1337357167
22375 0.1333012690
22431 0.1331571268
22456 0.1326967425
22519 0.1311155267
22556 0.1309792012
22785 0.1281578083
22907 0.1245014645
23079 0.1244124737
23972 0.1236781828
24170 0.1230914618
24203 0.1230107697
24345 0.1206324723
24477 0.1204595787
24752 0.1194717537
24984 0.1193832738
25112 0.1190642981
25194 0.1187424117
25246 0.1185408533
25249 0.1185095876
25400 0.1175568053
25470 0.1163479122
25579 0.1156966023
25921 0.1154115651
25935 0.1146969435
26233 0.1146684828
26262 0.1121889902
26982 0.1119633746
27579 0.1108420984
27689 0.1101861903
28162 0.1096815498
28339 0.1093619911
28952 0.1088903624
29301 0.1087659547
29345 0.1086295743
29492 0.1085104009
30057 0.1084098495
30070 0.1082843804
30153 0.1081082403
30191 0.1080794425
30222 0.1079727420
30256 0.1075751558
30777 0.1075511849
30945 0.1074773846
31045 0.1068107922
31363 0.1067700892
31566 0.1065764855
31777 0.1065387825
32053 0.1065009354
32061 0.1059076489
32701 0.1057452771
32935 0.1057397030
33075 0.1053534825
33384 0.1051747696
33548 0.1050151409
33998 0.1049564262
34104 0.1049326779
34145 0.1048278911
34299 0.1048235890
34484 0.1047760214
34657 0.1047443100
34669 0.1046668760
34733 0.1046649969
35149 0.1046000996
35209 0.1045334520
35510 0.1044654507
36187 0.1044288625
36609 0.1043481525
36972 0.1042864296
37180 0.1042223453
37449 0.1041541783
37619 0.1041432731
37916 0.1040673210
38170 0.1040625838
38704 0.1039625846
39705 0.1039393059
39738 0.1038772883
39855 0.1038081945
40373 0.1036357149
41048 0.1035853482
41394 0.1034075443
41716 0.1033988871
42046 0.1033858592
42180 0.1033354666
42205 0.1033163649
42232 0.1032415901
42372 0.1032214667
42423 0.1032189895
42674 0.1031712675
42679 0.1031489724
42935 0.1031257097
43116 0.1031161650
43714 0.1031147797
43717 0.1030536788
44082 0.1030284048
44097 0.1030251094
44197 0.1030200147
44309 0.1030176684
44343 0.1029983019
44429 0.1029980775
44568 0.1029933161
44655 0.1029837699
44819 0.1029581668
45092 0.1029463039
45468 0.1029310427
45755 0.1029204033
46217 0.1029189527
46336 0.1029174983
46356 0.1029087186
46810 0.1028909520
47199 0.1028806252
47594 0.1028717004
47719 0.1028705687
47828 0.1028673757
48055 0.1028656463
48079 0.1028536845
48356 0.1028433630
48646 0.1028387428
48792 0.1028338806
48824 0.1028281113
49055 0.1028226847
49123 0.1028189445
49244 0.1028168194
49289 0.1028167718
49428 0.1028167263
49482 0.1028159337
49524 0.1028106184
49579 0.1028097828
49581 0.1028095823
49595 0.1028050300
49635 0.1028006951
49645 0.1027978270
49759 0.1027881079
49835 0.1027864125
50397 0.1027728248
50740 0.1027696647
51454 0.1027658996
51581 0.1027606416
52166 0.1027571089
52281 0.1027524183
52409 0.1027513869
52533 0.1027465256
52801 0.1027411535
52925 0.1027374021
53112 0.1027371108
53176 0.1027321907
53401 0.1027310312
53797 0.1027286103
53819 0.1027247244
53973 0.1027224361
54258 0.1027207077
54447 0.1027205966
54668 0.1027189299
54674 0.1027148444
54751 0.1027147790
54770 0.1027110664
54918 0.1027099202
55108 0.1027089329
55404 0.1027070453
55683 0.1027059947
55727 0.1027021505
55734 0.1027021140
55830 0.1027016340
55865 0.1027008328
56007 0.1026948445
56450 0.1026945770
56555 0.1026926264
56777 0.1026913426
56786 0.1026891242
57138 0.1026863043
57383 0.1026858879
57396 0.1026857302
57403 0.1026833164
57714 0.1026819857
57814 0.1026803021
58000 0.1026796658
58119 0.1026779322
58279 0.1026757980
58533 0.1026742077
58677 0.1026740721
58980 0.1026740405
58983 0.1026740299
59013 0.1026735255
59023 0.1026734986
59036 0.1026730628
59126 0.1026722250
59204 0.1026713263
59316 0.1026712194
59417 0.1026702784
59620 0.1026686484
60228 0.1026683158
60351 0.1026682062
60411 0.1026667615
60530 0.1026666881
60839 0.1026659552
60915 0.1026658889
60946 0.1026654805
61203 0.1026652652
61251 0.1026642331
61808 0.1026639983
61906 0.1026635739
62326 0.1026632539
62666 0.1026631511
62938 0.1026629972
62972 0.1026628761
63048 0.1026627985
63078 0.1026625174
63329 0.1026624860
63430 0.1026620648
63627 0.1026619521
63697 0.1026618779
63738 0.1026616745
63949 0.1026615511
63989 0.1026614005
64215 0.1026613702
64247 0.1026613139
64320 0.1026612430
64371 0.1026611257
64528 0.1026610919
64531 0.1026610231
64612 0.1026609419
64725 0.1026607499
64732 0.1026606800
65031 0.1026606104
65184 0.1026605912
65260 0.1026605426
65279 0.1026603284
65296 0.1026603218
65357 0.1026602031
65542 0.1026601272
65825 0.1026600684
65906 0.1026598867
66034 0.1026598507
66128 0.1026598078
66240 0.1026597198
66362 0.1026596936
66391 0.1026596806
66462 0.1026596605
66485 0.1026596598
66509 0.1026594487
66602 0.1026601378
evaluations raw_y
1 193.3314839762
2 247.5261864353
4 157.7324889911
7 126.3710181868
15 157.6927950261
17 128.9845535095
20 147.1344740836
21 99.6609531754
26 106.6443615958
31 71.7280633002
78 73.0355859531
89 73.9924728483
106 56.2959127789
288 53.6642508914
377 43.4631193454
616 40.8974361995
687 36.8455839379
896 28.7253963567
1630 26.0762141744
1915 27.2123595998
1930 25.2027775927
2065 24.8387929404
2123 23.7115533592
2425 20.9561812474
2474 19.6831647862
2807 17.8686856608
2812 16.9448463658
2880 16.1698913223
3027 15.1669555561
3114 15.0400558602
3166 14.4791772347
3218 14.1940039518
3294 13.8811113994
3414 13.0661468382
3486 12.9925445219
3758 12.1250476124
3812 10.9227888160
4304 10.4701373263
4339 9.5902706595
4434 9.5385213112
4475 9.2293608831
4503 7.6957026382
4824 7.2210097453
4912 6.5056684262
5008 6.1191963248
5085 5.6763738045
5280 5.5866734814
5328 5.5351171866
5371 4.7999001793
5493 4.6475879198
5725 4.6417836113
5816 4.1410282104
5849 4.1104764500
5881 3.9247715075
5945 3.8920933219
6048 3.7396218647
6068 3.1476282835
6518 2.9984219610
6618 2.8369647207
6755 2.8204669906
6778 2.6560593668
7013 2.5740364949
7079 2.4956765345
7191 2.3946631018
7201 2.3382162154
7244 2.0053411591
7459 1.9734077747
7581 1.8828584587
7628 1.8042767624
7670 1.7817932074
7702 1.7206225775
8114 1.5183706022
8230 1.5090536060
8299 1.2482126032
8607 1.2344272553
8755 1.1763008192
8835 1.0422777878
9028 1.0378133695
9036 0.9922428066
9060 0.9876518912
9155 0.8738687212
9159 0.8356511602
9296 0.7093864891
9305 0.6919802787
9837 0.5630547182
10139 0.5241777160
10422 0.4656601719
10424 0.4391255241
10790 0.4155292622
10887 0.3679151058
11032 0.3663869226
11106 0.3526153097
11116 0.3430702053
11283 0.3286363599
11308 0.3275893306
11405 0.3169458348
11565 0.3072164579
11625 0.2602835698
11694 0.2211677233
12072 0.2189517982
12351 0.2087622303
12741 0.1876362680
12768 0.1455465746
13974 0.1334057473
13981 0.1262224410
14059 0.1065223102
14639 0.1062952629
15172 0.1053998707
15214 0.0945194756
15341 0.0926374943
15373 0.0720848958
16293 0.0700821260
17059 0.0671580291
17061 0.0648995250
17128 0.0606299443
17201 0.0538337547
17602 0.0463222120
17756 0.0421795526
18154 0.0406292975
18170 0.0399594913
18318 0.0377968529
18397 0.0362370861
18458 0.0359162861
18482 0.0345261235
18644 0.0341274530
18762 0.0338399753
18913 0.0320375695
18942 0.0315724765
18969 0.0309909210
19018 0.0253132974
19236 0.0218483902
19312 0.0216801237
19651 0.0202348335
20064 0.0195377499
20069 0.0180043016
20594 0.0162308025
20865 0.0127252536
21080 0.0113848008
21333 0.0110775325
21357 0.0110478391
21471 0.0107309442
21475 0.0104306058
21516 0.0101648246
21611 0.0089690318
21763 0.0088495757
21978 0.0078626265
22404 0.0075361733
22520 0.0062154093
22648 0.0058746829
22930 0.0053390475
23011 0.0047950986
23417 0.0047289905
23423 0.0047047596
23427 0.0045002048
23492 0.0038069418
23876 0.0036678946
23961 0.0032056108
24015 0.0027281767
24151 0.0027102314
24551 0.0026769585
24786 0.0025169734
24914 0.0024017573
24932 0.0022203055
25019 0.0020370008
25070 0.0018437063
25226 0.0018013854
25359 0.0015827796
25653 0.0014704348
25950 0.0014613200
25994 0.0014257395
26085 0.0014192946
26160 0.0014005500
26170 0.0011302273
26299 0.0011234659
26408 0.0011069351
26579 0.0009978831
27035 0.0009056988
27222 0.0008929378
27300 0.0008281648
27414 0.0008167436
27480 0.0008130199
27524 0.0007394873
27633 0.0006184398
27906 0.0006075391
28033 0.0005738344
28578 0.0005702747
28594 0.0005667243
28603 0.0005455339
28769 0.0005297645
28785 0.0004905762
28811 0.0004265252
29155 0.0003857501
29189 0.0003850366
29257 0.0003485178
29336 0.0003445904
29971 0.0003341870
29998 0.0003150537
30067 0.0003051839
30288 0.0002664381
30468 0.0002611767
30594 0.0002567480
30665 0.0002444822
30885 0.0002242111
31084 0.0002074768
31194 0.0002044261
31283 0.0001898064
32058 0.0001855197
32166 0.0001781010
32388 0.0001514439
32821 0.0001509602
32878 0.0001507931
32912 0.0001427913
32943 0.0001403024
33060 0.0001388388
33162 0.0001345784
33267 0.0001318474
33310 0.0001200566
33415 0.0001173193
33548 0.0001053259
33917 0.0001049994
34006 0.0000950240
34430 0.0000949208
34442 0.0000949090
34584 0.0000935281
34623 0.0000892395
34699 0.0000889751
34955 0.0000886327
34970 0.0000880282
35092 0.0000835577
35491 0.0000825645
35493 0.0000804458
35767 0.0000781468
35889 0.0000755673
36460 0.0000753325
36591 0.0000707880
36879 0.0000706097
36979 0.0000699347
36993 0.0000696923
37386 0.0000657602
37756 0.0000656504
37760 0.0000647700
37804 0.0000636760
38011 0.0000630288
38061 0.0000619160
38191 0.0000614042
38305 0.0000583867
38437 0.0000572610
38943 0.0000557035
39093 0.0000555808
39264 0.0000544460
39457 0.0000544009
39521 0.0000495397
40218 0.0000488631
40298 0.0000468019
40611 0.0000450838
40685 0.0000449902
40731 0.0000448915
40820 0.0000445021
41000 0.0000427329
41024 0.0000393834
41750 0.0000386908
41880 0.0000368678
41979 0.0000367868
41996 0.0000362672
42590 0.0000360679
42607 0.0000354579
42618 0.0000354084
42658 0.0000354071
42660 0.0000351169
42715 0.0000348053
42736 0.0000347518
42904 0.0000344348
42970 0.0000342975
43036 0.0000342092
43323 0.0000341980
43384 0.0000341773
43388 0.0000341491
43449 0.0000340294
43481 0.0000329017
44322 0.0000328634
44516 0.0000325824
44741 0.0000324940
44912 0.0000324621
44923 0.0000324156
45140 0.0000321617
45283 0.0000319886
45309 0.0000318539
45355 0.0000318033
45508 0.0000314061
46060 0.0000313741
46242 0.0000311797
46257 0.0000311781
46475 0.0000311703
46610 0.0000311119
46842 0.0000309397
46903 0.0000307949
46967 0.0000307739
46977 0.0000307600
47383 0.0000306933
47564 0.0000304990
47628 0.0000304861
47767 0.0000304308
47845 0.0000301352
47961 0.0000300231
48145 0.0000299690
48271 0.0000299526
48306 0.0000298458
48329 0.0000298240
48434 0.0000297373
48475 0.0000295524
48614 0.0000295324
48656 0.0000294777
48711 0.0000293533
49095 0.0000291402
49212 0.0000287885
49593 0.0000287751
49803 0.0000286443
49837 0.0000285861
49915 0.0000284781
50078 0.0000284356
50090 0.0000283985
50188 0.0000283810
50248 0.0000283780
50379 0.0000281428
50704 0.0000280426
50752 0.0000280421
50876 0.0000280358
50891 0.0000279169
50895 0.0000279161
50941 0.0000278435
51085 0.0000278430
51136 0.0000278118
51164 0.0000275803
51514 0.0000275256
51628 0.0000275059
51994 0.0000273171
52325 0.0000272626
52876 0.0000272343
52993 0.0000271670
53318 0.0000271239
53439 0.0000271214
53486 0.0000271001
53516 0.0000270678
53643 0.0000270307
53852 0.0000269559
54128 0.0000269280
54265 0.0000268501
54574 0.0000268241
54696 0.0000268105
54782 0.0000267667
54839 0.0000267609
54897 0.0000267412
55062 0.0000267276
55141 0.0000266926
55460 0.0000266664
55490 0.0000266635
55541 0.0000266479
55644 0.0000266426
55645 0.0000266081
55880 0.0000265952
56029 0.0000265741
56320 0.0000265469
56361 0.0000265432
56474 0.0000265339
56503 0.0000265141
56654 0.0000265104
56803 0.0000265086
56810 0.0000264718
56844 0.0000264694
57171 0.0000264668
57213 0.0000264657
57339 0.0000264651
57406 0.0000264530
57462 0.0000264073
58255 0.0000263998
58373 0.0000263934
58461 0.0000263927
58485 0.0000263849
58513 0.0000263790
58767 0.0000263788
58813 0.0000263784
58869 0.0000263771
58934 0.0000263748
58962 0.0000263737
59057 0.0000263563
59404 0.0000263481
59417 0.0000263476
59691 0.0000263462
59813 0.0000263394
59886 0.0000263350
60021 0.0000263348
60057 0.0000263331
60158 0.0000263270
60258 0.0000263202
60335 0.0000263153
60839 0.0000263136
60859 0.0000263126
60870 0.0000263069
60961 0.0000263046
61279 0.0000263034
61345 0.0000263008
61746 0.0000262984
61872 0.0000262921
62057 0.0000262920
62179 0.0000262905
62346 0.0000262900
62643 0.0000262875
62648 0.0000262845
63005 0.0000262827
63435 0.0000262789
63673 0.0000262776
63779 0.0000262768
63921 0.0000262754
64079 0.0000262751
64210 0.0000262740
64275 0.0000262737
64367 0.0000262736
64529 0.0000262733
64549 0.0000262719
64754 0.0000262697
64851 0.0000262769
evaluations raw_y
1 326.7598868759
4 189.3414682487
8 251.9986924660
15 183.3790215588
19 199.9691325762
25 143.6326912576
133 153.6145067485
138 89.1406658639
204 69.0501809681
459 74.3691085612
499 68.1848916876
1103 67.5219145040
1274 59.3912300449
1489 54.8849096622
1512 61.2308605086
1548 43.8434867715
1896 43.2867331882
1934 41.6333279203
2020 37.6079086875
2085 36.1723236582
2088 31.7290534207
2322 27.5469633064
2596 26.9936362882
2657 24.6272201937
2719 24.1631069097
2872 22.8292895955
3237 20.9783455909
3447 20.1055700274
3607 18.6459230035
3623 17.7579136004
3836 16.2772830957
3879 15.0751219765
4274 10.4010164825
4864 10.2343438929
5046 8.3920213352
5452 8.1169080757
5689 7.1693227623
6094 6.4738352232
6190 5.6104812473
6421 5.3601773107
6621 5.3018040295
6725 5.2334271100
6729 4.5679502053
6804 4.1222834466
7057 4.0053649831
7077 3.7619289202
7173 3.6725319901
7194 3.3401283202
7412 2.8367004504
7692 2.7454835407
7715 2.6932118653
7812 2.3125585838
7905 1.9262983906
8321 1.8157839126
8436 1.7189891184
8546 1.7054546391
8644 1.6419361347
8772 1.5348648496
8794 1.4558284120
8836 1.3593533971
8865 1.2519121726
9296 1.2267624234
9340 1.2232494062
9369 1.1593501530
9372 1.0204676599
9808 0.9946096394
9810 0.9444801034
9924 0.8390700442
9933 0.8348673645
10085 0.6999479619
10560 0.6952769338
10693 0.6179239570
11115 0.6112875903
11348 0.5331191140
11470 0.4988399788
11647 0.4852043019
11720 0.4051128462
11875 0.4042188855
11914 0.3800734177
12073 0.3699435768
12153 0.3171218904
12494 0.3087686195
12561 0.2918084326
12745 0.2821959912
12748 0.2764184077
12837 0.2561152683
12931 0.2375028846
13192 0.2320207939
13348 0.2069506655
13645 0.1835097974
14070 0.1820394738
14167 0.1818744581
14184 0.1792400791
14254 0.1786364345
14402 0.1665026523
14451 0.1494490676
14490 0.1387221146
15039 0.1290549433
15101 0.1264784426
15308 0.1222519314
15458 0.1181087382
15594 0.1112152989
15601 0.1066729537
15785 0.0861028328
15959 0.0791529209
16489 0.0596437644
17131 0.0569341057
17241 0.0524338827
17611 0.0524033551
17777 0.0481907016
17792 0.0439329132
17996 0.0437788425
17999 0.0409373392
18065 0.0394241608
18353 0.0384326355
18410 0.0347862568
18581 0.0333778273
18779 0.0319580194
18971 0.0314023645
19192 0.0304716077
19619 0.0296566990
19739 0.0295997284
19777 0.0285278160
19784 0.0279261824
19929 0.0278544455
19969 0.0256438691
20086 0.0226944126
20306 0.0216692201
20513 0.0215330156
20629 0.0214583441
20670 0.0208673907
20731 0.0207833237
20740 0.0184741552
20969 0.0184412396
21061 0.0176708612
21357 0.0175786773
21519 0.0167177693
21597 0.0163720683
21659 0.0161980867
21695 0.0148641490
21941 0.0145092496
22020 0.0144694191
22072 0.0140961426
22107 0.0140917726
22346 0.0132452551
22420 0.0129389547
22670 0.0120506136
22684 0.0118414991
23140 0.0114168281
23232 0.0111073917
23561 0.0110899861
23649 0.0109632555
23844 0.0109074938
23846 0.0103800320
23870 0.0101380129
24278 0.0100747894
24412 0.0098603146
24802 0.0096150544
24907 0.0094476582
24952 0.0092340267
25028 0.0092275255
25079 0.0091412268
25114 0.0090316981
25590 0.0088115257
25761 0.0087607081
25762 0.0087300869
25810 0.0083636623
26112 0.0082584803
26133 0.0081728461
26471 0.0080068671
26505 0.0079945323
26526 0.0077735000
26792 0.0077029893
26851 0.0076875443
27100 0.0076500031
27216 0.0075155808
27349 0.0075040951
27400 0.0074990084
27450 0.0072870057
27583 0.0072770956
27927 0.0072482189
28033 0.0072035775
28044 0.0068624864
28632 0.0067844421
28793 0.0067282321
28874 0.0066715505
29007 0.0066500809
29063 0.0065011274
29451 0.0064847037
30150 0.0064676776
30178 0.0063934398
30385 0.0063263429
30852 0.0062301943
31156 0.0062133082
31180 0.0061647402
31370 0.0061555184
31549 0.0060885180
31659 0.0060347839
31889 0.0059627979
32356 0.0059254342
32670 0.0058992547
32808 0.0058490473
33025 0.0058422740
33186 0.0058256120
33611 0.0058246013
33906 0.0058159816
33919 0.0058017389
34174 0.0057962693
34450 0.0057653425
35681 0.0057539669
36086 0.0057520443
36308 0.0057482415
36387 0.0057473381
36446 0.0057420478
36502 0.0057248442
36562 0.0057024230
37611 0.0056658524
38053 0.0056621425
38246 0.0056077160
39834 0.0055944670
40102 0.0055918218
40186 0.0055807970
40389 0.0055719864
40596 0.0055647727
41027 0.0055617303
41284 0.0055423555
41353 0.0055365032
41398 0.0055309526
41946 0.0055071704
42583 0.0055042737
42726 0.0054985423
42936 0.0054867046
43489 0.0054584674
45694 0.0054554042
45818 0.0054541798
45924 0.0054415161
46881 0.0054405612
47025 0.0054401458
47388 0.0054345377
48429 0.0054339451
48679 0.0054334612
48856 0.0054311700
50057 0.0054309918
50063 0.0054278457
50580 0.0054271837
50672 0.0054271297
50854 0.0054221482
52122 0.0054189018
52565 0.0054180290
52778 0.0054132137
53587 0.0054112828
53818 0.0054102932
53946 0.0054094575
53957 0.0054090015
54119 0.0054076758
54376 0.0054075000
54422 0.0054068653
54540 0.0054053045
54773 0.0054052619
54885 0.0054042372
54901 0.0054038497
55125 0.0054026159
55129 0.0054005218
55617 0.0054001564
55644 0.0053993685
55724 0.0053989845
55923 0.0053962779
56294 0.0053944491
57234 0.0053939666
57488 0.0053937906
57526 0.0053920232
57879 0.0053913010
58022 0.0053910697
58097 0.0053910624
58180 0.0053908805
58193 0.0053908502
58259 0.0053905651
58380 0.0053897289
58571 0.0053887935
58953 0.0053878495
58954 0.0053876866
59187 0.0053874045
59427 0.0053869359
59455 0.0053863922
59856 0.0053858293
60240 0.0053856593
60631 0.0053854211
60694 0.0053851385
60717 0.0053848332
60810 0.0053845285
60957 0.0053845221
61130 0.0053843740
61200 0.0053841136
61381 0.0053838927
61515 0.0053837542
61516 0.0053835538
61785 0.0053833422
62034 0.0053825566
62674 0.0053822577
63228 0.0053820945
63394 0.0053820821
63426 0.0053818701
63521 0.0053818416
63769 0.0053817583
63901 0.0053816763
64025 0.0053816662
64151 0.0053816306
64204 0.0053815809
64280 0.0053815066
64335 0.0053814790
64461 0.0053814490
64545 0.0053810226
64682 0.0053809909
64727 0.0053808858
65000 0.0053806868
65088 0.0053806638
65272 0.0053806049
65288 0.0053804653
65562 0.0053802194
65908 0.0053801721
66119 0.0053801700
66169 0.0053801376
66170 0.0053799349
66387 0.0053797250
66660 0.0053796144
66933 0.0053794445
67616 0.0053794306
67676 0.0053794094
67691 0.0053793883
67858 0.0053793515
67863 0.0053793011
68054 0.0053792736
68204 0.0053791983
68446 0.0053790255
69308 0.0053788972
71027 0.0053788749
71038 0.0053788501
71165 0.0053788455
71219 0.0053788226
71227 0.0053788146
71401 0.0053787915
71520 0.0053787512
71974 0.0053787338
72073 0.0053787320
72405 0.0053787265
72426 0.0053787205
72633 0.0053786929
72658 0.0053786874
72970 0.0053786460
73526 0.0053786431
73706 0.0053786129
73935 0.0053785963
73952 0.0053785887
74006 0.0053785881
74299 0.0053785702
74376 0.0053785527
74424 0.0053785446
74747 0.0053786081
evaluations raw_y
1 157.1978852804
3 153.7857902200
10 212.1992796926
12 186.1473522397
13 142.0416494282
21 61.3372859121
88 63.2322416489
115 61.8980251100
184 55.7826361869
250 52.4128788295
298 50.7303800239
348 43.8233441953
582 44.1516389421
1013 43.3307587326
1039 42.6605421345
1378 33.5890541055
1440 33.1563248570
1457 29.1254890518
1609 27.0984135527
1712 27.9182655325
1798 27.3352484409
1807 26.4263724580
1869 26.2797681644
1915 25.6193669892
2045 20.2990217060
2157 23.4825418416
2211 22.4859920089
2360 19.5397352354
2384 20.3932968238
2386 17.6774619796
2796 16.6596186210
2949 15.0973730123
3296 14.8013711836
3318 11.1684519841
3513 10.5546310287
3621 10.5313884997
3753 9.5047711378
4063 8.9158636396
4066 7.9938820883
4476 7.5027981841
4517 7.3737834087
4630 7.0923137902
4735 6.9603041133
4744 5.9197192179
4861 5.7888494644
4982 5.5559880679
5072 5.5402019283
5150 5.2758337647
5162 4.9152702581
5336 4.7987333476
5431 4.7868527540
5474 3.9976463640
5847 3.9475645485
5914 3.3348462297
6001 3.2647054190
6163 3.1954917392
6186 3.1412533690
6258 3.0463160719
6319 2.8783495043
6515 2.6949013699
6553 2.6814875112
6688 2.4307577682
6932 2.3853180280
6936 2.3424526735
7036 2.2657712445
7038 2.2273608981
7135 2.0823326599
7147 1.9897870231
7152 1.7748014083
7339 1.7442534423
7576 1.6651132361
7604 1.3566873400
7867 1.3315467488
8151 1.1913248075
8204 1.1374195480
8296 1.0372860853
8657 1.0262836780
8765 1.0093799898
8792 0.9374938877
9050 0.8317885940
9094 0.8177176720
9135 0.8009830147
9291 0.6255461499
9374 0.6223573453
9694 0.5877279078
9707 0.5859731225
9754 0.5689626625
9862 0.5620129657
10017 0.5335900511
10127 0.5211024531
10272 0.4583879625
10281 0.4451741683
10621 0.4320961018
10632 0.4112248652
10656 0.3986868508
10796 0.3797414944
10812 0.3511558836
10839 0.3207214481
11121 0.2908407337
11338 0.2582679977
11491 0.2577348821
11564 0.2516860250
11619 0.2504135716
11799 0.2294115128
11828 0.2229483713
12089 0.2180238617
12149 0.1693754948
12684 0.1685782764
12698 0.1638911765
12793 0.1362820996
13036 0.1354814476
13532 0.1104193034
14059 0.0983812423
14473 0.0890857484
14565 0.0863738296
14747 0.0856655505
14752 0.0852376426
14868 0.0793331431
14905 0.0685550016
15300 0.0630971076
15500 0.0560304319
16060 0.0549660188
16074 0.0525592239
16076 0.0524903083
16141 0.0481376919
16237 0.0480646807
16257 0.0479271212
16317 0.0415373967
16406 0.0411907652
16413 0.0405303802
16439 0.0392877187
16462 0.0386249646
16476 0.0357689067
16642 0.0332654863
16967 0.0319957975
17004 0.0278554367
17248 0.0271975856
17277 0.0237868993
17381 0.0220176370
17458 0.0205493967
17773 0.0192121724
17910 0.0167422725
17913 0.0163498917
18132 0.0161267910
18138 0.0136728084
18698 0.0121166589
18944 0.0101765608
19015 0.0099326926
19553 0.0096480032
19653 0.0074193521
20013 0.0069536268
20336 0.0068529047
20368 0.0067138384
20398 0.0063142335
20427 0.0057715506
20677 0.0057298814
20684 0.0051708518
20928 0.0042563146
21532 0.0041220753
21537 0.0041174297
21569 0.0038199795
21775 0.0037998977
21940 0.0037762136
22029 0.0036372006
22131 0.0035972172
22151 0.0033159991
22170 0.0032803489
22307 0.0032756304
22439 0.0032634945
22532 0.0030582226
22533 0.0029558139
22580 0.0024373154
23219 0.0023703776
23272 0.0019742331
23683 0.0018106667
23979 0.0017289201
24145 0.0017025346
24221 0.0016187523
24471 0.0015296794
24553 0.0015292562
24555 0.0014924207
24605 0.0014730530
24952 0.0014278972
25116 0.0013852346
25200 0.0013742098
25403 0.0013581911
25479 0.0013114659
25538 0.0013043116
25547 0.0013033069
25583 0.0012868550
25688 0.0012809101
25751 0.0012275473
25918 0.0011964082
25925 0.0011753494
26084 0.0011651118
26352 0.0010267660
26880 0.0010213264
26890 0.0010070867
27058 0.0009885671
27108 0.0009309707
27782 0.0009262347
27849 0.0009153085
27876 0.0009086722
27908 0.0009023442
27991 0.0008812376
28250 0.0008769655
28321 0.0008734123
28329 0.0008700039
28400 0.0008472251
28743 0.0008385889
28813 0.0008342130
28943 0.0008325165
29008 0.0008293657
29089 0.0007626605
29200 0.0007622139
29376 0.0007316058
29957 0.0007311252
30016 0.0007132065
30396 0.0007104504
30460 0.0006884817
30550 0.0006861426
30884 0.0006710019
31061 0.0006523398
31385 0.0006440524
31429 0.0006126801
32610 0.0006120254
32704 0.0006099114
32729 0.0006048983
32815 0.0005931615
32909 0.0005905022
33065 0.0005832726
33297 0.0005806771
33673 0.0005749796
33839 0.0005743838
34320 0.0005666236
34410 0.0005649196
34419 0.0005611052
34729 0.0005565584
34788 0.0005498874
35117 0.0005469720
35534 0.0005450513
35633 0.0005416681
35853 0.0005404771
35860 0.0005388704
35866 0.0005219549
36539 0.0005209138
36671 0.0005156656
37073 0.0005156151
37165 0.0005146372
37330 0.0005138954
37359 0.0004996990
37756 0.0004960076
37911 0.0004901824
38055 0.0004885800
38740 0.0004875605
38899 0.0004873892
38971 0.0004853461
39056 0.0004839441
39057 0.0004834409
39153 0.0004790794
39178 0.0004783904
39327 0.0004735655
39787 0.0004697216
40063 0.0004683901
40229 0.0004666153
40490 0.0004661215
40546 0.0004649366
40739 0.0004648526
40931 0.0004645215
41236 0.0004638295
41565 0.0004630450
41872 0.0004630248
41938 0.0004629046
41977 0.0004628410
42001 0.0004623483
42024 0.0004622512
42232 0.0004614804
42379 0.0004611293
42647 0.0004611073
42658 0.0004608867
42663 0.0004608792
42739 0.0004606493
42784 0.0004602902
43362 0.0004601770
43410 0.0004601080
43474 0.0004600017
43518 0.0004598069
43611 0.0004592000
43613 0.0004589614
43891 0.0004585694
43915 0.0004580675
43950 0.0004580647
44018 0.0004579709
44161 0.0004578028
44306 0.0004574579
44468 0.0004570443
44523 0.0004568192
44664 0.0004557645
45274 0.0004555771
45376 0.0004553952
45558 0.0004552233
45576 0.0004544138
45650 0.0004543765
45849 0.0004540264
46193 0.0004539351
46228 0.0004537279
46270 0.0004531200
46299 0.0004529529
46673 0.0004526416
46817 0.0004519194
47432 0.0004518937
47573 0.0004518306
47585 0.0004508677
47653 0.0004505533
48294 0.0004502287
48358 0.0004500811
48432 0.0004498721
48617 0.0004498226
48720 0.0004496712
48794 0.0004494076
48805 0.0004494012
48822 0.0004492024
49022 0.0004487594
49086 0.0004486670
49155 0.0004482021
49620 0.0004480584
49869 0.0004478819
49930 0.0004477409
50388 0.0004474741
50571 0.0004472426
50731 0.0004472165
50971 0.0004471832
51024 0.0004470030
51339 0.0004470002
51360 0.0004469690
51374 0.0004469240
51430 0.0004468971
51473 0.0004465783
51871 0.0004464833
51974 0.0004464584
51983 0.0004463293
52257 0.0004462080
52474 0.0004460924
52644 0.0004460382
52819 0.0004460239
52877 0.0004459978
52887 0.0004459591
52941 0.0004459461
53000 0.0004459460
53069 0.0004459267
53092 0.0004458704
53142 0.0004458210
53201 0.0004457235
53282 0.0004453828
54714 0.0004453125
54821 0.0004453118
54859 0.0004453029
54892 0.0004452615
54938 0.0004452273
54951 0.0004452216
55064 0.0004451825
55119 0.0004451776
55214 0.0004450838
55614 0.0004449963
55845 0.0004449568
56459 0.0004449448
56543 0.0004448551
56596 0.0004448489
56794 0.0004448228
56972 0.0004447841
56978 0.0004447210
57031 0.0004447037
57408 0.0004446966
57447 0.0004446090
58394 0.0004445630
58752 0.0004445625
58806 0.0004445601
58921 0.0004445384
58985 0.0004445263
59031 0.0004445121
59068 0.0004444920
59341 0.0004444675
59522 0.0004444494
59804 0.0004444383
59835 0.0004444373
59869 0.0004444362
59881 0.0004444086
60000 0.0004444050
60008 0.0004443742
60225 0.0004443529
60652 0.0004443462
60672 0.0004443333
60967 0.0004443332
60992 0.0004443221
61031 0.0004443202
61099 0.0004443043
61293 0.0004442957
62172 0.0004442827
62659 0.0004442734
62666 0.0004442648
62912 0.0004442638
63097 0.0004442623
63376 0.0004442602
63434 0.0004442522
63589 0.0004442496
63803 0.0004442417
63892 0.0004442351
63939 0.0004442334
63946 0.0004442329
64057 0.0004442225
64096 0.0004442152
64146 0.0004442789
evaluations raw_y
1 399.1404061029
2 212.1256241200
4 173.0184243178
6 223.2847502534
9 175.2617645062
11 87.3034968755
21 121.6450111026
26 83.9052255906
27 78.6855977295
142 75.6823549388
213 54.5964410256
425 56.8209708211
442 52.9392079020
553 51.8333966602
599 42.0650086474
872 42.6778823688
1317 35.9753425397
1517 31.3267021439
2013 29.2242523827
2025 25.1348392356
2292 21.5955621655
2497 21.2497899084
2609 20.8826380600
2620 19.4416413694
2711 17.2266713572
2821 17.0816721141
2923 16.6522278115
3530 15.8441668247
3534 14.6551152191
3591 14.2294535499
3740 14.1296863652
3849 12.3310205527
3851 11.5085253189
3956 10.5878772692
4262 10.5785818458
4283 10.0472694947
4338 9.7240254955
4820 8.9576008650
4821 7.7867055315
5000 7.6770722793
5032 7.4048853222
5114 6.7617512592
5373 5.7344945262
5558 5.0263622933
5567 4.7970928365
5954 4.6159175346
5985 4.1593567339
6176 4.1092891591
6244 4.0297594432
6347 3.1045683212
7111 2.7650153895
7208 2.5872937436
7522 2.4526199770
7785 2.0918316596
8043 1.9229480816
8071 1.8368553260
8266 1.7682359808
8354 1.5925289120
8472 1.5232704765
8530 1.4760999095
8533 1.3867199051
8759 1.2858569226
8986 1.1033412848
9366 1.0346790026
9456 0.9513314708
9569 0.8301269935
10165 0.8095434992
10245 0.6858798390
10644 0.5947052437
10870 0.5661745128
11084 0.4927490664
11325 0.4887388346
11372 0.4204691132
11615 0.3486680031
11990 0.3412829157
12183 0.2922665111
12407 0.2788846778
12409 0.2249270277
12684 0.2097165840
13175 0.2053788719
13283 0.1831690929
13325 0.1824211108
13531 0.1717385782
13586 0.1689648949
13792 0.1672307851
13861 0.1511793878
14051 0.1491125466
14069 0.1417078291
14148 0.1409281543
14243 0.1362101871
14248 0.1298876318
14410 0.1295785998
14454 0.1225970714
14529 0.1180285480
14736 0.1149761059
14795 0.1078649580
15094 0.1050661921
15146 0.1018250949
15204 0.0928996397
15371 0.0921904991
15383 0.0899711307
15408 0.0893930259
15427 0.0843703236
15527 0.0813002984
15682 0.0803105318
15683 0.0755848725
15892 0.0713773286
16044 0.0710478415
16166 0.0704025238
16179 0.0677778258
16242 0.0657295440
16271 0.0575213432
16313 0.0573784824
16419 0.0558514674
16712 0.0542826325
16766 0.0514938215
16876 0.0454402246
17176 0.0443334774
17232 0.0421769769
17394 0.0408293624
17448 0.0367467943
17698 0.0342614469
17831 0.0342310002
17902 0.0337030629
17953 0.0314871500
18025 0.0308479748
18123 0.0301465346
18249 0.0288743884
18277 0.0275222701
18361 0.0269266755
18478 0.0254397881
18600 0.0193768350
19099 0.0174338038
19161 0.0170185610
19335 0.0159861169
19478 0.0152048388
19509 0.0130111660
19880 0.0125827575
19904 0.0107137481
19980 0.0106112529
20169 0.0103802434
20184 0.0103642134
20291 0.0096355186
20443 0.0082269828
20746 0.0071739158
21047 0.0071268989
21055 0.0069245989
21189 0.0064372799
21226 0.0062273339
21452 0.0055563631
21475 0.0048936251
21718 0.0048224906
21883 0.0045976257
21971 0.0041196347
22323 0.0037847283
22442 0.0035715464
22455 0.0029738896
23048 0.0029332927
23319 0.0028072740
23412 0.0025711771
23696 0.0024344739
24020 0.0023316050
24100 0.0022234093
24104 0.0022090460
24417 0.0021193523
24428 0.0019317721
24591 0.0019109629
24758 0.0018586726
25094 0.0017860714
25148 0.0014940169
25318 0.0014490261
25503 0.0013957513
25530 0.0013785575
25621 0.0012627942
26005 0.0012588636
26129 0.0012348532
26190 0.0011378667
26410 0.0011144990
26598 0.0010396299
26709 0.0009904380
26774 0.0009412829
27095 0.0009345278
27261 0.0009146080
27359 0.0009126735
27442 0.0008290802
27727 0.0008019322
28216 0.0007723370
28282 0.0006974147
28836 0.0006398662
29356 0.0006057747
29786 0.0005737226
29797 0.0005716682
29848 0.0005427540
30070 0.0005411207
30474 0.0005377788
30475 0.0005340647
30650 0.0005246224
30724 0.0005172823
30730 0.0005140124
30842 0.0004839718
30882 0.0004805334
31074 0.0004624847
31101 0.0004597448
31355 0.0004428852
31599 0.0004350831
31621 0.0004091538
31926 0.0003993160
33097 0.0003913426
33254 0.0003904412
33277 0.0003880355
33379 0.0003792553
33461 0.0003706225
33490 0.0003675099
33573 0.0003639632
33664 0.0003633636
33788 0.0003627260
33856 0.0003603165
33909 0.0003570844
33933 0.0003445878
33946 0.0003341020
34329 0.0003259735
34375 0.0003224418
35110 0.0003174772
35566 0.0003122247
36031 0.0003094910
36251 0.0003061211
36527 0.0003047636
36538 0.0003045110
36911 0.0002966113
37494 0.0002950490
37622 0.0002928788
37864 0.0002922774
38130 0.0002851020
38610 0.0002845911
38659 0.0002785093
38715 0.0002770619
39131 0.0002740048
39390 0.0002701741
39615 0.0002697804
39634 0.0002623412
40020 0.0002554518
40468 0.0002547363
40529 0.0002527911
40876 0.0002495836
40899 0.0002487426
41060 0.0002483185
41124 0.0002476473
41130 0.0002450485
41453 0.0002410453
41473 0.0002404152
42036 0.0002382501
42125 0.0002363919
42370 0.0002361838
42467 0.0002357123
42526 0.0002352051
42544 0.0002347617
42584 0.0002342068
42594 0.0002338909
42731 0.0002333226
43033 0.0002325300
43034 0.0002324643
43156 0.0002318737
43366 0.0002316599
43538 0.0002302220
43652 0.0002302043
43704 0.0002301184
43895 0.0002294381
44263 0.0002289779
44480 0.0002280703
46803 0.0002276724
47097 0.0002273264
47487 0.0002267132
47526 0.0002265406
47746 0.0002263994
48083 0.0002262096
48093 0.0002259699
48117 0.0002259103
48242 0.0002253048
48841 0.0002247631
49156 0.0002243804
49358 0.0002241627
49435 0.0002239552
49457 0.0002235632
50083 0.0002235532
50134 0.0002234774
50216 0.0002231480
50349 0.0002231089
50427 0.0002230455
50467 0.0002228519
50748 0.0002224874
51257 0.0002220443
51497 0.0002216330
51599 0.0002213121
52191 0.0002211502
52193 0.0002207648
52450 0.0002207423
52558 0.0002206353
52600 0.0002201178
52722 0.0002201083
52953 0.0002199804
52993 0.0002195860
53549 0.0002195382
53698 0.0002194580
53830 0.0002191561
53847 0.0002190711
54151 0.0002188213
54425 0.0002186060
54555 0.0002184499
54787 0.0002183372
55048 0.0002181915
55265 0.0002180875
55366 0.0002180068
55558 0.0002177187
55820 0.0002177049
56129 0.0002176173
56259 0.0002175428
56430 0.0002173666
56622 0.0002172960
56848 0.0002172531
56884 0.0002171040
57113 0.0002170578
57165 0.0002169383
57489 0.0002169380
57598 0.0002169199
57617 0.0002168342
57745 0.0002167924
58011 0.0002167500
58070 0.0002167358
58153 0.0002167014
58227 0.0002166948
58306 0.0002165940
58491 0.0002165846
58616 0.0002163987
59041 0.0002163893
59078 0.0002163847
59158 0.0002162534
59358 0.0002162273
59416 0.0002162196
59467 0.0002161489
59843 0.0002161404
59885 0.0002161365
59982 0.0002161224
60004 0.0002160980
60058 0.0002160277
60369 0.0002159491
61048 0.0002158972
61163 0.0002158728
61581 0.0002158328
61634 0.0002158190
61955 0.0002157907
62084 0.0002157809
62273 0.0002157502
62307 0.0002157500
62397 0.0002157198
62649 0.0002157069
62838 0.0002157053
62893 0.0002156410
63287 0.0002156279
63320 0.0002156231
63508 0.0002156056
63598 0.0002155940
63965 0.0002155919
64058 0.0002155776
64465 0.0002155744
64513 0.0002155738
64566 0.0002155621
64780 0.0002155400
65090 0.0002155348
65105 0.0002155347
65121 0.0002155302
65342 0.0002155263
65590 0.0002155260
65673 0.0002155202
65914 0.0002155163
65968 0.0002155089
66029 0.0002154919
66210 0.0002154870
66417 0.0002154860
66609 0.0002154763
67026 0.0002154706
67181 0.0002154663
67283 0.0002154650
67303 0.0002154635
67476 0.0002154580
67530 0.0002154442
68065 0.0002154440
68259 0.0002154438
68289 0.0002154425
68349 0.0002154408
68456 0.0002154319
68997 0.0002154257
69160 0.0002154463
evaluations raw_y
1 430.5134586481
7 253.1416876877
8 261.6385927142
19 169.0187311105
23 126.0105831804
31 160.8037345337
93 154.5754507260
111 125.1934559313
134 92.7767690593
321 83.9620925433
326 64.4811675655
353 56.2525098114
551 51.5380972243
1375 43.5666987210
1399 35.4010306500
1634 35.1046808577
1731 34.7708434855
1946 32.7642220059
2016 31.7876966954
2043 30.2999977947
2052 29.0603266230
2281 27.2347859879
2352 27.3836328494
2363 26.9287133683
2443 26.6560890995
2568 23.5083736642
2624 23.6608501090
2640 23.7547009257
2667 23.1138113630
2715 23.0880855707
2762 17.7012998820
3052 17.5026886033
3103 16.5462180762
3135 16.0787226707
3187 13.4123853034
3381 12.6440617712
3857 12.1359557185
3861 11.0958852231
3999 10.0191918843
4382 9.3910225405
4511 7.9283276558
4545 6.4293287875
5197 5.0955071360
5441 4.6225733561
5687 4.5569434635
5788 4.2679520333
5872 3.9667757012
5935 3.8690926426
5984 3.1929071428
6443 3.0781240223
6579 2.8705128180
6659 2.4658131660
6954 2.3399629412
7042 2.3063850052
7110 2.1682819511
7315 1.9547875506
7391 1.8628818391
7508 1.8573070732
7559 1.8531397586
7797 1.8300846871
7831 1.6097050413
8004 1.6059352145
8005 1.5909484737
8011 1.4597598250
8018 1.4495668532
8188 1.3907036246
8285 1.3333728504
8317 1.2478677576
8598 1.1224819226
8768 1.0813138714
8832 1.0065294412
8923 0.9940566714
9022 0.9889078150
9130 0.9173554935
9231 0.8731607439
9267 0.7983270354
9348 0.7449058003
9583 0.6571719973
9903 0.6494992200
10108 0.6261225161
10205 0.5872127217
10240 0.5248884274
10282 0.5103158770
10289 0.4885299015
10510 0.4787055967
10564 0.4757397149
10643 0.4683493955
10654 0.4563622821
10714 0.4445647951
10786 0.4388607167
10826 0.4192310132
10831 0.3728680477
10910 0.3568731925
10942 0.3562227588
11154 0.3526111997
11375 0.3412603383
11401 0.3146099391
11599 0.2896693213
11713 0.2707586939
12026 0.2647532660
12134 0.2618811578
12135 0.2167979550
12545 0.2116828594
12651 0.2102171581
12877 0.1774569839
12979 0.1739546352
13268 0.1523233855
13418 0.1400185162
13720 0.1384069012
13723 0.1225924116
13919 0.1182041875
13946 0.1097577030
14084 0.0982574461
14138 0.0959038634
14349 0.0890672030
14858 0.0874075728
14872 0.0775839313
14993 0.0728964106
15161 0.0695016413
15216 0.0618206089
15446 0.0611442585
15462 0.0598154327
15517 0.0547137154
15519 0.0529504095
15827 0.0479863195
16021 0.0473083524
16052 0.0464531610
16200 0.0460227928
16229 0.0374065673
16526 0.0366311936
16553 0.0354300095
16608 0.0301450941
16788 0.0298276318
17110 0.0260091083
17306 0.0249560505
17313 0.0231342373
17355 0.0226057872
17471 0.0192238212
17483 0.0191440993
17606 0.0177267293
17803 0.0167330765
18016 0.0163638327
18159 0.0153264453
18207 0.0140963222
18322 0.0140835500
18547 0.0123435411
18659 0.0114142735
18853 0.0102565256
18907 0.0080962120
19146 0.0079998263
19341 0.0068906945
19524 0.0064604035
19577 0.0064522444
19600 0.0056788483
19985 0.0055206749
20041 0.0053411226
20100 0.0051540960
20227 0.0049329668
20325 0.0044492242
20667 0.0035220443
21036 0.0034468652
21173 0.0033169787
21214 0.0032020820
21285 0.0029579458
21508 0.0026078941
21770 0.0026059063
21944 0.0024803073
22144 0.0022983316
22299 0.0022241190
22420 0.0020766544
22455 0.0020627042
22557 0.0019205276
22571 0.0016453867
23042 0.0013505981
23683 0.0012528175
23963 0.0011592771
24184 0.0011539321
24214 0.0011440878
24237 0.0010816544
24245 0.0010712790
24278 0.0009856573
24393 0.0008771602
24487 0.0007960122
24860 0.0007310439
25383 0.0006750055
25565 0.0006066714
25807 0.0005568750
25888 0.0005475515
25906 0.0004950517
26077 0.0004798040
26129 0.0004527595
26603 0.0004304723
26779 0.0003729355
27039 0.0003519612
27412 0.0003505140
27489 0.0003312786
27626 0.0003218141
27707 0.0003201098
27789 0.0003185788
27822 0.0003125801
27850 0.0002823762
27986 0.0002772871
27992 0.0002547192
28076 0.0002398890
28635 0.0002352809
28729 0.0002211315
28738 0.0001982641
29042 0.0001969619
29098 0.0001719225
29120 0.0001713077
29382 0.0001664832
29681 0.0001579625
29860 0.0001523658
29945 0.0001434550
30352 0.0001433216
30360 0.0001408494
30376 0.0001353942
30388 0.0001353385
30563 0.0001307763
30637 0.0001278971
30781 0.0001186637
30821 0.0001169006
31161 0.0001121918
31348 0.0001057628
31596 0.0001050017
31603 0.0001022155
31766 0.0000969869
31987 0.0000940214
32206 0.0000929766
32717 0.0000925629
32924 0.0000916251
33124 0.0000912418
33148 0.0000896668
33307 0.0000871881
34197 0.0000865763
34219 0.0000853815
34635 0.0000839849
34772 0.0000828901
35157 0.0000823007
35298 0.0000806358
35513 0.0000773619
35879 0.0000751478
36452 0.0000733122
36902 0.0000729327
36917 0.0000722943
37116 0.0000716015
37231 0.0000709062
37241 0.0000671963
37419 0.0000646566
37986 0.0000642783
38026 0.0000640435
38139 0.0000614754
38417 0.0000604551
38791 0.0000603032
38823 0.0000597502
39016 0.0000591725
39057 0.0000586514
39062 0.0000584205
39262 0.0000572239
39358 0.0000564196
39410 0.0000540359
40048 0.0000538817
40088 0.0000538766
40107 0.0000532913
40217 0.0000525418
40516 0.0000520624
40575 0.0000516162
40590 0.0000513526
40883 0.0000512541
40904 0.0000511000
40956 0.0000506790
41082 0.0000505854
41384 0.0000505265
41489 0.0000502450
41559 0.0000501882
41910 0.0000501765
41916 0.0000499535
42195 0.0000499270
42231 0.0000493911
42486 0.0000491993
42720 0.0000491922
42756 0.0000491910
42808 0.0000491903
42862 0.0000491519
42880 0.0000491080
42950 0.0000485910
43525 0.0000484215
44224 0.0000483594
44552 0.0000483478
44653 0.0000481483
45175 0.0000481217
45282 0.0000480550
45425 0.0000479123
45612 0.0000478304
45971 0.0000477569
46223 0.0000476182
46502 0.0000475349
46743 0.0000473023
47066 0.0000471407
47352 0.0000470926
47455 0.0000470596
47473 0.0000468983
47726 0.0000467927
47739 0.0000467795
47976 0.0000465166
48579 0.0000465003
48664 0.0000463114
48859 0.0000462482
48924 0.0000462054
48994 0.0000461500
49103 0.0000460303
49214 0.0000459222
49252 0.0000457382
49548 0.0000455939
49848 0.0000455913
49945 0.0000455705
50146 0.0000455477
50151 0.0000453787
50217 0.0000453042
50569 0.0000452985
50574 0.0000452861
50659 0.0000452717
50944 0.0000451596
51310 0.0000451241
51325 0.0000450666
51424 0.0000450657
51425 0.0000450178
51483 0.0000449907
51645 0.0000449245
51691 0.0000448373
52106 0.0000447691
52351 0.0000447664
52360 0.0000447149
52484 0.0000445936
52757 0.0000445718
53594 0.0000444727
54125 0.0000444359
54284 0.0000443985
54559 0.0000443828
54575 0.0000442873
55029 0.0000442846
55203 0.0000442738
55357 0.0000442553
55506 0.0000442396
55644 0.0000442349
55808 0.0000442218
55865 0.0000442124
56176 0.0000442101
56196 0.0000442040
56224 0.0000441862
56430 0.0000441401
56907 0.0000441388
57111 0.0000441116
57472 0.0000440867
57732 0.0000440749
57783 0.0000440707
57889 0.0000440628
57939 0.0000440595
57956 0.0000440302
58071 0.0000440225
58335 0.0000440039
58415 0.0000439831
58487 0.0000439767
58778 0.0000439689
58865 0.0000439599
58894 0.0000439518
59070 0.0000439358
59112 0.0000439235
59145 0.0000439188
59284 0.0000439140
59312 0.0000439124
59492 0.0000438960
59560 0.0000438783
59862 0.0000438714
60090 0.0000438666
60095 0.0000438636
60116 0.0000438526
60204 0.0000438362
60620 0.0000438301
60750 0.0000438294
60876 0.0000438252
60936 0.0000438237
60963 0.0000438208
61022 0.0000438030
61335 0.0000437997
61383 0.0000437883
61869 0.0000437844
61897 0.0000437839
61958 0.0000437772
62241 0.0000437668
62687 0.0000437649
62739 0.0000437586
62892 0.0000437560
62971 0.0000437536
63143 0.0000437502
63225 0.0000437417
63690 0.0000437407
63712 0.0000437404
63776 0.0000437395
63810 0.0000437375
63883 0.0000437349
64256 0.0000437347
64381 0.0000437314
64635 0.0000437300
64812 0.0000437210
65383 0.0000437209
65642 0.0000437205
65698 0.0000437174
66142 0.0000437168
66239 0.0000437153
66322 0.0000437252
evaluations raw_y
1 221.6196423099
3 164.4280783803
11 224.4544071851
16 186.1379616462
18 110.3972809842
42 148.9102665308
45 130.9382812599
71 146.5308782134
95 121.4126128974
97 97.8086265128
100 97.6788546053
141 73.4490558625
212 69.9987510998
309 62.0167686097
320 68.2134528159
406 56.9111014958
435 42.5527968130
1455 34.8509188450
1671 34.3633986195
1783 21.5099049794
2737 21.3232672667
2810 20.3971584284
2850 16.9689545544
2943 15.8088740475
3190 15.3688352594
3294 15.0437936162
3376 15.0292419830
3682 13.4903635695
3927 12.9688134343
4044 12.7876062783
4196 11.7022926822
4275 10.4875215508
4483 10.3377141665
4485 9.7588081890
4560 9.0999351184
4647 9.0919664247
4808 7.9428086647
4925 7.7059518419
5006 7.4246696805
5018 7.1009109076
5075 6.9011124403
5108 6.6001811114
5219 6.2217056499
5258 5.6831774725
5492 5.5895326486
5599 4.9838562955
5603 4.9077556096
5778 4.6688562190
5913 4.2372889085
6161 4.0066171879
6342 3.8885812175
6404 3.5038889168
6502 3.3496031250
6523 3.3136504962
6817 2.8733609392
7044 2.6516903845
7083 2.3580682210
7238 2.3377644961
7392 2.1783261614
7491 2.1489859217
7613 1.9610525434
7624 1.9233606439
7801 1.7850345461
8039 1.7625665040
8090 1.7095767168
8149 1.6859839030
8154 1.5892812076
8332 1.4808848646
8349 1.4598336734
8511 1.2169191943
8864 1.0351333006
9251 0.7658098444
9897 0.6904384988
10043 0.6460708803
10117 0.6172764067
10307 0.5899700007
10625 0.4845128569
10685 0.4802867427
10780 0.4465289326
10966 0.3877114122
11485 0.3824042188
11492 0.3701025056
11555 0.3452897123
11687 0.3270432108
11768 0.3255030898
11848 0.2939071957
12100 0.2888088647
12208 0.2591306782
12430 0.2314786060
13027 0.2256692801
13147 0.2078907090
13303 0.2064739612
13367 0.1918963070
13373 0.1834125126
13422 0.1758250819
13672 0.1683015521
13733 0.1665253693
13754 0.1501753308
14127 0.1396672549
14203 0.1358319149
14216 0.1240905105
14438 0.1158657983
14715 0.1112741226
14816 0.1087425858
15126 0.1017706137
15133 0.0977591878
15409 0.0903846928
15703 0.0805991700
15789 0.0709126216
16180 0.0670598391
16618 0.0634071248
16832 0.0619220352
17044 0.0604190689
17118 0.0526977331
17479 0.0470731666
17628 0.0465674600
17643 0.0458388038
17967 0.0445801580
18134 0.0445638893
18245 0.0423702911
18252 0.0390183910
18795 0.0363801050
19059 0.0356304921
19317 0.0349099593
19355 0.0344640449
19416 0.0332987988
19611 0.0329660044
19658 0.0294582974
20109 0.0282863623
20197 0.0258993712
20494 0.0256524497
20592 0.0251182395
20752 0.0250208376
20861 0.0249534708
20967 0.0247921818
21018 0.0227259701
21168 0.0211056003
21556 0.0204772440
21705 0.0195983478
21739 0.0187236331
22344 0.0172993012
23024 0.0165823146
23061 0.0160570992
23902 0.0158385899
24211 0.0157521094
24361 0.0156578412
24400 0.0156134203
24404 0.0155549123
24424 0.0153051302
24437 0.0152209020
24581 0.0150924151
24680 0.0147130963
24817 0.0145672345
24828 0.0145393446
24842 0.0143777649
24892 0.0142464865
24894 0.0133402115
24970 0.0130020259
25491 0.0128664854
25642 0.0128532253
25694 0.0128486216
25709 0.0126390721
25927 0.0124922213
25928 0.0121956059
26241 0.0118634332
26956 0.0113698970
27120 0.0113311215
27438 0.0112302130
27485 0.0111233659
27773 0.0110433322
27903 0.0110419321
27904 0.0109483405
27976 0.0107901877
28077 0.0107787479
28360 0.0107468497
28364 0.0107181400
28672 0.0106990875
28847 0.0106396210
28949 0.0105264058
28979 0.0105152213
29133 0.0104865986
29166 0.0104752967
29229 0.0103003646
29414 0.0102432341
29680 0.0101645628
29786 0.0100765656
29858 0.0100372480
30278 0.0099422441
30924 0.0099092898
31427 0.0098223347
31570 0.0097870717
31827 0.0097732980
32166 0.0097627153
32354 0.0097131137
32501 0.0096899122
32950 0.0096602187
33149 0.0095683863
33246 0.0095137855
33721 0.0094791855
33756 0.0094394393
33807 0.0092814632
34536 0.0092490162
34980 0.0092307106
35090 0.0091998053
35269 0.0091981112
35408 0.0091545823
35436 0.0091322578
35522 0.0091131683
35534 0.0090837072
35587 0.0090761378
35828 0.0090673823
35928 0.0090456635
36055 0.0090332511
36304 0.0090226397
36326 0.0090101793
36465 0.0089991631
36741 0.0089793477
37120 0.0089769744
37683 0.0089726922
37785 0.0089458233
38550 0.0089405738
38817 0.0089272479
38974 0.0089154040
39452 0.0088772103
40417 0.0088688769
40818 0.0088562625
40866 0.0088483466
41042 0.0088318303
41091 0.0088281150
41124 0.0088108940
41338 0.0088021815
41352 0.0087917545
41469 0.0087673812
41694 0.0087507449
42224 0.0087308907
42547 0.0087057742
42863 0.0086977207
42918 0.0086804971
43298 0.0086796419
43325 0.0086756850
43330 0.0086672894
43462 0.0086601400
43515 0.0086559337
43600 0.0086538450
43632 0.0086270825
43938 0.0086032751
44134 0.0085984463
44144 0.0085966640
44356 0.0085917449
44358 0.0085902382
44496 0.0085841668
44508 0.0085839647
44522 0.0085746224
44545 0.0085651940
44584 0.0085477345
45347 0.0085466127
45587 0.0085406716
45710 0.0085358801
45852 0.0085231677
47683 0.0085224923
47866 0.0085198872
48083 0.0085186331
48194 0.0085169536
48777 0.0085166776
48818 0.0085136213
49216 0.0085109320
49520 0.0085098879
49850 0.0085085242
50030 0.0085060725
50324 0.0085058693
50421 0.0085052566
50450 0.0085036706
50527 0.0085031608
50667 0.0085022260
50725 0.0085012229
50726 0.0084982710
51215 0.0084918131
51929 0.0084901809
51991 0.0084901225
52267 0.0084893636
52325 0.0084886085
52349 0.0084858933
52516 0.0084825032
52854 0.0084821742
53153 0.0084816809
53160 0.0084815782
53354 0.0084812513
53355 0.0084777483
53579 0.0084773158
53705 0.0084751325
53950 0.0084750328
53953 0.0084748350
54162 0.0084740704
54315 0.0084736541
54389 0.0084734077
54397 0.0084712177
54576 0.0084711533
54636 0.0084706589
54673 0.0084704893
54681 0.0084701846
54683 0.0084699986
54723 0.0084694377
54828 0.0084677374
55191 0.0084669706
55387 0.0084650519
55397 0.0084642159
55595 0.0084615179
56188 0.0084614535
56413 0.0084610859
56520 0.0084601771
56750 0.0084588612
56869 0.0084574836
57161 0.0084560790
57612 0.0084560266
57781 0.0084557685
57789 0.0084554310
58011 0.0084553815
58045 0.0084546778
58247 0.0084546768
58248 0.0084532382
58528 0.0084520473
58721 0.0084517157
59267 0.0084510008
59514 0.0084504429
59716 0.0084501239
59790 0.0084495634
60231 0.0084495120
60574 0.0084493972
60652 0.0084493931
60756 0.0084493866
60789 0.0084493300
60790 0.0084493282
60802 0.0084493165
60822 0.0084490086
60825 0.0084485510
61022 0.0084479321
61069 0.0084478378
61361 0.0084478218
61435 0.0084476301
61524 0.0084475860
61599 0.0084469364
61655 0.0084468453
61966 0.0084467432
62381 0.0084467021
62418 0.0084463994
62519 0.0084461920
62804 0.0084459493
62883 0.0084459117
63141 0.0084455025
63421 0.0084454534
63499 0.0084451640
63662 0.0084451138
63918 0.0084450836
63945 0.0084448745
64497 0.0084447883
64759 0.0084447364
64863 0.0084446708
64942 0.0084445516
65048 0.0084445147
65069 0.0084443491
65405 0.0084442542
65463 0.0084441983
65560 0.0084441843
65642 0.0084439352
66050 0.0084438019
66125 0.0084437839
66346 0.0084437743
66485 0.0084436895
66635 0.0084436079
66930 0.0084435005
67137 0.0084434528
67194 0.0084434090
67387 0.0084433731
67412 0.0084433683
67661 0.0084432867
67733 0.0084432740
67780 0.0084431707
68040 0.0084430797
68484 0.0084430607
68496 0.0084430581
68718 0.0084432243
evaluations raw_y
1 196.6892450319
7 150.5112507547
8 144.7465767195
15 89.7254977216
34 95.8418314961
122 74.4977458768
136 68.6124362720
267 56.3979689566
451 53.2681476987
469 49.2814524091
558 46.0397342674
643 39.1964244199
1669 36.3975007058
1738 35.0064315747
1958 32.6456942923
2077 30.7909475337
2167 26.7955750192
2521 25.8704452761
2688 21.7672460862
2840 20.0137229321
3099 19.3205089432
3123 18.6278412161
3154 15.5268947207
3389 14.6977053463
3596 14.2722893423
3743 13.8119619564
3868 13.4759268299
3901 12.4737639041
3966 11.3856216878
4075 9.8297794586
4607 9.2319521254
4615 8.1160402398
4933 7.2343363576
5060 6.9409381204
5118 6.9257460597
5337 6.6645853513
5352 6.2238186082
5371 5.7842029713
5523 5.7517899310
5591 5.3213787780
5720 4.8678496286
5821 4.6010564346
6122 4.2757068301
6523 4.1902114648
6825 4.1660139077
6905 3.7422276421
7154 3.4822810399
7212 3.4648650441
7238 3.0694801933
7676 3.0388503413
7773 2.6965098219
7834 2.5677660316
7870 2.5276737163
7987 2.5197662603
8053 2.4585263008
8072 2.2548439411
8238 2.1645024875
8245 2.0441713858
8327 1.7640678639
8871 1.7321357273
8920 1.6306512240
9000 1.5968199815
9024 1.4622445525
9054 1.3681563670
9117 1.0625560313
9847 1.0096806002
9968 0.9883305372
10023 0.9600972455
10151 0.8433635160
10280 0.7917912232
10417 0.7225746689
10777 0.6889376739
10855 0.6615933336
11098 0.6402814894
11172 0.6314553412
11192 0.5847763117
11293 0.5835493496
11304 0.5040374649
11446 0.5022020459
11663 0.4372516018
12004 0.3754086682
12302 0.3639685988
12448 0.3585932550
12456 0.3466882470
12471 0.3277554880
12650 0.3184601137
12694 0.3056531817
12993 0.2651492664
13142 0.2217804992
13639 0.1771658039
13999 0.1698044592
14289 0.1682110560
14531 0.1659457295
14649 0.1613580438
14664 0.1536423169
14725 0.1525566603
14797 0.1344918400
14893 0.1313374959
15000 0.1282586341
15204 0.1178469350
15462 0.1144193062
15490 0.1111612875
15672 0.1109801062
15692 0.0933377642
15843 0.0876282953
16285 0.0854599319
16377 0.0818307523
16600 0.0801705563
16809 0.0782193822
16814 0.0758114325
16997 0.0733766621
17086 0.0675130130
17131 0.0664017835
17241 0.0645808877
17266 0.0640936496
17271 0.0600881419
17539 0.0539973251
17679 0.0529908924
17795 0.0526445224
17840 0.0524043299
17855 0.0490913656
17933 0.0427467785
18516 0.0419475556
18775 0.0406748439
18921 0.0405196505
18927 0.0395707599
18939 0.0366607986
19071 0.0356106918
19185 0.0352499821
19285 0.0337600882
19411 0.0333771615
19428 0.0332752994
19480 0.0330707095
19520 0.0322174656
19598 0.0318057329
19644 0.0281289783
19678 0.0279573404
19948 0.0256739323
20185 0.0251610621
20571 0.0233020355
20573 0.0223377332
20704 0.0221391184
20923 0.0213858520
21049 0.0212046768
21083 0.0197978973
21180 0.0196621696
21363 0.0196199840
21454 0.0195861478
21485 0.0181944783
21741 0.0174678255
21884 0.0169695737
21888 0.0163113002
22127 0.0162568651
22186 0.0161420454
22258 0.0155759303
22303 0.0152891794
22514 0.0150037524
22564 0.0138042448
22797 0.0136050933
22903 0.0127106449
23522 0.0122460653
23650 0.0119932606
23769 0.0114786036
24180 0.0114446971
24215 0.0114296883
24373 0.0109140823
24462 0.0105153226
24545 0.0104190376
24831 0.0103080961
24874 0.0100434228
25061 0.0096930929
25329 0.0095495540
25385 0.0092235182
25717 0.0090551282
25834 0.0089321776
26137 0.0088001629
26167 0.0087930165
26190 0.0085939842
26381 0.0084921577
26789 0.0083831555
26796 0.0083551016
26803 0.0083547824
27110 0.0079867537
27617 0.0079118179
27694 0.0077398293
27842 0.0077356725
27929 0.0077101664
27936 0.0076383602
28161 0.0073878010
28998 0.0072851157
29204 0.0072818183
29225 0.0072125255
29380 0.0071890368
29404 0.0071815253
29437 0.0071322562
29505 0.0071050591
29532 0.0070666285
29611 0.0070532794
29658 0.0070458849
29691 0.0069870760
30087 0.0068635802
30217 0.0067389846
31053 0.0066921879
31071 0.0066427915
31400 0.0066094392
31575 0.0066033713
31607 0.0065948253
31880 0.0065858168
31986 0.0065386064
32227 0.0065031748
32259 0.0064824873
32453 0.0064063747
32944 0.0063950211
33335 0.0063886205
33372 0.0063819498
33402 0.0063813703
33500 0.0063623153
33635 0.0063456124
33828 0.0063267559
34065 0.0062969007
34342 0.0062855682
34513 0.0062753631
34938 0.0062686672
35104 0.0062214636
36569 0.0062108336
36967 0.0062098423
37078 0.0062034076
37167 0.0061884441
37240 0.0061738692
37752 0.0061669530
37810 0.0061438621
37814 0.0061338882
37973 0.0061046379
38837 0.0061037431
38861 0.0060958697
39520 0.0060853354
39650 0.0060837324
39655 0.0060786488
39659 0.0060659819
40044 0.0060555772
40081 0.0060468444
40165 0.0060438058
40285 0.0060306344
40624 0.0059972297
40984 0.0059786391
41086 0.0059768390
41199 0.0059704016
41488 0.0059688219
41516 0.0059683868
41557 0.0059501572
41564 0.0059458239
41665 0.0059391756
41793 0.0059352602
41803 0.0059220646
41839 0.0059212039
41927 0.0059121065
42086 0.0059065548
42142 0.0058961513
42490 0.0058909436
42630 0.0058884305
42669 0.0058825679
42719 0.0058823561
42912 0.0058800540
43019 0.0058763207
43041 0.0058711735
43143 0.0058666308
43159 0.0058647387
43278 0.0058617215
43342 0.0058614374
43387 0.0058534894
43441 0.0058503176
43544 0.0058500675
43659 0.0058495524
43906 0.0058408086
44016 0.0058406057
44151 0.0058398356
44324 0.0058349470
44431 0.0058324529
44512 0.0058319911
44744 0.0058262816
44856 0.0058251526
45044 0.0058247079
45091 0.0058205173
45270 0.0058203662
45617 0.0058181600
45681 0.0058150257
45880 0.0058137753
46674 0.0058110378
46957 0.0058066181
47376 0.0058040072
47989 0.0058026902
48283 0.0058015365
48329 0.0057988345
48565 0.0057982288
48912 0.0057981429
49004 0.0057980468
49019 0.0057978026
49179 0.0057971323
49196 0.0057969113
49290 0.0057929705
49864 0.0057922161
50188 0.0057921748
50283 0.0057914667
50388 0.0057903956
50438 0.0057900769
50593 0.0057887266
50664 0.0057877514
50785 0.0057875379
50803 0.0057868253
50969 0.0057864407
51000 0.0057854683
51047 0.0057838084
51281 0.0057835331
51468 0.0057815218
51625 0.0057772210
52183 0.0057765752
52254 0.0057761968
52258 0.0057760868
52259 0.0057758473
52285 0.0057757174
52372 0.0057749634
52436 0.0057735896
52458 0.0057725117
52548 0.0057680872
52824 0.0057673364
53019 0.0057664398
53124 0.0057651794
53471 0.0057646204
53623 0.0057641580
53642 0.0057629693
53688 0.0057624692
53757 0.0057617418
53763 0.0057608216
53783 0.0057603200
53874 0.0057601079
53959 0.0057593511
54014 0.0057587196
54160 0.0057584939
54251 0.0057571640
54258 0.0057561947
54639 0.0057561888
54675 0.0057549780
54777 0.0057546028
54871 0.0057543941
54878 0.0057543332
54880 0.0057541716
55020 0.0057536119
55028 0.0057526360
55224 0.0057521826
55388 0.0057521549
55526 0.0057509512
55817 0.0057505372
56015 0.0057502696
56019 0.0057490864
56472 0.0057485880
56724 0.0057482146
56932 0.0057470676
57140 0.0057462465
57395 0.0057461416
57654 0.0057460574
57695 0.0057456720
57888 0.0057453642
58202 0.0057451839
58317 0.0057438248
58820 0.0057434802
59080 0.0057424799
59912 0.0057424699
60129 0.0057423252
60154 0.0057421738
60334 0.0057421373
60390 0.0057418950
60399 0.0057418919
60478 0.0057418849
60502 0.0057418075
60578 0.0057415366
60609 0.0057414963
60695 0.0057414414
60708 0.0057414392
60775 0.0057412938
60779 0.0057410467
61068 0.0057409768
61170 0.0057408447
61385 0.0057406787
61435 0.0057404850
61566 0.0057403118
61804 0.0057402918
61925 0.0057401471
62156 0.0057399436
62285 0.0057398786
62501 0.0057397281
62824 0.0057395389
63034 0.0057393725
63088 0.0057393712
63144 0.0057393389
63265 0.0057393248
63268 0.0057392569
63667 0.0057390773
64181 0.0057389974
64418 0.0057388906
64625 0.0057388154
64711 0.0057387705
64997 0.0057387359
65013 0.0057386645
65108 0.0057386475
65204 0.0057386383
65267 0.0057385315
65328 0.0057385298
65700 0.0057385289
65705 0.0057385179
65741 0.0057384777
65764 0.0057384498
65843 0.0057384304
65916 0.0057384302
65926 0.0057383009
66337 0.0057382731
66464 0.0057382359
66504 0.0057381931
66513 0.0057381482
66740 0.0057381438
66754 0.0057381435
66878 0.0057381328
66962 0.0057381066
67006 0.0057380775
67147 0.0057380586
67203 0.0057380551
67418 0.0057380219
67758 0.0057380211
67822 0.0057380150
67840 0.0057379953
67868 0.0057379909
68007 0.0057379741
68158 0.0057379441
68194 0.0057379274
68259 0.0057379039
68377 0.0057380766
evaluations raw_y
1 328.2224598735
4 317.3591041905
8 211.6339432914
23 134.1866922658
43 111.1546874828
143 93.8680123097
221 78.7017544490
312 68.9951608904
318 62.3536512360
649 55.2702804591
725 48.1301031238
1546 44.7797217528
1663 42.2799215063
1873 41.8784998607
1925 36.2286116051
1962 32.4059143989
2034 31.8006605616
2141 31.0682410434
2200 29.6681187414
2344 27.3046138291
2446 26.1797823871
2466 25.7339074147
2584 23.8006654763
2675 23.7522520515
2700 23.2326830276
2807 22.3711837112
2893 21.6134548502
2910 18.9326917971
3128 13.5653729133
3690 14.1217800988
3920 13.9459640173
3931 13.2876349098
3969 12.2556876645
4080 11.0659758350
4094 10.4122634482
4289 10.2803040085
4315 9.3636530885
4439 9.1700233936
4673 9.0215628328
4748 8.9098794871
4820 7.9012911108
4889 6.5292914648
5390 5.5155044393
5560 5.2452438791
5639 4.5726346350
5706 4.4138697276
6296 4.2670345232
6418 4.1875437824
6466 3.8803300637
6727 3.6048714798
7022 3.4157755896
7039 3.3909709150
7049 3.3161602956
7106 2.8660544187
7193 2.5414531826
7287 2.4604497941
7440 2.2565143555
7744 2.1864483920
7768 2.1062545082
7906 2.0446841624
7936 2.0430616921
7973 2.0211953392
8057 1.6905247974
8218 1.6762544432
8223 1.6298083057
8278 1.5787889824
8449 1.4733093120
8461 1.4359419396
8611 1.3362768418
8728 1.3080918323
9096 1.1493446479
9200 1.0977607360
9238 1.0623627256
9367 0.7611395204
10209 0.6678594006
10388 0.6648763910
10397 0.6611504791
10415 0.6210015252
10429 0.5644901268
10442 0.5397946171
10688 0.5242370836
10960 0.5217112224
11019 0.5015305761
11137 0.4726945689
11200 0.4390760289
11219 0.3957962923
11619 0.3716029660
11868 0.3505013778
12101 0.3479200457
12254 0.3290464395
12302 0.3201600207
12330 0.3166094373
12382 0.3058961697
12447 0.2627950505
12805 0.2307128926
12853 0.2237512734
13201 0.2147729078
13492 0.2138479611
13569 0.1953162468
13593 0.1820880962
13808 0.1734585882
13837 0.1710425145
14043 0.1394192814
14324 0.1246825440
14497 0.1233750715
14545 0.1178214883
14699 0.1150209927
14744 0.1145598273
14751 0.1139397417
14764 0.1087530530
14847 0.1083474119
14961 0.1011642286
14974 0.1004151487
15018 0.0897420642
15185 0.0891612712
15242 0.0887388871
15638 0.0769103985
15998 0.0730371938
16085 0.0704266870
16173 0.0679269111
16304 0.0639723207
16539 0.0635486695
16747 0.0586742658
16789 0.0569782850
16935 0.0560300092
16943 0.0533425634
17006 0.0497982280
17008 0.0386058132
17512 0.0379273425
17617 0.0378651793
17668 0.0377576427
17687 0.0367708003
17735 0.0313895264
18076 0.0302183417
18225 0.0297429802
18292 0.0246645296
18532 0.0246047858
18797 0.0237302430
18944 0.0235059043
18952 0.0234870981
18972 0.0222991323
19302 0.0205573321
19359 0.0200984233
19431 0.0199136080
19512 0.0198199043
19588 0.0187892539
19707 0.0182681733
19759 0.0172964547
19806 0.0159783540
19922 0.0148375421
20052 0.0144162681
20214 0.0129090026
20580 0.0126685131
20646 0.0116206176
20843 0.0112508222
20961 0.0095405741
21351 0.0086889923
21652 0.0083080991
21723 0.0080586956
21937 0.0078087319
22017 0.0074060597
22052 0.0071464899
22499 0.0071367584
22612 0.0070302117
22687 0.0066316185
22733 0.0065983329
22748 0.0065439945
22769 0.0060264666
22833 0.0056766665
22837 0.0052195684
23074 0.0049037736
23145 0.0048726830
23456 0.0048632072
23473 0.0046152583
23564 0.0042598665
23621 0.0042203605
23788 0.0042052092
23805 0.0040871732
23863 0.0040626733
23881 0.0038478290
23942 0.0036121238
24171 0.0035465075
24314 0.0034783665
24343 0.0030912379
24597 0.0030291080
24625 0.0028739164
24730 0.0026769066
24760 0.0025916688
25464 0.0025372592
25659 0.0024754376
25677 0.0022324185
26029 0.0021520254
26061 0.0021028509
26082 0.0020917871
26116 0.0020738486
26211 0.0019424161
26214 0.0018879557
26513 0.0018628258
26726 0.0018596100
26734 0.0017773632
26818 0.0017250321
26896 0.0016290493
27085 0.0015711735
27164 0.0015238091
27391 0.0015214838
27460 0.0015139780
27518 0.0014400210
27688 0.0014120375
27834 0.0013641020
27851 0.0013437920
27954 0.0013304176
28038 0.0012785809
28615 0.0012719825
28882 0.0012580329
28949 0.0012169739
29072 0.0011865274
29138 0.0010094301
29697 0.0010023408
29913 0.0009434533
30367 0.0008989540
30431 0.0008661037
30496 0.0008649123
30670 0.0008609604
30691 0.0008596317
30778 0.0008588521
30791 0.0008502211
30875 0.0008109515
30937 0.0007822905
31106 0.0007790236
31305 0.0007441083
31674 0.0007401419
31701 0.0007271734
31769 0.0007256738
32261 0.0007216612
32266 0.0007129225
32341 0.0007058698
32461 0.0006982137
32499 0.0006943793
32537 0.0006886707
32569 0.0006829635
32612 0.0006805781
32626 0.0006777721
33016 0.0006751915
33184 0.0006619562
33266 0.0006615826
33356 0.0006595263
33405 0.0006565726
33467 0.0006534822
33532 0.0006448416
33560 0.0006440639
33710 0.0006366412
33769 0.0006213685
33875 0.0006185609
34241 0.0006156122
34302 0.0006154051
34353 0.0006143929
34359 0.0006098328
34383 0.0006058967
34698 0.0006057268
34793 0.0005958069
34953 0.0005951216
35016 0.0005927048
35036 0.0005911416
35052 0.0005833075
35251 0.0005790240
35498 0.0005760504
35694 0.0005739505
35837 0.0005684102
35840 0.0005637794
36212 0.0005624903
36260 0.0005608499
36736 0.0005586827
36789 0.0005578978
36852 0.0005538913
37048 0.0005484487
37140 0.0005416052
37824 0.0005401173
37843 0.0005378469
38134 0.0005376149
38155 0.0005314788
38282 0.0005312089
38403 0.0005297480
38659 0.0005279065
38697 0.0005271942
38730 0.0005269519
38774 0.0005186222
38903 0.0005154887
39309 0.0005128729
39639 0.0005075756
39814 0.0005059801
39992 0.0004991498
40166 0.0004944261
40247 0.0004894353
40486 0.0004863134
40982 0.0004807509
41510 0.0004801373
41548 0.0004796069
41605 0.0004776983
41756 0.0004734089
41981 0.0004698499
42082 0.0004685943
42119 0.0004681348
42437 0.0004679584
42634 0.0004648208
42845 0.0004641896
43004 0.0004624339
43061 0.0004618935
43113 0.0004604943
43387 0.0004596526
43550 0.0004580493
43693 0.0004564050
44500 0.0004555843
44698 0.0004555775
44744 0.0004553245
44941 0.0004545899
45096 0.0004541770
45492 0.0004533889
45562 0.0004533809
45826 0.0004532856
46081 0.0004529183
46311 0.0004527278
46391 0.0004523867
46448 0.0004523268
46496 0.0004522011
46623 0.0004515782
46624 0.0004514898
46747 0.0004511760
46864 0.0004508897
46983 0.0004505735
47324 0.0004499505
47477 0.0004492724
47603 0.0004492509
47711 0.0004485915
48116 0.0004482390
48327 0.0004480992
48366 0.0004480213
48477 0.0004475253
48482 0.0004468512
49076 0.0004468040
49547 0.0004461911
49947 0.0004456993
50169 0.0004455420
50207 0.0004454658
50248 0.0004453438
50435 0.0004453266
50449 0.0004451516
50473 0.0004449790
50552 0.0004443040
50903 0.0004440952
50943 0.0004438773
50984 0.0004434339
51022 0.0004433737
51255 0.0004433364
51269 0.0004433298
51431 0.0004430621
51603 0.0004430094
51643 0.0004428459
51678 0.0004428232
51702 0.0004426111
51757 0.0004425710
51820 0.0004420171
51895 0.0004417458
52062 0.0004412225
52534 0.0004410686
52667 0.0004408798
52774 0.0004407320
52863 0.0004404771
52956 0.0004403118
53180 0.0004400825
53382 0.0004399119
53442 0.0004397938
53447 0.0004394494
53455 0.0004394400
53581 0.0004394350
53733 0.0004393725
53745 0.0004392460
53910 0.0004389205
53985 0.0004384302
54513 0.0004383644
54969 0.0004380721
55494 0.0004379952
55549 0.0004379110
55595 0.0004378649
55701 0.0004376039
55882 0.0004375919
56187 0.0004375018
56257 0.0004374089
56419 0.0004373579
56523 0.0004373197
56634 0.0004370850
56923 0.0004369775
57335 0.0004369008
57452 0.0004368512
57869 0.0004368366
57873 0.0004368237
57901 0.0004368202
57980 0.0004367955
58026 0.0004367724
58177 0.0004367322
58423 0.0004367052
58492 0.0004366563
58799 0.0004366480
58841 0.0004366231
58965 0.0004365509
59043 0.0004364589
59322 0.0004364441
59364 0.0004363803
59485 0.0004363445
60072 0.0004363275
60123 0.0004362889
60198 0.0004362672
60421 0.0004362216
60650 0.0004361462
60786 0.0004360941
60943 0.0004360683
61305 0.0004360512
61459 0.0004359976
61564 0.0004359905
61658 0.0004359850
62161 0.0004359785
62220 0.0004359628
62363 0.0004359360
62422 0.0004359221
62471 0.0004359090
62847 0.0004358997
62861 0.0004358950
62872 0.0004358835
63002 0.0004358411
63104 0.0004358006
63551 0.0004357976
63759 0.0004357700
64093 0.0004357255
64538 0.0004357207
64567 0.0004356928
65456 0.0004356839
65565 0.0004356821
65629 0.0004356807
65650 0.0004356781
65741 0.0004356761
65875 0.0004356707
65942 0.0004356676
65946 0.0004356554
66359 0.0004356508
66420 0.0004356483
66462 0.0004356289
66673 0.0004356233
66931 0.0004356231
67109 0.0004356189
67176 0.0004356167
67215 0.0004356105
67241 0.0004355983
67574 0.0004355966
67844 0.0004355959
67909 0.0004355941
67980 0.0004355924
68030 0.0004355817
68083 0.0004355810
68252 0.0004355902
