evaluations raw_y
1 77.7498761712
3 72.8691370204
4 62.0142570376
6 41.7140966066
7 24.9608534888
37 23.5374934309
40 22.6686385488
111 18.7528220937
120 13.6509408464
132 13.3044222415
177 12.8637284883
181 12.4121581729
184 10.6979500996
249 10.1196417374
256 10.0919243797
287 9.4647776524
292 9.2734752152
401 8.3890755941
423 7.7160556013
474 5.3074451298
5362 5.2780575741
6724 5.0152787344
12006 3.9204612955
16136 3.9137662236
21090 3.7804986256
22464 2.0505759385
27837 1.9859363308
28394 1.3925757336
28632 1.3920258205
28824 1.1853767855
29287 0.9685774966
29740 0.8607932809
30170 0.8297028808
30942 0.7692899569
31220 0.7366308576
31533 0.7075867501
31872 0.6990820390
32121 0.6850313778
32147 0.6784456061
32279 0.6690335776
32421 0.6471295940
33016 0.6468461745
33049 0.6459819647
33243 0.6431974410
33249 0.6404445597
33525 0.6397710540
33546 0.6389320290
33605 0.6388290385
33659 0.6378626072
33684 0.6375302521
33737 0.6333440918
33900 0.6331071289
34254 0.6322895296
34372 0.6314193745
34673 0.6293341748
34751 0.6291191253
34843 0.6289648631
34869 0.6284350166
34993 0.6273849003
35248 0.6264923828
35343 0.6260130158
35542 0.6246498510
35959 0.6240369159
36228 0.6240119462
36282 0.6239701217
36316 0.6238487850
36370 0.6238469449
36417 0.6234878109
36437 0.6233700838
36512 0.6233213199
36558 0.6229330097
36674 0.6228541971
36750 0.6227281208
36754 0.6222186618
36806 0.6218781567
37461 0.6213775933
37593 0.6211831891
37594 0.6210851438
37716 0.6208762494
37782 0.6207477844
37935 0.6201583491
38250 0.6201285727
38391 0.6201144848
38431 0.6199913706
38449 0.6199058006
38512 0.6198535228
38635 0.6197414897
38724 0.6196445422
38733 0.6194805065
38821 0.6193385191
39013 0.6192435583
39066 0.6191403348
39086 0.6190537765
39121 0.6189268744
39190 0.6189011428
39290 0.6187546676
39358 0.6185832052
39874 0.6183946638
39890 0.6183404273
40024 0.6182359711
40283 0.6180859492
40496 0.6180847920
40516 0.6179774725
40520 0.6177659125
41016 0.6177407135
41097 0.6177243241
41149 0.6176424104
41340 0.6176113100
41350 0.6176025770
41450 0.6175813564
41595 0.6175592764
41706 0.6175509437
41791 0.6175400725
41948 0.6175316503
41984 0.6175249502
42028 0.6175171746
42067 0.6175099821
42092 0.6174935691
42129 0.6174887677
42288 0.6174720286
42464 0.6174558311
42673 0.6174272210
42919 0.6174200307
42982 0.6173579889
43480 0.6173558278
43492 0.6173517429
43518 0.6173006719
43540 0.6172823858
43560 0.6172742059
43609 0.6171865883
43812 0.6171501702
43928 0.6171478583
44107 0.6171433074
44124 0.6170899178
44127 0.6169763706
44186 0.6168806537
44252 0.6168334443
44415 0.6167271076
44469 0.6165933093
44546 0.6165757475
44687 0.6164458277
44807 0.6161315270
45282 0.6158380909
45433 0.6155387672
45560 0.6154897041
45561 0.6154064279
45584 0.6151578998
45601 0.6147938387
45619 0.6147760874
45701 0.6142665615
45791 0.6140134578
45815 0.6139027454
45819 0.6134125538
46039 0.6129632136
46161 0.6129133829
46183 0.6124919305
46292 0.6116196122
46316 0.6112853675
46364 0.6100565294
46573 0.6097680511
46606 0.6092159597
46718 0.6087911661
46885 0.6086504035
46925 0.6081368866
46968 0.6068846894
46970 0.6064624801
47054 0.6052496069
47267 0.6051244926
47361 0.6035606006
47630 0.6034018303
47727 0.6017691456
47812 0.6003587396
47988 0.6003132551
48065 0.5986318215
48244 0.5985131490
48278 0.5973003037
48505 0.5972046931
48537 0.5970385441
48609 0.5960916390
48753 0.5957961487
48931 0.5952439632
49143 0.5946247231
49424 0.5945078365
49546 0.5943329752
49679 0.5942997127
49737 0.5942550640
49798 0.5941109801
49800 0.5933935832
49851 0.5931909229
49872 0.5929207827
49882 0.5918978917
50278 0.5915545227
50298 0.5914599078
50327 0.5912859759
50364 0.5905949804
50398 0.5905228322
50448 0.5901225386
50540 0.5900858974
50551 0.5893583945
50585 0.5892237904
50680 0.5884325631
50884 0.5876334453
50886 0.5875611078
50911 0.5870383317
50983 0.5868099252
51031 0.5862617849
51116 0.5854364730
51168 0.5835150147
51399 0.5811387019
51470 0.5784267543
51559 0.5758175760
52014 0.5721935015
52040 0.5714374973
52662 0.5692432613
52733 0.5635974206
52903 0.5634171445
52921 0.5606825178
53023 0.5598807002
53033 0.5570597717
53248 0.5552735389
53273 0.5536318989
53319 0.5531245064
53530 0.5527442946
53534 0.5526304566
53601 0.5519375757
53773 0.5507084950
53984 0.5500937361
54148 0.5498467062
54405 0.5498214967
54463 0.5498083513
54467 0.5498021439
54470 0.5495714749
54516 0.5495452104
54517 0.5494598802
54578 0.5494120426
54588 0.5492413752
54615 0.5492312500
54644 0.5492104601
54729 0.5490837910
54766 0.5489736130
54835 0.5489280481
54854 0.5487438442
55208 0.5486783507
55284 0.5484541311
55404 0.5480424882
55633 0.5475525587
55641 0.5471196246
55731 0.5469606179
55920 0.5463498566
56203 0.5456889978
56297 0.5456023724
56300 0.5455500413
56368 0.5451215673
56378 0.5450405074
56661 0.5449287800
56763 0.5438181094
56796 0.5432815650
56889 0.5418869790
57039 0.5412219090
57364 0.5407490487
57450 0.5402285201
57457 0.5401823071
57500 0.5391068193
57555 0.5375726181
57937 0.5359326867
58208 0.5354740140
58322 0.5348518408
58512 0.5346263759
58517 0.5345512298
58526 0.5342982177
58566 0.5342398224
58731 0.5338481882
58885 0.5335936105
59013 0.5335489020
59026 0.5335154604
59066 0.5331707000
59088 0.5331341267
59096 0.5328332017
59450 0.5328117707
59455 0.5326628716
59493 0.5325434767
59519 0.5324517202
59557 0.5324066048
59571 0.5320596283
59625 0.5320214264
59834 0.5318579384
59893 0.5318519809
59931 0.5317004443
60015 0.5315461657
60080 0.5315073650
60120 0.5313180809
60167 0.5312123843
60168 0.5310238140
60350 0.5302974676
60534 0.5300431323
60634 0.5297238768
60659 0.5295847923
61066 0.5280045621
61179 0.5279632550
61213 0.5277666784
61234 0.5271064843
61317 0.5263208759
61416 0.5258841721
61507 0.5257934140
61541 0.5256748147
61557 0.5250322792
61617 0.5242455801
61634 0.5239998106
61670 0.5229461910
61748 0.5224611301
62207 0.5223485575
62301 0.5211219697
62341 0.5209598203
62491 0.5205758210
62572 0.5196642414
62648 0.5184691118
62703 0.5157155866
62833 0.5156707935
62864 0.5149225088
62935 0.5143950716
63039 0.5139301711
63245 0.5137422995
63374 0.5129619173
63624 0.5124908310
63662 0.5123870816
64005 0.5122518012
64091 0.5119970318
64217 0.5119126776
64236 0.5117344356
64277 0.5114498815
64489 0.5114481780
64579 0.5113058490
64729 0.5113033971
64750 0.5112949497
64761 0.5112835544
64801 0.5111339401
64844 0.5111052847
64947 0.5110953614
65006 0.5110895935
65056 0.5110872382
65097 0.5110568977
65174 0.5110101460
65257 0.5110059290
65312 0.5109995839
65417 0.5109577979
65542 0.5109420650
65584 0.5108667030
65734 0.5107011719
65861 0.5106974612
65972 0.5105081407
66216 0.5104281632
66352 0.5102139573
66418 0.5099605070
66576 0.5097225283
66607 0.5093466745
66688 0.5092259232
66941 0.5091890107
66978 0.5087764648
67016 0.5084608535
67186 0.5083692888
67219 0.5077344244
67303 0.5077051246
67617 0.5077035726
67651 0.5074010433
67767 0.5072202856
67865 0.5070243727
68008 0.5069741978
68123 0.5068452539
68161 0.5065705963
68271 0.5064167792
68304 0.5063833062
68394 0.5061043341
68561 0.5059254403
68963 0.5058582011
69032 0.5057911028
69088 0.5057418884
69181 0.5057046586
69351 0.5056265602
69657 0.5056228220
69667 0.5056129169
69677 0.5056053554
69701 0.5055893130
69722 0.5055829710
69767 0.5055308674
69894 0.5055071145
69899 0.5054567987
70127 0.5054389392
70333 0.5054348381
70376 0.5054279586
70422 0.5054230930
70423 0.5054222952
70470 0.5054192958
70494 0.5054188619
70508 0.5054094941
70527 0.5054072530
70535 0.5054061346
70563 0.5054045916
70678 0.5054031195
70719 0.5054017891
70734 0.5053955568
70753 0.5053938344
70773 0.5053931771
70808 0.5053901885
70867 0.5053893342
70879 0.5053893113
70947 0.5053840877
71053 0.5053823105
71271 0.5053810433
71296 0.5053808849
71339 0.5053791842
71356 0.5053779808
71743 0.5053778859
71786 0.5053755796
71932 0.5053746608
71989 0.5053741614
72051 0.5053740497
72058 0.5053730791
72602 0.5053720364
72685 0.5053716459
72731 0.5053713562
72774 0.5053685729
72788 0.5053684964
72838 0.5053666400
72973 0.5053652061
73207 0.5053616774
73252 0.5053614858
73285 0.5053594067
73398 0.5053587874
73410 0.5053562905
73539 0.5053540152
73674 0.5053465125
73984 0.5053456144
74094 0.5053328384
74284 0.5053184979
74376 0.5053106322
74517 0.5053030086
74667 0.5052886239
74761 0.5052772997
75045 0.5051975919
75124 0.5051958268
75295 0.5051633992
75511 0.5051115812
75602 0.5050892011
75694 0.5048380621
76026 0.5047982015
76148 0.5046871271
76155 0.5046129245
76212 0.5045202970
76404 0.5044923575
76410 0.5044658920
76468 0.5044134905
76502 0.5041976963
76606 0.5041106582
76652 0.5040826800
76673 0.5040464860
76698 0.5040447326
76713 0.5039826741
76715 0.5037743415
76869 0.5033463233
77162 0.5031427012
77360 0.5022302636
77412 0.5021171143
77669 0.5014856550
77774 0.5012832769
77895 0.5012673617
77911 0.5006284499
77938 0.5005617630
77977 0.5003424430
78057 0.5002852020
78136 0.5002006860
78163 0.5001932550
78227 0.4999489869
78232 0.4997979285
78312 0.4997887868
78315 0.4992564873
78493 0.4990672708
78516 0.4988374268
78655 0.4984594049
78730 0.4982879553
78748 0.4982174975
78858 0.4979993441
78970 0.4979312638
78973 0.4978628525
78980 0.4973213218
79150 0.4971276839
79188 0.4969522680
79292 0.4967447391
79411 0.4967283052
79447 0.4965320926
79465 0.4964744291
79598 0.4963885285
79653 0.4962579357
79704 0.4962407192
79716 0.4962256296
79732 0.4960590102
79751 0.4959790292
79757 0.4958156166
79812 0.4957362299
79936 0.4955665902
79978 0.4954407973
80029 0.4953875962
80042 0.4953607470
80079 0.4952189999
80135 0.4952173066
80274 0.4946892768
80840 0.4944744088
80878 0.4944212969
80914 0.4938570397
81043 0.4936771219
81252 0.4934468747
81261 0.4932409703
81330 0.4931671544
81361 0.4925443392
81660 0.4924766917
81680 0.4924513783
81734 0.4922304765
81795 0.4921454675
81979 0.4919936511
82263 0.4917818791
82301 0.4916629195
82357 0.4915482984
82446 0.4913544886
82520 0.4912750866
82564 0.4912020541
82766 0.4907719300
83179 0.4907045644
83271 0.4906493930
83300 0.4906119464
83325 0.4900010218
83535 0.4899708347
83577 0.4898855488
83579 0.4896931296
83592 0.4896893538
83706 0.4895658439
84072 0.4891490706
84187 0.4890994993
84202 0.4890208939
84244 0.4887699980
84327 0.4887127245
84447 0.4886342693
84810 0.4885537818
84886 0.4883287437
84908 0.4880602735
85119 0.4880482102
85238 0.4879356356
85297 0.4874177383
85734 0.4873828334
85771 0.4873721329
85828 0.4871605542
85949 0.4870888904
86101 0.4869450602
86241 0.4869281467
86398 0.4868801635
86422 0.4868107352
86431 0.4867180407
86456 0.4867017212
86504 0.4863214996
86700 0.4860976266
86830 0.4859304402
86908 0.4858068358
87123 0.4854147169
87636 0.4852921161
87839 0.4848780112
87924 0.4848494112
88306 0.4848265468
88343 0.4847446081
88431 0.4847357240
88445 0.4847265804
88549 0.4846811494
88614 0.4845626854
88631 0.4841381083
89197 0.4841198412
89241 0.4839120730
89495 0.4837039766
89840 0.4835738843
90310 0.4835606325
90328 0.4833719930
90352 0.4833612167
90365 0.4833287578
90374 0.4832970581
90652 0.4832731628
90900 0.4832438547
91121 0.4832256126
91206 0.4832036196
91226 0.4831969995
91241 0.4831927403
91251 0.4831518088
91296 0.4831444865
91297 0.4831388028
91363 0.4831344971
91372 0.4831249643
91455 0.4830967952
91490 0.4830871331
91568 0.4830599626
91658 0.4830475557
91679 0.4830097223
91715 0.4829872614
91728 0.4829735285
91755 0.4829510262
91820 0.4829440551
91831 0.4829168388
92068 0.4829076313
92103 0.4828746936
92291 0.4828306771
92472 0.4828299448
92475 0.4827673845
92664 0.4827641539
92719 0.4827628804
92773 0.4827595871
92801 0.4827584408
92809 0.4827334094
92861 0.4827333462
92884 0.4827302970
92887 0.4826771415
92949 0.4826251362
93228 0.4825839348
93330 0.4825605972
93435 0.4825522575
93436 0.4825442508
93555 0.4825372336
93614 0.4825171964
93741 0.4825101615
93745 0.4825008513
93750 0.4824775421
93804 0.4824587572
93878 0.4824543893
93920 0.4824262487
93948 0.4823805431
94299 0.4823387609
94851 0.4823265295
95041 0.4823110379
95088 0.4822898702
95181 0.4822897589
95187 0.4822758519
95229 0.4822491282
95346 0.4822328735
95389 0.4822043479
95423 0.4821838847
95544 0.4821635624
95786 0.4821534226
96095 0.4821406795
96254 0.4820929694
96581 0.4820851289
96686 0.4820817089
96709 0.4820672584
96819 0.4820582045
96931 0.4820525840
96991 0.4820494251
97008 0.4820303474
97149 0.4820274332
97313 0.4820232078
97352 0.4820174848
97416 0.4820133973
97439 0.4820082267
97553 0.4820044240
97680 0.4820037193
97767 0.4820025618
97789 0.4819932708
97868 0.4819829514
98113 0.4819783957
98117 0.4819783778
98190 0.4819664513
98440 0.4819664022
98455 0.4819571540
98544 0.4819542026
98949 0.4819516241
99076 0.4819429218
99304 0.4819423058
99317 0.4819407926
99320 0.4819400822
99340 0.4819399867
99355 0.4819396716
99363 0.4819363154
99469 0.4819340231
99494 0.4819309727
99859 0.4819306461
100064 0.4819300727
100069 0.4819286165
100135 0.4819277655
100192 0.4819259909
100306 0.4819240630
100587 0.4819225120
100703 0.4819219446
100747 0.4819217690
100882 0.4819207787
100984 0.4819196373
101311 0.4819194650
101441 0.4819194485
101470 0.4819183834
101619 0.4819179786
101653 0.4819170768
101723 0.4819167890
101791 0.4819166401
101816 0.4819155266
101833 0.4819155114
101938 0.4819154114
101965 0.4819153634
102360 0.4819149005
102676 0.4819146595
102847 0.4819142672
102880 0.4819141883
102887 0.4819132027
103082 0.4819129557
103133 0.4819122345
103214 0.4819119667
103336 0.4819116434
103433 0.4819110367
103656 0.4819106171
103665 0.4819100405
103805 0.4819099838
103948 0.4819099123
104026 0.4819098685
104029 0.4819097799
104155 0.4819096962
104237 0.4819092728
104240 0.4819091141
104243 0.4819085568
104433 0.4819083443
104474 0.4819082173
104551 0.4819077500
104687 0.4819073721
104863 0.4819067759
105099 0.4819063678
105513 0.4819063534
105580 0.4819063455
105585 0.4819062504
105634 0.4819061994
105640 0.4819061959
105689 0.4819059683
106129 0.4819058844
106164 0.4819058654
106219 0.4819058599
106253 0.4819058354
106282 0.4819058298
106299 0.4819058031
106406 0.4819057790
106451 0.4819057696
106540 0.4819057491
106564 0.4819057245
106629 0.4819057202
106705 0.4819056980
106832 0.4819056782
106958 0.4819056562
107043 0.4819056480
107113 0.4819056427
107285 0.4819056349
107401 0.4819056343
107478 0.4819056315
107665 0.4819056301
107845 0.4819056298
107846 0.4819056271
107910 0.4819056268
107960 0.4819056262
107974 0.4819056242
108000 0.4819056238
108010 0.4819056223
108079 0.4819056220
108153 0.4819056219
108175 0.4819056211
108245 0.4819056200
108256 0.4819056191
108491 0.4819056186
108680 0.4819056183
108701 0.4819056177
108878 0.4819056177
108887 0.4819056176
108998 0.4819056175
109003 0.4819056173
109133 0.4819056173
109139 0.4819056172
109182 0.4819056171
109198 0.4819056170
109406 0.4819056169
109455 0.4819056169
109468 0.4819056169
109522 0.4819056168
109584 0.4819056168
109585 0.4819056168
109600 0.4819056168
109661 0.4819056168
109772 0.4819056168
109779 0.4819056168
109795 0.4819056167
109833 0.4819056167
109839 0.4819056167
109926 0.4819056167
110201 0.4819056167
110238 0.4819056167
110258 0.4819056167
110290 0.4819056167
110314 0.4819056167
110359 0.4819056167
110429 0.4819056166
110598 0.4819056166
110752 0.4819056166
110779 0.4819056166
110801 0.4819056166
110823 0.4819056166
110858 0.4819056166
110875 0.4819056166
110936 0.4819056166
110942 0.4819056166
111039 0.4819056166
111219 0.4819056166
111288 0.4819056166
111344 0.4819056166
111463 0.4819056166
111557 0.4819056166
111577 0.4819056166
111584 0.4819056166
111640 0.4819056166
111675 0.4819056166
111693 0.4819056166
111696 0.4819056166
111744 0.4819056166
111807 0.4819056166
111816 0.4819056166
111866 0.4819056166
111899 0.4819056166
111968 0.4819056166
112083 0.4819056166
112097 0.4819056166
112136 0.4819056166
112158 0.4819056166
112197 0.4819056166
112266 0.4819056166
112532 0.4819056166
112581 0.4819056166
112643 0.4819056166
112712 0.4819056166
112720 0.4819056166
112778 0.4819056166
112813 0.4819056166
112824 0.4819056166
112842 0.4819056166
112986 0.4819056166
113199 0.4819056166
113348 0.4819056166
113422 0.4819056166
113868 0.4819056166
114526 0.4819056166
evaluations raw_y
1 21.4523378596
51 19.7426310802
64 13.1928194245
91 11.3504598834
96 10.8986452853
175 9.4644168644
203 8.8620389047
261 8.7124612350
267 7.7343227349
375 7.3233067230
419 7.1226744020
539 6.7776166055
730 6.1422589473
1098 6.1184479977
1179 5.8143589135
1859 5.5753844028
2536 5.3080616245
2844 5.2062452026
3283 4.9175043407
4348 3.9952180351
14203 3.8377384086
14406 3.6563800063
15131 3.6202849081
15145 3.3773966751
15378 2.2673123522
17439 2.1313643125
17454 1.9897678480
17945 1.9377364304
18431 1.5593933599
18494 1.4518012577
18658 1.3067233168
18769 0.9710247164
18993 0.5658852977
19692 0.5561200497
19804 0.5397899469
19871 0.4642550436
20137 0.4227616271
20644 0.4171605647
20845 0.4110938099
20950 0.4036142661
21026 0.3997562848
21242 0.3735264698
21262 0.3612809675
21385 0.3591407351
21425 0.3553647907
21456 0.3551588506
21757 0.3526910817
21925 0.3521779086
21954 0.3504119576
22108 0.3487383335
22240 0.3479516088
22255 0.3328046808
22312 0.3294310103
22547 0.3271262044
22579 0.3208885961
22931 0.3187181249
22998 0.3186010837
23082 0.3183122887
23348 0.3163046343
24041 0.3153734469
24097 0.3153184190
24259 0.3141707242
24405 0.3131248723
24921 0.3130679895
24992 0.3128960025
24996 0.3127034202
25139 0.3126748555
25145 0.3123076623
25168 0.3114982301
25189 0.3113742949
25237 0.3100282473
25275 0.3095558360
25413 0.3093515576
25421 0.3093121994
25551 0.3075640380
26004 0.3070620947
26056 0.3056097949
26176 0.3055475509
26264 0.3048282032
26337 0.3037752104
26491 0.3033547668
26754 0.3032019672
26877 0.3016268120
26993 0.3011404139
26999 0.3002975649
27059 0.2983293371
27326 0.2962297592
27521 0.2943905575
27582 0.2940370885
27647 0.2937256549
27797 0.2924711700
27968 0.2906836107
28029 0.2906266342
28063 0.2891140049
28139 0.2870400777
28224 0.2865627168
28338 0.2859973502
28382 0.2825852946
28677 0.2802422819
28819 0.2792397834
28936 0.2773219941
29028 0.2771569868
29063 0.2727955502
29252 0.2627303023
29730 0.2620592520
29981 0.2619284918
30013 0.2607485929
30036 0.2563603376
30097 0.2555237089
30168 0.2544224677
30374 0.2539803528
30428 0.2528648626
30511 0.2504289661
30668 0.2494469160
31029 0.2467891048
31320 0.2447280957
31527 0.2438703362
31967 0.2425299169
32270 0.2422675319
32304 0.2416531141
32324 0.2404117103
32764 0.2399833859
33168 0.2394993073
33300 0.2394382745
33319 0.2387274912
33498 0.2385401100
33594 0.2384594513
33648 0.2383213880
33699 0.2381751472
33898 0.2380934564
33916 0.2375156921
33996 0.2371004638
34245 0.2358402016
34419 0.2357862590
34517 0.2349819060
34767 0.2348895870
35002 0.2320877504
35260 0.2308062198
35479 0.2306063704
35498 0.2293470752
35988 0.2292126392
35997 0.2276038375
36184 0.2268541748
36341 0.2264726821
36513 0.2263465757
36561 0.2254454602
36599 0.2253334581
36682 0.2248602277
36689 0.2247614946
37014 0.2243144171
37168 0.2241417005
37215 0.2241182339
37251 0.2234366459
37640 0.2233809051
37645 0.2230733956
37676 0.2230605045
37966 0.2223882569
38429 0.2219088584
38633 0.2219067630
38670 0.2217666761
38680 0.2213777423
38800 0.2211458878
39012 0.2205102171
39454 0.2200589012
39650 0.2195593696
39722 0.2193848175
39776 0.2189808238
39791 0.2182235998
39803 0.2182216029
40290 0.2178948464
40440 0.2175874631
40466 0.2167345846
40584 0.2136652405
41137 0.2134057020
41216 0.2127679280
41367 0.2120997366
41650 0.2117104159
41659 0.2104985619
41980 0.2104332962
42099 0.2100351831
42165 0.2099000594
42180 0.2094492520
42242 0.2091977714
42254 0.2088570015
42458 0.2088182936
42587 0.2086438535
42626 0.2086280939
42725 0.2083495164
42749 0.2081851525
42753 0.2076873335
42814 0.2076454995
42942 0.2075613960
43011 0.2072421216
43255 0.2071901801
43302 0.2070817881
43343 0.2069489491
43372 0.2067454434
43458 0.2066994300
43501 0.2065617264
43583 0.2063177669
43716 0.2061154315
43856 0.2060373442
43857 0.2059348236
43956 0.2057197843
44012 0.2056087093
44129 0.2053108131
44622 0.2052242381
44750 0.2052169378
44835 0.2050485390
44873 0.2049273587
45071 0.2049063209
45116 0.2044255861
45320 0.2042676659
45643 0.2038810681
45905 0.2038720169
45980 0.2037915071
45996 0.2037523342
46004 0.2037181120
46013 0.2036107281
46303 0.2034673442
46441 0.2033153715
46503 0.2032898314
46605 0.2031831268
46992 0.2031732989
46993 0.2029725623
47216 0.2029682224
47391 0.2029389066
47550 0.2029292667
47587 0.2028673932
47606 0.2027819952
47919 0.2027446727
47961 0.2026894398
48064 0.2026369845
48204 0.2026369110
48228 0.2026356362
48285 0.2026246309
48301 0.2026243959
48390 0.2025866905
48475 0.2025712378
48567 0.2025410177
48673 0.2024336881
49078 0.2023651093
49125 0.2021830756
49417 0.2019532799
49938 0.2018347527
49977 0.2017180676
50049 0.2015905424
50534 0.2015790931
50754 0.2015547303
50927 0.2015135364
50991 0.2015059862
51008 0.2014845050
51038 0.2014668521
51071 0.2014586396
51231 0.2014394942
51250 0.2014383108
51300 0.2014273645
51602 0.2014257710
51641 0.2014243195
51656 0.2014214697
51676 0.2013983874
51714 0.2013834521
52056 0.2013830616
52061 0.2013746107
52091 0.2013678476
52171 0.2013614227
52245 0.2013382632
52589 0.2013328186
52633 0.2013249986
52704 0.2013209855
52758 0.2012935861
52779 0.2012688439
53146 0.2012256392
53199 0.2011833257
53459 0.2011676175
53532 0.2011490839
53751 0.2011394773
53813 0.2010175249
53841 0.2010148018
53936 0.2009383094
54017 0.2007947347
54108 0.2007633165
54719 0.2007251402
54741 0.2007133578
54756 0.2006573420
54860 0.2006199115
54890 0.2005711500
55000 0.2005571000
55272 0.2005548368
55280 0.2005548266
55294 0.2005222374
55689 0.2005189625
55719 0.2005184284
55740 0.2005133374
55905 0.2005091226
56101 0.2005063136
56203 0.2005056245
56252 0.2005040330
56454 0.2005017435
56516 0.2005013043
56580 0.2005003788
56765 0.2005002764
56842 0.2004998495
56855 0.2004988814
57029 0.2004987842
57275 0.2004983426
57402 0.2004980561
57812 0.2004969977
57887 0.2004960555
57920 0.2004946014
58336 0.2004940944
58483 0.2004939932
58484 0.2004937666
58522 0.2004937429
58532 0.2004935777
58547 0.2004928454
58561 0.2004927972
58592 0.2004921810
58723 0.2004921236
58839 0.2004918673
58892 0.2004914781
59100 0.2004909817
59248 0.2004907233
59562 0.2004907009
59673 0.2004906404
59676 0.2004905154
59707 0.2004902587
59711 0.2004902187
59723 0.2004900667
59752 0.2004900563
59932 0.2004899854
59969 0.2004899373
59993 0.2004898908
60005 0.2004898671
60008 0.2004898230
60029 0.2004897072
60184 0.2004896860
60273 0.2004896459
60279 0.2004896248
60383 0.2004896192
60424 0.2004895857
60635 0.2004895553
60675 0.2004895055
60692 0.2004894908
60755 0.2004894833
60861 0.2004894471
60864 0.2004894297
60884 0.2004894186
60890 0.2004893986
60894 0.2004893934
60944 0.2004893739
60969 0.2004893532
60984 0.2004893526
61047 0.2004893395
61108 0.2004893369
61147 0.2004893198
61155 0.2004892648
61289 0.2004892586
61309 0.2004892522
61371 0.2004892337
61427 0.2004890905
61477 0.2004890531
61555 0.2004888822
61878 0.2004888336
61930 0.2004887516
61964 0.2004885521
62015 0.2004884822
62092 0.2004880653
62140 0.2004876737
62376 0.2004875436
62413 0.2004872179
62500 0.2004871244
62540 0.2004867795
62608 0.2004863655
62635 0.2004861650
62825 0.2004859201
62857 0.2004855779
62866 0.2004851927
62934 0.2004821012
63035 0.2004815377
63300 0.2004809091
63332 0.2004806064
63339 0.2004797002
63347 0.2004789487
63380 0.2004745057
63599 0.2004732113
63908 0.2004713297
63941 0.2004700999
64084 0.2004700091
64098 0.2004698747
64102 0.2004697666
64114 0.2004645063
64147 0.2004566947
64518 0.2004554941
64560 0.2004512932
64663 0.2004335810
65299 0.2004291663
65470 0.2004266949
65502 0.2004234859
65687 0.2004229972
65840 0.2004225463
65862 0.2004178543
65980 0.2004166172
66049 0.2004093005
66096 0.2004072971
66428 0.2004032599
66675 0.2004008716
66748 0.2003981836
66836 0.2003952935
66903 0.2003929291
66961 0.2003906944
66966 0.2003905330
66991 0.2003858940
67169 0.2003853887
67233 0.2003842401
67325 0.2003840010
67423 0.2003822006
67464 0.2003805622
67500 0.2003781184
67711 0.2003767345
67714 0.2003737571
67807 0.2003719451
67851 0.2003715438
67865 0.2003701652
67948 0.2003682656
68072 0.2003677457
68137 0.2003659179
68218 0.2003649450
68241 0.2003610737
68416 0.2003604825
68429 0.2003586788
68456 0.2003560155
68829 0.2003536785
68858 0.2003475481
68965 0.2003449997
69050 0.2003420716
69309 0.2003376881
69563 0.2003309627
69648 0.2003305074
69787 0.2003300655
69860 0.2003291733
69955 0.2003290471
69957 0.2003252530
70093 0.2003224745
70259 0.2003203874
70297 0.2003183454
70380 0.2003134282
70389 0.2003113086
70444 0.2003056340
70554 0.2003053302
70688 0.2003042513
70722 0.2003023401
70832 0.2003023195
70845 0.2002991104
70951 0.2002948881
70982 0.2002943180
71006 0.2002934102
71075 0.2002914080
71181 0.2002911666
71184 0.2002865587
71238 0.2002828731
71328 0.2002796493
71731 0.2002790542
71761 0.2002790390
71945 0.2002767897
71974 0.2002723282
72132 0.2002688478
72169 0.2002660378
72234 0.2002637827
72365 0.2002620785
72551 0.2002612007
72558 0.2002598201
72565 0.2002577406
72630 0.2002573717
72633 0.2002544973
72716 0.2002537233
72749 0.2002535289
72923 0.2002530746
72973 0.2002524846
73022 0.2002500970
73103 0.2002486203
73141 0.2002479761
73160 0.2002458477
73202 0.2002446471
73250 0.2002435124
73398 0.2002427412
73410 0.2002388152
73444 0.2002374991
73571 0.2002357807
73682 0.2002356029
73693 0.2002294894
73816 0.2002251071
73877 0.2002224934
73934 0.2002205934
74092 0.2002179927
74350 0.2002170838
74471 0.2002092588
74562 0.2002057665
74723 0.2002034389
74733 0.2002023109
74800 0.2001956763
75193 0.2001932250
75303 0.2001929459
75367 0.2001887568
75479 0.2001885393
75482 0.2001868478
75599 0.2001853310
75783 0.2001849077
75895 0.2001840164
75905 0.2001792512
75991 0.2001779901
76075 0.2001770791
76117 0.2001710427
76189 0.2001667990
76323 0.2001641204
76439 0.2001618135
76681 0.2001582886
76766 0.2001570241
76852 0.2001547510
76997 0.2001530878
77112 0.2001516920
77113 0.2001500297
77180 0.2001488126
77336 0.2001476487
77355 0.2001469751
77371 0.2001446783
77412 0.2001438301
77591 0.2001412348
77714 0.2001393791
77810 0.2001377108
77890 0.2001370593
78015 0.2001346864
78191 0.2001324719
78265 0.2001300357
78322 0.2001279635
78438 0.2001249961
78617 0.2001230861
78682 0.2001206603
78831 0.2001156219
79028 0.2001147917
79097 0.2001145263
79242 0.2001056906
79505 0.2001048443
79531 0.2001035826
79592 0.2001029971
79607 0.2000990451
79646 0.2000980092
79680 0.2000969242
79749 0.2000969212
79764 0.2000968817
79769 0.2000968280
79783 0.2000929354
79926 0.2000846698
80041 0.2000836282
80237 0.2000807860
80316 0.2000766044
80398 0.2000762932
80483 0.2000728819
80562 0.2000624610
80755 0.2000587369
80792 0.2000536269
80872 0.2000472990
80915 0.2000470948
81251 0.2000436248
81753 0.2000426317
81832 0.2000414722
81848 0.2000393938
81909 0.2000367322
82038 0.2000207115
83302 0.2000206982
83304 0.2000205908
83318 0.2000185002
83583 0.2000181444
83586 0.2000149413
83658 0.2000111623
83700 0.2000108670
83787 0.2000085250
83995 0.2000066999
84045 0.2000065245
84084 0.2000052245
84110 0.2000032699
84111 0.2000010696
84300 0.2000000582
84343 0.1999976737
84469 0.1999964449
84486 0.1999955476
84804 0.1999917839
84838 0.1999915146
84886 0.1999885013
84955 0.1999876723
84962 0.1999846240
85083 0.1999839716
85110 0.1999833152
85201 0.1999829408
85260 0.1999825384
85323 0.1999797096
85399 0.1999759582
85500 0.1999740231
85564 0.1999715253
85772 0.1999701226
85940 0.1999696250
85965 0.1999646241
86136 0.1999634052
86198 0.1999599223
86261 0.1999589856
86301 0.1999569938
86356 0.1999538394
86610 0.1999523650
86849 0.1999522843
86853 0.1999518385
86857 0.1999498568
86894 0.1999485847
86937 0.1999463175
86959 0.1999434015
87050 0.1999432108
87206 0.1999393427
87381 0.1999388509
87414 0.1999377827
87453 0.1999359965
87586 0.1999337918
87658 0.1999316733
87669 0.1999237586
88753 0.1999235882
88761 0.1999210989
88799 0.1999185049
88859 0.1999125783
89572 0.1999114557
89674 0.1999114294
89709 0.1999100612
89737 0.1999093432
89740 0.1999091059
89773 0.1999046790
89999 0.1999045081
90084 0.1999041095
90089 0.1998997386
90154 0.1998997099
90237 0.1998962646
90853 0.1998932859
90961 0.1998932760
91537 0.1998922713
91767 0.1998866844
91893 0.1998861129
92226 0.1998848159
92266 0.1998843505
92278 0.1998837882
92299 0.1998807652
92563 0.1998802739
92627 0.1998789673
93007 0.1998764929
93163 0.1998746577
93253 0.1998738542
93327 0.1998731797
93574 0.1998725941
93626 0.1998725379
93711 0.1998686647
93794 0.1998684344
93883 0.1998680763
94298 0.1998651338
94491 0.1998639039
94675 0.1998591940
94902 0.1998580004
95256 0.1998570635
95271 0.1998545613
95425 0.1998543643
95512 0.1998534028
95578 0.1998520952
95657 0.1998505452
96105 0.1998503709
96136 0.1998503619
96146 0.1998453108
96156 0.1998441223
96466 0.1998439193
96522 0.1998431276
96583 0.1998418249
96683 0.1998407275
96756 0.1998402951
96783 0.1998382659
96831 0.1998370108
96833 0.1998348063
97003 0.1998314798
97225 0.1998278916
97671 0.1998253525
97874 0.1998238732
98119 0.1998223626
98288 0.1998199744
98358 0.1998168289
98487 0.1998159383
98585 0.1998156192
98993 0.1998128158
99161 0.1998120053
99354 0.1998101850
99596 0.1998040313
100087 0.1998022856
100108 0.1998005655
100155 0.1998004188
100195 0.1997987660
100242 0.1997980498
100444 0.1997965557
100454 0.1997963735
100457 0.1997944010
101422 0.1997932232
101519 0.1997903426
101677 0.1997900365
101760 0.1997885420
101772 0.1997876076
101900 0.1997847063
101964 0.1997828755
102022 0.1997822421
102143 0.1997818498
102320 0.1997815621
102324 0.1997790015
102644 0.1997788797
102653 0.1997768940
102689 0.1997765548
102727 0.1997732296
103056 0.1997727549
103159 0.1997721451
103231 0.1997699949
103268 0.1997685735
103490 0.1997681246
103512 0.1997676678
103605 0.1997669301
103653 0.1997664313
103724 0.1997657275
103760 0.1997648755
103844 0.1997647006
103850 0.1997639219
103894 0.1997635102
103897 0.1997631259
103905 0.1997599397
104077 0.1997574459
104305 0.1997565697
104376 0.1997558256
104411 0.1997556183
104441 0.1997548880
104503 0.1997544211
104659 0.1997515542
104807 0.1997500921
104825 0.1997497359
104933 0.1997486807
105114 0.1997471711
105137 0.1997447146
105688 0.1997437254
105945 0.1997420356
106155 0.1997418594
106206 0.1997393777
106263 0.1997390829
106344 0.1997373820
106409 0.1997348486
106879 0.1997346507
107092 0.1997335146
107176 0.1997333267
107282 0.1997315506
107518 0.1997314762
107658 0.1997299279
107808 0.1997290809
107970 0.1997287177
107983 0.1997277793
108042 0.1997274889
108047 0.1997266582
108318 0.1997254008
108957 0.1997233895
109221 0.1997228367
109382 0.1997207983
109905 0.1997192467
109998 0.1997190994
110031 0.1997177189
110436 0.1997171556
110473 0.1997169627
110638 0.1997161050
110713 0.1997154984
110819 0.1997149951
110849 0.1997116186
111179 0.1997107893
111435 0.1997102377
111538 0.1997095845
111559 0.1997089050
111760 0.1997069643
111979 0.1997069285
112184 0.1997048194
112207 0.1997045990
112291 0.1997030902
112343 0.1997028262
112471 0.1997026108
112636 0.1997022095
112681 0.1997017675
112714 0.1997015478
112771 0.1997007451
112803 0.1996999235
112916 0.1996987101
113215 0.1996983099
113298 0.1996980945
113363 0.1996971318
113510 0.1996964687
113673 0.1996960984
113728 0.1996955074
113741 0.1996950021
113779 0.1996946272
113878 0.1996935195
114014 0.1996934418
114030 0.1996931519
114116 0.1996929793
114141 0.1996928723
114156 0.1996917791
114224 0.1996912687
114670 0.1996906170
115075 0.1996905689
115178 0.1996903998
115202 0.1996892017
115326 0.1996890000
115481 0.1996872289
115738 0.1996869629
115955 0.1996867144
116029 0.1996865255
116319 0.1996855706
116351 0.1996849603
116425 0.1996845110
116962 0.1996844582
117057 0.1996843034
117145 0.1996840727
117234 0.1996839817
117263 0.1996837107
117280 0.1996833630
117292 0.1996832884
117316 0.1996831138
117435 0.1996825610
117569 0.1996824947
117616 0.1996822300
117641 0.1996817124
117769 0.1996815959
117804 0.1996812628
117816 0.1996808615
117918 0.1996807031
118188 0.1996802478
118411 0.1996800437
118604 0.1996799057
118649 0.1996797904
118672 0.1996796182
118912 0.1996794321
119167 0.1996793518
119244 0.1996789939
119322 0.1996785878
119337 0.1996783134
119338 0.1996782473
119417 0.1996780108
119444 0.1996780088
119450 0.1996779076
119511 0.1996774441
119981 0.1996763024
120016 0.1996760575
120033 0.1996759948
120184 0.1996757451
120476 0.1996755061
120606 0.1996750765
120673 0.1996748586
120875 0.1996746678
120993 0.1996741964
121064 0.1996741806
121407 0.1996741701
121482 0.1996736298
121748 0.1996732782
121805 0.1996732565
121823 0.1996730859
121852 0.1996730096
121915 0.1996728051
122245 0.1996727166
122489 0.1996726356
122606 0.1996726204
122770 0.1996725051
122861 0.1996723508
122905 0.1996721394
123012 0.1996719003
123276 0.1996714326
123678 0.1996712993
123898 0.1996711087
123972 0.1996710053
124133 0.1996708689
124250 0.1996703698
124408 0.1996703158
124674 0.1996702985
124683 0.1996700065
125082 0.1996700014
125129 0.1996698112
125260 0.1996697925
125724 0.1996696889
125778 0.1996695228
125878 0.1996695203
125913 0.1996694390
126119 0.1996694179
126126 0.1996694164
126148 0.1996693892
126149 0.1996692841
126201 0.1996692763
126295 0.1996692232
126381 0.1996691085
126485 0.1996689945
126648 0.1996689079
126696 0.1996688517
126800 0.1996687051
126813 0.1996685342
127231 0.1996684311
127343 0.1996683424
127372 0.1996683171
127498 0.1996682237
128142 0.1996682074
128189 0.1996682019
128218 0.1996681936
128233 0.1996681846
128237 0.1996681791
128240 0.1996681539
128263 0.1996681365
128314 0.1996681296
128354 0.1996681289
128368 0.1996681127
128392 0.1996680605
128403 0.1996680345
128486 0.1996680209
128519 0.1996679842
128633 0.1996679646
128754 0.1996679591
128819 0.1996679158
128931 0.1996678377
129280 0.1996677025
129557 0.1996676862
129605 0.1996676723
129630 0.1996676463
130142 0.1996676378
130265 0.1996676225
130327 0.1996676162
130405 0.1996675661
130892 0.1996675489
131089 0.1996675396
131234 0.1996675259
131288 0.1996675190
131597 0.1996675145
131621 0.1996675076
131747 0.1996675067
132019 0.1996674971
132130 0.1996674919
132331 0.1996674827
132601 0.1996674821
132652 0.1996674780
132660 0.1996674762
132770 0.1996674735
132902 0.1996674728
132972 0.1996674721
133019 0.1996674718
133025 0.1996674676
133211 0.1996674668
133286 0.1996674666
133329 0.1996674625
133385 0.1996674625
133568 0.1996674593
133694 0.1996674590
133899 0.1996674560
134065 0.1996674554
134146 0.1996674541
134251 0.1996674528
134265 0.1996674519
134288 0.1996674516
134471 0.1996674503
134492 0.1996674499
134689 0.1996674483
134913 0.1996674477
134958 0.1996674471
135041 0.1996674457
135053 0.1996674452
135065 0.1996674434
135990 0.1996674434
136038 0.1996674427
136132 0.1996674423
136342 0.1996674418
136803 0.1996674416
136899 0.1996674415
137268 0.1996674415
137337 0.1996674415
137689 0.1996674415
137769 0.1996674414
137780 0.1996674414
137798 0.1996674414
137822 0.1996674414
137824 0.1996674414
137880 0.1996674413
138016 0.1996674413
138041 0.1996674413
138064 0.1996674413
138077 0.1996674413
138115 0.1996674413
138140 0.1996674413
138144 0.1996674413
138154 0.1996674413
138178 0.1996674413
138190 0.1996674413
138256 0.1996674413
138271 0.1996674413
138339 0.1996674412
138425 0.1996674412
138506 0.1996674412
138762 0.1996674412
138904 0.1996674412
138914 0.1996674412
138939 0.1996674412
138981 0.1996674412
139099 0.1996674412
139226 0.1996674412
139266 0.1996674412
139477 0.1996674412
139596 0.1996674412
139597 0.1996674412
139615 0.1996674412
139798 0.1996674412
139917 0.1996674412
140065 0.1996674412
140243 0.1996674412
140268 0.1996674412
140332 0.1996674412
140475 0.1996674412
140591 0.1996674412
140646 0.1996674412
140698 0.1996674412
140851 0.1996674412
141062 0.1996674412
141156 0.1996674412
141161 0.1996674412
141185 0.1996674412
141308 0.1996674412
141450 0.1996674412
141692 0.1996674412
141820 0.1996674412
141951 0.1996674412
142273 0.1996674412
142712 0.1996674412
143221 0.1996674412
evaluations raw_y
1 181.8952584558
6 131.3633477264
11 97.0546891804
15 96.4354446307
16 43.5578344218
41 28.8540996454
49 26.4554903529
94 23.9473711742
99 21.4610612493
101 17.8443518309
124 16.6659327762
129 16.1187119847
144 15.9784274664
146 14.2106336278
157 13.1885254496
181 11.3516165991
191 11.2156634195
209 8.9617308375
437 7.9349536897
529 7.4074491202
723 7.0563383662
877 6.5475296969
1676 5.9986974627
2494 5.4560511811
2754 4.5582558903
5480 4.1810218003
11011 3.8467469249
22719 3.7225568450
23203 3.4745413861
24035 3.2165140255
24194 2.6362701950
24342 2.6212870313
24467 2.4047697162
24529 2.3822366268
24556 2.0266006600
24850 1.9629678670
24880 1.2753233246
24892 1.2357144224
25467 1.1839182194
25805 1.1406713770
25944 1.1260215684
26096 1.1065168444
26135 1.0884366033
26137 1.0099641590
26414 1.0026355184
26427 0.9516046735
26478 0.9355224080
26858 0.9119977400
26885 0.8951651789
27444 0.8879835841
27538 0.8856765740
27609 0.8709977868
27635 0.8617153753
27758 0.8610736746
27789 0.8556208505
27850 0.8204818818
27992 0.8145708156
28293 0.8138230759
28460 0.8064150247
28497 0.8016884451
28559 0.7939647606
28649 0.7938027748
28745 0.7822581581
28860 0.7684842673
29017 0.7620832326
29099 0.7569123773
29244 0.7549979516
29273 0.7547848679
29295 0.7383277651
29299 0.7335278392
29501 0.7319599885
29812 0.7233179880
29993 0.7214779244
30017 0.7087900388
30121 0.6968350894
30452 0.6794605846
30784 0.6714311197
31011 0.6622374832
31196 0.6522482116
31392 0.6494290318
31411 0.6386097959
31488 0.6321389711
31654 0.6274213361
31706 0.6241932960
31729 0.6147367791
31917 0.6119952361
32211 0.6018102899
32346 0.5953457869
32367 0.5919223810
32567 0.5843507111
32610 0.5760990910
32823 0.5751871609
32986 0.5743638557
33020 0.5738971811
33094 0.5665240324
33137 0.5587141608
33409 0.5353597562
33428 0.5326739910
33705 0.5268386195
33732 0.5249029374
33826 0.5248314154
33828 0.5078829216
34049 0.5013815971
34129 0.4883851542
34461 0.4830876482
34474 0.4550101903
34824 0.4442457392
34843 0.4410649743
34978 0.4245039874
35032 0.4201599998
35246 0.4177596502
35305 0.4049337094
35316 0.4026838832
35377 0.3907730346
35530 0.3804988324
35715 0.3733599319
35802 0.3627640216
35847 0.3613828662
35989 0.3562448087
36043 0.3552710450
36058 0.3511908952
36104 0.3473708587
36163 0.3450963777
36223 0.3434382012
36280 0.3270082311
36780 0.3263324659
36879 0.3237557929
36934 0.3230590204
36972 0.3197612545
37066 0.3197241249
37108 0.3192479475
37162 0.3192183837
37203 0.3190755168
37240 0.3185883634
37364 0.3172974138
37470 0.3170356417
37501 0.3164359732
37572 0.3159876942
37676 0.3156863219
37724 0.3156611969
37794 0.3154197653
37931 0.3153853907
37957 0.3150670099
38049 0.3148031081
38259 0.3147934748
38322 0.3145984816
38370 0.3145814933
38395 0.3145201167
38408 0.3144708978
38427 0.3144099768
38596 0.3144048273
38806 0.3144008738
38884 0.3143718893
38956 0.3143545681
38974 0.3142692590
39017 0.3142198919
39035 0.3141892329
39050 0.3140853593
39167 0.3140514714
39224 0.3139834736
39254 0.3139355415
39306 0.3139187202
39330 0.3138584207
39518 0.3138503568
39571 0.3138196394
39581 0.3137587444
39688 0.3135395114
39833 0.3135281760
39920 0.3133066134
39927 0.3132895246
39965 0.3132082886
39969 0.3130789210
40442 0.3128515818
40599 0.3126815911
40637 0.3122444474
40748 0.3121147916
40811 0.3114303891
40993 0.3110665459
41064 0.3106865232
41082 0.3106037000
41126 0.3101642818
41278 0.3100239708
41438 0.3098373262
41464 0.3094359550
41583 0.3090502121
41868 0.3089976522
42071 0.3087417400
42147 0.3080481525
42232 0.3072901378
42337 0.3063883942
42570 0.3063108421
42578 0.3062217108
42727 0.3060813713
42750 0.3060768918
42998 0.3060690263
43032 0.3058235865
43067 0.3057955695
43080 0.3056869978
43110 0.3055160145
43148 0.3053264024
43316 0.3053028652
43333 0.3052976039
43350 0.3052715021
43358 0.3052463492
43470 0.3052338126
43489 0.3051366871
43539 0.3050492392
43612 0.3049752550
43805 0.3049697245
44069 0.3049247809
44152 0.3049177787
44160 0.3049140202
44163 0.3049126907
44243 0.3048944337
44308 0.3048743335
44576 0.3048707849
44577 0.3048624677
44648 0.3048601109
44714 0.3048558934
44728 0.3048531173
44777 0.3048464412
44824 0.3048403205
45133 0.3048396142
45218 0.3048392957
45271 0.3048381942
45350 0.3048381170
45591 0.3048354275
45754 0.3048332773
46165 0.3048327171
46269 0.3048315182
46287 0.3048309291
46293 0.3048308857
46313 0.3048297188
46325 0.3048290002
46362 0.3048260516
46406 0.3048237642
46786 0.3048236730
46823 0.3048172849
46970 0.3048165967
46988 0.3048148492
47215 0.3048087201
47380 0.3048041805
47483 0.3047927211
47668 0.3047860551
47745 0.3047730891
48056 0.3047386139
48169 0.3047301473
48209 0.3047237706
48341 0.3047177489
48561 0.3047033032
48715 0.3046920793
48868 0.3046783904
48870 0.3046352565
48935 0.3046205013
49076 0.3045857567
49437 0.3045470399
49510 0.3044712036
49641 0.3044455500
50007 0.3044219782
50009 0.3044207564
50064 0.3044124614
50133 0.3044105028
50180 0.3044049045
50208 0.3043995254
50324 0.3043989361
50349 0.3043851533
50431 0.3043850258
50481 0.3043841517
50498 0.3043830643
50501 0.3043758240
50503 0.3043739466
50554 0.3043735773
50617 0.3043710880
50705 0.3043661302
50707 0.3043658871
50855 0.3043636751
51087 0.3043611463
51141 0.3043598799
51158 0.3043586630
51191 0.3043586408
51265 0.3043584969
51273 0.3043583750
51330 0.3043581401
51356 0.3043578120
51464 0.3043570058
51470 0.3043569826
51513 0.3043567185
51549 0.3043562445
51576 0.3043556688
51680 0.3043555249
51876 0.3043554900
51924 0.3043549243
52062 0.3043545691
52182 0.3043545680
52190 0.3043545043
52215 0.3043544750
52242 0.3043544410
52309 0.3043544308
52335 0.3043544023
52369 0.3043543807
52390 0.3043543758
52435 0.3043543079
52480 0.3043542944
52498 0.3043542656
52565 0.3043542516
52603 0.3043542268
52726 0.3043542008
52782 0.3043541780
52920 0.3043541762
52929 0.3043541752
52955 0.3043541658
53045 0.3043541622
53128 0.3043541596
53256 0.3043541570
53277 0.3043541541
53337 0.3043541514
53495 0.3043541488
53575 0.3043541465
53804 0.3043541462
53842 0.3043541457
53862 0.3043541456
53906 0.3043541456
53908 0.3043541452
53915 0.3043541451
53969 0.3043541450
53994 0.3043541448
54056 0.3043541446
54072 0.3043541445
54253 0.3043541443
54287 0.3043541442
54351 0.3043541440
54558 0.3043541440
54641 0.3043541438
55058 0.3043541438
55137 0.3043541437
55145 0.3043541437
55205 0.3043541437
55231 0.3043541437
55277 0.3043541437
55292 0.3043541437
55337 0.3043541437
55461 0.3043541437
55504 0.3043541437
55550 0.3043541437
55627 0.3043541437
55635 0.3043541437
55762 0.3043541437
55914 0.3043541437
55932 0.3043541437
55971 0.3043541437
56030 0.3043541437
56060 0.3043541437
56103 0.3043541437
56158 0.3043541437
56219 0.3043541437
56327 0.3043541437
56333 0.3043541437
56416 0.3043541437
56461 0.3043541437
56516 0.3043541437
56589 0.3043541437
56618 0.3043541437
56628 0.3043541437
56656 0.3043541437
56782 0.3043541437
56923 0.3043541437
56924 0.3043541437
56945 0.3043541437
56981 0.3043541437
57071 0.3043541437
57079 0.3043541437
57526 0.3043541437
57627 0.3043541437
57638 0.3043541437
57755 0.3043541437
57777 0.3043541437
57820 0.3043541437
57865 0.3043541437
57929 0.3043541437
58295 0.3043541437
58302 0.3043541437
58483 0.3043541437
58534 0.3043541437
58539 0.3043541437
58558 0.3043541437
58559 0.3043541437
58563 0.3043541437
58676 0.3043541437
58756 0.3043541437
58785 0.3043541437
58786 0.3043541437
58815 0.3043541436
59200 0.3043541436
59348 0.3043541436
59516 0.3043541436
59620 0.3043541436
59705 0.3043541436
59841 0.3043541436
59888 0.3043541435
59961 0.3043541435
60047 0.3043541435
60132 0.3043541434
60520 0.3043541433
60553 0.3043541433
60626 0.3043541432
60866 0.3043541431
60972 0.3043541429
61009 0.3043541429
61019 0.3043541427
61161 0.3043541427
61177 0.3043541427
61220 0.3043541425
61282 0.3043541424
61310 0.3043541423
61367 0.3043541419
61398 0.3043541419
61460 0.3043541418
61506 0.3043541412
61568 0.3043541411
61688 0.3043541406
61837 0.3043541402
61999 0.3043541398
62028 0.3043541393
62055 0.3043541383
62693 0.3043541332
62814 0.3043541326
62884 0.3043541317
62921 0.3043541316
62932 0.3043541288
63003 0.3043541271
63139 0.3043541267
63275 0.3043541255
63446 0.3043541214
63720 0.3043541205
63787 0.3043541145
63847 0.3043541116
63875 0.3043541060
63954 0.3043540998
64150 0.3043540986
64158 0.3043540981
64183 0.3043540956
64202 0.3043540951
64235 0.3043540941
64263 0.3043540934
64298 0.3043540921
64336 0.3043540904
64359 0.3043540900
64361 0.3043540887
64371 0.3043540873
64466 0.3043540835
64481 0.3043540785
64637 0.3043540779
64717 0.3043540747
64910 0.3043540742
65003 0.3043540695
65019 0.3043540685
65038 0.3043540533
65133 0.3043540513
65230 0.3043540506
65231 0.3043540382
65420 0.3043540362
65494 0.3043540354
65577 0.3043540218
65615 0.3043540215
65640 0.3043540211
65754 0.3043540072
66063 0.3043540056
66231 0.3043540022
66372 0.3043539834
66538 0.3043539828
66627 0.3043539805
66724 0.3043539765
66750 0.3043539660
66871 0.3043539557
67014 0.3043539550
67038 0.3043539533
67165 0.3043539510
67183 0.3043539378
67375 0.3043539338
67437 0.3043539321
67451 0.3043539234
67523 0.3043539224
67624 0.3043539180
67652 0.3043538983
68029 0.3043538930
68169 0.3043538922
68209 0.3043538918
68230 0.3043538912
68342 0.3043538907
68375 0.3043538882
68421 0.3043538876
68447 0.3043538785
68508 0.3043538621
68659 0.3043538592
68718 0.3043538591
68733 0.3043538571
68745 0.3043538519
68823 0.3043538428
68829 0.3043538395
68937 0.3043538273
69170 0.3043538266
69438 0.3043538259
69504 0.3043538103
69506 0.3043538015
69692 0.3043537902
69847 0.3043537896
69897 0.3043537889
70063 0.3043537838
70099 0.3043537778
70113 0.3043537670
70263 0.3043537646
70341 0.3043537646
70350 0.3043537491
70615 0.3043537480
70643 0.3043537470
70649 0.3043537426
70681 0.3043537388
70691 0.3043537387
70743 0.3043537344
70765 0.3043537322
70793 0.3043537218
71246 0.3043537210
71250 0.3043537206
71278 0.3043537201
71331 0.3043537144
71356 0.3043537105
71363 0.3043537069
71534 0.3043536990
71600 0.3043536897
71695 0.3043536884
71728 0.3043536818
71772 0.3043536689
72030 0.3043536657
72078 0.3043536577
72160 0.3043536551
72191 0.3043536529
72208 0.3043536519
72218 0.3043536508
72260 0.3043536486
72287 0.3043536410
72436 0.3043536401
72457 0.3043536382
72462 0.3043536272
72508 0.3043536248
72546 0.3043536213
72690 0.3043536116
72930 0.3043536054
72959 0.3043536037
72970 0.3043535964
73056 0.3043535911
73140 0.3043535903
73171 0.3043535807
73268 0.3043535786
73271 0.3043535711
73356 0.3043535640
73368 0.3043535591
73422 0.3043535504
73662 0.3043535474
74125 0.3043535447
74138 0.3043535403
74140 0.3043535306
74190 0.3043535297
74224 0.3043535249
74487 0.3043535161
74524 0.3043535101
74543 0.3043534977
74706 0.3043534908
74717 0.3043534867
74831 0.3043534810
74946 0.3043534720
75301 0.3043534624
75515 0.3043534614
75519 0.3043534591
75647 0.3043534490
75870 0.3043534454
75984 0.3043534448
75990 0.3043534425
75993 0.3043534390
76004 0.3043534299
76085 0.3043534285
76124 0.3043534278
76298 0.3043534225
76393 0.3043534215
76427 0.3043534196
76499 0.3043534159
76551 0.3043534105
76642 0.3043534091
76750 0.3043533976
76760 0.3043533900
76920 0.3043533816
76995 0.3043533760
77242 0.3043533743
77391 0.3043533715
77468 0.3043533704
77506 0.3043533652
77511 0.3043533619
77516 0.3043533604
77533 0.3043533598
77545 0.3043533554
77741 0.3043533463
77927 0.3043533427
77956 0.3043533369
78110 0.3043533329
78244 0.3043533323
78251 0.3043533316
78309 0.3043533299
78322 0.3043533263
78355 0.3043533177
78372 0.3043533177
78435 0.3043533163
78463 0.3043533093
78480 0.3043533054
78499 0.3043533005
78609 0.3043532874
78694 0.3043532785
78868 0.3043532669
78945 0.3043532624
79114 0.3043532601
79150 0.3043532524
79467 0.3043532517
79609 0.3043532290
79971 0.3043532255
80184 0.3043532225
80193 0.3043532124
80370 0.3043532013
80456 0.3043531946
80791 0.3043531849
80953 0.3043531834
81022 0.3043531655
81176 0.3043531621
81330 0.3043531604
81438 0.3043531526
81462 0.3043531510
81821 0.3043531489
81822 0.3043531477
81866 0.3043531447
81933 0.3043531431
81934 0.3043531349
82083 0.3043531297
82250 0.3043531256
82323 0.3043531178
82559 0.3043531164
82575 0.3043531149
82586 0.3043531083
82693 0.3043531012
82915 0.3043530969
82980 0.3043530923
83054 0.3043530882
83161 0.3043530839
83187 0.3043530828
83208 0.3043530719
83260 0.3043530713
83306 0.3043530701
83352 0.3043530675
83379 0.3043530567
83452 0.3043530490
83565 0.3043530490
83626 0.3043530391
83810 0.3043530301
83876 0.3043530236
83880 0.3043530220
83926 0.3043530171
83984 0.3043530008
84621 0.3043529788
85017 0.3043529786
85030 0.3043529650
85153 0.3043529580
85298 0.3043529349
85480 0.3043529328
85536 0.3043529177
85982 0.3043529149
86515 0.3043529087
86577 0.3043529058
86588 0.3043529050
86729 0.3043529022
86909 0.3043528925
86975 0.3043528823
87079 0.3043528714
87114 0.3043528712
87212 0.3043528692
87420 0.3043528617
87724 0.3043528568
87764 0.3043528509
87909 0.3043528502
88022 0.3043528485
88026 0.3043528343
88181 0.3043528301
88511 0.3043528290
88555 0.3043528274
88590 0.3043528273
88593 0.3043528179
88693 0.3043528064
88786 0.3043528000
89119 0.3043527996
89129 0.3043527918
89397 0.3043527909
89694 0.3043527909
89720 0.3043527848
89771 0.3043527716
89865 0.3043527708
90021 0.3043527704
90027 0.3043527586
90196 0.3043527575
90199 0.3043527574
90416 0.3043527402
90560 0.3043527361
90789 0.3043527242
90889 0.3043527237
91029 0.3043527225
91153 0.3043527199
91166 0.3043527183
91211 0.3043527152
91279 0.3043527121
91366 0.3043527091
91551 0.3043527055
91592 0.3043527028
91683 0.3043527020
91742 0.3043526940
91746 0.3043526889
91865 0.3043526797
92287 0.3043526772
92361 0.3043526706
92462 0.3043526671
92513 0.3043526655
92550 0.3043526628
92559 0.3043526270
92796 0.3043526074
93092 0.3043526003
93992 0.3043525918
94003 0.3043525820
94146 0.3043525788
94158 0.3043525761
94275 0.3043525728
94305 0.3043525623
94505 0.3043525579
94577 0.3043525455
95022 0.3043525358
95149 0.3043525347
95279 0.3043525320
95283 0.3043525319
95312 0.3043525317
95333 0.3043525302
95399 0.3043525211
95408 0.3043525128
95477 0.3043525128
95566 0.3043525098
95678 0.3043525059
95891 0.3043525043
96018 0.3043524986
96653 0.3043524966
96670 0.3043524948
96673 0.3043524901
96712 0.3043524872
96840 0.3043524835
96884 0.3043524824
96934 0.3043524813
97178 0.3043524719
97476 0.3043524669
97530 0.3043524664
97560 0.3043524646
97634 0.3043524541
97713 0.3043524541
97731 0.3043524518
97850 0.3043524496
97920 0.3043524422
98002 0.3043524386
98152 0.3043524306
98276 0.3043524289
98378 0.3043524221
98422 0.3043524183
98556 0.3043524161
98745 0.3043524031
98947 0.3043523964
99318 0.3043523884
99337 0.3043523875
99371 0.3043523774
99591 0.3043523757
99630 0.3043523755
99672 0.3043523703
99700 0.3043523702
99757 0.3043523679
99843 0.3043523584
99948 0.3043523431
100035 0.3043523425
100130 0.3043523421
100163 0.3043523383
100189 0.3043523366
100204 0.3043523335
100240 0.3043523272
100324 0.3043523159
100538 0.3043523098
100749 0.3043523030
100766 0.3043522849
100957 0.3043522796
101244 0.3043522743
101337 0.3043522536
101429 0.3043522514
101788 0.3043522477
101806 0.3043522432
101864 0.3043522390
101949 0.3043522323
102006 0.3043522282
102012 0.3043522252
102089 0.3043522204
102377 0.3043522199
102426 0.3043522184
102546 0.3043522174
102708 0.3043522165
102768 0.3043522153
102774 0.3043522151
102812 0.3043522094
102949 0.3043522017
103041 0.3043521861
103320 0.3043521853
103520 0.3043521792
103911 0.3043521760
103913 0.3043521750
104017 0.3043521721
104028 0.3043521685
104062 0.3043521660
104144 0.3043521595
104146 0.3043521496
104373 0.3043521486
104401 0.3043521473
104678 0.3043521283
104826 0.3043521245
105078 0.3043521202
105174 0.3043521056
105361 0.3043520999
105445 0.3043520955
105543 0.3043520815
105670 0.3043520803
106267 0.3043520667
106328 0.3043520547
106574 0.3043520514
106642 0.3043520482
106699 0.3043520442
106837 0.3043520425
106923 0.3043520371
107038 0.3043520296
107041 0.3043520293
107043 0.3043520174
107134 0.3043520124
107496 0.3043520107
107743 0.3043520105
107787 0.3043520070
107868 0.3043520040
107911 0.3043519950
107974 0.3043519919
107987 0.3043519908
107988 0.3043519825
107994 0.3043519804
108014 0.3043519789
108173 0.3043519779
108284 0.3043519747
108307 0.3043519714
108450 0.3043519669
108474 0.3043519653
108475 0.3043519651
108484 0.3043519635
108554 0.3043519498
108598 0.3043519490
108667 0.3043519489
108677 0.3043519487
108723 0.3043519477
108800 0.3043519376
108872 0.3043519251
109026 0.3043519217
109069 0.3043519195
109099 0.3043519164
109107 0.3043519072
109178 0.3043519023
109195 0.3043518908
109455 0.3043518755
109746 0.3043518686
109855 0.3043518575
109859 0.3043518554
109887 0.3043518483
110318 0.3043518473
110521 0.3043518453
110583 0.3043518367
110742 0.3043518337
110806 0.3043518226
111108 0.3043518193
111186 0.3043518170
111245 0.3043518168
111281 0.3043518089
111371 0.3043518045
111463 0.3043517946
111489 0.3043517943
111514 0.3043517921
111533 0.3043517899
111610 0.3043517892
111711 0.3043517874
111721 0.3043517831
111858 0.3043517772
112148 0.3043517747
112241 0.3043517583
112248 0.3043517562
112298 0.3043517522
112544 0.3043517518
112567 0.3043517498
112595 0.3043517486
112613 0.3043517481
112717 0.3043517463
112793 0.3043517332
112932 0.3043517301
112992 0.3043517295
113128 0.3043517268
113150 0.3043517215
113251 0.3043517194
113292 0.3043517183
113323 0.3043517020
113328 0.3043517009
113417 0.3043516839
113837 0.3043516733
114159 0.3043516658
114231 0.3043516634
114586 0.3043516596
114641 0.3043516595
114647 0.3043516480
114765 0.3043516372
114958 0.3043516368
115002 0.3043516329
115181 0.3043516318
115270 0.3043516243
115317 0.3043516184
115334 0.3043516143
115436 0.3043516079
115559 0.3043516003
115768 0.3043515980
115833 0.3043515949
115869 0.3043515916
116127 0.3043515860
116245 0.3043515821
116397 0.3043515817
116453 0.3043515588
116675 0.3043515555
116931 0.3043515522
116973 0.3043515491
117060 0.3043515422
117085 0.3043515317
117466 0.3043515212
119220 0.3043515086
119297 0.3043515057
119391 0.3043515034
119426 0.3043514973
119568 0.3043514973
119684 0.3043514791
120086 0.3043514753
120227 0.3043514628
120564 0.3043514471
120855 0.3043514286
121254 0.3043514197
121334 0.3043514122
121447 0.3043514115
121470 0.3043514080
121560 0.3043514012
121580 0.3043514008
121668 0.3043513863
121836 0.3043513820
121852 0.3043513752
122283 0.3043513664
122688 0.3043513598
122861 0.3043513466
122911 0.3043513455
123071 0.3043513125
123562 0.3043513114
123756 0.3043513049
123827 0.3043513041
123925 0.3043512926
124356 0.3043512921
124529 0.3043512888
124731 0.3043512879
124734 0.3043512859
124754 0.3043512810
124961 0.3043512715
125492 0.3043512681
125558 0.3043512638
125708 0.3043512575
125847 0.3043512346
126414 0.3043512341
126435 0.3043512090
127052 0.3043512071
127070 0.3043511955
127316 0.3043511943
127347 0.3043511872
127403 0.3043511871
127449 0.3043511790
127463 0.3043511763
127494 0.3043511710
127743 0.3043511666
127976 0.3043511580
128107 0.3043511568
128113 0.3043511481
128201 0.3043511447
128278 0.3043511433
128341 0.3043511383
128349 0.3043511340
128515 0.3043511284
128661 0.3043511253
128770 0.3043511201
129094 0.3043511150
129182 0.3043511134
129204 0.3043511099
129219 0.3043511075
129267 0.3043511044
129381 0.3043511042
129493 0.3043510964
129554 0.3043510896
129565 0.3043510859
129772 0.3043510852
129889 0.3043510783
129956 0.3043510735
130001 0.3043510672
130193 0.3043510667
130349 0.3043510593
130479 0.3043510581
130548 0.3043510535
130605 0.3043510446
130699 0.3043510441
130928 0.3043510421
130960 0.3043510400
131169 0.3043510388
131177 0.3043510365
131196 0.3043510330
131247 0.3043510266
131264 0.3043510266
131312 0.3043510264
131371 0.3043510260
131403 0.3043510243
131421 0.3043510195
131512 0.3043510180
131610 0.3043510170
131666 0.3043510125
131770 0.3043510017
131817 0.3043509981
131839 0.3043509916
132015 0.3043509878
132025 0.3043509876
132088 0.3043509816
132209 0.3043509784
132225 0.3043509761
132229 0.3043509549
132735 0.3043509483
132945 0.3043509470
133046 0.3043509325
133366 0.3043509270
133402 0.3043509212
133484 0.3043509204
133485 0.3043509138
133496 0.3043509135
133539 0.3043509073
133665 0.3043509018
133696 0.3043508898
134165 0.3043508791
134469 0.3043508757
134473 0.3043508709
134624 0.3043508574
134819 0.3043508568
134825 0.3043508532
134843 0.3043508516
134887 0.3043508450
134976 0.3043508387
134987 0.3043508373
134992 0.3043508364
134993 0.3043508226
135257 0.3043508123
135306 0.3043508119
135383 0.3043508005
135615 0.3043507977
135759 0.3043507754
135826 0.3043507691
135916 0.3043507565
135967 0.3043507560
135983 0.3043507526
136021 0.3043507438
136029 0.3043507411
136106 0.3043507372
136349 0.3043507295
137034 0.3043507276
137111 0.3043507198
137313 0.3043507158
137485 0.3043507134
137521 0.3043507128
137540 0.3043507069
137718 0.3043506893
137935 0.3043506857
138251 0.3043506827
138270 0.3043506791
138315 0.3043506783
138363 0.3043506748
138625 0.3043506672
138991 0.3043506633
139062 0.3043506602
139299 0.3043506524
139550 0.3043506500
140029 0.3043506371
140429 0.3043506352
140557 0.3043506277
140625 0.3043506212
140757 0.3043506141
141045 0.3043506083
141438 0.3043506022
141538 0.3043505821
142300 0.3043505737
142399 0.3043505719
142517 0.3043505712
142600 0.3043505678
142627 0.3043505652
142839 0.3043505572
142893 0.3043505506
142958 0.3043505487
142984 0.3043505435
143091 0.3043505427
143148 0.3043505415
143160 0.3043505342
143387 0.3043505109
143574 0.3043505015
143848 0.3043505008
143851 0.3043505006
143951 0.3043504811
144100 0.3043504787
144532 0.3043504755
144650 0.3043504711
144661 0.3043504693
144683 0.3043504570
144808 0.3043504451
144962 0.3043504423
145594 0.3043504263
145623 0.3043504222
145713 0.3043504181
145786 0.3043504090
145947 0.3043504077
146068 0.3043503870
146406 0.3043503829
146553 0.3043503781
146865 0.3043503769
147033 0.3043503720
147670 0.3043503579
147827 0.3043503552
147903 0.3043503494
148046 0.3043503451
148135 0.3043503408
148217 0.3043503371
148247 0.3043503332
148446 0.3043503282
148515 0.3043503088
148540 0.3043503031
149102 0.3043502978
149190 0.3043502946
149269 0.3043502917
149319 0.3043502889
149445 0.3043502805
149476 0.3043502740
149723 0.3043502635
150421 0.3043502541
150459 0.3043502532
150724 0.3043502426
150849 0.3043502423
150903 0.3043502408
150918 0.3043502392
150999 0.3043502315
151090 0.3043502289
151171 0.3043502278
151232 0.3043502189
151269 0.3043502178
151383 0.3043502136
151457 0.3043502129
151568 0.3043502088
151823 0.3043501913
151968 0.3043501894
152102 0.3043501845
152252 0.3043501780
152383 0.3043501737
152408 0.3043501478
152523 0.3043501391
152593 0.3043501230
152950 0.3043501152
152992 0.3043501090
153504 0.3043501085
153697 0.3043501003
153742 0.3043500966
153772 0.3043500878
153868 0.3043500850
154002 0.3043500732
154502 0.3043500707
154547 0.3043500671
155063 0.3043500602
155101 0.3043500598
155294 0.3043500587
155379 0.3043500470
155501 0.3043500452
155512 0.3043500422
155586 0.3043500364
155646 0.3043500258
155917 0.3043500189
156044 0.3043500163
156055 0.3043500069
156120 0.3043500050
156130 0.3043500025
156262 0.3043499912
156422 0.3043499889
156627 0.3043499778
156863 0.3043499747
156926 0.3043499613
156940 0.3043499592
157344 0.3043499464
157995 0.3043499460
158198 0.3043499433
158350 0.3043499414
158416 0.3043499377
158603 0.3043499342
158621 0.3043499224
158720 0.3043499189
158781 0.3043499181
158908 0.3043499044
159074 0.3043499033
159253 0.3043498998
159411 0.3043498847
159684 0.3043498784
159722 0.3043498742
159816 0.3043498660
160063 0.3043498627
160234 0.3043498620
160327 0.3043498582
160421 0.3043498504
160652 0.3043498472
160751 0.3043498412
160821 0.3043498408
160946 0.3043498403
160998 0.3043498358
161110 0.3043498340
161128 0.3043498313
161180 0.3043498261
161211 0.3043498250
161244 0.3043498235
161298 0.3043498234
161334 0.3043498160
161336 0.3043498144
161368 0.3043498127
161522 0.3043498039
161545 0.3043497910
161762 0.3043497805
162261 0.3043497760
162281 0.3043497727
162378 0.3043497676
162493 0.3043497664
162518 0.3043497586
162603 0.3043497521
162917 0.3043497302
163573 0.3043497233
163704 0.3043497218
163744 0.3043497212
163833 0.3043497201
163916 0.3043497148
164123 0.3043497087
164304 0.3043497014
164312 0.3043496996
164322 0.3043496900
164603 0.3043496783
164604 0.3043496781
164865 0.3043496772
164920 0.3043496726
164932 0.3043496691
164984 0.3043496597
165092 0.3043496597
165128 0.3043496553
165271 0.3043496486
165421 0.3043496458
165665 0.3043496457
165765 0.3043496413
165930 0.3043496368
166081 0.3043496298
166177 0.3043496295
166288 0.3043496281
166313 0.3043496271
166389 0.3043496254
166416 0.3043496225
166554 0.3043496217
166717 0.3043496140
166768 0.3043496071
166890 0.3043495914
167224 0.3043495879
167347 0.3043495832
167662 0.3043495826
167746 0.3043495803
167826 0.3043495782
167906 0.3043495770
167928 0.3043495741
168110 0.3043495727
168254 0.3043495672
168347 0.3043495646
168385 0.3043495633
168469 0.3043495602
168524 0.3043495599
168532 0.3043495592
168587 0.3043495561
168601 0.3043495456
168763 0.3043495430
169003 0.3043495348
169043 0.3043495270
169317 0.3043495266
169502 0.3043495128
169609 0.3043495125
169675 0.3043495092
169684 0.3043495060
169707 0.3043495050
169722 0.3043495001
169857 0.3043494990
170030 0.3043494904
170308 0.3043494882
170371 0.3043494870
170385 0.3043494739
170832 0.3043495128
evaluations raw_y
1 65.6098301070
6 34.7977211553
23 33.1809749887
30 27.2451908114
39 21.0726924227
44 20.6619692346
60 16.9141166982
79 13.5277868738
121 13.1242587396
147 12.1273770474
176 11.5092170652
216 10.2156778106
309 9.4574553157
325 8.8700790201
361 7.4422853129
570 7.4198632884
583 7.2363825366
681 7.1982509082
922 6.7964287552
1279 6.4730568211
1770 6.4298696872
1833 6.3699089927
1998 6.2923308140
3254 6.2235033422
3861 5.9292124611
4550 5.4219926924
6461 5.0066398032
7161 4.5257321645
9149 4.1922390219
19112 3.9719372767
19624 3.8138375119
22190 3.7118825142
22502 3.7066628911
23300 3.1223737849
23563 2.5106516909
26466 2.0842432570
29769 1.6949310804
31348 1.6312873932
31734 1.2937854376
32517 1.1637566212
32978 0.8567668689
33434 0.7528499416
33732 0.5099963086
34731 0.4998472810
34931 0.4378779561
35192 0.4113535920
35238 0.4000527039
35281 0.3996881943
35457 0.3764330909
35483 0.3537840406
35507 0.3225784172
36303 0.3192311993
36329 0.3142943473
36536 0.3135232879
36572 0.3127403588
36575 0.2965573591
36740 0.2909548472
36753 0.2879316569
36825 0.2721180277
37416 0.2676760090
37879 0.2672205040
37906 0.2657579073
37980 0.2643246658
37999 0.2639355616
38212 0.2633329646
38297 0.2624529665
38346 0.2612590395
38658 0.2602125985
38730 0.2597546231
38793 0.2586991108
38843 0.2584982598
38927 0.2581285207
38963 0.2578142065
39274 0.2576125924
39279 0.2573613475
39415 0.2568708022
39497 0.2562106909
39587 0.2560265894
39668 0.2559371801
39933 0.2558961584
40050 0.2552922479
40065 0.2550402246
40107 0.2549694817
40273 0.2537886961
40452 0.2535251209
40537 0.2533374576
40615 0.2531575863
40680 0.2530686023
40694 0.2519194806
40838 0.2515542444
40850 0.2506078843
40950 0.2491857821
41256 0.2489574397
41273 0.2488710468
41321 0.2478383463
41329 0.2468924080
41457 0.2467692159
41547 0.2466865406
41557 0.2459274596
41572 0.2458550072
41637 0.2455022086
41659 0.2437428340
41712 0.2428925807
41742 0.2426823718
41847 0.2421195121
42018 0.2392073655
42295 0.2389343635
42337 0.2386369738
42508 0.2384933186
42557 0.2365628392
42581 0.2354571381
42746 0.2341468358
42974 0.2335565950
43078 0.2327767195
43155 0.2325476004
43186 0.2324043362
43219 0.2322054799
43229 0.2321127453
43233 0.2312857508
43252 0.2297860317
43335 0.2296155982
43394 0.2292963933
43444 0.2290444011
43479 0.2290310186
43481 0.2280230648
43554 0.2266519239
43629 0.2259151593
43706 0.2256182730
43796 0.2248563180
43860 0.2239757438
44208 0.2225095677
44335 0.2218292405
44442 0.2217641012
44664 0.2217617286
44670 0.2216363425
44756 0.2213821844
44772 0.2211427176
44795 0.2202650014
45052 0.2200498631
45206 0.2200310418
45332 0.2197966771
45365 0.2197933421
45381 0.2196362704
45453 0.2195710428
45506 0.2195547417
45528 0.2194956993
45569 0.2193532347
45678 0.2192508944
45794 0.2190687868
45866 0.2185843382
45951 0.2181961739
46009 0.2180600003
46060 0.2175388240
46777 0.2173260409
46858 0.2173153465
46866 0.2170115259
46907 0.2169158850
46934 0.2159301115
47048 0.2154551316
47402 0.2147068340
47546 0.2146764271
47573 0.2142695185
47618 0.2134572825
47671 0.2134199525
47675 0.2128483826
47684 0.2125659245
47705 0.2121562980
47781 0.2113662041
47879 0.2109841871
47952 0.2107623760
48113 0.2100651031
48252 0.2094775964
48293 0.2079820429
48373 0.2076092786
48562 0.2075330853
48722 0.2067668113
48793 0.2052480985
48958 0.2050519717
49260 0.2039423710
49470 0.2030427500
49655 0.2029504037
49825 0.2026210601
49888 0.2021430473
50074 0.2019569149
50164 0.2014211357
50337 0.2013103591
50392 0.2012770289
50621 0.2012631200
50667 0.2012420191
50672 0.2012208909
50681 0.2011941600
50712 0.2010380547
50749 0.2010143875
50757 0.2009017803
50788 0.2008833163
50889 0.2007135249
51017 0.2005692357
51290 0.2004972360
51318 0.2003937336
51586 0.2003894990
51823 0.2003056976
51879 0.2002755999
51889 0.2000748110
51893 0.1999265517
51963 0.1998823440
52020 0.1998519613
52051 0.1998173043
52223 0.1998089878
52329 0.1996363375
52474 0.1995785166
52704 0.1995198711
52708 0.1994534296
52733 0.1994312417
52776 0.1993384813
52807 0.1993329987
52861 0.1993111023
52870 0.1993002869
53023 0.1992693758
53187 0.1991658393
53353 0.1991344966
53516 0.1990480408
53663 0.1990357042
53704 0.1990224371
53721 0.1990185251
53745 0.1989959524
53797 0.1989733004
53877 0.1989530275
54021 0.1988983253
54164 0.1988665157
54899 0.1988054349
54950 0.1987896013
54985 0.1987775117
55108 0.1987202491
55287 0.1987193821
55307 0.1986305387
55683 0.1986199121
55912 0.1986190027
55927 0.1986142424
55945 0.1985968157
56097 0.1985951416
56101 0.1985481875
56275 0.1985353466
56324 0.1984872470
56375 0.1984563441
56492 0.1984493036
56545 0.1984396703
56592 0.1984233943
56707 0.1983788375
56911 0.1983442995
57151 0.1983413992
57272 0.1983281137
57273 0.1983273195
57319 0.1983229618
57320 0.1982764903
57459 0.1982478762
57590 0.1982363547
57626 0.1982018782
57627 0.1981901796
57695 0.1981705650
57997 0.1981633470
58350 0.1980871577
58625 0.1980813635
58874 0.1980588381
58967 0.1980458623
59058 0.1980274692
59163 0.1980267637
59184 0.1980190932
59296 0.1980168071
59307 0.1979940167
59461 0.1979919413
59535 0.1979828769
59543 0.1979705930
59645 0.1979356623
59669 0.1979292983
59942 0.1979261657
59998 0.1979076473
60275 0.1978793235
60283 0.1978534036
60310 0.1978274229
60391 0.1978202663
60396 0.1977988770
60680 0.1977945949
60689 0.1977445452
60702 0.1977320245
60741 0.1977159572
60804 0.1976992010
60820 0.1976447936
60892 0.1976316758
60936 0.1975764488
61071 0.1975437420
61237 0.1975169035
61260 0.1974872743
61283 0.1973559846
61302 0.1973401793
61674 0.1972937133
61758 0.1971747353
61773 0.1971526435
62033 0.1971447926
62157 0.1971025823
62385 0.1970712549
62482 0.1970634436
62496 0.1969852221
62505 0.1969559669
62589 0.1969404088
62618 0.1969339312
62648 0.1969114103
62671 0.1968936174
62736 0.1968568321
62811 0.1968285455
62875 0.1968163262
62924 0.1967732484
62935 0.1967016131
63364 0.1966775483
63389 0.1966533741
63540 0.1966307212
63562 0.1966241076
63578 0.1965921357
63672 0.1965762001
63688 0.1965729584
63775 0.1965651979
63781 0.1965394370
63823 0.1964983537
63968 0.1964529611
64064 0.1963640661
64175 0.1963182923
64276 0.1961900133
64289 0.1961594989
64294 0.1961470685
64348 0.1961389631
64372 0.1960254528
64532 0.1959562114
64552 0.1958098418
64740 0.1958069393
64765 0.1956835261
64846 0.1955495500
64858 0.1954722709
64929 0.1953652689
64946 0.1953398927
64978 0.1951527817
65014 0.1951139634
65037 0.1950784045
65234 0.1949642735
65368 0.1948694798
65437 0.1948449919
65445 0.1947687204
65464 0.1946438260
65558 0.1943789544
65814 0.1938108794
65996 0.1937067256
66064 0.1935788855
66305 0.1933754077
66399 0.1929724305
66469 0.1929517603
66538 0.1923468672
66707 0.1923420701
66825 0.1922802275
66986 0.1921119000
67132 0.1920913662
67178 0.1920859173
67224 0.1919376884
67304 0.1919204087
67312 0.1918754369
67325 0.1918617401
67348 0.1917612907
67396 0.1916580449
67449 0.1916042637
67453 0.1916015619
67462 0.1915807463
67494 0.1913213663
67567 0.1912609141
67697 0.1909497840
67821 0.1908511935
68214 0.1908077176
68267 0.1905446950
68304 0.1902792599
68310 0.1902170482
68350 0.1899783861
68551 0.1899009946
68677 0.1897471536
68689 0.1896740008
69117 0.1891943007
69158 0.1891470368
69167 0.1889335486
69438 0.1885426008
69510 0.1884392352
69555 0.1883437803
69608 0.1880458780
69767 0.1879745205
69829 0.1879497515
69833 0.1876231579
69950 0.1875626900
70336 0.1875055797
70373 0.1872744981
70411 0.1870394673
70633 0.1869558274
70716 0.1868200054
70812 0.1868082740
70927 0.1867765403
71040 0.1867171963
71091 0.1865118422
71137 0.1863469302
71585 0.1861524504
71615 0.1860494438
71655 0.1860417594
71785 0.1859920006
71867 0.1859655074
71933 0.1857414279
72201 0.1853305324
72680 0.1852902936
72789 0.1851118515
72842 0.1849399631
72945 0.1848613713
73136 0.1846881523
73325 0.1846013261
73417 0.1845881057
73436 0.1845836405
73450 0.1845625420
73458 0.1845203077
73480 0.1843972756
73691 0.1843338178
73814 0.1841612566
73895 0.1841393656
73951 0.1841080676
73993 0.1838436119
74072 0.1837727306
74161 0.1836742333
74173 0.1834111008
74346 0.1831382442
74393 0.1831205130
74649 0.1824098940
74782 0.1823444564
74802 0.1822662478
74908 0.1821890666
74951 0.1818195845
75032 0.1813087265
75247 0.1812335557
75259 0.1806793597
75509 0.1805764673
75528 0.1803960388
75574 0.1799916076
75582 0.1799576794
75600 0.1799180330
75625 0.1798629594
75663 0.1795225597
75688 0.1794382475
75731 0.1786228203
76002 0.1784758802
76052 0.1783758878
76058 0.1780098957
76107 0.1777945201
76258 0.1776123392
76273 0.1774478141
76313 0.1768878226
76530 0.1765362634
76758 0.1762581507
76855 0.1761139520
76973 0.1758721517
77046 0.1758000072
77121 0.1756887087
77207 0.1755624568
77232 0.1753581023
77323 0.1752848652
77333 0.1752724321
77362 0.1751634801
77376 0.1749656876
77552 0.1749655309
77576 0.1743501934
77718 0.1743190581
78055 0.1743092352
78109 0.1742359152
78163 0.1738342369
78251 0.1738034222
78291 0.1736930257
78369 0.1735706452
78482 0.1735664901
78518 0.1729685047
78938 0.1727423830
79115 0.1727064554
79164 0.1726264860
79259 0.1726143530
79402 0.1724712837
79472 0.1719477887
79649 0.1715896998
80094 0.1714706754
80212 0.1713130062
80256 0.1712727565
80319 0.1709810880
80387 0.1709639901
80436 0.1708353793
80577 0.1707970943
80880 0.1706318277
81032 0.1705900857
81113 0.1705806485
81227 0.1705376588
81234 0.1704952707
81310 0.1703460838
81508 0.1702978795
81617 0.1702670546
81645 0.1702220216
81653 0.1701709791
81959 0.1701706573
81978 0.1700525793
82001 0.1699461696
82006 0.1698839139
82087 0.1697971357
82287 0.1697750784
82417 0.1695971492
82678 0.1694800678
82793 0.1693219451
82813 0.1693194449
82890 0.1691354702
83148 0.1689072803
83302 0.1688893417
83317 0.1687658878
83471 0.1685342917
83752 0.1684697599
83774 0.1683346063
83823 0.1683294629
83825 0.1682631227
83920 0.1682475444
83960 0.1682340838
83965 0.1680176970
83972 0.1679231994
84182 0.1677752052
84214 0.1677153078
84224 0.1676731227
84434 0.1675950383
84492 0.1672446080
84854 0.1671744430
84939 0.1669492573
85012 0.1668239778
85046 0.1667077512
85338 0.1664635317
85369 0.1663503561
85606 0.1662435547
85882 0.1661113246
85938 0.1660722073
86107 0.1660233429
86126 0.1659358707
86135 0.1658995703
86272 0.1658049824
86328 0.1658019372
86399 0.1657459384
86470 0.1657045435
86520 0.1655564587
86542 0.1655471156
86587 0.1655035496
86598 0.1654816521
86631 0.1654411698
86673 0.1653908826
86676 0.1653790722
86686 0.1653427813
86705 0.1653241179
86795 0.1651455450
87076 0.1648981292
87093 0.1648562882
87173 0.1647830597
87184 0.1647574149
87204 0.1647562524
87311 0.1647074297
87339 0.1646761641
87358 0.1646130034
87370 0.1644533064
87409 0.1643630502
87415 0.1642723287
87540 0.1642201680
87619 0.1641105335
87654 0.1641067715
87697 0.1641010863
87703 0.1636943518
87848 0.1631960745
88014 0.1630457885
88229 0.1629722838
88492 0.1629553965
88663 0.1628699745
88708 0.1627848523
88737 0.1626304691
88749 0.1623180041
89174 0.1623004924
89188 0.1619499853
89335 0.1618913529
89539 0.1616958158
89650 0.1615590852
89729 0.1614562164
90467 0.1614362774
90479 0.1613184477
90490 0.1608859244
91115 0.1608761923
91122 0.1608746143
91138 0.1608503948
91182 0.1608434006
91186 0.1607574380
91204 0.1607054106
91404 0.1606936728
91414 0.1606124957
91444 0.1605884658
91473 0.1605606806
91529 0.1605509428
91635 0.1605250907
91809 0.1604095169
91996 0.1603593766
92188 0.1603240656
92249 0.1602136258
92344 0.1601184576
92384 0.1601070894
92395 0.1600832032
92670 0.1599935643
92964 0.1599568432
92973 0.1599164756
93148 0.1598331989
93197 0.1598092622
93296 0.1596880102
93449 0.1596694001
93488 0.1595854016
93508 0.1595076769
93725 0.1595056706
93774 0.1595037573
93777 0.1594568160
93793 0.1594404198
93847 0.1593630847
93848 0.1592824187
93939 0.1592657761
93986 0.1592398111
94023 0.1592281357
94050 0.1591612278
94061 0.1590525624
94251 0.1590501097
94583 0.1589571257
94651 0.1588867396
94858 0.1588132391
94943 0.1588017266
94954 0.1586737625
95013 0.1585465053
95204 0.1585147813
95241 0.1585001977
95331 0.1585001177
95338 0.1584318759
95416 0.1584120645
95545 0.1582827734
95627 0.1582775351
95708 0.1581818821
95781 0.1581666470
95945 0.1581447549
95984 0.1580977944
96108 0.1580919930
96168 0.1580655312
96201 0.1580013040
96496 0.1579829554
96603 0.1579317532
96633 0.1579125780
96825 0.1578409602
96893 0.1578355176
96909 0.1577936447
96930 0.1577766504
96998 0.1576968518
97015 0.1576724721
97279 0.1576568890
97305 0.1576384163
97413 0.1576213821
97470 0.1576089581
97505 0.1575991516
97583 0.1575914142
97617 0.1575435472
97652 0.1574632950
97978 0.1574409782
98011 0.1574366368
98157 0.1573664639
98768 0.1572980926
98883 0.1572811077
99087 0.1572716291
99136 0.1572605115
99152 0.1572271525
99188 0.1572204677
99193 0.1572152819
99228 0.1572081030
99266 0.1572016728
99389 0.1571984129
99425 0.1571900406
99456 0.1571427978
99584 0.1571269399
100002 0.1571208520
100030 0.1571132784
100046 0.1571053490
100049 0.1570921347
100128 0.1570835616
100205 0.1570806429
100231 0.1570705577
100465 0.1570492553
100596 0.1570303835
100784 0.1570295082
100920 0.1570162119
100955 0.1570159998
101045 0.1570044077
101241 0.1569713420
101277 0.1569492250
101407 0.1569484887
101434 0.1569348364
101715 0.1568829026
102060 0.1568775384
102079 0.1568687900
102108 0.1568271447
102153 0.1568267751
102220 0.1568231305
102225 0.1568181255
102257 0.1567875348
102288 0.1567774865
102356 0.1567627253
102520 0.1567462088
102652 0.1567412457
102688 0.1567360290
102703 0.1566877822
102855 0.1566664585
102924 0.1566435020
102974 0.1565819902
103119 0.1565788654
103156 0.1565569161
103249 0.1565321865
103328 0.1565068163
103472 0.1563975905
103922 0.1563957073
103955 0.1563831921
104017 0.1562887512
104177 0.1562821022
104185 0.1562104825
104236 0.1561537848
104473 0.1561217926
104571 0.1560797021
104662 0.1559312281
104937 0.1559220233
104938 0.1558736665
105010 0.1558711322
105054 0.1558307677
105064 0.1558169081
105236 0.1556689549
105404 0.1556394404
105479 0.1555728622
105570 0.1555589966
105571 0.1555165203
105632 0.1554889667
105800 0.1554121813
105866 0.1553224376
105942 0.1552539890
106079 0.1551439072
106190 0.1551170571
106352 0.1550468986
106365 0.1548848896
106667 0.1548602021
106685 0.1547881926
106689 0.1546977510
107167 0.1545511667
107344 0.1545406654
107486 0.1544410601
107551 0.1544284554
107601 0.1542907162
107687 0.1542788905
107821 0.1542548729
107834 0.1540492585
108083 0.1539933442
108229 0.1539711470
108367 0.1539275845
108370 0.1538543438
108616 0.1537374559
108646 0.1537281529
108861 0.1536847593
108901 0.1536463872
109284 0.1536442199
109295 0.1535317405
109342 0.1535208375
109396 0.1534818535
109509 0.1534206088
109664 0.1533893702
109666 0.1532987665
109796 0.1532657552
109811 0.1532414052
109883 0.1532340625
109960 0.1530949158
110174 0.1530840011
110253 0.1529979309
110340 0.1529536965
110615 0.1529239562
110953 0.1528373625
111016 0.1528074715
111032 0.1527834476
111082 0.1527266592
111095 0.1527260733
111121 0.1526354541
111151 0.1525796934
111218 0.1525694233
111304 0.1525094891
111481 0.1524973422
111518 0.1523772267
111688 0.1523715055
111734 0.1523568751
111864 0.1523549962
111969 0.1522919653
112053 0.1522853905
112077 0.1522050401
112145 0.1522021403
112172 0.1521479455
112226 0.1521040459
112525 0.1520931789
112603 0.1520771440
112633 0.1519838783
112675 0.1519762549
112857 0.1519354351
113099 0.1519304889
113202 0.1519258742
113456 0.1519105378
113506 0.1518848269
113563 0.1518845102
113601 0.1518702925
113653 0.1518607866
113689 0.1518539711
113760 0.1518445091
114037 0.1518413813
114067 0.1518329150
114111 0.1518158822
114119 0.1518124580
114142 0.1517873161
114194 0.1517697172
114238 0.1517648307
114707 0.1517526268
114874 0.1517415907
114939 0.1517250507
114957 0.1517073519
115252 0.1517035463
115289 0.1516917349
115314 0.1516802307
115496 0.1516782704
115544 0.1516719479
115591 0.1516594945
115618 0.1516553171
115858 0.1516517995
115983 0.1516361972
115991 0.1516315530
116175 0.1516229490
116187 0.1516143998
116323 0.1516048856
116371 0.1515884799
116431 0.1515855681
116556 0.1515822958
116597 0.1515666479
116766 0.1515503264
116887 0.1515364792
116926 0.1515193589
117037 0.1515127264
117229 0.1514887649
117272 0.1514840366
117391 0.1514547013
117546 0.1514519199
117705 0.1514229359
117898 0.1513893941
118108 0.1513868506
118151 0.1513404519
118288 0.1512969983
118415 0.1512729820
118478 0.1512533649
118601 0.1512120229
118935 0.1511988396
118976 0.1511813672
119074 0.1511626535
119222 0.1511296965
119390 0.1511259443
119532 0.1511209164
119564 0.1510893024
119585 0.1510385847
119794 0.1509980149
119858 0.1509900733
119923 0.1509383544
120188 0.1508621239
120387 0.1508274488
120499 0.1508218754
120528 0.1507571146
120567 0.1507182068
120713 0.1507054954
120829 0.1506920321
120902 0.1506603104
121038 0.1506167133
121191 0.1505897778
121412 0.1505535710
121469 0.1505230685
121601 0.1504877902
121698 0.1504507617
121824 0.1504097900
122016 0.1503992845
122039 0.1503975386
122040 0.1503960780
122095 0.1503851397
122155 0.1503409093
122308 0.1503161044
122319 0.1503060623
122689 0.1502843235
122696 0.1502754217
122716 0.1502473550
122900 0.1502298543
122952 0.1502280105
123233 0.1502101855
123283 0.1502082963
123411 0.1501754183
123496 0.1501609263
123667 0.1501501208
123807 0.1501395849
123923 0.1500782116
124169 0.1500432706
124404 0.1500053949
124840 0.1499955124
125029 0.1499638792
125445 0.1499588098
125487 0.1499256032
126123 0.1499253081
126191 0.1499192048
126197 0.1498929172
126328 0.1498910365
126394 0.1498777510
126425 0.1498735791
126645 0.1498660143
126950 0.1498656194
127165 0.1498573317
127179 0.1498444825
127187 0.1498144838
127372 0.1497908223
127642 0.1497709060
127857 0.1497647227
127930 0.1497427305
128533 0.1497292257
128636 0.1497177516
128695 0.1497151936
128700 0.1496951342
128933 0.1496904737
128938 0.1496677436
129073 0.1496661898
129081 0.1496630873
129108 0.1496440094
129279 0.1496422218
129485 0.1495896306
129837 0.1495722586
129978 0.1495637971
130060 0.1495633689
130198 0.1495436886
130278 0.1495432625
130308 0.1495269743
130436 0.1495260768
130476 0.1495220129
130528 0.1495149565
130533 0.1495008556
130547 0.1494931025
130603 0.1494815503
130649 0.1494663141
130905 0.1494549874
130964 0.1494402902
131179 0.1494366215
131300 0.1494339333
131405 0.1494163281
131712 0.1494086997
131755 0.1493957171
131757 0.1493938832
131895 0.1493919957
131937 0.1493900688
132002 0.1493842574
132013 0.1493835088
132018 0.1493717191
132120 0.1493708761
132152 0.1493641674
132222 0.1493560501
132225 0.1493486419
132420 0.1493354327
132641 0.1493330365
132649 0.1493180360
132809 0.1493179137
132828 0.1493119010
132859 0.1493098087
132919 0.1492900106
133059 0.1492811479
133353 0.1492741258
133369 0.1492712947
133373 0.1492421124
133740 0.1492400958
133791 0.1492376167
133813 0.1492319828
133911 0.1492317726
133996 0.1492198407
134259 0.1492180278
134285 0.1492099233
134341 0.1491957966
134402 0.1491930380
134422 0.1491837160
134806 0.1491749358
134956 0.1491719636
134967 0.1491696796
135035 0.1491653957
135273 0.1491586058
135323 0.1491568514
135347 0.1491532271
135362 0.1491526135
135410 0.1491522037
135440 0.1491514078
135457 0.1491495895
135487 0.1491460519
135521 0.1491419773
135562 0.1491409213
135604 0.1491405886
135653 0.1491384459
135758 0.1491258681
135838 0.1491253920
135842 0.1491215691
136169 0.1491207763
136288 0.1491203433
136304 0.1491005988
136371 0.1490979258
136470 0.1490972827
136498 0.1490899608
136550 0.1490889333
136570 0.1490764993
136845 0.1490739312
136872 0.1490737374
136882 0.1490610243
136980 0.1490605167
137038 0.1490598297
137070 0.1490590236
137087 0.1490531830
137107 0.1490472616
137172 0.1490403213
137251 0.1490296659
137389 0.1490283618
137751 0.1490245061
137862 0.1490168956
137902 0.1490122747
138013 0.1490121662
138037 0.1490092928
138040 0.1490055839
138179 0.1490040993
138300 0.1490023700
138436 0.1490012535
138475 0.1489997618
138488 0.1489918062
138749 0.1489842693
138782 0.1489822588
138818 0.1489731264
138933 0.1489591561
139321 0.1489504061
139323 0.1489479708
139567 0.1489435787
139706 0.1489433200
139708 0.1489355874
139818 0.1489251745
140142 0.1489170245
140184 0.1489134138
140490 0.1489095540
140568 0.1489081377
140659 0.1489042725
140781 0.1488960988
140971 0.1488878071
141091 0.1488841543
141121 0.1488811506
141220 0.1488796469
141260 0.1488790722
141275 0.1488765322
141300 0.1488762773
141456 0.1488734932
141535 0.1488646319
141736 0.1488637651
141811 0.1488612835
141814 0.1488577204
141825 0.1488547283
142217 0.1488543280
142236 0.1488395612
142424 0.1488390903
142445 0.1488383692
142446 0.1488373687
142450 0.1488354439
142690 0.1488309772
142868 0.1488183393
143101 0.1488163179
143134 0.1488109468
143208 0.1488078920
143456 0.1487968610
143484 0.1487956448
143712 0.1487940096
143849 0.1487930666
143890 0.1487897580
143917 0.1487884542
143931 0.1487844432
143986 0.1487818942
144129 0.1487766356
144296 0.1487754096
144402 0.1487647485
144615 0.1487588045
144705 0.1487561613
145020 0.1487530881
145123 0.1487489391
145137 0.1487483564
145173 0.1487461765
145639 0.1487426384
145725 0.1487393481
145847 0.1487322418
146008 0.1487313842
146043 0.1487288593
146107 0.1487241681
146151 0.1487207099
146219 0.1487182411
146296 0.1487168254
146378 0.1487158578
146442 0.1487156621
146475 0.1487097311
146513 0.1487062488
146619 0.1487042029
146766 0.1487036400
146793 0.1486981577
146808 0.1486937686
146967 0.1486932657
146980 0.1486914476
147124 0.1486909442
147130 0.1486856163
147215 0.1486833064
147259 0.1486808611
147306 0.1486750165
147498 0.1486736168
147512 0.1486721257
147531 0.1486712490
147573 0.1486697262
147619 0.1486603130
147805 0.1486560692
147980 0.1486538188
148029 0.1486497863
148530 0.1486477664
148686 0.1486424036
148832 0.1486384012
149064 0.1486374273
149147 0.1486353279
149157 0.1486326264
149230 0.1486319183
149300 0.1486314623
149323 0.1486278094
149590 0.1486261849
149708 0.1486202838
150083 0.1486189784
150171 0.1486179491
150194 0.1486168410
150277 0.1486165545
150373 0.1486144196
150432 0.1486136614
150511 0.1486107142
150521 0.1486089135
150654 0.1486087423
150695 0.1486017913
151322 0.1486004920
151342 0.1486001732
151345 0.1486001221
151376 0.1485996380
151401 0.1485977447
151468 0.1485953594
151601 0.1485936240
151667 0.1485914546
151713 0.1485899359
151911 0.1485891665
151944 0.1485870489
152077 0.1485862741
152172 0.1485836400
152850 0.1485817009
152915 0.1485764864
153026 0.1485756576
153029 0.1485732716
153412 0.1485713817
153448 0.1485705485
153667 0.1485668792
153917 0.1485668035
153968 0.1485667002
154093 0.1485655400
154175 0.1485649522
154229 0.1485647904
154241 0.1485627467
154339 0.1485593877
154657 0.1485578324
154803 0.1485569458
154895 0.1485565035
155019 0.1485553386
155042 0.1485526451
155212 0.1485519078
155319 0.1485497849
155621 0.1485460779
155908 0.1485447367
155975 0.1485438023
156238 0.1485429514
156319 0.1485393412
156423 0.1485376464
156543 0.1485363133
156674 0.1485358009
156678 0.1485350576
156718 0.1485341976
156740 0.1485328839
156850 0.1485327157
156883 0.1485290231
157057 0.1485277353
157119 0.1485240804
157140 0.1485196254
157457 0.1485164349
157564 0.1485159007
157613 0.1485130748
157763 0.1485106477
157827 0.1485089781
158051 0.1485089242
158114 0.1485088071
158141 0.1485056219
158213 0.1485053144
158230 0.1485023892
158323 0.1485021279
158550 0.1485000875
158946 0.1484998341
159020 0.1484996982
159061 0.1484995736
159071 0.1484991458
159084 0.1484986363
159162 0.1484983758
159172 0.1484978280
159229 0.1484963727
159249 0.1484937102
159293 0.1484924902
159307 0.1484912372
159366 0.1484911550
159494 0.1484905579
159535 0.1484895789
159587 0.1484885933
159736 0.1484872380
159776 0.1484871843
159790 0.1484853744
159932 0.1484832394
160013 0.1484819888
160214 0.1484819511
160224 0.1484808011
160286 0.1484794508
160340 0.1484755330
160750 0.1484731116
161156 0.1484727571
161158 0.1484702800
161247 0.1484684942
161468 0.1484684471
161490 0.1484660424
161640 0.1484653697
161826 0.1484612273
162372 0.1484583655
162630 0.1484581387
162665 0.1484579759
162915 0.1484573392
163004 0.1484566748
163092 0.1484553490
163180 0.1484550817
163209 0.1484535781
163293 0.1484530109
163359 0.1484523783
163407 0.1484512547
163751 0.1484509549
163776 0.1484505371
163790 0.1484496080
163813 0.1484482692
163845 0.1484465292
163951 0.1484457052
163967 0.1484442503
164283 0.1484441489
164339 0.1484423734
164486 0.1484421805
164576 0.1484399872
164747 0.1484372463
164924 0.1484364578
165037 0.1484363608
165135 0.1484360973
165196 0.1484359342
165240 0.1484353464
165310 0.1484333109
165462 0.1484319118
165471 0.1484288169
165527 0.1484286090
165722 0.1484267079
165838 0.1484262890
165845 0.1484253626
165923 0.1484233898
165964 0.1484218671
166036 0.1484197305
166513 0.1484189708
166556 0.1484187195
166757 0.1484181175
166789 0.1484154388
166976 0.1484136791
167156 0.1484116690
167445 0.1484109237
167580 0.1484107375
167586 0.1484102756
167633 0.1484094209
167652 0.1484076057
167726 0.1484065502
167876 0.1484062892
167976 0.1484062049
167987 0.1484045583
167999 0.1484042046
168042 0.1484038474
168353 0.1484030227
168516 0.1484005640
168693 0.1484000025
168707 0.1483980439
168776 0.1483970723
168916 0.1483969912
168934 0.1483957428
168966 0.1483948273
169041 0.1483947102
169051 0.1483936726
169145 0.1483923621
169285 0.1483902644
169648 0.1483886190
169760 0.1483875175
169964 0.1483872897
170092 0.1483866159
170107 0.1483866157
170142 0.1483864796
170245 0.1483862897
170343 0.1483852470
170474 0.1483851190
170522 0.1483847112
170560 0.1483843073
170592 0.1483842427
170615 0.1483834041
170724 0.1483832375
170770 0.1483831206
170853 0.1483818493
170932 0.1483810566
171039 0.1483799378
171206 0.1483778414
171459 0.1484046636
evaluations raw_y
1 173.5092031973
2 148.7784080262
3 91.9579923495
8 65.5254621362
14 48.1795364795
20 44.8218956420
30 43.7026540646
38 42.9606719536
42 40.7508841148
45 37.3891975741
52 31.8408148330
58 28.7165364857
61 21.2713674228
101 14.9826392255
116 13.5452722689
196 12.6981065918
211 11.9569551667
223 10.4375172744
225 8.3149173420
351 7.5118034263
501 7.0031313818
773 6.5545683421
978 6.2316498124
1000 5.7191730722
3034 5.3220925568
3341 3.9405584498
10830 2.2361891906
12249 1.8128606384
13388 1.5181688933
13538 1.0235792211
15463 0.9236590716
15467 0.6214603664
15533 0.6141168738
15766 0.4591761216
17763 0.4334788933
18179 0.4213012729
20361 0.4162798979
20365 0.4158702810
20776 0.4130004464
20907 0.4094147820
20923 0.3938379341
21282 0.3878081351
21361 0.3853764433
21478 0.3737646762
21532 0.3625511248
21533 0.3561229691
22589 0.3539172209
23181 0.3469310979
23548 0.3427666218
23604 0.3427233138
23876 0.3401855061
23925 0.3390062171
23942 0.3374760121
24157 0.3370852056
24191 0.3362197441
24411 0.3359528465
24585 0.3334097077
24589 0.3305565546
25042 0.3302356647
25098 0.3199300035
25865 0.3185260212
26026 0.3183756815
26085 0.3175540560
26121 0.3167538373
26232 0.3164219044
26340 0.3150244452
26574 0.3149787657
26652 0.3148790664
26678 0.3145687278
26698 0.3127458294
27013 0.3115456916
27177 0.3107894871
27360 0.3104878494
27480 0.3102687332
27660 0.3102168788
27671 0.3101954809
27779 0.3097877052
27920 0.3094641468
27926 0.3091342659
27973 0.3089356760
27985 0.3087197810
28099 0.3079912858
28249 0.3076820886
28514 0.3061467726
28608 0.3057566438
28822 0.3052040936
28893 0.3041585333
29888 0.3033964631
30017 0.3030821288
30119 0.3027543651
30181 0.3025806375
30302 0.3023280922
30347 0.3020121176
30443 0.3008639441
30613 0.3001983309
30847 0.3000571721
30853 0.2996480173
30910 0.2988273491
31044 0.2976631281
31457 0.2972409455
31501 0.2971961226
31558 0.2970410590
31583 0.2962222158
31710 0.2956534266
32054 0.2956483582
32115 0.2941936316
32362 0.2941903884
32939 0.2940800376
32961 0.2930447560
32988 0.2925239337
33189 0.2917590377
33753 0.2910284606
33977 0.2906956773
34029 0.2906091710
34080 0.2905084152
34429 0.2901031660
34609 0.2899145700
34808 0.2893576721
35204 0.2893395957
35229 0.2893217034
35248 0.2885716401
35371 0.2885708672
35502 0.2882327287
35550 0.2877206738
35783 0.2876397405
35880 0.2873960647
35918 0.2872596465
36181 0.2870314370
36291 0.2867304296
36377 0.2866952483
36627 0.2865637471
36692 0.2865463688
36714 0.2863210080
36876 0.2862533489
36949 0.2860645305
37080 0.2859690223
37128 0.2856162878
37155 0.2853135444
37532 0.2845779934
37729 0.2844175000
37782 0.2842196770
37852 0.2835031116
38175 0.2831664881
38303 0.2830326216
38325 0.2829678809
38426 0.2816174168
38795 0.2814723966
38921 0.2809268729
39174 0.2808735911
39314 0.2805789341
39624 0.2804118348
39814 0.2802199604
39835 0.2797901706
39854 0.2796852992
40064 0.2796604055
40092 0.2795253381
40115 0.2794575056
40160 0.2792114918
40172 0.2789754248
40242 0.2788142386
40322 0.2787729384
40340 0.2786102167
40563 0.2783388467
40622 0.2782368694
40641 0.2779795124
40716 0.2775591194
40994 0.2770135623
41192 0.2765537737
41298 0.2763744970
41346 0.2763294805
41370 0.2761251045
41465 0.2759146573
41576 0.2758265363
41646 0.2757122073
41685 0.2756500230
41726 0.2755409484
41821 0.2754086959
41872 0.2751271139
41918 0.2750723437
42023 0.2747938263
42112 0.2747666581
42119 0.2744232311
42180 0.2742686117
42848 0.2741658737
42895 0.2740652371
43023 0.2733087877
43124 0.2731998162
43192 0.2731068743
43430 0.2730306218
43445 0.2729958572
43457 0.2729709203
43498 0.2729426027
43517 0.2723875681
43818 0.2723451993
43869 0.2722937845
43943 0.2721780941
43952 0.2720928345
43999 0.2720532429
44155 0.2719612164
44238 0.2718781548
44375 0.2718483925
44530 0.2717610525
44554 0.2717089840
44590 0.2716927571
44640 0.2716804165
44733 0.2716400615
44747 0.2715832067
44748 0.2715793923
44857 0.2715141676
44945 0.2715011420
44950 0.2713730449
45190 0.2713320278
45205 0.2712973637
45377 0.2712409539
45644 0.2711641646
45745 0.2709498083
45891 0.2708641493
45946 0.2708607613
45966 0.2706943063
46145 0.2706092204
46251 0.2704698777
46395 0.2704003473
46399 0.2702572550
46523 0.2701902434
46657 0.2697062744
47145 0.2695649218
47154 0.2694506599
47235 0.2691257337
47309 0.2686576501
47442 0.2684783457
47685 0.2683440710
47695 0.2683094775
47959 0.2676820786
48196 0.2674474079
48231 0.2673445990
48355 0.2670944564
48415 0.2669510560
48490 0.2666518198
48755 0.2664684664
48839 0.2663601694
48920 0.2661537233
48968 0.2661469666
49072 0.2661453944
49093 0.2659146163
49158 0.2658729757
49189 0.2658578870
49222 0.2656923356
49236 0.2654534007
49237 0.2651982013
49472 0.2651865363
49560 0.2651384746
49577 0.2647218121
49777 0.2646896789
49843 0.2645937995
49854 0.2644973749
49944 0.2641258213
50089 0.2640374736
50151 0.2637015684
50581 0.2632336951
50795 0.2629383969
50971 0.2628582323
51066 0.2626640932
51298 0.2625701891
51306 0.2625637382
51343 0.2623625309
51380 0.2620139652
51651 0.2619387703
51662 0.2617675322
51928 0.2615864775
52199 0.2615545347
52237 0.2615059998
52238 0.2614963406
52261 0.2614589828
52365 0.2614088577
52393 0.2613728171
52494 0.2613236815
52606 0.2612735878
52671 0.2612283598
52697 0.2611852280
52806 0.2611341100
52826 0.2610627492
52950 0.2610433226
52989 0.2609327972
53074 0.2608750784
53140 0.2608011167
53145 0.2607347411
53435 0.2606864266
53704 0.2604792041
53920 0.2604415949
53936 0.2601904038
54053 0.2600270285
54264 0.2600200338
54278 0.2598954699
54340 0.2595460115
54690 0.2595430959
54790 0.2595029840
54791 0.2593468224
54866 0.2591655224
54981 0.2587559692
55120 0.2587537960
55159 0.2587180109
55422 0.2586718320
55456 0.2585607678
55482 0.2584833536
55489 0.2583471761
55763 0.2581943567
55834 0.2579924662
55930 0.2579471374
55983 0.2578801674
56016 0.2576693848
56267 0.2574595878
56318 0.2573040289
56470 0.2571094506
56645 0.2568879113
56863 0.2568263341
56974 0.2567444830
57039 0.2566898368
57096 0.2566830045
57170 0.2566602366
57181 0.2566487390
57209 0.2566281803
57390 0.2563921060
57569 0.2563435917
57574 0.2562815662
57682 0.2557013004
57969 0.2556837820
58037 0.2554853496
58442 0.2553113729
58680 0.2552633829
58686 0.2551521007
58745 0.2548723547
58937 0.2547872121
59018 0.2545959549
59049 0.2545099094
59086 0.2543742125
59387 0.2543355469
59443 0.2538853966
59718 0.2536943014
59827 0.2533640350
59894 0.2532905676
60137 0.2529626108
60371 0.2526861294
60666 0.2524353810
60961 0.2523465346
61040 0.2523301538
61071 0.2522896613
61114 0.2522749396
61162 0.2520978156
61230 0.2520876554
61236 0.2520766512
61255 0.2520480118
61268 0.2520380217
61297 0.2518576204
61425 0.2517601452
61463 0.2517432024
61567 0.2516493874
61590 0.2515533236
61956 0.2515417502
62000 0.2514480382
62075 0.2514418640
62091 0.2512960084
62141 0.2512126154
62263 0.2511586359
62483 0.2511569206
62501 0.2511091255
62548 0.2510893371
62586 0.2510244627
62649 0.2508816702
62675 0.2508234810
62694 0.2507327535
62764 0.2507276292
62858 0.2506745741
62896 0.2506006715
63066 0.2505172617
63127 0.2504584790
63148 0.2503868670
63192 0.2503729259
63242 0.2503360121
63281 0.2501983039
63360 0.2499725726
63738 0.2497485338
64062 0.2495462456
64614 0.2494918038
64621 0.2494468906
64664 0.2493008657
64818 0.2492466167
64871 0.2492390816
65012 0.2491843124
65207 0.2491229571
65235 0.2490775892
65312 0.2490432340
65362 0.2489177854
65685 0.2489057293
65716 0.2487763260
65760 0.2487401369
65772 0.2487293532
65870 0.2486324195
66065 0.2485855881
66157 0.2484894303
66433 0.2484790588
66508 0.2483028171
66762 0.2482730184
66880 0.2482724265
66973 0.2480578762
67243 0.2480364697
67461 0.2479940869
67667 0.2479689238
67712 0.2479476689
67928 0.2478729480
68240 0.2478327522
68336 0.2477932525
68368 0.2477901101
68390 0.2477139117
68732 0.2476555507
68804 0.2475867070
68947 0.2475830485
69007 0.2475772684
69056 0.2474714603
69275 0.2473825720
69400 0.2473767744
69499 0.2471608117
69767 0.2470299065
69923 0.2469508729
70044 0.2467371890
70176 0.2466754789
70648 0.2465948872
70704 0.2465435081
70787 0.2465297076
70838 0.2465178560
70859 0.2464909235
70885 0.2464752053
70889 0.2463723956
71057 0.2463708207
71093 0.2463114356
71180 0.2462641940
71277 0.2462463261
71325 0.2462307900
71338 0.2461871775
71459 0.2461771872
71533 0.2460633314
71598 0.2459564920
71751 0.2459301893
71885 0.2458912987
71928 0.2458385625
71990 0.2457458076
72156 0.2457031539
72255 0.2456140604
72808 0.2456019377
72896 0.2455827433
72932 0.2455808542
72936 0.2455526763
73008 0.2455385784
73041 0.2455311124
73191 0.2455269487
73266 0.2455199869
73313 0.2455116079
73421 0.2454576236
73477 0.2454513614
73625 0.2453735293
73921 0.2453480040
73937 0.2453255930
74047 0.2452998584
74110 0.2452910122
74170 0.2452693802
74194 0.2452535983
74258 0.2452440983
74535 0.2452251999
74762 0.2452140587
74874 0.2451808248
74912 0.2451804128
74923 0.2451725503
74961 0.2451443373
74979 0.2451390837
74992 0.2451349121
75047 0.2451009967
75115 0.2450993445
75166 0.2450669618
75321 0.2450569141
75359 0.2450425396
75415 0.2450170080
75443 0.2450099305
75455 0.2449807058
75521 0.2449794570
75545 0.2449779233
75554 0.2449704081
75619 0.2449510523
75652 0.2449075046
75828 0.2448857191
75846 0.2448770628
75894 0.2448625055
75909 0.2448057405
76063 0.2448054050
76112 0.2447889231
76365 0.2447794447
76463 0.2447221938
76635 0.2447007326
76785 0.2446942290
76802 0.2446918213
76875 0.2446819949
76942 0.2446694436
76956 0.2446343315
76963 0.2446290215
76969 0.2446241792
77176 0.2446168416
77488 0.2446011172
77621 0.2445879570
77640 0.2445669664
77766 0.2445549357
78092 0.2445497289
78200 0.2445466242
78271 0.2445457465
78338 0.2445446206
78363 0.2445376162
78417 0.2445329980
78727 0.2445302322
78918 0.2445264441
79019 0.2445225695
79027 0.2445187442
79034 0.2445158328
79131 0.2445126800
79167 0.2445051379
79599 0.2444910397
79841 0.2444898309
79985 0.2444877837
80250 0.2444827759
80281 0.2444784613
80478 0.2444664605
80593 0.2444662226
80627 0.2444614511
80734 0.2444599185
80826 0.2444552502
81044 0.2444517095
81279 0.2444492495
81335 0.2444456295
81538 0.2444446720
81639 0.2444415280
81850 0.2444391983
81929 0.2444323469
82024 0.2444307772
82370 0.2444297965
82417 0.2444273031
82423 0.2444258341
82477 0.2444256724
82542 0.2444255219
82553 0.2444237534
82559 0.2444218048
82646 0.2444198754
82704 0.2444187036
82741 0.2444112809
82949 0.2444090943
83346 0.2444033994
83454 0.2443999205
83469 0.2443998922
83490 0.2443983270
83706 0.2443930766
83726 0.2443922045
83805 0.2443842456
83996 0.2443835524
84031 0.2443824050
84036 0.2443809296
84091 0.2443792472
84103 0.2443783511
84108 0.2443762007
84317 0.2443721998
84347 0.2443702989
84354 0.2443677417
84441 0.2443674099
84478 0.2443640500
84553 0.2443630177
84644 0.2443556734
84665 0.2443554331
84700 0.2443536633
84701 0.2443529925
84766 0.2443411653
84875 0.2443368451
84895 0.2443329970
84946 0.2443268126
85028 0.2443235396
85239 0.2443187106
85342 0.2443042666
85432 0.2442705387
85571 0.2442596899
85739 0.2442592935
85749 0.2442474261
85770 0.2442426923
85844 0.2442227393
85924 0.2442068698
86032 0.2441987701
86059 0.2441937939
86060 0.2441580508
86442 0.2441531269
86448 0.2441358870
86453 0.2441226367
86557 0.2440948673
86749 0.2440938011
86850 0.2440809103
86917 0.2440796604
86969 0.2440774641
86972 0.2440288393
87059 0.2440028615
87314 0.2439863472
87441 0.2439358408
87452 0.2439291804
87732 0.2439211720
87947 0.2439163442
87994 0.2439041502
88001 0.2438817735
88075 0.2438695524
88133 0.2438640880
88149 0.2438580980
88213 0.2438552106
88264 0.2438367767
88273 0.2438290945
88274 0.2438162675
88480 0.2438094990
88547 0.2438029782
88568 0.2437846780
88810 0.2437814562
88834 0.2437749264
88965 0.2437653621
89002 0.2437640978
89039 0.2437555229
89125 0.2437298926
89306 0.2437229497
89391 0.2437171339
89464 0.2437050930
89584 0.2436802961
90002 0.2436684335
90100 0.2436645596
90104 0.2436466528
90180 0.2436460958
90238 0.2436098616
90278 0.2435919939
90481 0.2435891220
90923 0.2435654463
91053 0.2435644187
91131 0.2435608704
91137 0.2435520955
91212 0.2435418731
91283 0.2435330069
91362 0.2435296740
91366 0.2435053127
91528 0.2434868430
91668 0.2434639875
91927 0.2434615458
92013 0.2434585596
92035 0.2434561431
92059 0.2434170139
92287 0.2434127617
92347 0.2434101817
92353 0.2434096981
92391 0.2433829351
92550 0.2433747914
92920 0.2433510066
92981 0.2433319342
93165 0.2433221141
93268 0.2433157968
93406 0.2433146857
93441 0.2433121102
93571 0.2432836844
93572 0.2432781781
93669 0.2432332766
93961 0.2432302821
94313 0.2432282690
94339 0.2431816005
94592 0.2431774343
94785 0.2431743074
94817 0.2431562431
94839 0.2431550103
94907 0.2431396965
94937 0.2431319381
94942 0.2431265299
94957 0.2431115545
95044 0.2430999882
95148 0.2430877477
95357 0.2430757197
95430 0.2430546927
95692 0.2430468239
95832 0.2430354150
95834 0.2430309247
95886 0.2430272780
95932 0.2430224812
96090 0.2430164134
96104 0.2430067062
96393 0.2429892271
96675 0.2429871755
96683 0.2429701794
96813 0.2429555497
96893 0.2429502573
96939 0.2429443386
97064 0.2429370283
97297 0.2429285774
97305 0.2429191924
97356 0.2429051028
97758 0.2429045255
97837 0.2428886814
97974 0.2428767687
97996 0.2428705040
98042 0.2428644620
98175 0.2428395959
98261 0.2428147344
98459 0.2428147144
98843 0.2428011064
98928 0.2427845125
98945 0.2427768847
99170 0.2427671083
99221 0.2427554114
99364 0.2427280554
99786 0.2427214172
99854 0.2427124790
99943 0.2427042661
100101 0.2426885373
100234 0.2426574917
100359 0.2426491155
100656 0.2426382723
100816 0.2426279001
100848 0.2426228529
100912 0.2426188943
101024 0.2426188523
101116 0.2426077654
101210 0.2425937090
101263 0.2425916437
101344 0.2425875701
101588 0.2425752845
101741 0.2425699666
101782 0.2425698858
101814 0.2425698540
101844 0.2425690402
101850 0.2425667711
101944 0.2425622727
102001 0.2425435886
102104 0.2425434228
102174 0.2425417896
102215 0.2425316393
102541 0.2425307624
102543 0.2425111204
102684 0.2425108455
102715 0.2424989017
102809 0.2424940843
102868 0.2424794265
103152 0.2424793256
103214 0.2424790860
103244 0.2424711721
103419 0.2424664701
103448 0.2424658978
103494 0.2424629085
103537 0.2424509948
103566 0.2424418904
103884 0.2424220942
104027 0.2424139648
104125 0.2424062431
104306 0.2424062408
104428 0.2423976507
104639 0.2423916602
104829 0.2423906910
104879 0.2423885486
104942 0.2423869197
104963 0.2423801493
104970 0.2423746582
105040 0.2423707890
105048 0.2423669850
105119 0.2423636774
105308 0.2423618504
105377 0.2423617035
105390 0.2423590456
105456 0.2423504641
105528 0.2423487910
105641 0.2423481829
105781 0.2423445684
105860 0.2423366161
105974 0.2423360005
106164 0.2423338506
106318 0.2423324973
106362 0.2423313990
106367 0.2423264703
106383 0.2423259138
106454 0.2423238722
106479 0.2423229773
106484 0.2423209158
106504 0.2423192115
106523 0.2423157485
106593 0.2423130990
106602 0.2423121249
106607 0.2423033505
106694 0.2422999573
106761 0.2422971184
106932 0.2422964053
107104 0.2422852265
107114 0.2422794503
107227 0.2422751921
107259 0.2422608856
107365 0.2422558821
107539 0.2422472899
107578 0.2422340180
107580 0.2422332278
107702 0.2422252600
107979 0.2422240863
108001 0.2422046331
108382 0.2422037715
108628 0.2421869175
108698 0.2421840820
108878 0.2421815288
108902 0.2421786408
108939 0.2421759652
108958 0.2421683224
109097 0.2421644077
109198 0.2421526742
109296 0.2421494316
109311 0.2421462560
109316 0.2421435894
109432 0.2421409333
109532 0.2421320861
109640 0.2421302688
109877 0.2421213422
109921 0.2421211734
109927 0.2421187190
110234 0.2421171572
110238 0.2421141007
110394 0.2421108908
110438 0.2421011236
110534 0.2420987684
110561 0.2420951739
110563 0.2420869198
110637 0.2420809852
110756 0.2420748194
110817 0.2420743653
110833 0.2420714363
110843 0.2420691735
110950 0.2420681579
111019 0.2420644824
111069 0.2420623216
111209 0.2420462027
111899 0.2420460779
111936 0.2420427095
111946 0.2420366108
112264 0.2420363390
112368 0.2420350233
112565 0.2420226260
112874 0.2420083530
113194 0.2420043185
113561 0.2420017019
113579 0.2419979173
113580 0.2419956539
113948 0.2419857451
114085 0.2419849013
114312 0.2419794106
114447 0.2419773767
114460 0.2419732593
114541 0.2419728237
114611 0.2419708142
114848 0.2419699508
114877 0.2419666490
114897 0.2419630064
115139 0.2419580990
115190 0.2419556442
115298 0.2419548097
115660 0.2419518873
115759 0.2419454945
115805 0.2419440336
116703 0.2419431677
116838 0.2419405482
117014 0.2419378109
117025 0.2419341856
117174 0.2419285535
117212 0.2419284670
117250 0.2419273119
117267 0.2419257835
117282 0.2419251018
117302 0.2419246612
117417 0.2419232580
117601 0.2419204660
117629 0.2419153817
117720 0.2419148587
117743 0.2419134785
117804 0.2419134084
117808 0.2419090076
117845 0.2419061814
118113 0.2419050192
118342 0.2419025902
118430 0.2419012317
118455 0.2419010957
118498 0.2418914767
118686 0.2418877905
118693 0.2418863004
118778 0.2418855142
118973 0.2418831777
119048 0.2418769245
119283 0.2418762158
119377 0.2418754562
119451 0.2418658703
119673 0.2418617261
119836 0.2418582897
119880 0.2418512252
119951 0.2418460379
120278 0.2418420997
120342 0.2418405747
120393 0.2418400351
120517 0.2418373544
120522 0.2418327613
120744 0.2418315017
120859 0.2418299592
120860 0.2418286387
120909 0.2418224333
121407 0.2418216362
121456 0.2418192166
121499 0.2418142399
121514 0.2418098507
122072 0.2418057646
122143 0.2418027170
122322 0.2417999477
122329 0.2417978292
122421 0.2417956721
122730 0.2417920934
122757 0.2417917545
122868 0.2417907006
122897 0.2417838489
123107 0.2417796166
123163 0.2417787328
123417 0.2417767653
123512 0.2417748458
123525 0.2417700474
123618 0.2417698672
123705 0.2417666184
123781 0.2417659142
123807 0.2417628190
123827 0.2417596354
123951 0.2417581623
124051 0.2417575875
124122 0.2417549098
124572 0.2417527841
124786 0.2417525199
124806 0.2417451060
125015 0.2417431664
125311 0.2417401954
125371 0.2417397995
125421 0.2417393217
125544 0.2417389052
125723 0.2417345411
125765 0.2417327917
125966 0.2417325699
126177 0.2417315387
126212 0.2417294494
126238 0.2417274759
126252 0.2417268227
126281 0.2417262426
126283 0.2417223183
126325 0.2417194022
126444 0.2417166435
126640 0.2417137880
127266 0.2417103311
127350 0.2417084510
127407 0.2417072075
127485 0.2417065884
127574 0.2417008429
127618 0.2416990419
127668 0.2416947268
127723 0.2416916060
127940 0.2416870977
128418 0.2416834581
128500 0.2416806114
128627 0.2416790274
128729 0.2416735829
128806 0.2416716423
129132 0.2416664158
129258 0.2416649885
129471 0.2416628544
129691 0.2416577023
130034 0.2416574350
130088 0.2416566880
130128 0.2416565128
130149 0.2416519888
130440 0.2416488732
130467 0.2416478734
130490 0.2416446668
130801 0.2416444873
130977 0.2416435077
130985 0.2416387526
131208 0.2416337427
131436 0.2416321614
131509 0.2416313935
131576 0.2416311165
131606 0.2416301251
131617 0.2416272392
131999 0.2416230085
132111 0.2416228853
132274 0.2416219119
132307 0.2416213318
132333 0.2416200605
132436 0.2416156865
132614 0.2416152512
132677 0.2416129449
132782 0.2416124569
132799 0.2416120201
132832 0.2416113294
132856 0.2416079020
133030 0.2416064490
133095 0.2416054419
133138 0.2416050746
133143 0.2416036301
133172 0.2416030549
133204 0.2416026407
133226 0.2416012398
133248 0.2416008700
133254 0.2416008561
133287 0.2415966327
133377 0.2415965512
133383 0.2415943585
133751 0.2415896255
133873 0.2415879110
134097 0.2415844206
134332 0.2415841318
134354 0.2415781378
134509 0.2415762269
134614 0.2415746051
134725 0.2415740055
134754 0.2415704617
135004 0.2415683634
135207 0.2415681873
135310 0.2415643724
135374 0.2415637477
135425 0.2415629671
135443 0.2415592142
135545 0.2415589872
135752 0.2415570352
135844 0.2415563821
136025 0.2415546831
136047 0.2415532206
136086 0.2415524070
136226 0.2415460055
136497 0.2415454253
136619 0.2415450007
136674 0.2415446092
136731 0.2415445349
136813 0.2415443617
136855 0.2415399294
136937 0.2415399242
137007 0.2415382476
137046 0.2415373149
137068 0.2415370715
137077 0.2415330878
137230 0.2415317609
137386 0.2415315528
137415 0.2415287691
137612 0.2415287074
137700 0.2415261036
138088 0.2415235642
138221 0.2415182321
138379 0.2415162807
138629 0.2415147825
138630 0.2415116720
138819 0.2415088465
139155 0.2415084239
139277 0.2415082171
139377 0.2415061218
139503 0.2415057561
139811 0.2415053315
139837 0.2415050735
139852 0.2415038811
139933 0.2415013493
140068 0.2414997469
140178 0.2414994695
140187 0.2414977418
140236 0.2414967999
140256 0.2414925572
140659 0.2414925055
140759 0.2414887272
141131 0.2414880937
141147 0.2414847324
141297 0.2414844164
141309 0.2414834646
141368 0.2414827827
141455 0.2414813723
141578 0.2414795318
141617 0.2414786262
141868 0.2414781356
141919 0.2414721974
142162 0.2414678069
142565 0.2414649487
142698 0.2414598815
142722 0.2414570137
143524 0.2414563988
143545 0.2414555367
143676 0.2414550188
143710 0.2414493379
143841 0.2414483488
144041 0.2414477456
144082 0.2414476579
144089 0.2414451222
144301 0.2414450019
144328 0.2414448569
144331 0.2414447867
144334 0.2414411917
144443 0.2414388417
144696 0.2414378071
144827 0.2414347992
144864 0.2414310354
144989 0.2414299603
145387 0.2414297256
145506 0.2414290497
145612 0.2414286756
145636 0.2414280865
145678 0.2414260261
145689 0.2414258223
145843 0.2414235259
145882 0.2414210683
145963 0.2414200346
146074 0.2414175423
146276 0.2414131665
146341 0.2414124014
147014 0.2414109804
147035 0.2414107724
147060 0.2414073276
147417 0.2414040286
147512 0.2414035796
147573 0.2414034263
147627 0.2414032867
147822 0.2414020797
147825 0.2413972872
148184 0.2413971908
148387 0.2413949321
148508 0.2413948706
148810 0.2413940780
148970 0.2413937321
149046 0.2413936482
149102 0.2413934585
149142 0.2413923641
149218 0.2413902517
149328 0.2413898676
149376 0.2413885931
149593 0.2413874423
149674 0.2413869435
149837 0.2413856921
149887 0.2413850855
149916 0.2413844906
149926 0.2413844637
150014 0.2413837334
150031 0.2413830548
150145 0.2413825429
150267 0.2413821641
150363 0.2413812641
150482 0.2413804693
150689 0.2413790226
150707 0.2413785206
150976 0.2413784645
150999 0.2413777303
151154 0.2413767964
151206 0.2413760217
151378 0.2413754503
151431 0.2413750382
151481 0.2413732397
151665 0.2413719045
152005 0.2413718678
152059 0.2413714137
152086 0.2413699678
152507 0.2413689604
152830 0.2413681023
153128 0.2413676250
153202 0.2413673348
153204 0.2413654675
153208 0.2413653846
153236 0.2413648472
153366 0.2413625040
153446 0.2413624476
153480 0.2413621528
153514 0.2413611200
153525 0.2413595137
153583 0.2413593688
153810 0.2413588602
153831 0.2413579499
153841 0.2413557225
153965 0.2413556401
154320 0.2413553846
154778 0.2413550714
155049 0.2413515867
155137 0.2413498310
155215 0.2413495222
155236 0.2413453315
155381 0.2413434858
155620 0.2413410152
155835 0.2413409583
155927 0.2413389411
156286 0.2413387295
156503 0.2413367352
156699 0.2413365563
156975 0.2413359358
157089 0.2413322953
157135 0.2413307940
157562 0.2413307088
157647 0.2413293763
157715 0.2413289748
157894 0.2413276818
157950 0.2413272160
158200 0.2413271335
158230 0.2413258008
158275 0.2413256179
158418 0.2413244794
158568 0.2413229775
158839 0.2413228809
158873 0.2413225676
158886 0.2413212709
158927 0.2413211653
158978 0.2413205709
159029 0.2413199499
159063 0.2413194267
159152 0.2413189241
159228 0.2413186637
159235 0.2413173087
159303 0.2413172337
159351 0.2413154686
159473 0.2413145458
159737 0.2413140513
159822 0.2413107256
160101 0.2413098205
160480 0.2413088254
160615 0.2413086229
160853 0.2413072826
160891 0.2413058219
161026 0.2413052868
161053 0.2413043634
161120 0.2413024008
161187 0.2413022981
161464 0.2413018901
161807 0.2413016856
161874 0.2413009420
161936 0.2413007217
161978 0.2413001756
162075 0.2412999349
162105 0.2412989312
162416 0.2412976966
162478 0.2412963179
162666 0.2412940045
163013 0.2412935427
163060 0.2412924897
163145 0.2412916825
163221 0.2412915184
163244 0.2412914403
163293 0.2412914160
163343 0.2412911444
163372 0.2412908382
163389 0.2412902405
163614 0.2412898723
163702 0.2412896990
163759 0.2412896697
163806 0.2412895469
163812 0.2412885788
163825 0.2412878948
163914 0.2412867219
164158 0.2412863775
164188 0.2412862836
164381 0.2412853254
164471 0.2412840556
164498 0.2412834286
164548 0.2412834104
164569 0.2412829258
164587 0.2412828843
165059 0.2412814014
165142 0.2412811588
165217 0.2412808181
165231 0.2412797735
165335 0.2412794268
165362 0.2412792934
165441 0.2412792073
165490 0.2412781583
165782 0.2412769883
165893 0.2412766661
165950 0.2412765202
165961 0.2412764022
165963 0.2412759752
165992 0.2412747967
165994 0.2412747691
166057 0.2412747224
166095 0.2412744650
166151 0.2412738721
166226 0.2412722173
166446 0.2412712988
166503 0.2412711703
166763 0.2412710928
166820 0.2412709166
166850 0.2412689163
167052 0.2412686352
167079 0.2412686157
167114 0.2412684224
167150 0.2412683797
167155 0.2412680831
167181 0.2412658331
167926 0.2412652444
167967 0.2412641826
168004 0.2412636026
168007 0.2412632009
168138 0.2412631686
168310 0.2412620106
168365 0.2412615657
168437 0.2412613975
168485 0.2412607589
168627 0.2412592511
168863 0.2412590901
168879 0.2412579130
168945 0.2412562650
169612 0.2412561300
169754 0.2412558273
169815 0.2412557847
169974 0.2412555354
170049 0.2412538833
170169 0.2412533961
170234 0.2412532464
170306 0.2412528441
170350 0.2412526301
170407 0.2412518608
170483 0.2412513060
170763 0.2412481563
170792 0.2412477549
171035 0.2412458570
171531 0.2412451776
171543 0.2413239638
evaluations raw_y
1 147.0964036641
2 55.3796628380
3 45.9613458739
23 42.6572163223
42 37.2747049701
61 30.7887283435
72 21.5041233349
110 18.2405187631
125 16.6711322218
136 14.3619338564
173 10.3419160478
174 10.0718367422
212 9.9656401601
213 9.8191847226
273 7.9138562996
376 7.3322293722
472 6.5853164565
545 5.5288519870
4587 5.0007854190
4790 4.9809692593
6210 4.7762965515
9868 4.4623432927
11073 4.4083884966
11165 4.2800187691
13197 4.0411451248
14597 3.7019858014
15327 3.6510805811
15534 3.6374389841
15697 2.2044132797
18803 1.8151394977
19009 1.6203065866
19392 1.5602930941
19395 1.4848121940
19426 1.2682133138
19472 1.2480870467
19557 1.2360248562
19662 1.2006118404
19862 1.0175786135
19912 0.8961089772
19988 0.7327767672
20182 0.7141711933
20679 0.6346549942
21419 0.5039405008
22802 0.5020056707
23185 0.4607516107
25793 0.4569521942
25796 0.4551490708
25965 0.4550301910
26000 0.4549706525
26056 0.4523641301
26118 0.4511751061
26331 0.4474929527
26581 0.4466478917
26594 0.4411045343
26947 0.4356469298
27156 0.4278417797
27201 0.4254542458
27205 0.4209574511
27444 0.4202091975
27610 0.4178510093
27869 0.4135720218
27987 0.4129271559
27995 0.4096654108
28182 0.4062500821
28581 0.3962659128
28882 0.3929748710
29051 0.3920661331
29057 0.3889030171
29110 0.3862522865
29121 0.3802918561
29595 0.3791595617
29604 0.3779941106
29611 0.3761171138
29783 0.3734444965
29935 0.3694913275
29991 0.3690101149
30073 0.3674823077
30128 0.3667421626
30231 0.3632899460
30382 0.3568044078
30438 0.3517844047
31371 0.3474108684
31477 0.3454135053
31861 0.3430406546
31863 0.3419217277
32162 0.3405850718
32335 0.3399652785
32399 0.3396301433
32618 0.3389113708
32652 0.3388652281
32655 0.3386859751
32714 0.3386249341
33068 0.3377488176
33240 0.3371255046
33769 0.3366581968
33868 0.3358500746
33928 0.3356363461
34142 0.3355528573
34156 0.3352534417
34392 0.3350204734
34427 0.3348256044
34581 0.3347587512
34667 0.3345188573
34713 0.3344388879
34745 0.3341712068
34747 0.3338498026
34868 0.3338421868
34870 0.3338131806
34872 0.3335578179
34985 0.3331630090
35051 0.3330419653
35096 0.3325903559
35242 0.3321344450
35299 0.3318206200
35602 0.3307803653
35894 0.3307294821
36155 0.3303803098
36156 0.3291813213
36284 0.3287072231
36348 0.3281750275
36447 0.3276398726
36708 0.3246299528
36986 0.3245604633
37105 0.3238549316
37313 0.3189459944
37756 0.3180042675
37892 0.3178607592
37911 0.3174008857
38074 0.3168988216
38111 0.3164155357
38141 0.3155835236
38255 0.3145848686
38357 0.3139042889
38392 0.3117815707
38691 0.3111417078
38705 0.3110340357
38709 0.3106335387
38732 0.3105165671
38735 0.3102622667
38753 0.3095107342
38784 0.3093542458
38823 0.3085444199
38888 0.3081331349
39139 0.3080860471
39176 0.3068132617
39268 0.3067428390
39349 0.3065735496
39350 0.3061257435
39383 0.3058879792
39503 0.3058543252
39606 0.3057681260
39626 0.3055030741
39647 0.3044885873
39666 0.3034849547
39706 0.3032424216
39886 0.3012547433
40143 0.3006085235
40306 0.2996766821
40468 0.2996397634
40471 0.2991186830
40771 0.2988197191
40833 0.2984689566
40902 0.2980678593
41043 0.2978825676
41132 0.2978578849
41179 0.2977982710
41199 0.2977633880
41221 0.2977263275
41240 0.2974851589
41420 0.2966588724
41442 0.2960927738
41705 0.2957074400
41805 0.2952822793
41862 0.2946436749
42081 0.2945551869
42247 0.2940556746
42472 0.2936426957
42672 0.2932146542
42755 0.2931889764
42823 0.2931785751
42900 0.2930670327
42957 0.2927763552
42959 0.2927721505
43070 0.2925590576
43073 0.2922951331
43161 0.2922725110
43318 0.2918691870
43520 0.2918571108
43591 0.2917378504
43625 0.2914936137
43642 0.2914093985
43692 0.2913835380
43788 0.2913314333
43806 0.2912523604
43813 0.2912454905
43814 0.2909845380
43829 0.2908362065
44180 0.2908306056
44267 0.2907318296
44383 0.2906564602
44397 0.2905500514
44423 0.2904794127
44452 0.2902096600
44642 0.2900429162
44893 0.2900373964
44936 0.2900334780
44940 0.2900148475
45028 0.2897097758
45158 0.2896097694
45233 0.2895878111
45277 0.2894881330
45462 0.2892913004
45535 0.2892656750
45725 0.2892583904
45730 0.2892256688
45848 0.2891322574
45862 0.2891129247
45898 0.2889952416
46000 0.2888001363
46217 0.2887101631
46252 0.2885933862
46628 0.2885250079
46800 0.2882171077
47066 0.2880017885
47084 0.2879384661
47169 0.2874474519
47687 0.2872360945
47990 0.2871864780
48044 0.2870867093
48230 0.2870177091
48407 0.2869621791
48453 0.2869451831
48600 0.2869335425
48689 0.2869334741
48700 0.2868705059
48800 0.2868504700
48802 0.2868234865
48940 0.2868088447
49032 0.2867302551
49279 0.2866515516
49352 0.2866329182
49821 0.2866166336
49855 0.2865365456
49876 0.2864754433
49924 0.2864308636
50026 0.2863860664
50053 0.2863591074
50102 0.2863487872
50135 0.2862909012
50142 0.2862260939
50170 0.2862129759
50179 0.2861946700
50314 0.2860911998
50413 0.2860773292
50439 0.2860758798
50441 0.2860556178
50544 0.2859986124
50757 0.2859339495
50866 0.2859262592
50953 0.2858794349
51004 0.2858740368
51027 0.2858607009
51088 0.2858476175
51152 0.2858100118
51248 0.2857922898
51276 0.2856972290
51576 0.2856756877
51616 0.2856199635
51801 0.2856169605
51845 0.2855740742
51905 0.2855735843
51936 0.2855430108
52169 0.2855407559
52193 0.2854689618
52367 0.2854324358
52576 0.2853709678
52755 0.2853655466
52814 0.2853513233
52854 0.2853393072
52875 0.2853391771
52878 0.2853286484
52897 0.2853275675
52913 0.2852755610
52987 0.2852617379
53005 0.2851921811
53391 0.2851856644
53407 0.2851712188
53544 0.2851516701
53739 0.2851514024
53863 0.2851071813
54243 0.2850864589
54380 0.2850779888
54429 0.2850553858
54711 0.2850548907
54887 0.2850511386
54891 0.2850478770
54992 0.2850425092
55037 0.2850418658
55158 0.2850394136
55186 0.2850391840
55239 0.2850362940
55395 0.2850359453
55396 0.2850335400
55548 0.2850272058
55906 0.2850267069
55969 0.2850258101
56053 0.2850146064
56107 0.2850126636
56234 0.2850120028
56529 0.2850096706
56553 0.2850078544
56667 0.2850025959
56756 0.2850005332
56869 0.2849995728
56884 0.2849982223
56886 0.2849942822
56902 0.2849940532
56908 0.2849931166
56958 0.2849888567
57044 0.2849866762
57076 0.2849813402
57267 0.2849805604
57360 0.2849760260
57439 0.2849729258
57561 0.2849627400
57796 0.2849562764
57847 0.2849546251
57990 0.2849516198
58238 0.2849494900
58310 0.2849491045
58320 0.2849467351
58384 0.2849443882
58411 0.2849443553
58466 0.2849441349
58484 0.2849440037
58510 0.2849436065
58541 0.2849433952
58570 0.2849420907
58648 0.2849403302
58668 0.2849402330
58765 0.2849401320
58787 0.2849383395
58900 0.2849382558
58938 0.2849365633
59376 0.2849362398
59538 0.2849357519
59540 0.2849357328
59600 0.2849353584
59614 0.2849351218
59656 0.2849350658
59737 0.2849350524
59777 0.2849346595
59782 0.2849341564
60119 0.2849339344
60225 0.2849334297
60373 0.2849333327
60414 0.2849331612
60422 0.2849330871
60460 0.2849322918
60585 0.2849319738
60665 0.2849318431
60706 0.2849314660
60810 0.2849305923
60814 0.2849305666
61024 0.2849292036
61068 0.2849278738
61084 0.2849278675
61218 0.2849277001
61302 0.2849274129
61594 0.2849260165
61641 0.2849242328
61655 0.2849217174
61871 0.2849092618
62097 0.2849076773
62288 0.2849054734
62315 0.2849045859
62331 0.2849037486
62443 0.2849012840
62472 0.2848970426
62508 0.2848900450
62565 0.2848663865
62855 0.2848503509
63011 0.2848377176
63026 0.2847993602
63340 0.2847726482
63518 0.2847445629
63701 0.2846753789
63745 0.2846701133
63845 0.2846388993
63857 0.2846127918
63893 0.2845625045
63940 0.2845145222
64091 0.2844801959
64168 0.2844697197
64229 0.2844476507
64348 0.2843480860
64633 0.2843383690
64790 0.2843067592
64801 0.2842904302
64860 0.2842757206
64865 0.2842466221
64908 0.2841960852
65011 0.2841586088
65182 0.2841277151
65601 0.2840870288
65614 0.2840724958
65698 0.2840691368
65703 0.2840241332
65839 0.2840139113
65900 0.2839868856
65947 0.2839366426
65956 0.2838868300
66152 0.2838187451
66394 0.2837607144
66599 0.2837476980
66630 0.2837129851
66684 0.2836250895
66784 0.2835993015
66956 0.2835857176
67282 0.2835800263
67309 0.2835612179
67328 0.2835332321
67450 0.2834872318
67548 0.2834259246
67645 0.2834209181
67676 0.2834116580
67721 0.2834089909
67796 0.2833960098
67805 0.2833919302
67810 0.2833891502
67838 0.2833190754
68075 0.2833098104
68134 0.2833070977
68137 0.2832574533
68266 0.2832345207
68280 0.2832217074
68357 0.2832077561
68393 0.2831840228
68473 0.2831825406
68543 0.2831479929
68552 0.2831237082
68664 0.2831224774
68757 0.2830521765
68976 0.2830273256
69066 0.2830070090
69263 0.2829129167
69733 0.2828866354
69897 0.2828597670
69898 0.2828429420
69934 0.2828212034
69939 0.2828155249
69955 0.2828020247
70014 0.2827978840
70031 0.2827593618
70074 0.2827454194
70255 0.2827308503
70362 0.2827133990
70370 0.2827099434
70438 0.2826428475
70571 0.2826174209
70688 0.2826098694
70691 0.2825369298
70827 0.2824575416
71205 0.2824331315
71271 0.2823844583
71318 0.2823812553
71372 0.2823585128
71390 0.2823398824
71522 0.2823285065
71524 0.2822494787
71785 0.2822224562
71821 0.2821834153
72133 0.2821431779
72456 0.2821428608
72462 0.2821162813
72529 0.2820620076
72830 0.2819843790
73065 0.2819524899
73215 0.2819109555
73363 0.2818687915
73678 0.2818268937
73778 0.2818261265
73821 0.2817894692
73894 0.2817847079
73945 0.2817765627
73946 0.2817602800
74017 0.2817567619
74037 0.2817285655
74230 0.2817072690
74411 0.2817004683
74483 0.2816978490
74507 0.2816924853
74540 0.2816907890
74547 0.2816470889
74622 0.2816421586
74673 0.2816352123
74714 0.2816144381
75070 0.2815980743
75182 0.2815881461
75209 0.2815757314
75235 0.2815535233
75372 0.2815335929
75454 0.2814968819
75589 0.2814957759
75696 0.2814853250
75751 0.2814743240
75794 0.2814694482
75818 0.2814475032
75932 0.2813811720
76161 0.2813781688
76193 0.2813569852
76284 0.2813136471
76466 0.2813122930
76508 0.2813113801
76516 0.2812419917
76550 0.2811897270
76994 0.2811895995
77017 0.2811886774
77080 0.2811177076
77194 0.2811078489
77361 0.2810907500
77388 0.2810830970
77553 0.2809923734
77977 0.2809457716
78004 0.2809231733
78159 0.2809021127
78224 0.2808628744
78537 0.2808052966
78689 0.2807852532
78852 0.2807343003
79257 0.2806981751
79309 0.2806762719
79349 0.2806677379
79363 0.2806610050
79386 0.2806189148
79631 0.2806148775
80034 0.2806029639
80098 0.2805688520
80232 0.2805391643
80256 0.2805125647
80357 0.2805056383
80388 0.2804869719
80601 0.2804323675
81021 0.2803819051
81115 0.2803536642
81243 0.2803221289
81623 0.2803116765
81689 0.2802520533
81818 0.2802477191
81828 0.2802258380
81917 0.2802179818
81932 0.2801956908
82201 0.2801911409
82225 0.2801877941
82234 0.2801847661
82312 0.2801626667
82332 0.2801300015
82454 0.2800956759
82592 0.2800542061
82857 0.2800273365
83008 0.2800182025
83141 0.2800169159
83151 0.2800135399
83177 0.2800052046
83190 0.2799956563
83228 0.2799891627
83230 0.2799626545
83343 0.2799474795
83435 0.2798848700
83670 0.2798776865
83712 0.2798547364
83868 0.2797883174
84421 0.2797720338
84473 0.2797688951
84553 0.2797551554
84730 0.2797454199
84840 0.2797161733
85112 0.2796873911
85323 0.2796817637
85403 0.2796728633
85417 0.2796675613
85612 0.2795678840
85732 0.2795621023
85809 0.2795239768
85988 0.2794955959
86083 0.2794921258
86281 0.2794901597
86282 0.2794676854
86311 0.2794459909
86346 0.2794429142
86619 0.2794389930
86624 0.2794210903
86728 0.2793962064
86917 0.2793904460
86950 0.2793659883
86987 0.2793562699
87018 0.2793504499
87585 0.2793479100
87745 0.2793165037
87901 0.2792854317
88318 0.2792728643
88324 0.2792661424
88495 0.2792422864
88522 0.2792380944
88624 0.2792307095
88630 0.2792199083
88777 0.2791853373
88940 0.2791722468
88957 0.2791624019
89192 0.2791523612
89225 0.2791518621
89248 0.2791335665
89302 0.2791070055
89368 0.2791054768
89494 0.2790861918
89876 0.2790850262
89912 0.2790730787
89934 0.2790487956
89972 0.2790413710
90004 0.2790412786
90008 0.2790253613
90040 0.2790090314
90053 0.2789922552
90125 0.2789667873
90499 0.2789572503
90741 0.2789546869
90790 0.2789533839
90809 0.2789328533
90816 0.2789305592
90876 0.2789178604
91000 0.2788948581
91074 0.2788424600
91420 0.2788359095
91502 0.2788241254
91537 0.2788003803
91626 0.2787980776
91693 0.2787768029
91781 0.2787637698
92136 0.2787384320
92320 0.2787249512
92358 0.2786718815
92566 0.2786554115
92633 0.2786544227
92648 0.2785830283
93855 0.2785814037
94018 0.2785628618
94138 0.2785499077
94218 0.2785279448
94544 0.2785202682
94609 0.2785106609
94710 0.2785000127
94766 0.2784881456
94771 0.2784871317
94799 0.2784803740
94841 0.2784748155
94985 0.2784425654
95063 0.2784384470
95091 0.2784383788
95122 0.2784104953
95386 0.2784098930
95392 0.2783968431
95529 0.2783953728
95589 0.2783612830
95670 0.2783583046
95770 0.2783477523
95912 0.2783341693
95999 0.2783252005
96089 0.2783118583
96230 0.2782939829
96275 0.2782816340
96329 0.2782736832
96382 0.2782655401
96521 0.2782516155
96795 0.2782499754
96814 0.2782494550
96848 0.2782401245
96869 0.2782394758
96971 0.2782327562
97071 0.2782216666
97296 0.2781931952
97469 0.2781815211
97521 0.2781657694
97747 0.2781628502
97814 0.2781450870
97995 0.2781447651
98000 0.2781188199
98442 0.2780981795
98833 0.2780945794
98860 0.2780916440
98923 0.2780885182
99070 0.2780803407
99144 0.2780766159
99188 0.2780602727
99280 0.2780514995
99431 0.2780510173
99444 0.2780270619
99606 0.2780207641
99720 0.2779954392
99765 0.2779928991
99785 0.2779629563
100071 0.2779581588
100128 0.2779394397
100176 0.2779344484
100301 0.2779320774
100343 0.2779318768
100364 0.2779239404
100492 0.2778952472
100583 0.2778793365
100602 0.2778745641
100993 0.2778533634
101278 0.2778361047
101372 0.2778334128
101399 0.2778066843
102213 0.2777853970
102517 0.2777826544
102522 0.2777807396
102607 0.2777695480
102757 0.2777376754
103235 0.2777291243
103274 0.2777221944
103280 0.2776930266
103413 0.2776819744
103661 0.2776799748
103675 0.2776688896
103808 0.2776685152
103812 0.2776618604
103820 0.2776608020
103873 0.2776592889
103933 0.2776255423
104008 0.2776241939
104247 0.2775428197
105131 0.2775099593
105525 0.2774969528
105646 0.2774947497
105664 0.2774893956
105667 0.2774633373
105736 0.2774567555
105779 0.2774437003
105917 0.2774092316
106714 0.2773775173
106846 0.2773747364
106913 0.2773620628
107111 0.2773525278
107618 0.2773465355
107842 0.2773460401
107885 0.2773431609
108018 0.2773345517
108039 0.2773186318
108142 0.2773154634
108384 0.2773081572
108464 0.2772895484
108781 0.2772811764
108912 0.2772810649
108967 0.2772769285
109002 0.2772653545
109023 0.2772601670
109209 0.2772587268
109213 0.2772474027
109452 0.2772469464
109612 0.2772404541
109655 0.2772310102
109917 0.2772248414
109978 0.2772202237
110016 0.2772176266
110080 0.2772094577
110089 0.2771981557
110175 0.2771969209
110274 0.2771957067
110415 0.2771854684
110693 0.2771817654
110706 0.2771752978
110765 0.2771597799
110897 0.2771575145
111067 0.2771533500
111074 0.2771166247
111330 0.2771158680
111534 0.2771096687
111553 0.2771088544
111625 0.2771079383
111787 0.2771047595
111900 0.2770812293
112057 0.2770806872
112525 0.2770799250
112559 0.2770795439
112649 0.2770672450
112732 0.2770591627
112896 0.2770528269
112901 0.2770433759
112919 0.2770432377
113092 0.2770248520
113161 0.2770182508
113259 0.2770050623
113442 0.2769967935
113584 0.2769617122
113910 0.2769568961
114195 0.2769561001
114203 0.2769554618
114291 0.2769525040
114329 0.2769363119
114412 0.2769235502
114883 0.2769152228
114937 0.2769144341
115001 0.2769116866
115078 0.2769035185
115183 0.2769005036
115404 0.2768941456
115535 0.2768876210
115587 0.2768737085
115957 0.2768731151
116094 0.2768691638
116361 0.2768658353
116373 0.2768490038
116424 0.2768408753
116590 0.2768394293
116745 0.2768239874
117211 0.2768232040
117666 0.2768224737
117688 0.2768100787
117847 0.2768095524
117848 0.2768092589
117999 0.2768032817
118494 0.2768016570
118545 0.2767971783
118647 0.2767898571
118706 0.2767793414
118960 0.2767763768
118990 0.2767725129
119066 0.2767577823
119837 0.2767527182
120185 0.2767423188
120478 0.2767363306
120609 0.2767362637
120669 0.2767344945
120716 0.2767333375
120741 0.2767285229
120801 0.2767207215
120919 0.2767083442
121104 0.2767065358
121124 0.2766992572
121346 0.2766949207
121353 0.2766812479
121885 0.2766809279
121919 0.2766757966
122043 0.2766746087
122123 0.2766743166
122252 0.2766737776
122410 0.2766652940
122603 0.2766641670
122622 0.2766549734
122763 0.2766423501
122925 0.2766394356
122958 0.2766347500
122983 0.2766210607
123292 0.2766125458
123489 0.2766054972
124027 0.2766035691
124171 0.2765974489
124234 0.2765955221
124403 0.2765896641
124460 0.2765855798
124505 0.2765844565
124627 0.2765746685
125106 0.2765728997
125133 0.2765677717
125449 0.2765578113
125549 0.2765572945
125904 0.2765560844
125935 0.2765549103
125978 0.2765544564
125984 0.2765525531
126147 0.2765465887
126246 0.2765451044
126254 0.2765394419
126300 0.2765371931
126532 0.2765361743
126571 0.2765254792
126825 0.2765253799
126898 0.2765240515
126926 0.2765141904
127138 0.2765137832
127350 0.2765068535
127465 0.2765048948
127594 0.2765029567
127621 0.2765017323
127769 0.2764989932
127983 0.2764987119
128059 0.2764950468
128142 0.2764932236
128194 0.2764832051
128201 0.2764820322
128290 0.2764819311
128294 0.2764791547
128397 0.2764773690
128620 0.2764754789
128692 0.2764736434
128741 0.2764732337
128768 0.2764714111
128782 0.2764704311
128795 0.2764702777
128876 0.2764701533
128996 0.2764678914
129012 0.2764654181
129054 0.2764653231
129106 0.2764400772
129503 0.2764391490
129590 0.2764380470
129659 0.2764354067
129804 0.2764340564
129816 0.2764334816
129830 0.2764311653
129915 0.2764305562
129955 0.2764251616
129975 0.2764225503
130009 0.2764216835
130126 0.2764215444
130158 0.2764129039
130188 0.2764125172
130290 0.2764124756
130296 0.2764097128
130330 0.2764009264
130850 0.2763916950
130897 0.2763883129
131019 0.2763789181
131281 0.2763777007
131678 0.2763773167
131690 0.2763705431
131864 0.2763683519
132000 0.2763626698
132143 0.2763621103
132216 0.2763619610
132228 0.2763549390
132351 0.2763542126
132354 0.2763510515
132389 0.2763489941
132391 0.2763438723
132550 0.2763415447
132620 0.2763366231
132782 0.2763320223
132984 0.2763295628
133155 0.2763254069
133426 0.2763243043
133463 0.2763227330
133562 0.2763182988
133601 0.2763173385
133664 0.2763158503
133683 0.2763145422
133980 0.2763122995
134040 0.2763090507
134154 0.2763063746
134285 0.2763041031
134288 0.2763008507
134310 0.2763007074
134356 0.2762975045
134392 0.2762942999
134465 0.2762941571
134512 0.2762940125
134531 0.2762903488
134562 0.2762823741
134685 0.2762817784
134703 0.2762784354
134793 0.2762784223
134831 0.2762714888
134992 0.2762692870
135121 0.2762692091
135296 0.2762680346
135300 0.2762678173
135332 0.2762648224
135514 0.2762624529
135682 0.2762581421
135749 0.2762556711
135898 0.2762551141
135920 0.2762532418
136112 0.2762458155
136179 0.2762438885
136216 0.2762417260
136281 0.2762408131
136320 0.2762402623
136333 0.2762365126
136371 0.2762298279
136510 0.2762288210
136558 0.2762221277
136572 0.2762159668
136679 0.2762108162
137262 0.2762036219
137735 0.2762025849
137780 0.2762020415
137803 0.2761954398
137855 0.2761902631
138256 0.2761898588
138458 0.2761896420
138515 0.2761837292
138667 0.2761829149
138762 0.2761812890
138780 0.2761719639
139976 0.2761678819
139985 0.2761654420
140139 0.2761641513
140212 0.2761632034
140264 0.2761615005
140294 0.2761610690
140369 0.2761559925
140489 0.2761548314
140523 0.2761527972
140684 0.2761514514
141161 0.2761498189
141271 0.2761487823
141420 0.2761440699
141554 0.2761437916
141642 0.2761418518
141671 0.2761418229
141801 0.2761399746
141991 0.2761398364
142046 0.2761396689
142121 0.2761359668
142274 0.2761330141
142505 0.2761321234
142538 0.2761298938
142655 0.2761270007
142752 0.2761245903
142779 0.2761231610
142847 0.2761194637
142899 0.2761182295
143169 0.2761182276
143626 0.2761140792
143651 0.2761139976
143753 0.2761139302
143834 0.2761106004
143876 0.2761081661
143905 0.2761080404
143945 0.2761065599
144101 0.2761062818
144123 0.2760976167
144285 0.2760975220
144333 0.2760959511
144436 0.2760937848
144471 0.2760894160
144543 0.2760864424
144580 0.2760820614
144846 0.2760796694
145076 0.2760795289
145231 0.2760764401
145476 0.2760741154
145538 0.2760722662
145709 0.2760695287
145730 0.2760685676
146077 0.2760679109
146114 0.2760669352
146185 0.2760644362
146217 0.2760624275
146242 0.2760621658
146260 0.2760616616
146334 0.2760602522
146659 0.2760589616
146861 0.2760580036
146898 0.2760569481
146957 0.2760532356
146987 0.2760500668
147245 0.2760490697
147299 0.2760456711
147300 0.2760424634
147443 0.2760423301
147520 0.2760338349
147758 0.2760311196
148553 0.2760284216
148578 0.2760275345
148682 0.2760194608
149163 0.2760167035
149645 0.2760102823
149806 0.2760096707
150118 0.2760093778
150262 0.2760091286
150372 0.2760073456
150557 0.2760062828
150607 0.2760046218
150758 0.2760040310
150925 0.2760027859
151030 0.2760015586
151088 0.2759978589
151424 0.2759975651
151499 0.2759971125
151653 0.2759913032
151721 0.2759909259
151737 0.2759906836
151886 0.2759905062
151930 0.2759896024
151988 0.2759891929
152054 0.2759854624
152171 0.2759825720
152206 0.2759824499
152274 0.2759786464
152422 0.2759760440
152585 0.2759745228
152603 0.2759744860
152684 0.2759685386
152734 0.2759682487
152855 0.2759659226
152953 0.2759639839
152956 0.2759611712
153211 0.2759599029
153239 0.2759590802
153335 0.2759573453
153490 0.2759569575
153499 0.2759516543
153827 0.2759492006
153881 0.2759423821
154144 0.2759399528
154611 0.2759315783
155191 0.2759289067
155277 0.2759286681
155358 0.2759240385
155424 0.2759239545
155649 0.2759223598
155671 0.2759205396
155747 0.2759183774
155857 0.2759176341
155884 0.2759153830
155912 0.2759134985
156022 0.2759131406
156130 0.2759119300
156325 0.2759102793
156376 0.2759073927
156622 0.2759062819
157259 0.2759054589
157356 0.2759053779
157388 0.2759053414
157440 0.2759053063
157493 0.2759038205
157572 0.2759035629
157577 0.2759018379
157604 0.2759011381
157755 0.2759007170
157789 0.2759007121
157815 0.2759005990
157822 0.2758993439
157850 0.2758975698
157912 0.2758965441
157978 0.2758954865
158017 0.2758928476
158255 0.2758925481
158265 0.2758894087
158582 0.2758893711
158706 0.2758890664
158795 0.2758878219
159064 0.2758869981
159090 0.2758867004
159126 0.2758857013
159970 0.2758851517
159999 0.2758851266
160066 0.2758827111
160079 0.2758823870
160144 0.2758811681
160334 0.2758758624
160691 0.2758748172
160792 0.2758719497
161098 0.2758697736
161177 0.2758689991
161319 0.2758661165
161342 0.2758653052
161571 0.2758637186
161652 0.2758628995
161762 0.2758623985
161955 0.2758583783
162212 0.2758583048
162216 0.2758582175
162237 0.2758580875
162267 0.2758568424
162294 0.2758565900
162350 0.2758536193
162836 0.2758527904
163068 0.2758524547
163241 0.2758501809
163388 0.2758496491
163685 0.2758488193
163765 0.2758474949
163923 0.2758469722
163929 0.2758468653
163963 0.2758466693
164008 0.2758460516
164065 0.2758453063
164149 0.2758445108
164172 0.2758437521
164211 0.2758434470
164245 0.2758419814
164396 0.2758419257
164414 0.2758412412
164483 0.2758385652
165119 0.2758352763
165361 0.2758351413
165460 0.2758323998
165631 0.2758323848
165872 0.2758306185
165874 0.2758292554
165888 0.2758286675
165962 0.2758259327
166396 0.2758239949
166430 0.2758197927
166819 0.2758173537
167394 0.2758125602
168210 0.2758121550
168251 0.2758111609
168369 0.2758095968
168457 0.2758091971
168658 0.2758091410
168746 0.2758079655
168819 0.2758079160
168868 0.2758071454
169007 0.2758068360
169036 0.2758063960
169102 0.2758056884
169163 0.2758051254
169191 0.2758036612
169503 0.2758035747
169535 0.2758024328
169615 0.2758015984
169655 0.2757998719
169780 0.2758046425
evaluations raw_y
1 115.1927776780
2 33.2956692862
5 33.2652449063
18 25.6987859805
37 25.5898205202
38 23.5036014215
46 23.2985169592
56 19.1086105404
63 19.0802944597
82 18.0034562050
86 17.7470414600
100 16.7603321991
102 15.2835095319
105 14.4087038972
114 13.6685065378
118 13.0804811589
119 11.5080409411
125 10.0309650874
188 8.5750546139
386 7.3445841243
413 7.2906002125
502 6.9017612292
548 6.5476829742
711 6.2979512137
1291 6.2885855907
1416 5.6173982755
1637 4.9139257944
2620 4.5948512576
4139 4.2342955727
6628 3.9278366062
7781 3.8302368141
9377 3.8054736689
9663 3.1026561658
10967 2.9783572488
11350 2.8404630763
11596 2.8236957203
11855 2.8153166392
13520 2.3243078358
13808 2.0001896867
14121 1.4851428008
15021 1.4786572111
15040 1.1960203131
15068 0.7851075758
16137 0.7484136417
16246 0.7037315790
16258 0.6937884269
16332 0.5632480397
16722 0.5472112629
16948 0.5469584649
17391 0.5243553204
17517 0.4760019678
17800 0.4660142420
17852 0.4588768348
17875 0.3254580863
18075 0.3248790956
18281 0.3055380108
18633 0.2916313722
18782 0.2807644162
18979 0.2645974500
19148 0.2500765260
19766 0.2499658640
19777 0.2485226238
19840 0.2441585263
19963 0.2431997984
20172 0.2358131281
20336 0.2349414450
20494 0.2339858541
20647 0.2339276598
20704 0.2331085354
20817 0.2308222778
20923 0.2301904815
20974 0.2300707786
21246 0.2295483466
21360 0.2286214621
21546 0.2281887395
21568 0.2268689221
21829 0.2262505574
21959 0.2256016427
21962 0.2251541211
22121 0.2234423586
22329 0.2226625451
22366 0.2225579348
22377 0.2224406533
22635 0.2220910287
22656 0.2216370213
22872 0.2210379183
22886 0.2209538526
23051 0.2201843769
23154 0.2201327121
23163 0.2199524959
23182 0.2199303504
23197 0.2198163009
23291 0.2197505219
23343 0.2197389459
23352 0.2195345869
23398 0.2189500810
23716 0.2183508269
23963 0.2183505126
24048 0.2180548152
24130 0.2179417406
24185 0.2178964750
24241 0.2178134739
24318 0.2176348776
24378 0.2175289280
24415 0.2173216791
24487 0.2172214764
24637 0.2170754027
24675 0.2169845351
24801 0.2168930533
24802 0.2168398304
24902 0.2162456002
25037 0.2161687188
25362 0.2156550341
25938 0.2156228739
25985 0.2153974176
26052 0.2151218996
26154 0.2150691619
26326 0.2150071725
26359 0.2148315053
26474 0.2147789707
26517 0.2146929364
26722 0.2145252045
27166 0.2144116390
27211 0.2143327213
27402 0.2143191165
27431 0.2143154665
27436 0.2142340166
27491 0.2141879807
27553 0.2141743078
27667 0.2139838950
27781 0.2139487689
27917 0.2139397291
27996 0.2138540419
28228 0.2138449510
28271 0.2136937033
28400 0.2136399209
28432 0.2136186113
28513 0.2135031685
28564 0.2133606087
28644 0.2133503732
28722 0.2132805829
28730 0.2132688057
28734 0.2131808642
28829 0.2130502938
28899 0.2129719777
29230 0.2127642093
29351 0.2127387857
29415 0.2126360490
29520 0.2124958131
29724 0.2121363228
30134 0.2120866076
30248 0.2119032821
30316 0.2116692158
30454 0.2114916247
30824 0.2114810509
31028 0.2114436217
31181 0.2113739386
31290 0.2113228278
31393 0.2113164981
31424 0.2113088120
31452 0.2113057146
31457 0.2112964346
31490 0.2112720117
31616 0.2112683699
31627 0.2112299150
31669 0.2112293196
31673 0.2112091993
31782 0.2111946706
31843 0.2111927831
31895 0.2111811126
31954 0.2111693792
31985 0.2111686089
32033 0.2111544315
32057 0.2111506948
32111 0.2111414400
32132 0.2111409392
32282 0.2111391705
32329 0.2111294470
32414 0.2111235895
32429 0.2111121252
32491 0.2111106390
32641 0.2111103468
32645 0.2110985149
32709 0.2110604519
32726 0.2110446431
33052 0.2110397614
33084 0.2109916354
33101 0.2109652830
33197 0.2109513160
33231 0.2109114947
33322 0.2109114088
33404 0.2108883657
33417 0.2108734818
33491 0.2107189712
33925 0.2106569504
34019 0.2106386422
34205 0.2106169431
34226 0.2105796343
34244 0.2104873354
34305 0.2104668284
34388 0.2104443678
34563 0.2104376352
34661 0.2104093496
34672 0.2103818418
34887 0.2103450262
35094 0.2103359475
35299 0.2103277988
35354 0.2102819349
35454 0.2102748715
35472 0.2102176482
35868 0.2102107104
35896 0.2102014273
36025 0.2102009005
36072 0.2101876107
36079 0.2101872718
36147 0.2101689948
36291 0.2101532560
36316 0.2101453751
36332 0.2101425577
36411 0.2100956997
36695 0.2100829896
36805 0.2100670198
36981 0.2100369821
37012 0.2100317024
37040 0.2099979568
37071 0.2099665099
37088 0.2099663371
37279 0.2099484471
37313 0.2099404049
37419 0.2098355701
37461 0.2098318610
37488 0.2098202297
37628 0.2098031787
37717 0.2097967026
37778 0.2096977009
37883 0.2095345313
37926 0.2094810414
38178 0.2094757187
38219 0.2093169484
38516 0.2092121629
38883 0.2089658521
39005 0.2089272149
39304 0.2088441574
39445 0.2088204293
39730 0.2088040444
39742 0.2087347194
39975 0.2087249971
39983 0.2087244371
39991 0.2086915055
40133 0.2086911185
40137 0.2086831378
40208 0.2086829155
40325 0.2086780360
40379 0.2086779900
40458 0.2086739410
40499 0.2086703334
40551 0.2086674612
40609 0.2086667699
40853 0.2086611032
40854 0.2086530188
41142 0.2086520399
41163 0.2086511233
41164 0.2086476074
41304 0.2086467111
41318 0.2086394395
41567 0.2086351231
41576 0.2086338673
41636 0.2086269909
41770 0.2086253658
41802 0.2086134688
41929 0.2086070074
42098 0.2085890243
42367 0.2085829462
42438 0.2085636572
42486 0.2085563510
42690 0.2085215451
43084 0.2085097526
43357 0.2084886704
43492 0.2084267511
43600 0.2084168830
43666 0.2084123484
43818 0.2083937105
43874 0.2083919190
43915 0.2083915956
43938 0.2083822788
44024 0.2083792021
44092 0.2083713240
44400 0.2083658463
44424 0.2083644919
44433 0.2083624813
44488 0.2083603747
44549 0.2083600787
44553 0.2083555915
44845 0.2083538659
44878 0.2083518175
44930 0.2083485002
45113 0.2083451503
45199 0.2083412172
45402 0.2083378436
45497 0.2083350455
45567 0.2083343429
45687 0.2083311070
45720 0.2083308170
45752 0.2083304623
45954 0.2083300093
45979 0.2083278304
45986 0.2083268170
46017 0.2083258804
46144 0.2083249139
46334 0.2083247371
46357 0.2083243906
46656 0.2083242624
46863 0.2083206915
47062 0.2083200094
47093 0.2083185316
47200 0.2083158054
47255 0.2083153550
47491 0.2083153227
47589 0.2083137829
47706 0.2083137135
47717 0.2083125566
47759 0.2083120130
47891 0.2083113717
48084 0.2083106307
48212 0.2083102958
48249 0.2083099915
48290 0.2083089211
48332 0.2083083682
48389 0.2083079791
48550 0.2083073021
48601 0.2083070190
48643 0.2083056669
48677 0.2083049266
48803 0.2083046956
48807 0.2083036027
48831 0.2083014392
49071 0.2083012361
49158 0.2083001685
49189 0.2082997167
49197 0.2082995892
49225 0.2082995046
49244 0.2082992342
49307 0.2082968219
49315 0.2082961342
49317 0.2082942280
49486 0.2082902325
49714 0.2082839312
49758 0.2082780186
50077 0.2082776861
50570 0.2082747391
50571 0.2082720209
50593 0.2082668788
50664 0.2082657820
50670 0.2082642380
50693 0.2082639110
50736 0.2082598048
50763 0.2082590113
50865 0.2082544687
50867 0.2082516247
50885 0.2082514908
50907 0.2082514592
50916 0.2082508338
50937 0.2082448060
50978 0.2082447112
51183 0.2082418462
51243 0.2082415388
51274 0.2082379104
51366 0.2082355821
51442 0.2082352596
51524 0.2082328754
51568 0.2082319206
51636 0.2082318520
51905 0.2082252403
52242 0.2082156808
52303 0.2082151653
52474 0.2082148819
52477 0.2082113492
52504 0.2082103576
52511 0.2082040477
52825 0.2082029595
52848 0.2082025092
52867 0.2082022118
52917 0.2081994468
53129 0.2081987769
53186 0.2081983502
53242 0.2081918409
53675 0.2081909484
53883 0.2081901657
53991 0.2081896911
53995 0.2081885401
54057 0.2081866465
54078 0.2081853592
54080 0.2081847300
54212 0.2081838338
54285 0.2081809931
54506 0.2081809533
54522 0.2081769443
54941 0.2081757096
55029 0.2081748074
55036 0.2081740852
55148 0.2081732561
55180 0.2081728766
55452 0.2081721865
55564 0.2081721509
55574 0.2081717829
55585 0.2081715698
55606 0.2081713837
55616 0.2081710968
55710 0.2081706841
55901 0.2081702258
55983 0.2081700446
56024 0.2081699941
56075 0.2081699366
56076 0.2081695964
56135 0.2081694702
56191 0.2081692093
56306 0.2081689633
56394 0.2081688724
56498 0.2081687428
56694 0.2081684827
56746 0.2081683955
56758 0.2081681885
56859 0.2081680044
56933 0.2081679075
56978 0.2081678747
57006 0.2081675916
57034 0.2081675888
57071 0.2081670675
57193 0.2081663333
57348 0.2081655961
57711 0.2081653331
57876 0.2081653209
57942 0.2081646913
58011 0.2081644894
58179 0.2081641930
58303 0.2081640337
58362 0.2081637539
58378 0.2081634742
58419 0.2081634160
58467 0.2081629700
58488 0.2081624329
58498 0.2081621766
58769 0.2081614948
58798 0.2081611198
58838 0.2081610768
58909 0.2081600584
59023 0.2081590912
59471 0.2081586508
59501 0.2081581509
59510 0.2081577484
59600 0.2081570188
59644 0.2081535487
59690 0.2081520430
59737 0.2081517256
59762 0.2081513575
59840 0.2081499021
59883 0.2081470876
60053 0.2081453004
60162 0.2081449750
60235 0.2081436767
60305 0.2081433416
60306 0.2081424855
60339 0.2081354403
60386 0.2081302789
60582 0.2081265285
60584 0.2081175618
60696 0.2081109055
60702 0.2081102035
60797 0.2081046828
60883 0.2081020423
60893 0.2081008805
60933 0.2080955917
60943 0.2080931683
60957 0.2080880849
61017 0.2080763855
61069 0.2080592865
61192 0.2080456910
61379 0.2080367231
61380 0.2080360976
61519 0.2080338056
61524 0.2080223541
61535 0.2080115304
61544 0.2079888067
61605 0.2079661653
61679 0.2079431440
61782 0.2079397705
61816 0.2079388698
61840 0.2078913071
61928 0.2078786163
62153 0.2078324786
62336 0.2078261062
62530 0.2078014680
62691 0.2077798507
62791 0.2077667769
62798 0.2077586385
62825 0.2077131967
62929 0.2077096318
63328 0.2077094753
63367 0.2076695332
63518 0.2076614070
63632 0.2076498555
63640 0.2076487551
63686 0.2076242114
63699 0.2076238955
63782 0.2076158921
63833 0.2076012079
63858 0.2075994228
63952 0.2075987992
63959 0.2075874568
64086 0.2075666752
64169 0.2075227083
64419 0.2075080446
65213 0.2074934054
65316 0.2074901198
65339 0.2074900166
65405 0.2074899706
65446 0.2074823683
65515 0.2074596504
65735 0.2074456116
65977 0.2074430910
66018 0.2074359605
66095 0.2074295122
66206 0.2074214523
66232 0.2074163968
66396 0.2074111832
66445 0.2074095031
66446 0.2073893629
66647 0.2073866573
66744 0.2073836435
66927 0.2073683533
67099 0.2073658245
67133 0.2073643575
67209 0.2073600979
67210 0.2073578732
67218 0.2073369782
67561 0.2073179673
68203 0.2072940883
68436 0.2072924940
68498 0.2072908454
68524 0.2072894505
68576 0.2072795798
68751 0.2072678234
69081 0.2072658515
69165 0.2072611939
69174 0.2072578291
69487 0.2072555317
69728 0.2072526740
69758 0.2072522111
69818 0.2072515673
69891 0.2072486098
69934 0.2072448390
70194 0.2072438184
70354 0.2072362864
71202 0.2072359047
71381 0.2072351128
71414 0.2072350316
71461 0.2072339000
71573 0.2072335648
71588 0.2072330898
71590 0.2072310246
71655 0.2072304124
71789 0.2072301110
71851 0.2072296194
71855 0.2072282321
71870 0.2072272780
71967 0.2072268857
71975 0.2072267457
71991 0.2072255836
72034 0.2072214129
72409 0.2072209001
72669 0.2072184292
72765 0.2072182368
72784 0.2072160325
72793 0.2072129144
72934 0.2072098871
73162 0.2072082689
73166 0.2072028562
73320 0.2071976389
73347 0.2071954824
73619 0.2071923703
73681 0.2071883689
73759 0.2071881666
73807 0.2071830122
73818 0.2071812262
73911 0.2071764832
73914 0.2071750088
73921 0.2071731206
73960 0.2071670719
74004 0.2071546110
74493 0.2071509083
74500 0.2071409100
74505 0.2071369654
74601 0.2071295107
74683 0.2071246484
74767 0.2071241989
74808 0.2071161049
74821 0.2070908894
74981 0.2070877882
75112 0.2070470739
75171 0.2070431790
75275 0.2070106227
75389 0.2070060366
75499 0.2069912266
75647 0.2069228616
75862 0.2069161860
75928 0.2068957584
76219 0.2068924299
76281 0.2068881629
76296 0.2068414764
76499 0.2068176245
76696 0.2067715627
76741 0.2067614620
76866 0.2067492384
76929 0.2067460560
77069 0.2067391745
77103 0.2067329839
77244 0.2067133915
77271 0.2066984709
77294 0.2066915929
77356 0.2066908108
77363 0.2066692300
77535 0.2066593540
77546 0.2066506287
77626 0.2066388817
77730 0.2065856956
77935 0.2065783733
78268 0.2065527884
78352 0.2065519477
78412 0.2065407175
78531 0.2065114225
78659 0.2065058383
78736 0.2065037044
78739 0.2064981682
78820 0.2064766328
78958 0.2064658717
79101 0.2064436810
79349 0.2064382998
79393 0.2064234841
79608 0.2064183159
79639 0.2064139454
79645 0.2064086569
79663 0.2063914331
79881 0.2063845888
79918 0.2063830812
79934 0.2063678086
80002 0.2063565842
80081 0.2063527742
80171 0.2063496452
80178 0.2063468022
80334 0.2063209742
80403 0.2063187324
80513 0.2063018506
80669 0.2062935188
80708 0.2062908404
80733 0.2062773525
80807 0.2062710551
80872 0.2062689538
81029 0.2062682978
81038 0.2062631518
81081 0.2062496018
81340 0.2062094001
81393 0.2061995140
81406 0.2061685372
81800 0.2061024176
82195 0.2060989803
82312 0.2060759076
82559 0.2060568280
82601 0.2060279074
82619 0.2060233542
82649 0.2060228834
82662 0.2060186139
82722 0.2060057988
82730 0.2060029193
82777 0.2059966286
82806 0.2059950005
82833 0.2059949333
82881 0.2059880689
82893 0.2059456314
82930 0.2059443284
82933 0.2059433340
83007 0.2059204460
83081 0.2059193414
83163 0.2058756734
83415 0.2058618508
83460 0.2058455110
83577 0.2058182177
83728 0.2058171960
83752 0.2057675074
84038 0.2057278638
84089 0.2056822909
84205 0.2056687501
84234 0.2056543833
84257 0.2056426958
84387 0.2055729343
85211 0.2055670161
85228 0.2055664816
85318 0.2055552208
85438 0.2055524699
85458 0.2055468800
85480 0.2055305757
85514 0.2055231747
85525 0.2054704494
85621 0.2054427364
85669 0.2054396889
85752 0.2054103030
85831 0.2054048531
85851 0.2053749776
86071 0.2053658297
86267 0.2053296434
86512 0.2053223049
86518 0.2053136198
86659 0.2053127935
86692 0.2052941215
86804 0.2052800195
86806 0.2052712372
86878 0.2052703824
86901 0.2052608327
87004 0.2052455665
87068 0.2052325091
87087 0.2052285131
87110 0.2052215845
87122 0.2051991979
87131 0.2051869867
87359 0.2051865366
87471 0.2051844110
87481 0.2051774713
87490 0.2051634432
87632 0.2051591211
87634 0.2051547128
87734 0.2051385836
87788 0.2051170564
87857 0.2051144110
87952 0.2051114757
87998 0.2050976479
88138 0.2050968024
88220 0.2050962118
88267 0.2050960945
88290 0.2050951401
88306 0.2050842728
88347 0.2050749972
88391 0.2050455946
88479 0.2050260885
88716 0.2050064837
88799 0.2049934416
88975 0.2049382917
89344 0.2049279696
89452 0.2048865572
89453 0.2048512005
89729 0.2048502070
89736 0.2048489225
89930 0.2048444011
90106 0.2048353043
90132 0.2048279836
90147 0.2047940170
90204 0.2047684736
90223 0.2047580664
90241 0.2047502529
90317 0.2047460426
90434 0.2047373612
90517 0.2047347678
90643 0.2047260169
90695 0.2047232637
90708 0.2046830008
91057 0.2046731232
91065 0.2046528071
91165 0.2046318478
91431 0.2046308744
91445 0.2046292823
91480 0.2046259122
91623 0.2046188544
91641 0.2046025205
91674 0.2046003042
91730 0.2045794528
91736 0.2045784476
91853 0.2045780703
91962 0.2045743317
92009 0.2045669706
92015 0.2045555003
92090 0.2045489292
92194 0.2045277991
92235 0.2045046859
92291 0.2044928180
92311 0.2044738523
92342 0.2044714293
92685 0.2044627473
92703 0.2044602758
92740 0.2044425086
92777 0.2044028484
92964 0.2043958899
92994 0.2043869257
93290 0.2043653113
93805 0.2043551026
93843 0.2043373731
93942 0.2043228859
94157 0.2043227540
94232 0.2043048333
94369 0.2043043973
94376 0.2042835823
94408 0.2042766053
94472 0.2042588906
94590 0.2042432733
94811 0.2042194054
94837 0.2042049843
94854 0.2041992423
94855 0.2041875528
95338 0.2041802100
95371 0.2041491879
95493 0.2041356741
95763 0.2040921000
96544 0.2040732565
96757 0.2040715532
96771 0.2040514163
96799 0.2040506734
97068 0.2040464932
97160 0.2039993607
97422 0.2039589909
97540 0.2039516918
97611 0.2039371627
97945 0.2039250225
97991 0.2039235483
98221 0.2039219322
98299 0.2039175303
98343 0.2038941447
98448 0.2038928825
98517 0.2038812056
98563 0.2038746541
98685 0.2038694538
98696 0.2038601366
98884 0.2038379660
99011 0.2038295509
99050 0.2038142084
99159 0.2038082512
99161 0.2038076770
99302 0.2037981236
99372 0.2037769175
99519 0.2037735334
99614 0.2037661797
100093 0.2037553372
100212 0.2037480799
100229 0.2037468664
100320 0.2037428146
100409 0.2037405761
100426 0.2037298385
100442 0.2037236117
100479 0.2037135447
100522 0.2036837656
100721 0.2036753715
100751 0.2036701667
100856 0.2036587861
100921 0.2036578486
100998 0.2036543095
101051 0.2036279391
101080 0.2036042158
101640 0.2035963671
101920 0.2035787611
102461 0.2035722108
103216 0.2035691114
103220 0.2035672773
103253 0.2035629877
103285 0.2035574657
103467 0.2035456166
103586 0.2035334693
103769 0.2035255867
103932 0.2035145997
104140 0.2035114509
104389 0.2035104261
104413 0.2035075016
104496 0.2035052449
104551 0.2035040261
104575 0.2035033621
104614 0.2035004656
104619 0.2034921668
104825 0.2034876850
104880 0.2034858733
104904 0.2034857831
104906 0.2034744903
104939 0.2034718822
105075 0.2034699740
105217 0.2034634700
105332 0.2034633928
105389 0.2034472589
105452 0.2034297180
106208 0.2034250290
106301 0.2034230164
106396 0.2034076039
106503 0.2034055396
106603 0.2033915728
106732 0.2033817466
106909 0.2033741109
107080 0.2033452424
107256 0.2033235941
107363 0.2033133222
107504 0.2033087607
107557 0.2033036156
107793 0.2032677776
107841 0.2032604513
108676 0.2032560874
108740 0.2032356491
109027 0.2032286325
109207 0.2032263019
109239 0.2032197968
109491 0.2031949146
110310 0.2031932518
110321 0.2031755984
110562 0.2031644984
110654 0.2031610783
111219 0.2031485400
111373 0.2031481338
111378 0.2031293694
111744 0.2031188337
111834 0.2031187095
111863 0.2031063829
111895 0.2030951679
112004 0.2030915722
112145 0.2030882053
112401 0.2030862043
112403 0.2030851322
112491 0.2030827561
112495 0.2030681930
112785 0.2030677132
112845 0.2030628835
112856 0.2030572939
112998 0.2030561681
113020 0.2030531873
113023 0.2030521759
113046 0.2030476420
113148 0.2030408342
113185 0.2030381039
113391 0.2030355081
113425 0.2030350837
113462 0.2030320946
113471 0.2030269743
113535 0.2030212399
113610 0.2030164582
113910 0.2030029374
113974 0.2030023355
114059 0.2030015304
114060 0.2029914288
114128 0.2029902432
114189 0.2029702998
114427 0.2029683453
114481 0.2029650742
114515 0.2029586607
114662 0.2029578355
114757 0.2029494200
114889 0.2029427170
114950 0.2029377745
114973 0.2029357271
114983 0.2029332782
115005 0.2029258828
115104 0.2029250593
115400 0.2029221048
115442 0.2029172070
115469 0.2029099176
115647 0.2029018124
115648 0.2028965974
115849 0.2028929910
115871 0.2028883866
116019 0.2028880128
116057 0.2028765504
116252 0.2028642545
116540 0.2028577224
116839 0.2028535726
116902 0.2028511931
116983 0.2028497455
117031 0.2028290974
117453 0.2028269836
117710 0.2028145964
117984 0.2028128303
118081 0.2028058357
118159 0.2027990135
118220 0.2027873796
118379 0.2027846033
118490 0.2027816034
118574 0.2027767646
118674 0.2027759859
118685 0.2027755111
118706 0.2027679082
118837 0.2027474882
119040 0.2027472501
119106 0.2027407693
119260 0.2027402061
119328 0.2027305245
120042 0.2027243176
120403 0.2027173892
120478 0.2027093484
120584 0.2027047639
120837 0.2026869037
121065 0.2026850214
121256 0.2026839092
121419 0.2026778005
121514 0.2026763718
121569 0.2026748626
121624 0.2026703554
121750 0.2026667738
121830 0.2026656781
121875 0.2026652728
121885 0.2026600879
121919 0.2026561674
122073 0.2026492263
122183 0.2026480077
122202 0.2026476292
122261 0.2026473145
122282 0.2026464959
122334 0.2026360181
122349 0.2026324751
122604 0.2026283289
122656 0.2026263932
122701 0.2026252009
122730 0.2026175646
122737 0.2026157046
122942 0.2026076361
123114 0.2026064527
123166 0.2026026357
123260 0.2025968422
123377 0.2025950266
123480 0.2025904112
123483 0.2025815014
123657 0.2025760082
124034 0.2025749927
124095 0.2025625232
124124 0.2025602983
124278 0.2025564834
124311 0.2025557369
124326 0.2025540828
124461 0.2025515817
124464 0.2025510783
124545 0.2025398119
124673 0.2025366951
125276 0.2025316743
125500 0.2025264276
125508 0.2025187093
125648 0.2025183430
125685 0.2025157761
125972 0.2025151491
126090 0.2025133911
126098 0.2025051419
126187 0.2025026375
126451 0.2025013032
126455 0.2024988819
126649 0.2024979847
126663 0.2024941464
126814 0.2024934162
126852 0.2024912904
126992 0.2024904066
127117 0.2024903844
127120 0.2024879030
127141 0.2024866137
127274 0.2024841055
127282 0.2024821837
127358 0.2024818278
127397 0.2024785318
127445 0.2024728512
127664 0.2024716368
127826 0.2024698273
127927 0.2024614275
127995 0.2024592515
128281 0.2024523124
128384 0.2024470772
128432 0.2024461891
128484 0.2024401489
128686 0.2024357988
128702 0.2024323062
128856 0.2024270173
129156 0.2024210408
129206 0.2024190827
129344 0.2024169965
129370 0.2024167393
129476 0.2024138491
129483 0.2024083420
129598 0.2024079638
129718 0.2024070338
129764 0.2023997319
129924 0.2023964152
130122 0.2023950338
130237 0.2023886362
130557 0.2023847526
130619 0.2023847319
130626 0.2023828333
130726 0.2023818819
130728 0.2023812089
130868 0.2023786238
131023 0.2023779682
131066 0.2023774667
131110 0.2023754148
131278 0.2023725113
131305 0.2023676243
131389 0.2023671815
131483 0.2023664637
131498 0.2023620910
131806 0.2023590465
131846 0.2023589098
131847 0.2023576248
131853 0.2023520825
131880 0.2023451288
132297 0.2023451012
132317 0.2023431247
132513 0.2023420355
132541 0.2023392177
132542 0.2023385488
132634 0.2023355545
132685 0.2023294698
132960 0.2023283862
133063 0.2023250264
133163 0.2023196640
133663 0.2023175883
133827 0.2023158711
134012 0.2023136795
134070 0.2023129747
134092 0.2023125245
134209 0.2023115657
134262 0.2023111948
134275 0.2023107847
134292 0.2023043116
134505 0.2023014760
134659 0.2023004332
134696 0.2022989625
134790 0.2022943456
134924 0.2022886159
135546 0.2022879098
135860 0.2022865971
135951 0.2022834979
136022 0.2022822139
136079 0.2022814334
136107 0.2022786875
136150 0.2022721627
136352 0.2022679770
136493 0.2022649308
136601 0.2022622458
136706 0.2022620907
137563 0.2022548943
137624 0.2022548568
137640 0.2022536221
137740 0.2022535930
137817 0.2022534658
137856 0.2022491239
137872 0.2022477152
137977 0.2022452403
138028 0.2022452253
138081 0.2022435778
138254 0.2022377793
138529 0.2022337642
138934 0.2022304134
139189 0.2022299150
139240 0.2022279170
139392 0.2022253714
139468 0.2022210886
139825 0.2022184378
140189 0.2022182276
140237 0.2022180906
140309 0.2022177871
140326 0.2022176401
140520 0.2022131893
140616 0.2022107111
140683 0.2022066997
140961 0.2022049568
140985 0.2022040883
141013 0.2022019891
141055 0.2022016838
141163 0.2021989605
141690 0.2021946270
141856 0.2021932494
142090 0.2021929166
142164 0.2021924893
142276 0.2021913318
142322 0.2021897024
142445 0.2021880850
142500 0.2021880694
142501 0.2021878823
142574 0.2021872964
142621 0.2021848464
142750 0.2021844561
142764 0.2021843179
142810 0.2021797043
142961 0.2021793194
143435 0.2021788543
143467 0.2021774617
143587 0.2021760876
143631 0.2021758140
143814 0.2021751811
143840 0.2021724606
143957 0.2021718343
143977 0.2021700910
144549 0.2021672184
144741 0.2021666293
144834 0.2021654126
144846 0.2021642637
145171 0.2021626744
145181 0.2021618042
145407 0.2021616393
145524 0.2021601730
145599 0.2021598861
145614 0.2021588270
145646 0.2021567765
145894 0.2021559594
145925 0.2021558488
145961 0.2021552590
146212 0.2021551199
146317 0.2021546664
146325 0.2021528278
146371 0.2021526305
146409 0.2021507459
146533 0.2021496042
146857 0.2021486524
146987 0.2021478971
147129 0.2021478928
147192 0.2021478732
147245 0.2021475792
147251 0.2021474970
147270 0.2021464585
147298 0.2021452847
147315 0.2021447776
147448 0.2021444202
147598 0.2021440547
147601 0.2021428360
147633 0.2021406137
147767 0.2021395480
148011 0.2021390181
148122 0.2021373247
148318 0.2021343644
148476 0.2021339992
148735 0.2021337394
148766 0.2021317744
148982 0.2021283041
149261 0.2021282773
149402 0.2021278355
149528 0.2021272099
149635 0.2021268894
149718 0.2021267516
149760 0.2021262712
149881 0.2021258515
150021 0.2021254102
150142 0.2021252966
150157 0.2021251054
150223 0.2021249554
150236 0.2021247557
150257 0.2021246021
150324 0.2021243493
150339 0.2021239623
150359 0.2021222692
150587 0.2021221528
150860 0.2021221266
150930 0.2021215700
150983 0.2021213402
151190 0.2021204812
151239 0.2021204719
151269 0.2021203939
151284 0.2021192136
151568 0.2021191962
151771 0.2021182176
151865 0.2021180004
151912 0.2021177845
151919 0.2021177625
151945 0.2021171827
152006 0.2021171266
152018 0.2021164380
152094 0.2021162468
152221 0.2021154655
152363 0.2021135543
152482 0.2021132368
152594 0.2021130693
152639 0.2021127669
152768 0.2021126876
152799 0.2021125583
152831 0.2021123166
152866 0.2021110425
153060 0.2021110071
153128 0.2021102053
153282 0.2021100411
153340 0.2021079398
153592 0.2021078645
153673 0.2021069406
153803 0.2021066806
153819 0.2021047630
153929 0.2021047415
154105 0.2021045070
154129 0.2021038765
154276 0.2021031268
154282 0.2021022664
154305 0.2021021456
154313 0.2021019768
154394 0.2021012990
154441 0.2021001634
154801 0.2020999595
155052 0.2020983857
155515 0.2020980999
155564 0.2020968440
155903 0.2020956655
156073 0.2020956275
156132 0.2020953917
156143 0.2020947269
156244 0.2020944859
156253 0.2020942921
156306 0.2020936319
156341 0.2020911296
156504 0.2020909627
156519 0.2020903571
156799 0.2020901942
156857 0.2020880694
157202 0.2020871921
157420 0.2020867657
157421 0.2020862216
157517 0.2020860834
157518 0.2020849500
157523 0.2020842028
157585 0.2020813293
157648 0.2020804956
157971 0.2020804679
158308 0.2020778512
158338 0.2020766111
158801 0.2020760555
158900 0.2020753037
159198 0.2020752897
159315 0.2020744752
159354 0.2020739695
159430 0.2020737242
159466 0.2020735893
160204 0.2020729315
160395 0.2020720839
160759 0.2020718364
160992 0.2020707806
161039 0.2020697936
161134 0.2020697807
161177 0.2020696361
161443 0.2020686428
161576 0.2020684545
161606 0.2020684077
161616 0.2020681122
161735 0.2020679676
161772 0.2020671269
161792 0.2020667488
162073 0.2020662169
162305 0.2020660906
162313 0.2020651878
162395 0.2020645335
162632 0.2020642203
162792 0.2020638402
162890 0.2020632269
163098 0.2020621462
163486 0.2020610265
163716 0.2020609842
164114 0.2020604954
164124 0.2020604806
164172 0.2020603819
164190 0.2020596735
164275 0.2020596209
164428 0.2020594468
164523 0.2020589803
164555 0.2020580444
164720 0.2020579746
164829 0.2020579373
165044 0.2020573952
165145 0.2020573165
165199 0.2020569261
165208 0.2020565871
165237 0.2020564763
165479 0.2020563205
165507 0.2020562307
165746 0.2020556287
165783 0.2020555489
165863 0.2020554516
165886 0.2020550300
165930 0.2020549018
165953 0.2020548444
166051 0.2020548271
166052 0.2020546607
166059 0.2020545808
166184 0.2020541323
166212 0.2020539802
166289 0.2020538266
166368 0.2020538087
166382 0.2020536371
166459 0.2020534311
166487 0.2020531035
166594 0.2020528835
166641 0.2020524618
166764 0.2020524553
166942 0.2020518484
167131 0.2020517949
167304 0.2020515760
167329 0.2020514455
167333 0.2020509414
167481 0.2020508420
167550 0.2020501715
167731 0.2020492043
167809 0.2020488413
168049 0.2020488386
168081 0.2020486379
168250 0.2020482371
168289 0.2020474050
168634 0.2020464162
168808 0.2020457588
168926 0.2020454924
168980 0.2020452628
169029 0.2020425583
169203 0.2020414015
169566 0.2020409769
169694 0.2020402648
169767 0.2020398539
169799 0.2020397687
169825 0.2020382766
169926 0.2020373913
169940 0.2020373572
170015 0.2020363987
170103 0.2020356747
170187 0.2020334816
170294 0.2020332951
170644 0.2020326782
170676 0.2020292582
170979 0.2020285687
171029 0.2020263436
171513 0.2020258084
171550 0.2020253050
171570 0.2020246062
171579 0.2020237774
171592 0.2020233062
171641 0.2020210640
171683 0.2020298574
evaluations raw_y
1 108.3199047251
3 70.7142716639
15 44.9874109228
27 38.6160518184
44 24.2314708804
58 23.2366551988
59 18.3938183295
86 15.8381405833
94 15.7903009662
120 13.0116334242
138 12.7359225229
166 11.8118507421
230 11.2466419021
243 10.9739873434
295 10.5972865081
302 9.8557657425
335 7.6089655474
648 6.7868185142
1246 6.2452706721
1259 5.6901694356
1449 5.5301114922
2428 4.1329268847
10651 4.0641318045
10781 3.6439180018
11975 3.4826941885
12794 2.7537848805
14229 2.6197301452
14635 2.1977370296
15787 1.7556136556
17200 1.6685101273
17636 1.6663761084
17759 1.4700644028
17805 1.3674253548
18429 1.0920180212
18735 0.7162984891
19153 0.6394271101
19427 0.6285920815
19476 0.5985696116
19488 0.4738458476
19546 0.4460276484
19880 0.4054193683
19957 0.3906249191
20045 0.3890279888
20203 0.3802650485
20271 0.3801134994
20536 0.3723422507
20588 0.3423990062
20590 0.3345980228
20882 0.3267656229
20970 0.3188063009
20996 0.3111594640
21017 0.2993786311
21086 0.2949092817
21165 0.2947878230
21307 0.2878879814
21634 0.2773235551
21790 0.2768125886
21922 0.2762170079
21984 0.2693282466
22028 0.2622967788
22137 0.2603288381
22352 0.2569964754
22408 0.2562357198
22441 0.2556688610
22496 0.2539762738
22513 0.2512958411
22564 0.2512330339
22653 0.2499593837
22665 0.2443415364
22752 0.2432430149
22830 0.2401500677
22969 0.2396215657
23161 0.2335869004
23165 0.2331924734
23893 0.2324550283
23983 0.2274293521
24348 0.2269963416
24602 0.2259392769
24623 0.2230812248
24691 0.2229032656
24789 0.2218358466
25195 0.2190234404
25415 0.2184989559
25696 0.2169952805
25731 0.2152257440
26349 0.2150739901
26385 0.2148288554
26540 0.2145353999
26558 0.2138298992
26574 0.2135555839
26806 0.2135292514
26846 0.2126677981
26908 0.2120185311
27085 0.2119262682
27102 0.2118777597
27235 0.2107376279
27827 0.2102812316
27912 0.2102715155
27972 0.2100376085
28040 0.2097728223
28122 0.2097444384
28161 0.2085969735
28452 0.2078774142
28610 0.2076008592
28730 0.2075356162
28759 0.2075233113
28847 0.2072966164
28851 0.2065383526
28916 0.2063933602
28936 0.2060218662
29139 0.2051848737
29224 0.2043872363
29242 0.2036538460
29359 0.2033637198
29372 0.2029180418
29505 0.2022028887
29740 0.2021263834
29802 0.2020388558
29844 0.2016488523
29904 0.2014653934
30022 0.2010907120
30037 0.2002131893
30170 0.1994248828
30225 0.1991444267
30331 0.1990100438
30596 0.1984299769
30733 0.1981320304
30931 0.1976478234
31442 0.1974926891
31709 0.1974156830
31719 0.1971526323
32356 0.1971355581
32391 0.1971129843
32429 0.1969308213
32448 0.1967343188
32467 0.1966340038
32822 0.1965074523
32833 0.1964329954
32920 0.1963924987
33002 0.1963894074
33019 0.1963400297
33087 0.1961153220
33201 0.1960568605
33310 0.1959407219
33385 0.1959123000
33412 0.1958191257
33445 0.1956036362
33456 0.1955704806
33595 0.1954142200
34116 0.1953732312
34266 0.1952802869
34406 0.1950570080
34499 0.1949170350
34545 0.1948117438
34588 0.1939838508
34732 0.1938975775
34925 0.1937189030
35037 0.1935056644
35101 0.1934541163
35102 0.1934244915
35234 0.1932703304
35267 0.1930796284
35412 0.1929668725
35476 0.1929256128
35491 0.1927193314
35743 0.1926412856
35812 0.1926320707
35815 0.1925064900
36028 0.1924938078
36052 0.1924504262
36125 0.1924251704
36134 0.1923611543
36178 0.1923247303
36185 0.1922461975
36297 0.1921153456
36403 0.1920933225
36501 0.1920905133
36505 0.1920896358
36554 0.1920827736
36779 0.1920621976
36802 0.1919963578
36832 0.1919765954
36876 0.1919763146
36921 0.1919732722
36924 0.1918886202
37034 0.1918458665
37140 0.1918088468
37268 0.1918025238
37348 0.1917569492
37677 0.1916802034
38053 0.1916530036
38097 0.1916151011
38118 0.1916043962
38121 0.1915944084
38433 0.1915499347
38544 0.1915318807
38655 0.1914812963
38680 0.1914566928
38748 0.1914014387
38777 0.1913858235
39083 0.1911612635
39440 0.1911536206
39574 0.1910235623
39783 0.1909474732
39911 0.1907424543
40263 0.1907079137
40326 0.1906750941
40373 0.1906623780
40503 0.1906053457
40553 0.1905631959
40676 0.1905315327
40774 0.1904992432
40812 0.1904948778
40847 0.1904551456
41076 0.1904294154
41290 0.1904153406
41362 0.1904121786
41392 0.1903745810
41534 0.1903625163
41631 0.1903220921
41699 0.1903057535
41917 0.1902897530
42080 0.1902393716
42202 0.1902321491
42204 0.1901612190
42482 0.1901560492
42486 0.1901467215
42541 0.1901187471
42651 0.1900975188
42719 0.1899950350
42871 0.1899880369
42928 0.1898574559
43093 0.1897744906
43125 0.1897688081
43223 0.1896755876
43346 0.1896229258
43561 0.1895273307
43628 0.1895085875
43638 0.1893445562
43678 0.1893387976
43963 0.1893327441
44026 0.1892297131
44076 0.1892203703
44164 0.1891283653
44201 0.1890105924
44210 0.1888100506
44396 0.1887917241
44437 0.1887305326
44706 0.1887293797
44742 0.1886899853
44748 0.1886186962
44895 0.1885192264
44983 0.1884908535
45014 0.1883625514
45307 0.1883496599
45503 0.1883334554
45521 0.1883292702
45584 0.1883177181
45630 0.1883084024
45648 0.1882666696
45704 0.1882413555
45861 0.1882312159
45884 0.1882080323
45943 0.1881703529
46137 0.1881587122
46286 0.1881483882
46340 0.1880623530
46672 0.1880608978
46685 0.1880021693
46849 0.1879513640
46927 0.1879505060
46942 0.1877463877
47296 0.1877406569
47352 0.1875984080
47576 0.1874351293
47643 0.1874229833
47684 0.1871089879
47889 0.1869061229
47982 0.1867957184
47986 0.1867116414
48039 0.1865804182
48282 0.1865528434
48332 0.1863372177
48350 0.1862816150
48381 0.1862248599
48520 0.1860620633
48659 0.1860351492
48703 0.1859946035
48718 0.1859830203
48739 0.1856985417
49117 0.1856099057
49195 0.1855734277
49650 0.1855474667
49654 0.1855329999
49700 0.1854894451
49707 0.1854437206
49765 0.1853577212
49932 0.1853360638
49955 0.1853265959
49994 0.1852787888
50073 0.1852739128
50123 0.1852586040
50271 0.1852457611
50302 0.1852230480
50484 0.1851753208
50504 0.1851200401
50656 0.1850830370
50659 0.1850682047
50762 0.1850387730
50848 0.1850227576
51009 0.1850001965
51022 0.1849608950
51252 0.1848903610
51269 0.1848773804
51286 0.1846296806
51679 0.1843908544
51801 0.1843622391
51912 0.1842108330
51965 0.1841886937
52030 0.1838564529
52115 0.1836773414
52235 0.1835720681
52239 0.1832232281
52506 0.1831181423
52560 0.1830272284
52625 0.1827217435
52638 0.1824617962
52665 0.1824529894
52758 0.1820373667
52839 0.1817312722
53032 0.1816782725
53152 0.1813789004
53561 0.1809998573
53611 0.1807972636
53698 0.1806493796
53702 0.1805670048
53751 0.1804821102
53767 0.1803533388
53783 0.1802364330
53806 0.1800948926
53839 0.1799583196
53994 0.1798824778
54169 0.1797404217
54249 0.1797391938
54289 0.1795427428
54451 0.1794302941
54562 0.1794185445
54563 0.1793530508
54613 0.1793154498
54682 0.1792957740
54733 0.1792563652
54856 0.1791694457
55020 0.1791666087
55032 0.1789253269
55072 0.1789238164
55194 0.1787770722
55338 0.1787222505
55366 0.1787187987
55414 0.1786025538
55431 0.1785586662
55590 0.1783365154
55789 0.1783137476
55808 0.1782923289
55822 0.1782581340
55831 0.1781170324
55981 0.1780401035
56038 0.1780397552
56057 0.1780363157
56087 0.1779357900
56114 0.1779095138
56123 0.1778029818
56170 0.1777758793
56176 0.1777607045
56210 0.1776083891
56212 0.1772903109
56598 0.1770790522
56657 0.1769549698
56723 0.1769159593
56727 0.1768297702
56847 0.1765374124
56891 0.1764823831
56899 0.1764464237
56927 0.1764036115
56958 0.1764015571
56976 0.1763796261
57050 0.1762245946
57072 0.1761959997
57116 0.1761916777
57243 0.1761468129
57290 0.1761056233
57432 0.1758588105
57653 0.1757570595
57694 0.1756464817
57737 0.1754591954
57858 0.1754253566
57995 0.1753870161
58003 0.1752694319
58145 0.1752690978
58189 0.1750817570
58398 0.1750665385
58503 0.1750558238
58538 0.1749742999
58568 0.1749460246
58710 0.1748505910
58892 0.1747698028
58969 0.1747512709
58988 0.1747098917
59012 0.1747047871
59038 0.1746979465
59068 0.1746612426
59134 0.1746232354
59413 0.1745876280
59534 0.1745746187
59586 0.1745068945
59624 0.1742985196
60318 0.1741348266
60740 0.1741331967
60859 0.1740819226
61067 0.1740602466
61177 0.1740453731
61265 0.1740134604
61464 0.1739723659
61620 0.1739664472
61661 0.1739243580
61780 0.1739080778
61980 0.1738908811
62136 0.1738478312
62221 0.1738414860
62305 0.1738349174
62378 0.1737957455
62414 0.1737846044
62520 0.1737550880
62613 0.1737292038
62690 0.1737147620
62723 0.1737022456
62759 0.1736982391
62765 0.1736635687
62900 0.1736410715
63084 0.1735647005
63272 0.1735223748
63277 0.1734640860
63490 0.1734178929
63514 0.1733867801
63664 0.1733809817
63677 0.1733038129
63806 0.1732646530
63834 0.1732209195
64120 0.1731638768
64165 0.1730322223
64261 0.1729469080
64293 0.1729300718
64335 0.1729077732
64476 0.1728858163
64505 0.1727840142
64645 0.1726695147
64704 0.1726632709
64785 0.1725547074
64814 0.1725397284
64910 0.1725385078
64925 0.1723710407
64942 0.1723699498
65332 0.1723675214
65355 0.1723385948
65471 0.1722396925
65542 0.1722103921
65567 0.1720777041
65600 0.1719565154
66108 0.1719471788
66157 0.1718901380
66310 0.1717990808
66386 0.1716932637
66430 0.1716123241
66587 0.1715882335
66659 0.1715192646
66950 0.1715180705
66975 0.1714320242
67138 0.1713874814
67252 0.1713719278
67308 0.1713578223
67441 0.1713555607
67466 0.1713427408
67641 0.1712923016
67970 0.1712870076
67995 0.1712639971
68199 0.1712578209
68401 0.1712532641
68479 0.1712359540
68495 0.1712097899
68633 0.1711669180
68729 0.1711647329
68737 0.1711498939
68772 0.1711173412
68917 0.1711121657
69104 0.1711100202
69136 0.1711035457
69207 0.1710677828
69289 0.1710566504
69341 0.1710514810
69507 0.1710247096
69602 0.1710210215
69663 0.1710130971
69725 0.1709775538
69998 0.1709486194
70349 0.1709222870
70410 0.1709058881
70413 0.1708866122
70597 0.1708814288
70622 0.1708796276
70664 0.1708780596
70678 0.1708572526
70846 0.1708559140
70855 0.1708318179
70969 0.1708113105
71033 0.1708098865
71087 0.1707941663
71195 0.1707824184
71295 0.1707768603
71307 0.1707730221
71330 0.1707540883
71413 0.1707032122
71670 0.1706361874
72083 0.1706202810
72214 0.1706086985
72343 0.1705854146
72457 0.1705405591
72541 0.1704660771
72822 0.1704641280
72943 0.1704028701
73235 0.1703210453
73529 0.1703054027
73573 0.1702849169
73663 0.1702796442
73760 0.1702701531
73883 0.1702604686
73909 0.1702374397
74020 0.1702303087
74094 0.1702163777
74148 0.1701870576
74372 0.1701558721
74434 0.1701499481
74480 0.1701459397
74563 0.1701409900
74636 0.1701339726
74646 0.1701292715
74798 0.1700998937
74817 0.1700950245
74873 0.1700929990
74882 0.1700482254
75216 0.1700119646
75314 0.1700072189
75459 0.1700026259
75520 0.1699975472
75695 0.1699895751
75845 0.1699859928
75849 0.1699803236
75908 0.1699643927
75935 0.1699642875
75975 0.1699376765
76045 0.1699218689
76239 0.1699098869
76302 0.1698917422
76479 0.1698889089
76498 0.1698716056
76594 0.1698480550
76753 0.1698461233
76827 0.1698276724
76889 0.1698224626
76950 0.1698199687
76951 0.1697898523
77344 0.1697740315
77348 0.1697639549
77563 0.1697622701
77590 0.1697551047
77608 0.1697543971
77771 0.1697476406
77956 0.1697407493
78003 0.1697390390
78096 0.1697381009
78104 0.1697293171
78160 0.1697287473
78186 0.1697255111
78219 0.1697227594
78267 0.1697192189
78319 0.1697118606
78322 0.1697085010
78340 0.1697059037
78387 0.1696977298
78535 0.1696932198
78790 0.1696750316
78981 0.1696709759
79004 0.1696681417
79016 0.1696667887
79032 0.1696534433
79194 0.1696485477
79218 0.1696434993
79283 0.1696424227
79328 0.1696383038
79409 0.1696330350
79425 0.1696300445
79493 0.1696213408
79537 0.1696166742
79577 0.1696159903
79578 0.1696111834
79581 0.1696021219
79702 0.1695894826
79900 0.1695851580
79930 0.1695793101
79973 0.1695755663
80018 0.1695745115
80049 0.1695670552
80256 0.1695622352
80352 0.1695429394
80477 0.1695367899
80541 0.1695276950
80595 0.1695270293
80703 0.1695071751
80796 0.1695021168
80863 0.1694957589
80893 0.1694941517
80990 0.1694825650
81446 0.1694779082
81470 0.1694770918
81486 0.1694569524
81689 0.1694513428
81712 0.1694344689
81823 0.1694264982
82062 0.1694264122
82092 0.1694034019
82130 0.1693985449
82205 0.1693890727
82403 0.1693794105
82500 0.1693782137
82504 0.1693676784
82651 0.1693433686
83174 0.1693391887
83218 0.1693317119
83331 0.1693310525
83334 0.1693306294
83348 0.1693164143
83507 0.1693114915
83550 0.1693057997
83813 0.1693033143
83962 0.1693025443
84009 0.1692912716
84109 0.1692893326
84291 0.1692813917
84334 0.1692813031
84426 0.1692707857
84608 0.1692654477
84714 0.1692641124
84745 0.1692619071
84764 0.1692559694
84801 0.1692538656
84814 0.1692507568
84840 0.1692499751
85011 0.1692419703
85138 0.1692365078
85149 0.1692299556
85162 0.1692177766
85204 0.1692142599
85841 0.1692097928
85868 0.1691934308
86410 0.1691752936
86623 0.1691684297
86705 0.1691664265
86797 0.1691576705
86837 0.1691560040
86954 0.1691460528
87223 0.1691421425
87302 0.1691291340
87454 0.1691253797
87455 0.1691180744
87760 0.1691127185
87958 0.1691124666
88027 0.1691124621
88035 0.1691121734
88065 0.1691083508
88118 0.1691069622
88169 0.1691045050
88209 0.1691035306
88446 0.1690992111
88449 0.1690970385
88458 0.1690942246
88534 0.1690893015
88539 0.1690883673
88627 0.1690731001
88865 0.1690713120
88964 0.1690691099
89066 0.1690638055
89429 0.1690629980
89443 0.1690625563
89466 0.1690591273
89623 0.1690551766
89720 0.1690550673
89745 0.1690539620
89801 0.1690475946
89816 0.1690474013
90153 0.1690463230
90276 0.1690394728
90439 0.1690372117
90579 0.1690357351
90646 0.1690312131
90682 0.1690293520
90751 0.1690287766
90818 0.1690281211
90881 0.1690214260
91027 0.1690207198
91063 0.1690171481
91129 0.1690140827
91358 0.1690135579
91467 0.1690127297
91554 0.1690099358
91628 0.1690085978
91642 0.1690071632
91650 0.1690050094
91681 0.1690046236
91796 0.1689960945
91972 0.1689960168
92070 0.1689939576
92085 0.1689917530
92133 0.1689898368
92262 0.1689856621
92325 0.1689829414
92488 0.1689813065
92630 0.1689812711
92694 0.1689797597
92922 0.1689788485
92947 0.1689714628
93301 0.1689690786
93350 0.1689682147
93417 0.1689641112
93419 0.1689637821
93474 0.1689589046
93660 0.1689565959
93743 0.1689534980
93745 0.1689527769
93911 0.1689518112
93970 0.1689509285
93988 0.1689450607
94025 0.1689433718
94069 0.1689408507
94178 0.1689358677
94429 0.1689320735
94518 0.1689312098
94641 0.1689301997
94674 0.1689275212
94677 0.1689241031
94814 0.1689240234
94874 0.1689238807
94909 0.1689205396
95125 0.1689196955
95151 0.1689129522
95271 0.1689081704
95497 0.1689072309
95546 0.1689053906
95686 0.1689022970
95823 0.1689015280
95899 0.1688995653
96223 0.1688991114
96229 0.1688990741
96322 0.1688952045
96587 0.1688949590
96660 0.1688949081
96814 0.1688945353
96831 0.1688934372
96842 0.1688904009
96927 0.1688889396
97002 0.1688884325
97098 0.1688851476
97500 0.1688849781
97538 0.1688833941
97581 0.1688830167
97654 0.1688825276
97679 0.1688822010
97699 0.1688802937
97716 0.1688780710
97976 0.1688752191
97998 0.1688734945
98028 0.1688715887
98090 0.1688701594
98284 0.1688698502
98294 0.1688680767
98299 0.1688666832
98446 0.1688656388
98566 0.1688634449
98571 0.1688634280
98617 0.1688628710
98646 0.1688626377
98654 0.1688582109
99008 0.1688548766
99025 0.1688520012
99372 0.1688505007
99482 0.1688498656
99669 0.1688491650
99689 0.1688490528
99704 0.1688489632
99718 0.1688456344
99744 0.1688436715
99947 0.1688432689
99993 0.1688431304
100077 0.1688429830
100154 0.1688418647
100166 0.1688407294
100187 0.1688390786
100217 0.1688389832
100306 0.1688382509
100334 0.1688377154
100354 0.1688358351
100410 0.1688355330
100506 0.1688354655
100586 0.1688350773
100602 0.1688322941
100623 0.1688305424
100964 0.1688273720
101058 0.1688252948
101219 0.1688237285
101320 0.1688220967
101344 0.1688209998
101359 0.1688208802
101403 0.1688195449
101410 0.1688194148
101429 0.1688175391
101437 0.1688167328
101540 0.1688165600
101665 0.1688153475
101675 0.1688151928
101732 0.1688151755
101748 0.1688134057
101777 0.1688110826
101960 0.1688104949
101974 0.1688099498
102069 0.1688096331
102078 0.1688079706
102163 0.1688065277
102180 0.1688051754
102188 0.1688035790
102296 0.1688030811
102661 0.1688027986
102718 0.1688009222
102851 0.1688007169
102880 0.1687965956
103497 0.1687964043
103515 0.1687922368
103601 0.1687920626
103614 0.1687903130
103731 0.1687895759
103741 0.1687892869
103969 0.1687872578
104013 0.1687857728
104053 0.1687855035
104128 0.1687853025
104332 0.1687842743
104350 0.1687827894
104402 0.1687812517
104726 0.1687794644
104729 0.1687766797
105007 0.1687759262
105050 0.1687758071
105179 0.1687753111
105341 0.1687742168
105374 0.1687741079
105404 0.1687730141
105673 0.1687717076
105859 0.1687690591
105894 0.1687679212
105900 0.1687671056
106083 0.1687669397
106156 0.1687666652
106361 0.1687665896
106407 0.1687664563
106536 0.1687660546
106583 0.1687621259
106704 0.1687583586
106981 0.1687577138
107613 0.1687572480
107660 0.1687532110
108274 0.1687524489
108502 0.1687519664
108546 0.1687519386
108586 0.1687508111
108599 0.1687507637
108607 0.1687498984
108721 0.1687486408
108787 0.1687476790
108806 0.1687470911
108902 0.1687469469
108993 0.1687455225
109253 0.1687438313
109287 0.1687427004
109563 0.1687417835
109576 0.1687413079
109680 0.1687410677
109989 0.1687408317
110059 0.1687388268
110076 0.1687382888
110242 0.1687370432
110246 0.1687364704
110508 0.1687360429
110802 0.1687352327
110860 0.1687342601
110912 0.1687337830
110973 0.1687329335
111060 0.1687327932
111171 0.1687325611
111206 0.1687321576
111228 0.1687315931
111267 0.1687296316
111505 0.1687289105
111508 0.1687283961
111513 0.1687279602
111586 0.1687277667
111652 0.1687277038
111818 0.1687276151
111975 0.1687268326
112049 0.1687268227
112136 0.1687258981
112170 0.1687254492
112268 0.1687253872
112329 0.1687253770
112358 0.1687224717
112661 0.1687214101
113101 0.1687209271
113174 0.1687206435
113217 0.1687202596
113334 0.1687200106
113478 0.1687193805
113555 0.1687186566
113603 0.1687183768
113615 0.1687181821
113659 0.1687178955
113751 0.1687176680
113875 0.1687169254
113913 0.1687159614
113924 0.1687159176
113989 0.1687155226
114039 0.1687151457
114054 0.1687150734
114102 0.1687144986
114323 0.1687143302
114401 0.1687131808
114715 0.1687128840
114840 0.1687128195
114884 0.1687116775
115125 0.1687110160
115127 0.1687105927
115238 0.1687097496
115494 0.1687094638
115516 0.1687091837
115538 0.1687091096
115573 0.1687085756
115898 0.1687079390
116016 0.1687075405
116053 0.1687072045
116142 0.1687070052
116166 0.1687064796
116189 0.1687064084
116530 0.1687063609
116563 0.1687055607
116580 0.1687050355
116624 0.1687043046
116691 0.1687043016
116808 0.1687042240
116978 0.1687039067
117020 0.1687038612
117096 0.1687034727
117128 0.1687033641
117193 0.1687032577
117220 0.1687032203
117226 0.1687021611
117276 0.1687021136
117394 0.1687020384
117417 0.1687017238
117429 0.1687011654
117625 0.1687008519
117793 0.1687005931
117814 0.1686998658
117979 0.1686997980
117989 0.1686993390
118142 0.1686990320
118173 0.1686985000
118740 0.1686984945
118815 0.1686982766
118833 0.1686978966
118871 0.1686972491
119049 0.1686969292
119076 0.1686968101
119198 0.1686961426
119239 0.1686958166
119494 0.1686957638
119871 0.1686945003
119902 0.1686938646
120487 0.1686933252
120618 0.1686932362
120627 0.1686931332
120635 0.1686927743
120719 0.1686923679
120853 0.1686923630
121196 0.1686920034
121242 0.1686918117
121365 0.1686917206
121692 0.1686915904
121746 0.1686915117
121763 0.1686914895
121837 0.1686914334
121868 0.1686913378
121937 0.1686912626
121958 0.1686911035
122139 0.1686910545
122143 0.1686906764
122250 0.1686906036
122281 0.1686904067
122729 0.1686902094
122870 0.1686901044
122951 0.1686899974
123062 0.1686899631
123063 0.1686899527
123102 0.1686897621
123288 0.1686897411
123356 0.1686897018
123445 0.1686896719
123550 0.1686895438
123629 0.1686891174
123793 0.1686890515
124055 0.1686887818
124139 0.1686886819
124309 0.1686886414
124313 0.1686885521
124314 0.1686880604
124523 0.1686879485
124653 0.1686877396
124679 0.1686875131
124682 0.1686871725
125231 0.1686869905
125313 0.1686868079
125319 0.1686867012
125425 0.1686861399
125855 0.1686858553
125908 0.1686854636
126201 0.1686849864
126439 0.1686847628
126928 0.1686847468
126941 0.1686845050
127131 0.1686844501
127192 0.1686844233
127201 0.1686842880
127226 0.1686842413
127256 0.1686840894
127390 0.1686839611
127675 0.1686838664
127685 0.1686837871
127962 0.1686837296
128038 0.1686836339
128220 0.1686836245
128232 0.1686836091
128253 0.1686833842
128304 0.1686833273
128504 0.1686833051
128515 0.1686832017
128847 0.1686829881
129157 0.1686828415
129215 0.1686828400
129242 0.1686826359
129414 0.1686825587
129463 0.1686825069
129990 0.1686824908
129999 0.1686824067
130004 0.1686822847
130155 0.1686821195
130574 0.1686820129
130678 0.1686819900
130730 0.1686819800
130731 0.1686819628
130789 0.1686819239
130807 0.1686818803
130845 0.1686817271
130847 0.1686817185
131197 0.1686816733
131314 0.1686816610
131334 0.1686816451
131393 0.1686816416
131400 0.1686816161
131413 0.1686816155
131452 0.1686815238
131542 0.1686815047
131643 0.1686814810
131664 0.1686814397
131700 0.1686814345
131744 0.1686814077
131810 0.1686814044
131867 0.1686813633
131877 0.1686813029
131935 0.1686812851
131936 0.1686811920
132106 0.1686811692
132108 0.1686811559
132180 0.1686810783
132242 0.1686810673
132313 0.1686809940
132631 0.1686809734
132683 0.1686808489
132740 0.1686808212
133040 0.1686808159
133043 0.1686808094
133083 0.1686807624
133115 0.1686806741
133282 0.1686806563
133618 0.1686805410
133985 0.1686805120
134070 0.1686805085
134087 0.1686804748
134091 0.1686804746
134163 0.1686804718
134165 0.1686804479
134207 0.1686803952
134240 0.1686803425
134302 0.1686802994
134433 0.1686802971
134438 0.1686802838
134503 0.1686802098
134551 0.1686801760
134828 0.1686801183
135032 0.1686800871
135164 0.1686800684
135176 0.1686800629
135260 0.1686800240
135545 0.1686799972
135723 0.1686799485
135807 0.1686799422
135879 0.1686799267
136171 0.1686798791
136291 0.1686798750
136322 0.1686798377
136362 0.1686798253
136429 0.1686798178
136515 0.1686797936
136569 0.1686797673
136590 0.1686797549
136694 0.1686797468
136739 0.1686797139
137111 0.1686797006
137278 0.1686796874
137352 0.1686796448
137423 0.1686796135
137508 0.1686796113
137545 0.1686795627
137606 0.1686795623
138313 0.1686794934
138540 0.1686794890
138584 0.1686794810
138673 0.1686794689
138710 0.1686794306
138784 0.1686794183
139068 0.1686794130
139187 0.1686794068
139285 0.1686793888
139320 0.1686793877
139418 0.1686793729
139440 0.1686793706
139593 0.1686793677
139653 0.1686793559
139916 0.1686793532
139969 0.1686793387
140147 0.1686793375
140193 0.1686793318
140270 0.1686793220
140339 0.1686793083
140489 0.1686793080
140945 0.1686793055
140952 0.1686792976
141166 0.1686792971
141237 0.1686792917
141275 0.1686792915
141346 0.1686792859
141372 0.1686792803
141516 0.1686792801
141741 0.1686792798
141753 0.1686792757
141799 0.1686792755
141801 0.1686792727
142127 0.1686792724
142228 0.1686792694
142308 0.1686792686
142332 0.1686792684
142399 0.1686792680
142505 0.1686792657
142550 0.1686792653
142554 0.1686792619
142856 0.1686792596
143189 0.1686792586
143820 0.1686792586
143837 0.1686792579
144072 0.1686792569
144603 0.1686792568
144639 0.1686792566
144740 0.1686792565
144948 0.1686792564
144982 0.1686792563
145050 0.1686792562
145060 0.1686792560
145479 0.1686792559
145511 0.1686792559
145523 0.1686792559
145675 0.1686792558
145718 0.1686792558
145793 0.1686792558
145899 0.1686792557
146149 0.1686792557
146159 0.1686792557
146457 0.1686792557
146466 0.1686792557
146508 0.1686792557
146521 0.1686792556
146574 0.1686792556
146625 0.1686792556
146787 0.1686792556
146912 0.1686792556
147026 0.1686792556
147028 0.1686792556
147130 0.1686792556
147234 0.1686792556
147547 0.1686792556
147724 0.1686792556
147820 0.1686792556
147828 0.1686792556
147863 0.1686792556
147867 0.1686792556
148088 0.1686792556
148281 0.1686792556
148467 0.1686792556
148489 0.1686792556
148625 0.1686792556
148650 0.1686792556
148805 0.1686792556
148807 0.1686792556
148874 0.1686792556
149025 0.1686792556
149051 0.1686792556
149081 0.1686792556
149122 0.1686792556
149129 0.1686792556
149163 0.1686792556
149168 0.1686792556
149269 0.1686792556
149342 0.1686792556
149399 0.1686792556
149441 0.1686792556
149553 0.1686792556
149604 0.1686792556
149737 0.1686792556
149935 0.1686792556
150029 0.1686792556
150184 0.1686792556
150223 0.1686792556
150285 0.1686792556
150356 0.1686792556
150581 0.1686792556
150756 0.1686792556
150813 0.1686792556
150833 0.1686792556
151075 0.1686792556
151524 0.1686792556
152222 0.1686792556
evaluations raw_y
1 144.9743658317
3 110.0038088796
6 78.8660584530
7 65.7281773446
9 58.5678306986
17 47.7062567294
19 44.8643536161
23 38.3115844397
40 31.3285055089
42 21.8516630309
47 21.2584809236
53 19.8226590024
59 18.7514224002
73 17.9677746416
146 16.1297560874
161 15.7298516630
178 14.9926429393
276 13.6260745460
287 13.5245126215
289 11.6885687750
293 11.5134582055
294 11.0707704354
311 8.3034126812
555 8.2153364520
560 7.8005323859
619 7.6464050460
790 7.2690778601
795 7.1289704368
1187 6.9309424462
1214 6.2027707169
1323 5.3710104214
2987 3.8749180709
13459 3.3878752885
16559 3.0745120668
18178 3.0303774162
18187 2.6925074019
18544 2.4140058738
19642 2.1513953969
20398 1.9651965255
21006 1.8913318929
22232 1.3008053954
24320 1.0794291193
24962 0.9262139866
25648 0.8966318011
25666 0.8571071663
26039 0.7981060259
26556 0.7475899618
27192 0.7447053378
27372 0.7442472141
27723 0.7426634622
27841 0.7404291228
27848 0.7342773618
27925 0.7324493491
28049 0.7268748549
28186 0.7230925569
28351 0.7176516733
28596 0.7129006879
28684 0.7112151390
28793 0.7100111240
28829 0.7086590339
28841 0.7075888828
29049 0.7059390138
29370 0.7053774928
29386 0.7050955304
29706 0.7048409115
29728 0.7018988443
29763 0.7013537565
29810 0.7011915522
29933 0.7011834171
29941 0.6998093486
29953 0.6996070637
30069 0.6990131176
30126 0.6985289956
30147 0.6981186830
30177 0.6980011450
30179 0.6973766533
30261 0.6973233603
30535 0.6968327652
30549 0.6964588540
30561 0.6962489980
30598 0.6960713025
30693 0.6960365257
30704 0.6958287471
30780 0.6956100736
30796 0.6955030204
30900 0.6954834659
30944 0.6935608318
30995 0.6934735336
31084 0.6932365449
31487 0.6919819278
31507 0.6914840612
31793 0.6910747979
31993 0.6908585858
32069 0.6907614988
32080 0.6906291025
32121 0.6905461515
32263 0.6898839298
32352 0.6894053805
32454 0.6893211340
32506 0.6887201722
32727 0.6874032735
32825 0.6870341290
32904 0.6868543280
33066 0.6867788659
33089 0.6862386334
33101 0.6862335130
33147 0.6860728675
33172 0.6848080570
33306 0.6847049219
33479 0.6840674448
33495 0.6829484315
33546 0.6824083821
33582 0.6819998514
33669 0.6817622588
33716 0.6801125143
33828 0.6780285262
33952 0.6777518608
34102 0.6765052949
34249 0.6754176784
34251 0.6742102706
34301 0.6730922952
34358 0.6724953578
34560 0.6722569340
34627 0.6712025252
34672 0.6710566825
34749 0.6692112804
34832 0.6689587987
34937 0.6670429902
34957 0.6667835949
34982 0.6664288178
35010 0.6660515712
35049 0.6648410101
35103 0.6645841887
35113 0.6636704849
35123 0.6623745990
35208 0.6615978669
35437 0.6580013217
35679 0.6575935966
35695 0.6572895875
35969 0.6560951963
36042 0.6552014124
36081 0.6518974203
36103 0.6517415160
36183 0.6507431413
36225 0.6504566319
36232 0.6486326165
36314 0.6485795798
36418 0.6471874808
36485 0.6470743853
36661 0.6465756364
36675 0.6445973238
36759 0.6430197759
36848 0.6423205567
37013 0.6420668025
37042 0.6411928923
37179 0.6409516656
37884 0.6402438657
37980 0.6397751038
38165 0.6387688906
38433 0.6387521136
38475 0.6387471342
38480 0.6379186580
38576 0.6377706593
38815 0.6373662662
38861 0.6364468818
39166 0.6362090207
39175 0.6357794899
39300 0.6356522052
39454 0.6353518245
39576 0.6350517967
39580 0.6350182736
39593 0.6346510022
39629 0.6341098180
39785 0.6333924287
39958 0.6331725409
40083 0.6327248712
40524 0.6326688879
40528 0.6326355022
40556 0.6323157896
40592 0.6322586808
40791 0.6321843675
40829 0.6320460612
41073 0.6317435341
41328 0.6316239059
41490 0.6316158798
41579 0.6315909749
41589 0.6315774681
41628 0.6315582512
41647 0.6315356673
41649 0.6314834767
41762 0.6314569845
41838 0.6314363392
41881 0.6314198675
41889 0.6314018246
41947 0.6313569983
42203 0.6313429145
42245 0.6313328995
42273 0.6313312019
42325 0.6313241831
42342 0.6313126257
42397 0.6312942115
42521 0.6312761095
42635 0.6312713427
42656 0.6312650985
42728 0.6312144812
42861 0.6311633931
43127 0.6311232627
43177 0.6310671654
43759 0.6310153436
43827 0.6309613062
43898 0.6309441494
43955 0.6308914198
43962 0.6308670686
43970 0.6308473939
43997 0.6307426235
44231 0.6307297929
44325 0.6307017322
44365 0.6305498035
44545 0.6303187704
44624 0.6301031355
44802 0.6298726738
44861 0.6297594108
44948 0.6297498865
45027 0.6292666168
45071 0.6292083669
45167 0.6288894927
45187 0.6287589676
45282 0.6281986686
45694 0.6277145332
45790 0.6274555727
45822 0.6271496085
45950 0.6266991839
46067 0.6264885999
46092 0.6261310871
46169 0.6259935682
46220 0.6256789374
46272 0.6253732891
46418 0.6252809417
46494 0.6240957997
46837 0.6236182162
46990 0.6232301860
47100 0.6231780317
47358 0.6226771958
47653 0.6221012852
47751 0.6220770850
47758 0.6217832815
48031 0.6216598313
48079 0.6216559150
48172 0.6215453187
48273 0.6214813381
48342 0.6214483176
48363 0.6214271133
48383 0.6214226870
48418 0.6213862098
48421 0.6213596743
48454 0.6213478113
48467 0.6212813943
48499 0.6212235747
48596 0.6211393702
48609 0.6210728689
48814 0.6210371547
48977 0.6210330955
49037 0.6209104302
49074 0.6205976128
49465 0.6202849795
49971 0.6190352809
50272 0.6187418651
50365 0.6186917131
50404 0.6180666788
50649 0.6177227374
50749 0.6167338321
50811 0.6166126635
50988 0.6165570119
50992 0.6161568812
51263 0.6155599758
51359 0.6149469935
51489 0.6148602731
51517 0.6137520949
51658 0.6134990806
51671 0.6134015450
51685 0.6131891676
51864 0.6131026563
51883 0.6130452254
51923 0.6116164811
52147 0.6113667842
52297 0.6107358040
52601 0.6106138661
52733 0.6103991213
52794 0.6101864693
52827 0.6100896676
52956 0.6100660675
52998 0.6099019991
53185 0.6098735825
53357 0.6098684010
53389 0.6098315414
53453 0.6097977214
53519 0.6097472021
53984 0.6097251891
54023 0.6096270652
54589 0.6095981276
54668 0.6095843357
54672 0.6095643088
54703 0.6095207955
54730 0.6095036446
54757 0.6094922209
54765 0.6094790503
54868 0.6094716714
54883 0.6094517976
54919 0.6094468004
54939 0.6094419906
55040 0.6094121889
55042 0.6093932048
55086 0.6093630258
55160 0.6093400106
55210 0.6093397377
55249 0.6093359362
55271 0.6093195463
55279 0.6093038378
55345 0.6093001898
55351 0.6092787727
55357 0.6092533459
55540 0.6092315299
55663 0.6092299448
55743 0.6092231500
55791 0.6092177226
55825 0.6092125606
55867 0.6091669191
55889 0.6091425113
56125 0.6091185869
56170 0.6090363818
56388 0.6088755510
56510 0.6087849425
56898 0.6085555479
56964 0.6082958879
57018 0.6082941414
57030 0.6079898039
57348 0.6079737022
57429 0.6078263619
57442 0.6077721396
57459 0.6076769467
57573 0.6076118943
57628 0.6075958364
57752 0.6073602492
57865 0.6073512977
57999 0.6073463310
58069 0.6072558328
58091 0.6071399335
58153 0.6071039521
58156 0.6069696419
58184 0.6069028671
58210 0.6068276731
58306 0.6067941668
58363 0.6067862242
58409 0.6067857047
58484 0.6067320234
58494 0.6065358851
58531 0.6064850195
58675 0.6064700175
58879 0.6064666734
58890 0.6063588118
58929 0.6063318449
59181 0.6063269898
59189 0.6063158550
59197 0.6063105367
59245 0.6063035019
59250 0.6062892779
59289 0.6062862581
59297 0.6062570468
59414 0.6062300942
59478 0.6062297361
59514 0.6062283411
59542 0.6062080142
59816 0.6062063683
59857 0.6061948225
59874 0.6061934496
59883 0.6061917083
59911 0.6061828598
59913 0.6061820500
60028 0.6061800778
60035 0.6061761846
60044 0.6061671589
60282 0.6061481361
60529 0.6061227315
60531 0.6061026982
61017 0.6060835412
61026 0.6060689416
61123 0.6060123183
61211 0.6059441451
61331 0.6058988729
61558 0.6058212821
61838 0.6056883525
61957 0.6056751693
61982 0.6056679292
62086 0.6056150026
62089 0.6056142595
62136 0.6055758914
62163 0.6055565518
62168 0.6055424524
62251 0.6054084498
62408 0.6053628596
62844 0.6053463092
62911 0.6052981026
62944 0.6052956078
62983 0.6052339694
63076 0.6052146686
63173 0.6052051937
63175 0.6051731360
63336 0.6051673767
63389 0.6051450211
63428 0.6051286366
63771 0.6051268858
63875 0.6051152775
63973 0.6051138650
64031 0.6051137997
64140 0.6051127796
64141 0.6051120840
64173 0.6051110844
64181 0.6051054587
64358 0.6051040906
64396 0.6051039542
64499 0.6051032240
64534 0.6051029952
64634 0.6051029523
64639 0.6051029356
64664 0.6051022914
64666 0.6051017868
64687 0.6051017347
64710 0.6051014833
64801 0.6051012546
64902 0.6051011449
64923 0.6051009358
65076 0.6051007618
65080 0.6051006599
65180 0.6051006083
65184 0.6051004547
65247 0.6051002942
65274 0.6051001850
65322 0.6050998828
65368 0.6050995937
65433 0.6050995223
65562 0.6050992778
65657 0.6050991238
65783 0.6050986530
65806 0.6050986218
66030 0.6050984582
66055 0.6050974937
66100 0.6050973942
66352 0.6050973507
66424 0.6050967914
66481 0.6050956347
66669 0.6050955242
66679 0.6050949302
66685 0.6050944596
66773 0.6050923275
66961 0.6050921674
67003 0.6050919862
67083 0.6050857931
67525 0.6050830182
67564 0.6050821426
67620 0.6050799699
67651 0.6050784649
67656 0.6050780321
67731 0.6050745738
68036 0.6050595984
68231 0.6050191416
68689 0.6049995601
68757 0.6049949985
68826 0.6049755047
69032 0.6049748275
69050 0.6049610016
69053 0.6049397431
69176 0.6049273889
69235 0.6048987027
69382 0.6048838698
69445 0.6048671233
69634 0.6048610171
69639 0.6048552377
69704 0.6048495471
69717 0.6048167823
69754 0.6048047992
69888 0.6047897346
69965 0.6047835106
70097 0.6047582414
70228 0.6047342357
70566 0.6046985084
70638 0.6046849187
70856 0.6046650680
70977 0.6046356426
71018 0.6046305973
71144 0.6046216066
71183 0.6046135996
71228 0.6046053773
71238 0.6046030073
71262 0.6046012557
71391 0.6045921395
71413 0.6045874250
71457 0.6045630252
71700 0.6045573770
71843 0.6045423351
71919 0.6045039264
72088 0.6045038068
72101 0.6044875053
72130 0.6044583322
72196 0.6044230254
72370 0.6044122544
72484 0.6044071331
72575 0.6043836151
72914 0.6043827445
72939 0.6043693814
73036 0.6043529220
73076 0.6043518368
73254 0.6043462096
73290 0.6043425537
73298 0.6043369368
73372 0.6043327837
73373 0.6043327751
73387 0.6043125629
73842 0.6042864881
73969 0.6042735913
74030 0.6042673244
74154 0.6042627089
74291 0.6042534085
74373 0.6042483157
74420 0.6042289037
74433 0.6042096364
74516 0.6042032223
74680 0.6042018613
74749 0.6042012685
74821 0.6041904939
75098 0.6041818763
75189 0.6041744375
75213 0.6041718842
75334 0.6041615217
75363 0.6041563984
75399 0.6041498668
75533 0.6041476130
75583 0.6041396942
75871 0.6041349761
75922 0.6041332169
76053 0.6041321330
76086 0.6041224768
76089 0.6041170410
76268 0.6041125916
76348 0.6041041429
76515 0.6040979431
76518 0.6040939603
76558 0.6040921691
76591 0.6040916266
76673 0.6040880188
76716 0.6040865985
76782 0.6040821421
76924 0.6040771146
77151 0.6040664509
77170 0.6040658022
77247 0.6040606362
77476 0.6040520791
77637 0.6040483181
77656 0.6040450899
77774 0.6040410228
77810 0.6040243636
77971 0.6040172741
78072 0.6039956412
78376 0.6039880233
78419 0.6039795397
78557 0.6039731574
79011 0.6039652639
79037 0.6039576397
79088 0.6039294951
79370 0.6039225203
79521 0.6039171594
79589 0.6039082028
79771 0.6039060535
79804 0.6039019829
79816 0.6038948453
79897 0.6038933488
79944 0.6038903057
79946 0.6038830862
79966 0.6038681806
80125 0.6038649662
80168 0.6038484598
80274 0.6038445171
80356 0.6038425508
80369 0.6038385848
80681 0.6038046562
80940 0.6037935928
81050 0.6037808375
81111 0.6037683531
81157 0.6037471841
81394 0.6037303563
81778 0.6037299590
81794 0.6037170299
81876 0.6037141662
82013 0.6037133557
82092 0.6037056980
82196 0.6037053418
82247 0.6037037614
82256 0.6036912158
82340 0.6036899328
82391 0.6036872968
82393 0.6036811548
82422 0.6036689567
82588 0.6036484977
82826 0.6036454890
83126 0.6036452285
83177 0.6036401759
83202 0.6036344608
83213 0.6036292142
83310 0.6036284771
83311 0.6036257636
83343 0.6036243653
83389 0.6036181747
83435 0.6036119656
83439 0.6036059137
83525 0.6036047665
83699 0.6035956438
83892 0.6035933744
83899 0.6035869367
83934 0.6035748416
83985 0.6035716177
84133 0.6035664201
84162 0.6035462929
84531 0.6035399787
84619 0.6035365658
84622 0.6035342690
84691 0.6035301536
84817 0.6035246502
84905 0.6035239559
84936 0.6035233418
85049 0.6035146559
85068 0.6035037658
85339 0.6035029701
85375 0.6034944097
85377 0.6034910347
85502 0.6034893762
85619 0.6034828360
85673 0.6034785838
85819 0.6034752036
86122 0.6034735226
86202 0.6034691276
86229 0.6034663880
86351 0.6034654093
86366 0.6034628027
86433 0.6034615106
86434 0.6034581509
86468 0.6034560063
86518 0.6034548210
86632 0.6034534771
86714 0.6034515661
86770 0.6034478421
86844 0.6034333838
87024 0.6034287514
87353 0.6034152132
87725 0.6034047468
87747 0.6034004849
87840 0.6034004761
87957 0.6033997605
88063 0.6033994768
88086 0.6033961898
88121 0.6033915244
88163 0.6033796467
88289 0.6033794919
88397 0.6033711382
88686 0.6033689752
88700 0.6033470454
89237 0.6033453752
89483 0.6033445899
89596 0.6033299998
89706 0.6033249247
90076 0.6033245558
90128 0.6033227161
90168 0.6033204077
90286 0.6033196708
90504 0.6033154835
90549 0.6033067728
90754 0.6033029748
90794 0.6032831889
91541 0.6032686129
91668 0.6032679650
91729 0.6032635368
91762 0.6032594870
91836 0.6032540707
91932 0.6032438380
92151 0.6032423608
92168 0.6032373954
92215 0.6032352729
92317 0.6032346186
92340 0.6032329184
92403 0.6032216765
92658 0.6032212066
92750 0.6032152636
92797 0.6032128577
92877 0.6032114576
92880 0.6032113317
92914 0.6032090350
92965 0.6032082683
93048 0.6032045694
93149 0.6032042115
93195 0.6032024897
93221 0.6032021832
93229 0.6032021067
93313 0.6031961984
93340 0.6031929071
93360 0.6031777709
93467 0.6031774001
93486 0.6031707290
93720 0.6031707225
93774 0.6031644794
93848 0.6031609252
93986 0.6031556246
94017 0.6031429360
94059 0.6031393809
94153 0.6031326390
94281 0.6031322221
94289 0.6031245698
94410 0.6031224756
94463 0.6031097027
94607 0.6031053111
94648 0.6031017637
94731 0.6030986900
94890 0.6030964613
94965 0.6030923612
94990 0.6030873216
95055 0.6030861432
95146 0.6030858611
95169 0.6030844198
95204 0.6030688370
95248 0.6030679564
95366 0.6030572825
95420 0.6030480599
96323 0.6030425612
96326 0.6030408194
96364 0.6030392576
96418 0.6030361315
96499 0.6030347787
96510 0.6030331070
96568 0.6030286827
96609 0.6030161453
97082 0.6030084823
97323 0.6030050573
97442 0.6030045810
97508 0.6030033837
97529 0.6030009370
97551 0.6029993207
97586 0.6029970865
97707 0.6029965440
97834 0.6029963868
97854 0.6029961605
97927 0.6029951031
97937 0.6029950242
97968 0.6029894715
98190 0.6029880279
98209 0.6029823134
98242 0.6029810743
98435 0.6029801333
98461 0.6029793352
98511 0.6029760656
98518 0.6029741693
98651 0.6029719950
98730 0.6029711266
98783 0.6029644221
98895 0.6029599217
98992 0.6029590430
99050 0.6029562709
99103 0.6029548214
99136 0.6029544768
99286 0.6029500560
99424 0.6029450105
99522 0.6029431926
99557 0.6029413372
99620 0.6029381944
99694 0.6029295466
100136 0.6029290090
100230 0.6029278599
100416 0.6029277944
100459 0.6029215087
100545 0.6029193456
100611 0.6029187671
100682 0.6029149929
100795 0.6029134612
100866 0.6029131797
100874 0.6029102213
100947 0.6029092289
101017 0.6029079696
101033 0.6029007462
101067 0.6028951283
101259 0.6028938266
101270 0.6028871490
101385 0.6028863136
101556 0.6028857041
101871 0.6028838032
101914 0.6028818401
101932 0.6028760314
101942 0.6028759295
102017 0.6028756312
102041 0.6028751711
102067 0.6028744334
102119 0.6028682120
102185 0.6028594112
102264 0.6028555858
102402 0.6028515661
102487 0.6028500538
102510 0.6028416159
102602 0.6028305057
102976 0.6028230335
103007 0.6028211591
103029 0.6028158321
103520 0.6028092391
103673 0.6028024574
103761 0.6027977696
103860 0.6027887597
103964 0.6027865859
103988 0.6027834151
104007 0.6027833398
104056 0.6027767168
104210 0.6027752974
104221 0.6027731730
104231 0.6027711647
104246 0.6027623568
104283 0.6027614172
104406 0.6027606752
104481 0.6027589955
104801 0.6027566804
104943 0.6027549770
105066 0.6027486446
105077 0.6027478042
105121 0.6027460608
105138 0.6027450783
105177 0.6027418840
105234 0.6027411638
105246 0.6027381336
105269 0.6027370349
105312 0.6027354551
105382 0.6027260437
105530 0.6027220055
105617 0.6027126443
105662 0.6027020967
106041 0.6026844466
106297 0.6026835413
106454 0.6026715183
106741 0.6026715181
106774 0.6026706746
106840 0.6026704141
106992 0.6026627176
107031 0.6026581924
107242 0.6026541308
107752 0.6026476080
107858 0.6026452572
107983 0.6026432160
108386 0.6026403089
108406 0.6026389137
108497 0.6026372515
108655 0.6026340309
108680 0.6026298902
108792 0.6026297711
108850 0.6026277796
108858 0.6026248001
108888 0.6026243812
108930 0.6026218769
108943 0.6026182521
109071 0.6026149206
109230 0.6026124185
109258 0.6026060806
109539 0.6026031481
109623 0.6025985688
109695 0.6025961889
109880 0.6025951119
109896 0.6025948871
109959 0.6025939810
109999 0.6025936643
110004 0.6025853745
110014 0.6025847989
110088 0.6025745912
110187 0.6025742037
110583 0.6025722129
110612 0.6025721940
110615 0.6025700904
110734 0.6025598847
111394 0.6025557080
111481 0.6025551394
111751 0.6025526053
111943 0.6025421904
112236 0.6025400944
112500 0.6025346514
112828 0.6025346248
112934 0.6025339690
112964 0.6025282819
112995 0.6025278546
113036 0.6025274167
113080 0.6025251108
113128 0.6025243991
113187 0.6025242024
113215 0.6025225864
113246 0.6025196626
113486 0.6025189472
113663 0.6025173295
113713 0.6025098251
113848 0.6025077720
113920 0.6025066217
114079 0.6025060026
114120 0.6025039840
114167 0.6025031776
114209 0.6025026917
114223 0.6025020071
114243 0.6025017917
114258 0.6025013823
114321 0.6024994621
114339 0.6024994202
114375 0.6024980373
114415 0.6024977314
114438 0.6024973038
114463 0.6024968917
114475 0.6024945583
114478 0.6024931562
114518 0.6024917465
114592 0.6024895669
114611 0.6024863139
114657 0.6024821842
114927 0.6024795331
114950 0.6024771598
114972 0.6024757248
115068 0.6024737363
115312 0.6024732120
115371 0.6024695722
115380 0.6024682974
115510 0.6024668044
115600 0.6024655916
115604 0.6024641005
115622 0.6024565922
115797 0.6024550841
116061 0.6024526658
116188 0.6024501992
116298 0.6024470277
116323 0.6024459204
116385 0.6024420214
116488 0.6024418516
116657 0.6024414434
116726 0.6024411500
116739 0.6024392764
116816 0.6024370521
116845 0.6024370246
116862 0.6024361968
116893 0.6024359016
116901 0.6024347582
116904 0.6024337485
116973 0.6024316802
117142 0.6024272485
117205 0.6024248182
117353 0.6024216186
117722 0.6024200009
117786 0.6024186439
117828 0.6024141957
118128 0.6024129699
118247 0.6024121860
118357 0.6024115807
118424 0.6024101876
118442 0.6024098510
118497 0.6024088610
118524 0.6024079353
118525 0.6024035419
118817 0.6024022863
119290 0.6024022311
119299 0.6024021963
119332 0.6023998011
119360 0.6023964389
119551 0.6023961787
119564 0.6023897000
119713 0.6023868481
119765 0.6023863258
119903 0.6023839603
119910 0.6023818549
120117 0.6023814563
120188 0.6023718494
120818 0.6023661739
120938 0.6023650598
121047 0.6023595294
121070 0.6023587661
121108 0.6023559653
121175 0.6023557794
121627 0.6023508133
122108 0.6023465221
122417 0.6023464746
122494 0.6023423720
122745 0.6023377098
122885 0.6023324933
122934 0.6023308903
122943 0.6023284619
123096 0.6023263734
123134 0.6023249693
123331 0.6023238727
123398 0.6023182617
123517 0.6023147806
123541 0.6023028397
123831 0.6023015226
123996 0.6022962497
124010 0.6022955049
124012 0.6022943951
124172 0.6022916384
124351 0.6022897980
124655 0.6022896320
124673 0.6022895978
124745 0.6022876776
124810 0.6022848247
124844 0.6022801646
125104 0.6022758799
125126 0.6022758292
125149 0.6022742305
125158 0.6022732990
125178 0.6022647529
125359 0.6022637217
125511 0.6022604391
125739 0.6022597275
125764 0.6022590412
125878 0.6022589984
125909 0.6022551628
126003 0.6022504507
126078 0.6022498573
126124 0.6022497137
126140 0.6022423186
126168 0.6022413445
126373 0.6022370069
126439 0.6022335276
126582 0.6022228114
126699 0.6022204375
126746 0.6022198290
127217 0.6022146467
127434 0.6022107818
127461 0.6022084413
127634 0.6022058821
127721 0.6021994772
127888 0.6021980362
127942 0.6021962473
127975 0.6021943678
127977 0.6021941770
128131 0.6021895579
128281 0.6021888106
128312 0.6021826633
128485 0.6021753495
129199 0.6021737766
129236 0.6021703032
129291 0.6021691403
129351 0.6021683870
129588 0.6021599212
129731 0.6021590245
129858 0.6021568817
130035 0.6021563917
130146 0.6021538927
130176 0.6021532471
130205 0.6021512876
130221 0.6021486611
130334 0.6021406990
130440 0.6021374544
130955 0.6021327473
131110 0.6021286496
131125 0.6021262521
131360 0.6021246684
131366 0.6021225413
131981 0.6021210944
132007 0.6021202191
132061 0.6021167621
132189 0.6021148980
132378 0.6021128167
132418 0.6021047510
132754 0.6021046580
132779 0.6021037793
132806 0.6021024629
132876 0.6021011026
132877 0.6021007850
132954 0.6020969489
133018 0.6020962095
133534 0.6020960964
133625 0.6020954412
133630 0.6020945189
133774 0.6020924175
133868 0.6020887810
133878 0.6020887537
133920 0.6020837443
134461 0.6020810305
134777 0.6020762231
134877 0.6020757375
135046 0.6020752864
135066 0.6020733609
135098 0.6020730515
135331 0.6020712817
135356 0.6020702623
135368 0.6020691125
135534 0.6020682290
135663 0.6020675385
135740 0.6020664212
135777 0.6020651633
135795 0.6020610629
136088 0.6020605830
136106 0.6020604762
136122 0.6020603643
136178 0.6020594675
136329 0.6020576214
136442 0.6020556722
136468 0.6020545809
136566 0.6020540618
136571 0.6020539727
136600 0.6020525209
136926 0.6020514662
137001 0.6020510403
137086 0.6020506150
137093 0.6020484130
137126 0.6020483230
137163 0.6020460477
137319 0.6020421119
137381 0.6020408443
137504 0.6020402291
137722 0.6020384974
138119 0.6020370267
138137 0.6020365457
138237 0.6020337594
138290 0.6020321918
138342 0.6020319290
138802 0.6020309405
138914 0.6020265599
138928 0.6020246846
139128 0.6020243502
139222 0.6020236888
139286 0.6020232094
139385 0.6020219886
139476 0.6020211897
139501 0.6020185563
139654 0.6020169017
139791 0.6020127575
139938 0.6020074775
140191 0.6020015187
140302 0.6019987327
140524 0.6019971480
140809 0.6019956116
140938 0.6019936198
141014 0.6019934403
141088 0.6019932807
141104 0.6019869944
141223 0.6019867352
141231 0.6019839697
141385 0.6019819810
141564 0.6019791199
141934 0.6019782550
141938 0.6019778873
141974 0.6019775177
141978 0.6019768796
141986 0.6019748208
142030 0.6019707479
142101 0.6019705386
142200 0.6019703543
142235 0.6019686285
142333 0.6019660292
142644 0.6019633886
142677 0.6019605118
142679 0.6019601723
142796 0.6019557168
142996 0.6019528635
143189 0.6019491740
143396 0.6019472588
143434 0.6019431204
143477 0.6019388306
143776 0.6019304969
144288 0.6019303757
144315 0.6019294379
144774 0.6019263934
144843 0.6019254827
144965 0.6019241959
145027 0.6019222814
145054 0.6019210412
145108 0.6019204507
145369 0.6019202133
145434 0.6019162105
145539 0.6019126785
145657 0.6019117925
145703 0.6019079640
145705 0.6019074881
145949 0.6019064909
146136 0.6019046151
146189 0.6019041956
146240 0.6019025954
146244 0.6019015192
146300 0.6018986095
146413 0.6018966050
146420 0.6018935979
146570 0.6018880327
147312 0.6018853882
147475 0.6018831066
147842 0.6018823270
148023 0.6018814633
148034 0.6018809892
148239 0.6018796542
148375 0.6018782395
148473 0.6018759501
148610 0.6018756042
148678 0.6018734219
148842 0.6018692507
149257 0.6018691699
149549 0.6018688784
149652 0.6018682794
149664 0.6018681475
149802 0.6018678744
149827 0.6018677922
149831 0.6018631420
150052 0.6018622665
150063 0.6018614459
150071 0.6018613188
150111 0.6018595889
150160 0.6018595787
150173 0.6018582081
150245 0.6018581041
150354 0.6018570655
150386 0.6018569478
150439 0.6018545350
150645 0.6018542179
150709 0.6018541127
150743 0.6018523268
150833 0.6018509082
150929 0.6018487214
151315 0.6018468606
151424 0.6018459486
151496 0.6018445662
151520 0.6018422657
151574 0.6018400142
151601 0.6018399327
151626 0.6018365735
151690 0.6018353182
151731 0.6018331960
152030 0.6018292863
152772 0.6018263118
152974 0.6018253118
152991 0.6018249976
153053 0.6018245428
153148 0.6018212414
153302 0.6018210396
153311 0.6018204686
153354 0.6018200221
153357 0.6018196392
153428 0.6018193773
153544 0.6018182679
153556 0.6018176905
153627 0.6018168260
153675 0.6018167718
153684 0.6018156184
153962 0.6018147267
154285 0.6018127717
154302 0.6018109689
154342 0.6018085990
154417 0.6018064962
154850 0.6018058776
154950 0.6018052783
155273 0.6017999664
155852 0.6017997996
155880 0.6017995092
155915 0.6017991066
155929 0.6017986517
155963 0.6017981952
156028 0.6017980786
156045 0.6017973086
156046 0.6017972545
156053 0.6017957356
156220 0.6017956961
156264 0.6017923161
156473 0.6017920734
156504 0.6017914969
156516 0.6017903013
156690 0.6017891190
156759 0.6017881543
156815 0.6017859846
156833 0.6017855285
156954 0.6017845061
157006 0.6017833302
157021 0.6017817742
157251 0.6017813896
157295 0.6017804722
157350 0.6017783527
157447 0.6017779725
157503 0.6017777000
157530 0.6017757886
157648 0.6017742778
157830 0.6017739137
157842 0.6017724396
157844 0.6017692423
157922 0.6017655170
158169 0.6017632034
158431 0.6017619118
158689 0.6017617631
158697 0.6017601842
158727 0.6017598286
158824 0.6017591552
158844 0.6017584142
158900 0.6017572885
158962 0.6017526578
159177 0.6017507171
159267 0.6017477110
159460 0.6017467684
159503 0.6017466867
159668 0.6017459810
159685 0.6017435710
159769 0.6017425645
159889 0.6017407515
159959 0.6017403358
160046 0.6017396744
160202 0.6017381461
160227 0.6017380642
160236 0.6017370936
160263 0.6017362049
160305 0.6017361576
160524 0.6017360180
160648 0.6017322392
160785 0.6017317457
160932 0.6017316317
160933 0.6017311200
161138 0.6017285260
161174 0.6017281122
161203 0.6017275800
161214 0.6017274262
161277 0.6017269457
161426 0.6017262253
161466 0.6017242004
161736 0.6017194157
162108 0.6017191103
162299 0.6017188815
162339 0.6017181214
162471 0.6017175007
162569 0.6017159400
162672 0.6017146181
162847 0.6017136586
162865 0.6017126978
162962 0.6017120463
162983 0.6017114288
163062 0.6017112266
163069 0.6017093149
163134 0.6017088515
163199 0.6017061415
163263 0.6017051194
163338 0.6017032743
163352 0.6017024841
163534 0.6017005565
163654 0.6017000064
163674 0.6016996979
163835 0.6016990438
163839 0.6016988280
163861 0.6016986772
163955 0.6016949652
164038 0.6016948813
164048 0.6016926344
164131 0.6016921194
164215 0.6016909874
164249 0.6016903233
164291 0.6016895137
164322 0.6016881396
164332 0.6016880434
164445 0.6016865471
164553 0.6016841954
164582 0.6016840717
164772 0.6016833558
164816 0.6016827643
164995 0.6016816889
165118 0.6016804359
165262 0.6016803556
165315 0.6016793262
165375 0.6016773270
165791 0.6016748751
165921 0.6016731266
166065 0.6016729037
166116 0.6016697281
166238 0.6016673036
166331 0.6016659992
166504 0.6016656060
166544 0.6016648685
166571 0.6016628870
166597 0.6016626259
166763 0.6016567755
166799 0.6016553982
167228 0.6016529030
167326 0.6016511597
167445 0.6016488034
167749 0.6016487334
167826 0.6016437930
168101 0.6016431120
168231 0.6016415002
168412 0.6016404830
168434 0.6016392383
168476 0.6016350672
168690 0.6016322233
168897 0.6016312175
168940 0.6016294336
169040 0.6016292605
169099 0.6016287703
169136 0.6016272601
169204 0.6016265532
169545 0.6016255104
169552 0.6016252966
169630 0.6016251510
169701 0.6016246587
169828 0.6016226804
169841 0.6016224464
170001 0.6016211818
170008 0.6016208902
170246 0.6016190825
170522 0.6016185343
170597 0.6016182736
170652 0.6016159675
170912 0.6016158818
170956 0.6016156886
170972 0.6016171942
evaluations raw_y
1 110.8364182796
4 84.3803416527
5 59.6962891663
10 46.4441444043
14 39.3269679975
15 33.3367181810
25 31.6135036508
31 28.9419427915
34 26.4041663326
89 26.0917318289
92 17.0842259180
111 14.0652943809
170 13.4196863856
174 13.1448466504
179 12.7398572739
200 11.7771888719
218 11.6435829086
276 11.4406270020
279 10.8575557123
283 10.6792211625
349 10.2743681854
351 8.7688652878
388 8.4720898501
492 8.0155509012
533 7.5458271403
836 7.4022367743
840 5.9677404823
1166 4.9717682503
5002 4.5250262637
5589 4.0033681948
7956 3.7948871284
8796 3.2980793361
9114 3.2219313215
9395 2.9510347315
9882 2.8388935726
11371 2.6394045906
11864 2.5747192807
12270 2.4928361081
12632 2.4748115886
12835 2.4192428889
13105 2.2615900561
13386 2.1940218223
13601 1.9065667557
13931 1.8002141049
14205 1.7581011152
14280 1.7522558032
14330 1.5822826910
14365 1.5538536200
14471 1.4808437799
14712 1.3983177083
14794 1.3743189627
14912 1.3553680237
15013 1.3523863302
15045 1.3184900796
15235 1.2869874814
15714 1.2463872522
15839 1.2132724034
16132 1.2085250282
16215 1.1977375933
16422 1.1830484867
16491 1.1432553123
16966 1.1402037644
16969 1.1401809111
16986 1.1307636880
17063 1.1292527276
17081 1.1287772397
17126 1.1135157894
17382 1.1115729195
17421 1.1099004310
17562 1.1074680871
17642 1.1057881523
17871 1.1047231439
18194 1.1033929118
18198 1.1024237220
18208 1.0969014412
18650 1.0966714846
18677 1.0966503535
18702 1.0944527345
18730 1.0930400806
18889 1.0922234607
19031 1.0910593100
19070 1.0909393515
19176 1.0898293828
19196 1.0869446835
19375 1.0850746752
19644 1.0842166049
19798 1.0842056947
20031 1.0816458265
20106 1.0813467832
20109 1.0811849893
20143 1.0793934326
20166 1.0783390277
20311 1.0767914287
20430 1.0767810290
20509 1.0766449351
20580 1.0749104057
20722 1.0742608861
20881 1.0738091950
21005 1.0727843424
21270 1.0724278026
21399 1.0720849734
21451 1.0715269188
21544 1.0709080222
21958 1.0708771774
22026 1.0705346642
22418 1.0703529926
22532 1.0703366265
22586 1.0701684365
22681 1.0697640982
22852 1.0695115023
22861 1.0694803082
23038 1.0693046659
23066 1.0692986043
23137 1.0689673912
23313 1.0689222283
23344 1.0688688472
23417 1.0687507146
23510 1.0685836433
23533 1.0685364381
23541 1.0682929574
23582 1.0676898509
23610 1.0673300049
23612 1.0668892092
23672 1.0667236333
23952 1.0657262433
24190 1.0647743000
24325 1.0644796879
24372 1.0641631106
24533 1.0634769760
24741 1.0628587898
24897 1.0625170033
24907 1.0623416320
24916 1.0618176553
25018 1.0599445087
25039 1.0581278951
25335 1.0565205485
25658 1.0559380507
25725 1.0558032669
25798 1.0550270138
26022 1.0530988014
26181 1.0522685533
26283 1.0517854607
26330 1.0508857912
26583 1.0506738945
26617 1.0506094334
26684 1.0500132349
26860 1.0496958444
26925 1.0488150855
26948 1.0486169217
27052 1.0478193003
27161 1.0474052708
27273 1.0468847457
27286 1.0464898077
27330 1.0462698905
27455 1.0462517889
27511 1.0461945589
27575 1.0461474481
27630 1.0458295048
27632 1.0451853225
27635 1.0444616513
27725 1.0439562526
27841 1.0436530178
27863 1.0435128386
27898 1.0432270404
28064 1.0420039375
28177 1.0414993959
28294 1.0404684694
28579 1.0396426390
28791 1.0394663873
28941 1.0393739896
29056 1.0388593429
29108 1.0382125365
29159 1.0380776748
29184 1.0380381370
29224 1.0380053789
29243 1.0377449674
29380 1.0369638476
29771 1.0368315243
30023 1.0368115812
30083 1.0365652513
30189 1.0365168605
30622 1.0362448780
30921 1.0362288104
30989 1.0362117475
31052 1.0361912035
31118 1.0361893010
31151 1.0360219255
31629 1.0360129060
31647 1.0359920713
31660 1.0359790359
31724 1.0359562090
31741 1.0359229529
31749 1.0359072340
31850 1.0358259820
32018 1.0358115805
32090 1.0358031601
32096 1.0357612997
32108 1.0357357940
32579 1.0356435182
32741 1.0355428368
32883 1.0355340414
32909 1.0355175596
32938 1.0355103494
32948 1.0354667823
33026 1.0354653744
33046 1.0354586196
33080 1.0353674210
33122 1.0352898139
33375 1.0351222099
33384 1.0351193287
33476 1.0350196345
33581 1.0348589281
33797 1.0348000257
33911 1.0344888519
34179 1.0339678339
34583 1.0335810509
34823 1.0332542364
34863 1.0330522725
34985 1.0328059883
34996 1.0327771798
35086 1.0324377477
35170 1.0319522489
35311 1.0317248342
35324 1.0315245754
35429 1.0313775307
35497 1.0311567625
35550 1.0310092844
35553 1.0306778006
35822 1.0296981400
36299 1.0295292163
36435 1.0289964076
36819 1.0287898116
36906 1.0287049604
36950 1.0283103623
37118 1.0282458405
37170 1.0280410276
37292 1.0276965992
37622 1.0276165534
37767 1.0274058023
38001 1.0273792965
38128 1.0273739110
38137 1.0273662462
38163 1.0270257692
38256 1.0268844641
38576 1.0266383846
38755 1.0262456258
38946 1.0261964787
39081 1.0260174900
39115 1.0259440546
39126 1.0255072713
39193 1.0252820011
39366 1.0249093382
39509 1.0242417080
39555 1.0241537516
39749 1.0238452063
39797 1.0233217049
39981 1.0229939936
40069 1.0227961543
40082 1.0211501809
40155 1.0211044139
40332 1.0211008640
40353 1.0198473797
40782 1.0198342702
40823 1.0191901119
40837 1.0188386669
40940 1.0177725660
41077 1.0176851136
41092 1.0167254220
41133 1.0163468418
41175 1.0163007882
41390 1.0161959195
41415 1.0161573690
41416 1.0158608593
41491 1.0156544785
41545 1.0149560660
42040 1.0147731193
42066 1.0137208255
42092 1.0136913715
42104 1.0134667840
42134 1.0124182942
42297 1.0107962002
42586 1.0101350075
42758 1.0081821874
42922 1.0067375530
42970 1.0056371008
42977 1.0025624893
43185 1.0002230911
43330 0.9962735108
43682 0.9944644637
43785 0.9938020027
43838 0.9934666374
43862 0.9891719708
43914 0.9854929196
43987 0.9850398113
43998 0.9849644867
44080 0.9823337747
44132 0.9813575224
44223 0.9791666129
44278 0.9787898716
44285 0.9743290379
44501 0.9698089447
44576 0.9683037548
44796 0.9678475288
44826 0.9668008561
44890 0.9654622965
44905 0.9653205735
44917 0.9641653936
44959 0.9635015295
45141 0.9632367789
45177 0.9618637202
45201 0.9616521067
45239 0.9607311761
45244 0.9583715611
45366 0.9573334742
45511 0.9569016478
45536 0.9558605506
45654 0.9557290033
45674 0.9542803758
45688 0.9529710876
45789 0.9515995367
45953 0.9507182958
46018 0.9497594718
46102 0.9481856120
46330 0.9468964225
46359 0.9460617315
46695 0.9446254164
46701 0.9434318446
46788 0.9416372026
47123 0.9404162275
47314 0.9400350654
47472 0.9380790945
47782 0.9373999377
47815 0.9359293084
47927 0.9348555252
47985 0.9343111597
48060 0.9342603253
48402 0.9336608649
48416 0.9329161519
48465 0.9326442229
48503 0.9314846332
48540 0.9307153658
48555 0.9299317945
48583 0.9298390152
48791 0.9295697069
48807 0.9285049310
49126 0.9271199421
49144 0.9268293789
49460 0.9268076323
49944 0.9255566938
50115 0.9250308299
50238 0.9249207649
50247 0.9248152486
50257 0.9238963939
50413 0.9235362020
50414 0.9232657812
50451 0.9230617403
50540 0.9228053303
50601 0.9226384076
50613 0.9224998039
50666 0.9221062434
50722 0.9219248818
50824 0.9217562183
50965 0.9215489430
51012 0.9214610621
51057 0.9214064602
51268 0.9213812010
51283 0.9208333833
51386 0.9206831865
51407 0.9206751859
51436 0.9206275185
51465 0.9206019452
51512 0.9203133028
51688 0.9202394520
51696 0.9202325794
51744 0.9201784079
51768 0.9200543110
51866 0.9199320392
51870 0.9198880445
52013 0.9196664486
52250 0.9196175986
52260 0.9195675634
52319 0.9194702152
52429 0.9194379354
52476 0.9192929438
52687 0.9192408995
52812 0.9192395591
52888 0.9192139642
52890 0.9191743390
52911 0.9191688776
52922 0.9191601305
52928 0.9191454336
52930 0.9191150860
52932 0.9190629701
52971 0.9190305323
53004 0.9190103322
53055 0.9189851733
53061 0.9188051945
53108 0.9187584441
53162 0.9186800990
53425 0.9184309194
53663 0.9183077664
53844 0.9181449962
53892 0.9180152506
53940 0.9178207668
54298 0.9174644520
54337 0.9172930629
54512 0.9171635776
54595 0.9170920603
54627 0.9168754952
54726 0.9168296451
54763 0.9167477457
54841 0.9166005013
54846 0.9165860176
55000 0.9164152782
55015 0.9161083500
55079 0.9156175046
55198 0.9154441871
55282 0.9153957345
55336 0.9153391382
55364 0.9147558674
55444 0.9143852026
55658 0.9141919581
55894 0.9139476801
55989 0.9139174495
56002 0.9138681718
56022 0.9136218359
56025 0.9135792601
56146 0.9129393971
56449 0.9128911584
56463 0.9125367398
56514 0.9123351086
56578 0.9119034482
56799 0.9118485147
56878 0.9117705312
56905 0.9115433142
56979 0.9115362139
57043 0.9113660765
57047 0.9113073361
57052 0.9110245494
57278 0.9110103369
57304 0.9107968774
57363 0.9106709808
57429 0.9106459361
57558 0.9106048328
57570 0.9105672595
57637 0.9105486263
57670 0.9103924959
57725 0.9103258638
57970 0.9103252086
57992 0.9103002321
57998 0.9102718470
58004 0.9100710447
58144 0.9100259781
58231 0.9099969898
58253 0.9098947913
58349 0.9098904231
58432 0.9098613740
58514 0.9098416638
58527 0.9097993992
58632 0.9097774272
58675 0.9097550776
58728 0.9097305807
58805 0.9096693515
58898 0.9096626599
59045 0.9096293859
59100 0.9096117477
59132 0.9095921979
59294 0.9095822021
59564 0.9095696793
59580 0.9095596756
59589 0.9095295268
59651 0.9095294881
59659 0.9095172205
59720 0.9094942341
59782 0.9094753887
59891 0.9094598326
60193 0.9094458850
60316 0.9094342569
60431 0.9094327435
60561 0.9094314690
60572 0.9094153821
60791 0.9094079908
60799 0.9093975948
61079 0.9093957892
61270 0.9093936496
61515 0.9093917362
61541 0.9093795206
61583 0.9093756503
61786 0.9093692441
61841 0.9093683014
61851 0.9093679426
61862 0.9093667105
61874 0.9093635757
61958 0.9093572032
62105 0.9093499890
62280 0.9093490596
62401 0.9093479940
62412 0.9093463381
62524 0.9093460750
62529 0.9093454420
62578 0.9093412531
62585 0.9093366841
62815 0.9093362863
62821 0.9093355922
62851 0.9093338672
62939 0.9093317230
62972 0.9093307435
63048 0.9093279922
63061 0.9093242709
63267 0.9093183093
63423 0.9093126664
63632 0.9093094013
63740 0.9093061960
63753 0.9093016496
64036 0.9092991480
64357 0.9092982808
64382 0.9092937214
64452 0.9092903177
64467 0.9092872325
64668 0.9092866067
64971 0.9092837639
65190 0.9092804445
65469 0.9092787869
65487 0.9092784534
65523 0.9092782791
65589 0.9092770457
65599 0.9092769611
65726 0.9092751803
65756 0.9092743016
65870 0.9092734004
65945 0.9092733886
65995 0.9092733689
66104 0.9092733036
66135 0.9092730091
66163 0.9092722909
66237 0.9092715166
66306 0.9092713965
66367 0.9092713673
66396 0.9092708731
66433 0.9092708332
66485 0.9092707493
66587 0.9092705646
66597 0.9092703569
66708 0.9092702823
66732 0.9092700662
66965 0.9092699739
66978 0.9092699262
66984 0.9092698864
67013 0.9092696158
67401 0.9092695406
67553 0.9092695094
67558 0.9092694825
67630 0.9092694732
67674 0.9092693775
67830 0.9092693531
67850 0.9092692767
68179 0.9092692266
68396 0.9092691504
68435 0.9092690243
68628 0.9092689849
68696 0.9092689363
68816 0.9092686628
69287 0.9092686574
69326 0.9092684620
69620 0.9092682568
69961 0.9092682215
69970 0.9092681105
69988 0.9092679529
70147 0.9092679202
70162 0.9092679150
70280 0.9092677633
70441 0.9092677632
70557 0.9092677314
70625 0.9092676968
70739 0.9092676890
70770 0.9092676300
70861 0.9092676196
70965 0.9092676174
71124 0.9092676101
71183 0.9092675944
71221 0.9092675932
71234 0.9092675907
71257 0.9092675832
71288 0.9092675764
71322 0.9092675586
71518 0.9092675351
71810 0.9092675200
71992 0.9092674682
72176 0.9092674669
72387 0.9092674433
72484 0.9092674283
73052 0.9092674028
73063 0.9092673985
73102 0.9092673963
73121 0.9092673919
73186 0.9092673787
73324 0.9092673711
73332 0.9092673689
73353 0.9092673668
73468 0.9092673595
73575 0.9092673593
73613 0.9092673435
73767 0.9092673300
74176 0.9092673279
74231 0.9092673247
74266 0.9092673242
74425 0.9092673203
74490 0.9092673194
74508 0.9092673142
74564 0.9092673119
74829 0.9092673074
74840 0.9092673024
75266 0.9092672979
75404 0.9092672760
75688 0.9092672624
75730 0.9092672606
75741 0.9092672441
75783 0.9092672402
75830 0.9092672361
75869 0.9092672357
75948 0.9092672335
76013 0.9092672256
76028 0.9092672186
76032 0.9092672184
76046 0.9092672078
76074 0.9092672010
76146 0.9092671951
76180 0.9092671884
76198 0.9092671657
76443 0.9092671575
76525 0.9092671285
76693 0.9092671170
76823 0.9092670843
76836 0.9092670187
76875 0.9092670153
76915 0.9092669701
77160 0.9092667563
77629 0.9092664673
77695 0.9092664317
77884 0.9092662742
77902 0.9092662455
77974 0.9092662385
77985 0.9092662113
78235 0.9092661020
78363 0.9092660796
78364 0.9092660733
78384 0.9092660719
78416 0.9092660486
78498 0.9092659591
78576 0.9092658731
78617 0.9092658360
78677 0.9092657904
78742 0.9092657209
78816 0.9092656643
79112 0.9092656569
79141 0.9092656433
79194 0.9092656368
79197 0.9092656288
79199 0.9092655412
79349 0.9092655285
79394 0.9092655178
79510 0.9092655168
79528 0.9092655042
79550 0.9092654605
79683 0.9092654601
79764 0.9092654230
80017 0.9092654013
80041 0.9092653988
80159 0.9092653754
80219 0.9092653151
80258 0.9092653089
80283 0.9092652954
80385 0.9092652919
80425 0.9092652780
80480 0.9092652445
80564 0.9092652432
80688 0.9092652329
80744 0.9092652254
80779 0.9092652206
80813 0.9092652177
80825 0.9092651862
80972 0.9092651743
81038 0.9092651700
81180 0.9092651548
81271 0.9092651422
81328 0.9092651227
81452 0.9092651213
81573 0.9092651205
81593 0.9092651002
81750 0.9092650991
81840 0.9092650872
81997 0.9092650703
82054 0.9092650683
82061 0.9092650524
82352 0.9092650484
82539 0.9092650459
82549 0.9092650427
82582 0.9092650427
82611 0.9092650391
82630 0.9092650388
82706 0.9092650376
82800 0.9092650250
82900 0.9092650250
82961 0.9092650244
82972 0.9092650224
83098 0.9092650205
83133 0.9092650189
83236 0.9092650184
83285 0.9092650143
83495 0.9092650121
83571 0.9092650115
83674 0.9092650113
83679 0.9092650098
83785 0.9092650094
83886 0.9092650089
83953 0.9092650089
84004 0.9092650087
84034 0.9092650078
84063 0.9092650077
84177 0.9092650076
84235 0.9092650075
84364 0.9092650072
84371 0.9092650070
84425 0.9092650068
84459 0.9092650068
84528 0.9092650067
84559 0.9092650061
84657 0.9092650058
84810 0.9092650058
84827 0.9092650057
84908 0.9092650056
84927 0.9092650053
85227 0.9092650053
85280 0.9092650053
85385 0.9092650052
85594 0.9092650052
85657 0.9092650052
85701 0.9092650052
85790 0.9092650052
85793 0.9092650052
85797 0.9092650052
85867 0.9092650051
85937 0.9092650051
85997 0.9092650051
86044 0.9092650051
86061 0.9092650051
86078 0.9092650051
86213 0.9092650051
86308 0.9092650051
86374 0.9092650051
86394 0.9092650051
86445 0.9092650051
86464 0.9092650051
86511 0.9092650051
86522 0.9092650051
86532 0.9092650051
86550 0.9092650051
86694 0.9092650051
86797 0.9092650051
86895 0.9092650051
86933 0.9092650051
86949 0.9092650051
86987 0.9092650051
86991 0.9092650051
87024 0.9092650051
87040 0.9092650051
87076 0.9092650051
87168 0.9092650051
87205 0.9092650051
87273 0.9092650051
87372 0.9092650051
87374 0.9092650051
87395 0.9092650051
87455 0.9092650051
87463 0.9092650051
87476 0.9092650051
87579 0.9092650051
87698 0.9092650051
87811 0.9092650051
87831 0.9092650051
87911 0.9092650051
88119 0.9092650051
88289 0.9092650051
88493 0.9092650051
88883 0.9092650051
evaluations raw_y
1 61.9735957085
5 51.7417600363
6 39.0543309869
15 35.0817586324
18 32.2241879563
19 31.9425063385
21 18.9669850494
46 14.8549094789
50 13.8081991920
58 12.7223555902
81 11.7254444900
115 11.6666201412
122 9.1103084667
206 9.0745938600
273 8.7292340348
348 7.2076364624
417 7.1904542884
443 6.8896176258
950 5.4795579263
1282 5.2401591496
1733 4.7625715452
3308 4.5477854262
6837 4.4601014587
9526 3.6468260212
14211 3.2653868945
16574 2.8661193023
21691 2.4939126204
22405 2.3008135672
22879 2.0543750163
23343 1.9671769429
23912 1.9311691822
23974 1.7320339064
24103 1.3600907451
24307 1.2683350154
24425 1.2016776850
24469 1.1942098042
24613 1.1645432313
24773 1.1186118091
25281 1.0915728180
25489 1.0379829275
25520 0.9956581443
25592 0.8898800269
25666 0.7680291715
25922 0.7553836395
26013 0.7057215905
26080 0.6688918191
26096 0.6249571444
26490 0.6207865476
26507 0.6124421806
26747 0.6043131937
26805 0.5965533022
26851 0.5955556471
26910 0.5841256025
27003 0.5799342280
27064 0.5747042077
27134 0.5705672574
27143 0.5561386904
27174 0.5398670144
27187 0.5321980663
27333 0.5243695278
27342 0.5181936034
27345 0.5020945820
27725 0.4858270629
28125 0.4801016513
28226 0.4753492025
28373 0.4659917579
28498 0.4602838999
28656 0.4524082204
28846 0.4503190769
29604 0.4480175572
29614 0.4461289285
29680 0.4431751262
29711 0.4409722650
29871 0.4397766727
29938 0.4352234913
30413 0.4337973466
30917 0.4335343503
31103 0.4332118933
31403 0.4331004424
31578 0.4328323063
31604 0.4325475132
31650 0.4325466415
31681 0.4322084959
31767 0.4321322669
31804 0.4320780183
31857 0.4319775353
32080 0.4318700831
32139 0.4313559553
32295 0.4313511830
32370 0.4311412083
32503 0.4309769355
32579 0.4308612064
32765 0.4305508773
32901 0.4305052305
32938 0.4302545107
33043 0.4300945933
33444 0.4300935002
33526 0.4296997155
33912 0.4296988397
33966 0.4295180544
33971 0.4293268912
34029 0.4292175676
34135 0.4290683406
34381 0.4290410442
34596 0.4287792562
34954 0.4287603090
35144 0.4286227564
35480 0.4285835047
35554 0.4285632698
35591 0.4285202211
35718 0.4285163995
35860 0.4285129338
35963 0.4285095640
35996 0.4285022272
36159 0.4284655305
36248 0.4284615379
36295 0.4284538605
36332 0.4284375097
36333 0.4283659672
36598 0.4283625074
36609 0.4283452238
36616 0.4283106464
36734 0.4282618543
36764 0.4282219365
36828 0.4282111648
36895 0.4282096991
36931 0.4281345266
36976 0.4281300946
37104 0.4281022789
37134 0.4278268348
37355 0.4278119247
37452 0.4277324629
37596 0.4276565948
37940 0.4276000553
37980 0.4275263417
37982 0.4273495148
38224 0.4272568377
38376 0.4272095219
38467 0.4271434951
38583 0.4270061419
38860 0.4268255745
38886 0.4267082627
39261 0.4266293950
39315 0.4264751741
39417 0.4264219587
39454 0.4263645868
39574 0.4263165402
39728 0.4263020907
39743 0.4262587669
39771 0.4262445962
39794 0.4261681715
39860 0.4261440299
39863 0.4260999470
39893 0.4260690741
40061 0.4260002566
40129 0.4258882983
40228 0.4257648336
40395 0.4256990265
40493 0.4256624174
40512 0.4254770520
40626 0.4251976387
40784 0.4249346133
41858 0.4247404805
41890 0.4246185882
41974 0.4245267574
41977 0.4245041405
42033 0.4244735730
42149 0.4243794611
42175 0.4242333269
42229 0.4241283462
42370 0.4241036981
42424 0.4241026090
42466 0.4239227280
42643 0.4239185629
42682 0.4238965513
42713 0.4238077714
42798 0.4237916056
42916 0.4237452438
43167 0.4237386013
43272 0.4237069493
43588 0.4237044861
43680 0.4236741821
43733 0.4235741680
43975 0.4234984541
44237 0.4233813150
44342 0.4233325725
44399 0.4232342830
44446 0.4232176135
44552 0.4232014295
44714 0.4231501830
44838 0.4231425398
44895 0.4231052819
44949 0.4230942603
44951 0.4230326068
45083 0.4230315681
45103 0.4230283268
45147 0.4229777935
45151 0.4229638009
45178 0.4229075952
45670 0.4228899106
45682 0.4228735710
45705 0.4228674841
45717 0.4228612599
45730 0.4228317323
45830 0.4228266871
45973 0.4227999579
46128 0.4227889678
46415 0.4227726074
46596 0.4227715559
46647 0.4227714178
46681 0.4227689954
46713 0.4227631424
46775 0.4227546682
46892 0.4227531096
46917 0.4227496391
46946 0.4227496123
47010 0.4227487105
47082 0.4227479381
47103 0.4227469113
47149 0.4227464758
47152 0.4227405413
47162 0.4227400721
47368 0.4227390532
47395 0.4227385131
47468 0.4227376548
47473 0.4227346134
47506 0.4227346132
47604 0.4227337008
47618 0.4227329724
47627 0.4227325079
47762 0.4227311804
48052 0.4227306351
48122 0.4227301898
48150 0.4227293954
48155 0.4227281552
48264 0.4227270789
48318 0.4227264464
48507 0.4227263116
48554 0.4227256793
48727 0.4227222112
48770 0.4227200693
48894 0.4227186455
48998 0.4227183108
49022 0.4227147400
49113 0.4227139262
49154 0.4227135847
49186 0.4227113493
49224 0.4227091748
49227 0.4227067143
49377 0.4227063607
49402 0.4227041468
49455 0.4226973010
49497 0.4226957766
49729 0.4226868856
50015 0.4226737894
50191 0.4226702848
50439 0.4226510909
50463 0.4226453199
50560 0.4226195666
50579 0.4226133455
50676 0.4226034180
50763 0.4225909637
50819 0.4225872449
50823 0.4225817199
50866 0.4225778123
50895 0.4225651844
51000 0.4225625845
51075 0.4225354302
51138 0.4225343209
51183 0.4225286052
51293 0.4225226378
51369 0.4225181843
51409 0.4225169903
51420 0.4225021789
51517 0.4224961348
51876 0.4224938683
51918 0.4224866472
51944 0.4224854283
51947 0.4224719314
51979 0.4224592905
52069 0.4224562015
52117 0.4224454482
52357 0.4224452515
52392 0.4224434516
52489 0.4224401145
52509 0.4224391586
52550 0.4224389880
52603 0.4224367158
52775 0.4224351246
52797 0.4224350555
52814 0.4224344660
52839 0.4224323907
52882 0.4224283076
53135 0.4224277868
53210 0.4224273028
53230 0.4224264027
53412 0.4224259344
53579 0.4224257718
53596 0.4224255972
53646 0.4224255487
53665 0.4224244295
53762 0.4224237966
53972 0.4224237744
54299 0.4224218684
54577 0.4224175755
54767 0.4224166358
54790 0.4224166259
54983 0.4224133493
55181 0.4224114398
55309 0.4224106969
55343 0.4224058375
55500 0.4224032007
55550 0.4224012127
55632 0.4224008004
55664 0.4223988927
55766 0.4223978810
55833 0.4223908299
55851 0.4223908248
55911 0.4223849414
56067 0.4223835660
56079 0.4223831471
56102 0.4223816908
56118 0.4223802050
56265 0.4223756064
56326 0.4223679553
56483 0.4223648667
56585 0.4223576656
56731 0.4223414642
56937 0.4223356813
56947 0.4223351922
56962 0.4223118498
56994 0.4223015321
57071 0.4223000956
57191 0.4222794022
57415 0.4222767830
57618 0.4222415090
57696 0.4222373698
57729 0.4222043655
57924 0.4221939745
58110 0.4221858699
58288 0.4221695310
58521 0.4221642051
58616 0.4221538877
58717 0.4221404387
58848 0.4221276418
58901 0.4221227333
58907 0.4221101857
59061 0.4220978988
59097 0.4220969455
59176 0.4220923108
59225 0.4220842486
59264 0.4220769882
59311 0.4220752602
59564 0.4220743864
59661 0.4220716977
59664 0.4220702924
59693 0.4220664292
59750 0.4220654433
59798 0.4220585194
59918 0.4220580747
60172 0.4220560724
60192 0.4220558822
60256 0.4220496665
60340 0.4220487132
60587 0.4220472305
60603 0.4220417931
60837 0.4220415624
60843 0.4220376178
60904 0.4220326601
61448 0.4220187007
61571 0.4220113968
61580 0.4219787381
62050 0.4219474058
62279 0.4219401704
62286 0.4219367032
62319 0.4219153211
62409 0.4219049156
62411 0.4218793278
62470 0.4218609852
62529 0.4218401702
62848 0.4217934469
63055 0.4217905672
63141 0.4217868644
63330 0.4217693992
63388 0.4217355580
63499 0.4217321411
63612 0.4217193756
63730 0.4217126664
63746 0.4216949649
63787 0.4216863065
63795 0.4216836250
63946 0.4216810390
63964 0.4216667145
64007 0.4216486044
64053 0.4216421583
64095 0.4216336774
64179 0.4216328916
64247 0.4216305031
64262 0.4216238749
64271 0.4216220543
64449 0.4215992636
64786 0.4215950308
65072 0.4215911375
65152 0.4215909896
65349 0.4215828840
65419 0.4215761128
65431 0.4215759552
65562 0.4215742724
65776 0.4215691927
65828 0.4215691662
65845 0.4215681003
66027 0.4215674630
66031 0.4215674545
66057 0.4215669555
66073 0.4215666124
66105 0.4215646337
66156 0.4215636614
66179 0.4215636281
66388 0.4215631002
66419 0.4215620110
66524 0.4215616279
66531 0.4215614487
66688 0.4215603574
66761 0.4215601650
66898 0.4215585852
66919 0.4215582805
67144 0.4215574906
67193 0.4215557111
67281 0.4215552280
67352 0.4215542465
67407 0.4215515728
67530 0.4215507086
67594 0.4215503676
67827 0.4215502237
67904 0.4215498167
67934 0.4215489075
67952 0.4215480600
67962 0.4215462265
68059 0.4215438328
68158 0.4215422264
68257 0.4215408871
68268 0.4215371005
68282 0.4215369729
68301 0.4215357537
68439 0.4215351351
68489 0.4215348920
68506 0.4215311827
68537 0.4215304702
68636 0.4215268136
68686 0.4215224541
68783 0.4215114731
68878 0.4214687466
69462 0.4214572445
69576 0.4214528789
69781 0.4214484751
69817 0.4214453870
69903 0.4214453752
69991 0.4214013546
70096 0.4213913200
70213 0.4213831203
70217 0.4213571078
70396 0.4213406044
70480 0.4213117764
70622 0.4213027594
70630 0.4212420161
70851 0.4211587649
71005 0.4210592130
71246 0.4210419347
71255 0.4209848782
71329 0.4209586364
71370 0.4209332192
71482 0.4209216949
71523 0.4208634450
71534 0.4208159043
71540 0.4207147638
71683 0.4207055092
71798 0.4206778384
71807 0.4206733741
71813 0.4206466935
71867 0.4206365344
71902 0.4206336737
71938 0.4206263523
71987 0.4205089393
72310 0.4204997817
72335 0.4203683050
72409 0.4203525540
72564 0.4203301790
72716 0.4203137700
72754 0.4202885791
72800 0.4202816538
72812 0.4202712867
72853 0.4202439235
72927 0.4201930188
73082 0.4201728627
73194 0.4201556781
73214 0.4201428765
73367 0.4201389707
73392 0.4200952801
73673 0.4200792735
73829 0.4200233981
74132 0.4199780253
74277 0.4199414850
74521 0.4199258878
74581 0.4198979339
74766 0.4198412710
75092 0.4198367065
75104 0.4198193272
75209 0.4198011218
75248 0.4197890709
75333 0.4197503627
75571 0.4197472443
75656 0.4197163893
75872 0.4197058235
75992 0.4197049217
76021 0.4196744461
76048 0.4196337326
76121 0.4196324049
76138 0.4196296801
76531 0.4196174675
76535 0.4195967294
76596 0.4195957094
76710 0.4195813128
76719 0.4195774652
76812 0.4195707810
76842 0.4195631154
76888 0.4195585392
76889 0.4195583152
76893 0.4195446045
76905 0.4195336137
77031 0.4195321582
77035 0.4195295652
77056 0.4195219029
77078 0.4195176326
77157 0.4194946572
77365 0.4194807108
77581 0.4194698019
77619 0.4194609656
77690 0.4194492565
77751 0.4194492556
77781 0.4194468493
77823 0.4194388524
77849 0.4194386410
77872 0.4194327144
77962 0.4194056116
78201 0.4193944160
78222 0.4193940368
78269 0.4193857912
78297 0.4193811615
78461 0.4193810315
78632 0.4193780736
78633 0.4193625713
78666 0.4193613138
78713 0.4193610043
78724 0.4193483485
78845 0.4193448680
79083 0.4193382391
79134 0.4193213188
79471 0.4193126214
79566 0.4193084996
79805 0.4193006802
79955 0.4192994659
79991 0.4192940629
80026 0.4192905344
80037 0.4192893508
80083 0.4192881751
80100 0.4192863760
80163 0.4192824742
80189 0.4192822489
80279 0.4192803926
80409 0.4192766353
80459 0.4192738627
80479 0.4192737078
80536 0.4192698911
80801 0.4192677903
80866 0.4192674895
80881 0.4192656301
80886 0.4192640359
80942 0.4192554958
81171 0.4192518153
81248 0.4192444692
81521 0.4192427468
81595 0.4192413522
81600 0.4192315234
81922 0.4192301127
81953 0.4192266342
82192 0.4192245457
82241 0.4192240719
82286 0.4192232850
82295 0.4192212252
82429 0.4192195929
82580 0.4192192188
82860 0.4192192130
82896 0.4192179735
82927 0.4192152789
83188 0.4192146161
83206 0.4192138888
83240 0.4192137257
83307 0.4192128619
83533 0.4192128027
83608 0.4192113373
83838 0.4192111616
83897 0.4192108844
83928 0.4192097581
84072 0.4192095374
84077 0.4192092405
84143 0.4192088112
84223 0.4192076735
84295 0.4192076398
84418 0.4192071595
84484 0.4192067407
84586 0.4192064454
84603 0.4192063312
84620 0.4192062026
84808 0.4192060263
84853 0.4192059715
85050 0.4192057582
85062 0.4192057094
85082 0.4192054736
85091 0.4192048611
85188 0.4192046156
85279 0.4192045492
85373 0.4192043608
85378 0.4192042623
85959 0.4192042010
86060 0.4192041855
86067 0.4192039231
86107 0.4192038699
86217 0.4192035012
86603 0.4192034154
86669 0.4192032195
87017 0.4192030095
87137 0.4192030012
87164 0.4192029650
87221 0.4192029256
87353 0.4192028791
87403 0.4192027461
87515 0.4192027242
87518 0.4192026040
87814 0.4192025604
87876 0.4192025373
87995 0.4192024445
88105 0.4192024156
88330 0.4192023852
88358 0.4192023498
88429 0.4192023017
88556 0.4192022575
88730 0.4192022407
88814 0.4192022224
88907 0.4192022001
88919 0.4192021675
88990 0.4192021543
89383 0.4192021506
89431 0.4192021432
89502 0.4192021338
89598 0.4192020997
89737 0.4192020923
89740 0.4192020919
89783 0.4192020869
89851 0.4192020782
90063 0.4192020755
90119 0.4192020729
90124 0.4192020715
90151 0.4192020498
90584 0.4192020455
90597 0.4192020442
90706 0.4192020403
90776 0.4192020384
90855 0.4192020382
90944 0.4192020381
90999 0.4192020374
91029 0.4192020367
91102 0.4192020366
91120 0.4192020359
91198 0.4192020352
91251 0.4192020351
91322 0.4192020349
91357 0.4192020344
91598 0.4192020344
91616 0.4192020340
91623 0.4192020338
91823 0.4192020338
91876 0.4192020338
91920 0.4192020337
91931 0.4192020336
91956 0.4192020335
92042 0.4192020335
92113 0.4192020333
92271 0.4192020333
92341 0.4192020333
92355 0.4192020333
92436 0.4192020333
92453 0.4192020333
92531 0.4192020333
92758 0.4192020332
92768 0.4192020332
92774 0.4192020332
92895 0.4192020332
92944 0.4192020332
92984 0.4192020332
92986 0.4192020332
93008 0.4192020332
93037 0.4192020332
93155 0.4192020332
93387 0.4192020332
93417 0.4192020332
93451 0.4192020332
93585 0.4192020332
93715 0.4192020332
93716 0.4192020332
93819 0.4192020332
93869 0.4192020332
93911 0.4192020332
93930 0.4192020332
93978 0.4192020332
94005 0.4192020332
94034 0.4192020332
94126 0.4192020332
94147 0.4192020332
94181 0.4192020332
94304 0.4192020332
94328 0.4192020332
94384 0.4192020332
94386 0.4192020332
94519 0.4192020332
94753 0.4192020332
94764 0.4192020332
94791 0.4192020332
94801 0.4192020332
94827 0.4192020332
94845 0.4192020332
94863 0.4192020332
94881 0.4192020332
94910 0.4192020332
94913 0.4192020332
95076 0.4192020332
95104 0.4192020332
95135 0.4192020332
95152 0.4192020332
95364 0.4192020332
95388 0.4192020332
95519 0.4192020332
95775 0.4192020332
95903 0.4192020332
95912 0.4192020332
96251 0.4192020332
96289 0.4192020332
96512 0.4192020332
96950 0.4192020332
evaluations raw_y
1 56.2835029682
6 37.9882598835
10 28.6896310904
17 18.3672933502
26 17.3702528610
53 14.3670836795
74 13.8444391318
86 12.9666537307
88 12.9086665704
89 12.3932652990
100 10.4896640519
168 9.4718745074
216 9.2411226915
229 7.9168808623
341 7.3660933486
403 6.7942558974
492 6.7828136657
589 4.5133854024
5507 4.4853215115
8645 4.0018903076
8948 3.9507266561
13066 3.9314546195
13091 3.9044211450
13398 3.7717739168
13653 2.9063131097
14255 2.7833049671
14259 2.7301504993
14393 2.4117403993
15280 2.1724746954
15477 1.8615587926
15863 1.8171319612
16012 1.1282606380
17963 0.9008014347
18258 0.8063195703
18387 0.6935033343
18831 0.6164103249
19198 0.3955899706
19830 0.3593717537
20345 0.3551837340
20675 0.3469638162
20762 0.3456100748
20778 0.3416901985
20790 0.2596111118
22137 0.2483549011
22444 0.2473931686
22496 0.2276584082
22586 0.2139949322
23226 0.2053568632
23365 0.2025148422
23618 0.1939004927
24158 0.1923390040
24356 0.1918077476
24552 0.1907515674
24694 0.1894077242
25391 0.1891825419
25404 0.1873277212
25493 0.1868633465
25997 0.1860612899
26079 0.1852650588
26106 0.1844681140
26232 0.1843281004
26298 0.1832342061
26568 0.1832177488
26811 0.1831431073
26979 0.1826689460
27032 0.1797075127
27171 0.1794993694
27224 0.1794492280
27476 0.1789132992
27500 0.1783118871
27537 0.1777820314
27563 0.1752009833
28140 0.1749293108
28411 0.1747945759
28483 0.1739465027
28620 0.1737332367
28630 0.1735173510
28633 0.1726329969
29003 0.1724976592
29021 0.1724617731
29197 0.1719341088
29231 0.1718180186
29238 0.1717335898
29267 0.1715817326
29282 0.1715090298
29288 0.1713491816
29319 0.1703784476
29432 0.1702038376
29464 0.1698515759
29493 0.1697015101
29762 0.1695594541
29764 0.1689999783
29899 0.1686668206
29945 0.1684809017
29970 0.1675228303
30206 0.1674479843
30239 0.1665489152
30387 0.1662283135
30845 0.1652587001
30910 0.1651976104
31186 0.1650253100
31209 0.1649121505
31243 0.1640692634
31479 0.1638556799
31535 0.1635605474
31594 0.1634406339
31659 0.1633077478
31726 0.1628565139
31748 0.1623793278
31935 0.1623788448
32080 0.1619284971
32082 0.1617242435
32115 0.1616981602
32266 0.1606975592
32424 0.1604776359
32557 0.1602327823
32581 0.1599156094
32977 0.1597957624
33009 0.1589353609
33168 0.1586124485
33233 0.1580445873
33414 0.1578578696
33461 0.1570319443
33508 0.1566779767
33659 0.1564808260
33788 0.1559938961
33903 0.1554464160
34564 0.1552800143
34610 0.1552680641
34731 0.1552081368
34867 0.1552019581
34872 0.1551838803
34873 0.1551357884
34875 0.1550963329
34942 0.1550765617
34969 0.1548978699
35084 0.1547670634
35218 0.1542762804
35617 0.1541170367
35872 0.1540158539
36185 0.1540141897
36237 0.1538472607
36292 0.1535635310
36323 0.1533185687
36519 0.1530390256
36773 0.1527891014
37351 0.1526867075
37428 0.1525047459
37882 0.1522607700
37977 0.1522307678
37983 0.1519211719
38442 0.1516826481
38448 0.1514484298
38629 0.1511811420
38761 0.1511736068
39146 0.1510990756
39560 0.1510615424
39561 0.1510588494
39565 0.1509155787
39665 0.1509002406
39710 0.1508677823
39755 0.1508204987
39768 0.1507538606
39967 0.1507507669
40163 0.1507225279
40187 0.1506890721
40473 0.1506833000
40502 0.1506334570
40569 0.1506252604
40599 0.1505415041
40696 0.1505126881
40952 0.1505088716
41038 0.1504838775
41052 0.1504837931
41099 0.1503684901
41143 0.1503296265
41320 0.1502403107
41323 0.1501370443
41470 0.1501276607
41638 0.1500782852
41703 0.1500460711
41967 0.1500188428
42075 0.1498002518
42210 0.1496986353
42477 0.1493818809
42556 0.1493636447
42772 0.1491224995
43087 0.1491051787
43125 0.1489707489
43329 0.1489217913
43392 0.1488463667
43412 0.1488233123
43446 0.1488153427
43499 0.1488150860
43527 0.1487794719
43974 0.1485482030
43997 0.1485118035
44007 0.1484145209
44165 0.1480582189
44275 0.1480418454
44335 0.1479838931
44344 0.1470947712
44525 0.1470509585
44929 0.1469675754
44977 0.1468912962
45055 0.1466580604
45070 0.1462999740
45087 0.1462963981
45107 0.1461386950
45264 0.1461298631
45416 0.1459853937
45465 0.1458594684
45512 0.1457732666
45620 0.1455806396
45668 0.1454324162
45808 0.1453979523
45871 0.1450897964
45916 0.1446533251
46274 0.1446279801
46329 0.1443619401
46333 0.1442095119
46405 0.1440867378
46418 0.1437281578
46880 0.1433705990
46986 0.1433528951
47163 0.1433158749
47190 0.1431212886
47369 0.1429084565
47566 0.1428496241
47687 0.1426058875
47971 0.1425845081
48160 0.1425506083
48229 0.1423579024
48283 0.1423073547
48341 0.1420920917
48663 0.1419640614
48733 0.1418823859
48902 0.1418518753
48907 0.1418004045
49005 0.1417463630
49047 0.1416664777
49115 0.1416362190
49332 0.1415566604
49365 0.1415422459
49367 0.1411662247
49744 0.1411397428
49825 0.1410941035
49864 0.1409091458
49944 0.1408747865
49956 0.1406993801
50030 0.1406132340
50129 0.1400277412
50572 0.1400249668
50621 0.1399889772
50847 0.1398504731
50878 0.1397572712
50915 0.1397234435
50929 0.1395688417
51164 0.1395264939
51264 0.1395154165
51330 0.1394809852
51363 0.1393484376
51397 0.1391884174
51433 0.1391606776
51442 0.1390577840
51587 0.1390397149
51649 0.1389409215
51669 0.1389350422
51715 0.1388669599
51737 0.1387800897
51870 0.1386524231
52032 0.1386272775
52072 0.1383467894
52261 0.1382952679
52270 0.1381491686
52416 0.1381265291
52465 0.1381028923
52470 0.1380803576
52565 0.1380107007
52627 0.1378774216
52634 0.1377812774
52780 0.1377289546
52837 0.1376805721
52852 0.1376414875
53033 0.1374798785
53290 0.1373953855
53411 0.1372972121
53515 0.1372570037
53670 0.1372243314
53748 0.1371606941
53861 0.1371096400
53974 0.1370893266
54486 0.1369885785
54810 0.1369370946
54991 0.1369200621
55012 0.1369197004
55052 0.1368061155
55215 0.1367915072
55449 0.1367730040
55618 0.1367565707
55644 0.1366392972
56090 0.1366381147
56280 0.1365703035
56369 0.1365350439
56549 0.1365293431
56576 0.1364875638
56646 0.1364754190
56651 0.1364656088
56674 0.1364313517
56677 0.1363714261
56869 0.1363076768
56956 0.1362629325
57090 0.1362279965
57243 0.1361832907
57272 0.1361553560
57280 0.1360646827
57543 0.1360097672
57587 0.1359464856
57624 0.1357942143
57634 0.1357925621
57787 0.1357870015
57986 0.1355948193
58401 0.1354744431
58455 0.1354381738
58459 0.1353638086
58558 0.1353431869
58577 0.1352706235
58676 0.1352411448
58716 0.1350997290
58796 0.1350162395
58955 0.1348921338
59376 0.1347745418
59490 0.1347644177
59540 0.1346994431
59564 0.1346913703
59632 0.1346007370
59676 0.1345721299
59720 0.1345308341
59940 0.1343195324
60125 0.1343094995
60144 0.1342850175
60392 0.1342561407
60518 0.1342047034
60553 0.1341080305
60633 0.1340830886
60712 0.1340196159
60755 0.1339550588
60757 0.1339532128
60764 0.1339052643
60927 0.1337826215
61115 0.1337586680
61261 0.1337506230
61376 0.1337390174
61409 0.1337366675
61477 0.1336993761
61586 0.1336643919
61593 0.1336489873
61689 0.1336113796
61717 0.1336111640
61737 0.1335670803
61743 0.1335655651
61858 0.1335576827
61893 0.1334878064
62202 0.1334283770
62440 0.1334119440
62584 0.1333963542
62722 0.1332701745
63277 0.1332668276
63343 0.1332556383
63372 0.1332484660
63421 0.1332341879
63453 0.1332170058
63460 0.1332094846
63489 0.1331895540
63969 0.1331753587
64019 0.1331740317
64127 0.1331168082
64428 0.1331167112
64500 0.1331156683
64502 0.1331114711
64558 0.1331078096
64592 0.1330995530
64639 0.1330977965
64706 0.1330863561
64735 0.1330828978
64937 0.1330813851
64964 0.1330771368
65011 0.1330415074
65179 0.1330111093
65244 0.1329935920
65490 0.1329782993
65570 0.1329630316
65965 0.1329443122
66001 0.1329211014
66136 0.1328716324
66350 0.1328591025
66505 0.1328229818
66541 0.1327997348
66592 0.1327577920
66611 0.1326742918
67110 0.1326741600
67132 0.1326619863
67248 0.1326168472
67394 0.1325891644
67441 0.1325857324
67536 0.1325824623
67537 0.1325124734
67817 0.1324993731
67849 0.1324762723
67864 0.1324701629
67889 0.1324173666
68220 0.1323713502
68294 0.1323680323
68313 0.1323600781
68342 0.1323570499
68349 0.1323027359
68511 0.1323012633
68562 0.1322696892
68732 0.1322419770
68851 0.1322353433
69141 0.1322036566
69250 0.1321527751
69301 0.1321038961
69592 0.1320943596
69671 0.1320535564
69837 0.1320533366
70058 0.1320421868
70159 0.1320221797
70164 0.1320198124
70166 0.1320187176
70263 0.1320027925
70310 0.1320015890
70344 0.1319833104
70467 0.1319803921
70839 0.1319788407
70911 0.1319775054
70937 0.1319630055
70994 0.1319518975
71018 0.1319463479
71025 0.1319076573
71148 0.1319008097
71237 0.1318914765
71245 0.1318887364
71277 0.1318858574
71362 0.1318786849
71383 0.1318715401
71419 0.1318701068
71486 0.1318672669
71489 0.1318594739
71571 0.1318549098
71652 0.1318339777
71671 0.1318218719
71801 0.1318088068
71867 0.1317800814
71923 0.1317728407
71947 0.1317603652
72097 0.1317311308
72202 0.1317159355
72277 0.1317068148
72322 0.1317040173
72400 0.1317028305
72427 0.1316587783
72570 0.1316539546
72650 0.1315567842
72978 0.1315375036
73108 0.1314907936
73138 0.1314622166
73172 0.1314084573
73502 0.1313872573
73658 0.1313723637
73662 0.1312617317
74103 0.1312193088
74560 0.1311504302
74669 0.1311211633
74717 0.1310161133
75044 0.1309963316
75077 0.1309488955
75350 0.1309119426
75442 0.1309042428
75479 0.1309004258
75492 0.1308869882
75526 0.1308769279
75546 0.1308641525
75692 0.1308365600
75747 0.1307872493
75817 0.1307821981
76049 0.1307706386
76306 0.1307485898
76426 0.1307286937
76563 0.1307218050
76600 0.1307100047
76692 0.1307077335
76705 0.1307027272
76747 0.1306921180
76887 0.1306642797
76889 0.1306543515
77055 0.1306319795
77232 0.1306317282
77242 0.1306147490
77275 0.1306025199
77622 0.1305504954
78000 0.1305345646
78110 0.1305321725
78235 0.1305256755
78260 0.1305200314
78442 0.1305192871
78463 0.1305107898
78468 0.1304960706
78515 0.1304945566
78709 0.1304802601
78717 0.1304662818
78839 0.1304629409
78916 0.1304524095
78919 0.1304298063
79118 0.1304118076
79255 0.1304108626
79355 0.1304092049
79382 0.1303929770
79450 0.1303903533
79521 0.1303702493
79561 0.1303553635
79632 0.1303287260
79872 0.1303165766
79956 0.1302883303
80222 0.1302669080
80474 0.1302366685
80564 0.1302293531
80705 0.1301758379
80939 0.1301754010
80943 0.1301694893
80974 0.1301491416
80998 0.1301389611
81107 0.1301101582
81255 0.1300801575
81295 0.1300465517
81508 0.1300330347
81575 0.1300082869
81714 0.1300062787
81737 0.1300014122
81777 0.1299855675
81839 0.1299636368
81979 0.1299512094
82031 0.1299426379
82036 0.1299416574
82115 0.1299071019
82162 0.1299054760
82243 0.1299036630
82337 0.1298981935
82485 0.1298814444
82636 0.1298370314
82767 0.1298350743
82836 0.1298270518
83258 0.1297795707
83301 0.1297407457
83719 0.1297267681
83760 0.1297150833
83833 0.1297130822
83883 0.1296917856
83939 0.1296663817
84016 0.1296523811
84205 0.1296378338
84392 0.1296371250
84395 0.1296236757
84445 0.1295977088
84633 0.1295584877
84675 0.1295535635
84744 0.1295345060
84973 0.1295166774
85043 0.1294829076
85229 0.1294424747
85346 0.1294374078
85382 0.1294060298
85524 0.1293787481
85563 0.1293638656
85601 0.1293537673
85814 0.1293240794
85934 0.1293057964
86107 0.1292950704
86307 0.1292778548
86437 0.1292716445
86481 0.1292615145
86490 0.1292408672
86644 0.1292387484
86705 0.1292367563
86768 0.1292315644
87101 0.1292273726
87108 0.1292272442
87237 0.1292034221
87296 0.1291889216
87482 0.1291802801
87731 0.1291634817
87808 0.1291616969
87823 0.1291443135
87859 0.1291408521
87902 0.1291300214
87988 0.1291270612
88036 0.1291240276
88138 0.1291208447
88314 0.1291111293
88349 0.1290790937
88479 0.1290653290
88963 0.1290617760
88971 0.1290579104
89069 0.1290481510
89177 0.1290378580
89213 0.1290378304
89233 0.1290361902
89249 0.1290308927
89399 0.1290282658
89430 0.1290259407
89530 0.1290134201
89563 0.1290070711
89597 0.1289888885
89749 0.1289857680
89818 0.1289473981
90053 0.1289350103
90246 0.1289218695
90322 0.1289177174
90402 0.1288864933
90733 0.1288693343
90887 0.1288549014
90940 0.1288360896
91097 0.1288122216
91184 0.1287753123
91502 0.1287654581
91531 0.1287598329
91549 0.1287453529
91597 0.1287203290
91992 0.1287172521
92017 0.1287099993
92087 0.1287067627
92094 0.1286818094
92204 0.1286784320
92266 0.1286624063
92286 0.1286592772
92298 0.1286473139
92417 0.1286427615
92471 0.1285980341
92644 0.1285957302
92695 0.1285950244
92719 0.1285830256
93088 0.1285638633
93103 0.1285260564
93335 0.1285209233
93557 0.1284941958
93602 0.1284847050
93825 0.1284746125
93870 0.1284609222
94064 0.1284576371
94065 0.1284105066
94282 0.1284042387
94656 0.1283931797
94765 0.1283555498
94850 0.1283415943
94973 0.1282722907
95300 0.1282689683
95721 0.1282417591
95839 0.1282041036
95960 0.1282021019
95991 0.1281903100
96025 0.1281706203
96338 0.1281471552
96447 0.1281326429
96499 0.1281156065
96650 0.1281082209
96878 0.1280839457
97058 0.1280647873
97153 0.1280631141
97328 0.1280588618
97436 0.1280482439
97502 0.1280466221
97653 0.1280429630
97728 0.1280268495
97919 0.1280249242
97966 0.1280235548
97974 0.1280222775
97992 0.1280202988
98042 0.1280152115
98077 0.1280003234
98179 0.1279987078
98202 0.1279958695
98344 0.1279882643
98650 0.1279760143
98777 0.1279443183
99161 0.1279397201
99165 0.1279272200
99281 0.1279254303
99296 0.1279251263
99369 0.1279212033
99416 0.1279189462
99438 0.1279109667
99455 0.1279051115
99582 0.1279037495
99700 0.1279029592
99745 0.1279010615
99809 0.1278940290
99832 0.1278893578
99858 0.1278884611
99886 0.1278691405
100156 0.1278678445
100253 0.1278605138
100291 0.1278594371
100336 0.1278505858
100599 0.1278379381
100627 0.1278236573
100800 0.1278150565
100860 0.1278138010
100908 0.1278107029
100932 0.1277984250
101096 0.1277966286
101118 0.1277836378
101139 0.1277829494
101150 0.1277808781
101182 0.1277790772
101215 0.1277518753
101263 0.1277477105
101683 0.1277475705
101705 0.1277371024
101834 0.1277237726
101973 0.1277079951
101998 0.1276943524
102312 0.1276922829
102447 0.1276781168
102587 0.1276697672
102612 0.1276561555
102713 0.1276543273
102748 0.1276536517
102902 0.1276532492
103152 0.1276281498
103246 0.1276187892
103520 0.1275879400
103620 0.1275826893
104199 0.1275824251
104218 0.1275780616
104246 0.1275763894
104265 0.1275743712
104303 0.1275655954
104428 0.1275545880
104487 0.1275502120
104560 0.1275483833
104579 0.1275293268
104915 0.1275265267
104958 0.1275248968
104994 0.1275187638
105007 0.1275097070
105052 0.1274992850
105160 0.1274980886
105222 0.1274773252
105609 0.1274721855
105814 0.1274689114
106062 0.1274585183
106169 0.1274468960
106398 0.1274423874
106418 0.1274394764
106522 0.1274377047
106687 0.1274371101
106715 0.1274278885
106781 0.1274101548
106857 0.1274044857
107096 0.1274009436
107298 0.1273906313
107558 0.1273898328
107595 0.1273833756
107611 0.1273691116
107879 0.1273686861
108040 0.1273516251
108263 0.1273502423
108321 0.1273376505
108561 0.1273329272
108635 0.1273091742
108773 0.1273031575
109009 0.1272797212
109218 0.1272682274
109345 0.1272680970
109364 0.1272620215
109430 0.1272543404
109552 0.1272505249
109671 0.1272348070
109846 0.1272261156
109884 0.1272125367
110643 0.1272088583
110707 0.1272081428
110726 0.1271910564
111059 0.1271849727
111080 0.1271846452
111124 0.1271742744
111375 0.1271671685
111404 0.1271628226
111486 0.1271593852
111662 0.1271487112
111732 0.1271442043
111751 0.1271439393
111801 0.1271358673
111990 0.1271254243
112007 0.1271122537
112103 0.1271119338
112158 0.1270947167
112741 0.1270940547
112817 0.1270900998
112828 0.1270884765
112841 0.1270876430
112911 0.1270816098
113336 0.1270660427
113656 0.1270636494
113749 0.1270613182
113771 0.1270542197
113889 0.1270513775
113988 0.1270483985
114080 0.1270433926
114110 0.1270343827
114311 0.1270231199
114414 0.1270183498
114941 0.1270136028
115003 0.1270035589
115196 0.1269956388
115354 0.1269955800
115368 0.1269910514
115421 0.1269906767
115447 0.1269801730
115693 0.1269793866
115764 0.1269659037
115786 0.1269613850
115851 0.1269569688
115927 0.1269463536
116309 0.1269320678
116571 0.1269288993
116612 0.1269208648
116706 0.1269163093
116880 0.1269157934
117106 0.1269111600
117183 0.1269036386
117345 0.1269033047
117381 0.1268988655
117500 0.1268887480
118016 0.1268848234
118082 0.1268840419
118111 0.1268764238
118232 0.1268731435
118288 0.1268628005
118456 0.1268617245
118603 0.1268503632
118799 0.1268490187
118811 0.1268474600
118857 0.1268412857
119177 0.1268404895
119233 0.1268318162
119475 0.1268302508
119496 0.1268214850
119537 0.1268189610
119727 0.1268106558
119785 0.1267994320
119805 0.1267933010
120212 0.1267911131
120249 0.1267871160
120362 0.1267851538
120433 0.1267713854
120455 0.1267649946
120557 0.1267522533
120721 0.1267437808
120933 0.1267291495
121278 0.1267257384
121428 0.1267219802
121671 0.1267185618
121871 0.1267142323
122082 0.1267138845
122116 0.1267117824
122135 0.1267063671
122143 0.1267059887
122236 0.1267057252
122380 0.1267040854
122392 0.1267026586
122468 0.1267004240
122509 0.1266985246
122545 0.1266875826
122607 0.1266837410
122744 0.1266823656
123157 0.1266811392
123228 0.1266801491
123230 0.1266793573
123294 0.1266678467
123405 0.1266665631
123420 0.1266656664
123510 0.1266608807
123734 0.1266532833
123962 0.1266525404
123971 0.1266456130
124059 0.1266414454
124216 0.1266385719
124217 0.1266329009
124552 0.1266319300
124782 0.1266243710
124875 0.1266229443
124948 0.1266180465
125104 0.1266093896
125202 0.1266016503
125261 0.1265997235
125344 0.1265958583
125377 0.1265919189
125521 0.1265854711
125790 0.1265844533
125851 0.1265786004
125873 0.1265681779
126026 0.1265621942
126483 0.1265591226
126659 0.1265520419
126817 0.1265517597
126854 0.1265425371
126886 0.1265417381
126995 0.1265391023
127130 0.1265387316
127171 0.1265318581
127211 0.1265270021
127221 0.1265263160
127443 0.1265209747
127682 0.1265190283
127793 0.1265177958
127919 0.1265058272
128153 0.1264989598
128196 0.1264987566
128260 0.1264947726
128431 0.1264921751
128435 0.1264914044
128525 0.1264780318
128769 0.1264742344
128929 0.1264710705
128990 0.1264657411
129400 0.1264625178
129414 0.1264500637
129512 0.1264497761
129568 0.1264467639
129585 0.1264462101
129755 0.1264450430
129793 0.1264331593
129995 0.1264146709
130145 0.1264137954
130781 0.1264122398
130831 0.1264117001
130950 0.1264081233
130986 0.1264039893
131029 0.1264014118
131066 0.1264013612
131172 0.1263966624
131183 0.1263962664
131199 0.1263933590
131239 0.1263841457
131954 0.1263792993
132043 0.1263769385
132092 0.1263766161
132158 0.1263716815
132236 0.1263617442
132525 0.1263604665
132651 0.1263552121
132859 0.1263506625
133447 0.1263490401
133678 0.1263453468
133787 0.1263395496
133805 0.1263344056
133905 0.1263343938
133934 0.1263324471
133957 0.1263306851
134035 0.1263194761
134050 0.1263188178
134185 0.1263115964
134230 0.1263101029
134315 0.1263087413
134650 0.1263047233
134704 0.1263044335
134948 0.1263041630
134972 0.1263036319
135021 0.1263001354
135061 0.1262978565
135068 0.1262964177
135157 0.1262943203
135292 0.1262941866
135299 0.1262855569
135549 0.1262800941
135800 0.1262781099
136022 0.1262759468
136126 0.1262755713
136135 0.1262751516
136166 0.1262739879
136189 0.1262701945
136343 0.1262668137
136717 0.1262638931
136745 0.1262566969
136864 0.1262551776
136890 0.1262529505
136906 0.1262527110
136935 0.1262486723
136996 0.1262474523
137075 0.1262420530
137095 0.1262417188
137380 0.1262310764
137478 0.1262281548
137613 0.1262270483
137968 0.1262218746
138024 0.1262206725
138143 0.1262205652
138256 0.1262190769
138276 0.1262187514
138286 0.1262138057
138386 0.1262136405
138403 0.1262127075
138505 0.1262123977
138645 0.1262100549
138680 0.1262089986
138787 0.1262033072
138814 0.1262011679
138960 0.1262004379
139059 0.1262002149
139101 0.1261990423
139125 0.1261968987
139161 0.1261913837
139341 0.1261909234
139379 0.1261888500
139388 0.1261867613
139401 0.1261858706
139438 0.1261813563
139648 0.1261810970
139654 0.1261791885
139675 0.1261781027
139775 0.1261595291
140475 0.1261567586
140524 0.1261564075
140623 0.1261554404
140682 0.1261477895
140870 0.1261455660
140946 0.1261437384
140993 0.1261434925
141012 0.1261426644
141028 0.1261376279
141058 0.1261366294
141120 0.1261335840
141188 0.1261313586
141242 0.1261308355
141259 0.1261278823
141329 0.1261272926
141336 0.1261241503
141358 0.1261228819
141405 0.1261194741
141524 0.1261119149
141644 0.1261097269
141903 0.1261019419
142002 0.1261000215
142095 0.1260957745
142218 0.1260931202
142449 0.1260890458
142589 0.1260859989
142663 0.1260834838
142820 0.1260818429
142927 0.1260808755
142965 0.1260759942
143005 0.1260724368
143198 0.1260724359
143223 0.1260720411
143251 0.1260665615
143658 0.1260604200
144104 0.1260579621
144155 0.1260578777
144221 0.1260544156
144235 0.1260505305
144358 0.1260491881
144454 0.1260414422
144472 0.1260398057
145374 0.1260386265
145626 0.1260384212
145631 0.1260340291
145725 0.1260302852
145767 0.1260249303
145803 0.1260236266
146074 0.1260234352
146095 0.1260199162
146290 0.1260138252
146356 0.1260119222
146380 0.1260105481
146467 0.1260084235
146502 0.1259961802
146715 0.1259931317
146812 0.1259864098
146908 0.1259805160
146956 0.1259750550
147234 0.1259742228
147298 0.1259665717
147352 0.1259622871
147691 0.1259615820
147822 0.1259609013
147887 0.1259593895
148317 0.1259559448
148371 0.1259544818
148415 0.1259407562
148490 0.1259395897
148534 0.1259306306
148765 0.1259301357
148827 0.1259234162
148927 0.1259221749
149072 0.1259217297
149084 0.1259124335
149229 0.1259057399
149348 0.1259054250
149384 0.1258988966
149834 0.1258937969
149909 0.1258910518
150479 0.1258884823
150584 0.1258882323
150589 0.1258866427
150630 0.1258841080
150678 0.1258821289
150837 0.1258820501
150845 0.1258804921
150955 0.1258779367
150995 0.1258743081
151047 0.1258727963
151143 0.1258721845
151276 0.1258711905
151297 0.1258700096
151435 0.1258667533
151926 0.1258646080
151944 0.1258620198
152008 0.1258612853
152137 0.1258592785
152161 0.1258546729
152309 0.1258527095
152365 0.1258503026
152432 0.1258495726
152433 0.1258465382
152772 0.1258455286
152786 0.1258408831
152903 0.1258399350
152924 0.1258371158
152932 0.1258281367
153426 0.1258256866
153457 0.1258244799
153717 0.1258230760
154009 0.1258228147
154055 0.1258174614
154199 0.1258162803
154388 0.1258122151
154478 0.1258106055
154663 0.1258087425
154690 0.1258070030
154735 0.1258047007
154989 0.1258037295
155123 0.1258032932
155248 0.1258025079
155316 0.1258007300
155440 0.1257976148
155683 0.1257965121
155697 0.1257961350
155853 0.1257943847
155912 0.1257934262
155975 0.1257928861
155983 0.1257904712
156070 0.1257895732
156118 0.1257892560
156188 0.1257884160
156200 0.1257843877
156348 0.1257830696
156382 0.1257821815
156396 0.1257802146
156442 0.1257751798
156487 0.1257743947
156627 0.1257740886
156722 0.1257662640
157080 0.1257627764
157200 0.1257626411
157256 0.1257610859
157272 0.1257561069
157488 0.1257554098
157601 0.1257524452
157910 0.1257523223
157928 0.1257499858
157975 0.1257490901
158047 0.1257482626
158098 0.1257478313
158111 0.1257418813
158267 0.1257377435
158742 0.1257346222
158913 0.1257261968
159373 0.1257253748
159422 0.1257234775
159437 0.1257221683
159444 0.1257214565
159483 0.1257187665
159548 0.1257133634
159777 0.1257123971
159922 0.1257102280
160099 0.1257097763
160181 0.1257097151
160207 0.1257093837
160302 0.1257085042
160321 0.1257084057
160339 0.1257062232
160402 0.1257052688
160440 0.1257032626
160470 0.1257007790
160696 0.1256993736
160780 0.1256982358
160827 0.1256962303
160846 0.1256930673
160962 0.1256929185
161004 0.1256898784
161136 0.1256890218
161496 0.1256880104
161524 0.1256835879
161652 0.1256795489
161660 0.1256785094
161663 0.1256783337
161740 0.1256776688
161791 0.1256740000
161817 0.1256733124
161828 0.1256667653
161937 0.1256647246
162384 0.1256641356
162398 0.1256608292
162429 0.1256582633
162471 0.1256578284
162645 0.1256546939
162731 0.1256514364
162809 0.1256514187
163349 0.1256475397
163406 0.1256471897
163649 0.1256464874
163673 0.1256457759
163852 0.1256436758
163859 0.1256403033
164147 0.1256368223
164506 0.1256360201
164710 0.1256351552
164720 0.1256323055
164879 0.1256310231
165227 0.1256309998
165307 0.1256303148
165350 0.1256283933
165375 0.1256275081
165398 0.1256261470
165438 0.1256259673
165493 0.1256259189
165596 0.1256256038
165681 0.1256231134
165846 0.1256229067
165898 0.1256213528
165970 0.1256137838
166582 0.1256136763
166653 0.1256121057
166697 0.1256107238
166705 0.1256101793
166941 0.1256081940
166950 0.1256069803
167005 0.1256060841
167054 0.1256055260
167062 0.1256041313
167437 0.1255994218
167741 0.1255990389
167774 0.1255982303
167928 0.1255978447
167967 0.1255971917
168025 0.1255964267
168119 0.1255949656
168252 0.1255940114
168447 0.1255936063
168500 0.1255922476
168638 0.1255902033
168684 0.1255882685
168759 0.1255868920
168762 0.1255849978
168876 0.1255843898
168985 0.1255839409
168994 0.1255813110
169141 0.1255777409
169286 0.1255768238
169512 0.1255763923
169520 0.1255747394
169545 0.1255746435
169601 0.1255739995
169936 0.1255710819
170137 0.1255669423
170666 0.1255585970
171248 0.1255571673
171282 0.1255539575
171326 0.1256099563
evaluations raw_y
1 139.9027944777
2 114.2262902768
3 92.0619450014
4 49.0126625237
18 38.9831241031
26 38.2397803375
29 22.6672904556
34 20.4851464018
47 17.6386685740
68 15.6049164655
72 11.9892214804
97 11.6381266690
111 11.3901029003
130 10.4486890600
153 9.4056603423
227 9.3919596140
230 9.3697213267
243 9.2232482541
246 7.3275697085
376 6.8764671141
768 6.7691155290
887 6.1065416100
1137 6.0839582390
1365 5.9698636648
1641 5.6103115104
1890 5.2875760065
2372 4.8529538387
3575 4.7297272049
7480 4.3006449461
19274 2.9415019682
27854 2.7030740175
29272 2.5683795472
29730 2.0060334311
30500 1.9237913406
30509 1.4994462373
30795 1.4009083235
31539 1.2320214995
32330 1.1497489520
32529 0.9397715007
32614 0.9048186444
32937 0.7711064218
33030 0.7562676508
34984 0.7405564259
35093 0.7303369753
35116 0.6922284933
35410 0.6889556387
35443 0.6712603920
35563 0.6668661938
35933 0.6639042393
36303 0.6577870648
36535 0.6562773810
36612 0.6499021292
36643 0.6352761919
36845 0.6323015176
37054 0.6299810574
37126 0.6281586618
37495 0.6273516706
37597 0.6206410931
38073 0.6166567465
39299 0.6147989217
39357 0.6144570808
39388 0.6141029259
39469 0.6114208918
39672 0.6111239480
39805 0.6101218963
39821 0.6090130037
39851 0.6067836720
40077 0.6066448419
40289 0.6063925958
40313 0.6051337714
40625 0.6040780461
40737 0.6016466514
41005 0.6015317534
41233 0.6011812324
41237 0.6008276021
41333 0.6004916423
41377 0.5969866545
41746 0.5965567071
41940 0.5964749206
41954 0.5952463649
42589 0.5947360564
42619 0.5946064720
42660 0.5937146499
43034 0.5931547041
43298 0.5926188747
43336 0.5926139313
43417 0.5911326953
43757 0.5909131245
43886 0.5902623199
44417 0.5897191379
44435 0.5896112730
44522 0.5892254140
44887 0.5891925892
45208 0.5887074856
45380 0.5885766910
45467 0.5884920197
45677 0.5880136171
45948 0.5879665685
45985 0.5877045483
46143 0.5876029090
46160 0.5875921969
46165 0.5872508447
46215 0.5870405327
46261 0.5870206926
46264 0.5868506028
46322 0.5866517967
46422 0.5864497385
46481 0.5860009078
46551 0.5858441280
46626 0.5856828756
46817 0.5855539204
46879 0.5854685381
46885 0.5852582532
46954 0.5844952085
47309 0.5843524431
47412 0.5842673411
47483 0.5833994646
47598 0.5823982221
47784 0.5823274001
47822 0.5820452032
47885 0.5815112759
48043 0.5814778222
48079 0.5805031127
48171 0.5804159994
48414 0.5794065718
48549 0.5791297448
48621 0.5787912631
48657 0.5787880044
48665 0.5787429933
48670 0.5783493760
48770 0.5783411052
48827 0.5772708820
48852 0.5768930322
48951 0.5765947508
49050 0.5763439622
49122 0.5759554654
49179 0.5757641486
49265 0.5753043831
49547 0.5752005777
49606 0.5750907213
49647 0.5749393814
49648 0.5749194362
49681 0.5747101014
49687 0.5746554111
49808 0.5744813400
49873 0.5744299410
50034 0.5740777598
50053 0.5736206970
50088 0.5735894534
50239 0.5732708966
50335 0.5732024050
50345 0.5729540985
50466 0.5727526828
50527 0.5724182629
50656 0.5721886113
50704 0.5721234246
50722 0.5718799891
50966 0.5717928996
50988 0.5710293181
51026 0.5706422789
51091 0.5692614901
51296 0.5690014227
51377 0.5688860348
51395 0.5686602096
51450 0.5682263302
51745 0.5675212282
51753 0.5674108292
51857 0.5670038563
51867 0.5665540127
51941 0.5625391029
52180 0.5610685808
52332 0.5594923450
52347 0.5592003562
52350 0.5590259473
52365 0.5575799561
52467 0.5574230767
52599 0.5550927040
52805 0.5546451419
52862 0.5528854394
52946 0.5506395551
53076 0.5504877074
53103 0.5502804161
53161 0.5476160165
53261 0.5473767613
53407 0.5462463863
53523 0.5443288790
53649 0.5437901544
53673 0.5412451259
53796 0.5408444833
53924 0.5401502181
54016 0.5364285770
54034 0.5294143772
54563 0.5293974545
54566 0.5278642393
54642 0.5272644809
54660 0.5255715426
54728 0.5250019583
54778 0.5244838173
55069 0.5239955785
55136 0.5228997433
55245 0.5217059188
55251 0.5210507351
55306 0.5176344679
55573 0.5173465615
55744 0.5167724331
55848 0.5152783268
55887 0.5149322553
55890 0.5148793467
55966 0.5147303573
55990 0.5140677436
56018 0.5137052130
56070 0.5137038559
56102 0.5133380710
56108 0.5126329580
56125 0.5122179946
56270 0.5105836690
56358 0.5102933291
56371 0.5089336354
56536 0.5088322603
56591 0.5079030456
56647 0.5073281089
56772 0.5068909165
56789 0.5068458833
56887 0.5061715868
56996 0.5049494576
57111 0.5045176118
57159 0.5044971522
57288 0.5038715787
57304 0.5031107975
57539 0.5028246686
57651 0.5026812222
57759 0.5010068792
57878 0.5010036152
57914 0.4992571757
57990 0.4954417531
58273 0.4950293583
58384 0.4936909024
58440 0.4926299318
58470 0.4908904280
58746 0.4900889417
59233 0.4899924588
59267 0.4898258993
59322 0.4897837873
59402 0.4885621471
59503 0.4883281347
59540 0.4880179412
59558 0.4875068935
59733 0.4871544915
59736 0.4860328783
60009 0.4858542234
60012 0.4857776456
60021 0.4857729339
60034 0.4854884243
60051 0.4853910889
60072 0.4853793703
60150 0.4850977532
60161 0.4843333280
60208 0.4843023391
60575 0.4838981790
60604 0.4838523471
60736 0.4834841387
60742 0.4824203930
60953 0.4804025825
61522 0.4794271609
61559 0.4792148616
61587 0.4790473253
61626 0.4780510774
61638 0.4779232225
61694 0.4772218628
61797 0.4759301581
61984 0.4756820704
61990 0.4752592649
62040 0.4738150801
62534 0.4734451738
62599 0.4732703473
62667 0.4724223064
62859 0.4710301883
62909 0.4707951279
62990 0.4707872667
63002 0.4701929462
63071 0.4700918671
63147 0.4695788816
63365 0.4695526178
63402 0.4686996086
63590 0.4682519014
63802 0.4679059822
63827 0.4672877780
64053 0.4670333655
64096 0.4666446900
64197 0.4663283379
64292 0.4660801581
64678 0.4660544648
64732 0.4659585752
64756 0.4659155772
64803 0.4657127756
64807 0.4655969681
65146 0.4655104668
65327 0.4652870907
65346 0.4651298687
65357 0.4649093918
65485 0.4648598968
65604 0.4648432500
65700 0.4648354706
65712 0.4645371742
66010 0.4645053433
66013 0.4644208307
66031 0.4643879555
66189 0.4643652136
66193 0.4643115418
66212 0.4642802009
66239 0.4642266943
66255 0.4641558795
66283 0.4640607990
66361 0.4639971366
66378 0.4639806057
66434 0.4638430420
66708 0.4637803896
66759 0.4636659414
66882 0.4634569975
66982 0.4634311147
67020 0.4633688463
67029 0.4632925513
67122 0.4632002112
67139 0.4631655524
67203 0.4630470833
67233 0.4629329227
67365 0.4627823742
67536 0.4627214209
67750 0.4626138844
67806 0.4625255741
68282 0.4624880633
68326 0.4624853753
68411 0.4624826798
68510 0.4624731619
68533 0.4624531116
68571 0.4624135413
68575 0.4624007743
68756 0.4623995576
68765 0.4623941228
68776 0.4623818449
68796 0.4623754141
68818 0.4623656936
68849 0.4623634208
68857 0.4623620482
68897 0.4623602059
68911 0.4623562738
68975 0.4623526929
69002 0.4623386051
69089 0.4623321635
69149 0.4623268364
69290 0.4623218567
69297 0.4623211738
69386 0.4623197976
69513 0.4623166470
69579 0.4623060388
69685 0.4622994571
69955 0.4622901467
70090 0.4622854684
70179 0.4622841310
70357 0.4622681572
70439 0.4622405563
70500 0.4622130689
70643 0.4622073224
70658 0.4622056873
70790 0.4622032918
70804 0.4621868517
70900 0.4621662274
71060 0.4621456119
71129 0.4621314195
71186 0.4621229192
71272 0.4620828630
71469 0.4620222134
71518 0.4619212567
71693 0.4617415031
71816 0.4616647038
71994 0.4616417381
71995 0.4614909585
72140 0.4611737271
72975 0.4599234380
73106 0.4595209484
73188 0.4590400947
73283 0.4584589095
73382 0.4582512227
73447 0.4582066601
73452 0.4581585856
73562 0.4579162091
73637 0.4575576192
73701 0.4570127582
73856 0.4566766921
74100 0.4565783197
74211 0.4561486483
74275 0.4555815628
74425 0.4551492818
74498 0.4548920094
74569 0.4543327515
74833 0.4540239634
75067 0.4539749480
75128 0.4534693290
75329 0.4534469730
75359 0.4531521711
75396 0.4527950732
75499 0.4527485757
75698 0.4526668257
75704 0.4525247410
75727 0.4524761293
75740 0.4524397810
75757 0.4523405247
75768 0.4520451841
75816 0.4519254706
75954 0.4519001680
76227 0.4518682652
76243 0.4518681289
76252 0.4516332272
76301 0.4515131920
76317 0.4514975050
76338 0.4514209235
76400 0.4512842432
76452 0.4512585497
76490 0.4512055526
76734 0.4508528134
76846 0.4508148271
76847 0.4508015898
76921 0.4506195874
76987 0.4506169835
77060 0.4504941750
77142 0.4503008772
77219 0.4499431648
77483 0.4499305767
77513 0.4498630379
77586 0.4497615902
77784 0.4496743101
77789 0.4496693493
77808 0.4496262840
77823 0.4495324458
77962 0.4494904700
78241 0.4494118514
78311 0.4494075877
78315 0.4493634579
78319 0.4493609867
78321 0.4493268556
78332 0.4492698254
78337 0.4492683716
78366 0.4491826274
78372 0.4489662303
78443 0.4489236338
78590 0.4486600399
78613 0.4486598000
78655 0.4486418273
78702 0.4484663474
78859 0.4484433153
78868 0.4483951745
79092 0.4483547735
79287 0.4480802890
79303 0.4480133236
79407 0.4479560723
79411 0.4479398977
79436 0.4479272641
79579 0.4476998134
79713 0.4475401770
79834 0.4474877445
79858 0.4473781313
80003 0.4473334652
80106 0.4473069439
80288 0.4472195172
80329 0.4471032318
80346 0.4469238742
80760 0.4468723326
80779 0.4467860462
80818 0.4467399435
80828 0.4465538586
80981 0.4465177179
80999 0.4465159974
81143 0.4464735927
81246 0.4462995334
81383 0.4462848346
81453 0.4461589081
81573 0.4460893197
81583 0.4460187312
81590 0.4459974985
81654 0.4458881265
81737 0.4458873927
81749 0.4458449776
81941 0.4457691014
81966 0.4457523166
82012 0.4456921664
82167 0.4456913464
82413 0.4455940722
82521 0.4455526908
82533 0.4454919077
82561 0.4454913877
82615 0.4454852406
82666 0.4453203077
82716 0.4452785154
82721 0.4452735083
82736 0.4452550253
82765 0.4451861402
82798 0.4450589282
82890 0.4449879856
82906 0.4449830870
83024 0.4449617439
83040 0.4449614889
83111 0.4448263737
83159 0.4446164531
83405 0.4445812230
83539 0.4445777886
83565 0.4445378094
83673 0.4445262751
83722 0.4444048524
83726 0.4443055151
83803 0.4441498603
83889 0.4441257530
83924 0.4439388160
83955 0.4437937705
84141 0.4436701526
84285 0.4434931802
84286 0.4433493432
84454 0.4433148389
84557 0.4431101804
84613 0.4430304199
84676 0.4429343588
84677 0.4428966713
84765 0.4428213875
84769 0.4427712180
84877 0.4426295378
84882 0.4423861718
85007 0.4423144383
85067 0.4422777074
85071 0.4420957309
85092 0.4418240344
85255 0.4416943122
85339 0.4414269403
85532 0.4413544083
85627 0.4412120855
85940 0.4410430611
86038 0.4410255532
86078 0.4410180576
86091 0.4409924760
86113 0.4409877843
86149 0.4408914609
86201 0.4405771465
86272 0.4404297663
86434 0.4403928590
86462 0.4403227362
86474 0.4400946278
86513 0.4400817348
86567 0.4400235474
86599 0.4399498832
86669 0.4398486076
87069 0.4393083256
87483 0.4392720107
87545 0.4391371439
87622 0.4388916355
87766 0.4387872080
87870 0.4387864859
87904 0.4386655184
88014 0.4385385867
88189 0.4384959428
88204 0.4384332137
88234 0.4383944244
88321 0.4383619535
88342 0.4382119869
88468 0.4381148405
88598 0.4380937515
88673 0.4378767832
88816 0.4377967251
88827 0.4377329988
88941 0.4377075156
89071 0.4375667109
89538 0.4374687486
89641 0.4374465945
89780 0.4374008435
89944 0.4373206250
89993 0.4372791012
90075 0.4372408190
90227 0.4372316325
90244 0.4371901897
90253 0.4371890728
90347 0.4371794130
90397 0.4371738025
90455 0.4371213732
90463 0.4370683314
90542 0.4370607503
90579 0.4369699250
90619 0.4369628420
90658 0.4369117846
90764 0.4369026524
90774 0.4368234703
90950 0.4368077855
90967 0.4367821504
91063 0.4367694803
91158 0.4367563292
91221 0.4367173965
91337 0.4367116187
91350 0.4366865600
91383 0.4366318339
91447 0.4366194812
91666 0.4366093701
91809 0.4365448744
91889 0.4365229562
91939 0.4365219591
91967 0.4365008260
91983 0.4364814013
92017 0.4364597802
92022 0.4363639823
92229 0.4363639132
92270 0.4363610606
92370 0.4363131805
92401 0.4363123780
92596 0.4363074976
92756 0.4362756538
92765 0.4362697354
92805 0.4362680717
92938 0.4362492618
92950 0.4361576342
93199 0.4361551531
93218 0.4361539473
93234 0.4361473952
93235 0.4361240942
93241 0.4361208479
93301 0.4361161189
93355 0.4361155233
93415 0.4361107310
93579 0.4360898434
93636 0.4360889863
93680 0.4360632093
93804 0.4360474579
93842 0.4360452605
93900 0.4360332437
93927 0.4360276336
93933 0.4359927381
94009 0.4359818874
94158 0.4359497309
94185 0.4359437745
94336 0.4359230663
94340 0.4359229351
94508 0.4358731445
94572 0.4358575150
94596 0.4358329594
94621 0.4357998409
94857 0.4357661864
94969 0.4357523784
95241 0.4355969374
95476 0.4355790504
95668 0.4355763074
95764 0.4355254124
95773 0.4355042677
95882 0.4354551624
96015 0.4353550338
96142 0.4353516058
96144 0.4353250345
96278 0.4353173249
96290 0.4352665783
96326 0.4351986525
96432 0.4351906242
96475 0.4351385058
96625 0.4351238875
96628 0.4351111739
96654 0.4350754942
96777 0.4350507848
96796 0.4350162101
96934 0.4349943751
97002 0.4349689626
97036 0.4349557553
97094 0.4349222310
97138 0.4349128067
97153 0.4348946128
97180 0.4348473558
97197 0.4347931861
97451 0.4347283089
97501 0.4347273323
97632 0.4346481852
97753 0.4345788146
97853 0.4345537082
97908 0.4343689207
98262 0.4343676612
98350 0.4342070709
98558 0.4341744311
98689 0.4341558869
98713 0.4340719990
98747 0.4339587588
99167 0.4339520279
99272 0.4339236335
99352 0.4338410523
99456 0.4338100628
99535 0.4337849678
99554 0.4337356906
99590 0.4335482231
99729 0.4335399313
99769 0.4335068973
99912 0.4333444890
99971 0.4333403104
100371 0.4332593290
100385 0.4332207575
100439 0.4331840481
100474 0.4331057529
100710 0.4330755161
100762 0.4330288257
100873 0.4329984781
101072 0.4329729176
101142 0.4328501859
101610 0.4328330777
101672 0.4327830629
101722 0.4327759726
101748 0.4327710884
101772 0.4326659004
101812 0.4326536604
102756 0.4326401122
102830 0.4326215326
102936 0.4326200492
102981 0.4325556102
102988 0.4325269162
103010 0.4325126703
103323 0.4324728067
103416 0.4324427236
103436 0.4324414612
103537 0.4324380953
103582 0.4323623038
103855 0.4323185738
103923 0.4323146053
103931 0.4322776542
103965 0.4322747412
104156 0.4321933929
104241 0.4321898555
104800 0.4321580494
104829 0.4321428339
104882 0.4321012619
105018 0.4320548071
105307 0.4320326207
105339 0.4320166066
105387 0.4320017348
105588 0.4319928447
105773 0.4319904147
105831 0.4319490144
105880 0.4319225301
106063 0.4318899780
106489 0.4318683186
106776 0.4318540870
106847 0.4318442405
106871 0.4318349113
106874 0.4318039240
106980 0.4317698790
107217 0.4317663566
107227 0.4317644043
107255 0.4317608478
107338 0.4317325770
107490 0.4317168572
107711 0.4317167563
107721 0.4317147763
107773 0.4317060280
107783 0.4317035184
107838 0.4317024402
107855 0.4316584715
108144 0.4316580643
108290 0.4316516655
108319 0.4316499045
108336 0.4316413085
108339 0.4316394630
108387 0.4316248899
108477 0.4316225164
108534 0.4316176598
108535 0.4316057840
108650 0.4315806683
108707 0.4315738478
108748 0.4315532195
108861 0.4315521256
108918 0.4315470631
109119 0.4315417461
109279 0.4315391698
109321 0.4315180188
109409 0.4314952771
109621 0.4314772164
109847 0.4314748831
109927 0.4314610328
109934 0.4314494122
110117 0.4314311668
110209 0.4314227979
110385 0.4314193776
110404 0.4314174022
110432 0.4314150132
110489 0.4313971602
110535 0.4313966618
110556 0.4313895401
110588 0.4313750181
110702 0.4313744178
110718 0.4313569690
110772 0.4313494438
111021 0.4313429972
111078 0.4313313219
111129 0.4313073320
111341 0.4313052081
111374 0.4312963409
111383 0.4312756935
111560 0.4312752679
111612 0.4312662899
111613 0.4312536054
111666 0.4312398628
111733 0.4312340398
111763 0.4312212458
111787 0.4312169741
111826 0.4312153249
112013 0.4312045495
112094 0.4311950399
112155 0.4311893603
112264 0.4311831622
112274 0.4311644351
112294 0.4311597054
112340 0.4311559486
112453 0.4311439879
112505 0.4311410527
112514 0.4311352666
112550 0.4311232495
112625 0.4311047390
112683 0.4310877120
112878 0.4310730418
112971 0.4310503325
112996 0.4310423025
113011 0.4310205945
113309 0.4310186490
113319 0.4310079825
113451 0.4309450714
113541 0.4309239576
113661 0.4308955485
113670 0.4308706709
113759 0.4308361557
113912 0.4308310428
113921 0.4308207377
113940 0.4308125974
113952 0.4308054251
114055 0.4308046278
114132 0.4307979366
114166 0.4307974000
114242 0.4307333077
114405 0.4307282268
114448 0.4307111968
114493 0.4306821525
114560 0.4306444548
114607 0.4306091225
114843 0.4305652737
114962 0.4305369635
115005 0.4305272703
115064 0.4304970674
115499 0.4304713875
115580 0.4304555499
115700 0.4303945489
116077 0.4303916858
116079 0.4303744682
116266 0.4303610640
116376 0.4303450905
116556 0.4303028574
116852 0.4302794030
117104 0.4302738546
117216 0.4302682009
117274 0.4302676651
117376 0.4302598939
117451 0.4302446312
117569 0.4302330249
117817 0.4302310516
117862 0.4302228042
117884 0.4301986436
117957 0.4301940474
118001 0.4301901988
118066 0.4301840850
118091 0.4301802611
118187 0.4301781473
118269 0.4301744252
118438 0.4301661470
118488 0.4301584831
118519 0.4301428933
118537 0.4301390111
118559 0.4301383958
118641 0.4301342628
118788 0.4301337356
118848 0.4301299892
118893 0.4301090733
118968 0.4300754059
119474 0.4300379035
120035 0.4300374726
120044 0.4300314086
120084 0.4300281766
120094 0.4300115738
120242 0.4300010587
120414 0.4300005196
120499 0.4299996474
120600 0.4299942962
120707 0.4299918489
120721 0.4299746437
120774 0.4299654697
120865 0.4299647348
120993 0.4299546838
121059 0.4299480938
121075 0.4299468181
121384 0.4299381214
121489 0.4299320711
121621 0.4299149191
121738 0.4299144301
121926 0.4298989699
121937 0.4298848749
122062 0.4298799990
122194 0.4298757226
122503 0.4298732456
122507 0.4298491641
122648 0.4298405083
122673 0.4298345974
122717 0.4298201134
122908 0.4298157605
123030 0.4298148436
123058 0.4298073316
123399 0.4297933868
123446 0.4297874331
123475 0.4297757210
123552 0.4297646171
123645 0.4297607513
123665 0.4297567447
123713 0.4297497212
123773 0.4297103468
124021 0.4297016165
124375 0.4296876886
124430 0.4296850068
124583 0.4296751060
124596 0.4296740456
124771 0.4296625423
124900 0.4296613653
124987 0.4296382100
125237 0.4296376218
125330 0.4296351650
125391 0.4296155014
125560 0.4296154446
125687 0.4296121191
125915 0.4296083280
125932 0.4296045767
125966 0.4295989135
125982 0.4295917306
126029 0.4295684664
126209 0.4295583566
126439 0.4295528954
126505 0.4295374908
126552 0.4295370764
126561 0.4295292366
126607 0.4295275319
126673 0.4295207439
126862 0.4295182753
126894 0.4295094944
127018 0.4295069355
127027 0.4295063701
127059 0.4295019613
127126 0.4294998905
127270 0.4294977476
127317 0.4294915438
127373 0.4294838869
127402 0.4294763152
127506 0.4294762299
127537 0.4294708577
127598 0.4294680483
127641 0.4294587645
127688 0.4294434210
127722 0.4294422095
127790 0.4294340399
127844 0.4294294848
128023 0.4294219399
128094 0.4294084010
128356 0.4294082802
128375 0.4294049906
128391 0.4294017890
128463 0.4293969086
128489 0.4293848577
128589 0.4293833616
128669 0.4293829545
128685 0.4293683287
128764 0.4293666380
128850 0.4293653007
128988 0.4293605107
129042 0.4293341202
129092 0.4293326971
129255 0.4293276934
129327 0.4293122170
129492 0.4293073110
129903 0.4293023503
129963 0.4292860151
129986 0.4292669861
130158 0.4292655220
130282 0.4292590805
130563 0.4292549138
130656 0.4292516657
130729 0.4292444493
130872 0.4292429460
130930 0.4292390831
130951 0.4292355401
131045 0.4292330249
131152 0.4292327331
131164 0.4292313813
131181 0.4292285588
131208 0.4292275371
131279 0.4292258615
131302 0.4292234340
131316 0.4292204433
131324 0.4292201314
131340 0.4292197398
131378 0.4292185361
131405 0.4292151413
131420 0.4292140575
131435 0.4292082364
131495 0.4292064698
131507 0.4292042062
131535 0.4291930915
131881 0.4291872767
131893 0.4291794458
132118 0.4291793938
132120 0.4291785556
132193 0.4291523298
132334 0.4291510679
132357 0.4291421206
132467 0.4291340612
132541 0.4291339092
132545 0.4291244485
132840 0.4291241550
133477 0.4291239473
133504 0.4291225109
133528 0.4291097515
133570 0.4291042044
133650 0.4291015413
133686 0.4290945302
133860 0.4290935447
133906 0.4290903115
133970 0.4290795214
134151 0.4290770281
134259 0.4290750004
134272 0.4290741042
134335 0.4290671900
134358 0.4290649169
134409 0.4290616180
134456 0.4290535569
134633 0.4290372707
134874 0.4290283197
134969 0.4290275312
135188 0.4290250907
135296 0.4290234091
135385 0.4290192607
135514 0.4290123821
135549 0.4290107793
135585 0.4290067490
135628 0.4290031012
135730 0.4289964724
135764 0.4289924452
135793 0.4289921979
135861 0.4289903112
135875 0.4289875145
135901 0.4289858183
135996 0.4289855694
136021 0.4289825497
136033 0.4289806909
136163 0.4289793985
136164 0.4289737445
136303 0.4289702784
136306 0.4289635901
136317 0.4289635575
136323 0.4289594667
136476 0.4289527244
136482 0.4289480262
136545 0.4289355907
136790 0.4289336468
136918 0.4289328372
136935 0.4289301138
136991 0.4289281859
137132 0.4289242950
137173 0.4289208213
137226 0.4289153680
137636 0.4289062709
138128 0.4289055529
138178 0.4289025409
138238 0.4288991427
138318 0.4288955802
138405 0.4288920300
138455 0.4288914819
138478 0.4288828375
138739 0.4288820535
138782 0.4288788200
138924 0.4288667761
139375 0.4288648813
139441 0.4288571257
139811 0.4288555467
139937 0.4288510464
140094 0.4288493687
140116 0.4288493229
140233 0.4288493136
140238 0.4288481757
140278 0.4288400001
140319 0.4288379237
140336 0.4288371547
140343 0.4288316205
140496 0.4288288095
140833 0.4288268141
140912 0.4288256415
140915 0.4288238382
140969 0.4288180146
141367 0.4288178331
141382 0.4288085536
141418 0.4288062896
141617 0.4288054501
141688 0.4288033350
141716 0.4287987626
141732 0.4287980942
141779 0.4287965597
141943 0.4287950761
141996 0.4287895728
142029 0.4287870968
142045 0.4287764337
142431 0.4287740293
142567 0.4287740122
142571 0.4287631498
142781 0.4287593332
142824 0.4287525358
143021 0.4287473466
143051 0.4287284458
143610 0.4287245028
143647 0.4287147960
144155 0.4287119454
144161 0.4286895213
144747 0.4286880583
144813 0.4286829720
144954 0.4286713446
145021 0.4286658853
145496 0.4286648895
145576 0.4286648634
145599 0.4286601261
145625 0.4286546026
145844 0.4286367449
146274 0.4286315910
146511 0.4286315532
146550 0.4286295023
146813 0.4286254948
146933 0.4286222372
147086 0.4286031075
147536 0.4285990658
147684 0.4285964404
147708 0.4285909984
147737 0.4285886159
147925 0.4285853249
148036 0.4285843103
148057 0.4285804571
148396 0.4285764749
148440 0.4285708344
148453 0.4285693608
148673 0.4285682023
148714 0.4285611041
148880 0.4285606823
148887 0.4285591899
148940 0.4285571930
148980 0.4285561071
149313 0.4285447755
149525 0.4285432303
149563 0.4285431112
149600 0.4285398079
149617 0.4285395354
149622 0.4285348778
149693 0.4285344689
149743 0.4285325717
149779 0.4285309796
149822 0.4285279230
149890 0.4285209317
149944 0.4285207417
150058 0.4285171276
150236 0.4285162998
150337 0.4285143398
150472 0.4285132139
150517 0.4285114668
150519 0.4285032342
150536 0.4284957922
150650 0.4284927797
150768 0.4284847409
150968 0.4284811835
151015 0.4284762892
151217 0.4284705481
151449 0.4284651461
151487 0.4284608661
151517 0.4284561571
151986 0.4284546131
152122 0.4284455143
152228 0.4284438878
152272 0.4284437527
152355 0.4284366557
152547 0.4284366412
152555 0.4284344371
152583 0.4284315979
152620 0.4284298836
152655 0.4284290416
152707 0.4284232808
152953 0.4284229549
153016 0.4284189098
153585 0.4284172012
153708 0.4284093685
153817 0.4284020391
154718 0.4283985031
154830 0.4283950932
155024 0.4283912567
155141 0.4283889622
155339 0.4283863993
155540 0.4283855330
155555 0.4283848640
155591 0.4283736553
155804 0.4283669826
156076 0.4283606708
156110 0.4283593197
156171 0.4283589338
156381 0.4283553992
156382 0.4283539076
156482 0.4283489407
156546 0.4283480717
156713 0.4283463758
156861 0.4283439732
156962 0.4283430115
157027 0.4283395414
157075 0.4283392404
157100 0.4283322405
157199 0.4283282121
157289 0.4283250033
157403 0.4283210324
157470 0.4283166570
157577 0.4283163094
157904 0.4283129070
158003 0.4283067960
158086 0.4283062000
158127 0.4283043197
158228 0.4282944347
158575 0.4282938433
158871 0.4282922801
158984 0.4282897408
159034 0.4282866194
159075 0.4282828580
159543 0.4282821760
159660 0.4282818525
159665 0.4282814325
159864 0.4282810704
160005 0.4282800995
160026 0.4282776901
160164 0.4282776041
160172 0.4282775293
160204 0.4282718060
160356 0.4282695707
160374 0.4282672820
160483 0.4282638281
160677 0.4282635879
160871 0.4282634036
160926 0.4282629931
160995 0.4282609899
161013 0.4282604763
161023 0.4282604528
161036 0.4282589837
161101 0.4282566477
161110 0.4282532939
161300 0.4282531437
161395 0.4282514490
161421 0.4282494530
161427 0.4282476496
161717 0.4282468151
161748 0.4282418418
161877 0.4282414954
161958 0.4282401326
161990 0.4282399527
162036 0.4282390044
162114 0.4282356108
162283 0.4282341997
162376 0.4282336562
162439 0.4282330100
162537 0.4282276414
162665 0.4282219667
163505 0.4282206227
163674 0.4282191589
163737 0.4282185004
163762 0.4282182548
163941 0.4282176972
164127 0.4282169413
164137 0.4282141513
164416 0.4282084316
164748 0.4282034669
165195 0.4282023275
165248 0.4282006251
165476 0.4281962674
165662 0.4281955021
165890 0.4281945358
165899 0.4281945355
165977 0.4281924866
166021 0.4281922392
166031 0.4281903869
166191 0.4281901426
166196 0.4281895416
166223 0.4281887068
166263 0.4281868868
166284 0.4281864969
166413 0.4281862960
166467 0.4281852084
166482 0.4281833603
166539 0.4281830013
166605 0.4281805384
166818 0.4281779523
166939 0.4281770999
166986 0.4281747039
167102 0.4281694872
167198 0.4281668231
167343 0.4281635800
167638 0.4281631818
167664 0.4281628888
167731 0.4281588935
167862 0.4281574818
167873 0.4281573551
167886 0.4281566803
167905 0.4281554226
168016 0.4281538840
168033 0.4281528488
168083 0.4281522347
168175 0.4281489907
168431 0.4281481348
168576 0.4281472655
168597 0.4281460492
168650 0.4281442252
168721 0.4281440198
168738 0.4281438340
168743 0.4281432048
168776 0.4281426872
168792 0.4281378065
168878 0.4281361053
168932 0.4281332229
168933 0.4281313228
169081 0.4281288302
169218 0.4281282868
169221 0.4281237570
169235 0.4281236179
169389 0.4281193139
170121 0.4281162665
170171 0.4281144336
170257 0.4281122543
170419 0.4281089193
170713 0.4281086437
170716 0.4281033160
170911 0.4281010938
171053 0.4281005700
171169 0.4281004288
171173 0.4281002528
171187 0.4281002367
171224 0.4280997401
171232 0.4280995809
171277 0.4280988188
171345 0.4280987831
171405 0.4280964171
171419 0.4280952740
171454 0.4280933345
171471 0.4280932632
171475 0.4280924671
171536 0.4280923328
171538 0.4281195902
evaluations raw_y
1 208.9209425304
4 131.3838003393
8 113.0582921475
10 32.8367813001
26 32.0399945096
35 28.1576515840
52 22.5999056609
60 17.8052249281
79 14.3373366336
107 13.5613403563
169 10.4070110518
193 10.0398987436
219 8.6295336227
329 8.0785948916
396 7.3937698679
470 6.7683424654
900 6.7601137260
955 6.3605797748
1362 5.7631271563
1800 5.1489994825
7977 5.0323410754
7995 4.3186623659
11520 4.2758903986
12249 3.8948439059
15146 3.0952280215
17588 3.0793594756
17778 2.7324533738
18031 2.4338994511
19070 1.8386560318
21449 1.7750999054
21558 1.6338540272
21583 1.6051243222
21806 0.9268927623
22062 0.8465797698
22604 0.8270321751
23030 0.7988970273
23095 0.7095561455
23276 0.5493941699
23615 0.4394746278
23806 0.3962366035
23842 0.3261053739
24262 0.2832620962
24497 0.2800792175
24597 0.2761175850
24615 0.2694552930
24835 0.2559046355
24931 0.2492360500
25239 0.2392154709
25355 0.2309806854
25714 0.2279813933
25721 0.2256060553
25764 0.2222401453
25925 0.2212593249
26001 0.2205485828
26146 0.2192346664
26377 0.2141882322
26402 0.2141864013
26450 0.2128006776
27355 0.2110627893
27655 0.2108711969
27953 0.2107217302
28150 0.2105710568
28258 0.2103301828
28535 0.2102754720
28586 0.2102739801
28625 0.2102441089
28816 0.2102141013
28840 0.2101055945
28887 0.2096644337
29218 0.2096101967
29248 0.2095081141
29291 0.2090696600
29409 0.2089654576
29495 0.2089035902
29546 0.2087101738
29563 0.2084352059
29729 0.2083091703
29752 0.2083088736
29796 0.2081877391
29852 0.2079190813
29902 0.2077281686
30128 0.2075083186
30204 0.2073414593
30369 0.2068416326
30676 0.2063346385
30785 0.2063261668
30915 0.2060609610
30942 0.2058914849
30974 0.2055542592
31117 0.2053597755
31148 0.2050459682
31174 0.2044283004
31349 0.2043954415
31387 0.2039354093
31473 0.2037967273
31538 0.2031906982
31750 0.2030464170
31778 0.2024986160
31781 0.2024664918
31796 0.2010801583
31834 0.2007846107
31999 0.2005402621
32006 0.1994125809
32075 0.1987089563
32195 0.1966426818
32382 0.1956131097
32560 0.1954481795
32618 0.1945444376
32759 0.1931869564
32764 0.1928566369
32797 0.1925474373
32992 0.1924603012
33010 0.1921218548
33069 0.1908774083
33197 0.1893530718
33474 0.1881955248
33669 0.1881547955
33712 0.1870779750
33783 0.1867156753
33932 0.1863996535
34035 0.1858746384
34342 0.1852005412
34565 0.1846406940
34745 0.1844932564
34771 0.1834794474
35360 0.1834598568
35402 0.1833957677
35437 0.1832518610
35450 0.1830703350
35526 0.1830549866
35628 0.1827942391
35896 0.1827445019
36021 0.1822253976
36402 0.1822221824
36437 0.1821956954
36508 0.1821030577
36595 0.1820732462
36612 0.1820188876
36627 0.1819613780
36699 0.1818483733
36763 0.1817585590
36772 0.1816141448
36827 0.1815678914
37062 0.1815648144
37209 0.1814877981
37272 0.1814147689
37392 0.1813658528
37412 0.1813473456
37415 0.1812297758
37444 0.1811263690
37463 0.1810871558
37579 0.1810768046
37703 0.1810484025
37786 0.1809246712
37913 0.1808695013
37956 0.1807033358
38014 0.1806732165
38025 0.1802871901
38145 0.1801484901
38297 0.1800237625
38617 0.1796993540
38671 0.1791847305
38827 0.1791056190
38855 0.1787738043
38963 0.1785677256
39015 0.1782777659
39272 0.1777678985
39422 0.1769554047
39454 0.1767834639
39489 0.1766796954
39616 0.1760632537
39792 0.1757649407
39809 0.1756901356
39936 0.1754123792
39938 0.1752885884
39964 0.1752720776
40039 0.1744957215
40300 0.1744808672
40338 0.1742672310
40724 0.1741983037
40764 0.1736516813
40823 0.1736509293
40914 0.1732415121
40918 0.1729339621
41026 0.1728485377
41220 0.1727432925
41261 0.1725245502
41344 0.1723210557
41368 0.1722347758
41517 0.1721644951
41636 0.1721126758
41676 0.1719969970
41704 0.1719679948
41897 0.1719282866
41939 0.1718866983
42032 0.1718852464
42088 0.1718542833
42240 0.1717906618
42265 0.1717891098
42281 0.1717775241
42284 0.1717320681
42286 0.1716737883
42505 0.1716334748
42586 0.1715828588
42591 0.1715269146
42695 0.1714902913
42697 0.1714655428
42835 0.1712998913
43032 0.1712698469
43168 0.1712307385
43258 0.1712091624
43530 0.1711432472
43561 0.1711328027
43580 0.1706644648
43830 0.1705754680
43850 0.1705364383
44229 0.1703897435
44325 0.1700392877
44429 0.1700141373
44479 0.1700125535
44503 0.1698395593
44518 0.1695778607
44866 0.1695302787
45202 0.1694861888
45619 0.1693667721
45737 0.1693124967
45838 0.1692320360
45918 0.1690297583
46094 0.1690254373
46250 0.1690231307
46253 0.1689838903
46296 0.1689673207
46355 0.1689563445
46479 0.1689532198
46683 0.1689349822
46732 0.1689086667
46787 0.1689081132
46814 0.1688831865
46919 0.1688737410
47154 0.1688515129
47282 0.1688510504
47318 0.1688401958
47583 0.1688282942
47738 0.1688123947
47772 0.1688075089
47811 0.1687791954
48092 0.1687621809
48188 0.1687520775
48200 0.1687367539
48268 0.1687341727
48273 0.1687242101
48355 0.1686989457
48664 0.1686480086
48788 0.1686179339
48988 0.1685796837
49114 0.1685078338
49298 0.1685012152
49405 0.1684703093
49415 0.1684237778
49599 0.1684160131
49659 0.1683952848
49681 0.1682461040
49904 0.1682030340
49969 0.1681537982
50012 0.1681217785
50046 0.1681166977
50110 0.1680905204
50225 0.1680596942
50477 0.1680571288
50508 0.1679969650
50575 0.1679490206
50595 0.1678563181
50846 0.1678559284
50857 0.1678545246
50973 0.1678299979
51048 0.1678277854
51152 0.1677509889
51181 0.1677388437
51234 0.1677189987
51283 0.1676965063
51330 0.1676346192
51448 0.1676257071
51575 0.1676196744
51592 0.1676170266
51603 0.1676081174
51691 0.1675922594
51780 0.1675922067
51791 0.1675690490
51820 0.1675667768
51851 0.1675429695
51876 0.1675296553
51885 0.1675197585
51977 0.1675197013
51985 0.1675015827
52033 0.1674676220
52123 0.1674320859
52634 0.1673510985
52791 0.1672890124
52874 0.1672775871
52901 0.1671980335
52968 0.1671713245
53126 0.1670815284
53259 0.1670573601
53330 0.1670223379
53426 0.1669592597
53506 0.1669203570
53703 0.1668036017
53921 0.1667694045
53949 0.1667460535
53954 0.1667367236
53983 0.1666624591
54117 0.1666579529
54283 0.1666230931
54441 0.1665840851
54550 0.1665516642
54740 0.1665074419
54822 0.1665007739
54839 0.1664870317
54894 0.1664742967
54928 0.1664356524
54982 0.1663959726
55011 0.1663630593
55161 0.1663119929
55308 0.1663063820
55373 0.1662428992
55587 0.1660942599
55619 0.1660091751
55920 0.1657509825
56005 0.1657203767
56088 0.1656184802
56450 0.1655251051
56477 0.1654892038
56534 0.1653357710
56538 0.1653220176
56591 0.1653093013
56630 0.1651457128
56700 0.1648767054
57217 0.1648128875
57290 0.1644954130
57719 0.1644534495
57775 0.1644369205
57798 0.1644097540
57823 0.1644030258
57858 0.1644028973
57872 0.1643936379
57969 0.1643917578
57997 0.1643649179
58048 0.1643507591
58133 0.1643405918
58171 0.1643400945
58219 0.1643381653
58230 0.1643272333
58274 0.1643017224
58333 0.1643016486
58375 0.1642996051
58428 0.1642627587
58548 0.1642606295
58784 0.1642519516
58876 0.1642464559
58886 0.1642396974
58893 0.1642235271
58910 0.1642070768
58975 0.1641780702
59058 0.1641552660
59312 0.1641524025
59327 0.1641157740
59360 0.1640877893
59500 0.1640837303
59531 0.1640688117
59724 0.1640514945
59773 0.1640330232
59816 0.1640313864
59876 0.1640074349
59898 0.1640040799
59922 0.1639946018
59924 0.1639801405
60198 0.1639699122
60279 0.1638419046
60481 0.1638164101
60494 0.1636672599
60746 0.1635735720
60840 0.1635365006
61047 0.1634804714
61071 0.1633770814
61442 0.1632932414
61446 0.1632630051
61531 0.1631713631
61560 0.1631126005
61639 0.1629356082
61662 0.1629093536
61880 0.1628668089
61916 0.1627273344
61990 0.1627099487
62071 0.1625996521
62251 0.1623495364
62360 0.1622135398
62362 0.1619400667
62709 0.1619104919
62859 0.1618138880
63015 0.1617951388
63094 0.1617672313
63103 0.1617577875
63109 0.1616950397
63142 0.1615346103
63276 0.1615128800
63314 0.1614356479
63379 0.1613156851
63480 0.1612407650
63548 0.1612361960
63549 0.1612293047
63558 0.1610645777
63669 0.1610141903
63737 0.1610130795
64009 0.1608348512
64232 0.1606257536
64395 0.1605450413
64425 0.1604685919
64537 0.1603966623
64601 0.1602868378
64706 0.1602666716
64750 0.1601663155
64932 0.1600852613
64947 0.1600647521
64997 0.1600477474
64999 0.1599223472
65366 0.1599223199
65509 0.1599097455
65531 0.1598069561
65567 0.1597183697
65854 0.1597178500
66026 0.1595650617
66197 0.1595541982
66463 0.1594871694
66538 0.1594822328
66548 0.1594437986
66637 0.1594260907
66795 0.1593411964
67072 0.1593194525
67320 0.1593193983
67353 0.1593094312
67388 0.1592899856
67396 0.1592858925
67472 0.1592682849
67618 0.1592579415
67624 0.1592500419
67768 0.1592373338
67794 0.1592202378
67949 0.1592194336
68014 0.1592081918
68028 0.1591932887
68314 0.1591905404
68396 0.1591702154
68512 0.1591655222
68518 0.1591628029
68536 0.1591539712
68662 0.1591419809
68677 0.1591323723
68690 0.1591317783
68740 0.1591071976
68894 0.1590997220
69254 0.1590938317
69279 0.1590831439
69285 0.1590768314
69321 0.1590719192
69574 0.1590617016
69622 0.1590594040
69834 0.1590581485
69846 0.1590557738
70039 0.1590515816
70096 0.1590400909
70226 0.1590316584
70298 0.1590297551
70303 0.1590240655
70439 0.1590226603
70500 0.1590192780
70526 0.1590162078
70552 0.1590122864
70683 0.1590119018
70720 0.1590091337
70728 0.1590052381
70741 0.1590000331
70929 0.1589955585
70964 0.1589905646
71066 0.1589890755
71067 0.1589750079
71176 0.1589707573
71265 0.1589666932
71305 0.1589380352
71856 0.1589086082
72328 0.1589053171
72431 0.1589029826
72485 0.1588945497
72624 0.1588887702
72669 0.1588846681
72735 0.1588845575
72747 0.1588813161
72759 0.1588777000
72840 0.1588758858
72937 0.1588644127
72985 0.1588623746
73100 0.1588603165
73156 0.1588587297
73225 0.1588582540
73283 0.1588573443
73338 0.1588522474
73762 0.1588519210
73986 0.1588516393
73997 0.1588503925
74163 0.1588503295
74214 0.1588498574
74352 0.1588496230
74354 0.1588493674
74398 0.1588492838
74430 0.1588489229
74467 0.1588487444
74478 0.1588486158
74692 0.1588484308
74714 0.1588483651
74764 0.1588480992
74948 0.1588480268
74975 0.1588478416
75069 0.1588478088
75114 0.1588477802
75189 0.1588477517
75192 0.1588476725
75228 0.1588476193
75290 0.1588475492
75396 0.1588474582
75405 0.1588473973
75408 0.1588471968
75623 0.1588470894
75655 0.1588470060
75701 0.1588469951
75705 0.1588467582
75751 0.1588466102
75984 0.1588465399
76046 0.1588460931
76099 0.1588459553
76746 0.1588447785
76749 0.1588435495
77010 0.1588429834
77058 0.1588423840
77241 0.1588412425
77282 0.1588410863
77322 0.1588393697
77475 0.1588379772
77490 0.1588375671
77492 0.1588372968
77521 0.1588360959
77528 0.1588350265
77624 0.1588329638
77830 0.1588319669
77942 0.1588265026
78044 0.1588263989
78085 0.1588220188
78236 0.1588217282
78381 0.1588206074
78415 0.1588164422
78434 0.1588137087
78459 0.1588125286
78549 0.1588050159
78695 0.1587835794
78927 0.1587804247
78975 0.1587793286
79067 0.1587713051
79106 0.1587453005
79419 0.1587215761
79599 0.1587076437
79624 0.1587067752
79796 0.1586993507
79957 0.1586844036
79988 0.1586788209
79993 0.1586648676
80025 0.1586609296
80052 0.1586606210
80111 0.1586604516
80153 0.1586559671
80200 0.1586514050
80203 0.1586406776
80285 0.1586016320
80435 0.1585933111
80850 0.1585814430
80886 0.1585766853
80934 0.1585694402
81024 0.1585586522
81138 0.1585579747
81218 0.1585545774
81324 0.1585383150
81424 0.1585313426
81479 0.1585305737
81543 0.1585219085
81569 0.1585206491
81615 0.1585162621
81750 0.1585125817
81776 0.1585103223
81807 0.1585037697
81815 0.1585021968
81961 0.1584982472
82026 0.1584941180
82412 0.1584883258
82496 0.1584835382
82506 0.1584784957
82588 0.1584704128
82654 0.1584669152
82826 0.1584592165
82961 0.1584531191
83347 0.1584509365
83378 0.1584493546
83398 0.1584437301
83507 0.1584416218
83541 0.1584407335
83571 0.1584371248
83593 0.1584328700
83788 0.1584312201
83838 0.1584221509
84004 0.1584204367
84365 0.1584185458
84580 0.1584163485
84600 0.1584102417
84635 0.1584099896
84672 0.1584093642
84674 0.1584087199
84692 0.1584082525
84719 0.1584018547
84754 0.1584010104
84920 0.1583985752
85045 0.1583974362
85078 0.1583925320
85160 0.1583922371
85181 0.1583909994
85369 0.1583900918
85481 0.1583879480
85575 0.1583870155
85836 0.1583857163
85872 0.1583848804
85996 0.1583844810
86021 0.1583837173
86074 0.1583832138
86224 0.1583830539
86285 0.1583829652
86339 0.1583828277
86384 0.1583824108
86393 0.1583823282
86522 0.1583821419
86634 0.1583817624
86784 0.1583811445
86813 0.1583810179
86836 0.1583809403
86905 0.1583803745
87159 0.1583803169
87240 0.1583802043
87364 0.1583800147
87542 0.1583799592
87577 0.1583799548
87614 0.1583798995
87697 0.1583798956
87700 0.1583798709
87706 0.1583798327
87757 0.1583797882
87824 0.1583797553
87827 0.1583796595
88124 0.1583796511
88165 0.1583796207
88195 0.1583796128
88351 0.1583796043
88423 0.1583795895
88479 0.1583795836
88524 0.1583795830
88529 0.1583795791
88563 0.1583795667
88583 0.1583795520
88626 0.1583795461
88847 0.1583795350
89010 0.1583795295
89045 0.1583795285
89077 0.1583795249
89139 0.1583795248
89167 0.1583795205
89253 0.1583795189
89280 0.1583795183
89375 0.1583795180
89408 0.1583795171
89414 0.1583795127
89530 0.1583795125
89688 0.1583795114
89919 0.1583795101
90006 0.1583795101
90007 0.1583795101
90044 0.1583795100
90089 0.1583795099
90109 0.1583795098
90114 0.1583795093
90128 0.1583795091
90195 0.1583795090
90337 0.1583795090
90387 0.1583795089
90404 0.1583795088
90407 0.1583795085
90551 0.1583795084
90563 0.1583795082
90627 0.1583795079
90978 0.1583795079
90994 0.1583795078
91023 0.1583795078
91076 0.1583795078
91112 0.1583795078
91121 0.1583795078
91295 0.1583795077
91313 0.1583795077
91325 0.1583795077
91339 0.1583795077
91341 0.1583795077
91428 0.1583795077
91447 0.1583795077
91534 0.1583795077
91586 0.1583795077
91606 0.1583795077
91611 0.1583795077
91785 0.1583795077
91837 0.1583795077
91912 0.1583795077
92074 0.1583795077
92134 0.1583795077
92137 0.1583795077
92145 0.1583795077
92231 0.1583795077
92253 0.1583795077
92310 0.1583795077
92315 0.1583795077
92489 0.1583795077
92531 0.1583795077
92621 0.1583795077
92701 0.1583795077
92720 0.1583795077
92790 0.1583795077
92855 0.1583795077
92872 0.1583795077
93027 0.1583795077
93064 0.1583795077
93070 0.1583795077
93207 0.1583795077
93230 0.1583795077
93318 0.1583795077
93320 0.1583795077
93331 0.1583795077
93344 0.1583795077
93432 0.1583795077
93477 0.1583795077
93515 0.1583795077
93566 0.1583795077
93589 0.1583795077
93707 0.1583795077
93746 0.1583795077
93853 0.1583795077
94009 0.1583795077
94045 0.1583795077
94341 0.1583795077
94753 0.1583795077
94865 0.1583795077
evaluations raw_y
1 91.6564000223
2 61.7173511468
6 57.6569532617
10 35.3124047595
16 23.1762919375
17 21.3988713147
30 13.3958058714
89 11.1985512753
122 9.6481570352
218 9.5108399145
227 7.0209240452
462 6.8145409766
530 6.6580380435
626 6.2921952998
677 5.9802923772
1026 5.6055958443
1919 5.4917845993
2532 5.0328410725
2543 4.6693195410
3229 4.5815984599
5913 4.5073380264
7308 4.1529091080
9341 3.3042371959
10406 3.1255735730
12735 2.2782018299
21597 2.2311080422
21689 1.9324198577
22354 1.6767155935
22358 1.3829626466
22374 1.2882954904
22889 1.0721703831
22989 1.0570636291
23499 1.0225578701
23545 0.8846417901
23627 0.8192327450
23729 0.6215622933
24187 0.5670184039
24375 0.5620156083
24448 0.4662866171
24821 0.4574830794
24905 0.4489692538
25003 0.4404151652
25184 0.4286062601
25203 0.4237361315
25410 0.4065329643
25494 0.3942160768
25644 0.3773840358
25951 0.3754554011
26437 0.3661570246
26788 0.3606128893
26885 0.3569567875
26989 0.3536805264
27123 0.3516126749
27864 0.3498749285
28080 0.3493982808
28143 0.3483652611
28534 0.3463667795
28876 0.3450998574
29098 0.3442639441
29432 0.3441672091
29497 0.3439465232
29499 0.3438988854
29582 0.3437328069
29603 0.3435791075
29644 0.3433091686
29701 0.3431243669
29788 0.3425153839
30135 0.3420845765
30271 0.3416171713
30667 0.3414645719
30735 0.3414443600
30811 0.3413728648
30860 0.3411300242
30875 0.3409104799
30983 0.3406441589
31064 0.3405320136
31080 0.3403496328
31207 0.3391439244
31498 0.3387713418
31679 0.3385835825
31750 0.3369400323
31914 0.3366729939
31957 0.3366040717
32015 0.3354176188
32095 0.3354071068
32102 0.3350293366
32134 0.3349261810
32163 0.3346548701
32186 0.3323192964
32447 0.3321717596
32682 0.3320019533
32754 0.3308359231
32764 0.3299621249
32853 0.3299350758
32953 0.3291466648
32996 0.3287569126
33040 0.3285764046
33069 0.3282280461
33223 0.3269562507
33270 0.3267743139
33406 0.3227379892
33688 0.3224718324
33751 0.3198086589
34098 0.3196755672
34191 0.3182752545
34225 0.3175778738
34268 0.3173533697
34274 0.3164210016
34380 0.3156464331
34596 0.3147644424
34836 0.3146612553
35006 0.3143423144
35144 0.3141538732
35202 0.3127703098
35595 0.3126879153
35720 0.3126593259
35735 0.3124838330
35828 0.3121731483
35959 0.3117879976
35973 0.3117840813
35984 0.3117412428
36067 0.3110118725
36236 0.3109336523
36527 0.3107693588
36639 0.3106408200
36667 0.3105792905
36853 0.3104240470
36870 0.3103542173
36905 0.3101292616
37296 0.3100560932
37759 0.3100088279
37794 0.3099848188
37869 0.3099603239
37878 0.3099219393
37919 0.3098960795
38050 0.3098580177
38127 0.3098218179
38133 0.3097918034
38191 0.3097856642
38317 0.3097308320
38611 0.3097293909
38692 0.3097251758
38724 0.3096646911
38949 0.3095295122
39410 0.3093349874
39476 0.3092340447
39812 0.3092306614
39839 0.3092188582
39860 0.3091189319
39874 0.3089711258
40007 0.3089574024
40010 0.3089430442
40030 0.3088947576
40062 0.3088821615
40100 0.3086324132
40281 0.3085180646
40296 0.3083866463
40635 0.3083788436
40855 0.3081617342
40933 0.3081504767
40953 0.3081478375
41072 0.3080776683
41179 0.3079907856
41189 0.3079800984
41208 0.3079679492
41220 0.3079497087
41237 0.3076304681
41387 0.3074868502
41476 0.3071207580
41939 0.3071054527
41998 0.3070228923
42065 0.3065863801
42543 0.3065677873
42556 0.3065563243
42614 0.3064752221
42632 0.3064496303
42659 0.3063043583
42678 0.3062277903
42686 0.3062135195
42795 0.3061007839
42847 0.3060957886
42873 0.3060872502
43336 0.3060006828
43359 0.3059321173
43386 0.3059162207
43431 0.3058911316
43445 0.3058007347
43680 0.3057418992
43705 0.3055924304
43712 0.3055244210
43837 0.3053628352
43893 0.3053513937
44162 0.3052410201
44367 0.3051721591
44705 0.3051397558
44879 0.3051388435
45007 0.3051332296
45058 0.3051306018
45101 0.3051273456
45145 0.3051253821
45151 0.3051047466
45362 0.3051013398
45433 0.3050875584
45873 0.3050836562
46087 0.3050800125
46196 0.3050790009
46256 0.3050783134
46338 0.3050769693
46389 0.3050747332
46528 0.3050705604
46793 0.3050679818
47050 0.3050671600
47166 0.3050653462
47210 0.3050645636
47264 0.3050609951
47446 0.3050577290
47507 0.3050566656
47545 0.3050490644
47832 0.3050459162
47846 0.3050453774
47864 0.3050427655
47930 0.3050415002
47969 0.3050348065
48000 0.3050283647
48407 0.3050104254
48619 0.3049858708
49079 0.3049722824
49151 0.3049468164
49400 0.3049380858
49546 0.3049318465
49571 0.3049300718
49607 0.3049167885
49614 0.3049145183
49717 0.3049112718
49877 0.3049108090
49879 0.3048809949
50088 0.3048800049
50120 0.3048631566
50215 0.3048623179
50675 0.3048609737
50689 0.3048499140
50887 0.3048474139
50909 0.3048432354
51140 0.3048407318
51189 0.3048404225
51279 0.3048400087
51305 0.3048396284
51322 0.3048392538
51327 0.3048382756
51372 0.3048381322
51385 0.3048371411
51586 0.3048367754
51639 0.3048362635
51772 0.3048361011
51938 0.3048352962
52300 0.3048349747
52316 0.3048349704
52350 0.3048345683
52387 0.3048343357
52462 0.3048336677
52733 0.3048336378
52768 0.3048335247
52778 0.3048334157
52796 0.3048333889
52833 0.3048333667
52838 0.3048332144
52959 0.3048331974
52992 0.3048329885
53160 0.3048329094
53179 0.3048327150
53340 0.3048325979
53359 0.3048325182
53414 0.3048323006
53557 0.3048320391
53662 0.3048319509
53705 0.3048319031
53728 0.3048318670
53729 0.3048316402
53777 0.3048315062
53933 0.3048314632
53938 0.3048314187
54027 0.3048310580
54037 0.3048306073
54104 0.3048303631
54186 0.3048303570
54287 0.3048303177
54350 0.3048301336
54456 0.3048297226
54491 0.3048291458
54593 0.3048287072
54630 0.3048282232
54697 0.3048281473
54712 0.3048273880
54774 0.3048262078
54873 0.3048261997
55073 0.3048212228
55195 0.3048203158
55497 0.3048188335
55703 0.3048185750
55871 0.3048174410
55889 0.3048159907
56083 0.3048155760
56147 0.3048141306
56163 0.3048137127
56222 0.3048129791
56274 0.3048125126
56307 0.3048118966
56329 0.3048112643
56508 0.3048109709
56533 0.3048107960
56589 0.3048099741
56895 0.3048099099
56932 0.3048098173
56971 0.3048096805
56997 0.3048094787
57369 0.3048093827
57512 0.3048092852
57622 0.3048091421
57685 0.3048089798
57995 0.3048089248
58120 0.3048089003
58161 0.3048087937
58235 0.3048087269
58344 0.3048086946
58389 0.3048086871
58422 0.3048086292
58536 0.3048086082
58547 0.3048085905
58597 0.3048085353
58623 0.3048084885
58749 0.3048084746
58825 0.3048084598
58915 0.3048084319
59229 0.3048084319
59246 0.3048084317
59298 0.3048084294
59322 0.3048084185
59391 0.3048084183
59445 0.3048084118
59519 0.3048084008
59606 0.3048084003
59713 0.3048083988
59874 0.3048083931
59899 0.3048083907
59934 0.3048083870
60114 0.3048083863
60161 0.3048083860
60162 0.3048083847
60188 0.3048083832
60198 0.3048083821
60225 0.3048083815
60232 0.3048083802
60318 0.3048083794
60348 0.3048083794
60479 0.3048083781
60538 0.3048083781
60563 0.3048083769
60691 0.3048083767
60770 0.3048083762
60826 0.3048083757
60876 0.3048083747
61150 0.3048083744
61157 0.3048083743
61239 0.3048083737
61372 0.3048083733
61404 0.3048083730
61484 0.3048083729
61554 0.3048083729
61603 0.3048083721
61652 0.3048083721
61691 0.3048083713
61884 0.3048083708
61903 0.3048083686
61945 0.3048083649
62059 0.3048083645
62893 0.3048083511
62915 0.3048083497
63126 0.3048083474
63130 0.3048083462
63149 0.3048083439
63204 0.3048083414
63229 0.3048083400
63254 0.3048083357
63360 0.3048083334
63361 0.3048083289
63388 0.3048083256
63456 0.3048083173
63560 0.3048083106
63805 0.3048083088
63814 0.3048083083
63873 0.3048083038
63882 0.3048082977
63957 0.3048082917
63960 0.3048082876
64073 0.3048082874
64082 0.3048082832
64253 0.3048082753
64411 0.3048082577
64604 0.3048082073
64984 0.3048081944
65071 0.3048081769
65113 0.3048081756
65119 0.3048081464
65201 0.3048081334
65344 0.3048080986
65357 0.3048080948
65454 0.3048080867
65483 0.3048080772
65572 0.3048080502
65664 0.3048080050
66035 0.3048079957
66160 0.3048079895
66233 0.3048079469
66426 0.3048079412
66519 0.3048079369
66669 0.3048079185
66720 0.3048079179
66760 0.3048079084
66768 0.3048079070
66817 0.3048079016
66858 0.3048078876
66973 0.3048078829
67004 0.3048078813
67028 0.3048078783
67060 0.3048078783
67113 0.3048078767
67143 0.3048078730
67263 0.3048078729
67304 0.3048078724
67310 0.3048078690
67354 0.3048078675
67496 0.3048078672
67529 0.3048078667
67558 0.3048078664
67636 0.3048078663
67639 0.3048078660
67665 0.3048078646
67675 0.3048078633
67812 0.3048078633
67829 0.3048078627
67880 0.3048078617
67923 0.3048078607
68208 0.3048078600
68234 0.3048078590
68384 0.3048078579
68422 0.3048078574
68424 0.3048078572
68502 0.3048078571
68511 0.3048078566
68549 0.3048078558
68558 0.3048078552
68583 0.3048078535
68642 0.3048078533
68700 0.3048078463
68899 0.3048078444
69245 0.3048078333
69579 0.3048078123
69669 0.3048077895
69893 0.3048077828
69923 0.3048077687
69953 0.3048077665
70067 0.3048077627
70168 0.3048077540
70171 0.3048077512
70209 0.3048077349
70231 0.3048077347
70326 0.3048076816
70917 0.3048076724
70918 0.3048075835
71024 0.3048075515
71213 0.3048075351
71226 0.3048075056
71264 0.3048074981
71391 0.3048073343
71472 0.3048071980
71869 0.3048069836
72296 0.3048069719
72446 0.3048068500
72493 0.3048057148
72795 0.3048056829
72893 0.3048053161
73067 0.3048050444
73240 0.3048047161
73518 0.3048044305
73540 0.3048044165
73626 0.3048043808
73683 0.3048042637
73784 0.3048041934
73994 0.3048041553
74133 0.3048040675
74135 0.3048037349
74212 0.3048037342
74296 0.3048036649
74326 0.3048033403
75016 0.3048032947
75093 0.3048031705
75125 0.3048031634
75233 0.3048031477
75277 0.3048031159
75284 0.3048030663
75349 0.3048029878
75516 0.3048029773
75528 0.3048029259
75549 0.3048029185
75616 0.3048029046
75623 0.3048028983
75638 0.3048028855
75697 0.3048028703
75717 0.3048028601
75779 0.3048028220
75945 0.3048028159
75946 0.3048028077
76032 0.3048028068
76080 0.3048027938
76166 0.3048027938
76175 0.3048027891
76200 0.3048027435
76369 0.3048027340
76434 0.3048027145
76439 0.3048027033
76483 0.3048026831
76678 0.3048026771
76830 0.3048026713
76835 0.3048026476
76849 0.3048026473
76861 0.3048026337
76902 0.3048026188
76931 0.3048026066
76958 0.3048026051
76976 0.3048025752
77064 0.3048025716
77310 0.3048025521
77382 0.3048025474
77395 0.3048025451
77458 0.3048025416
77484 0.3048024852
77575 0.3048024195
77874 0.3048024173
77886 0.3048024156
77900 0.3048023857
77926 0.3048023622
78003 0.3048022678
78156 0.3048022055
78172 0.3048021946
78185 0.3048021746
78220 0.3048021559
78245 0.3048020822
78446 0.3048020046
78503 0.3048019771
78520 0.3048018221
78550 0.3048017735
78748 0.3048017536
78801 0.3048017351
78829 0.3048014679
78881 0.3048013311
79171 0.3048012450
79194 0.3048011614
79251 0.3048008253
79402 0.3048002725
79696 0.3048001950
79734 0.3048001568
79755 0.3047994538
79850 0.3047991011
79949 0.3047990895
79975 0.3047989355
80036 0.3047988414
80050 0.3047986962
80065 0.3047985933
80109 0.3047981404
80157 0.3047978895
80214 0.3047976082
80470 0.3047972753
80738 0.3047971504
80763 0.3047965932
80796 0.3047964245
80832 0.3047963619
80907 0.3047963058
80990 0.3047959760
81139 0.3047958042
81188 0.3047956016
81240 0.3047955732
81276 0.3047953423
81323 0.3047952455
81329 0.3047949153
81355 0.3047947554
81362 0.3047946618
81412 0.3047936709
81968 0.3047935490
82073 0.3047931428
82113 0.3047930717
82228 0.3047930654
82311 0.3047929035
82324 0.3047923268
82755 0.3047922817
82846 0.3047922469
82949 0.3047921697
83064 0.3047921223
83079 0.3047918022
83098 0.3047916212
83247 0.3047916020
83314 0.3047915204
83486 0.3047913759
83634 0.3047913694
83722 0.3047913533
83745 0.3047913096
83785 0.3047912021
84104 0.3047911994
84233 0.3047911926
84238 0.3047910817
84583 0.3047910472
84674 0.3047910302
84775 0.3047910195
84790 0.3047910119
84872 0.3047909873
85100 0.3047909619
85158 0.3047909581
85211 0.3047909579
85263 0.3047909470
85417 0.3047909460
85464 0.3047909435
85465 0.3047909378
85475 0.3047908967
85625 0.3047908886
85695 0.3047908734
85755 0.3047908684
85764 0.3047908399
85957 0.3047907980
86269 0.3047906995
86413 0.3047906966
86456 0.3047906635
86460 0.3047906457
86658 0.3047906089
86708 0.3047905211
86804 0.3047904763
86861 0.3047904464
87030 0.3047904061
87073 0.3047903348
87093 0.3047902872
87271 0.3047902035
87319 0.3047901819
87403 0.3047900857
87542 0.3047900476
87546 0.3047900337
87576 0.3047899850
87684 0.3047899359
87701 0.3047898915
87846 0.3047898787
87847 0.3047898630
87915 0.3047898509
87945 0.3047897562
87980 0.3047897527
88262 0.3047897096
88268 0.3047896936
88342 0.3047896935
88349 0.3047896206
88362 0.3047895589
88386 0.3047894398
88585 0.3047893697
88698 0.3047893679
88715 0.3047893473
88760 0.3047893301
88806 0.3047892867
88811 0.3047892521
88813 0.3047892114
88874 0.3047891390
88887 0.3047890903
89037 0.3047890769
89052 0.3047890270
89146 0.3047889701
89176 0.3047888560
89528 0.3047887228
89876 0.3047885806
90004 0.3047884914
90142 0.3047884837
90230 0.3047883989
90280 0.3047882801
90349 0.3047882516
90382 0.3047882172
90478 0.3047881830
90536 0.3047881041
90771 0.3047880951
90877 0.3047880823
90916 0.3047879421
91110 0.3047878826
91153 0.3047878564
91334 0.3047878560
91335 0.3047877341
91951 0.3047877238
92001 0.3047876916
92047 0.3047876889
92117 0.3047876520
92122 0.3047875951
92847 0.3047875556
92894 0.3047875412
93134 0.3047875277
93155 0.3047875218
93167 0.3047875205
93220 0.3047874936
93419 0.3047874627
93499 0.3047874117
93684 0.3047873933
93841 0.3047873820
93844 0.3047873796
93890 0.3047873795
93901 0.3047873668
93944 0.3047873465
94324 0.3047873456
94417 0.3047872903
94635 0.3047872872
94657 0.3047872643
94684 0.3047872509
94700 0.3047872331
94965 0.3047872202
95132 0.3047872067
95188 0.3047871964
95226 0.3047871897
95257 0.3047871822
95427 0.3047871690
95547 0.3047871652
95750 0.3047871591
95767 0.3047871590
95914 0.3047871531
95974 0.3047871502
96049 0.3047871386
96155 0.3047871359
96183 0.3047871289
96329 0.3047871263
96534 0.3047871262
96562 0.3047871155
96662 0.3047871076
96663 0.3047871052
96943 0.3047871049
97050 0.3047871020
97119 0.3047870955
97128 0.3047870928
97153 0.3047870927
97305 0.3047870864
97347 0.3047870841
97394 0.3047870832
97420 0.3047870825
97507 0.3047870792
97537 0.3047870756
97564 0.3047870671
97692 0.3047870651
97754 0.3047870647
97874 0.3047870610
98289 0.3047870596
98368 0.3047870580
98434 0.3047870551
98455 0.3047870550
98462 0.3047870538
98481 0.3047870534
98542 0.3047870516
98604 0.3047870469
98605 0.3047870422
98652 0.3047870417
98893 0.3047870407
98957 0.3047870371
99164 0.3047870331
99347 0.3047870312
99607 0.3047870287
99755 0.3047870283
99870 0.3047870262
100413 0.3047870259
100473 0.3047870256
100484 0.3047870252
100605 0.3047870250
100714 0.3047870244
100785 0.3047870239
100981 0.3047870237
101161 0.3047870237
101257 0.3047870235
101387 0.3047870234
101447 0.3047870232
101641 0.3047870228
101845 0.3047870228
101916 0.3047870227
102061 0.3047870220
102112 0.3047870219
102200 0.3047870217
102732 0.3047870216
102750 0.3047870216
102782 0.3047870215
102905 0.3047870215
102936 0.3047870215
103066 0.3047870215
103101 0.3047870214
103189 0.3047870214
103411 0.3047870213
103448 0.3047870213
103497 0.3047870212
103590 0.3047870212
104391 0.3047870212
104471 0.3047870211
104680 0.3047870211
105038 0.3047870211
105125 0.3047870211
105249 0.3047870211
105379 0.3047870211
105389 0.3047870211
105418 0.3047870211
105436 0.3047870211
105657 0.3047870211
105975 0.3047870211
106085 0.3047870211
106179 0.3047870211
106199 0.3047870211
106265 0.3047870211
106324 0.3047870211
106346 0.3047870211
106450 0.3047870211
106528 0.3047870211
106614 0.3047870211
106679 0.3047870211
106754 0.3047870211
106806 0.3047870211
106939 0.3047870211
107173 0.3047870211
107434 0.3047870211
107514 0.3047870211
107576 0.3047870211
107679 0.3047870211
107720 0.3047870211
107767 0.3047870211
107775 0.3047870211
107796 0.3047870211
107926 0.3047870211
107932 0.3047870211
107953 0.3047870211
107981 0.3047870211
107992 0.3047870211
108007 0.3047870211
108017 0.3047870211
108059 0.3047870211
108147 0.3047870211
108402 0.3047870211
108526 0.3047870211
108545 0.3047870211
108564 0.3047870211
108737 0.3047870211
108957 0.3047870211
109047 0.3047870211
109059 0.3047870211
109226 0.3047870211
109287 0.3047870211
109492 0.3047870211
109720 0.3047870211
109844 0.3047870211
110117 0.3047870211
110368 0.3047870211
112297 0.3047870211
114988 0.3047870211
