evaluations raw_y
1 53009899.2315069735
3 42745952.9904115200
5 30812740.7373632789
7 23953356.0913362131
9 23081726.1734813079
13 21251155.8052871414
25 19685985.5169384554
32 15254540.0609102212
34 13656793.9188932143
35 13350684.0424183235
40 11631476.7770657502
60 10853912.6134041455
85 8346356.5397027656
99 8048697.8954748930
111 6991663.4373738579
119 6550534.6039505191
159 6031198.9412935097
167 5049750.2754885014
175 3898598.4048441858
219 2183186.7279769694
402 1673661.5578886329
626 1657789.3653476234
666 1651660.5034185657
725 1575080.2851178141
753 1561288.1242813277
766 1444684.4700777824
810 1287284.4918695304
839 1252686.5302177235
869 1030337.6028066233
1078 947404.3829468220
1119 607269.1806280152
1850 493027.2770946091
2058 417797.4385643859
2261 404647.6649488642
2318 387261.0302900355
2925 380715.9059031315
2974 341285.2980273414
2999 336664.8557670796
3313 336539.3235925062
3455 291830.8569591078
3769 280675.0810119773
3893 269428.8812667408
4028 258659.2538267424
4075 256188.4275919448
4263 241166.2520959222
4312 227491.8033170676
4447 207115.7047659398
4670 202200.9780087809
4839 197007.8893150768
4911 189143.2705677124
4988 178945.3945731288
5116 173997.4228192155
5271 157819.9780375129
5635 152578.3380245618
5922 151973.2149792771
6248 135981.4234979367
6454 133567.6941762117
6575 132096.0894668222
6646 119813.3282508477
7039 119608.5285520517
7584 117622.7194323604
7609 104775.7618021594
7951 103076.8015917887
8048 102967.9076864535
8153 91082.0749874197
9070 89730.8336064941
9185 89476.5368834875
9220 85143.6928995727
9285 83646.7323179799
9529 76572.4223254495
9614 76131.8576829797
9781 75091.6252530172
9808 71885.8214924202
9875 67720.6014182068
10060 66795.7543902088
10126 65674.4989965560
10234 62992.4746744506
10681 61138.8000795388
10691 58453.9072653573
10886 56346.5850662408
10909 52960.7677273806
11246 51185.9163704731
11988 48769.0268061813
12076 46991.1336809957
12237 45312.7009295651
12446 44977.9292713788
12581 44612.8274969177
12722 36116.6017660578
12945 34837.2081978515
13130 34629.2111566638
13171 33342.7043805487
13734 33066.6218214782
13815 31821.0379808540
13954 31346.0056870399
14041 30972.6874180209
14123 30409.3277798200
14546 29026.1965486281
14662 28411.4590927560
14846 28377.0047480125
14928 28348.0215111221
14965 27763.8576664678
15135 27568.3319192855
15414 27460.6634096292
15521 26694.8281758765
15596 26581.4064386350
15770 26549.9795778839
15777 26439.9156219732
15834 26003.6230671609
15937 25989.4823423252
16115 25798.3726025337
16150 25574.5775635076
16223 25129.1150303931
16341 24546.4863355352
16503 24471.0301687006
16521 23843.7506932033
16874 23775.6113449196
16968 23221.8149974184
17268 22876.1754206926
17617 22715.9712382288
17655 22312.9958721592
17732 22091.5843250408
18091 21943.2148796293
18206 21851.4959415133
18266 21680.5251664543
18635 21310.0404055879
18730 21284.1668042976
19016 21143.8604129049
19043 20589.9537618212
19077 20238.5131494562
19382 19882.5779095184
19460 19875.6392765086
19473 19860.6184133289
19545 19692.0797095171
19585 19082.7850845379
20195 18802.0404162810
20381 18726.6284678320
20437 18339.2011141460
20462 17906.4812000004
20594 17803.9103369824
20981 17652.6904879526
20990 16913.2479580343
21057 16674.9361157495
21103 16434.7711196613
21376 16157.9665559059
21397 15827.9852652131
21580 15788.8494360677
21655 15536.4296605232
21678 15340.6154386762
21924 14778.1423616847
22050 14146.6226099085
22360 14078.1550127260
22371 13830.7848662901
22486 12579.0495357204
22731 12003.7662542191
22837 11023.5320874475
23188 11020.0459081146
23312 10869.4061214436
23613 10678.1644787453
23759 10084.5602368993
23794 9937.8500600406
23999 9385.5953061111
24080 9267.7012531080
24278 9243.6725526255
24357 8914.2399447606
24404 8835.7155141946
24554 8581.4617428545
24686 8096.6454484330
24707 7918.8316234915
24834 7914.2487964779
24839 7892.7199773536
24869 7707.0194336065
24904 7681.1726089805
24989 7470.6358657958
25022 7288.9107985872
25060 6951.0928032281
25376 6940.0349841427
25428 6936.5287171709
25651 6651.2901575107
25873 6460.8248652792
25914 6433.7446238214
26018 6214.8561449786
26115 5954.2925440084
26213 5690.2088145137
26449 5683.3013658940
26552 5572.2895458460
26604 5454.3636900208
26800 5312.6893604876
26906 5307.2326771064
26974 5187.4068800801
27161 4790.7305168224
27221 4766.8442197042
27364 4708.4634234783
27614 4597.1460022910
27934 4459.1861420642
28101 4276.7291752855
28499 4122.5449739881
28623 3994.7874386898
28966 3981.0811286989
29029 3869.1048493175
29179 3838.7977971548
29263 3688.9765163930
29586 3678.5447837555
29841 3499.4735906317
30023 3474.2686775615
30227 3318.8704198272
30574 3225.7494986813
30661 3208.9231113943
31186 3093.5982346844
31629 2951.4765784020
31802 2897.3878315580
31981 2637.1115592474
32439 2631.7104459706
32524 2501.4240498550
32920 2426.6534178207
32971 2225.7004222249
33477 2085.0511750552
33760 2082.6127305638
33925 2026.6853496626
34008 1886.5511499118
34286 1814.8233402704
34370 1803.4564815278
34552 1783.9698894852
34941 1774.9044046417
34970 1761.1370931621
35104 1744.1989736375
35229 1738.5410325795
35402 1717.4359740102
35418 1595.9969473216
35566 1589.4300844548
35863 1548.8916228511
35911 1508.7635691763
36013 1491.9998783215
36183 1446.3145251198
36540 1405.7310774303
36562 1381.3016480736
36625 1378.9242336007
36671 1378.0501610694
36720 1344.1415499720
36891 1325.4686978338
36897 1218.6738324184
37495 1206.0071423003
38262 1197.7878802821
38291 1180.0115452448
38420 1178.0761936437
38475 1145.5597562708
38630 1127.3520596770
38814 1119.6049595374
39114 1108.5268188501
39203 1103.8106353552
39257 1098.4439437376
39517 1097.4863715494
39628 1095.0141497132
39641 1089.4132533692
39645 1088.7356432300
39668 1078.2175092022
39912 1077.6750994574
39976 1074.0172276292
39978 1071.6201385089
40153 1066.2107277360
40335 1066.0329267764
40670 1050.3872636360
40682 1048.4319726888
40964 1043.6640913725
40982 1037.7230408086
41032 1026.9518209242
41335 1021.8791742495
41487 1010.9430265447
41650 1006.1606409699
41860 1000.8382086159
42009 993.0485076138
42103 985.5037970587
42234 959.2412572528
42511 931.2450388346
42910 918.9913011508
43125 912.1672161970
43391 893.5907567733
43626 874.1703341527
43803 867.6116564040
44300 855.8931713198
44332 831.1375457240
44880 828.2090946607
44896 822.7319934608
45137 799.4060246296
45304 783.5868222058
45373 781.9984382828
45438 755.0847023667
45666 751.8774662005
45888 732.8684060590
46020 696.0245497132
46819 695.3494539889
46845 692.2355285609
46846 683.5055133606
46970 682.1897259076
47035 670.8564860422
47724 669.7197529066
47849 662.7352983067
47882 661.5707248824
47913 657.3590822658
48119 656.6271239001
48155 656.3017481812
48198 652.1785385593
48328 638.4633145784
48428 632.4716923514
48445 625.0638883900
48493 622.3287502896
48512 620.5350351322
48615 614.1165766696
49162 611.3728001299
49164 611.0805318592
49231 609.9715510202
49391 609.3281317412
49422 607.2282866355
49430 604.1258243889
49556 603.6931724183
49561 601.9226943468
49566 598.7534208834
49613 596.9133365356
49748 594.5601133948
49788 591.2329632190
49894 590.6360089979
50006 590.5530909228
50044 589.9395368439
50161 589.1688197607
50471 588.4051168926
50500 584.5743524193
51033 583.4863212433
51098 579.9645779968
51101 575.3764693789
51114 573.8931705021
51303 565.7913936431
51495 559.2573869481
51784 555.1170358905
51964 551.5588693085
52148 548.7220992159
52320 547.2225954043
52359 537.3857664052
52662 536.7220890827
52692 536.5513241072
52748 530.9884966600
53001 526.0561418184
53032 522.2556255627
53269 521.1207289764
53447 517.4934268927
53534 517.4303572670
53538 516.2939196920
53939 511.5412557469
54146 508.9500054209
54163 505.6108159815
54224 503.3676082003
54501 502.4792966627
54545 501.4896851889
54550 493.9586225023
54670 493.6853700945
54749 492.0278587830
54783 489.5723857417
54884 488.7574613334
54893 486.3481388466
55062 483.1339795742
55220 482.4298611920
55249 481.7217546854
55271 480.3124135364
55334 479.5943118694
55403 469.0081070885
55421 468.5053298240
55650 465.1182401729
55978 459.6140057390
56028 455.9796186381
56040 446.8098206716
56073 446.5319191626
56097 435.5080624940
56588 431.5446634231
56685 427.0217392092
56922 419.8996528372
56973 412.5562520068
57218 399.2948211487
57483 394.4447991325
57534 389.0090669696
57653 371.2625006197
57936 369.8157780757
58029 367.9059545591
58270 367.1000382389
58274 356.4570647867
58435 353.5987525222
58557 351.0768365764
58620 350.4654510031
58718 346.1194063691
58762 344.3453543843
58940 342.3663198700
59049 339.9085395987
59182 337.6486042728
59197 337.1484210306
59417 330.8270513666
59765 329.6019041036
59869 326.0011449985
59939 316.9643716219
60213 316.0735583178
60720 315.7871392992
60787 315.7019012103
60792 313.6271092610
60898 309.5529272486
60920 309.1475912875
60976 303.5695598593
61260 302.7817070860
61329 301.8818955252
61363 300.1205790518
61365 299.1376994922
61412 298.8120122951
61421 298.6008624439
61501 296.2809097641
61515 294.1966383674
61807 293.9820994100
61809 292.6714551423
61864 292.0126614365
61942 290.7995790456
61975 288.2689533834
62040 287.3358933025
62410 287.1762914453
62502 286.6174825960
62564 284.4817823090
62723 283.4927326690
62894 282.3340517903
62964 277.5479965092
63590 277.0864159794
63675 274.9429743889
63761 274.1356971904
63896 273.6640927623
63980 272.9797889602
64048 272.3726331157
64081 270.8376988022
64102 269.7544153868
64162 269.2742033195
64290 268.5373544773
64355 262.2637676291
64553 260.7582596917
64667 259.8240377388
64956 254.6568364381
65242 254.5274508399
65278 253.8111118230
65341 247.8338711961
65394 246.9547909083
65551 246.1105664916
66502 244.8846901550
66504 239.8985392451
66623 238.2461784988
66774 237.8571504279
66787 235.3691912327
66797 234.6040240777
66825 234.4012963721
66838 234.2236936163
66941 227.7442095908
67307 225.7915151676
67399 224.1385616329
67446 222.5878294597
67497 221.4457277952
67509 219.9415783266
67577 218.8575258766
67676 218.5175386274
67687 216.7191645476
67850 213.6268071827
67975 212.4916086663
68063 210.9641694113
68431 209.1347524188
68505 208.9230841865
68552 208.4621830796
68636 208.2529136693
68641 207.8545457948
68644 206.6205948248
68659 205.6205308090
68764 204.0934445890
68787 202.4840835655
68822 200.6688918060
68869 199.8157969900
69296 199.1370423241
69322 197.3635034529
69457 196.0489157692
69460 195.5259739680
69607 194.8567358880
69686 193.8891664961
69725 191.5922673998
69779 190.6228426705
69952 189.3941017625
69970 188.2882111301
70216 187.5238002223
70260 186.7948620255
70270 185.4847682022
70375 184.7493960104
70426 182.5255203859
70759 182.4558297903
70803 178.7415753988
71031 177.9118848613
71175 177.8317867072
71182 177.7244064391
71408 177.4072880080
71416 173.9490878689
71599 172.8285415638
71674 170.6603231856
71990 170.5115118528
72025 168.1943416781
72186 168.0653719206
72209 167.2844021673
72222 166.8759250554
72277 166.4212996275
72279 166.0944334710
72313 164.9927611398
72393 164.7338409008
72421 164.3604910870
72452 162.4677408914
72465 161.3279205285
72600 160.7611747262
72710 160.6037055662
72745 160.5953691816
72749 159.1286329914
72767 158.9753677614
72853 157.5601244374
73217 156.0747206426
73495 153.4236607587
73814 153.2622217025
74146 153.0889983210
74329 151.1234778844
74471 145.9619975336
74499 141.8442046375
74927 141.8417363889
74947 141.7838417037
74957 140.7129757169
75052 138.9853611977
75062 138.8435660510
75236 137.0143867671
75334 135.5839840435
75447 130.6059435076
75999 130.2407757935
76059 129.1064597691
76193 124.5087386020
76261 124.2546344052
76438 124.0889792840
76470 123.8828042343
76616 123.6700791781
76622 123.4643312722
76651 121.6710570795
76664 119.7935311330
76960 118.8124212079
77253 118.1868784639
77380 117.4122533665
77383 117.1250756666
77392 115.1050744575
77985 114.1875033253
78030 113.8142495613
78400 112.1746427162
78615 110.2689260051
78671 109.9885148661
78737 109.7164973831
78828 109.3076735094
78938 108.8477605777
79024 107.1884923274
79245 106.4591924092
79333 106.1089065925
79351 104.8782198252
79405 104.1274279173
79809 103.0876853073
80057 102.9387832695
80094 102.9087537695
80095 102.8981573854
80127 102.7937495489
80166 101.6056281383
80485 101.2370381209
80578 101.1595295324
80646 101.1580225513
80656 101.0422757655
80727 101.0216383601
80748 100.9554240755
80826 100.6373134263
80852 100.0541362183
81048 99.5734177379
81426 99.4641828223
81465 98.8825516140
81810 98.5714445365
81889 98.3189648258
82016 98.1602440948
82024 98.0483271461
82025 97.9034911731
82085 97.7390289781
82190 97.6416719380
82230 97.6156652127
82317 97.3657416138
82464 97.1194208595
82488 96.9240953000
82628 96.7450999137
82683 96.4463785399
83097 96.3605290468
83360 95.5825580859
83527 95.2181215753
83611 95.2002505518
83629 94.9827411049
83664 94.8970304980
83696 94.1245944111
83885 93.6796322713
83901 93.1444916372
84087 92.8906271252
84151 92.3247388655
84496 92.1093469531
84569 91.8252991563
84618 91.0177296543
84973 90.0048727192
84980 89.2772377154
85154 88.8133920240
85197 88.4978410489
85235 87.4357177446
85424 86.7085287898
85458 86.4699224825
85538 86.2272841169
85541 85.2215426443
85584 83.8214140709
85755 83.7073787116
85862 82.4139670661
85997 81.6574087627
86095 80.7134979638
86222 80.3193840587
86281 79.4638099924
86623 79.3090058888
86816 78.8537465828
86890 78.4642860775
86949 77.7969043883
87028 77.2054047920
87182 77.0643648442
87200 75.2942396901
87338 74.6356032272
87350 74.2204873820
87452 73.8195384772
87733 73.5048352231
87738 73.3034911200
87763 73.1384113915
87778 72.6312392693
87899 72.0516933302
87943 71.7987968330
88059 71.3907281613
88202 71.1225857801
88315 70.6594683145
88417 70.5202085047
88422 70.4804419916
88468 70.3243900286
88507 69.8699421413
88571 69.8123702645
88577 69.5994267045
88628 69.3217883070
88671 69.1487949780
88863 69.1018713540
88913 68.6053150561
88946 68.1351666345
89049 67.7778827904
89112 67.7088144841
89151 67.4143815030
89214 67.1822269255
89307 66.6979023041
89374 66.1894856746
89441 65.5500710496
89611 64.2392791004
90045 63.3565568876
90273 62.8052422027
90706 62.1839121574
90765 61.5974152627
90799 61.3998899178
90969 61.2854060030
91038 61.1912044007
91039 59.0233475532
91082 58.9285254306
91226 58.7381941828
91261 57.0159827593
91570 56.9512824889
91571 56.9303136129
91575 56.1654254707
91643 55.8413900488
91762 55.4667231956
91795 54.3977842628
91883 53.1274539970
92019 53.0910257014
92119 53.0730271605
92132 52.6707837766
92137 51.6428533408
92453 51.3595562109
92529 49.9934643069
92584 49.9149591030
92697 48.8881037411
92954 48.2650574877
92983 47.9222809198
93019 47.3260656883
93488 47.0452551913
93575 46.2684979029
93649 46.1889436922
93787 46.1027164616
93847 45.5352512460
93883 45.2311772397
93994 44.7822516367
94261 44.7609038907
94267 44.4287924297
94391 43.2988678774
94918 43.1527020409
94921 43.0221942520
95012 42.6616194370
95064 42.4910770366
95102 42.4899700047
95205 42.4674395003
95274 42.4429986114
95281 42.0435103217
95540 41.9552165108
95647 41.5860333089
95676 41.5566603580
95750 41.5319895821
95774 41.1717166172
95849 40.7303416481
95925 40.6133610692
95963 40.4751161640
95967 40.3461151918
96026 40.2928980565
96037 40.0127494022
96053 39.9597908859
96163 39.8880851242
96191 39.7074050435
96256 39.6711919365
96328 39.6562819037
96367 39.5930801311
96376 39.5338439036
96401 39.3928722894
96445 39.3855476268
96485 39.1561693010
96557 39.0327637191
96576 38.9777521690
96711 38.6386769725
96823 38.5498933617
96953 38.5332184344
97012 38.1553796479
97143 38.1259240309
97148 37.8476177552
97170 37.1777107501
97473 36.5865586707
97966 36.0012618495
98141 35.5145627111
98176 34.8999782211
98361 34.7306269791
98373 33.4925156534
98748 32.6926240113
98855 32.4422998881
98918 32.4323143784
99036 30.7040311633
99156 30.5026927984
99178 29.7847522064
99217 29.6086623186
99474 29.3326381798
99537 28.2136755475
100024 27.0135614797
100099 25.4633564556
100219 25.1975276567
100408 23.8683296606
100459 23.1889016144
100701 22.5389229161
100885 21.7439138722
101082 21.1315923559
101123 21.0148319598
101273 20.8417137829
101323 19.9331680974
101489 19.8680669478
101563 19.5985094875
101696 19.5320291484
101944 19.1167340136
102003 19.0609634640
102115 18.5305695283
102405 18.4850742096
102425 18.3464825476
102540 18.1121119449
102576 17.6898321491
102662 17.4791828438
102711 17.3932830243
102719 16.7835345474
102966 16.6686807547
102981 16.2928251572
103081 16.0387683020
103210 15.9138782039
103254 15.8056988980
103344 15.7037180558
103360 15.6831499306
103368 15.6114621098
103531 15.2084995135
103573 15.1058201888
103606 15.0972649326
103664 15.0297998378
103673 14.6801845941
103878 14.6030602467
103959 14.0435130270
104163 13.9769074436
104302 13.6435738178
104490 13.4731065847
104539 13.0460369795
104610 13.0196825185
104695 12.7016932234
104698 12.6195909241
104725 12.1818368340
104833 12.0558181691
105030 11.7331883610
105094 11.7285761968
105109 11.6780612952
105146 11.4784494252
105393 11.4687187753
105424 11.4478941335
105450 11.0760244319
105481 10.4954607053
105549 10.1408224155
105561 9.9290399088
105740 9.8434398632
106049 9.7434699454
106081 9.4924113475
106429 9.3865100843
106578 9.3224882847
106653 8.9298750958
106735 7.8688157927
107234 7.5187425482
107314 7.2519364910
107401 7.0343247666
107526 6.9473176202
107624 6.9403061283
107673 6.8091584989
107788 6.7690037247
107795 6.4361144984
108170 6.4338164735
108196 6.3684052007
108266 6.3073426441
108275 6.3047128894
108286 6.2765855316
108352 6.1414558566
108386 6.1066806193
108409 6.0922750185
108459 5.8827940301
108513 5.8019896466
108590 5.7487352853
108788 5.7097461072
108804 5.6615175718
108878 5.6442168349
108881 5.6434293637
108911 5.6276214975
108956 5.5738871362
109013 5.5123008677
109152 5.4615782707
109274 5.3916133476
109311 5.3875591381
109340 5.2493091977
109622 5.2034250744
109647 5.1115289424
109664 5.0679623071
109753 5.0422071276
109851 5.0293996102
109933 5.0062119797
109980 4.8962540925
110349 4.7646633369
110549 4.5736823433
110704 4.4989990151
110918 4.3684357956
111159 4.2934473663
111218 4.1110392720
111264 4.0905818125
111494 3.9849170087
111615 3.9373893153
111752 3.8287581288
111826 3.6715601919
112097 3.6621935947
112157 3.6084418180
112161 3.5822867866
112201 3.5572888422
112232 3.5282459145
112376 3.5014827494
112412 3.4616640942
112587 3.4382380919
112646 3.3709140576
112661 3.3000866349
112821 3.2116109710
112988 3.1805489140
113168 3.1735566091
113171 3.1597004671
113335 3.1387032255
113424 3.1361204207
113449 3.1205039149
113461 3.1096313023
113593 3.1047489995
113612 3.0890999829
113673 3.0813405406
113707 3.0769091220
113790 3.0748697504
113845 3.0720274315
113880 3.0592396456
113904 3.0195230493
113939 3.0024955983
114131 2.9852779907
114179 2.9691042828
114318 2.9424901261
114446 2.9388773629
114493 2.9249456908
114641 2.9119309171
114696 2.9071264537
114807 2.8824476308
114939 2.8643686947
114947 2.8445911592
115229 2.7773749160
115268 2.7555482253
115337 2.7429851853
115351 2.7085274633
115601 2.5406624921
116055 2.4974149987
116088 2.4955889035
116131 2.4734032803
116528 2.2739149446
116623 2.1960253515
117249 2.1656160892
117451 2.1617625181
117487 2.0947785585
117520 1.9202064684
117635 1.5881400891
117919 1.4959482894
118112 1.3415008144
118198 1.2500694602
118540 1.2412669638
118574 1.2384755846
118615 1.1842786029
118689 1.1468186925
118740 1.1077517244
118752 1.0889877270
118782 1.0546774920
118850 1.0538132366
118877 1.0374750837
118942 0.9984269000
118982 0.9875985705
119023 0.9309598038
119196 0.8972659011
119331 0.8370722908
119409 0.7997542816
119438 0.6973937741
119636 0.6953465286
119688 0.6700075138
119781 0.6450477859
119808 0.6089356187
119997 0.5817053583
120046 0.5595346613
120318 0.5314257337
120489 0.5095224350
120602 0.4952789407
120657 0.4911955921
120712 0.4908570792
120784 0.4837841786
120811 0.4775716833
120887 0.4673354291
121036 0.4627675558
121247 0.4627645959
121255 0.4591076133
121327 0.4483761668
121521 0.4471879180
121613 0.4359031776
121755 0.4213908846
121959 0.4179998503
122063 0.4055590623
122431 0.3978904428
122664 0.3878071928
122754 0.3819277165
122789 0.3788784333
122889 0.3778117999
122936 0.3738658189
122941 0.3604239221
123105 0.3491215452
123203 0.3452089048
123263 0.3418406399
123336 0.3402197523
123395 0.3381354073
123439 0.3375474029
123486 0.3338955781
123499 0.3304938625
123628 0.3178757150
123672 0.3046617896
123728 0.2958804303
124067 0.2917702482
124076 0.2824495588
124353 0.2822901177
124384 0.2699339391
124406 0.2619740778
124540 0.2377986789
124648 0.2373002848
124659 0.2172497282
124705 0.2148254575
124777 0.2034057281
124871 0.1847954279
125006 0.1836662668
125120 0.1743339625
125200 0.1728487785
125395 0.1658564498
125500 0.1575985355
125505 0.1543078650
125525 0.1516395331
125693 0.1413084624
125810 0.1325103821
125825 0.1233343941
126154 0.1165957273
126236 0.1041618095
126377 0.0993607556
126401 0.0937697624
126433 0.0867283219
126474 0.0770370217
126760 0.0746706841
126938 0.0699782048
127004 0.0695511695
127017 0.0665718605
127023 0.0603808143
127333 0.0600706700
127379 0.0585688132
127424 0.0582997835
127439 0.0566239427
127457 0.0555586039
127465 0.0495220118
127468 0.0457524395
127835 0.0438326030
127841 0.0415518360
127919 0.0407314778
127970 0.0404664297
128061 0.0393232524
128110 0.0381483583
128138 0.0378804500
128287 0.0365049859
128298 0.0362403614
128334 0.0362345315
128443 0.0352932864
128549 0.0346961245
128553 0.0336292781
128648 0.0327928366
128837 0.0323866231
128884 0.0317534198
128910 0.0310297879
129267 0.0301446292
129407 0.0301407631
129427 0.0300357480
129477 0.0297887389
129563 0.0294728309
129670 0.0290137794
129741 0.0289028910
129770 0.0287625500
129927 0.0287407789
129990 0.0286450650
130015 0.0284898477
130044 0.0284346562
130086 0.0283884427
130108 0.0279153600
130170 0.0278703764
130267 0.0276055345
130273 0.0275541776
130597 0.0271069418
130761 0.0269384994
130818 0.0267928077
130854 0.0264256151
131075 0.0264186435
131151 0.0257973762
131434 0.0257470179
131479 0.0255263998
131597 0.0253597911
131623 0.0253019528
131692 0.0250010954
131789 0.0245455182
131801 0.0244207496
131817 0.0242704495
131828 0.0238390107
131920 0.0233963601
132116 0.0226370310
132148 0.0225317157
132347 0.0224985259
132356 0.0220398973
132702 0.0218279791
132740 0.0215173933
132842 0.0211407632
133013 0.0208877369
133090 0.0208761127
133191 0.0208039170
133261 0.0206985406
133328 0.0204393204
133433 0.0203669784
133456 0.0201532948
133459 0.0201382487
133489 0.0198628004
133491 0.0196459766
133537 0.0195949719
133632 0.0193351449
133689 0.0189219683
133781 0.0186245096
133955 0.0183568213
134078 0.0180907786
134120 0.0170872274
134368 0.0168942006
134639 0.0168415096
134668 0.0163788916
134680 0.0158896220
135133 0.0157517210
135290 0.0155722709
135318 0.0155114374
135344 0.0153735057
135397 0.0152079676
135405 0.0148716394
135480 0.0147415295
135546 0.0147207693
135730 0.0138535965
136062 0.0137203633
136072 0.0129384077
136281 0.0128938976
136307 0.0127635388
136402 0.0127469031
136426 0.0127376387
136464 0.0126552793
136479 0.0126077626
136496 0.0125168899
136513 0.0124704652
136533 0.0123253097
136730 0.0120924418
136799 0.0120261489
136874 0.0119370732
137012 0.0118978765
137058 0.0118953276
137074 0.0118057804
137153 0.0117561966
137163 0.0116550546
137323 0.0113711749
137573 0.0112881736
138015 0.0112805756
138064 0.0111518592
138232 0.0111184087
138272 0.0110649515
138312 0.0110179532
138356 0.0109835208
138370 0.0109552729
138440 0.0109512201
138447 0.0109352627
138461 0.0107621937
138487 0.0106982925
138565 0.0105031168
138774 0.0104711241
138907 0.0099383024
139972 0.0096397875
140202 0.0093593415
140211 0.0093302358
140270 0.0092984689
140347 0.0088281818
140430 0.0087201491
140472 0.0080729637
140531 0.0080715843
140542 0.0077169796
140625 0.0076991582
140645 0.0073816647
140654 0.0071088577
140670 0.0068726168
140758 0.0068654229
140825 0.0061918811
141029 0.0061883544
141051 0.0054458576
141392 0.0051646546
141571 0.0050690281
141644 0.0048414290
141706 0.0048308093
141728 0.0047873171
141865 0.0047118593
141877 0.0044992636
141923 0.0044642428
142142 0.0044520900
142200 0.0044438041
142206 0.0044376376
142312 0.0042595497
142327 0.0041133195
142449 0.0040940908
142588 0.0040817536
142628 0.0040578888
142728 0.0040522426
142759 0.0040483430
142765 0.0040184291
142780 0.0040116358
142829 0.0039841300
142869 0.0039650097
142928 0.0039180741
142960 0.0039069958
143017 0.0038952179
143069 0.0038927970
143080 0.0038913227
143153 0.0038854327
143162 0.0038631159
143164 0.0038531565
143171 0.0038416107
143201 0.0038329374
143351 0.0038293863
143395 0.0038257943
143517 0.0038129041
143531 0.0038035434
143601 0.0037829681
143672 0.0037782116
143726 0.0037502019
144056 0.0037415151
144067 0.0037403149
144092 0.0037366948
144108 0.0037293305
144158 0.0037144939
144301 0.0037132997
144348 0.0037124440
144512 0.0036934083
144704 0.0036847181
144748 0.0036833142
144801 0.0036622346
144880 0.0036621655
144896 0.0036496240
144922 0.0036000752
145042 0.0035859982
145132 0.0035854574
145150 0.0035492287
145167 0.0035046084
145214 0.0034777598
145242 0.0031592742
145323 0.0030181587
145364 0.0029570878
145387 0.0026953097
145444 0.0024833078
145494 0.0023881152
145539 0.0023390074
145610 0.0021914968
146904 0.0018878840
147001 0.0018339374
147063 0.0015635161
147176 0.0013315954
147362 0.0012653209
147407 0.0011641124
147423 0.0011138894
147542 0.0010882514
147575 0.0010258420
147629 0.0008999316
147714 0.0008749385
147745 0.0008279581
147799 0.0008256753
147805 0.0008060711
147807 0.0007922428
147833 0.0006974111
147873 0.0006972671
147905 0.0006648470
147934 0.0006472575
148028 0.0006445776
148040 0.0006085188
148070 0.0004983626
148325 0.0004791000
148397 0.0004771368
148483 0.0004763074
148547 0.0004624182
148603 0.0004425757
148707 0.0004404411
148738 0.0004357434
148786 0.0004355480
148810 0.0003841796
148989 0.0003809654
149012 0.0003704313
149046 0.0003682312
149051 0.0003612581
149098 0.0003606190
149122 0.0003576301
149138 0.0003371304
149375 0.0003338331
149377 0.0003189891
149497 0.0003188334
149656 0.0003120585
149735 0.0003104226
149779 0.0003097202
149872 0.0002993716
150027 0.0002934619
150051 0.0002909277
150158 0.0002909224
150212 0.0002898703
150254 0.0002826551
150288 0.0002826098
150305 0.0002821527
150450 0.0002772304
150731 0.0002757754
150803 0.0002735215
150941 0.0002695865
151011 0.0002671598
151085 0.0002609314
151179 0.0002571694
151181 0.0002548673
151622 0.0002487080
151704 0.0002370328
151858 0.0002356278
152241 0.0002331667
152254 0.0002309127
152293 0.0002228792
152453 0.0002065565
152750 0.0002042297
153056 0.0002020485
153064 0.0001990834
153124 0.0001983433
153152 0.0001789175
153216 0.0001741473
153280 0.0001583800
153374 0.0001487266
153474 0.0001418582
153606 0.0001397921
153609 0.0001265016
153657 0.0001215124
153668 0.0001159313
153878 0.0001103750
154010 0.0001015146
154077 0.0000886761
154221 0.0000819274
154468 0.0000804832
154536 0.0000721896
154648 0.0000638442
154761 0.0000619335
154818 0.0000615655
154824 0.0000611637
154937 0.0000593115
154955 0.0000584219
155023 0.0000443872
155214 0.0000357235
155254 0.0000294600
155706 0.0000273947
155719 0.0000255556
155797 0.0000243942
155830 0.0000243391
155843 0.0000226526
155853 0.0000221005
155892 0.0000202234
155917 0.0000125429
156084 0.0000095878
156167 0.0000086623
156314 0.0000067144
156506 0.0000064753
156534 0.0000063993
156566 0.0000061251
156575 0.0000059777
156594 0.0000051320
156641 0.0000045147
156711 0.0000044848
156734 0.0000033422
156872 0.0000028732
156961 0.0000024408
157051 0.0000023443
157060 0.0000023150
157090 0.0000023112
157099 0.0000022657
157124 0.0000022414
157160 0.0000019606
157169 0.0000011998
157315 0.0000011205
157432 0.0000010181
157531 0.0000009574
157539 0.0000009471
157544 0.0000009212
157583 0.0000009186
157591 0.0000007759
157598 0.0000007079
157735 0.0000005548
157748 0.0000004771
157882 0.0000004642
157955 0.0000004602
157980 0.0000004231
157990 0.0000004070
158003 0.0000003704
158040 0.0000003201
158096 0.0000003160
158196 0.0000003131
158203 0.0000002990
158231 0.0000002545
158390 0.0000002470
158436 0.0000002396
158441 0.0000002389
158496 0.0000002307
158503 0.0000002152
158506 0.0000001771
158590 0.0000001646
158609 0.0000001571
158612 0.0000001538
158683 0.0000001327
158698 0.0000001055
158766 0.0000000863
158834 0.0000000773
158930 0.0000000639
159108 0.0000000630
159125 0.0000000524
159151 0.0000000467
159231 0.0000000277
159508 0.0000000273
159561 0.0000000272
159618 0.0000000209
159641 0.0000000207
159663 0.0000000184
159730 0.0000000159
159825 0.0000000154
159878 0.0000000142
159907 0.0000000116
159965 0.0000000113
159981 0.0000000107
160011 0.0000000082
160047 0.0000000082
160113 0.0000000074
160206 0.0000000069
160256 0.0000000051
160359 0.0000000042
160468 0.0000000035
160587 0.0000000032
160620 0.0000000029
160625 0.0000000020
160792 0.0000000019
160833 0.0000000018
160951 0.0000000014
161040 0.0000000012
161075 0.0000000012
161094 0.0000000012
161125 0.0000000012
161129 0.0000000011
161184 0.0000000010
161197 0.0000000009
161210 0.0000000008
161223 0.0000000007
161272 0.0000000007
161421 0.0000000006
161506 0.0000000005
161567 0.0000000004
161697 0.0000000004
161771 0.0000000003
161772 0.0000000003
161800 0.0000000003
161815 0.0000000002
161886 0.0000000002
161998 0.0000000002
162024 0.0000000002
162067 0.0000000002
162133 0.0000000002
162183 0.0000000001
162319 0.0000000001
162337 0.0000000001
162410 0.0000000001
162429 0.0000000001
162432 0.0000000001
162477 0.0000000001
162495 0.0000000001
162651 0.0000000001
162700 0.0000000000
162757 0.0000000000
162847 0.0000000000
162885 0.0000000000
162923 0.0000000000
163179 0.0000000000
163193 0.0000000000
163219 0.0000000000
163282 0.0000000000
163284 0.0000000000
163343 0.0000000000
163552 0.0000000000
163588 0.0000000000
163669 0.0000000000
163684 0.0000000000
163710 0.0000000000
163725 0.0000000000
163757 0.0000000000
163885 0.0000000000
163963 0.0000000000
164057 0.0000000000
164065 0.0000000000
164102 0.0000000000
164293 0.0000000000
164299 0.0000000000
164372 0.0000000000
164381 0.0000000000
164479 0.0000000000
164575 0.0000000000
164647 0.0000000000
164692 0.0000000000
164837 0.0000000000
164876 0.0000000000
164982 0.0000000000
164984 0.0000000000
164997 0.0000000000
165038 0.0000000000
165050 0.0000000000
165058 0.0000000000
165073 0.0000000000
165091 0.0000000000
165229 0.0000000000
165291 0.0000000000
165401 0.0000000000
165601 0.0000000000
165769 0.0000000000
165844 0.0000000000
165845 0.0000000000
165862 0.0000000000
165877 0.0000000000
166049 0.0000000000
166152 0.0000000000
166165 0.0000000000
166266 0.0000000000
166316 0.0000000000
166389 0.0000000000
166669 0.0000000000
166702 0.0000000000
167048 0.0000000000
167294 0.0000000000
167959 0.0000000000
evaluations raw_y
1 49740717.5178592578
4 35034081.8838512152
12 18471022.3921783827
29 15114454.4816166423
32 9785753.9782089107
35 7060041.5901019564
67 6907440.8235984528
95 6355503.0406861966
102 6244821.0051534688
106 5708308.9465844110
147 4333897.5864671748
189 4219030.1082144985
230 3865805.2380004781
296 2854540.1160054756
468 2638216.9714264693
734 2431520.8808288854
812 2167468.5937959789
839 1789456.0295386720
856 1714342.7427427962
904 1646144.6283844968
1029 1588743.4161921970
1079 1577399.1973471190
1081 1573304.6354600363
1085 1464330.2955187475
1096 1418193.5378066625
1108 1357975.3643723936
1172 1239255.9969053934
1188 1131889.7376261011
1190 1002785.1986145938
1278 974616.8003239555
1316 942627.6731225847
1322 874087.2290016910
1430 796010.7223137683
1445 758646.8442744283
1449 705537.6134441758
1559 639006.7412630412
1655 494381.0533235663
2495 386666.2836008762
2844 328279.3597583114
3356 308711.4265667460
3649 285281.7597344429
3975 251295.5701985488
3979 185676.6840580214
4094 178719.7182176859
4868 173795.2874764108
5063 161457.5964725630
5188 104698.4276268129
5950 86138.7315905165
6313 69891.9383052244
7260 65234.1317536185
7485 56552.9526487306
8029 53910.2748905595
8132 51711.6016517373
8385 50939.7992059632
8624 47392.5413594698
8645 46770.8133439409
8702 44510.1795538998
9101 44467.3242395759
9119 43774.4180731456
9299 39939.8462929329
9465 38344.0297940308
9637 37401.0335866045
10363 35549.1143762139
10470 35506.9918706574
10653 35429.0000256135
10872 35422.1077998561
11435 35408.0183333627
11579 35134.5709900391
11609 34673.4157451578
11693 33772.6335946882
11721 33636.3999829575
11849 33015.9725981275
12126 32540.9697322600
12334 32322.4222201253
12433 32256.1190540402
12563 31517.6893802083
12745 31269.8471046900
12807 31196.7719175250
12946 30790.9814930764
13081 30342.4086479792
13482 30253.0137762198
13552 30128.7566510538
13659 29522.5439254443
13777 29412.1233409648
13933 29361.2508996846
13945 29310.8698444762
13949 28684.8186964288
13997 28664.8913914949
14151 27770.6759943276
14570 27047.3762878921
14779 26598.5060481829
14836 26238.8623690595
14979 24252.4918783916
15382 24112.9395064402
15757 23087.4271201146
15939 23033.7662999489
16090 22636.5882363335
16119 21852.1961156958
16494 21340.1802350185
16565 20392.8773747670
16821 20098.2750541343
17012 19840.8045341651
17106 19411.9059701757
17198 19079.4892979745
17506 18493.1923065566
17508 17233.7736874779
18061 17206.2860393397
18120 16833.7295547682
18150 15758.9639862204
18548 15637.0601898250
18693 15071.6472653875
18896 14699.8046491236
19035 14550.2667288286
19182 14327.2520241290
19184 14106.6307537427
19197 13991.5087172634
19243 13500.4235837730
19354 13304.2163285803
19837 13302.1426583835
20021 13207.9729275226
20045 12946.7311482071
20100 12549.4646694834
20293 12176.4970079590
20340 12012.6905486626
20545 12002.0506850168
20567 11912.6494438268
20638 11745.8418752096
20733 11548.3728695197
20815 11534.0358763273
20870 11494.2131439883
20923 11425.2901353815
20957 11322.1963422745
21134 11085.7016308372
21498 10875.2494489664
21601 10846.1686114759
21653 10580.9625793609
22153 10412.4268898073
22409 10349.7215206552
22586 10327.7502934156
22792 10223.6677160834
23196 9940.2355673629
23204 9938.3302670765
23296 9681.6340296251
23457 9335.5788270308
23509 9269.1002487898
23791 9214.7801355884
23831 9152.7164170106
24039 9061.7117780891
24278 8996.3724819786
24536 8911.1221826193
24641 8805.4139807426
24768 8775.5259898917
24786 8688.3580006685
24855 8659.9895025056
24944 8568.7128034108
25176 8554.7975516799
25241 8509.3608431322
25355 8494.8958919730
25420 8469.6539673420
25557 8463.5645258736
25565 8450.9387131900
25604 8381.9333722589
25899 8372.0062703081
25908 8335.9978359487
25997 8332.8746636934
26005 8326.2751799576
26010 8240.6516935017
26181 8225.7349257625
26220 8160.7922353882
26319 8147.7074195044
26465 8119.9343689557
26475 8076.0847239977
26626 8066.7208540386
26653 8012.1061492815
26740 7985.9819315089
26777 7966.4101657500
26796 7901.6712598947
27062 7828.8484883759
27087 7812.8471722535
27191 7805.1393492565
27362 7631.6100556699
27442 7567.1171733943
27552 7505.7623048763
27593 7446.3165029815
28465 7444.1054154965
28469 7428.2851226587
29075 7377.2514053115
29139 7158.6557133130
29210 7068.2688422347
29273 7019.0331383069
29356 6984.7121569263
29421 6863.5436995371
29479 6808.3993571771
29568 6792.2263131628
30184 6705.6581397037
30261 6632.5081291300
30377 6601.7863798951
30674 6520.4161385372
30698 6421.9503166293
30899 6320.7434589945
30917 6300.1999918035
31493 6295.4382173235
31571 6277.1988502103
31802 6238.8103102589
31834 6236.1654931652
31840 6211.7719420904
31846 6180.5838174805
31997 6107.5199786629
32206 6044.9385881172
32621 6040.8310927265
32622 6029.8876897380
32660 6003.4705099231
32770 5991.4989993921
32800 5924.2091790682
33309 5919.2191053870
33410 5900.5442136825
33579 5845.2588193967
33620 5808.1179097746
33755 5802.7044163619
33799 5802.4178799590
34021 5735.8935164710
34438 5709.7097924822
34691 5697.0596132307
34794 5687.7872405425
34839 5647.1344659197
34846 5606.5289121936
35365 5592.5732052617
35408 5571.4835823727
35417 5560.1862928217
35495 5531.5300802903
35497 5528.2685222273
35621 5506.2780184980
35724 5505.1277765969
35736 5494.8015270257
35778 5486.7152468720
35859 5479.6001281820
35862 5450.5133487228
35863 5441.2250462161
35868 5430.8045579139
35921 5430.2611988900
35950 5421.8253303526
36149 5404.1196290818
36494 5402.6360075255
36508 5395.1600385608
36512 5374.4456360729
36531 5363.8076890572
36590 5349.4183602515
36928 5342.1597301621
36954 5290.6415078221
37085 5286.6120301746
37203 5261.3480234448
37373 5257.9224836805
37515 5239.6149982938
37751 5221.9164569701
37792 5201.3429093228
38084 5195.3214834954
38105 5175.6667379739
38184 5154.2341172231
38415 5132.4959395239
38473 5126.1275858409
38517 5114.9660579053
38794 5112.5093777970
38832 5107.3408923415
38894 5092.0523122908
38918 5079.7199045903
38942 5075.2422377545
38989 5045.8170968291
39040 5027.7415539259
39305 5008.6733707772
39547 5003.4951053702
39896 4956.6825168927
39911 4951.9256194668
40151 4948.2467175844
40201 4928.8117382804
40237 4913.3756812605
40324 4888.6202840157
40384 4869.1483987589
40401 4856.8462723891
40496 4792.1501813504
40577 4787.8562616534
40696 4753.2673868366
40711 4752.9149498112
40742 4712.2981223961
40806 4690.6396156108
40911 4682.6420414050
40990 4663.5674189459
41103 4583.2948012675
41307 4521.2813963125
41467 4457.9497680697
41577 4377.1043400796
41670 4376.6113341945
41720 4303.7176616629
41781 4261.7862714578
41794 4197.0659221623
42073 4187.5843656400
42234 4156.3264131312
42240 4009.1019655146
42471 3849.0669394050
42548 3829.3754241622
42736 3823.6922969633
42834 3688.4295778658
43093 3668.1665959849
43182 3609.6352965246
43196 3541.2091627820
43234 3529.1731439194
43426 3363.3810628665
43463 3337.4124222477
43921 3317.1032066179
44175 3266.3050939663
44318 3205.1792403841
44332 3091.5037944075
44469 3082.2999282861
44689 3023.8492687730
44761 2897.7287268135
45135 2894.9401389224
45144 2727.4341203529
45160 2712.6090641653
45321 2621.1710296257
45639 2524.6707392429
45906 2500.0075469638
45945 2492.1161311941
46105 2392.3797083297
46248 2276.3625557098
46475 2275.0397025841
46637 2212.4132305846
46950 2211.0267075780
47032 2163.1333290300
47087 2106.0397316633
47150 2098.7166490816
47180 2084.2927133891
47290 2030.0073501656
47641 2013.0479408062
47829 1988.0746032294
47913 1968.2284002330
48078 1922.4827999279
48111 1899.4579447564
48135 1898.0388409223
48170 1871.5144452270
48188 1867.6350009480
48348 1862.5267866181
48440 1856.4951588123
48463 1838.6413916151
48513 1804.1908780920
48727 1801.5694799976
48732 1793.8631883234
48743 1789.4501869936
48787 1776.6462049399
48901 1770.8754024795
48957 1735.3119015299
49568 1686.0108268945
49883 1672.4968576605
49977 1664.0389423961
49993 1653.1722681741
50233 1646.8917176292
50398 1642.8451673113
50419 1605.5524220453
50470 1586.7724371391
50630 1570.4842862175
50970 1561.8248531178
51053 1552.1233071416
51071 1546.5073748777
51158 1507.3870795268
51216 1487.1144404749
51728 1464.8488071835
52003 1461.9520733716
52059 1451.7214433511
52094 1444.7120482796
52127 1424.0159886706
52178 1421.5261045340
52221 1418.6364454160
52297 1417.7230076061
52325 1404.6942098851
52333 1372.0976994577
52527 1362.0452277812
52687 1336.6817623694
53033 1325.0721803466
53092 1316.1039572532
53209 1279.2261771405
53316 1237.6290621181
53665 1236.0135228616
53678 1233.7374059390
53696 1220.6365649809
53749 1194.7814947084
53824 1169.8962304676
53835 1168.5506677875
54104 1161.5358557753
54248 1161.2481728344
54253 1153.4959454802
54297 1120.4399907150
54458 1082.1919032501
54583 1067.1889878247
54657 1063.9188032290
54659 1043.9824374342
54749 1021.6689817035
54804 1015.4488727171
54816 1014.0700230037
54827 979.1188235366
55059 975.7279081958
55078 950.3797641923
55332 937.8454319551
55355 922.3525329244
55656 853.0635547381
56038 830.4970189094
56129 803.4824248159
56323 796.1776280165
56502 791.2503006886
56703 767.9176734898
56766 767.5010156033
56850 762.9443578183
56990 738.3029708152
57132 725.5991735691
57136 717.6238415139
57193 715.7246572532
57240 710.8388709526
57299 686.4277449189
57445 674.9928799526
57558 670.9534617968
57592 663.7959482402
57627 657.5131753177
57630 651.4002277695
57649 634.2249508067
57763 624.1248282389
58025 617.2309145552
58347 611.2620873856
58517 599.3900958601
58606 570.8249117269
59193 568.4795467594
59301 551.4691440146
59523 545.3402435746
59668 543.7941620024
59734 541.6639957202
59822 540.2963181695
59868 540.0231848328
59969 531.4756038914
60081 531.2046982668
60088 529.4303223799
60094 528.8599593810
60135 517.7861800292
60143 515.4450547596
60195 513.3780471796
60409 512.7447416856
60530 512.5981220157
60706 505.3952099589
60739 500.5065279517
60891 496.8151982227
60974 493.2731531547
61087 492.2466957549
61257 488.3759556805
61357 485.4926364667
61382 472.1714088677
61566 464.8984683966
61685 460.8403558088
61876 459.8124706966
61883 459.6685045634
62049 451.0657667993
62147 443.1443765450
62439 440.2162968040
62603 439.3497120300
62669 437.1906648298
62708 416.2091374875
62801 414.5630564875
62918 410.8273078089
62952 406.3875224971
63015 405.9797394290
63061 397.2416170967
63123 393.4976697408
63138 378.0449094003
63501 361.6863645634
63872 335.8119330340
64184 319.6517397463
64359 318.6580258083
64503 305.4402333876
64553 299.5632192304
64676 295.4686716364
64935 291.2057348478
65051 288.4356204958
65070 285.1190378463
65102 282.7967920125
65218 270.0246966783
65332 267.7583557507
65404 260.9399195492
65614 257.8440935006
65761 250.5770576201
65963 248.8413636922
66207 247.4811828157
66234 246.7392484369
66252 244.2375676682
66285 231.5585646939
66558 230.3561361344
66993 229.5207492917
67040 225.0010963654
67225 221.1963958734
67227 218.0112364109
67270 217.8499273008
67386 216.6550107851
67725 215.1392860703
67797 205.9239020292
68330 205.4592936177
68531 201.4305588458
68591 201.3235303957
68609 197.9996095104
68637 196.7917660247
68681 195.0042765971
68721 193.2281663522
68868 190.6885891654
69014 190.6454899971
69025 181.1897438691
69041 176.9349700940
69289 176.0154685098
69295 171.1698525036
69477 171.0128430476
69555 169.9766009939
69589 168.1378055302
69631 162.8925691920
70305 162.0184856107
70312 159.7985515675
70349 155.7480743128
70722 152.6765691280
70853 150.6018822536
70977 149.9823852748
71030 145.6067628535
71092 145.5163677031
71123 141.5771520672
71386 141.0847855528
71440 137.8864132547
71609 136.9550289150
71642 136.8627434843
71714 135.7336179779
71781 134.2566532157
71872 132.4158211922
72063 132.1718857006
72123 128.4564495971
72174 128.3372670871
72246 127.6899400978
72260 127.3421457327
72390 126.7921929239
72454 125.1988703994
72650 124.7785888780
73027 121.7921831434
73154 121.6616981651
73426 121.3482371852
73427 121.0169216455
73479 120.3591002324
73513 119.1294123880
73739 118.7697269613
73759 118.1954821592
73766 117.6083873218
74035 117.1950690969
74383 117.0654330660
74413 116.2962108266
74445 115.6232594662
74525 114.6510098409
74701 114.6507512082
74750 114.6045152483
74755 114.4463671317
74798 114.4232591665
74803 113.4787212325
74804 111.6404043715
75057 109.8626291142
75259 109.5841889626
75377 109.2817646091
75464 109.2473135776
75526 108.8841040690
75569 108.4565360508
75675 107.1924472022
75733 107.1741062563
75762 106.1053563860
76085 105.2838605431
76086 105.1663520282
76249 105.0783156880
76479 103.9226680019
76536 103.1088052690
76741 102.7595740900
76876 102.6235783325
76896 101.9163624846
76979 100.7620410823
77099 98.2933918624
77499 98.2445945684
77694 97.5553348186
77725 97.1599338525
77781 96.9313578484
77865 96.5059170608
77872 96.2057755661
77903 95.3261625986
78048 94.6056611091
78071 94.1160595336
78289 94.0383828615
78301 93.5624429836
78311 92.7072203462
78610 92.6256002951
78636 92.6115041821
78693 92.2535734692
78730 91.6737207561
78868 90.8073286758
79082 90.0999082207
79237 89.5294347503
79498 89.4574087059
79772 89.3754672257
79802 88.6287950828
79981 88.3765384950
80123 88.3476847027
80141 87.9684943562
80170 87.9657790291
80221 87.3938876464
80347 87.2749123065
80460 87.1274273152
80573 86.4002387511
80842 85.9810697160
80882 85.9262485573
80938 85.6357881529
80976 85.4272638251
81009 85.3353729982
81070 85.2742090829
81596 84.5902676265
81698 84.3931270148
81737 84.1276857555
82029 83.3887373242
82081 83.3609369288
82103 83.1753049431
82165 82.4003288156
82535 81.4559433312
82611 80.9206235231
83213 80.8406665396
83248 80.7300037028
83258 80.0548951053
83405 79.2704626739
83465 78.6001180792
83567 78.5532924833
83641 77.8012638636
83753 76.9072819477
83870 76.6670092698
84001 76.5641854267
84046 74.7211071311
84182 74.5959414538
84217 73.8742417794
84380 73.5796808127
84399 72.8214478308
84596 72.5777152612
84641 70.6483789136
84878 70.6223397159
85043 70.1536805065
85062 68.9405372612
85249 68.8679796471
85298 67.9533806049
85369 67.1671319794
85453 66.9654061206
85503 66.2516960742
85634 66.2088054505
85663 65.2905647086
85789 64.2991931609
86048 62.4923091323
86187 62.0424891963
86239 61.6435501039
86248 60.9222071434
86300 60.8065842831
86352 59.8228682584
86487 57.6417057398
86863 57.2275637899
86956 57.1174179834
87054 56.3605734024
87066 53.2846627700
87258 51.0619671360
87397 49.4299081219
87415 46.7137274262
87633 45.8050796929
87670 45.1758491409
87749 44.5378921123
87798 44.3919209825
87823 43.0790360246
87940 42.0934027552
87962 41.5976816240
87996 41.5859515197
88386 39.5045882628
88440 39.4019249683
88507 39.1058622234
88525 38.7883086609
88697 37.9538685831
88764 37.1577119305
88957 36.7826886309
89031 35.2620833454
89234 34.5291279299
89388 34.4286775554
89458 33.0578713494
89762 32.6840759262
89977 32.0232150291
90294 31.7468275174
90323 31.1855263285
90348 30.8329722162
90377 26.1083718886
90756 25.7167426370
91071 25.4000016969
91149 23.6746439648
91623 23.6299577295
91680 23.5372481166
91729 23.1164556226
91746 22.7031957019
91821 22.3775135726
91973 22.1269558912
92027 22.0790891264
92110 21.9386101960
92147 21.6429742675
92158 21.1509365870
92188 20.0832211091
92214 19.6006657998
92282 19.5922591942
92593 19.4533476256
92612 19.2374836288
92678 19.1875040956
92701 19.0563836627
92708 18.8493419885
92721 18.7318154082
92802 18.6730373629
92839 18.6374055027
92857 18.3189594871
93031 18.1540954032
93713 18.0971088281
93800 17.8730097803
94027 17.6512335547
94067 17.6016609883
94070 17.5040370123
94246 17.3056730647
94400 17.2603735060
94464 17.2523012730
94516 17.1926660631
94592 16.9145518017
94975 16.8398707901
95069 16.8345280021
95142 16.7651353611
95178 16.7565378750
95247 16.7533247652
95322 16.7532056269
95370 16.6188801035
95432 16.4052253089
96039 16.3938835527
96069 16.3644271609
96163 16.3343098370
96183 16.2948955035
96245 16.2561677677
96642 16.2450591490
96654 16.2298095629
96701 16.0971827290
97039 15.9545106133
97156 15.7184977735
97178 15.7129688300
97638 15.5914210871
97823 15.5433072141
97900 15.3234335688
97982 14.8663296742
98230 14.1339232286
98778 13.7084705100
98987 13.6151581836
99009 13.5115272720
99090 13.4819263292
99104 13.3890514247
99236 13.1837446615
99293 13.0082606147
99499 12.9479942330
99671 11.8736965423
99879 11.6311207316
100032 11.6229694176
100094 11.2937728297
100142 10.9253560405
100403 10.8675619600
100601 10.3350422365
100757 10.3097515323
100781 10.2904800176
100788 10.1461840811
100796 9.0461493382
101224 8.8784351536
101356 8.5705570942
101543 8.3945426290
101647 8.2855284451
101699 8.2398068622
101753 7.9471956417
101766 7.6720135171
102095 7.5777827325
102197 7.2933091536
102513 7.2797860356
102665 7.1361144318
102781 7.0939917831
102830 6.9426269933
102866 6.8624095210
103003 6.8584539005
103004 6.8381352360
103014 6.7816795189
103047 6.7374747246
103060 6.7111250462
103131 6.6648821702
103282 6.6564767321
103351 6.6156635251
103401 6.5613252800
103424 6.5249529153
103579 6.4588138052
103591 6.4572604603
103616 6.4421679569
103827 6.3800831866
103887 6.3288926603
103964 6.3141721162
104130 6.3000221898
104158 6.2799436126
104180 6.2562506726
104197 6.1900558322
104293 6.1898686259
104326 6.1349651181
104544 6.1288386068
104583 6.1109016710
104653 6.1058674669
104678 6.0873209370
104713 6.0835246549
104752 6.0464638989
104801 6.0219518456
104855 5.9269812962
105177 5.9107941943
105280 5.8907534077
105310 5.8599728450
105605 5.7932465974
105681 5.6415519467
105762 5.5975897475
106031 5.5946137390
106219 5.2858820157
106462 5.2442724596
106477 5.2235225849
106511 5.1464376434
106684 4.8933410766
106884 4.8038568309
106986 4.7274969049
107256 4.6362414822
107355 4.5166883879
107577 4.5162774576
107670 4.4596522556
107741 4.4129413987
107798 4.3522751602
107807 4.2421611699
107863 3.9787020325
108001 3.6901829195
108819 3.5106219566
108860 3.4540846984
108929 3.2800643974
108931 3.1832776653
108956 3.0225557883
109045 2.8931974316
109099 2.8656978986
109167 2.7988659009
109295 2.7732467079
109307 2.4947660333
109449 2.4154320556
109630 2.4094310632
109665 2.3869763492
109677 2.2493204522
109790 2.1844610137
109864 2.1613260236
109945 2.0884446970
110052 2.0601112830
110161 2.0550739629
110181 2.0353363389
110201 2.0273219320
110244 2.0244994062
110283 2.0202938579
110295 1.9811870229
110572 1.9713389454
110607 1.9687745591
110648 1.9643875040
110666 1.9530769780
110738 1.9095342088
110993 1.9051502321
111305 1.8984499688
111332 1.8947687636
111390 1.8605934620
111805 1.8319250407
111881 1.8068996691
111990 1.7884716540
112081 1.7850609687
112113 1.7803172419
112171 1.7790212211
112195 1.7544091028
112251 1.7495616991
112262 1.7382580942
112325 1.7124647940
112530 1.7108390865
112542 1.7073366052
112559 1.7063139819
112567 1.6639386864
112976 1.6505123570
112988 1.5951953176
113034 1.5947396246
113179 1.5676440951
113616 1.5198419120
113887 1.4756151249
114018 1.4373229200
114237 1.3664885604
114537 1.3574490067
114548 1.3545540727
114556 1.2941143912
114680 1.2887950584
114682 1.2881712768
114804 1.1914102340
114976 1.1512228617
115041 1.1407698072
115118 1.0544284088
115186 1.0432470577
115231 1.0119331476
115444 0.9886050924
115497 0.9864133732
115523 0.9753165693
115535 0.9376758743
115548 0.8978405677
115709 0.8907518359
115758 0.8845644466
115790 0.8797457523
115799 0.8792256404
115827 0.8786905526
115828 0.8406767171
115899 0.8247779521
116001 0.7993931390
116215 0.7972657538
116282 0.7787435843
116515 0.7747646610
116617 0.7690677680
116624 0.7471992532
116683 0.7439815290
116698 0.7435143484
116742 0.7066704052
116965 0.7017182026
117112 0.7005920951
117195 0.6979297646
117221 0.6960138567
117306 0.6930279112
117359 0.6911639358
117377 0.6884431879
117412 0.6854887981
117481 0.6772108227
117572 0.6722658079
117686 0.6716878847
117851 0.6664737679
117962 0.6653653181
118024 0.6643475077
118107 0.6638479652
118131 0.6638399303
118149 0.6624893584
118192 0.6594236800
118269 0.6588385033
118288 0.6575951594
118436 0.6559170918
118729 0.6548641237
118753 0.6528124144
118776 0.6523610524
118835 0.6506102090
119016 0.6497564104
119053 0.6496563728
119123 0.6442043543
119508 0.6430665998
119539 0.6429163443
119574 0.6416035621
119622 0.6410577722
119629 0.6409191864
119635 0.6398661835
119776 0.6390029712
119825 0.6380418944
119927 0.6373368535
119941 0.6345146524
120109 0.6322250759
120242 0.6314085611
120341 0.6312348850
120367 0.6287406151
120487 0.6263081969
120562 0.6239093255
120900 0.6212246830
120981 0.6145809868
121312 0.6141177835
121410 0.6115797281
121527 0.6048539852
121579 0.6047111967
121599 0.5991391638
121646 0.5891537967
122605 0.5827514827
122740 0.5815766122
122834 0.5793217435
122969 0.5783916608
122972 0.5780511855
123018 0.5698334762
123240 0.5698221665
123261 0.5651425663
123388 0.5642444778
123418 0.5634230537
123419 0.5631567978
123501 0.5619446386
123526 0.5592939485
123639 0.5571894841
123727 0.5556724616
123988 0.5540632318
124101 0.5538429216
124194 0.5533271817
124243 0.5519433032
124321 0.5476190521
124375 0.5473864520
124549 0.5461871288
124561 0.5416609409
124760 0.5395515667
125008 0.5389811382
125137 0.5388012533
125160 0.5381215017
125242 0.5371344992
125355 0.5369447717
125385 0.5324186960
125513 0.5319890422
125784 0.5319396277
125912 0.5302965217
125961 0.5296872788
126051 0.5291857133
126143 0.5250826667
126493 0.5230462589
126513 0.5174575638
126515 0.5020285917
126728 0.4850850390
126751 0.4761208529
126789 0.4448996745
126864 0.4370727537
126886 0.4312674247
126891 0.4157137185
126938 0.4053295118
126999 0.3982012029
127012 0.3687104551
127101 0.3355292028
127899 0.3330830194
128010 0.3227597597
128216 0.3210606088
128222 0.3116555171
128286 0.2991753549
128369 0.2885938760
128441 0.2641062323
128669 0.2633416544
128692 0.2556075265
128781 0.2543833708
128888 0.2452654716
128896 0.2440486755
128945 0.2327947554
129354 0.2276706070
129519 0.2275156602
129655 0.2244018028
129869 0.2203812659
130137 0.2199562393
130152 0.2189323289
130162 0.2179821791
130204 0.2176522100
130252 0.2159557584
130347 0.2149131098
130348 0.2134252608
130507 0.2125556879
130603 0.2123708645
130798 0.2119508427
130801 0.2077268527
131042 0.2067727821
131121 0.2064449547
131126 0.2044419986
131145 0.2034347788
131416 0.2034012848
131442 0.2033967939
131490 0.2032425854
131492 0.2029874932
131576 0.2027836588
131579 0.2017570017
131591 0.2000217777
131775 0.1999126405
131796 0.1988643227
131799 0.1985170379
131879 0.1978285733
132036 0.1958371313
132039 0.1951049960
132085 0.1944078719
132366 0.1929365097
132407 0.1901481353
132557 0.1895732734
132693 0.1886616508
132827 0.1882171637
132856 0.1879985586
132864 0.1878861778
132939 0.1850250923
133040 0.1845663175
133052 0.1830092817
133218 0.1811496388
133640 0.1805837166
133659 0.1772906451
133782 0.1749911925
134100 0.1745577445
134137 0.1675769986
134199 0.1611285349
134378 0.1526350532
134523 0.1518384358
134546 0.1386818545
134699 0.1363471199
134784 0.1285291940
134889 0.1237223364
134920 0.1234605866
135029 0.1082805370
135225 0.1023509727
135284 0.1014738763
135699 0.0949642358
135891 0.0749163959
136198 0.0646653115
136397 0.0632967075
136415 0.0626525828
136454 0.0573961515
136503 0.0551146708
136504 0.0540381896
136559 0.0516363819
136567 0.0475293524
136668 0.0437697290
136738 0.0433268498
136776 0.0386352085
136815 0.0379336886
136860 0.0363530489
136919 0.0337986358
136948 0.0333963445
136996 0.0323113988
137155 0.0320056225
137178 0.0307687196
137254 0.0297080514
137286 0.0284813079
137318 0.0282580293
137341 0.0276035710
137352 0.0264829570
137375 0.0243955373
137488 0.0219686267
137641 0.0217007571
137722 0.0203264738
137765 0.0200652067
137914 0.0192577158
137945 0.0182532530
138047 0.0180865642
138090 0.0175298735
138132 0.0173717812
138171 0.0169205273
138221 0.0161366690
138264 0.0156922363
138291 0.0154240312
138470 0.0149763827
138595 0.0142451225
138858 0.0135445939
139032 0.0132675689
139048 0.0130642488
139082 0.0122052444
139512 0.0118036999
139535 0.0116329252
139601 0.0116162983
139655 0.0109951175
139854 0.0109812136
139880 0.0109359179
140104 0.0109238812
140112 0.0106393541
140117 0.0103292831
140450 0.0102864764
140535 0.0098702819
140668 0.0097980950
140705 0.0096506898
140783 0.0094218934
140905 0.0093861817
140961 0.0093494703
140964 0.0091488125
141039 0.0091133382
141152 0.0090613261
141173 0.0090465008
141293 0.0090311986
141364 0.0089811085
141392 0.0089398243
141406 0.0088715555
141492 0.0088532525
141535 0.0088368659
141541 0.0088340142
141579 0.0088013215
141625 0.0086243321
141861 0.0086105978
141876 0.0085769224
141906 0.0084788699
142007 0.0083479083
142148 0.0083462486
142275 0.0081913339
142359 0.0080085585
142621 0.0079233469
142769 0.0078551434
142804 0.0078475611
142979 0.0077607087
143228 0.0076562532
143356 0.0075825384
143404 0.0074680745
143502 0.0074380855
143509 0.0073561569
143643 0.0073547849
143710 0.0071363732
143952 0.0069398501
144015 0.0068266643
144018 0.0067021026
144109 0.0064152719
144602 0.0061250050
144732 0.0058252838
144762 0.0057659477
144878 0.0056933782
145293 0.0056675313
145398 0.0053369629
145472 0.0051718863
145574 0.0048347683
145578 0.0047011787
145782 0.0046143739
145856 0.0046002251
145859 0.0045916826
145890 0.0045340178
145912 0.0045014188
145935 0.0044074578
145946 0.0041791930
145965 0.0041770617
145990 0.0040822784
146018 0.0039853149
146075 0.0039851555
146174 0.0038985011
146252 0.0038666259
146433 0.0038482189
146446 0.0037425707
146455 0.0036701526
146550 0.0036681061
146551 0.0035342741
146628 0.0034789943
146729 0.0034318875
146763 0.0033802338
146799 0.0033317629
147109 0.0032694493
147127 0.0032645915
147200 0.0032495407
147213 0.0031645571
147442 0.0031231168
147523 0.0031196361
147544 0.0030772458
147587 0.0030734901
147690 0.0030727016
147765 0.0030334887
147781 0.0030041335
147936 0.0029801994
148038 0.0029753255
148086 0.0028932030
148339 0.0028791863
148374 0.0028717957
148402 0.0028707699
148662 0.0027756867
148989 0.0027650231
149017 0.0027631503
149053 0.0026821280
149165 0.0026577823
149302 0.0026524247
149361 0.0026283459
149369 0.0026135255
149432 0.0025145910
149740 0.0024855052
150103 0.0024651977
150171 0.0023240132
150310 0.0022817201
150429 0.0021888194
150570 0.0021811504
150945 0.0020883858
151164 0.0019913607
151356 0.0018974918
151381 0.0018002540
151416 0.0017962624
151538 0.0016599604
151622 0.0016253872
151643 0.0015666128
151660 0.0014737035
151845 0.0010778915
152108 0.0010768628
152155 0.0009320425
152265 0.0007812475
152607 0.0007390923
152700 0.0007202931
152752 0.0006161251
152908 0.0006043433
152970 0.0005554037
153079 0.0005092075
153150 0.0004510016
153262 0.0004467125
153307 0.0004129567
153314 0.0003759266
153378 0.0003561475
153410 0.0003483058
153481 0.0002906831
153529 0.0002659618
153557 0.0002426191
153629 0.0002189743
153659 0.0002018267
153705 0.0002009239
153715 0.0001786326
153751 0.0001663771
153909 0.0001200820
154020 0.0001139246
154051 0.0001089549
154060 0.0001022150
154096 0.0001020883
154124 0.0000919989
154138 0.0000838426
154232 0.0000828181
154244 0.0000728415
154313 0.0000653499
154361 0.0000625018
154425 0.0000622584
154455 0.0000588208
154456 0.0000576716
154469 0.0000510011
154506 0.0000371170
154681 0.0000370855
154691 0.0000353673
154710 0.0000351613
154724 0.0000272904
154772 0.0000237501
154949 0.0000226617
155062 0.0000223724
155081 0.0000175864
155367 0.0000158173
155395 0.0000147233
155404 0.0000134846
155582 0.0000130582
155628 0.0000110973
155671 0.0000101693
155691 0.0000086146
155768 0.0000057756
155991 0.0000057396
156086 0.0000057296
156091 0.0000056407
156095 0.0000054612
156151 0.0000045545
156242 0.0000041337
156280 0.0000037121
156304 0.0000023345
156586 0.0000017192
156596 0.0000013844
156887 0.0000011853
156923 0.0000010958
156990 0.0000010320
157018 0.0000008694
157100 0.0000006745
157289 0.0000005839
157337 0.0000004539
157362 0.0000003974
157446 0.0000003702
157482 0.0000003694
157546 0.0000003492
157558 0.0000003418
157563 0.0000003338
157614 0.0000003010
157692 0.0000002828
157713 0.0000002820
157752 0.0000001956
157788 0.0000001487
158010 0.0000001249
158065 0.0000001190
158158 0.0000001158
158217 0.0000001083
158240 0.0000000929
158268 0.0000000872
158311 0.0000000822
158360 0.0000000795
158428 0.0000000787
158435 0.0000000631
158528 0.0000000454
158567 0.0000000430
158643 0.0000000429
158671 0.0000000404
158718 0.0000000328
158892 0.0000000325
158898 0.0000000315
158948 0.0000000249
159000 0.0000000238
159017 0.0000000237
159039 0.0000000234
159074 0.0000000187
159166 0.0000000176
159226 0.0000000163
159248 0.0000000162
159263 0.0000000150
159266 0.0000000139
159374 0.0000000097
159461 0.0000000085
159502 0.0000000083
159525 0.0000000079
159581 0.0000000079
159615 0.0000000079
159618 0.0000000071
159646 0.0000000065
159773 0.0000000062
159783 0.0000000055
159790 0.0000000048
159795 0.0000000046
159934 0.0000000046
159944 0.0000000042
160036 0.0000000038
160044 0.0000000032
160154 0.0000000029
160181 0.0000000029
160211 0.0000000028
160232 0.0000000025
160267 0.0000000022
160298 0.0000000022
160361 0.0000000022
160402 0.0000000020
160410 0.0000000018
160457 0.0000000016
160534 0.0000000015
160538 0.0000000014
160564 0.0000000013
160586 0.0000000012
160594 0.0000000011
160628 0.0000000011
160681 0.0000000008
160846 0.0000000007
160942 0.0000000006
160948 0.0000000006
161067 0.0000000006
161069 0.0000000006
161073 0.0000000005
161106 0.0000000004
161118 0.0000000004
161195 0.0000000004
161252 0.0000000004
161277 0.0000000003
161326 0.0000000003
161349 0.0000000003
161395 0.0000000003
161444 0.0000000002
161516 0.0000000002
161540 0.0000000002
161594 0.0000000002
161606 0.0000000002
161641 0.0000000001
161661 0.0000000001
161784 0.0000000001
161812 0.0000000001
161832 0.0000000001
161923 0.0000000001
162043 0.0000000001
162058 0.0000000001
162083 0.0000000001
162104 0.0000000001
162205 0.0000000000
162338 0.0000000000
162392 0.0000000000
162433 0.0000000000
162465 0.0000000000
162489 0.0000000000
162520 0.0000000000
162728 0.0000000000
162758 0.0000000000
162791 0.0000000000
162827 0.0000000000
162860 0.0000000000
162909 0.0000000000
162950 0.0000000000
162990 0.0000000000
162994 0.0000000000
163039 0.0000000000
163084 0.0000000000
163276 0.0000000000
163390 0.0000000000
163410 0.0000000000
163439 0.0000000000
163463 0.0000000000
163574 0.0000000000
163628 0.0000000000
163654 0.0000000000
163751 0.0000000000
163780 0.0000000000
163867 0.0000000000
163912 0.0000000000
163949 0.0000000000
164020 0.0000000000
164148 0.0000000000
164220 0.0000000000
164230 0.0000000000
164237 0.0000000000
164283 0.0000000000
164316 0.0000000000
164337 0.0000000000
164370 0.0000000000
164402 0.0000000000
164454 0.0000000000
164542 0.0000000000
164665 0.0000000000
164712 0.0000000000
164776 0.0000000000
164801 0.0000000000
164900 0.0000000000
164926 0.0000000000
165031 0.0000000000
165040 0.0000000000
165248 0.0000000000
165383 0.0000000000
165445 0.0000000000
165540 0.0000000000
165932 0.0000000000
166597 0.0000000000
evaluations raw_y
1 67268827.9272407144
2 39632769.3855165988
12 33752975.8516671732
17 27903295.3150841407
26 24320108.4742465168
27 19760787.3705704212
34 14159892.6450965721
37 13247572.4081661049
72 12084690.1852650270
87 10459723.0268267300
88 9103906.9872559831
122 9098244.0212275814
126 8241168.6824564766
134 7811258.3945744783
159 5647235.8261081148
199 4973766.3221907839
205 4690480.9474163344
228 4608171.1768048620
250 4187827.9357755333
257 3340602.3811107753
285 2350909.5536870337
634 2066156.0213371036
672 1971386.3217213664
706 1838363.5304417689
747 1698975.4945996969
755 1155955.6110754192
1065 972664.9098205653
1295 926764.4232803358
1325 917387.2732882120
1369 775979.5716636245
1423 732252.5449105978
1502 691066.2171235434
1834 545763.3878884873
2036 526745.0544454799
2170 438776.7306164459
2555 367373.7012620044
3165 364246.9453172120
3221 350653.7900788782
3306 332503.6998991033
3438 328507.8781895894
3473 275548.4680539250
3515 245670.6791388760
3525 227552.7154344296
4049 218629.6314994554
4070 198433.0495615403
4710 181594.1781047344
5266 173357.7253373632
5357 166177.1692839451
5382 157907.4287961499
5629 143708.7941827491
5903 142060.9659663463
5999 126135.1786677738
6128 114639.9330887944
6899 111584.1872720945
6982 110401.8636054653
6985 104996.4564548836
7155 102316.5007212503
7429 100919.9100958500
7622 96834.4414047752
7733 94983.3866098069
7870 92992.3923769721
7940 86018.1773846373
8195 83639.7298003391
8356 83500.3325880338
8464 78649.2119251809
8467 78365.8791911929
8558 78026.0028467576
8619 71376.5985872237
9163 70496.6096158891
9330 68527.8302555436
9466 62415.3275602489
9511 61826.6563407875
9794 58242.9896149619
9951 56367.6856370738
10124 50353.3826116219
10330 49588.1711502900
10453 49444.4984593946
10527 48077.7470897780
10621 48074.4013436501
10744 47402.5066376425
10854 47129.7682818647
10885 46929.3174894418
10972 46382.2796380859
10998 45999.1868850374
11046 45126.6823289802
11180 44637.3840280736
11188 41327.6454316960
11418 39760.7551878061
11439 39743.5701996172
11602 39024.6371121722
11682 38375.1041345105
11697 37321.8531712157
12014 36420.2791961705
12021 34772.3736271060
12152 33689.1994203495
12154 31550.9718969300
13036 30512.4494053960
13038 29158.4448225903
13124 27999.8744392764
13408 27965.1151793060
13417 26498.3809395413
13483 26017.3910706532
13732 24857.5706020816
14156 22381.1831092415
14200 21881.5356539087
14938 21173.6812077198
15168 20289.4856647704
15293 19676.7099281683
15323 19500.5472336743
15551 19459.2222106571
15613 19264.6989772542
15716 18446.8684839850
15755 17996.3459334098
15812 16995.9649184854
16023 16807.7958441114
16371 15313.6567150063
17249 14761.6122281007
17400 14466.0172466949
17447 14293.0817735643
17497 14200.5368496950
17588 13432.2175027922
18035 13193.2165873346
18509 12745.8139560605
18561 12099.4181710604
18719 11394.9002467828
19591 11302.8068947665
19771 11250.3330777911
19854 11024.2798418974
20224 10907.5634856265
20347 10694.7149241366
20544 10431.2710815264
21070 10164.1552052109
21405 10043.7867890261
21422 10030.5450912663
21637 9970.8353701924
21708 9886.3097391509
21858 9706.4989618853
21966 9621.5574439772
22287 9327.9014230977
22290 9243.0308523185
22591 9184.6639770326
22646 9136.3188591861
22793 9002.2659309803
22849 8863.4619771597
22897 8860.7575222866
22975 8623.9765420399
23028 8611.2430225738
23223 8251.4347573028
23529 7960.6512782266
24151 7644.8664830273
24302 7520.3244868033
24330 7463.1688199375
24556 7411.4569857029
24582 7270.7491811700
24656 7261.2555165099
24786 7111.1249079299
25142 6912.7294539199
25269 6633.1842431818
25485 6485.4818151627
25630 6438.6445879288
25663 6391.1319064142
25815 6296.3141459741
25952 6277.7943914303
25996 6056.1472025230
26204 6040.3615459495
26324 6030.2199986358
26343 5970.8781208252
26363 5903.0580963133
26617 5846.9621626972
26668 5726.7284014138
26716 5715.9486032273
26839 5658.0490406595
26887 5615.4553538909
26948 5590.9364153948
27124 5551.4637125109
27170 5493.7750002471
27332 5434.9041025436
27408 5317.7613984974
27466 5285.8542539308
27492 5002.0818232803
27960 4925.9844933881
28585 4869.6195900099
28590 4848.8672322107
28669 4777.1834054051
28710 4736.8747411264
28768 4706.0340289848
28772 4518.0752560189
28862 4505.8251213335
29030 4495.7157749103
29043 4426.1656220728
29073 4405.1610315577
29134 4404.8554185460
29136 4343.5415500477
29183 4258.2770359796
29337 4208.0733849918
29531 4171.5339155761
29828 4081.0132353430
29931 3991.2105615740
30382 3939.3665114708
30671 3929.5580339621
30722 3921.6850361046
30762 3906.2709044276
30832 3851.3919292776
30888 3758.2904297942
30968 3663.3255122550
31133 3655.9316044893
31175 3604.3680730232
31439 3433.2605622865
31735 3317.6225780463
32067 3289.8096611213
32079 3173.4937516985
32705 3155.6219308366
32894 3120.9967179847
33017 3023.6700777533
33224 3021.3959379656
33252 2961.5940351089
33405 2936.7619994973
33555 2920.6477827449
33561 2915.3592016617
33642 2817.0906676072
33792 2784.7896379703
33968 2780.4053383548
34114 2750.9440498955
34237 2733.4930156522
34309 2718.4736168565
34484 2708.7140562236
34491 2646.7318483453
34541 2630.2391962278
34564 2584.7229929753
34635 2566.5266707773
34736 2565.1883448884
34737 2520.0592646788
34911 2438.8175389851
35208 2430.1404759917
35268 2397.5146935974
35282 2368.2536494451
35305 2316.7181086006
35392 2291.6340464483
35567 2197.2397763962
35900 2017.1232763663
36186 1973.8992814257
36308 1890.1212207123
36564 1829.6990263091
36616 1804.7836723592
36852 1784.7357260751
37085 1729.4163885042
38157 1714.6685653571
38186 1710.1011349363
38221 1643.3906955626
38358 1609.4204134259
38598 1599.2388519703
38654 1596.8293715788
38757 1576.4832677372
38773 1530.6516180373
39110 1530.2333524637
39458 1521.2500359672
39594 1518.8519682542
39634 1502.8871325873
39704 1477.5683555673
39715 1470.9377695806
39716 1469.4474097367
39717 1464.2890316528
39779 1462.2095140423
39783 1455.0303789125
39929 1440.3038096793
39963 1420.6329220795
40046 1408.2055205588
40088 1396.0442577544
40120 1385.6705058713
40161 1362.0348986761
40326 1351.5956541960
40396 1327.2381080090
41115 1324.8070377503
41244 1319.3112487065
41430 1305.1275858904
41561 1297.0658486801
41678 1283.7519109333
42175 1264.7829968346
42445 1261.0666013035
42640 1259.4808221260
42740 1252.2165852868
42761 1244.9266702672
42950 1241.8426877852
43096 1234.4788772825
43192 1224.5907363662
43437 1222.8679611199
43546 1211.1714086319
43595 1201.5686799870
43940 1200.0135680309
43941 1192.5829725184
44057 1184.0241301054
44357 1179.8085098701
44607 1163.5440210458
44929 1163.3177724079
45018 1159.9490288368
45064 1159.2747003417
45131 1148.0200678899
45312 1145.9585008413
45398 1144.2148027874
45457 1141.6613151853
45491 1130.9018419107
45592 1130.4671246668
45595 1130.0168447989
45636 1127.4438215611
45755 1127.2363298590
45760 1125.1134380499
45761 1117.1292451503
45927 1112.4386836661
46228 1111.1459096332
46406 1087.8422981819
46465 1073.8224108543
46719 1048.4704818088
47131 1032.9958958934
47684 1031.5675188320
47711 1024.0925391212
47748 1010.0908624382
47972 992.0969737314
48062 990.1049931610
48168 969.7094957199
48169 950.0923876121
48365 947.2756001385
48694 943.5189294378
48737 930.9744197577
48814 922.3282490414
48843 901.0292431548
49337 881.1438120760
49374 865.8284211253
49699 848.4421084289
49933 835.1082756876
50151 825.1573334448
50223 808.2861285811
50272 808.0313948074
50295 798.0578845829
50528 792.2358841156
50650 789.8407862648
50719 780.5883618220
50893 780.0518879336
50990 776.2241989921
51010 774.8657406457
51084 773.1869329459
51122 759.8131824630
51303 759.4648843006
51347 757.9362223178
51418 750.9435117161
51592 739.4256965085
51872 739.3715699648
51952 738.7485496450
52028 738.3539117078
52046 736.5908099672
52093 735.7279694149
52247 735.7070889628
52289 730.5074503779
52440 726.3677766329
52736 718.3908070098
52889 717.2160189991
52934 715.3849189471
53340 704.9048381681
53359 701.2320878374
53412 700.1410785575
53621 685.9290089008
54056 679.0075011705
54298 678.0206162224
54345 674.3407943364
54407 668.2715660545
54447 667.9483447127
54485 665.3649209354
54497 655.7643608547
54560 653.7564385310
54688 650.1925712569
54783 639.2390373366
55041 637.6772096157
55114 623.1641441321
55208 618.1343144636
55398 604.4457310812
55408 604.3544795161
55682 603.5096747739
55693 571.8895887509
56171 558.4995484416
56244 551.1990626980
56370 531.7265534179
56543 520.9669410774
56708 519.1669765714
56834 499.9217418191
56929 491.8628414058
56947 484.2445043785
57006 481.1735284501
57049 461.9913900543
57223 451.5151531822
57446 423.6535464032
57688 420.9257876402
57803 405.8018208971
58203 405.3829830209
58229 400.6995966033
58262 394.6790341715
58368 387.6273136837
58431 385.2313425791
58507 384.1641152675
58536 381.8409626931
58666 380.7578983281
58702 380.1242469116
58758 375.5897750605
58803 370.5504289043
58864 369.8359616492
58920 362.9284123869
59033 358.5836769097
59074 356.1629384263
59078 352.1088472190
59337 348.5720376583
59361 339.0559606265
59746 337.2996814932
59773 336.1519632281
59805 334.0244938917
59899 331.5635601106
60022 331.3492146994
60133 329.7139439414
60135 327.7028900279
60205 326.4991569826
60322 325.6432112316
60334 325.0485068708
60397 322.5112786713
60441 321.8846073158
60541 321.7345456679
60662 319.1675745469
60796 319.0951833116
60822 318.7036506775
60871 315.5535805700
60903 315.4412823475
61240 314.2351907786
61339 313.9503351423
61342 313.6082052407
61357 307.5486829566
61684 306.6921846128
61874 305.1556370618
61975 304.2109107809
62076 302.0972744301
62185 301.3206983295
62382 299.8185114761
62384 298.3950882410
62755 295.5951827722
63033 294.4666371224
63091 291.7223518528
63207 288.2820902385
63966 283.5171008737
64356 281.1137986621
64372 279.5552591052
64643 279.3620560800
64848 278.6448072376
64990 276.6358838258
65230 275.7808538538
65316 273.9236127402
65349 273.2569370531
65404 272.0984501753
65553 271.1472579914
65575 268.9340766594
65680 267.3716385448
65851 266.2203051071
66169 265.8872369251
66229 263.8010365436
66266 261.9403614346
66514 261.2197030275
66637 260.5988241478
66797 260.0735893269
66819 259.9553359615
66850 259.6742135324
66895 259.6202759985
66982 259.5560688854
67022 258.8703559138
67073 257.3486532249
67480 256.5722856048
67576 255.2170140887
67694 253.8685367407
67918 253.5697176152
67988 253.4477741327
67989 253.2889250653
68018 252.2207293467
68515 251.0270720442
68925 249.5508942984
69006 248.1519421493
69295 247.8637169667
69353 247.6618061607
69368 246.0558563370
69383 245.8834426337
69392 244.3541106188
69511 244.0627533423
69555 243.9407274219
69622 243.4799464482
69756 243.2183528777
69947 242.7805413149
69994 240.9025941530
70111 239.4048474412
70162 238.6336078522
70291 234.4075717785
70308 234.1578207624
70367 233.9944505579
70492 231.1709165278
70908 231.1045153402
70937 228.4200053436
71025 226.4247437472
71156 225.5885382425
71172 225.5717312834
71189 223.5604771030
71254 222.0603454735
71304 219.8416344559
71426 212.2203006271
71739 208.1150942229
72250 198.2215939098
72582 196.6755167801
72594 196.5362502260
72678 192.5742813824
72899 186.6046057961
72940 184.4649247330
73245 183.0657450912
73382 180.6463209316
73388 176.3110533618
73944 175.8246494946
73961 175.6149290630
74108 175.4705601095
74143 172.6802758238
74184 171.1202898917
74235 168.5953435207
74368 166.1983481095
74465 165.6704384675
74784 165.2944776224
74933 164.5981034528
75046 164.2984271991
75071 163.5223070515
75216 162.9951004406
75252 161.5876410024
75394 161.5391758735
75405 160.5135647116
75446 159.6638389877
75766 159.2409094401
75836 159.1470324474
76014 158.9217204348
76066 157.0287589171
76245 156.8021436710
76464 156.1168758062
76486 155.7483456842
76533 151.3073654302
76802 150.6548442253
76916 150.4850748450
76988 147.5482136497
77170 145.8379160053
77583 143.3117788127
77997 142.1939615228
78448 141.4891134775
78703 140.2440681773
78776 138.4131886878
78958 137.6636467648
78999 136.2096733954
79128 135.1668765259
79170 135.1356320706
79178 134.5415541108
79191 132.5928749298
79300 131.5720999259
79306 131.4663677225
79516 130.3605689310
79665 129.0326111951
79699 128.5296338884
79869 128.2450986618
79879 128.2086850334
79943 127.6381681001
79953 126.3411256642
80337 125.4488943666
80386 124.3281568264
80562 124.1183109527
80806 124.1131958088
80822 123.5203274920
80863 120.9133762520
81432 120.8281964927
81538 120.4188847384
81596 119.9917150537
81618 119.9346950124
81683 119.0344476325
81703 118.7568539804
81714 118.6139885851
81834 118.5706999185
81846 118.0880377500
81891 116.5558315869
81946 116.4418064089
81952 116.2254035064
82058 115.4915640636
82109 114.8062363064
82296 114.0503329937
82388 112.0257709798
82556 111.1789327508
82829 111.1459802984
82844 111.0882519743
82870 110.7721963670
82876 110.6826279081
82912 110.6334281522
82932 110.4416691673
82961 109.9366899096
83009 109.6331455972
83165 108.8279441330
83235 108.2038814760
83285 108.0872261194
83300 106.7231347951
83324 106.5387315763
83464 106.1801966806
83666 105.0229229342
83695 103.9186671024
83936 103.8731627583
84251 102.7141148718
84311 102.5770597253
84440 101.7097286267
84626 101.0206268132
84665 99.0401069883
84859 98.1197145824
85395 95.9730451843
85828 95.8328045824
85891 94.6910119556
85895 94.1291480275
85910 93.2675834864
85937 92.5610735770
86116 90.4493401239
86583 90.4089601441
86622 87.1425778871
86678 85.6270834882
87328 85.3605303325
87386 85.2416163185
87429 83.8034215546
87514 82.4075586380
87682 82.3450847673
87728 81.9847243607
87772 80.2685782427
87781 79.6092564558
87909 78.6370604717
88061 78.5172815160
88105 77.7444776895
88298 77.1840214034
88498 74.7938892647
88545 74.1001105412
88569 73.5642603911
88626 72.0213531731
88749 70.7249882055
88803 70.0093610822
88909 69.6876453021
88960 67.8933561719
89396 66.2849143925
89472 65.4852686781
89585 62.8642009837
89716 61.7429729934
89806 60.9718414822
89865 60.2425046805
89883 58.7284377477
90120 58.5797428102
90186 58.5509432707
90238 57.2314007050
90250 56.6413016901
90264 55.7124472985
90579 55.2419923196
90652 55.0621528291
90682 53.5713689482
90861 52.9657481298
90912 52.4819694092
90947 52.3182658090
90963 51.8863676760
91101 51.1158708056
91179 50.1416295513
91262 49.7003285275
91396 49.2645195472
91457 46.6869204077
91651 46.1079010590
92138 42.1341251539
92807 42.1074582187
92822 38.8687703419
93209 38.7627317443
93431 38.0215068112
93434 37.2839157527
93556 36.8234619336
93592 36.5390434835
93710 36.4196785479
93728 36.0813032219
93738 35.3476934578
93760 34.8732181080
93786 34.8285498859
93894 34.5662395285
93895 34.1136107029
93936 33.9937229793
93982 33.5683187705
93997 32.7882578349
94107 31.9701615414
94425 31.8863414869
94507 31.7208044010
94528 31.0490179733
94829 30.8191786182
94831 30.7106058146
94906 30.4455139252
94915 30.1803103563
94956 30.0897027799
95045 29.8955999172
95288 29.8385612641
95382 29.7877937904
95430 29.6634576899
95515 29.5979027207
95604 29.3301528392
95697 29.1137859596
95909 29.0296078769
95960 29.0181380102
95990 28.9444442378
96015 28.6177608619
96240 28.5750147975
96353 28.5309055845
96560 28.5224978759
96586 28.2076146169
96725 28.0910135054
96809 28.0226266716
96816 27.9773584465
96824 27.6671603921
97441 27.6562868338
97445 27.6383232735
97481 27.6044628372
97486 27.5560816893
97600 27.1950128630
97774 26.9545689679
97959 26.7161842866
98152 26.6068174876
98153 26.5501398711
98460 26.2007570620
98727 25.7917912399
98781 25.7225910028
99017 25.7193660434
99031 25.5393314386
99146 25.2345491600
99245 24.7132532701
99350 24.2673931451
99996 24.2394093450
100011 24.2209825088
100019 23.9650524459
100109 22.8407347528
100127 22.6748156532
100143 22.6460713255
100204 21.3486280051
100312 21.0365844187
100406 20.6676168569
100585 20.5538567362
100586 20.0125531635
100675 19.6948559659
100809 19.3485536691
100960 19.2833374570
101044 19.0385046876
101148 18.9453028244
101260 18.7602942745
101323 18.7490806697
101375 18.7486000687
101406 18.4923622370
101456 18.2168119916
101537 18.0855281399
101544 17.9718000971
101550 17.8898965472
101597 17.7747209911
101617 17.5943342322
101834 17.5456453555
101875 17.5107903058
101934 17.4919053595
101986 17.0696154817
102342 16.6820966216
102493 16.5682875505
102629 16.5256221256
102821 16.2958048970
102998 16.1869924814
103002 15.9582578121
103299 15.9446907208
103512 15.8312670913
103534 15.7898053304
103584 15.7656781878
103586 15.7508587696
103598 15.7093036053
103615 15.6737679783
103616 15.6729027846
103632 15.6305750178
103661 15.5330558697
103666 15.4690607766
103795 15.4000512438
103871 15.3190280311
103904 15.2632340608
103920 15.0561387090
104000 15.0470627254
104087 14.8988561431
104506 14.7665388916
104531 14.7523880148
104532 14.7283063023
104555 14.6445183480
104607 14.5260254717
104775 14.3729405806
104982 14.2932668160
105383 14.0644702925
105482 13.9625932983
105671 13.9569687434
105745 13.9448899381
105821 13.7812165272
105939 13.6304293314
106183 13.5972702357
106249 13.3299241586
106522 13.2032152855
106693 13.1344409993
106803 13.0371231876
106995 12.9294683896
107053 12.9032485856
107086 12.8476553915
107216 12.8354944189
107268 12.8293290323
107299 12.8284533793
107306 12.8064356008
107394 12.5817544802
107564 12.4804594546
108069 12.4520144840
108088 12.4356290665
108211 12.4355016160
108299 12.4155418792
108345 12.2624332105
108663 12.0941416347
109094 12.0940349339
109227 12.0763772927
109252 12.0176356445
109319 12.0028885436
109446 11.9744372438
109645 11.9185604535
109832 11.9066094818
109877 11.9052916838
109905 11.8488688525
109936 11.8480524285
109962 11.7431142385
110227 11.7430014146
110313 11.7275177564
110445 11.7183873417
110472 11.6953608074
110528 11.6870723501
110659 11.6589259578
110704 11.6305524843
110778 11.6080606965
110813 11.5799492030
110971 11.5526592308
111112 11.4952967713
111232 11.4725431436
111247 11.4696414982
111397 11.4289346633
111481 11.4094787569
111494 11.3822763965
111560 11.3819863570
111577 11.3203645326
111675 11.2406188784
111831 11.2018278747
111858 11.1196008227
112367 11.0722870121
112375 10.9293250336
112593 10.8678365399
112611 10.7940277208
112643 10.7817011294
112689 10.7384591855
112798 10.6937881546
112849 10.6426026638
112883 10.1945491282
113137 10.1783419545
113172 9.7600426347
113212 9.7371498392
113391 9.6490507863
113527 9.3906725437
113629 9.1597164749
114028 8.9711978679
114195 8.7582621424
114413 8.2712223694
114477 8.2485544362
114498 7.9780173270
114597 7.9021731453
114686 7.8737421392
114690 7.8475393794
114721 7.7369572458
114754 7.4709571628
114835 7.4514070281
114857 7.4048674550
114924 7.1746580863
115025 7.0915058453
115033 6.8089112829
115271 6.6772547269
115329 6.5485562841
115549 6.2508798752
115825 6.1852031743
115853 6.1556317721
115917 6.0495116858
116081 6.0392292844
116083 5.9878583375
116097 5.7559866964
116298 5.7281571686
116349 5.6846787257
116430 5.6838112562
116454 5.6145230222
116527 5.4833932996
116545 5.3726070291
116635 5.3669554550
116748 5.3669140052
116873 5.3360233769
116885 5.3321266468
116962 5.3304102209
116999 5.3066388177
117020 5.2746572139
117058 5.2625039724
117146 5.1852285562
117178 5.1813134168
117211 5.1706483925
117213 5.1689343425
117291 5.1198062762
117395 5.0702342308
117433 5.0425114295
117667 5.0287329914
117677 5.0125089529
117853 4.9918795097
117856 4.9806779589
117867 4.8829220995
117893 4.8733978907
117937 4.8526409800
117996 4.8486113930
118061 4.8115347737
118178 4.7994703272
118212 4.7320872245
118340 4.6634123506
118669 4.6603874783
118692 4.6336488541
118772 4.5270633594
118947 4.3905186010
119095 4.3088415194
119202 4.3037155642
119302 4.2501216159
119399 4.2339390898
119440 4.2181512552
119508 4.0515811965
119990 3.9745072775
120114 3.8479976568
120373 3.6523391459
120459 3.5830803472
120711 3.2859106963
120958 3.1501221323
121439 3.1432965251
121499 3.1412384259
121599 3.0819192220
121660 3.0788103945
121710 2.8575454176
121872 2.5208824978
122194 2.5172583294
122237 2.5062307777
122310 2.5003096771
122382 2.3440406150
122421 2.2756264111
122600 2.2153197530
122781 2.2023477449
122821 2.0201904286
123067 1.9540153694
123237 1.9116969692
123498 1.9064089423
123588 1.8883487765
123662 1.8580949196
123719 1.8361286535
123791 1.8105508764
123962 1.8069174816
123995 1.7837468358
124050 1.7700676964
124130 1.7600190784
124173 1.7585151006
124185 1.7559597136
124295 1.7555617368
124300 1.7381658618
124374 1.7349897394
124402 1.7179121064
124503 1.7053590838
124622 1.6979005922
124796 1.6909402797
124816 1.6630383188
125067 1.6491348016
125150 1.6367748281
125570 1.6366862584
125657 1.6358861143
125709 1.6286818050
125718 1.6191323293
125763 1.6178347146
125766 1.6030608951
125916 1.5998586780
125995 1.5303939723
126168 1.5128414755
126394 1.5030526414
126439 1.4993039593
126523 1.4953422482
126547 1.4853769955
126568 1.4414643476
126666 1.4162199063
126669 1.3571344643
126994 1.3457388996
127129 1.3254762639
127369 1.3125233661
127420 1.2656042225
127560 1.1793160698
127773 1.1317350096
127827 1.1034217275
127936 1.0884540481
127951 0.9937438650
128034 0.9020467920
128098 0.8431942628
128524 0.8375843636
128589 0.7232935605
128816 0.6896664878
128955 0.6536468752
129170 0.5755605073
129436 0.5083043877
129515 0.4866119799
129536 0.4782696052
129615 0.4270951264
129870 0.4230679941
129955 0.4031737951
129958 0.3926926893
129977 0.3891692929
130065 0.3564206847
130117 0.3407049643
130124 0.3390132880
130161 0.3203996246
130234 0.3170048092
130239 0.3042073826
130255 0.2933835159
130373 0.2913954004
130399 0.2893871477
130479 0.2862514183
130519 0.2856778017
130520 0.2700532980
130556 0.2595625283
130561 0.2581565012
130562 0.2472562323
130659 0.2393987025
130721 0.2364259338
130780 0.2329133666
130804 0.2125599174
131042 0.2076459967
131344 0.2025306522
131401 0.2017424728
131553 0.1983481132
131660 0.1957848534
131705 0.1931757142
131709 0.1925887486
131778 0.1906141567
131787 0.1881329859
131959 0.1871849207
132096 0.1867169378
132171 0.1851739921
132218 0.1848277733
132281 0.1840568100
132315 0.1840457912
132375 0.1833616216
132414 0.1828188078
132426 0.1812316191
132455 0.1804415079
132557 0.1793500165
132628 0.1788127716
132680 0.1754479970
132875 0.1750150470
133051 0.1746717806
133053 0.1740250327
133183 0.1738677331
133194 0.1720137104
133355 0.1715526651
133494 0.1645592206
133804 0.1602567790
134231 0.1555104377
134353 0.1535124676
134481 0.1496945340
134512 0.1454811260
134914 0.1390116972
134951 0.1327297900
134952 0.1316367165
135067 0.1238815190
135177 0.1234242446
135195 0.1220045793
135298 0.1192277437
135355 0.1189317111
135359 0.1181725437
135380 0.1158071684
135407 0.1074430752
135691 0.1065040025
135698 0.0954923939
136190 0.0954899794
136214 0.0889172999
136689 0.0880853395
136717 0.0857688195
136761 0.0816392651
136770 0.0762549261
136901 0.0747159228
136908 0.0705214091
136979 0.0674316016
137050 0.0654405896
137068 0.0653098350
137076 0.0647782172
137102 0.0615190771
137185 0.0583646930
137302 0.0560862451
137308 0.0536025448
137491 0.0522757883
137758 0.0503716720
137888 0.0492308749
137895 0.0475436916
137923 0.0450872693
137986 0.0419429321
138115 0.0394912772
138182 0.0390997673
138282 0.0379863527
138288 0.0332836644
138308 0.0314328874
138424 0.0303834737
138544 0.0301501194
138578 0.0281026922
138671 0.0265837775
138700 0.0255931530
138779 0.0234953772
138847 0.0205104445
138967 0.0204895347
138987 0.0200921212
139005 0.0190848777
139209 0.0188799341
139286 0.0181158300
139293 0.0181149794
139371 0.0176369241
139379 0.0175773157
139384 0.0173160482
139461 0.0172089473
139474 0.0163763918
139533 0.0163312629
139549 0.0162427196
139579 0.0153610187
139610 0.0147641095
139754 0.0146775672
139775 0.0146056866
139802 0.0139157233
139843 0.0134352680
139899 0.0131035947
139935 0.0117404856
140374 0.0113875025
140486 0.0105815621
140892 0.0102005514
141060 0.0101998142
141106 0.0101845922
141122 0.0100352880
141155 0.0098650363
141158 0.0097774489
141377 0.0097108191
141495 0.0096485961
141512 0.0095515666
141519 0.0094603817
141597 0.0093983512
141663 0.0093878493
141690 0.0093771641
141773 0.0092608811
141794 0.0092515858
141888 0.0092109663
141954 0.0092107054
142006 0.0090870534
142127 0.0090450987
142165 0.0089997012
142202 0.0089549591
142269 0.0089205272
142350 0.0088683907
142490 0.0088491336
142502 0.0088161445
142600 0.0088144818
142690 0.0087607682
142732 0.0086878419
142798 0.0086105611
143087 0.0084919450
143219 0.0084706021
143254 0.0083902899
143282 0.0082982764
143478 0.0082119771
143543 0.0081539719
143726 0.0081516856
143856 0.0079207234
144033 0.0077139432
144037 0.0076685815
144181 0.0076219301
144262 0.0075814206
144283 0.0073235254
144377 0.0073145576
144488 0.0071246726
144556 0.0069537282
144601 0.0068250925
144787 0.0068104773
144829 0.0067265314
144841 0.0065855468
144961 0.0065003879
145120 0.0064997702
145156 0.0064638904
145326 0.0063414796
145425 0.0061353204
145455 0.0060983075
145525 0.0060924636
145657 0.0059675321
145752 0.0058868268
145872 0.0058528522
145905 0.0058325079
146034 0.0057692832
146077 0.0057559291
146295 0.0056694142
146338 0.0056450730
146422 0.0056243338
146606 0.0055465700
146708 0.0054950926
146996 0.0054256231
147216 0.0054244310
147221 0.0053830801
147402 0.0053618008
147481 0.0053592360
147507 0.0053567571
147525 0.0053495144
147535 0.0052400283
147587 0.0052355344
147669 0.0052303460
147758 0.0052143530
147889 0.0052034561
147897 0.0051929677
148004 0.0051262515
148405 0.0051103806
148512 0.0051100323
148548 0.0050940660
148628 0.0050879651
148638 0.0050715393
148684 0.0050218171
148750 0.0050164426
149092 0.0050056044
149153 0.0049795384
149156 0.0049752622
149254 0.0049476920
149326 0.0049033462
149513 0.0048892931
149676 0.0048821459
149735 0.0048419437
149767 0.0047439060
149974 0.0047081401
150107 0.0045827816
150319 0.0045252317
150473 0.0044497542
150514 0.0044477186
150640 0.0042549226
150929 0.0042170257
150954 0.0038460301
151170 0.0037452632
151176 0.0036483694
151221 0.0034373438
151408 0.0032211192
151546 0.0030636456
151572 0.0028157121
151783 0.0025851458
151862 0.0025564163
151874 0.0024855401
151901 0.0024069944
152019 0.0020591522
152326 0.0020002725
152392 0.0019023181
152448 0.0014528380
152573 0.0014486187
152581 0.0013877262
152629 0.0012214956
152755 0.0012162720
152756 0.0009118769
152948 0.0008720047
153031 0.0007003831
153203 0.0006719432
153391 0.0006626751
153403 0.0005940927
153405 0.0005069758
153499 0.0004952140
153504 0.0004909790
153522 0.0003977233
153593 0.0003833276
153635 0.0003557523
153636 0.0003342319
153692 0.0002653702
153799 0.0002421815
153903 0.0002385371
153921 0.0002135883
153978 0.0001853359
154029 0.0001596719
154055 0.0001267058
154216 0.0001195456
154297 0.0001094929
154348 0.0000954669
154409 0.0000877413
154596 0.0000842568
154632 0.0000821333
154640 0.0000669326
154662 0.0000603467
154713 0.0000563983
154849 0.0000505499
154858 0.0000344616
155090 0.0000293297
155175 0.0000247339
155219 0.0000225334
155223 0.0000224554
155338 0.0000218327
155369 0.0000195233
155435 0.0000195017
155441 0.0000181198
155449 0.0000179338
155468 0.0000166819
155482 0.0000157550
155504 0.0000150904
155531 0.0000116907
155702 0.0000111549
155711 0.0000104811
155735 0.0000098723
155739 0.0000070684
155863 0.0000058954
155941 0.0000056304
155972 0.0000054637
155996 0.0000048563
156131 0.0000042910
156154 0.0000041531
156232 0.0000032185
156367 0.0000030369
156396 0.0000026588
156488 0.0000025439
156531 0.0000023594
156551 0.0000019149
156684 0.0000016204
156704 0.0000014814
156729 0.0000013930
156738 0.0000013169
156917 0.0000013046
156941 0.0000011522
156967 0.0000011083
157010 0.0000011030
157044 0.0000009436
157087 0.0000006042
157317 0.0000005422
157393 0.0000005412
157397 0.0000005049
157411 0.0000004993
157416 0.0000004201
157469 0.0000004110
157506 0.0000003697
157534 0.0000002962
157620 0.0000002818
157770 0.0000002738
157780 0.0000002722
157793 0.0000002600
157794 0.0000002394
157828 0.0000002363
157833 0.0000002223
157836 0.0000002104
157885 0.0000001891
157924 0.0000001784
157975 0.0000001782
158003 0.0000001447
158011 0.0000001377
158013 0.0000001175
158196 0.0000001103
158292 0.0000001083
158306 0.0000000995
158331 0.0000000930
158352 0.0000000808
158372 0.0000000778
158383 0.0000000673
158458 0.0000000590
158534 0.0000000537
158676 0.0000000524
158813 0.0000000485
158825 0.0000000318
159019 0.0000000239
159129 0.0000000195
159325 0.0000000185
159338 0.0000000182
159349 0.0000000151
159386 0.0000000148
159534 0.0000000108
159620 0.0000000099
159675 0.0000000098
159677 0.0000000086
159722 0.0000000075
159727 0.0000000069
159745 0.0000000060
159831 0.0000000059
159890 0.0000000053
159993 0.0000000051
159994 0.0000000038
160097 0.0000000036
160113 0.0000000030
160201 0.0000000027
160261 0.0000000026
160290 0.0000000026
160336 0.0000000026
160372 0.0000000018
160441 0.0000000015
160496 0.0000000012
160631 0.0000000011
160642 0.0000000011
160692 0.0000000010
160852 0.0000000008
160937 0.0000000006
160984 0.0000000006
161078 0.0000000005
161079 0.0000000004
161177 0.0000000004
161250 0.0000000003
161430 0.0000000003
161472 0.0000000003
161482 0.0000000003
161489 0.0000000002
161602 0.0000000002
161605 0.0000000002
161700 0.0000000002
161749 0.0000000002
161779 0.0000000001
161843 0.0000000001
162108 0.0000000001
162116 0.0000000001
162131 0.0000000001
162152 0.0000000001
162166 0.0000000001
162186 0.0000000001
162393 0.0000000000
162467 0.0000000000
162521 0.0000000000
162562 0.0000000000
162661 0.0000000000
162829 0.0000000000
162841 0.0000000000
162865 0.0000000000
162892 0.0000000000
162906 0.0000000000
162958 0.0000000000
163021 0.0000000000
163073 0.0000000000
163084 0.0000000000
163096 0.0000000000
163265 0.0000000000
163372 0.0000000000
163415 0.0000000000
163561 0.0000000000
163603 0.0000000000
163620 0.0000000000
163664 0.0000000000
163715 0.0000000000
163751 0.0000000000
163787 0.0000000000
163817 0.0000000000
163932 0.0000000000
163967 0.0000000000
164086 0.0000000000
164091 0.0000000000
164110 0.0000000000
164130 0.0000000000
164229 0.0000000000
164347 0.0000000000
164397 0.0000000000
164471 0.0000000000
164481 0.0000000000
164548 0.0000000000
164668 0.0000000000
164712 0.0000000000
165016 0.0000000000
165022 0.0000000000
165032 0.0000000000
165105 0.0000000000
165126 0.0000000000
165325 0.0000000000
165348 0.0000000000
165494 0.0000000000
165604 0.0000000000
165907 0.0000000000
166131 0.0000000000
167009 0.0000000000
evaluations raw_y
1 14654697.2156480029
4 13254148.3731176909
6 12558241.0278947242
27 7186088.2352418685
67 5123624.2947286740
99 4518299.7178962063
140 2471393.0066997129
425 2060884.1576440441
1127 1660933.6826319094
1320 1430381.1823690641
1388 1376844.1509269970
1647 1142405.6459594914
1870 844384.8329567459
2142 731998.1036530574
2166 621074.3285302195
2185 604447.4629752778
2265 536738.2934045678
2526 481639.0995552146
2649 413475.2296095986
2708 346901.6523656817
2827 340069.5795784417
2908 314558.5555369036
3253 293983.3906626994
3377 278707.6793829612
3404 268683.3968299108
3462 266984.4850269259
3525 245748.8530647900
3630 198670.1987786835
4106 184409.5936449107
4175 181542.5196879800
4374 165086.8029357785
4487 156624.6324300487
4509 155921.8817184599
4515 143439.0453077331
4613 135340.4082217840
5447 117517.6286088434
6014 116979.7242249411
6139 115738.1745641564
6277 113207.7936615762
6285 111940.0635954789
6295 110219.6216855879
6331 109914.6744008820
6466 107732.4206941784
6612 104772.5734666779
6834 104011.7945545198
7028 97617.2309179791
7083 95863.5695887826
7216 94233.2493077461
7283 94102.0745335635
7511 92185.7144521364
7513 91214.5710478201
7665 90439.7906627902
7827 88398.9330256880
7980 87641.4919414893
8147 86329.5010325559
8257 80498.6497501655
9079 79576.6826879516
9107 77678.3709027749
9307 77197.5992509809
9351 75880.8281587402
9660 74941.4983474826
9720 73757.2258934618
9927 71646.0061438738
10155 71084.5483334614
10476 69574.1805319000
10587 66390.3516223039
11467 65857.4442643924
11632 65781.8010542291
11809 63299.4847049448
12026 63268.7286134224
12427 63252.4102248150
12504 63078.9322212511
12576 62604.2179765362
12613 62094.5700024301
12661 61448.0688766127
12719 60135.2000893619
12824 59386.7368869021
12827 58519.5682214175
13250 57540.7078479693
13343 57247.5854676484
13396 57094.6172833304
13450 54742.1379246357
13880 53327.3605648157
13973 52164.6242223491
14309 49888.7673881850
14895 49680.6066333825
15085 49442.3647623498
15809 47466.2792054683
16406 44531.6175317771
16860 42825.7498468514
16966 41351.9261130555
17000 41248.3470352859
17122 41068.5129920585
17212 40619.1728615216
17218 40367.2106277528
17346 39795.3747358552
17392 37417.6304062494
18259 36652.7082117036
18374 36186.5742462175
18573 35762.1513618531
18749 35616.1761445774
18798 35273.7917073488
18945 35251.9379086171
18995 35232.1638111962
19027 34262.6535856970
19258 33839.7384557025
19303 33740.9624296404
19610 33736.1002958460
19774 33662.6510648625
19798 33417.6155451207
19807 33371.4345928330
19850 32991.7020367144
19882 32800.4740148293
20001 32479.3474834122
20112 32316.0264369356
20726 32135.2081809738
20824 31611.6098274116
20844 31385.5003921962
20852 31381.1692278827
20901 31268.6671917600
21005 30915.6473356882
21108 30815.9725138300
21205 30623.5026641337
21232 29756.9112730810
21470 29468.3964463161
21565 28208.6704204793
21917 28146.3623423165
21927 28056.7098807796
21947 27510.0268879869
22088 26971.1390002504
22182 26538.6811303398
22201 25885.5271769367
22331 24900.4016138595
23313 24796.3615668692
23334 23996.8098041123
23380 23437.1234881645
23536 22950.9834024482
23671 22740.4153467656
23726 22306.0001040042
24022 22232.4128993697
24110 22145.2019063874
24113 21868.3232529517
24138 21146.3755309740
24235 20597.0337964391
24616 20444.9263223262
24676 19740.2977426568
25006 19433.2225727200
25076 18921.6314854856
25353 18778.6916827976
25452 18673.7687891902
25457 18180.0133187951
25514 18165.1132309944
25703 18032.2324743497
25738 17933.9040718908
25777 17921.5689246792
25892 17883.6679616676
25920 17608.3151285240
25950 17303.1979383085
25985 16888.8867935760
26237 16572.2429821585
26621 16421.3402083136
26675 16307.5737204565
26806 16271.9210924979
26900 16167.8567222425
27324 16141.9500930599
27365 16002.1751820961
27425 15499.6868188550
27680 15284.7140355768
27700 15176.6334478846
27789 15133.6102737209
27806 14613.4605622027
28036 14505.0894701418
28217 14319.4643391640
28231 14180.9305501433
28254 14174.3501320464
28591 14033.6994357069
28766 13576.6031982753
28987 13430.7929360378
29324 13067.0205716971
29565 13052.3587405331
29798 12950.8651519870
30041 12935.1730861865
30071 12856.3627749960
30123 12728.4234238013
30336 12287.5438906055
30826 12210.3455749760
30918 11879.3317791152
31026 11783.4991240436
31283 11588.9059742157
31822 11460.7744170544
31966 11380.0598052850
32078 11045.8823898501
32435 10988.8588012800
32588 10857.1476512567
32775 10825.7010887691
32825 10788.9359808119
33120 10783.6413079588
33223 10691.2196515079
33248 10621.5398717863
33371 10619.5648143176
33447 10436.2095659747
33644 10354.5062084110
33894 10308.5619830857
33981 10236.9601039219
34071 10180.1042461281
34072 10130.6498339702
34196 10114.4980941855
34392 10090.3289817361
34424 10057.1665311740
34427 10037.4091830223
34457 9972.3534807522
34548 9913.4015180613
34645 9868.9973545647
34902 9866.4088827754
34970 9782.6605944177
35161 9632.3793821917
35439 9514.2322284887
35654 9481.3724237995
35736 9388.2772968741
35998 9268.8779164772
36161 9257.2070408194
36179 9223.8548654611
36233 9208.6458776425
36356 9146.0022495647
36395 9133.4625750344
36482 9127.7289705968
36494 9078.4744086443
36554 9026.2787732192
36608 9018.9893061154
36633 8995.2767759352
36634 8972.4046798853
36638 8955.0669557736
36729 8943.6399525363
36741 8907.3836192876
36774 8888.9458585900
36783 8838.7814993602
37062 8834.6486677011
37071 8834.4507536082
37136 8833.9823459569
37145 8786.0080971851
37195 8763.1147471316
37284 8742.6488534712
37292 8531.4311818172
37442 8487.6453399488
37454 8478.4263473430
37718 8106.5065476056
38274 8101.8205946249
38407 8082.3595963230
38604 7983.9409039026
38625 7869.0403626946
38809 7653.4620219399
39054 7532.4691943325
39159 7527.9916352317
39172 7524.2461731847
39195 7473.1564458860
39199 7470.2978246948
39229 7413.1211672438
39269 7390.5698916899
39344 7295.4841500786
39551 7117.8503979147
39768 6820.0074209902
39984 6716.3135796146
40016 6631.6244176805
40258 6541.7575199052
40275 6275.1088711425
40350 6160.0254060707
40730 6107.0541036359
40814 6001.7843676457
41589 5812.6221292575
41923 5654.8195378296
41983 5399.4494237979
42572 5394.8980779337
42639 5304.2811909630
42781 5271.1452190987
42786 5217.6356382819
42834 5192.1891484447
43021 5174.3971347267
43036 5159.9175416258
43123 5117.6479671724
43153 5115.3077043514
43240 5071.0791046033
43269 5058.7085580703
43539 5022.9847016622
43632 5012.1754998599
43705 4960.1119744388
43871 4937.8694896270
44033 4931.6362670390
44172 4909.5264417649
44174 4837.1631554049
44361 4831.8702898164
44674 4779.5440462054
44840 4761.0809843593
44925 4756.1824780422
44947 4755.2233927434
44981 4748.8299932699
45126 4678.4096832151
45585 4665.7236780027
45592 4652.8062142665
45885 4620.2305078724
45998 4569.8419144872
46314 4565.4175903929
46363 4550.4133662689
46462 4544.5134677374
46637 4530.4958951801
46688 4478.0335073459
46852 4477.6984576672
46963 4459.6213367858
47010 4452.2320821972
47011 4429.0143685755
47080 4406.7161318707
47084 4386.8114273903
47146 4374.5329005628
47245 4335.2625253605
47432 4329.9489505621
47514 4286.2527230581
47839 4271.0747340988
47902 4249.9455764058
47937 4238.3221235941
47970 4188.9613454131
47995 4087.0102089535
48210 4024.9459119752
48343 4023.8730632118
48482 3894.9301529904
48861 3859.9971768012
48910 3804.4003377118
49059 3754.4076847157
49322 3686.7817688226
49359 3675.6132759312
49404 3647.0429755096
49468 3633.7548226524
49487 3603.5171934830
49547 3602.6578404944
49580 3510.0072334750
49711 3505.5944705698
49816 3459.4884749963
49919 3312.4706080724
50428 3289.1300908599
50486 3188.3209034135
50768 3112.6143850649
51005 3077.1096269135
51022 3008.2441430961
51045 2989.6365859875
51166 2964.9366113636
51183 2929.0046556131
51265 2892.5991253806
51338 2863.0366058445
51472 2807.6187462089
51577 2782.2744666259
51842 2776.9119156248
51850 2774.7092477339
51863 2737.1018062767
51919 2695.2085036375
51945 2672.5468226091
52194 2623.7508762244
52542 2576.9154163341
52576 2524.2919988167
52908 2491.2518796347
52996 2402.8873650421
53509 2388.1115930600
53607 2385.5523789973
53611 2384.8395780193
53623 2384.6650547665
53626 2384.0945912251
53664 2370.0642611923
53751 2330.0443807010
53868 2303.1951665945
53871 2297.8091340356
54097 2287.0045937262
54104 2264.6092991820
54226 2248.7794983130
54260 2239.5886107006
54423 2224.0585236285
54495 2209.5801707554
54604 2202.0335117157
54623 2186.9941360722
54672 2173.3983689993
54998 2163.3005297060
55193 2113.4228823151
55351 2093.1139148194
55596 2088.9885489324
55643 2063.4140362169
55745 2052.4518111614
55859 2051.8929147474
56020 2045.1525759274
56144 2034.7685985436
56280 2029.8185168070
56520 2021.1760240469
56548 2020.9521277445
56554 2017.6686293589
56686 2017.6566705880
56757 2010.7273399750
56825 2004.3499097533
56871 1974.2995329774
57001 1965.2576099443
57074 1964.9949706562
57121 1944.0260647459
57509 1938.6407836792
57561 1927.5525347570
57845 1899.6824907466
57930 1890.5872663549
58672 1888.9853542236
58695 1881.9433160874
58717 1850.7090071929
58816 1849.6816891326
58817 1847.6601660057
58851 1826.4527696126
58899 1822.4399267048
59047 1808.1761628472
59058 1800.6251639215
59159 1788.3133907872
59348 1775.8101671962
59456 1770.4867167532
59468 1765.7705690126
59553 1748.1791421396
59593 1746.6208016022
59603 1742.8802643132
59787 1738.7904387227
59818 1727.8193306814
59845 1709.5256633652
60123 1687.9000551650
60475 1675.6442863422
60540 1675.0730755695
60579 1648.5392121276
60771 1625.8668350474
61125 1610.5870803995
61158 1596.7378544139
61273 1563.9025999885
61317 1553.3907777747
61552 1520.0476721276
61573 1517.0316154142
61738 1498.2278282982
62225 1486.5017266146
62322 1471.1714411133
62382 1440.9186769524
62425 1439.9489430939
62430 1418.2070431508
62520 1416.6193687979
62560 1379.3501586923
62750 1375.1678365717
62753 1353.0616781808
62890 1327.5008056792
62903 1316.3904846362
62952 1312.3291149200
63083 1304.6457328486
63109 1302.5692177035
63131 1296.8393842735
63149 1286.9580957823
63206 1284.5511971027
63261 1283.0228595431
63387 1231.8395091582
63577 1209.5474657194
64299 1205.3844798027
64415 1198.6876922895
64433 1194.5448770384
64542 1187.1911638413
64553 1177.8746513437
64587 1171.1916761659
64660 1166.7159567791
64667 1164.6168649686
64674 1142.6001145465
64815 1125.1214053557
64857 1121.6702957088
64921 1116.7296582950
64947 1111.4974655632
64955 1103.9903403932
64976 1092.6578048382
65123 1071.2020087327
65442 1062.5529041737
65542 1044.7716179039
65697 1022.7285715515
65941 1022.2132975533
65989 976.1179886540
66166 963.0043348267
66524 940.7267231135
66686 939.3024211422
66691 893.2911492325
67617 880.3655218327
67712 867.5705876847
67820 842.0161875084
67903 810.7005740373
67926 794.6899954709
68000 757.6753299587
68250 741.1152316964
68290 703.5769469839
68694 687.0698871186
68801 664.9890498603
69024 662.5876737158
69051 634.7029372047
69454 629.8794912922
69545 570.0934699238
70051 562.2888836659
70096 559.0841873282
70127 554.1946873357
70164 552.7129730479
70207 534.7907869769
70322 525.7218280315
70913 504.6707595416
71099 504.5681174944
71249 475.5287262509
71507 458.3733424055
71720 450.7940616559
71902 448.3751069387
72083 447.2321159485
72123 440.1676783597
72201 436.6803532478
72209 436.2509169548
72227 430.3810745595
72428 423.1602190181
72711 418.8163845136
72997 418.6897147037
73018 417.8864715015
73148 416.6691747072
73151 414.5330942825
73178 411.9879385394
73188 407.9645288727
73292 405.5616077345
73385 401.5949107524
73432 399.7837715793
73551 396.1666892274
73650 395.3066945683
73697 394.5073381653
73893 392.9172930308
73983 390.3552172282
74113 387.9413326218
74245 387.2866704692
74365 383.1270423057
74435 383.0527628539
74497 382.5385165715
74572 380.4421754167
74664 377.8962498882
74720 373.1816431672
74949 371.9157610489
74955 371.2757589572
75019 366.5009607177
75059 365.0066997503
75271 357.6375709236
75696 357.3595860612
75880 355.7513292360
76051 351.9348555207
76159 343.1761485727
76370 341.1426595395
76498 339.3290612616
76870 338.3335304331
76928 336.8448326439
76959 331.3524621932
76978 326.0110682116
77074 318.3240530558
77631 317.8505211080
77861 315.9271908503
77959 314.7718945848
77975 312.6419524501
78031 312.6054650330
78090 310.6274407309
78160 309.0017460391
78192 304.9400376812
78195 304.4791322261
78287 302.4472974615
78374 298.7108239782
78569 297.6026684989
78627 297.5828675082
78740 295.9245671803
78775 295.5427314219
78841 293.0745404783
79077 292.3108628590
79089 289.7045950756
79442 289.5691383636
79501 289.2415843858
79663 287.8969417139
79710 285.6776971258
79886 285.4047514856
79910 280.0276715191
80227 278.9557150115
80436 278.8703410464
80480 278.7785367698
80522 278.2931348089
80577 277.9543284536
80632 277.2742179279
80706 275.7877883916
80776 274.6103102796
80877 274.1375995931
80886 273.0886806117
80909 273.0490971657
81059 273.0019432877
81065 272.9028992542
81104 272.5719179582
81135 271.5258158004
81184 271.2113892560
81223 271.1392482027
81243 270.6317462320
81287 269.9330160909
81292 268.7341475875
81525 268.6144444350
81542 267.5553312831
81631 266.8043890042
81739 266.6222915192
81767 265.8836697770
81856 264.0577643526
81971 264.0318745785
82112 262.4950266128
82222 258.7075987152
82341 258.1436793092
82585 256.6764515285
82666 256.6527474215
82681 255.0030704350
82966 253.3082311923
83006 251.6173302114
83061 251.2574926104
83173 250.7190731549
83271 247.9197635514
83314 247.2453737356
83357 246.2575690840
83380 243.3774750877
83623 242.3961611596
83635 241.2512665646
83758 236.6646900269
83818 236.4593194239
84014 233.6944627744
84417 224.3310720366
84498 220.7117137343
85093 219.9225292537
85266 217.6363349965
85401 217.0908613312
85515 214.9268526900
85613 211.9632290693
85641 206.3080103463
85647 204.4984937890
85834 200.4988979308
85851 199.3580640134
85906 199.1426343086
85907 198.0525287300
85914 197.6761437354
85965 192.8304810506
86060 190.6549088341
86071 189.8784131633
86106 189.4586427122
86148 188.3794421066
86247 185.3698074602
86390 184.9170447658
86449 184.1635948169
86677 183.6805402811
86760 183.4041600088
86807 178.0242635594
86955 174.7379403834
86975 170.0975467608
87244 165.5756235173
87353 161.6424584981
87998 156.3640230429
88054 155.8913898947
88441 153.5317274159
88546 152.0686045717
88585 146.8556334095
88663 146.2786245282
88753 145.9056448295
88800 145.1283469937
88973 144.3005057668
88989 138.2931573845
89421 136.9690475188
89437 136.1118954879
89490 135.7916177259
89519 135.6130453196
89534 132.8162135557
89737 128.1233676587
89865 126.4470251463
90421 124.4903773486
90424 122.5789954176
90483 118.0228698048
90722 114.4480242052
91048 113.3137132690
91189 110.8033171160
91274 105.2033805684
92162 101.8493611005
92229 101.2793534291
92250 94.1517913573
92440 93.0547937644
92477 89.4407195989
92520 87.5780737482
92796 85.9408184402
92917 85.7219437401
92971 84.4457596117
93290 80.2979988610
93597 79.6609975441
93612 79.5715875053
93617 79.3276837854
93664 79.1196383385
93677 76.7288769743
93885 75.8294111973
94034 75.4573636417
94296 74.8723063870
94333 74.6358690691
94405 74.4736610363
94489 74.3771298942
94499 74.2929980324
94558 73.7770319404
94567 73.7042574566
94596 72.3861537774
94613 71.5931142589
94880 70.8898984974
94923 70.6530161940
95198 70.5947434833
95215 70.4736077325
95337 70.3053892895
95373 69.8400497025
95403 69.2473186566
95416 68.5580624819
95802 67.0825732363
96217 66.9212881319
96356 66.2207772916
96444 65.7862463196
96529 65.1278642561
96680 64.4376114056
96934 63.6985573255
96950 63.6647169246
96986 63.4754008233
97016 62.0140485518
97098 61.8562028358
97142 61.5690012122
97166 60.7116937506
97743 60.1610887586
97797 59.5660205999
97901 57.2121006849
98188 56.7700279445
98392 56.7453438485
98666 56.2432264653
98871 55.8922892254
98886 55.3276515293
99038 55.2087413727
99060 54.0938928087
99156 53.9445040261
99164 51.9486583360
99345 51.8289774755
99371 51.4150757092
99374 51.0218945783
99387 49.7563867710
99550 49.5636729647
99571 48.6333179364
99769 48.0856239509
99829 47.9365729663
99858 47.8151560564
99992 47.5882844226
100227 47.2894652509
100278 46.1069992244
100727 45.7385196396
100919 45.6778207316
100938 45.3531055492
101047 44.7696670700
101138 44.4010849875
101263 44.2909268730
101315 44.1404786823
101434 43.6311658815
101521 43.2033363054
101938 42.8799474297
101945 41.7265217149
102151 41.6673942422
102181 41.5104788870
102300 40.9693084518
102339 40.4968193387
102370 40.3525625716
102379 40.3391321165
102386 39.6148906716
102539 39.4103689393
102574 38.9650867142
102844 38.9486984712
102871 38.4474116455
102887 38.2507764048
102942 37.9164647005
103028 37.9090340567
103565 37.8240798852
103596 36.6928635976
103709 36.0045162565
103943 35.3809511089
104139 34.8824133222
104214 34.6345371639
104250 33.9146958736
104481 32.6131609485
104858 32.4412361492
104874 31.5261066434
105617 31.0808576095
105706 30.4114319939
105809 30.3100229034
106076 29.7282669277
106117 29.0797492347
106390 28.8026603231
106532 28.6670204445
106608 28.2991093759
106612 28.2901632783
106616 28.2403127345
106659 27.9719270360
106690 27.9247180038
106750 27.3873212132
106838 27.1197611468
107002 26.3286436738
107194 26.1189502292
107381 25.9743985472
107394 25.5634619264
107590 25.5229093617
107595 25.1550887307
107599 24.8950954103
107984 24.8915423713
108024 24.7333893175
108115 24.6753656729
108199 24.5353837459
108255 24.3606651605
108305 24.1516692138
108323 23.9952314797
108439 23.9937565790
108497 23.6715913257
108514 23.1888234579
108768 23.0705257064
108773 22.9986422888
108828 22.9480183811
108949 22.8352607051
109130 22.6150853201
109218 22.5553109543
109418 22.1302224627
109480 21.6509466732
109631 21.5492429399
109695 20.7865738137
109741 20.7450133063
109921 20.7193831781
109961 20.3979153548
110039 20.2077631097
110155 19.7442921933
110260 19.2471333728
110320 18.6999621437
110352 18.4469701812
110399 18.1067115825
110511 18.0255851838
110606 17.3874999094
110621 17.1293331697
111204 16.4525840891
111392 16.2925835779
111409 16.1734641788
111544 16.1630409261
111587 16.0697036577
111632 15.7638944582
111698 15.5891981669
111717 15.4492436678
111720 15.0748560325
111776 14.5629982665
111794 14.4379798694
111795 14.3169469698
111851 14.1104765688
111933 13.6138625863
112054 12.5842209701
112169 12.0355330403
112235 11.2033631222
112337 10.6623650188
112506 9.9586424558
112926 9.9103628125
113005 9.2494584549
113074 8.2574873916
113339 8.0695103082
113366 7.9371831984
113426 7.6929304388
113448 7.6017318949
113456 7.0587450797
113605 6.9955108171
113796 6.3811719196
114159 5.9890001296
114505 5.8289389290
114676 5.7977299371
114682 5.7520134255
114758 5.6872534564
114761 5.6503496309
114965 5.6357969139
114999 5.5717352689
115088 5.5148696746
115106 5.4957153325
115163 5.4867984632
115203 5.3920526503
115414 5.3849668774
115477 5.3437624473
115481 5.3298972921
115710 5.3020759006
115795 5.2926200994
115798 5.2674393525
115901 5.2647697511
115930 5.2394498543
115990 5.2223927476
116268 5.1687630763
116459 5.1642432860
116860 5.0954256377
117092 5.0188161332
117399 4.9923461115
117461 4.9167504635
117523 4.8820660282
117665 4.8820142712
117730 4.8803981560
117743 4.8760413596
117747 4.8739924388
117817 4.7924982400
117875 4.7768908457
118033 4.7256553231
118241 4.6800232248
118354 4.6605946250
118367 4.6427604621
118392 4.6422672956
118407 4.6210164627
118517 4.6080708656
118550 4.5922840420
118678 4.5344015601
118740 4.5005793447
118937 4.4866952654
119394 4.4410768901
119467 4.3491731926
119642 4.2791322946
119677 3.9759586812
119710 3.7643499491
119760 3.6892319869
119785 3.5307748368
119789 3.3287618478
119797 3.3238768839
120400 3.2556463274
120529 3.1339980774
120584 3.0999343952
120588 3.0594735396
120817 2.8303420972
121035 2.7630361218
121054 2.7070109350
121115 2.4988168351
121213 2.4645410019
121284 2.4611204811
121293 2.4250587420
121344 2.3663101946
121468 2.3645053175
121493 2.2772128686
121565 2.1977609013
121601 2.1119588961
121825 2.0493986493
121967 2.0358567154
122004 1.9625985563
122123 1.9562370065
122239 1.9417662093
122283 1.9394457542
122302 1.9376392530
122326 1.8422005492
122902 1.8359274919
122948 1.6856559177
123612 1.6609149599
123617 1.6552355982
123692 1.6291962749
123744 1.6078668184
123805 1.6075926238
123840 1.5775571567
123895 1.5612467093
123925 1.5584235874
123963 1.4923002126
124253 1.4531768278
124313 1.4466508660
124461 1.4167530827
124586 1.3922594031
124641 1.3580588217
124649 1.3415514897
124699 1.2881655466
124830 1.2641592160
124938 1.1869791342
125364 1.1588111120
125697 1.1506545517
125758 1.0499791057
126061 1.0109969540
126088 0.9997287806
126170 0.9592191428
126179 0.8210019840
126354 0.8030294961
126646 0.7408226204
126654 0.7004475970
126920 0.6431079298
126988 0.5996916704
127074 0.5381664505
127134 0.3860688644
127661 0.3658290859
127707 0.3317259731
127862 0.3130676005
127992 0.3106954503
128011 0.3106330719
128032 0.3079066490
128096 0.2841558430
128127 0.2831805447
128138 0.2475251091
128267 0.2314813280
128379 0.2150009372
128491 0.2140031240
128530 0.2088704156
128619 0.1965946251
128686 0.1962771928
128706 0.1949956577
128737 0.1847407679
128775 0.1779358045
128817 0.1765833177
128895 0.1765582435
128978 0.1757624041
129059 0.1613737874
129118 0.1601716892
129179 0.1566116052
129269 0.1534969001
129316 0.1527999117
129344 0.1471078824
129423 0.1447501674
129438 0.1386866816
129842 0.1379396765
129981 0.1368525401
129987 0.1351874126
130123 0.1347989286
130175 0.1308828834
130189 0.1296522108
130217 0.1253041132
130493 0.1249993546
130520 0.1229513239
130535 0.1225546314
130566 0.1224439963
130611 0.1210481758
130886 0.1209431900
130892 0.1204104050
130961 0.1164949885
131188 0.1162406950
131190 0.1151670251
131234 0.1135847019
131249 0.1120533456
131279 0.1092612270
131443 0.1082692716
131449 0.1050337655
131760 0.1042932850
131887 0.0995556638
132208 0.0971176487
132660 0.0955673954
132671 0.0913362095
132724 0.0871062905
132916 0.0846654371
132918 0.0844532151
133009 0.0812850027
133219 0.0797098703
133300 0.0753661598
133361 0.0742095093
133481 0.0705967241
133675 0.0701650141
133872 0.0673522873
134148 0.0669127370
134151 0.0621838976
134319 0.0620811420
134481 0.0596924999
134560 0.0592863493
134702 0.0581852614
134718 0.0566010000
134800 0.0558702631
134890 0.0542775486
134953 0.0533911515
135057 0.0532064118
135166 0.0518298134
135189 0.0510551011
135284 0.0505704178
135293 0.0493537920
135548 0.0492243469
135569 0.0486437149
135606 0.0476235168
135682 0.0473206783
135736 0.0466394843
135747 0.0464347187
135759 0.0461356709
135825 0.0458261266
135835 0.0457097142
135859 0.0453409844
135872 0.0450634934
135955 0.0440398021
135978 0.0434848340
136172 0.0431779415
136233 0.0425640108
136418 0.0420903824
136459 0.0415231550
136545 0.0414857601
136612 0.0412912643
136674 0.0407534579
136868 0.0406604099
136895 0.0406111546
136990 0.0400500564
137096 0.0398990160
137169 0.0398730929
137206 0.0397934801
137279 0.0396975563
137316 0.0394977226
137339 0.0392337908
137401 0.0391826400
137407 0.0387792046
137529 0.0382076925
137918 0.0378122688
137941 0.0377152013
138244 0.0376131427
138392 0.0373797808
138435 0.0373047811
138477 0.0369221056
138504 0.0367275306
138608 0.0366989425
138631 0.0366381910
138632 0.0362904323
138793 0.0362453937
138903 0.0359756579
139133 0.0355996509
139304 0.0354788399
139393 0.0353786373
139430 0.0353163388
139436 0.0348430167
139498 0.0345510588
139602 0.0329318784
139864 0.0329185211
140018 0.0321926855
140338 0.0309370979
140494 0.0307603216
140500 0.0295716346
140755 0.0290691316
140930 0.0288493853
140958 0.0274316824
141120 0.0251575633
141254 0.0247422114
141451 0.0247123297
141506 0.0243975547
141533 0.0236819096
141644 0.0232124872
141783 0.0227659539
141958 0.0225876197
142022 0.0218311604
142025 0.0212139181
142101 0.0205343656
142206 0.0189790878
142270 0.0187459702
142556 0.0170667707
142661 0.0157094961
142751 0.0151407328
142756 0.0149259262
142766 0.0135806103
142820 0.0110064050
143549 0.0096799508
143765 0.0094059703
143821 0.0092033791
143848 0.0082140175
143914 0.0051015338
144635 0.0041588097
144706 0.0037300283
144840 0.0034485083
144868 0.0033114540
144952 0.0030889651
144963 0.0030162730
145005 0.0028416996
145020 0.0028064967
145047 0.0026936117
145057 0.0025221160
145217 0.0024527961
145244 0.0022777046
145260 0.0022323213
145399 0.0021398665
145471 0.0021300088
145483 0.0020496928
145494 0.0019157282
145521 0.0017748398
145690 0.0017094326
145883 0.0016160617
146067 0.0016049217
146172 0.0015698756
146220 0.0015589680
146249 0.0015298630
146261 0.0015052006
146340 0.0014648262
146404 0.0014108209
146499 0.0014083358
146585 0.0013966356
146682 0.0013917143
146742 0.0013817129
146745 0.0013803987
146749 0.0013699601
146812 0.0013642860
146852 0.0013529661
146883 0.0013499228
146893 0.0013492830
146929 0.0013382660
147013 0.0013351280
147035 0.0013180561
147080 0.0013076941
147127 0.0013062126
147178 0.0012995786
147187 0.0012962080
147208 0.0012889619
147418 0.0012880620
147428 0.0012871216
147448 0.0012793896
147545 0.0012684878
147636 0.0012646866
147713 0.0012545113
147733 0.0012501079
147740 0.0012413994
147787 0.0012397703
147811 0.0012306886
147871 0.0012233427
147953 0.0012154556
147975 0.0012096416
148008 0.0011938856
148528 0.0011932263
148634 0.0011874697
148730 0.0011861400
148817 0.0011723298
148879 0.0011715425
148913 0.0011595959
148970 0.0011422611
149020 0.0011378532
149045 0.0011131579
149336 0.0011120318
149368 0.0010849622
149384 0.0010836400
149395 0.0010697397
149434 0.0010441853
149658 0.0010412758
149690 0.0010215789
149747 0.0010109739
149890 0.0009886263
149907 0.0008508820
150229 0.0008444571
150359 0.0008243758
150425 0.0008219944
150538 0.0007891571
150582 0.0007609446
150742 0.0007096984
150897 0.0006735703
151037 0.0006654022
151057 0.0006274400
151084 0.0005574284
151120 0.0005051852
151393 0.0004715839
151421 0.0004480467
151433 0.0004063561
151538 0.0003877127
151568 0.0003141544
152109 0.0002917476
152165 0.0002266990
152436 0.0002165099
152446 0.0002064440
152478 0.0001915364
152574 0.0001722068
152588 0.0001670745
152613 0.0001086828
152776 0.0001000490
152875 0.0000852870
153053 0.0000709375
153149 0.0000515820
153161 0.0000488000
153224 0.0000484405
153238 0.0000395647
153415 0.0000391497
153476 0.0000373525
153480 0.0000321811
153519 0.0000313365
153531 0.0000266419
153606 0.0000259266
153617 0.0000247746
153691 0.0000215368
153760 0.0000214692
153779 0.0000209911
153792 0.0000205594
153810 0.0000180762
153844 0.0000179173
153845 0.0000156635
153888 0.0000148835
153897 0.0000146484
154032 0.0000098166
154094 0.0000095231
154172 0.0000082799
154229 0.0000075362
154278 0.0000066623
154285 0.0000057363
154337 0.0000054688
154496 0.0000053560
154521 0.0000049109
154551 0.0000048468
154622 0.0000047640
154646 0.0000042464
154651 0.0000042347
154694 0.0000034466
154714 0.0000031253
154759 0.0000027086
154883 0.0000024725
154889 0.0000024142
154918 0.0000015597
155046 0.0000009337
155317 0.0000006889
155598 0.0000006025
155734 0.0000004621
155798 0.0000004046
155912 0.0000003970
155921 0.0000003773
155976 0.0000003628
155996 0.0000003590
156013 0.0000003317
156124 0.0000003099
156193 0.0000002823
156202 0.0000002454
156219 0.0000002376
156262 0.0000002006
156270 0.0000001747
156342 0.0000001693
156434 0.0000001471
156471 0.0000001422
156535 0.0000001286
156599 0.0000001272
156638 0.0000001210
156690 0.0000001180
156717 0.0000001111
156778 0.0000000916
156839 0.0000000860
156872 0.0000000633
157068 0.0000000585
157118 0.0000000574
157187 0.0000000491
157196 0.0000000403
157247 0.0000000394
157285 0.0000000393
157342 0.0000000332
157424 0.0000000323
157465 0.0000000321
157483 0.0000000279
157503 0.0000000266
157590 0.0000000241
157591 0.0000000234
157650 0.0000000183
157792 0.0000000175
157821 0.0000000161
157836 0.0000000153
157857 0.0000000135
157938 0.0000000116
157952 0.0000000111
158008 0.0000000099
158013 0.0000000097
158055 0.0000000097
158074 0.0000000088
158202 0.0000000074
158245 0.0000000061
158342 0.0000000053
158359 0.0000000052
158419 0.0000000040
158532 0.0000000025
158757 0.0000000025
158860 0.0000000019
158905 0.0000000018
158909 0.0000000017
158928 0.0000000015
158966 0.0000000014
159009 0.0000000012
159147 0.0000000012
159178 0.0000000012
159207 0.0000000011
159224 0.0000000009
159279 0.0000000007
159384 0.0000000006
159555 0.0000000005
159556 0.0000000005
159624 0.0000000005
159727 0.0000000004
159740 0.0000000004
159743 0.0000000004
159795 0.0000000004
159814 0.0000000003
159825 0.0000000002
159981 0.0000000002
160026 0.0000000002
160035 0.0000000002
160105 0.0000000002
160111 0.0000000002
160167 0.0000000002
160169 0.0000000001
160217 0.0000000001
160312 0.0000000001
160439 0.0000000001
160443 0.0000000001
160481 0.0000000001
160535 0.0000000001
160603 0.0000000001
160655 0.0000000001
160659 0.0000000001
160668 0.0000000001
160672 0.0000000000
160785 0.0000000000
160938 0.0000000000
160962 0.0000000000
161000 0.0000000000
161026 0.0000000000
161036 0.0000000000
161108 0.0000000000
161132 0.0000000000
161252 0.0000000000
161278 0.0000000000
161291 0.0000000000
161299 0.0000000000
161335 0.0000000000
161559 0.0000000000
161593 0.0000000000
161653 0.0000000000
161731 0.0000000000
161733 0.0000000000
161738 0.0000000000
161745 0.0000000000
161761 0.0000000000
161800 0.0000000000
161830 0.0000000000
161836 0.0000000000
161887 0.0000000000
161977 0.0000000000
162019 0.0000000000
162024 0.0000000000
162026 0.0000000000
162179 0.0000000000
162230 0.0000000000
162234 0.0000000000
162267 0.0000000000
162330 0.0000000000
162361 0.0000000000
162470 0.0000000000
162548 0.0000000000
162598 0.0000000000
162639 0.0000000000
162744 0.0000000000
162759 0.0000000000
162942 0.0000000000
163083 0.0000000000
163115 0.0000000000
163155 0.0000000000
163251 0.0000000000
163285 0.0000000000
163359 0.0000000000
163392 0.0000000000
163412 0.0000000000
163490 0.0000000000
163530 0.0000000000
163601 0.0000000000
163789 0.0000000000
163827 0.0000000000
163843 0.0000000000
163989 0.0000000000
164036 0.0000000000
164048 0.0000000000
164069 0.0000000000
164206 0.0000000000
164372 0.0000000000
164374 0.0000000000
164382 0.0000000000
164385 0.0000000000
164531 0.0000000000
164633 0.0000000000
164646 0.0000000000
164716 0.0000000000
165184 0.0000000000
165392 0.0000000000
165733 0.0000000000
166282 0.0000000000
evaluations raw_y
1 31505544.2011529170
2 22903816.6607562751
18 18018575.8070643172
19 17620268.7584768943
28 12486108.3363610636
62 7102879.2380525591
96 4976481.1186221726
140 4733721.3113487130
313 3623326.7873331388
673 2475123.0596166202
702 1648201.6751199637
892 1422820.2835724631
1201 1421769.5510716275
1212 1383862.8416349026
1547 1009825.5906683940
1590 984596.0146535216
1666 841368.7989766714
1860 807115.6120400066
1871 793223.2044734252
1880 699544.7035564947
1899 621877.4806088180
2020 464747.3980773757
2231 438357.3844099714
2822 423472.9616189605
2960 286302.8726968428
3942 249930.8027697422
4123 211335.9374913513
4280 196590.6040510600
4468 196122.2371929720
4745 193209.8913162577
4991 181883.9255885615
5213 179579.3017275888
5215 179330.7553532033
5442 143971.1446114047
5862 137716.9402025361
6266 126630.9726194899
6296 126323.1909543493
6500 124320.5846057829
6505 122835.9662168163
6519 122423.0440544146
6651 111022.9284504030
6757 107317.3908462246
6909 91710.7482699757
6931 90134.3422832916
7568 84714.2142665718
7872 82358.2773181076
7938 79430.1059122108
7948 78547.5875070905
9035 76311.1469828572
9087 71769.5077520433
9249 70152.0478074761
9564 69485.6318943920
9671 68430.6263669945
9802 67003.4102906973
10011 62090.7035082996
10409 60505.1462130193
10527 59952.0136661662
10553 59787.6647046079
10568 58638.3861975352
10920 58189.2279930912
11041 58153.9495980756
11086 56665.7661589319
11131 56175.7114089349
11181 55236.6415667258
11331 55083.2088371276
11388 55041.0977491367
11424 54558.4110107226
11447 53271.5197454592
11647 52419.9769154588
11882 51798.9801896775
11899 49337.2495542526
12325 48500.2100013977
12506 48355.6630899889
12760 47507.8443651821
12770 47468.4145796443
12773 46386.1574799477
12841 46208.9885157883
12921 44380.6246136242
13039 42995.3908881003
13191 42489.0732618048
13290 42322.5584950001
13388 41500.5853443554
13572 39351.3522327034
13588 39268.2852044016
13715 38443.8747188558
13754 38241.4905398325
13921 37136.4911014828
14041 36269.7481551037
14112 35486.5498075137
14201 33760.4276375152
14526 33284.0129149033
14622 32142.8912392415
14642 30891.7697515267
14714 27948.7623924041
15371 26419.0336410510
16077 25049.1589465780
16297 24347.8796435207
16343 23313.8667092087
16388 22987.3305376690
16422 22637.8084732975
16792 22616.2481159690
16821 21007.5226587736
16842 18423.3615971700
17626 18063.7935279961
17801 17868.5301407166
17829 17712.1115095256
17831 17695.9159035381
17837 17608.2256697158
17950 17140.3231119106
18141 17062.1221584651
18311 17030.7214444320
18355 16930.4025623803
18434 16689.0225498942
18593 16660.8861772611
18618 16162.4405374999
18852 15856.5909301908
18854 15804.6069665070
18871 15676.6040003907
19061 15639.0463363603
19252 15555.0212336019
19310 15394.8335525462
19327 15276.6297014443
19664 15038.5246159053
19713 15022.7610008758
19861 14701.9602672885
20061 14673.9148162093
20266 14618.3511475803
20401 14459.2299489866
20551 14370.1850148564
20894 14202.8105796992
21077 14141.0662672422
21369 14123.9709089238
21404 13905.9049460455
21558 13881.5889494710
21585 13718.7444256692
21699 13676.4676972175
22016 13575.2279263312
22301 13571.7464307304
22338 13500.5573804944
22348 13368.4206814413
22567 13368.1347812587
22682 13296.5894587137
22940 13083.1793012818
23018 13054.2953290941
23322 12927.6509339901
23425 12918.1045110940
23492 12906.9042916001
23558 12843.3525146811
23593 12828.0363412312
23653 12827.3145078785
23688 12819.5129788512
23703 12810.9406939891
23708 12788.0037273855
23728 12730.6020649996
23774 12695.4675344945
23897 12676.1852081022
23948 12657.7252099052
23957 12580.2776288099
24013 12546.0292628971
24066 12488.5883414707
24067 12282.3170906275
24275 12267.4423068813
24290 12101.8757355343
24626 12050.3468523233
24833 12027.5429801914
24989 11945.6244367765
25025 11869.9889841745
25051 11766.0376814286
25053 11524.5563052322
25430 11428.5805529731
25462 11393.8747278459
25518 11350.3945186384
25576 11125.5337714462
25883 10794.1150395871
26597 10703.5593004020
26810 10377.7456031774
26870 10187.2948649962
27166 9760.9223796469
27234 9507.9009604553
27282 9454.3126594402
27509 9225.5945348465
27673 8687.9789588880
27719 8321.1937881327
27722 8164.6220750130
28120 8137.8273459082
28420 7776.9181212733
28514 7605.0514816588
28541 7363.6883538033
28593 7263.7818040235
28913 7123.7569475681
29166 7054.2221495935
29243 6777.2706556336
29265 6463.0161011650
29332 5628.1802041543
29892 5590.8392402060
29903 5379.7526682140
29940 5238.7715905471
30226 5183.9318454486
30252 4908.9267439413
30363 4792.9018831659
30691 4698.9254996748
30815 4668.5484221841
30882 4662.7423701018
30917 4566.7786714750
31345 4515.3933604795
31367 4424.0994595996
31470 4400.9349691406
31650 4397.1661189004
31829 4375.5263430231
31837 4348.2326638526
31851 4262.5899648254
32111 4255.9155245454
32127 4178.8516181873
32209 4159.9652493986
32280 4113.9013115572
32321 4083.0485100637
32409 3992.4709985033
32436 3987.9279798499
32582 3971.8010396748
32589 3967.9355784617
32702 3934.5613081542
32712 3913.8826007193
32775 3853.8825307964
33107 3835.1735140928
33368 3818.0561490686
33391 3710.8880591810
33868 3661.7257155798
34079 3650.4079376267
34315 3618.3608272274
34472 3611.3117497243
34579 3589.3046721583
34582 3585.3628137292
34666 3583.6708424076
34777 3564.3153599859
34823 3525.2339154202
34849 3520.4018261119
34936 3516.8109345997
34985 3507.6542708229
35035 3507.6408441478
35079 3490.0951822448
35101 3459.0786219911
35133 3451.3621105046
35231 3444.7685190044
35460 3429.0406806843
35481 3419.0760575323
35798 3395.5098524349
35850 3371.6953161867
35900 3364.4920896859
35982 3356.3492459716
35988 3316.9887429689
36307 3299.9568886515
36590 3290.9007433394
36689 3246.8757801401
36710 3157.0148909925
36972 3066.4788913143
37300 3041.4851137728
37330 3029.5112972132
37571 2970.2622142121
37716 2940.2805754999
37824 2936.8746805695
37892 2936.6331881896
37931 2872.3086130212
38041 2842.6112742755
38088 2834.4546805546
38147 2804.5773368650
38285 2803.5829968411
38368 2779.3474373176
38391 2579.5435504746
38714 2550.4630879348
38922 2548.1292638139
38938 2528.3163992437
38953 2440.7873386866
39461 2414.1872335390
39592 2393.2910331309
39609 2354.7029434097
39689 2314.9762937052
39720 2261.0045096882
39795 2257.5549442509
40011 2251.3375785619
40078 2215.1539298735
40135 2204.5105926605
40178 2183.8199390121
40180 2170.4698174475
40214 2167.9397784695
40243 2136.4207791161
40435 2128.5462779592
40547 2076.5608366947
40561 2069.1138656529
40664 2022.3812263632
40937 1986.3786470240
41111 1974.5907766159
41247 1973.2290328058
41368 1925.0657381497
41440 1901.8724367441
41837 1807.9778567421
41842 1726.3881821489
42226 1711.5911324216
42279 1678.8979976579
42364 1662.7135269585
42569 1638.7690616981
42685 1628.6232576416
42706 1622.0848703486
42780 1601.2442668996
42819 1586.2795758163
42991 1555.3964751957
43037 1528.1586720075
43235 1521.5157053382
43423 1519.3578331594
43434 1512.3347404259
43494 1500.8043147083
43527 1496.9756929204
43619 1468.5646979591
43682 1433.7631492784
43692 1398.5385201854
44119 1349.6271197800
44351 1346.2111813214
44370 1305.6378627014
44388 1305.4043960367
44537 1276.6719464292
45065 1273.7845054153
45232 1264.6956813233
45395 1262.2701343815
45443 1201.1274711998
45720 1191.7922285149
45881 1161.6319431268
45942 1141.4044157653
46008 1140.4144943120
46321 1140.1728381027
46350 1121.2598974183
46465 1100.1248591073
46591 1090.3286723253
46682 1059.7891276293
46991 1059.4624373691
46997 1043.8664476312
47020 1029.3604967662
47063 1008.2895289934
47471 999.6712942255
47548 987.8165446302
47639 987.6975138921
47682 964.6224543404
47914 956.0708701260
47926 950.7539221142
48098 940.6945214472
48134 913.9249954073
48740 912.5000737413
48767 908.1737671991
48780 908.0450410037
48810 898.6266666169
48859 893.6947014260
48923 891.4357337559
48960 884.8245300783
49018 882.3056813274
49278 878.0193230836
49311 872.4420467305
49350 855.9348223644
49487 836.1976743773
49752 835.2564183771
49855 824.9129855005
49963 806.6039039912
50168 803.3348428010
50220 802.2543738609
50315 796.2015130490
50316 792.6903211311
50334 789.6704762101
50486 783.8420358709
50606 780.5352418916
50714 769.2890526578
50898 746.1028971512
51072 739.1813964935
51081 723.0115516716
51419 715.8138182982
51434 714.8014538664
51457 709.3029136239
51470 708.4474513936
51473 707.3223286770
51556 700.7569302802
51575 696.1606714765
51719 692.4865984287
52026 690.5816580117
52086 680.2881440485
52204 634.8082955575
52353 624.2185699983
52576 606.4984883603
53358 572.2994589124
53459 569.4872783690
53626 569.4651031400
53720 547.6257380762
53830 543.1532299121
53893 525.0043136375
53906 524.4281854676
53984 520.9140274347
54017 502.4427277486
54337 498.8098945405
54356 496.1610494275
54477 485.2836189030
54562 482.2318680632
54638 481.5009245460
54744 479.8357199643
54769 479.5770973783
54883 473.5677424751
54893 472.1770595104
54997 461.4366860555
55165 452.8246542414
55167 450.1414656301
55301 440.5606424624
55378 440.2206918419
55465 438.1358946352
55488 437.8364584020
55497 435.2236826296
55634 429.6076570420
55677 427.3736297074
55725 415.4433259701
55839 412.8649873630
55999 412.4876117458
56238 400.7027006341
56478 399.1743305177
56580 397.0736673428
56655 391.3138767827
56667 366.0371402472
57006 354.1243067693
57340 350.0178814711
57364 326.9849086933
58017 316.2321604215
58038 306.1140026929
58440 305.6275515639
58617 301.4472586461
58634 291.2466090353
58950 290.7582003832
59123 288.2140576115
59461 284.6594555434
59532 284.1824468660
59587 281.2568191217
59797 278.8141831678
59900 277.8269955119
59985 276.8310428744
59987 275.0823943235
60180 273.7455006251
60369 272.3059571464
60603 270.0753059663
60698 269.8969068241
60857 269.2841362970
60981 267.1044666273
61323 266.1731996538
61646 265.1950896309
62066 265.0170608121
62439 263.7350659658
62537 262.7765598394
62687 262.7331293622
62693 262.2536322527
62733 261.6429939084
62923 261.6163704649
62941 261.5572178347
62977 260.4588585668
62992 259.0669320657
63348 257.5216023380
63734 256.7474799918
63824 256.6764976653
64000 255.6428009569
64056 254.9625650872
64292 253.0689004492
64364 252.6407978470
64489 249.7838899335
64560 248.3201727129
64848 247.2447053227
65025 245.3036688419
65173 239.9695941348
65699 237.4474462906
65979 237.1005171133
66009 237.0569130730
66073 236.8651198351
66136 235.9329564452
66154 232.5500223117
66189 231.3688141702
66354 223.0180221452
66850 220.8710722564
66861 220.2900402227
66920 220.1532493356
66936 219.9568203942
66969 219.2194626941
67056 216.9595205136
67078 215.0175968578
67143 214.2810576463
67182 210.6313208200
67236 209.9739628867
67265 209.0912501116
67284 208.7582213400
67348 202.7279952506
67619 201.7565326721
67672 199.4435261590
67720 197.5609811584
67865 196.3206363060
68097 193.2812224466
68496 179.0857204921
68826 178.6586896344
68990 170.4764941024
69097 167.1455682490
69201 166.5401683859
69268 165.4291639597
69322 161.3393475172
69400 160.4215494175
69428 160.0620269908
69459 157.7728129063
69767 156.1402103554
69929 155.5879147326
69975 151.5302171190
70105 150.8259283238
70187 150.5912308221
70285 149.7293786959
70329 148.4610135367
70358 147.9905272859
70367 146.8819855329
70394 145.9438228275
70435 145.6152498365
70464 144.4552319642
70469 143.4490261968
70506 142.5905937286
70556 142.1431089284
70564 139.4650392028
70673 139.2563168803
70694 139.1215720300
70744 138.6110913570
70758 138.5921596928
70820 138.4464683656
70829 137.6923635293
70836 137.2484940029
70862 136.8768357607
70930 135.1827920607
70952 135.0901707853
71097 134.4521833019
71341 133.5546638332
71374 131.3328224786
71726 129.8189625828
71733 128.7683394110
72114 128.2665642111
72156 127.7899127927
72276 126.4920058955
72314 124.8380255951
72464 124.3780575031
72498 122.4918948815
72694 121.6580506813
72877 121.0516512483
73007 119.3392572041
73090 118.6005296639
73272 117.0436990852
73360 116.6493526295
73365 114.7850469203
73376 113.9633869247
73590 113.0741830371
73757 112.8423796368
73886 111.4482150473
73944 110.4630531758
74021 108.2517489216
74374 107.5299196901
74475 106.7925209676
74535 106.4702700595
74573 105.7974673619
74595 105.6070911262
74785 105.0018727484
74804 104.7542124520
74807 103.9905435247
74871 103.7921659636
74873 103.2293352119
74980 102.8011991768
74994 101.7252053978
75010 98.4675276841
76033 96.8044651173
76098 95.8405814351
76211 95.5846341454
76331 94.7388358557
76334 94.2864576448
76446 93.0597380291
76505 88.4230470205
76625 88.3212918033
76867 88.0015074801
76876 87.7612802023
76879 87.0678866578
77091 87.0172451705
77145 86.6319803159
77171 85.0140659234
77172 83.8320648903
77393 83.3181088356
77637 82.2100296337
77756 81.0063048885
77841 80.7297244238
78014 80.2221837353
78072 78.2837468794
78185 77.6946265632
78382 76.5502973833
78742 71.8127260173
79014 71.1063713893
79022 70.8920068060
79053 68.6743974549
79141 66.8820450406
79231 62.9261853916
79914 60.5078367132
80130 59.7473899100
80269 55.1660185073
80361 55.0320485599
80379 54.8304025239
80448 54.4375843771
80490 53.6139114948
80629 53.2030516708
80668 51.3467960640
80713 49.6845265494
80749 49.6678709837
80893 48.7966849299
80996 46.7851889508
81164 45.0770425144
81367 44.7879570467
81373 44.1001135503
81747 43.6284254271
81889 41.7822886976
82006 40.4018853964
82111 39.0311996648
82159 38.5215702145
82294 36.6589644780
82722 34.3020771196
82921 33.1485767622
83237 33.0107914654
83322 32.8611501011
83338 32.1423527899
83607 32.0037047737
83655 31.1644319733
83899 31.1539522389
83943 30.2815768253
84271 30.2653316178
84471 30.0056971173
84523 29.3923787091
84720 29.3206708798
84786 29.0847895695
84961 28.9900918296
85226 28.7019547065
85514 28.4078406664
85693 27.9452997940
85955 27.4591230880
86257 27.3485310660
86317 27.2951357375
86457 27.2283937811
86484 26.7414881397
86591 26.7059394334
86690 26.4752480165
86707 26.2782135099
87015 26.2670940439
87024 26.2357977199
87034 25.9067658668
87234 25.6886407110
87353 25.5641756585
87449 25.5432714775
87456 25.2734494600
87751 25.1956317988
87989 25.1567729920
88036 25.1389814904
88100 24.6728625548
88511 24.6433657347
88606 24.6137368983
88667 24.3609691613
88793 23.9924456861
88895 23.9530160312
89019 23.8873207658
89042 23.5064581993
89504 23.4432568905
89518 23.3500719998
89535 23.2952079615
89577 22.7583092757
89875 22.4566318613
89957 21.5162351907
90077 21.3863415940
90105 21.1877719262
90167 21.1259365715
90627 19.3381734000
90852 19.3189155909
90868 18.1825493040
91302 17.6619168236
91518 16.2175597271
91613 15.6629477808
91797 15.4504707934
91965 14.0108489011
92090 13.5366652178
92145 13.4019874368
92232 13.1924512326
92392 12.6384212976
92454 12.2529191153
92808 12.1910277087
92842 11.9454160158
92860 11.7233141922
92937 11.4639449486
92991 11.2563394215
93113 11.1089666814
93201 11.0463631611
93217 11.0228101650
93379 10.9359353413
93419 10.8207776437
93479 10.7473840346
93579 10.7102677405
93641 10.4426754885
93673 10.2822057904
93698 10.2541980909
93774 10.0529099838
93944 10.0147452788
94052 9.9368343586
94057 9.9020491076
94058 9.5775974925
94128 9.4645781574
94268 9.4335811259
94400 9.4077064189
94512 9.2230368012
94708 9.1894837348
94861 9.1761187823
94893 9.1604690191
94912 9.1523767676
94936 9.0483647339
95116 9.0244343150
95247 8.9931059701
95267 8.9439395145
95304 8.8672052407
95496 8.6997808870
95597 8.6792463679
95719 8.5927453499
96525 8.5878852809
96644 8.5762264315
96759 8.5235194447
96769 8.4884030053
96904 8.4733261246
96907 8.3730693258
97015 8.3245309894
97049 8.3222282204
97131 8.3057133148
97326 8.2308426551
97459 8.1638371480
97709 8.0776999972
97893 8.0362731852
98037 7.9860775326
98194 7.9672922808
98226 7.8958248951
98380 7.8746010017
98417 7.8380422558
98714 7.7900078270
98867 7.6780036464
99012 7.6074056960
99214 7.4034841961
99433 7.3787437712
99594 7.3642900117
99682 7.3309457316
99919 7.3149157076
100030 7.0903362268
100064 6.9303866124
100352 6.9222031332
100383 6.6586433521
100583 6.6137790264
100661 6.6132699869
100744 6.5924136813
100761 6.5553451117
100769 6.4905424849
100800 6.4740359529
100856 6.4480729891
100909 6.2707413518
101174 6.1155027703
101378 5.8969266001
101414 5.8293159880
101521 5.6098817719
101549 5.5968729705
101592 5.5141429943
101610 5.3906063414
101636 5.3871512995
101637 5.3371770235
101638 5.2879595025
101675 5.2675203532
101701 5.0468094495
101757 4.7812611906
101824 4.6869289565
102480 4.6777563099
102545 4.5944604159
102603 4.5833980991
102750 4.5682209285
102802 4.1409904405
103043 4.1297636464
103085 3.8431455165
103159 3.7909147564
103403 3.3846875694
103659 3.2626562625
103695 3.1712783318
103975 3.1367256268
104101 3.0506373483
104158 2.9693767730
104262 2.9595225882
104357 2.8185745725
104359 2.7832846530
104652 2.7803435809
104703 2.7638986940
104742 2.6623015255
104747 2.6577691041
104764 2.4296602937
105547 2.4219337833
105559 2.3619073417
105673 2.3524082440
105714 2.3362149817
105723 2.2821810921
105732 2.2356799057
105866 2.2274774490
105933 2.2253606611
105997 2.0923936902
106143 2.0451462086
106336 2.0441172803
106357 1.9898621515
106409 1.9878427871
106578 1.9451469011
106639 1.8830904899
106697 1.8793604268
106815 1.8495949260
106820 1.7975421765
106869 1.7750210668
106996 1.7682799703
107002 1.7401020558
107062 1.7391367223
107202 1.7278579272
107204 1.7181465311
107344 1.7117212420
107467 1.7068063618
107545 1.7030105749
107574 1.6906104120
107675 1.6853995132
107685 1.6493801632
107750 1.6224364610
107759 1.5915712747
107947 1.5449904404
108233 1.5128505029
108403 1.5016515178
108442 1.4117232275
108526 1.3138403733
108576 1.3044654293
108596 1.2681798927
108613 1.2640894279
108614 1.2219230300
108618 1.2006898031
108679 1.1827290801
109494 1.1785805488
109512 1.1760664880
109523 1.1674630124
109539 1.1548804621
109564 1.1204209352
109623 1.0953508770
109681 1.0890687945
109704 1.0867140126
109844 1.0206566343
110030 1.0065022177
110066 0.9830273747
110146 0.9729188342
110207 0.9678101186
110257 0.9462731487
110471 0.9420765769
110491 0.9290844065
110497 0.9286791800
110890 0.9129521473
111243 0.9076656801
111441 0.9038985554
111494 0.8877745619
111511 0.8614798447
111634 0.8565133585
111658 0.8540998572
111668 0.8401262250
112088 0.8262516818
112132 0.8218418116
112146 0.8162529784
112214 0.8143758360
112243 0.8141074347
112406 0.8136777311
112416 0.8090309501
112446 0.8062562105
112507 0.7779417611
112739 0.7748018075
112757 0.7731282061
112828 0.7686119000
112871 0.7654241652
112874 0.7593727210
112894 0.7573691866
112955 0.7540730632
113146 0.7475291202
113241 0.7347417438
113294 0.7346087933
113382 0.7117463393
113684 0.7084394706
113794 0.6979859655
113816 0.6943550623
113949 0.6940816112
113950 0.6639320113
114734 0.6531267861
114779 0.6485430254
114816 0.6282505543
114980 0.6165358974
115030 0.5966765258
115254 0.5727364284
115325 0.5722555225
115336 0.5648463574
115462 0.5540680435
115470 0.5281889372
115793 0.5065394787
116079 0.5051671395
116215 0.5046890478
116331 0.5039845330
116654 0.4948370428
116710 0.4819295446
116773 0.4747009579
116802 0.4702771672
116844 0.4560714847
116865 0.4391555189
117044 0.4369094672
117098 0.4246104773
117111 0.4205792805
117188 0.4113070396
117340 0.3856905313
117519 0.3835783998
117592 0.3738547704
117593 0.3711531240
117597 0.3620373184
117606 0.3490840210
117683 0.3480557924
117760 0.3432849016
118068 0.3414885446
118123 0.3286156587
118150 0.3244118147
118284 0.3127233486
118372 0.3103179011
118400 0.3084942086
118422 0.3034148274
118538 0.3012703823
118544 0.2983989175
118624 0.2979189754
118666 0.2945810375
118693 0.2945070648
118718 0.2900699805
118864 0.2865049235
118888 0.2858873938
118933 0.2849845277
118991 0.2819675681
119006 0.2812013014
119019 0.2790675107
119192 0.2753718909
119232 0.2712212843
119347 0.2672409677
119487 0.2642540236
119544 0.2583190273
119594 0.2577201786
119644 0.2565485878
119662 0.2530786437
119693 0.2481121448
119800 0.2456837728
119888 0.2455198970
119911 0.2444895197
119936 0.2301427403
120114 0.2270817251
120196 0.2268112055
120231 0.2240685471
120236 0.1916743836
120500 0.1870398661
121271 0.1850319392
121303 0.1773463201
121461 0.1619369454
121622 0.1580212496
121677 0.1479131426
121761 0.1467969734
121844 0.1453989836
122104 0.1446676558
122119 0.1433194279
122126 0.1274393613
122251 0.1255475994
122319 0.1208191219
122343 0.1177448972
122444 0.1115181090
122456 0.1054189340
122521 0.1052419482
122656 0.0981767512
122678 0.0950890067
122701 0.0948621228
122882 0.0891955040
122978 0.0880075877
123107 0.0866992885
123137 0.0833592557
123285 0.0807318889
123339 0.0805675541
123340 0.0763147154
123408 0.0745471631
123441 0.0743939082
123704 0.0736753832
123782 0.0732867351
123900 0.0723900207
124022 0.0704994734
124078 0.0695718694
124142 0.0690964907
124144 0.0685913766
124277 0.0683814404
124305 0.0682533204
124355 0.0666857516
124466 0.0657855483
124694 0.0654638699
124871 0.0653326399
124894 0.0648549032
124908 0.0637688810
125114 0.0635081825
125203 0.0625046926
125624 0.0610337247
126164 0.0605329070
126333 0.0604228082
126348 0.0584725890
126543 0.0570799628
126719 0.0568794880
126800 0.0561047985
126893 0.0536666845
127198 0.0529026704
127210 0.0523239703
127376 0.0510490896
127476 0.0509362270
127738 0.0506015406
127798 0.0493818550
127824 0.0493332424
127844 0.0479445651
128243 0.0478606649
128293 0.0469657094
128541 0.0454006208
128805 0.0446700922
128862 0.0439826665
128883 0.0432345517
129059 0.0428292099
129107 0.0425961814
129132 0.0416514652
129190 0.0406445209
129401 0.0402098358
129634 0.0401256807
129743 0.0398058939
129807 0.0397172268
129878 0.0394604147
130056 0.0393095972
130142 0.0392015327
130161 0.0384850381
130192 0.0383975895
130257 0.0381880389
130317 0.0379836162
130337 0.0363238980
130452 0.0362490214
130625 0.0360959632
130724 0.0358635356
130733 0.0356028656
130753 0.0355697386
130799 0.0348424205
130834 0.0344729654
130949 0.0337358821
131094 0.0332622687
131321 0.0323447873
131649 0.0322908180
131679 0.0320004265
131830 0.0319934154
131905 0.0318047139
131917 0.0316438671
131975 0.0316360283
132002 0.0314550991
132066 0.0313886989
132106 0.0310206479
132120 0.0308239467
132166 0.0307861117
132169 0.0298042306
132432 0.0296947648
132648 0.0294948239
132710 0.0286026400
133334 0.0283954118
133339 0.0282684959
133357 0.0275354765
133433 0.0266079103
133635 0.0265522379
133676 0.0264448911
134008 0.0262908812
134252 0.0249369574
134338 0.0248207914
134525 0.0238121892
134605 0.0232453217
134809 0.0205548726
135280 0.0197354696
135423 0.0181710140
135617 0.0159591046
135659 0.0145262658
135678 0.0132938623
135786 0.0131340608
135795 0.0126398410
135809 0.0111074690
135930 0.0108125763
136066 0.0105833666
136119 0.0102039700
136241 0.0100934363
136251 0.0093870788
136468 0.0089198349
136510 0.0087938898
136523 0.0085837701
136533 0.0082680296
136551 0.0080007552
136609 0.0075904854
136651 0.0066568474
136724 0.0066286229
136810 0.0062807645
136837 0.0059302387
136872 0.0059078262
136927 0.0058251337
136936 0.0057985491
136974 0.0056572521
136977 0.0056399464
137121 0.0055058802
137124 0.0051876298
137181 0.0051681554
137236 0.0050706914
137253 0.0047552535
137521 0.0045844006
137634 0.0044311278
137901 0.0044207875
137949 0.0043546402
137994 0.0043309352
137999 0.0042430527
138007 0.0042346083
138042 0.0041852783
138077 0.0041821131
138118 0.0041564849
138199 0.0041303425
138207 0.0041152815
138403 0.0040851569
138430 0.0040464403
138549 0.0040064656
138632 0.0039423055
138847 0.0039377669
138881 0.0039131603
138941 0.0038632069
139047 0.0038442300
139270 0.0038343553
139416 0.0038256092
139463 0.0038208707
139520 0.0038082040
139546 0.0038067257
139620 0.0037929786
139756 0.0037926475
139783 0.0037836594
139900 0.0037761533
140044 0.0037741001
140084 0.0037719659
140254 0.0037718352
140266 0.0037701207
140322 0.0037700918
140369 0.0037691219
140375 0.0037687491
140385 0.0037644570
140403 0.0037531819
140485 0.0037529095
140565 0.0037499335
140795 0.0037451461
140879 0.0037443280
141042 0.0037440833
141063 0.0037417010
141123 0.0037402549
141246 0.0037379792
141399 0.0037345418
141426 0.0037330060
141467 0.0037298598
141651 0.0037274255
141964 0.0037273176
141998 0.0037219586
142106 0.0037195962
142109 0.0037182197
142145 0.0037135311
142477 0.0037120507
142880 0.0037120498
142988 0.0037071051
142994 0.0036962177
143057 0.0036908944
143117 0.0036804335
143157 0.0036786957
143228 0.0036786797
143244 0.0036780547
143252 0.0036307731
143293 0.0036276470
143314 0.0036068987
143349 0.0035928109
143356 0.0035880500
143360 0.0035787592
143365 0.0035344714
143431 0.0035313144
143460 0.0035213954
143463 0.0035002228
143466 0.0034788599
143506 0.0034479969
143508 0.0033250875
143547 0.0033178860
143563 0.0032944981
143575 0.0032703756
143578 0.0030953060
143618 0.0030730568
143639 0.0029621642
143653 0.0029431309
143668 0.0028120366
143742 0.0027288278
143751 0.0026536212
144966 0.0026261267
145076 0.0026237448
145103 0.0025367843
145108 0.0024582011
145135 0.0024345816
145235 0.0022921961
145611 0.0022593704
145640 0.0022421417
145665 0.0022097041
145706 0.0021694106
145811 0.0021506403
145876 0.0021421798
145906 0.0021148793
145981 0.0021013982
146030 0.0020719060
146100 0.0020585966
146127 0.0020178662
146253 0.0020091923
146280 0.0020071318
146297 0.0019847850
146386 0.0019523386
146618 0.0019365077
146759 0.0019219020
146768 0.0019205883
146814 0.0019095054
146836 0.0019010723
146948 0.0018986307
146985 0.0018878034
147083 0.0018771784
147266 0.0018724405
147378 0.0018621365
147590 0.0018499420
147647 0.0018496693
147683 0.0018471344
147819 0.0018271594
147855 0.0018217121
148004 0.0018091059
148273 0.0018008293
148302 0.0017539904
148542 0.0017179985
148965 0.0017082398
149084 0.0016953812
149103 0.0016705287
149441 0.0016702623
149507 0.0016643351
149523 0.0016593077
149680 0.0016321585
149745 0.0016271756
149865 0.0016010394
150027 0.0016007757
150064 0.0015980290
150095 0.0015955552
150115 0.0015902117
150129 0.0015785858
150130 0.0015391631
150221 0.0015158882
150234 0.0015052664
150422 0.0015012456
150501 0.0014936356
150529 0.0014803044
150689 0.0014707359
150808 0.0014524733
150920 0.0014415176
150959 0.0014272789
150970 0.0014266828
151012 0.0014103262
151105 0.0014045736
151128 0.0013950097
151150 0.0013907323
151424 0.0013850790
151525 0.0013815556
151576 0.0013656375
151698 0.0013639983
151868 0.0013629145
151920 0.0013590251
151925 0.0013519657
151974 0.0013345760
152031 0.0013237659
152033 0.0013189504
152101 0.0013168030
152126 0.0013153074
152139 0.0013079945
152320 0.0012981119
152423 0.0012966834
152427 0.0012961611
152513 0.0012870977
152531 0.0012755037
152715 0.0012468131
152976 0.0012341029
153043 0.0012308048
153179 0.0012142985
153200 0.0012011779
153216 0.0011844148
153303 0.0011715296
153500 0.0011553595
153803 0.0011039292
153862 0.0009876059
154022 0.0009512709
154125 0.0007399108
154624 0.0007398468
154673 0.0007145980
154969 0.0006811564
155105 0.0006716930
155110 0.0006603495
155208 0.0006468888
155218 0.0005739029
155292 0.0005467263
155381 0.0004921828
155465 0.0004382192
155509 0.0003660517
155715 0.0002963435
155834 0.0002681667
155896 0.0002316839
155916 0.0001954742
156135 0.0001637970
156235 0.0001500428
156317 0.0001496614
156335 0.0001302154
156398 0.0001250789
156423 0.0001214859
156456 0.0001092642
156485 0.0000926882
156613 0.0000916614
156632 0.0000728925
156698 0.0000706348
156726 0.0000695697
156792 0.0000667687
156793 0.0000552638
156843 0.0000470089
156973 0.0000452870
156979 0.0000413052
157011 0.0000406062
157057 0.0000395257
157085 0.0000357745
157143 0.0000296897
157158 0.0000293416
157245 0.0000276844
157258 0.0000266163
157269 0.0000241612
157302 0.0000230715
157476 0.0000204309
157519 0.0000172459
157681 0.0000165188
157690 0.0000112183
157864 0.0000104590
157947 0.0000095256
158014 0.0000083852
158160 0.0000083360
158162 0.0000066713
158202 0.0000055781
158248 0.0000050521
158355 0.0000048794
158446 0.0000046117
158459 0.0000045678
158486 0.0000042515
158488 0.0000037246
158599 0.0000036056
158622 0.0000032971
158661 0.0000032669
158675 0.0000031086
158701 0.0000026176
158741 0.0000017374
159001 0.0000015665
159069 0.0000015393
159116 0.0000014894
159118 0.0000012221
159154 0.0000012038
159172 0.0000011898
159193 0.0000011750
159221 0.0000010904
159259 0.0000008088
159270 0.0000007335
159338 0.0000006516
159480 0.0000006340
159556 0.0000005902
159569 0.0000005554
159605 0.0000004553
159654 0.0000004397
159691 0.0000004217
159746 0.0000004215
159760 0.0000004161
159769 0.0000003166
159888 0.0000002828
159930 0.0000002806
159962 0.0000002414
159999 0.0000002319
160048 0.0000001970
160104 0.0000001830
160188 0.0000001605
160230 0.0000001472
160328 0.0000001315
160415 0.0000001209
160461 0.0000001117
160481 0.0000001065
160529 0.0000000977
160532 0.0000000923
160629 0.0000000913
160658 0.0000000899
160670 0.0000000892
160672 0.0000000872
160673 0.0000000784
160689 0.0000000756
160697 0.0000000666
160723 0.0000000621
160731 0.0000000606
160778 0.0000000574
160807 0.0000000530
160814 0.0000000515
160845 0.0000000495
160889 0.0000000487
160896 0.0000000484
160912 0.0000000447
160979 0.0000000363
161021 0.0000000332
161079 0.0000000247
161275 0.0000000186
161358 0.0000000173
161443 0.0000000153
161534 0.0000000149
161577 0.0000000133
161623 0.0000000133
161624 0.0000000112
161654 0.0000000097
161733 0.0000000090
161743 0.0000000089
161806 0.0000000078
161836 0.0000000077
161869 0.0000000057
162084 0.0000000056
162118 0.0000000050
162166 0.0000000049
162175 0.0000000048
162189 0.0000000044
162221 0.0000000044
162254 0.0000000038
162297 0.0000000035
162300 0.0000000023
162486 0.0000000021
162528 0.0000000018
162541 0.0000000016
162671 0.0000000016
162722 0.0000000013
162738 0.0000000012
162855 0.0000000012
162925 0.0000000011
162930 0.0000000009
162975 0.0000000008
163099 0.0000000006
163272 0.0000000006
163288 0.0000000005
163337 0.0000000005
163340 0.0000000004
163341 0.0000000004
163435 0.0000000004
163514 0.0000000004
163522 0.0000000004
163530 0.0000000004
163533 0.0000000003
163538 0.0000000003
163616 0.0000000003
163651 0.0000000002
163827 0.0000000002
163830 0.0000000001
163883 0.0000000001
163927 0.0000000001
164078 0.0000000001
164203 0.0000000001
164232 0.0000000001
164439 0.0000000001
164472 0.0000000000
164503 0.0000000000
164562 0.0000000000
164619 0.0000000000
164691 0.0000000000
164759 0.0000000000
164854 0.0000000000
164989 0.0000000000
165033 0.0000000000
165337 0.0000000000
165451 0.0000000000
165582 0.0000000000
165630 0.0000000000
165665 0.0000000000
165942 0.0000000000
165959 0.0000000000
166019 0.0000000000
166046 0.0000000000
166179 0.0000000000
166280 0.0000000000
166400 0.0000000000
166404 0.0000000000
166424 0.0000000000
166462 0.0000000000
166498 0.0000000000
166534 0.0000000000
166597 0.0000000000
166648 0.0000000000
166939 0.0000000000
166952 0.0000000000
167132 0.0000000000
167167 0.0000000000
167239 0.0000000000
167273 0.0000000000
167293 0.0000000000
167517 0.0000000000
167664 0.0000000000
167719 0.0000000000
167804 0.0000000000
167852 0.0000000000
168033 0.0000000000
168060 0.0000000000
168106 0.0000000000
168223 0.0000000000
168230 0.0000000000
168385 0.0000000000
168643 0.0000000000
168930 0.0000000000
169766 0.0000000000
evaluations raw_y
1 73752752.3233525157
2 66522652.9869715646
3 59511984.7877995595
4 44727354.0971318260
8 24791927.3212072290
21 14424858.5179461055
37 12804124.2244815212
51 10462748.8285561725
55 5863171.1162377484
84 5501131.3611465702
128 4835056.6561536202
168 3658407.6352039892
275 3517475.6916628522
323 2526822.3008243283
379 2059430.3024381818
412 1943768.2668052670
437 1719562.3167228489
788 1283276.6741181179
931 1166851.1030167132
1014 1157788.6948481707
1053 1083892.9837621008
1161 1055495.4164694073
1179 979695.1315572187
1284 761094.5826486885
1636 727243.2051569152
1763 543020.8806717455
2820 515336.5119283304
2903 494570.7284236394
2974 443161.4782682716
3821 426962.4195137280
3828 415183.3020483739
3928 334013.0794167995
4396 296048.2842946583
4632 290281.3532167213
4639 281551.6872264473
4813 261963.8080151563
5145 256175.1173272286
5163 250966.6343620817
5180 237696.9707412649
5270 235843.4577971933
5441 231939.3077029898
5464 225295.2686287774
5604 214106.8661628281
5615 212648.6840400992
5678 199582.7987809539
5748 197024.4756806642
5814 189364.8675130182
6080 182909.5740479938
6243 177289.6722011611
6305 152024.7161950876
6706 148480.5406757427
7116 138235.5712100054
7434 135388.6504717832
7668 127192.4749156212
7823 125528.8507017824
8369 122536.0970245915
8563 121925.6793950736
8887 113825.6109354578
9139 111551.2562590142
9362 110775.8316738123
9391 108012.3140037602
9682 107586.1364257591
9690 104259.9747825917
9815 103696.4477840382
10029 100954.0445950780
10211 100256.9615164339
10413 99022.6174996632
10606 93440.4260201969
11124 91105.8422282162
11423 90927.8016987781
11519 90799.1633091620
11537 88523.9957996260
11639 88081.7305790975
11665 87226.2239577940
11667 86091.1664854471
11807 83016.5794714062
12139 82585.2827948899
12391 81251.3680846655
12677 80367.5743319979
12763 79927.7472906820
12779 77248.4590980369
13056 75839.9422476740
13061 75467.2260079442
13122 74604.3496293582
13498 74570.8627243002
13568 72323.9043049409
13999 72148.5677833410
14212 71747.1346406997
14290 70648.8923628409
14488 69487.2479572137
14736 65761.9091000492
14797 65699.1196402056
14995 64377.6423684762
15194 64294.2950878776
15338 61669.8584414588
15909 58843.5678688427
16056 56917.9868684425
16297 55899.7841544223
16350 55618.6649342255
16360 52864.7796941648
16992 52281.8096759439
17208 51914.0346718820
17358 49741.3490495011
17568 49398.1005008373
17686 46260.6372966093
17916 43311.1255508423
17970 41140.0217012698
18521 38286.7943965979
18887 34132.5575141056
19751 29509.8314139209
19833 27133.5982306921
20082 26858.1639497066
20295 25825.0376487551
20865 25310.3073933670
21047 23469.8859603107
21304 21134.3559408435
21966 20638.3643258715
22500 18045.9817368868
22560 17140.5031764777
22599 16940.0415707041
22717 16904.9436431895
22780 16289.2920745176
23053 14238.6821854349
23200 14066.5833679115
23401 13333.2485134374
23485 11757.3910589773
23711 10940.9326490554
23963 10892.9020564032
24422 10520.6011627551
24576 9985.5013578043
24724 9765.5493929859
24789 9641.0147739230
25256 9494.8304596859
25312 9352.5054221023
25475 9110.6501193765
25568 8948.2557686601
25707 8757.9558740741
25723 8563.5537757052
25990 8243.1337092474
26429 8125.8020879336
26504 8043.2539230170
26565 7950.2226442166
26654 7878.5380991802
26977 7650.1378245605
27065 7608.4336028741
27254 7587.3441400247
27278 7581.4001487848
27324 7515.4752005124
27374 7425.4018675184
27546 7327.3710934520
27560 7283.7782298252
27649 7277.1858938713
27669 7208.8777394385
27670 7198.8195584538
27685 7102.3580842189
27795 7092.3850154876
27813 7041.8968339377
27826 6954.8941970751
28097 6910.8395404738
28132 6761.4070664427
28332 6669.3385052075
28343 6650.5826952235
28368 6623.0733883507
28390 6517.0224104848
28527 6505.2091803291
28555 6419.5189912379
28721 6255.1353720937
28896 6150.4307835737
29436 5905.1088348587
29576 5615.2740930458
29816 5582.2314696395
29920 5503.3783710401
30026 5430.6539258079
30174 5369.3758126790
30379 5284.5062325287
30448 5118.7040373672
30524 5113.9887452301
30815 4855.6906365533
31847 4843.8535185274
31967 4701.9160890255
32174 4660.5146222345
32291 4475.5604309284
32563 4452.9065286958
32568 4436.7396870096
32614 4302.6877009753
32748 4258.1136214329
32977 4223.4508657866
33030 4212.6776819953
33049 4130.0169585942
33377 4017.8139183030
33408 3963.0384009062
33747 3865.9838472070
34314 3860.6476443885
34425 3803.2603709815
34493 3784.4954988872
34563 3783.7032890716
34633 3767.6299445873
34644 3751.8791177910
34707 3722.3000192696
34837 3659.7948658155
34867 3639.3067249545
34966 3637.8407675878
35068 3633.9288616345
35098 3619.4513000089
35114 3578.6548064830
35188 3574.1852800054
35261 3541.7096072957
35266 3538.9774688789
35283 3476.3885795414
35511 3466.7080197943
35589 3401.0854585217
35650 3350.5443999446
35822 3250.6413576512
36402 3247.1407158333
36513 3142.6564884652
36890 3103.8283148560
37019 2988.2783348014
37327 2987.7643382911
37379 2888.2778675667
37541 2735.2653967970
37636 2665.5864429127
37961 2590.5604842110
38008 2577.4501761318
38072 2519.6731062155
38119 2379.1683812133
38480 2360.0681939875
38703 2300.1199635675
38788 2232.4305213056
38825 2087.8133216093
39391 2079.9351415053
39427 2076.3008285069
39862 2020.8579278130
40168 2011.6311166862
40695 1944.4332435399
40760 1895.6494459368
41387 1870.6796113428
41425 1790.8085550923
41769 1743.5631102156
41815 1703.8386021710
41931 1660.6809373603
42173 1656.5105412387
42175 1625.5359716157
42476 1577.4910808884
42708 1553.4412442522
42711 1521.8477093707
42792 1502.8425495150
42848 1502.4810436768
42879 1484.1738909707
43021 1444.0229439902
43127 1406.5328796386
43178 1400.9674661218
43954 1368.6885083659
44247 1357.9863364832
44417 1344.0095918618
44548 1335.9671652721
44560 1334.3331838667
44582 1332.7750742446
44586 1326.5597250150
44589 1298.7543731630
44647 1264.0442450934
44863 1236.9225445902
44961 1230.4663873782
44972 1221.2991883888
45013 1209.4720970725
45069 1186.9590797631
45130 1138.9883187571
45364 1136.9385118394
45453 1126.2966446936
45525 1119.1209586471
45574 1111.6131643616
45579 1083.7431807270
45695 1065.2822288718
46717 1059.6577531990
46820 1039.0874536397
46908 1038.1810259018
46980 1038.0313974561
47014 1037.6220898469
47215 1032.3016401348
47228 991.7148850376
48113 988.6914947646
48356 972.9365384673
48493 963.7699712123
48563 960.7411840736
48796 953.6899317692
49097 947.4868310913
49099 942.5062127956
49110 938.8385431595
49144 936.7980881214
49170 922.8914754035
49252 896.0870808637
49717 879.1031204646
49719 869.4994145752
50203 857.0441835523
50330 848.2706527553
50551 839.8181713207
50660 833.5048422717
50670 831.3757861642
51003 826.1961918140
51031 825.3690912527
51159 820.0325625646
51200 817.7475842355
51343 817.0696961554
51365 811.8113635601
51587 810.0636663292
51651 807.9512474932
51663 807.9490794684
51707 806.9258033992
51808 805.6550487799
51946 802.5559025572
52029 791.1713273701
52195 789.5848032361
52230 786.8631421425
52260 780.1758570718
52265 780.0873484159
52335 776.3535786700
52416 773.3972471904
52446 772.1825761526
52463 767.9301496193
52574 753.7864914059
52623 751.4148462595
52653 750.4832673893
52689 749.2173049375
52733 745.6491611865
52798 709.0443702498
53499 696.8816698154
53635 694.4110142292
53668 690.7106573812
53777 690.4592139184
53889 687.1652813146
53952 670.5247485468
54044 663.3659147515
54210 662.7741071912
54233 657.2812067438
54254 637.2332373488
54686 631.5678160829
54803 618.6573640468
54841 617.0976907049
54995 611.4311593896
55090 607.8829187520
55148 602.9336995340
55282 600.8678860687
55415 591.4831401441
55548 585.3984929411
56358 584.0035781474
56374 581.4829371229
56489 578.8743914915
56530 575.7001203319
56866 575.5930533647
56874 574.9067834540
56884 571.8333166804
56927 571.1242647977
57154 570.5845224966
57178 568.6338246073
57236 565.6975384696
57363 565.4425498955
57407 564.2213396963
57454 563.5933906903
57573 562.1255403399
57593 561.3092455862
57614 560.7373907122
57795 559.4175934615
57817 558.5508605044
58003 557.7260532917
58143 557.4939229520
58261 557.4063000709
58281 557.1859307966
58293 556.4386849073
58348 556.1991511891
58354 555.4080062296
58497 555.2629024927
58600 554.8953911672
58609 554.7003956237
58663 554.3750217956
58725 553.9924064989
58805 553.8263160519
58818 551.5882466244
59198 549.1429637847
59369 547.3346422947
59721 546.5531035351
59909 545.3272520160
60063 544.1292603641
60182 543.3494256621
60246 543.1548017733
60276 542.7267397020
60382 540.3293794878
60389 538.1402143164
60590 537.6799578031
60788 534.1789466066
61208 533.5733877233
61291 532.8268165475
61298 531.3720837859
61548 531.1959983171
61561 524.0828389798
61990 524.0583524242
62069 523.9187825511
62147 523.4940838110
62156 522.7947426930
62210 515.2576592706
62385 514.7832864061
62612 514.4933169699
62726 513.3143814901
62748 513.0618253243
62831 512.7371489627
62840 511.9742419106
63083 509.4623404805
63390 507.7227645952
63443 501.7189924540
63483 501.0942108992
63908 498.2053589191
63922 492.1497102358
64107 488.7674353115
64307 485.7107515569
64660 484.6177615404
64663 471.1263099234
65382 470.6015747194
65432 468.7738499654
65480 467.0217615869
65514 463.9527387522
65613 463.5419019194
65659 462.3409305437
65701 461.9911090686
65772 461.1319874673
65789 457.4060129090
65914 453.9875123767
66164 453.8174307980
66193 447.5766072939
66404 445.5959366202
66540 444.6992042716
66564 443.9214781060
66568 443.3497220570
66856 443.1753428880
66882 438.9010324500
67368 437.4195716705
67570 437.2741883513
67682 435.6175351250
67820 427.7409239376
68072 419.4321362379
68190 413.2470734468
68333 410.3051319845
68580 409.0705088297
68725 402.8590476113
68808 398.8695278404
68933 398.2266143183
69036 397.6781425826
69234 393.1437704123
69393 392.3065983600
69580 390.3018405953
69710 389.1003833804
69847 387.8930348520
69875 380.6311995553
69906 379.1977192430
70061 374.5763006558
70373 371.1631846973
70467 367.7860999471
70667 366.1779269607
70755 362.9307596160
70781 362.7856130020
70805 359.4283943846
70847 358.0187922342
70879 352.2954008422
71064 352.1149311022
71124 347.9751240366
71223 346.6813488829
71474 345.1434865686
71489 342.8434243026
71490 342.6267994230
71504 340.4113363100
71532 339.9951041506
71664 339.0402245479
71905 338.1287541324
71909 337.8658405415
72027 337.3456393151
72311 331.9149423858
72354 326.9316116876
72588 322.5753359115
72596 314.0804758000
72709 311.4588869607
72803 296.5159159866
72853 293.7520338258
72895 292.5359997860
72960 291.6039636859
73049 290.0376062266
73093 283.3077462005
73158 274.4724431269
73296 270.3709088341
73474 260.2301591457
73572 255.0694324682
73677 245.9956971126
73726 243.8903986953
73807 241.6394100330
73872 232.5106764739
74086 226.1051209936
74223 209.3986413781
74802 208.3076047707
74919 204.0683145429
75084 204.0504331919
75108 199.5859026337
75443 197.2706526646
75454 197.0809156673
75590 196.4875227584
75607 192.5974354277
75629 188.8397275603
76004 187.5795608786
76209 184.0984314481
76289 182.5810362380
76404 179.2853219166
76470 178.3253242266
76615 176.8131708270
76915 175.4410010959
77000 172.6106857329
77105 170.9230395026
77261 169.3436877883
77415 167.0396735195
77448 164.8302167996
77530 164.3284216598
77557 162.6708335129
77794 161.1901652507
77991 160.3405385288
78095 157.7934697462
78404 155.3858850815
78540 154.6275250594
78558 154.5439777349
78568 154.4340762262
78585 152.4699869605
78601 152.3184600294
78782 148.4422259719
79732 147.9105218060
79778 147.2055367461
79951 146.9436489634
80011 146.5931778824
80033 146.1797238171
80039 146.1679830075
80061 145.7995457750
80106 145.6976958260
80118 143.8608166871
80136 142.1450161880
80137 139.0575780591
80586 137.2661402160
80903 136.1890108917
80940 135.9193770099
80962 134.2166707240
80992 133.0761835151
81095 130.1125318208
81507 129.0102244229
81545 127.7476443809
81777 127.5273583882
81826 126.1741713452
81895 123.6796460365
82150 122.1592013140
82200 121.9942261535
82415 120.2008649648
82700 116.7373618222
82820 113.8148713796
82883 110.3806235589
83075 107.5847733383
83268 106.2762300770
83475 106.1684927499
83517 105.5543247420
83525 101.3497524998
83736 101.2510847419
83806 100.3367224676
83924 97.7451034880
84079 97.6971662480
84302 97.3841002265
84305 96.0372368913
84424 95.1613883501
84758 94.0172441222
84823 93.2069570254
84830 92.9902974333
84873 92.7750862604
84881 91.6978931228
84905 88.5841304388
84978 88.0436864423
85249 87.3079635705
85434 87.2232349714
85522 86.5235971113
85688 85.2528276972
85761 80.8796387370
86027 79.7882854446
86139 78.6966810494
86447 77.8079323851
86584 77.0754059836
86590 76.6005028508
86611 75.8195885610
86630 74.6802101997
86660 73.8927302434
86712 71.9245137420
87107 71.9134873175
87135 70.1101904928
87340 68.4421646025
87430 66.8429874130
87530 66.5307288573
87531 66.3947420245
87706 65.3340833223
87896 64.4918274010
88345 62.8197772283
88650 62.4076637469
88656 62.0392347788
88717 61.5256142850
88790 61.0196249082
88866 60.8282776352
88891 60.1343975882
89082 59.7122540736
89088 59.4287504785
89141 59.1328067629
89150 58.6105602430
89336 58.2664036202
89365 57.4241715745
89412 56.9912913412
89866 55.5117272638
89932 54.6765430814
90120 54.2337211186
90272 51.4868676999
90930 51.1061731857
91023 51.0459126446
91070 50.7764329634
91178 50.2844228998
91272 49.9782246965
91275 49.5671585622
91601 49.5032077274
91627 48.9589753451
91629 48.4570935861
91676 48.3002872774
91930 47.7932024235
91948 47.5043664293
92178 47.1151169971
92222 46.7666187009
92259 46.5418810705
92288 46.4479929008
92320 45.9352075222
92886 45.6130913606
92976 45.4070322403
93090 45.3482436234
93133 45.2426800859
93175 45.2139213961
93217 45.0481505966
93223 44.8777627996
93271 44.8650873470
93276 44.7755985599
93337 44.5883988251
93569 44.5461412250
93623 44.4476955179
93726 44.1578720761
93733 44.1523217896
93860 43.8663680098
94047 43.8236123291
94048 43.6193114750
94052 43.6122906990
94061 43.6009143474
94108 43.1270040119
94179 42.9680722237
94185 42.1986554098
94195 41.4773200028
94246 41.3281886115
94280 40.9089409140
94310 38.7665646022
94382 38.5730259565
94416 38.0650521582
94433 37.9490620943
94459 36.6813759275
94480 36.4688054203
94535 36.2970878743
95468 35.7385510213
95612 35.7342503117
95664 31.8419144197
96262 31.7534818595
96335 30.3177855201
96590 29.6406941276
96620 29.6342428357
96621 29.0105947044
96632 28.2762780420
96689 26.6790860097
96858 26.5006384067
96872 25.7848047518
97012 25.3813137449
97105 24.0914474063
97331 23.8229362110
97708 23.5651465288
97787 22.5832732942
97837 20.9824557404
98028 20.6018163337
98103 20.4559820699
98153 19.4298547251
98551 19.2498238372
98641 19.1526697103
98656 18.9079190065
98693 18.3741485541
98922 17.9564877135
99035 17.1853913676
99101 17.0985476472
99298 16.3236035544
99332 16.3217777667
99385 16.2927766624
99409 15.6592751235
99412 15.4539548243
99447 15.2459307209
99643 14.7066708276
99688 14.6253527384
99863 14.5054882513
99879 14.3608505095
99897 14.1006794483
99966 13.5264995598
100101 13.4664601358
100338 13.0901699351
100393 12.6922778205
100478 12.0608328994
100509 11.7459492231
100839 11.6620012926
100843 11.5026220243
100895 11.4709559776
100988 11.3288970457
101011 10.3402185743
101218 10.2935845200
101232 9.4684085401
101382 9.2075954812
101439 8.9646991169
101473 8.7770228187
101531 8.5107863445
101669 8.3609597909
101959 8.0316598815
102010 7.9346619116
102107 7.8155637449
102143 7.3989315846
102317 7.3962137216
102318 7.0571910704
102546 6.9723614750
102616 6.8488160948
102797 6.6120315465
102932 6.3981176716
103158 6.2054539166
103224 6.0950108919
103414 5.9411614225
103516 5.8274494499
103586 5.8217649804
103619 5.7341428476
103670 5.7090744918
103674 5.6575580504
103723 5.5443501230
103916 5.5363423891
103976 5.5183402323
103992 5.4463703719
104018 5.4459245162
104049 5.4168511430
104064 5.3815391542
104083 5.3785482741
104090 5.3515834167
104137 5.3451622726
104164 5.3019986988
104282 5.2842098741
104323 5.2425321813
104363 5.2253142376
104490 5.2091845716
104689 5.1167320834
104836 5.0726179046
105578 5.0373370691
105617 5.0244920320
105662 5.0146070473
105725 4.9003497615
105877 4.8922307518
106006 4.8734723516
106082 4.8695059179
106140 4.7635489079
106324 4.7299583387
106379 4.7268090635
106416 4.6407181375
106680 4.5632226333
106911 4.5041621080
107096 4.4600084379
107535 4.4479991229
107728 4.4180459103
107743 4.3529607920
107803 4.3431366060
107861 4.3349981925
107910 4.2035207549
108083 4.1576475583
108243 4.1548806175
108281 4.1136269648
108318 4.1130016344
108349 4.0775043427
108402 4.0674582959
108456 4.0650222066
108490 4.0271241167
108534 3.9972974333
108539 3.9513100936
108619 3.8950865545
108779 3.8444245555
108978 3.8375650724
108984 3.8223570157
109057 3.7692418829
109301 3.7404210971
109417 3.7289799234
109539 3.7025696940
109643 3.6933346138
109667 3.6470216613
109746 3.6391609814
109821 3.6011178996
109862 3.6010041006
109885 3.5993240098
109948 3.5960689067
109969 3.5763384839
109970 3.5178409807
110110 3.5174566117
110162 3.5152516240
110216 3.4763719011
110365 3.4735505366
110389 3.4643609110
110536 3.4637589368
110542 3.4629753931
110724 3.4596031738
110827 3.4557791609
110863 3.4533161695
110871 3.4354303915
110947 3.4342543657
110959 3.4292209376
110981 3.4188016193
111165 3.4174397628
111347 3.4084642002
111359 3.4080143425
111499 3.4038448034
111559 3.3959639194
111820 3.3892735937
111950 3.3862230971
112084 3.3799001893
112114 3.3700561354
112339 3.3660274794
112813 3.3596075401
112875 3.3575293798
112982 3.3466123804
113020 3.3451570408
113021 3.3450871239
113029 3.3450685952
113087 3.3359662101
113288 3.3358331122
113331 3.3278775941
113406 3.3215090932
113550 3.3183460905
113751 3.3083247621
113806 3.3025620953
113821 3.2995724783
113946 3.2955199664
113990 3.2945941046
114073 3.2920942315
114163 3.2911153311
114186 3.2905067292
114208 3.2900776240
114225 3.2866440693
114248 3.2802400774
114271 3.2739716142
114448 3.2732161435
114490 3.2723830606
114556 3.2672989024
114577 3.2631942554
114631 3.2524719742
114867 3.2512619005
114987 3.2340109618
115257 3.2331584509
115351 3.2061567304
115471 3.2004755837
115742 3.1939175145
115873 3.1927039030
116016 3.1923297711
116019 3.1871142438
116025 3.1859092997
116028 3.1777223869
116140 3.1610285454
116181 3.1216500779
116846 3.1204417413
116950 3.0970895300
117143 3.0938628917
117175 3.0866656874
117208 3.0723980036
117360 3.0375832654
117705 3.0170419519
117959 3.0157108980
118011 2.9822127110
118046 2.9508636545
118658 2.9334837789
118674 2.9237462360
118714 2.9156852839
118875 2.9086468674
118947 2.8932589634
119093 2.8771616060
119156 2.8483852653
119346 2.8412710825
119651 2.8145152917
119712 2.8089850267
119907 2.8051386211
120002 2.7692074136
120166 2.7255053418
120266 2.7216029049
120315 2.7135484525
120660 2.6997068026
120662 2.6341573858
120959 2.6304165410
121041 2.5843118220
121174 2.5555955624
121208 2.5321742120
121316 2.4972655513
121380 2.4954754870
121397 2.4819700933
121464 2.4220865313
121531 2.4191236472
121797 2.3999935770
121871 2.3381154765
122140 2.3277249219
122191 2.3263855743
122281 2.1561092332
122651 2.1069383181
122654 2.0339871855
122814 2.0305322535
123195 1.8791141934
123307 1.7278974735
123401 1.6979398232
123757 1.6454239332
123785 1.6007577033
123834 1.5367196268
123896 1.4113371665
124026 1.3942251966
124209 1.3909628164
124216 1.3767236139
124251 1.3728413238
124280 1.2891158395
124426 1.2821188345
124452 1.2757877274
124482 1.2713165204
124606 1.2670517464
124626 1.2652831669
124663 1.2603077197
124677 1.2448660866
124731 1.1764170690
124837 1.1514432613
124845 1.1274393628
125154 1.1273069573
125351 1.0920909100
125668 1.0907301539
125699 1.0746399171
125700 1.0735600913
125792 1.0367517247
126106 1.0199016074
126168 1.0158544851
126256 1.0151251633
126274 1.0076292231
126284 1.0060395713
126550 1.0018265634
126579 0.9998393623
126592 0.9951897232
126650 0.9929654214
126657 0.9888436139
126778 0.9833757279
126790 0.9759684016
126816 0.9749580527
126908 0.9725708959
126956 0.9697436943
127039 0.9692461844
127057 0.9655455152
127170 0.9618710463
127304 0.9591994815
127324 0.9566281495
127345 0.9550129223
127352 0.9550042422
127358 0.9547812719
127360 0.9495344292
127433 0.9487723162
127456 0.9379609829
127906 0.9354153924
128023 0.9305557135
128172 0.9263738953
128197 0.9063373838
128332 0.9033389747
128352 0.8878830683
128368 0.8489113723
128383 0.8475935044
128435 0.8454030562
128463 0.8432046852
128468 0.8280190152
128471 0.7682865821
128516 0.7578022635
128546 0.7565868103
128557 0.7398009496
128565 0.6893187038
128580 0.6829473559
128741 0.6569924019
129530 0.5772066559
129637 0.3804013706
130156 0.3494070654
130316 0.3377819674
130321 0.3364632118
130482 0.3095224539
130545 0.2555188166
130766 0.2208704284
130866 0.2191074797
130904 0.2148051316
130946 0.1992250665
131014 0.1902173993
131043 0.1764563557
131312 0.1583441804
131452 0.1521057222
131574 0.1491911216
131615 0.1454136065
131630 0.1440301119
131706 0.1396787399
131758 0.1379720260
131765 0.1307732319
131779 0.1249218393
131827 0.1234970556
131839 0.1217326526
131876 0.1174775437
131887 0.1172080332
131968 0.1171959179
131992 0.1168920808
132017 0.1165192423
132028 0.1125177540
132137 0.1032559258
132349 0.1027934952
132423 0.0984792897
132499 0.0983668980
132542 0.0980194911
132590 0.0941724106
132739 0.0940441112
132766 0.0939636605
132789 0.0934937777
132831 0.0932485261
132847 0.0922154425
132854 0.0899034188
132919 0.0895404247
132944 0.0894546178
133046 0.0870411965
133143 0.0869047340
133196 0.0866182670
133240 0.0857715824
133376 0.0849455417
133433 0.0847169260
133514 0.0832403644
133611 0.0807177348
133688 0.0797431535
133922 0.0790220644
133966 0.0789777211
134022 0.0787608090
134028 0.0763637571
134083 0.0760674203
134143 0.0755804885
134359 0.0746582543
134460 0.0741944283
134493 0.0736253901
134682 0.0735251013
134703 0.0735177561
134791 0.0724024751
134830 0.0703923676
134873 0.0703555804
134899 0.0699139599
134953 0.0690695820
135267 0.0668605303
135279 0.0665787738
135363 0.0660618968
135464 0.0655113486
135537 0.0648490004
135581 0.0636951537
135738 0.0621993358
135956 0.0611057993
135961 0.0607036716
136105 0.0599457078
136135 0.0597750671
136144 0.0596945578
136173 0.0575129413
136409 0.0574798417
136535 0.0566627367
136540 0.0553679627
136542 0.0548167817
136629 0.0532718273
136716 0.0530989964
136789 0.0527453206
136808 0.0525623288
136810 0.0523697474
136827 0.0512645648
136929 0.0468896393
137455 0.0464181702
137558 0.0410239554
137712 0.0371636241
138313 0.0357772471
138415 0.0320917059
138506 0.0296668493
138514 0.0282862013
138573 0.0282493304
138733 0.0271459767
138758 0.0256103064
138759 0.0256036192
138786 0.0240144744
138787 0.0237310241
138874 0.0207516049
138987 0.0191704767
138992 0.0181484951
139024 0.0179000194
139702 0.0172482781
139721 0.0148792499
139744 0.0145354144
139778 0.0142143317
140148 0.0136494748
140166 0.0135618315
140191 0.0131106950
140259 0.0124142665
140331 0.0120583417
140364 0.0120517519
140376 0.0116621307
140409 0.0104225413
140507 0.0099759793
140528 0.0097405172
140546 0.0096200049
140576 0.0096014217
140587 0.0093136480
140601 0.0090886637
140610 0.0081111049
140614 0.0071584975
140770 0.0070886728
140902 0.0068747444
141025 0.0062855384
141156 0.0060942925
141204 0.0060326058
141306 0.0059948699
141373 0.0059598950
141377 0.0059154982
141397 0.0057268901
141424 0.0057051517
141495 0.0056355003
141564 0.0055601295
141619 0.0054595482
141697 0.0053911857
141804 0.0053599941
141838 0.0052971336
141845 0.0052652800
141874 0.0052487873
142014 0.0051928980
142137 0.0051879618
142240 0.0051777001
142257 0.0051445476
142335 0.0051342273
142337 0.0051192829
142367 0.0050527259
142540 0.0050485383
142568 0.0050122759
142572 0.0049761869
142719 0.0049749913
142736 0.0049720839
142801 0.0049654142
142879 0.0049576134
142888 0.0049441693
142897 0.0049408544
143020 0.0049331357
143167 0.0049257089
143175 0.0049208057
143197 0.0048958298
143266 0.0048900645
143281 0.0048833583
143296 0.0048784467
143562 0.0048685007
143651 0.0048617662
143664 0.0048491205
143681 0.0048467475
143729 0.0048398098
143767 0.0048122525
144026 0.0048079868
144170 0.0048000922
144179 0.0047855898
144315 0.0047850759
144348 0.0047677089
144447 0.0047548532
144540 0.0047486814
144541 0.0047443735
144549 0.0047401443
144672 0.0047392960
144777 0.0047246158
144889 0.0046837487
145049 0.0046466575
145118 0.0046397285
145129 0.0046190672
145261 0.0046143455
145332 0.0046095179
145350 0.0046057873
145405 0.0046054391
145407 0.0045690407
145478 0.0045639629
146085 0.0045070546
146469 0.0044888018
146479 0.0044464314
146550 0.0043798554
146726 0.0043582393
146741 0.0043482224
146771 0.0042635384
147049 0.0042547448
147126 0.0042392478
147198 0.0042246301
147279 0.0041667690
147354 0.0041239067
147513 0.0041099093
147550 0.0040643576
147608 0.0040630024
147638 0.0040526470
147678 0.0040241795
147694 0.0039996436
147948 0.0039862842
148018 0.0039819478
148115 0.0039715082
148348 0.0039198794
148643 0.0038946352
148864 0.0038709413
148983 0.0038498255
149216 0.0038362902
149243 0.0038326345
149266 0.0038209093
149298 0.0038203001
149343 0.0038150005
149347 0.0038093349
149413 0.0038069914
149434 0.0038044809
149462 0.0038026508
149467 0.0037802218
149620 0.0037772205
149629 0.0037649867
149715 0.0037553511
149742 0.0037502520
149778 0.0037451771
149805 0.0037220465
149827 0.0037177752
149860 0.0037147359
149871 0.0036736018
149881 0.0035573640
149941 0.0035382064
149967 0.0034692215
149982 0.0034660612
150003 0.0032873611
150030 0.0032686891
150064 0.0032023852
150091 0.0031155128
150109 0.0028381439
150121 0.0028158501
150129 0.0027675610
150180 0.0026593485
151363 0.0025927490
151382 0.0025284955
151433 0.0024862210
151508 0.0024035282
151533 0.0023803475
151559 0.0023642333
151564 0.0023089071
151638 0.0023030463
151640 0.0022859189
151689 0.0022151311
151737 0.0021061776
151896 0.0020103527
152007 0.0020079264
152057 0.0020060174
152093 0.0020048536
152189 0.0018875144
152415 0.0018804944
152448 0.0018769123
152449 0.0018120639
152519 0.0017691155
152792 0.0017422225
152820 0.0017403655
152952 0.0017293512
152974 0.0017229143
153064 0.0017190370
153082 0.0016765463
153177 0.0016723919
153323 0.0016513667
153416 0.0016279433
153453 0.0015916451
153580 0.0015841931
153686 0.0015832883
153704 0.0015282914
153846 0.0015017880
153908 0.0014851868
153975 0.0014530656
154134 0.0014073448
154412 0.0014013331
154577 0.0013681813
154634 0.0013557182
154808 0.0013484144
154986 0.0013360014
155010 0.0013165013
155103 0.0012976296
155129 0.0012415520
155436 0.0012413099
155491 0.0012001930
155621 0.0011847251
155765 0.0011810609
155776 0.0011651189
155786 0.0011349884
155854 0.0011043243
155874 0.0010907334
156024 0.0010618158
156097 0.0010369949
156116 0.0010113174
156145 0.0009800466
156207 0.0008403000
156250 0.0008106391
156270 0.0007277501
156375 0.0006571008
156482 0.0006224889
157518 0.0005375377
157535 0.0005143516
157586 0.0004140527
157864 0.0003902444
157865 0.0003744682
157887 0.0003368366
157909 0.0003366753
157939 0.0002888306
157947 0.0002629854
158054 0.0002362209
158102 0.0002202520
158213 0.0002056997
158225 0.0001550063
158337 0.0001543341
158483 0.0001450093
158533 0.0001357687
158563 0.0001235994
158595 0.0000995586
158693 0.0000818997
158778 0.0000773671
158982 0.0000668487
159061 0.0000663603
159136 0.0000643915
159139 0.0000558096
159166 0.0000481937
159191 0.0000468686
159204 0.0000424339
159313 0.0000400380
159343 0.0000368827
159443 0.0000270212
159446 0.0000252496
159765 0.0000216823
159841 0.0000211861
159918 0.0000209988
159920 0.0000178025
159936 0.0000173620
160009 0.0000155407
160027 0.0000130712
160133 0.0000128907
160166 0.0000125477
160186 0.0000107287
160198 0.0000102040
160234 0.0000092727
160268 0.0000084425
160293 0.0000079090
160308 0.0000078686
160340 0.0000070562
160403 0.0000060465
160494 0.0000055071
160506 0.0000054835
160608 0.0000051933
160635 0.0000043694
160729 0.0000038626
160794 0.0000024759
161019 0.0000022817
161128 0.0000022428
161187 0.0000021608
161256 0.0000021334
161273 0.0000018390
161327 0.0000014038
161379 0.0000012810
161417 0.0000012210
161424 0.0000011927
161461 0.0000011834
161536 0.0000011713
161555 0.0000011372
161586 0.0000011126
161600 0.0000010431
161658 0.0000010135
161693 0.0000008703
161741 0.0000006670
161773 0.0000006491
161923 0.0000006370
161927 0.0000006221
161931 0.0000006195
161951 0.0000005796
162032 0.0000005332
162034 0.0000004342
162083 0.0000004290
162084 0.0000003022
162341 0.0000003010
162358 0.0000002512
162464 0.0000002138
162502 0.0000001828
162553 0.0000001612
162693 0.0000001575
162727 0.0000001315
162863 0.0000000842
162956 0.0000000462
163363 0.0000000443
163385 0.0000000312
163445 0.0000000300
163566 0.0000000271
163678 0.0000000250
163705 0.0000000238
163715 0.0000000203
163724 0.0000000199
163748 0.0000000184
163800 0.0000000177
163809 0.0000000174
163842 0.0000000163
163847 0.0000000163
163886 0.0000000111
163942 0.0000000080
164197 0.0000000073
164252 0.0000000071
164284 0.0000000070
164382 0.0000000064
164391 0.0000000062
164414 0.0000000048
164441 0.0000000047
164460 0.0000000046
164557 0.0000000042
164580 0.0000000042
164612 0.0000000041
164613 0.0000000033
164664 0.0000000030
164731 0.0000000028
164795 0.0000000028
164850 0.0000000027
164856 0.0000000025
164876 0.0000000021
164973 0.0000000018
165056 0.0000000016
165066 0.0000000015
165155 0.0000000014
165202 0.0000000013
165217 0.0000000012
165249 0.0000000011
165259 0.0000000008
165493 0.0000000007
165508 0.0000000006
165537 0.0000000006
165612 0.0000000005
165656 0.0000000005
165711 0.0000000004
165721 0.0000000004
165812 0.0000000004
165922 0.0000000004
165948 0.0000000003
165964 0.0000000003
166065 0.0000000002
166267 0.0000000002
166279 0.0000000002
166362 0.0000000002
166365 0.0000000002
166402 0.0000000001
166443 0.0000000001
166530 0.0000000001
166588 0.0000000001
166594 0.0000000001
166606 0.0000000001
166730 0.0000000001
166766 0.0000000001
166856 0.0000000001
166916 0.0000000001
166967 0.0000000001
166980 0.0000000001
166992 0.0000000000
167088 0.0000000000
167137 0.0000000000
167154 0.0000000000
167256 0.0000000000
167271 0.0000000000
167283 0.0000000000
167380 0.0000000000
167390 0.0000000000
167401 0.0000000000
167427 0.0000000000
167435 0.0000000000
167456 0.0000000000
167457 0.0000000000
167680 0.0000000000
167702 0.0000000000
167717 0.0000000000
167890 0.0000000000
167927 0.0000000000
167997 0.0000000000
168045 0.0000000000
168137 0.0000000000
168261 0.0000000000
168349 0.0000000000
168379 0.0000000000
168604 0.0000000000
168662 0.0000000000
168776 0.0000000000
169036 0.0000000000
169167 0.0000000000
169220 0.0000000000
169242 0.0000000000
169265 0.0000000000
169368 0.0000000000
169381 0.0000000000
169395 0.0000000000
169503 0.0000000000
169515 0.0000000000
169539 0.0000000000
169632 0.0000000000
169641 0.0000000000
169687 0.0000000000
169931 0.0000000000
170052 0.0000000000
170077 0.0000000000
170078 0.0000000000
170114 0.0000000000
170161 0.0000000000
170234 0.0000000000
170335 0.0000000000
170366 0.0000000000
170521 0.0000000000
170787 0.0000000000
170866 0.0000000000
171005 0.0000000000
171378 0.0000000000
172157 0.0000000000
evaluations raw_y
1 45867343.9608110785
13 45750374.7104483023
16 34310363.1038690880
17 29179391.5292001627
35 16731649.4060434531
40 7551126.6343937078
100 6802266.4197242530
110 4812911.7864831770
115 3139388.6507255062
243 3129340.2569539007
404 2375385.9834774090
432 2111464.6375491116
459 2069797.0636093391
549 1369754.0957471856
693 1054594.0286614858
740 1017329.6644828141
1029 849383.1921381680
1083 825892.1693172472
1112 739203.2658769685
1163 673605.4779705746
1258 617038.7894188670
1303 585772.1791930172
1328 531500.1036873565
1494 456384.2211733644
1829 405353.1642124247
2010 390140.8743280860
2077 312770.0445619868
2542 312248.3303749388
2720 289589.8515422055
3027 286446.4770003399
3263 280746.7883896789
3459 274148.3144044679
3469 268377.9295350030
3906 268308.1874110714
4025 254514.9226054853
4282 214281.2561524994
4432 198017.0766627053
4885 156718.5267922927
5971 137513.9501482463
6460 119012.3345947932
6646 116975.4010405521
7791 105793.0859949420
8203 103318.3981077678
8413 97115.4086220803
8617 96209.6236447333
8669 94034.1257018494
8696 92956.1484146800
8732 91599.7671627793
8837 83017.7750993878
9392 74810.0933632501
9722 71532.9191307850
9979 70438.0352644409
10386 70320.0567582225
10641 68324.8930001984
10673 66529.4971563269
10817 65845.9523080365
10927 65331.4631357461
10990 64630.1224926614
11013 63208.7633104604
11018 62107.4070396763
11257 62086.6344136679
11391 59932.3114984566
11542 58565.5919517989
11565 57632.2446862459
11647 56867.7031076537
11713 56002.7910226775
12295 55698.8413920010
12429 53018.7627757654
12560 50397.5043410938
12852 50379.6458081126
12860 49605.8698890546
12991 49370.8508336265
13155 48669.2281250884
13211 45478.6112746213
13593 44812.4321542670
13629 43687.3821246734
13689 43652.1752387285
13778 43190.3737727824
13919 42469.3528715393
13972 42466.2812402690
14023 40676.1812774498
14184 40228.0378321861
14503 39713.9634159421
14593 38133.5665200789
14728 37866.8789141659
14748 34138.3604551706
15266 32883.8750200906
15692 32010.1718959680
15950 31761.7936570981
15958 29748.1471051304
16213 28209.4195921109
16240 26950.1934872717
16427 23898.4053560846
16723 22881.2603592626
16864 21859.0680673411
16870 21751.5973210822
16985 20228.2144986741
17105 19942.6188045050
17245 18212.2970407272
17251 18014.2568402723
17410 17812.4262200675
17492 17470.2118337204
17683 17420.5568500154
17697 16804.2877995497
17814 15831.6200842481
18185 15649.6650023239
18189 15412.2562761704
18330 14043.3308942557
18487 13737.7245987841
18614 12521.4036652028
18681 12393.0182204523
18963 12166.9768914325
18989 11787.5761157289
19015 11720.7382656018
19289 11606.3431146934
19310 10908.0438277563
19317 10089.3088821487
19326 9917.4499468120
19444 9270.0010533313
19506 8938.0650243901
19673 8270.6970548294
20512 8215.2297335191
20600 8116.3030147101
20700 7794.3961564374
20786 7638.4740923808
20845 7519.0227871276
20857 7378.6804252127
20927 7357.8428794255
20961 6648.3153295160
21015 6581.1989303878
21178 6508.6094277853
21424 6431.2022105373
21873 6410.3801559840
21879 6334.1202766429
22247 6212.9279530325
22257 6161.9446341943
22280 6083.0640645707
22362 5889.6361480940
22628 5867.7642426171
22725 5779.6031887206
22985 5695.6805238424
23089 5647.5572244288
23251 5613.1114698278
23436 5597.7628130192
23450 5493.9852776589
23990 5483.6957468707
24075 5482.7970792953
24078 5467.6491226747
24098 5372.9643764784
24155 5359.8020885405
24491 5354.1818439848
24684 5330.3691937385
24736 5279.5491112331
25033 5255.7711620201
25089 5200.9977604392
25420 5181.2561847670
25818 5105.7653203161
26085 5090.3660796282
26304 5043.9357155966
26459 5017.0968415225
26502 4999.3886979872
26694 4898.3406136846
26941 4849.7071363369
27038 4832.9870200425
27104 4799.5078095685
27494 4682.1767933692
27992 4614.0980461698
28012 4549.0552871238
28197 4536.6020108634
28393 4499.7757106233
28442 4474.1993227844
28564 4411.3926720679
28602 4341.1418735734
28623 4336.7273385664
28699 4300.0392009940
28934 4250.1203311741
28963 4234.6811073225
28983 4172.1177772480
29112 4019.9115530244
29233 3970.4741947562
29289 3915.2399496903
29616 3828.8373593138
29882 3597.0771893990
30507 3491.3787152318
30781 3413.4619341975
30848 3373.5132228242
31060 3264.4067248167
31281 3213.5242531104
31425 3170.9195729421
31551 3164.9284697755
31572 3099.5256713767
31598 3070.5365944400
32097 3012.6139642505
32269 2972.1085647809
32416 2926.4185147835
32686 2922.6065358593
32695 2916.1313530468
32718 2867.5474489378
32787 2798.3090404241
33170 2772.4247378913
33185 2733.6388474047
33331 2720.3704595904
33523 2707.9700988773
33624 2636.6649769326
34209 2572.6073172318
34490 2562.4193917803
34517 2550.5024585165
34718 2516.5405382924
35128 2504.5495123731
35177 2473.5250419598
35229 2458.9691648809
35283 2436.2102771301
35335 2397.6896123826
35337 2373.2421551781
35495 2293.9265820736
35763 2288.8893442987
35853 2282.5862652442
35854 2248.0699423792
36034 2240.5851448241
36054 2222.8932388754
36273 2221.7523165958
36323 2206.1515476324
36377 2194.7130921944
36507 2188.2323831867
36562 2172.4701151983
36784 2110.0787184530
37043 2070.9869307325
37157 2038.7604915362
37544 1999.1336506411
37838 1965.4958787440
38012 1945.0410649173
38046 1916.8343944670
38268 1863.8645742861
38699 1862.1898804217
38808 1857.0792099908
38883 1822.7580824626
38888 1819.3294145334
39081 1791.3614018425
39469 1757.8855470499
39801 1735.4094815881
39975 1715.1903711954
40026 1697.1630623822
40372 1693.5980624147
40614 1693.5657104057
41019 1666.8094761633
41183 1638.0668402349
41323 1628.4725458011
41498 1596.3410817852
42419 1593.6431477734
42576 1588.1955357167
42670 1587.9694183576
42961 1561.3850601840
42991 1531.5071414566
43452 1522.2835439164
43672 1502.5723546395
43936 1497.8638339804
43990 1496.9111102158
44018 1495.8356235975
44073 1486.2502284840
44146 1484.1134294157
44170 1482.2541638545
44247 1477.5941467957
44261 1475.6984752879
44625 1466.0057542609
44692 1460.5139878775
44747 1435.7858874482
44789 1428.4811450548
45296 1416.9079965863
45465 1388.7808941149
45656 1384.8551213525
45873 1380.4530947131
45895 1379.9777367816
45911 1379.1822611925
45969 1377.1084328920
46070 1367.7856512302
46101 1365.9789867760
46110 1365.1080529181
46143 1326.4768837607
46424 1325.9805801588
46487 1318.9110005217
46505 1318.0856954906
46590 1297.3285494627
46613 1296.0919123856
46633 1255.8760471159
46950 1253.5923901555
47002 1234.4291073050
47080 1227.7319995093
47189 1219.8149935624
47232 1212.6003503575
47394 1189.9272881996
47946 1181.8504323653
47969 1176.7693506351
48072 1132.7859066313
48215 1105.6545672128
48350 1052.1809120895
48877 1030.3792616601
49063 1028.0055888187
49282 1009.2118069601
49455 991.7194696575
49746 966.5913803946
49987 950.8070182133
50092 945.0893475316
50417 935.7279581830
50447 933.5928843789
50653 922.8557415583
50898 918.6256871732
51016 913.3745790790
51019 911.2938243692
51101 910.9511801037
51154 907.8250903396
51328 894.6415643366
51571 894.3417647810
51814 887.7370966606
51871 886.9462863252
51881 886.2745347110
52054 880.9596896423
52164 877.3540386876
52193 875.0071720728
52239 873.4586486613
52426 870.6066081654
52484 870.4068512733
52569 867.9516232360
52792 863.0012352011
52797 856.1359451487
52880 850.1449847394
52935 849.4533057306
53218 849.4518198349
53296 843.1193612575
53433 839.7919478959
53598 838.7775768314
53616 836.0071778118
53823 833.7982962740
53883 833.3449794836
54081 831.9616787923
54142 828.5390896573
54305 827.3040124668
54339 826.5459322435
54431 826.2064592087
54550 821.3833439098
54588 821.2068282752
54648 821.0363023103
54668 819.8531626739
54669 805.7654573489
55056 800.6023242186
55188 798.4598269551
55330 791.0508082716
55364 787.3852044215
55747 783.6923265059
55882 781.1470774227
55957 780.8622922098
55963 779.7148980014
55972 774.0052551818
56001 770.8242442338
56112 770.7460131961
56316 760.2263912173
56512 759.5897753449
56546 757.1190282502
56621 755.0727233162
56662 751.9723322584
56684 751.9179228577
56721 750.8232319763
56742 749.3720865342
56746 749.1203830681
56843 743.6055930375
56852 743.0894932207
56890 741.7948612326
56999 741.4891491725
57026 740.5107025797
57088 739.5368337408
57116 735.7322406116
57274 735.1335173649
57443 732.9439269747
57469 732.0797588191
57487 728.1068983671
57812 725.3958814192
58118 725.1304295058
58276 721.1045110279
58408 721.0023903661
58435 716.2793101111
58439 712.8465524196
58461 697.6883076559
58653 694.2697553695
58733 692.5269823592
58737 676.9050820082
59128 673.2213786182
59250 672.3805694670
59260 672.3111409617
59267 660.3908612546
59298 657.0900639443
59564 655.6232390997
59635 653.9896781889
59723 651.8101779379
59855 649.3431652149
59901 649.0082538315
59916 641.9216650030
59955 641.6720471754
60024 639.7840542001
60057 634.7057496362
60106 633.7003805682
60351 626.9806126469
60376 626.0067463157
60522 625.9235728269
60524 623.1379028595
60668 618.0004567958
60868 613.9963506760
61045 613.2898621337
61069 611.7468927916
61098 611.6034008723
61384 610.1518005832
61402 605.3603797165
61600 603.5330940066
61848 596.9694911471
61910 594.9053176583
62199 592.4056774002
62286 592.2418833466
62299 591.9713400494
62307 586.2811489098
62394 583.1691405602
62404 582.5392175453
62464 580.8365946846
62517 580.3409050623
62574 577.6960381938
62659 577.3420343806
62762 574.8114255128
62806 570.0144554856
63049 568.1445649209
63454 565.4661978041
63510 560.0135150530
63627 559.0268553828
63704 558.0093374575
63746 556.8503580447
63790 554.4984573530
63885 552.1672784305
64049 551.2524076709
64114 550.7125389108
64167 548.1102939553
64409 546.2129087093
64448 545.1432350439
64450 543.1190229596
64560 540.7581437494
64849 539.9088170199
64860 538.0666260869
64980 534.6339080166
65150 528.0566150766
65239 524.9418259324
65249 524.4699483134
65368 517.6568822319
65532 514.6770578850
65678 512.7061721290
65711 509.0218139184
65986 508.5937731292
66009 504.5240273882
66413 502.1124826823
66431 494.6713180465
66528 494.2848318558
66603 487.1348916495
66728 485.1441845089
66745 484.2931595226
66948 482.7635134018
66960 468.2811213003
67207 468.2666763000
67223 466.6091821819
67330 466.2878756096
67335 457.6267861543
67350 456.7431788782
67373 450.0090656310
67512 443.1616462983
67571 441.3371769759
67702 432.2684896238
67765 430.8500471807
67971 426.7051014500
68161 425.7778397108
68180 422.7657058878
68188 415.5951526568
68225 413.8904295625
68323 413.8089854808
68434 412.3847866812
68585 401.9470934281
68778 399.9827263933
69248 384.0979147780
69883 361.7940034540
70457 360.6104744741
70549 349.2494297943
70605 340.4993677061
70803 330.4425570219
71021 325.4955264207
71225 324.9624380917
71327 320.0102748181
71411 314.4182690179
71660 308.0645983575
71686 306.9075297775
71705 303.3910064588
71713 299.1172648591
71846 295.6849457309
71898 284.4612274904
72087 284.3730809405
72157 281.0660263030
72183 275.8152677893
72311 275.5390414270
72368 273.1141046182
72453 272.8428845773
72514 267.6737384968
72742 263.7115491161
72770 260.5691666234
72970 256.9898258995
72978 255.5755456617
73100 254.2286914658
73305 254.0897225173
73409 247.8830796346
73547 243.1100925896
73787 242.3296141326
73875 241.6781181331
73878 238.8401849818
74032 234.7275318774
74081 234.6348980930
74120 232.6910521392
74275 227.7450587987
74433 219.4368767438
74570 216.2683022081
74807 213.7321106402
75594 203.6067692715
75604 201.8057232014
75680 198.4248791748
75803 196.2787350981
76003 189.2270850154
76106 187.7478205060
76243 180.6109343214
76557 178.6038212950
76696 177.3497512465
76701 176.7402708452
76762 171.6762654155
76870 171.6662465613
77034 171.6282056006
77045 171.4010200030
77050 169.0615758313
77120 163.6335308991
77248 160.7160882352
77578 160.2485477656
77744 157.7156257932
77747 156.0943810836
77851 155.6289542835
77862 150.7478557302
77990 148.5739066949
78392 141.8577804935
78548 141.5572713681
78561 137.4866046831
78578 134.4919504549
78612 127.9326186316
78665 124.4876372068
78761 120.5319771822
79137 114.0344851954
79260 113.6248021541
79518 111.7317617625
79577 108.7954693313
79622 107.2671481014
79636 103.7903278827
79946 98.5059981640
80258 98.3278829914
80289 97.1605943841
80335 94.7524824071
80398 94.6476492841
80574 90.6724851924
80700 89.8468903796
80708 88.0189061248
80754 87.9550416931
80829 86.6092986041
80930 85.7812224380
81043 85.6122175352
81367 84.8621574343
81489 81.2831156076
81570 81.0411423559
81814 79.7181400475
81836 79.1615830046
81928 78.5717926583
81944 78.3218745571
82165 78.2951752494
82178 77.7341838673
82326 77.3783404520
82402 73.4134137739
82580 72.4782563156
82589 72.1177187539
82625 71.4823166294
82753 71.0428648602
82765 67.3888707518
83039 67.3247418109
83054 64.3880774010
83220 61.9890803889
83503 61.0496322539
83544 60.5505342259
83546 60.3624392495
83553 60.0729645596
83861 57.8791146818
84053 57.7442683077
84109 57.6930834879
84153 56.4216238667
84186 55.0055590478
84375 54.2126118067
84904 53.6506488968
84907 52.4422459031
84971 52.3735978928
85015 52.3602958447
85101 52.2873200484
85142 51.3844601973
85160 50.5470576049
85233 50.2178363201
85259 49.9232266565
85305 49.5799853508
85356 48.3664270696
85428 47.6955092674
85576 47.6642777191
85603 47.5178344108
85610 47.4961757815
85624 47.4480910552
85627 46.5592503892
85674 45.4594507010
85842 45.2121523297
85871 44.6045052946
85873 44.4893799003
85912 43.9848129328
86048 43.7273509231
86088 43.6343360004
86117 43.5249577097
86343 42.7275134103
86470 42.6077794832
86492 42.0792013530
86671 41.9372052160
86811 41.7618126243
86975 41.6295113906
87119 41.3845125890
87168 41.0751674627
87317 40.4891089972
87425 40.4848658332
87619 40.4573322156
87665 40.4295956967
87754 40.3780116727
87779 40.0812828078
87873 39.9605007142
88110 39.7676385145
88176 39.6661696122
88395 39.5007570994
88649 39.3471440516
88689 39.3446113029
88708 39.2920541462
88713 39.1477398946
88889 39.0967653925
88953 38.9088460222
89127 38.7152127440
89156 38.7139537666
89315 38.5563490587
89485 38.4214248198
89614 38.4146292144
89618 38.1326457917
89904 37.9730972501
89974 37.7220449943
90348 37.7020561053
90500 37.3585834971
90595 37.2676969920
90647 37.1916457987
90789 37.0489969895
90832 36.8049224046
90957 36.6655746493
91183 36.6523890123
91246 36.2070381812
91303 35.8724184767
91333 35.5849916482
91686 35.0981742929
91707 34.5033442066
91724 34.3328842888
92042 33.7321458739
92453 33.1730269552
92531 33.1708144086
92664 32.9719704899
92759 32.6886884219
93061 32.6699716790
93075 31.8039298346
93401 31.7371283980
93410 30.9442885107
93566 30.7071949638
93918 30.6018327222
94059 30.1837673968
94175 29.9651049519
94254 29.9321402893
94363 29.7406213027
94370 29.6411159997
94560 29.3190515445
94800 29.3139118702
94897 29.0770199244
94916 29.0445878882
95000 29.0390325898
95022 28.6475122999
95105 28.5401050745
95181 28.4975855378
95239 28.4824036262
95305 28.4368950145
95323 28.0153554288
95557 27.9877863873
95754 27.9673618780
95769 27.5383211838
95983 27.4994518976
96031 27.3608632873
96226 27.2737889538
96349 27.2689530315
96361 26.9606941748
96409 26.9031585428
96480 26.8425296341
96495 26.6432274789
96522 26.5035182854
96625 26.1237600100
96977 25.9352602529
97000 25.7678608384
97150 25.6007261595
97154 25.2189483721
97303 24.7590959791
97632 23.7662401547
98184 23.5648346795
98360 23.4864733493
98379 23.4749289803
98389 23.4066333562
98424 23.3431697904
98459 22.9818345857
98623 22.4970442619
98650 21.6747774991
98766 20.9657484135
98784 20.6047643002
99246 19.7384469624
99448 19.2811083229
99510 19.2217389993
99707 18.9194790950
99760 18.7900167931
99918 18.2469378397
99968 18.1812107770
100244 17.8149359692
100333 17.8119132548
100444 17.5295201983
100461 17.3909441916
100516 17.3795735022
100522 17.3605493738
100535 17.2735977801
100566 17.1392341914
100689 16.9426937661
100803 16.8292181783
100899 16.6603295962
101001 16.6176935209
101041 16.6156118216
101071 16.5291058507
101155 16.3701678196
101171 16.2452676229
101278 16.0393768499
101595 16.0210081870
101599 15.9916504714
101775 15.7705844234
101792 15.7453299944
102008 15.6763832076
102382 15.6533363367
102400 15.5657568467
102532 15.5283753805
102596 15.3337398648
102682 14.9663575841
103318 14.4966958035
103852 14.2637233885
103854 13.5392238863
103937 13.4984715577
103954 13.0442017493
104117 11.4289182236
104638 10.9768028478
104651 10.8664604334
104821 10.7501492409
105122 10.7317069992
105178 10.4548902304
105251 10.2925286319
105297 10.0977749237
105360 9.1148783494
105579 9.0548030024
105816 8.6077663229
105990 8.5899262802
105996 8.3658091102
106068 8.2571738892
106087 7.4973343344
106247 7.4955197710
106408 7.4360343236
106425 7.2697505748
106433 6.9836345371
106438 6.8670680289
106689 6.0121465711
107028 5.9452732478
107393 5.4477876048
107578 5.4340265807
107604 5.1534977186
107877 4.8836263217
108038 4.8665016592
108050 4.7498933119
108110 4.7260594579
108146 4.3302600423
108342 4.2546992644
108366 4.0522803436
108456 4.0387319894
108457 3.9879012788
108520 3.9848657052
108537 3.9121091110
108603 3.6558289451
109011 3.6375452295
109020 3.5337177529
109060 3.5050950572
109088 3.4864740347
109159 3.4326335321
109243 3.4318058840
109256 3.4110730746
109319 3.3533969783
109662 3.3395210254
109702 3.3029553433
109849 3.3015867551
109874 3.2365558509
109980 3.1512048020
110236 3.0849065457
110388 3.0689895210
110579 3.0264876164
110712 3.0099877071
110901 2.9691622964
110918 2.9360077349
111347 2.9135969296
111703 2.9117726791
111767 2.8882718657
111845 2.8703317575
111982 2.8643069372
112014 2.8565325938
112068 2.8481777507
112140 2.8425013187
112234 2.7643210788
112758 2.7435945623
113109 2.7415725756
113170 2.7240834072
113172 2.6994600285
113281 2.6535449979
113374 2.6450844704
113486 2.5941736629
113670 2.5860046077
113737 2.5728477916
113787 2.5709169116
113803 2.5606738120
113804 2.5572479697
113903 2.4690691159
114200 2.4673300576
114325 2.3869719046
114494 2.3149789691
114553 2.3023085394
114580 2.2542271306
114588 2.1215380133
114631 2.1091402772
114745 2.0767815536
114766 1.9092975179
115787 1.5455508633
115969 1.4299958357
116095 1.3805801266
116119 1.2741596177
116155 1.2208701270
116196 1.1033589935
116339 0.9914012470
116402 0.8854703998
116465 0.8447768187
116537 0.7567796956
116623 0.7479970060
116698 0.7215385813
116710 0.6370242274
116906 0.6330764930
117026 0.6298316705
117094 0.5877261781
117232 0.5500948695
117451 0.5312581345
117512 0.4344416967
117674 0.3712276295
117726 0.3622891768
117972 0.3317061795
118048 0.3242852611
118068 0.3164649056
118076 0.3025789423
118420 0.2784106968
118584 0.2662421468
118893 0.2646070114
118952 0.2627066541
119083 0.2618514431
119141 0.2546315664
119168 0.2457770660
119247 0.2408572986
119358 0.2390467858
119383 0.2343783209
119438 0.2288357587
119581 0.2284150903
119593 0.2257555790
119655 0.2247056449
119659 0.2246280533
119715 0.2226752528
119738 0.2220958567
119789 0.2161242945
119813 0.2156849529
119873 0.2140991390
119973 0.2126477315
120025 0.2062437510
120054 0.2056036601
120251 0.2001453164
120441 0.1976000570
120520 0.1969248061
120961 0.1960299151
120988 0.1951567314
120994 0.1912757123
121083 0.1901601217
121195 0.1848716617
121286 0.1794278636
121549 0.1790196440
121651 0.1776544629
121653 0.1751947810
121816 0.1748468712
121832 0.1727531113
122012 0.1695119446
122047 0.1642714404
122197 0.1626710482
122420 0.1605426430
122506 0.1592734917
122568 0.1591197786
122619 0.1528512580
122828 0.1517056144
122996 0.1495517693
123159 0.1482654474
123258 0.1433778837
123773 0.1372322729
123860 0.1371775458
124073 0.1354100129
124323 0.1347768219
124357 0.1346534438
124491 0.1315838687
124525 0.1300289036
124526 0.1255810827
124543 0.1204674957
124833 0.1203856388
124890 0.1184803999
124892 0.1163421969
124909 0.1160519266
124939 0.1154637002
124977 0.1146045711
125066 0.1114289745
125111 0.1078108920
125129 0.1064441942
125270 0.1006233270
125345 0.1006188778
125581 0.0991900122
125609 0.0990145997
125733 0.0988837390
125850 0.0959550429
125864 0.0957657309
126002 0.0948535765
126059 0.0948208083
126190 0.0926670993
126243 0.0882538422
126259 0.0877462777
126388 0.0857622458
126656 0.0839922083
126873 0.0837808310
126919 0.0824633964
126995 0.0823140908
127010 0.0818321583
127066 0.0806691098
127121 0.0798143522
127134 0.0793883293
127242 0.0784336347
127346 0.0781946082
127549 0.0762364614
127590 0.0761666357
127637 0.0757696178
127686 0.0745116222
127750 0.0740534962
127810 0.0724284700
127882 0.0695591114
128050 0.0694222176
128616 0.0684861450
128699 0.0656330160
128781 0.0643536885
128846 0.0628829756
129360 0.0626385060
129489 0.0619028737
129494 0.0618500032
129534 0.0607729173
129595 0.0598529958
129654 0.0590040179
129670 0.0575900798
129708 0.0565753167
129750 0.0546187432
129763 0.0513354610
129885 0.0467887768
130159 0.0464990511
130246 0.0416998117
130291 0.0410828729
130742 0.0407023064
130913 0.0400506573
130946 0.0379618581
130962 0.0368625861
131032 0.0354151424
131129 0.0344938670
131137 0.0327520397
131397 0.0296874537
131668 0.0291406019
131676 0.0276445878
131733 0.0252868547
131939 0.0246811266
131969 0.0243669695
131998 0.0242336493
132023 0.0241105483
132032 0.0236984871
132069 0.0217786996
132281 0.0213022122
132288 0.0208804917
132341 0.0200230495
132681 0.0181617349
132985 0.0178823956
133017 0.0177358043
133154 0.0168371213
133365 0.0162666609
133538 0.0154781894
133577 0.0151696002
133699 0.0148744880
133724 0.0143496582
133771 0.0138384698
134023 0.0134080389
134083 0.0126339661
134161 0.0122434160
134200 0.0116785964
134267 0.0111916656
134368 0.0107814245
134456 0.0103615843
134594 0.0101032560
134644 0.0099596881
134908 0.0096056754
134939 0.0093822602
134983 0.0089220584
135062 0.0088557569
135170 0.0087365625
135255 0.0081417721
135508 0.0080143051
135740 0.0079424057
135853 0.0079223483
135855 0.0076984063
135863 0.0075968956
135897 0.0075864416
135992 0.0075807596
135993 0.0074708136
136015 0.0073621356
136045 0.0071128396
136192 0.0068747278
136270 0.0065479121
136592 0.0065030949
136637 0.0064446412
136757 0.0064384160
137070 0.0064347336
137087 0.0063258644
137115 0.0059993271
137256 0.0055436307
137278 0.0055434691
137317 0.0055000322
137464 0.0053253028
137612 0.0052325373
137657 0.0050197043
137704 0.0050083199
137715 0.0050059636
137726 0.0048812914
137798 0.0047943681
137854 0.0046739585
137871 0.0042729947
138184 0.0041845251
138277 0.0041646362
138307 0.0041326876
138372 0.0040987855
138378 0.0040618202
138382 0.0040612977
138396 0.0040275107
138405 0.0039489957
138431 0.0039004812
138474 0.0038324762
138719 0.0037799743
138928 0.0037602774
139055 0.0037320636
139066 0.0036966423
139127 0.0036511105
139178 0.0036418010
139257 0.0036342937
139282 0.0036168900
139304 0.0035991988
139375 0.0035878552
139523 0.0035767282
139556 0.0035747207
139561 0.0035329588
139562 0.0034888254
139782 0.0034818524
139901 0.0034735457
139928 0.0034638366
139999 0.0034627290
140143 0.0034625945
140235 0.0034541086
140294 0.0034489079
140390 0.0034471598
140446 0.0034430494
140447 0.0034358790
140448 0.0034331860
140501 0.0034281801
140525 0.0034245041
140592 0.0034237420
140629 0.0034213099
140879 0.0034089149
140932 0.0034082374
141050 0.0034049031
141082 0.0034048964
141138 0.0034026462
141214 0.0034018737
141217 0.0034011094
141312 0.0033990408
141336 0.0033983816
141349 0.0033968289
141365 0.0033964810
141372 0.0033868397
141616 0.0033858482
141617 0.0033835526
141748 0.0033767382
141765 0.0033759827
142071 0.0033748777
142103 0.0033668894
142423 0.0033558674
142688 0.0033400417
142768 0.0033346898
142984 0.0033254379
143059 0.0033128868
143193 0.0033100470
143196 0.0033032376
143217 0.0032916306
143397 0.0032869947
143405 0.0032802401
143492 0.0032429120
143878 0.0032361761
143944 0.0032125581
144068 0.0032005994
144371 0.0031493634
144529 0.0031379533
144538 0.0031266010
144881 0.0030268171
144920 0.0028357578
145401 0.0026875560
145417 0.0025708642
145469 0.0024808043
145537 0.0022333601
145756 0.0021822214
146287 0.0020913823
146531 0.0019265295
146599 0.0018598972
146622 0.0018301927
146637 0.0016305770
146647 0.0015898698
146698 0.0013678185
146758 0.0012663172
146776 0.0012623580
146832 0.0010470579
146893 0.0010097853
146894 0.0010080350
146901 0.0010010915
146937 0.0009527676
146957 0.0009370723
146961 0.0007458663
147057 0.0007287218
147074 0.0006883017
147097 0.0006297331
147164 0.0006226414
147249 0.0005644977
147260 0.0005188411
147266 0.0004192234
147299 0.0003350331
147472 0.0003054679
147479 0.0002578992
147518 0.0002302847
147600 0.0002289969
147681 0.0002185050
147742 0.0002147367
147780 0.0001814701
147890 0.0001603164
147922 0.0001529984
147928 0.0001194455
148029 0.0001191232
148049 0.0001021871
148191 0.0001020578
148196 0.0000858776
148266 0.0000777477
148303 0.0000717959
148357 0.0000707364
148370 0.0000604801
148429 0.0000544832
148479 0.0000539345
148523 0.0000515625
148527 0.0000465620
148563 0.0000445364
148583 0.0000377603
148609 0.0000316615
148755 0.0000301417
148844 0.0000294825
148897 0.0000275164
148904 0.0000260854
148922 0.0000234581
148958 0.0000211061
148991 0.0000196821
149011 0.0000163137
149189 0.0000104603
149418 0.0000095209
149532 0.0000080794
149553 0.0000075424
149670 0.0000070678
149729 0.0000065238
149864 0.0000052905
149966 0.0000051587
150089 0.0000048120
150131 0.0000044559
150224 0.0000041320
150327 0.0000033988
150586 0.0000033115
150590 0.0000031940
150655 0.0000029503
150696 0.0000028893
150918 0.0000028050
150988 0.0000026861
151029 0.0000026614
151058 0.0000026523
151070 0.0000024668
151118 0.0000024104
151279 0.0000023533
151322 0.0000021937
151873 0.0000021890
151875 0.0000019554
152191 0.0000019248
152352 0.0000018606
152376 0.0000016530
152664 0.0000015899
152777 0.0000015528
152785 0.0000015200
152922 0.0000014001
153098 0.0000013902
153456 0.0000013303
153461 0.0000013143
153750 0.0000012855
153801 0.0000012761
153821 0.0000011899
153834 0.0000010930
153915 0.0000009622
153975 0.0000009100
154134 0.0000008896
154190 0.0000008625
154198 0.0000007800
154238 0.0000007506
154392 0.0000007097
154403 0.0000006112
154753 0.0000005627
154760 0.0000005502
154853 0.0000005356
154941 0.0000005175
154953 0.0000004976
155165 0.0000004744
155215 0.0000004217
155433 0.0000004211
155438 0.0000003537
155546 0.0000003481
155608 0.0000003196
155640 0.0000002967
155678 0.0000002346
155940 0.0000002199
155950 0.0000001608
156203 0.0000001411
156247 0.0000001384
156258 0.0000001371
156337 0.0000001177
156380 0.0000001096
156389 0.0000001057
156743 0.0000001010
156794 0.0000000899
156844 0.0000000853
156930 0.0000000765
156948 0.0000000688
157000 0.0000000534
157029 0.0000000499
157080 0.0000000493
157103 0.0000000466
157153 0.0000000370
157183 0.0000000306
157305 0.0000000261
157457 0.0000000213
157538 0.0000000148
157736 0.0000000144
157797 0.0000000131
157837 0.0000000127
157902 0.0000000125
157924 0.0000000099
157931 0.0000000099
157998 0.0000000088
158046 0.0000000083
158179 0.0000000063
158235 0.0000000051
158323 0.0000000044
158461 0.0000000040
158541 0.0000000040
158601 0.0000000037
158608 0.0000000036
158618 0.0000000029
158693 0.0000000028
158704 0.0000000023
158748 0.0000000023
158774 0.0000000021
158800 0.0000000019
158867 0.0000000016
158977 0.0000000014
159085 0.0000000013
159095 0.0000000012
159178 0.0000000012
159186 0.0000000011
159222 0.0000000011
159234 0.0000000008
159352 0.0000000008
159370 0.0000000008
159427 0.0000000007
159455 0.0000000007
159486 0.0000000005
159694 0.0000000005
159715 0.0000000004
159754 0.0000000003
159851 0.0000000003
159935 0.0000000002
160080 0.0000000002
160116 0.0000000002
160211 0.0000000002
160234 0.0000000001
160501 0.0000000001
160620 0.0000000001
160689 0.0000000001
160740 0.0000000001
160745 0.0000000001
160753 0.0000000001
160875 0.0000000001
160976 0.0000000000
160983 0.0000000000
161014 0.0000000000
161065 0.0000000000
161069 0.0000000000
161117 0.0000000000
161153 0.0000000000
161166 0.0000000000
161206 0.0000000000
161265 0.0000000000
161266 0.0000000000
161278 0.0000000000
161300 0.0000000000
161303 0.0000000000
161305 0.0000000000
161437 0.0000000000
161468 0.0000000000
161491 0.0000000000
161555 0.0000000000
161667 0.0000000000
161732 0.0000000000
161750 0.0000000000
161778 0.0000000000
161961 0.0000000000
161986 0.0000000000
162084 0.0000000000
162190 0.0000000000
162198 0.0000000000
162210 0.0000000000
162294 0.0000000000
162315 0.0000000000
162370 0.0000000000
162436 0.0000000000
162519 0.0000000000
162529 0.0000000000
162605 0.0000000000
162625 0.0000000000
162679 0.0000000000
162752 0.0000000000
162794 0.0000000000
162864 0.0000000000
162904 0.0000000000
163044 0.0000000000
163191 0.0000000000
163417 0.0000000000
163458 0.0000000000
163511 0.0000000000
163515 0.0000000000
163598 0.0000000000
163775 0.0000000000
163823 0.0000000000
163852 0.0000000000
164031 0.0000000000
164236 0.0000000000
164363 0.0000000000
164693 0.0000000000
165511 0.0000000000
evaluations raw_y
1 26997890.8605484255
18 23491856.0940638036
20 17466937.6630960554
39 10603383.0207076482
72 10373967.5489970986
73 6284126.8599928757
158 6187320.8004522780
183 5759699.4449288165
240 5757450.5568723734
294 4488894.7850701334
368 4173607.3214982082
376 3649024.5697291889
497 3106665.9966781531
590 1986812.9309528868
696 1659106.1505438474
952 1413658.8419835682
1106 1283404.0728314563
1228 1027651.1136907579
1451 692912.3743774581
1666 602092.9352569286
1766 585238.9241818067
1944 552849.1605574050
2026 535958.5889832540
2223 534271.7115947781
2299 527848.2203402757
2546 511819.4861073937
2589 436934.6858475031
2781 436321.7238210731
2783 391775.3174324196
2981 353684.8780801069
3098 353388.9133182812
3200 315609.5191192724
3437 308393.9610562034
3635 286469.7962803369
3718 276153.8433493763
3721 252145.0882839223
4096 222129.6299872893
5135 192721.3338291231
5446 166971.4350307609
5777 143508.6155020827
6194 139129.1375697633
6279 135995.0446615559
6438 127254.8233112498
6545 121778.9776282019
6555 121326.6305276380
6745 110566.9406148670
6835 103161.2236102447
7669 103118.7437043945
7758 94327.9514084245
8191 92872.2419531249
8308 81341.5181460687
8422 78095.4289146819
8465 78050.0577847121
8519 74667.7644605483
8639 69716.9933761417
9084 68016.4812407468
9095 67148.6167384100
9202 66730.9926279510
9248 65552.2119417343
9290 64513.7201273056
9335 63507.0017512927
9506 61462.1922010722
9623 61267.7777021051
9644 59699.2208690265
9900 57647.4882600021
9982 53907.3049817221
10115 53312.2788766058
10298 53036.9330557295
10329 52695.6879258087
10348 51478.9773540242
10391 49715.9258277563
10655 46638.6801542219
10658 44562.1253229118
11308 41070.9421717650
11567 39657.3883096188
11816 38747.9695576303
12070 38335.6208933698
12170 38029.5286187880
12276 35282.8889124203
12468 34754.7307371235
12612 33922.5801128659
12908 33177.0344213011
12919 31853.6428489567
13340 30416.0386438118
13514 30150.8596365311
13822 30022.5091021616
13883 28306.6094460498
14017 28084.8948707255
14541 27332.7658860682
14579 27230.8838584450
14587 27008.2604207065
14646 26604.4384049253
14718 25947.0854743753
14776 25201.7166337112
15289 24225.6127616631
15897 24147.1282040001
16056 23545.4182465806
16205 22707.9095344206
16686 22182.1745001680
16800 22096.3552505632
16822 22031.3046131650
16833 21925.9212704161
16971 21884.1160403308
17001 21796.9970317714
17002 20885.3469298214
17025 20588.2064425661
17187 20457.3346417984
17319 20419.2374159021
17329 20315.8433736909
17473 20274.1002186709
17542 19823.2016578976
17661 19504.4514836643
17695 19157.7391132542
17835 19154.1569537114
17837 18960.2018341221
17898 18729.2301480230
17939 18701.9132320531
18209 18622.3733032136
18235 18467.1687753208
18257 18246.3615840598
18356 18014.3323949964
18499 17835.2554767501
18616 17604.0843622856
18857 17584.2143211395
18913 17550.0728469451
19320 17430.5131470567
19394 17326.3662056490
19531 16916.8482687402
19574 16551.5233118207
19612 15881.3231175289
19978 15384.4243349435
20259 15128.2669942307
20493 14954.8418522502
20599 14949.0278083407
20667 14849.7045622718
20756 14275.4790255558
20817 14249.3227527652
20981 14067.4763926390
21072 13812.7213382943
21149 13790.8989887575
21169 13117.8020580516
21204 13050.4747811919
21599 12923.1275496203
21839 12827.4236991794
21950 12711.1671711850
22295 12644.3497765876
22327 12398.8347480146
22381 12239.7998226579
22492 12052.9479238349
22515 12020.7566986714
22548 11822.3741410818
22587 11550.4514297311
22848 11522.3789218331
22968 11464.2365633354
23446 11449.5284342281
23620 11320.6503139139
23654 10886.3412227697
23762 10725.0828071007
23790 10481.9842581933
23893 10461.4983946941
24248 9982.8007318556
24513 9889.0560399095
24607 9748.6733905831
24714 9704.0014441266
24938 9702.3687608476
24966 9664.4999481655
25007 9646.0936676927
25055 9619.6420659200
25165 9309.4283700584
25181 9291.2138216454
25278 9268.1306421186
25443 9251.1682147659
25497 8881.1051874527
25650 8841.7673935529
25858 8583.6033916310
26282 8557.3987653446
26470 8483.3536733951
26596 8166.1324030962
26605 8158.6249573819
26722 8017.3734473856
27013 7545.9055379241
27029 7464.1191199950
27235 7215.3252787629
27521 7145.8506012182
27666 6925.8276423439
27721 6767.3984366288
27822 6745.8811699131
28005 6636.0031502541
28204 6573.4583618150
28318 6528.8411270081
28398 6511.1320656007
28425 6471.7909485971
28426 6249.7844261100
28571 6114.1247679689
28799 6027.2392382268
29100 5911.0022418202
29717 5731.9124110602
29891 5590.9506967195
29992 5268.8819631619
30381 5082.7515031076
30554 5041.6975200037
30612 5029.7068924272
30943 5008.2629354786
31097 4933.1527434365
31292 4924.1708147190
31631 4903.0321591906
31679 4894.7979910964
31740 4880.2899025914
31742 4796.8325944042
31763 4722.7545698113
31854 4653.7581287759
32113 4584.5714627929
32354 4506.6880478415
32579 4496.2681648113
32646 4480.1081955073
32702 4433.7914336634
32883 4377.4886986666
33024 4290.9868863372
33732 4273.1350830236
33810 4226.4863790817
34317 4110.5037363081
34505 4069.7104956965
34698 4065.2060600919
34717 3940.1123333225
35064 3868.6514270422
35136 3843.0437423402
35194 3767.0954576109
35703 3746.2010884612
35781 3718.5983367473
35833 3706.3698758945
36174 3702.1269136241
36182 3551.3703085982
36627 3542.9662323517
36656 3411.0126555515
36951 3393.0717474077
36996 3388.5270990492
37050 3371.0583810513
37229 3364.3913492888
37247 3329.2705409092
37453 3328.8463905423
37493 3243.3956361742
37533 3206.3682936498
37776 3166.6577780924
37939 3116.7871662504
37993 3114.0736929466
38017 3084.8847836163
38037 3003.6531623955
38325 2909.0276891794
38340 2892.9737857831
38856 2868.9550709266
38929 2816.0996050657
38985 2721.9323119634
39215 2714.1071066321
39254 2675.2245298070
39441 2635.2894238082
39514 2589.1349401571
39732 2531.3102285882
39972 2440.6467624467
40058 2388.8103975538
40150 2330.4359204608
40361 2322.5876191847
40556 2312.7682006275
40655 2290.4799822883
40783 2275.2418857832
40817 2200.8581102930
40848 2195.1485100444
40855 2192.9280696770
40994 2175.8369468164
41095 2148.3145845859
41111 2116.3543081122
41167 2050.6587659328
41257 2046.5366820185
41407 1997.4644173774
41434 1929.9653414718
41500 1910.1089250418
41776 1879.6808116345
41794 1859.2297202191
41868 1856.2195341481
41966 1736.1334171158
42599 1691.0018146884
42662 1578.4605253505
42920 1508.0756142921
43119 1466.3494998725
43289 1463.3075387343
43499 1441.0028921067
43528 1327.3253331651
43910 1319.7435759450
44003 1315.0209725316
44056 1304.0211909618
44057 1303.8714145017
44190 1264.5761362207
44410 1262.4183376403
44425 1208.9819026875
44768 1190.4617210826
45098 1168.2745292080
45646 1167.8652126335
45758 1141.2314259154
45761 1122.4293073024
45938 1110.2452864199
46043 1102.8179476392
46094 1076.9929535244
46479 1063.1316671544
46491 1060.6185939099
46563 1055.9758508812
46574 1055.9321971484
46731 1043.3716152552
46749 1026.2386807764
46810 1020.6404506604
47059 1018.1826442770
47322 1017.6896581558
47330 992.9539577040
47524 979.7123461961
48186 967.9765262564
48319 964.1499516688
48678 962.8331356696
48693 934.7876142594
49007 911.9232799014
49354 909.8682535810
49636 901.2838865441
49886 899.0824482314
49924 894.7484532619
49954 891.7912400698
50007 882.6361040826
50171 862.0193131193
50307 855.7572900396
50682 849.7207397839
50721 830.6868438405
50990 825.2963055320
51126 823.8275078841
51199 821.0174908391
51209 818.0920079177
51267 813.9488979586
51286 811.6399912775
51383 810.2388674103
51438 808.4868969602
51573 806.5125307773
51694 803.0485730479
51803 801.8895864485
51832 793.8143393922
52248 791.6476880505
52337 775.0633017663
52408 774.0431102377
52547 765.4826584560
52986 744.9119683934
53962 736.5760018811
54000 727.2443396079
54074 717.8771419134
54350 716.7758473149
54390 716.1529309335
54391 710.7906192328
54488 710.3775661860
54556 704.8738180324
54558 703.8423088230
54638 701.0297201638
54675 698.9208774005
54759 697.3393278367
54762 697.1378518545
54835 696.9784893285
54845 696.1724583010
54948 690.2050372920
54967 689.5338162906
54978 686.2217134601
55167 686.0209363430
55275 682.8312467923
55284 679.8904480056
55367 678.8406310753
55426 675.7273721859
55541 673.6940811526
55596 672.6794337445
55599 670.1029928622
55874 665.8832351462
55955 659.4165843093
55969 656.1547704002
56127 655.2297749954
56207 652.3176530326
56328 640.2083314112
56488 638.2863747757
56517 617.1955279889
56796 615.8142946357
57349 613.5130101795
57458 595.2483962045
57952 584.5526363868
58045 575.4230626727
58074 568.8621300319
58124 563.1802230870
58402 558.6986273089
58445 548.4594092512
58520 541.0956613768
58543 538.4964673261
58575 536.7500822306
58637 536.7380336476
58674 527.2865799354
58738 522.5879565890
58883 508.9451929254
59133 504.5231187886
59309 502.6458883600
59432 493.9975013325
59735 492.5545808903
59827 486.7096190914
59988 482.8962828687
60105 475.8068311080
60157 467.7350261426
60240 461.7980713109
60487 460.8862789671
60560 451.7559288555
60743 450.7641760174
60862 448.4064785490
60926 438.4233917313
61017 437.9806067318
61274 427.9984811364
61333 425.3539091808
61537 407.9355157463
61936 405.2646034575
61971 401.1315651001
62028 396.3935024908
62316 394.4211323280
62443 387.6702802627
62491 373.9296604361
62922 368.6822301948
63029 366.1868717399
63067 363.3276305778
63173 359.9954338132
63414 358.0499265932
63425 352.8147392417
63497 349.9335108086
63505 340.8119039873
63709 339.7969890902
64170 335.3405448531
64278 331.6353437893
64452 331.0520818667
64485 330.6817583053
64582 322.8805824465
64708 322.6643223705
64799 319.8355953108
64879 319.0366850439
64987 315.5935078819
65245 312.6204230826
65370 302.5803009428
65516 297.7235555356
65696 290.2846349238
66220 288.2073796778
66283 284.7364402782
66380 284.6513293086
66551 282.4575424604
66724 274.9492490805
67043 272.3035601965
67075 270.8301231573
67186 267.4876346821
67211 267.0322863387
67268 265.7828902944
67664 264.5522015991
67714 262.8367026198
67827 259.3899379264
67946 256.5617135687
68015 254.9683775669
68048 251.0885636670
68090 251.0346765848
68199 247.2418017859
68399 246.1597428858
68435 242.7779137785
68591 242.0192715351
68640 232.0410532222
68724 228.3899454218
68809 227.4550715202
69071 226.1898711035
69091 225.2774869595
69165 222.1797457518
69224 221.9245597038
69280 219.7301512854
69311 216.9958565961
69393 215.3432141469
69427 211.3125109082
69495 204.9105815364
69594 204.4923857581
69718 201.6321899355
69803 198.8257045162
69895 196.3527686090
69907 195.6129913847
70237 193.2681150857
70379 189.3434572866
70453 185.8178592297
70501 181.7666087398
70908 180.9350918630
71140 175.1317735566
71479 174.0725344668
71579 170.9424341001
71716 169.8945763058
71814 169.3377373944
71867 163.4537715996
72148 162.9493499287
72394 162.3622513842
72402 161.8549661243
72418 160.9463965178
72440 160.6170179090
72528 158.3526650273
72558 158.3451896747
72619 157.7406456156
72650 157.2610072072
72689 156.2858412454
72696 155.6176395663
72890 154.9575582610
72899 151.7832815261
73352 151.4422883698
73440 151.1646613324
73559 150.0387486960
73614 149.8759917885
73650 149.2598121614
73813 148.3566564840
73883 148.3022552158
73886 147.2946535178
74260 146.4756607844
74368 146.3589788449
74377 146.1479109497
74378 146.0229107499
74508 145.8093232801
74555 145.4225191631
74562 144.2385543375
74622 143.7513820332
74766 143.7435003142
74810 143.1101069955
74879 142.3396253796
75043 140.1222124028
75314 140.0360254335
75518 139.2846242044
75658 138.8249897342
76050 137.9531735494
76163 133.1671365460
76314 132.0865729625
76472 131.0458394271
76503 130.8898699858
76519 130.3299168857
76571 127.6011078305
76686 126.3001164474
76729 126.0636704881
76765 124.3235782054
76911 122.1729391770
76940 121.4076557198
77350 114.7876248341
77715 111.7597976129
77935 111.6744825579
78034 110.4904042954
78157 110.4689064793
78171 109.5790813662
78230 100.3142321258
78321 94.8519583709
78546 89.0996327847
78988 87.0968118945
79155 83.9533057350
79207 83.5397631073
79215 82.3945153637
79282 81.7578803398
79434 81.1922097241
79436 80.2949443915
79522 79.4555209153
79691 78.9401439128
79693 78.8608481798
79744 77.3579062057
79874 77.3353277476
79950 76.8338961182
79990 76.6210866212
80016 76.4533954289
80055 74.7888662937
80058 74.4178915382
80087 73.7864779655
80454 73.5716057222
80457 72.7161707109
80491 72.2910319047
80552 70.3525206215
80770 70.1631695683
80850 70.0642487156
80925 69.3858863539
81000 69.1659979130
81044 68.4986180256
81245 68.3066603282
81363 67.7265672308
81411 67.6174598699
81427 67.5069617377
81435 66.9994259036
81498 65.8771446967
81529 65.6099286303
81790 65.4797763360
81792 65.4311239836
81823 64.5939292878
81904 64.4164171683
81973 64.0214328188
82062 63.7117795091
82263 62.8455037085
82292 62.3065880017
82658 61.5917163233
82757 61.1501595550
82936 61.1467080695
82980 60.7062378136
83021 59.9964482760
83126 59.4890653021
83337 59.3387944792
83422 59.2530641502
83559 57.7823174341
84002 57.6388457791
84101 57.0309205310
84505 56.6571742516
84652 56.3579175180
84784 55.9255365127
84935 55.8566826029
85039 55.7339222592
85056 55.5627658927
85078 55.1618185945
85081 54.5824134537
85253 54.4537078380
85267 54.2804993623
85439 54.1177871680
85448 52.5182020045
85691 52.3415080762
85712 52.2111181358
86023 51.9279902673
86162 51.3009514427
86199 51.1189995635
86305 50.8065651795
86333 50.6724421664
86564 49.1350507919
86930 49.0162958122
86942 48.8555846815
87169 48.6190887548
87210 48.2855956598
87347 47.9323881587
87354 47.3394498321
87777 47.3086249908
87788 47.0108284215
87899 46.7133784349
88125 46.3693733844
88681 45.9918587717
88751 45.8643572862
88784 45.4416535695
88960 45.2677314827
89110 45.1624661683
89195 45.1101682260
89586 45.0775684735
89828 44.9452132899
89832 44.3652001998
89888 44.1658083576
89979 43.9218890004
90064 43.7919626850
90121 43.4578757742
90228 43.2772394420
90269 43.0026090087
90335 42.6990872355
90493 42.6270660817
90868 41.9018397922
91168 41.3905146299
91216 40.3549494026
91663 39.7811136413
92083 39.4218041041
92327 38.2827972955
92399 38.0629478389
92517 37.8153431965
92553 37.2979931244
92647 37.2713622139
92654 36.5058186572
92689 36.3253741974
92812 36.0462562557
92849 35.6946692551
93232 35.6282499119
93255 34.9042580671
93473 34.2688558561
93900 33.5039410120
93905 32.8319992918
93967 32.5553901409
94054 32.1448218387
94630 31.8235326255
94763 31.6955594414
94804 31.3863467657
94827 31.1986247322
94898 30.6405697237
95038 30.4813607885
95112 29.9318432763
95130 29.6371268941
95216 29.5643398881
95228 29.5616524807
95251 29.3607076861
95289 29.2710448534
95374 29.1918407727
95387 29.0699600245
95396 29.0006230347
95449 28.9308594583
95490 28.3006547154
95697 28.0517050518
95933 28.0490325674
96022 27.6030777102
96168 27.5376266683
96266 27.4951326992
96333 27.4113337078
96502 27.3520395484
96511 27.3000743182
96534 27.0122212453
96629 26.9808419424
96685 26.9758757731
96928 26.9689619146
96936 26.8945108345
96948 26.8762630086
96985 26.8635240052
97043 26.8479335475
97073 26.6071892269
97105 26.3296697886
97209 26.1713213597
97230 26.0838220088
97498 26.0121418959
97549 25.9787943573
97556 25.9709595830
97591 25.8314413027
97707 25.7619929821
97708 25.5778090140
97919 25.4542810042
98284 25.3377985445
98367 25.2841711688
98403 25.1794204907
98461 25.1732109157
98581 25.1203272845
98746 25.1010630919
98756 25.0160174201
98909 24.7949007436
99054 24.7527933902
99128 24.6796692183
99160 24.6349029590
99216 24.6186604322
99247 24.5074211093
99290 24.4986561338
99327 24.4262931166
99359 24.1514802744
99620 24.0742694981
99665 23.8875374019
99750 23.8672625139
99756 23.8431281118
99762 23.7843112294
99817 23.7244345379
99851 23.6453381181
99874 23.6448433244
99887 23.3044231162
100123 23.1608652479
100255 22.7213240039
100441 22.3442487499
100895 22.2892400589
101016 21.6283656438
101147 21.2102814969
101213 21.1542694274
101231 19.7282536019
101495 19.7193051491
101530 18.9264200462
101593 18.6231129516
102071 18.3325289091
102155 17.9701389655
102169 16.9299100969
102298 16.8727694342
102468 13.4287139327
103012 13.0496035188
103041 12.3740569517
103197 11.5752385306
103207 10.2129058669
103400 10.0020596530
103456 9.4834052213
103559 9.2933946226
103586 9.1240733381
103742 9.0833882782
103812 8.7140668951
103813 8.5731430422
103881 8.4131515589
103923 7.8423696670
103968 7.8059497246
104102 7.7217270455
104154 7.5340603913
104180 7.3570257819
104251 7.3467078527
104328 6.9101740445
104411 6.8009650777
104443 6.7122474648
104498 6.6838103797
104503 6.6287205000
104581 6.0991147437
104891 6.0226171783
104940 5.9047148621
105002 5.8869746907
105047 5.8767413217
105093 5.7640397345
105097 5.6691745069
105140 5.5686176168
105275 5.5022470617
105301 5.4782146973
105371 5.4318586413
105381 5.3779544118
105391 5.3656291464
105467 5.2191221386
105587 5.1816767186
105605 5.1602819110
105639 5.1541910346
105678 5.0750127883
105683 4.9670671478
105707 4.8632076648
106437 4.7771858722
106469 4.6939612678
106532 4.6128842429
106586 4.3334245631
106828 4.3199257326
106891 4.1505889064
106935 4.0962147702
106993 4.0900354372
107046 3.9928066173
107073 3.8934315203
107156 3.7981756954
107157 3.7705152643
107434 3.3390957084
107592 3.1750116254
107977 2.9256761081
108143 2.8882708136
108175 2.8132395062
108215 2.5271444567
108368 2.5225216190
108578 2.4963862634
108662 2.4860932666
108676 2.3520025586
108717 2.3237850153
108736 2.2725159598
108750 2.0811698272
108997 1.9170672581
109138 1.7493717162
109426 1.7454182460
109429 1.6167701117
109596 1.5422304320
109681 1.4540932304
109824 1.4087416151
110187 1.4013795868
110286 1.3618250509
110443 1.3373958346
110458 1.3248028655
110519 1.3081050298
110572 1.2613394625
110772 1.2539083852
110774 1.1963797380
110784 1.1911992317
110885 1.1720721871
111117 1.1719202222
111150 1.1703384086
111151 1.1319347392
111553 1.1136489322
111602 1.1033512408
111706 1.0953239468
111713 1.0894146109
111725 1.0850515680
111770 1.0845182391
111786 1.0820541802
111811 1.0801005831
111823 1.0265160263
112261 1.0187160160
112268 0.9927363445
112328 0.9797615089
112808 0.9476049734
113302 0.9452346814
113392 0.9348324554
113472 0.9198130823
113653 0.8942652794
113711 0.8808528294
113752 0.8723655055
113831 0.8652691915
114009 0.8467734615
114353 0.8193581933
114501 0.8158237213
114584 0.8024488894
114650 0.7860132966
114755 0.7791388454
115100 0.7644062748
115172 0.7510092003
115389 0.7485721529
115391 0.7349529698
115470 0.7330864152
115700 0.7305223213
115752 0.7286294870
115808 0.7251971154
115862 0.7251399528
115872 0.7109099012
115884 0.7015227989
116092 0.6904315869
116777 0.6890770849
116803 0.6834429232
116810 0.6719530660
116832 0.6711657569
116864 0.6625866103
116936 0.6591520368
117086 0.6515547948
117241 0.6501085042
117303 0.6467981259
117336 0.6397602768
117385 0.6257263605
117544 0.6244959813
117642 0.6226009397
117653 0.6134440191
117800 0.6033751214
117960 0.6011204134
118142 0.6009015264
118188 0.5937363965
118237 0.5890474827
118390 0.5869260009
118437 0.5863459275
118552 0.5817941648
118658 0.5815320951
118693 0.5786512837
118776 0.5695271220
118983 0.5695010023
119074 0.5681843968
119249 0.5681061084
119285 0.5667817040
119330 0.5642536664
119466 0.5587570085
119658 0.5559794003
119823 0.5543256293
119913 0.5533822121
119974 0.5532895189
119979 0.5431626713
120070 0.5381003271
120311 0.5310369667
120603 0.5309504182
120813 0.5231261808
120997 0.5202107961
121005 0.5193899385
121098 0.5192103712
121225 0.5174823173
121271 0.5144386099
121284 0.5133616591
121358 0.5036847890
121535 0.5014172666
121606 0.5012248124
121619 0.4907775659
121768 0.4855287397
122342 0.4806453223
122484 0.4784117492
122540 0.4732771572
122786 0.4703055874
122859 0.4679218568
122930 0.4653899088
122982 0.4611342394
123110 0.4592304883
123139 0.4586041243
123180 0.4583535944
123217 0.4573313263
123231 0.4568920284
123233 0.4564648809
123311 0.4499045722
123482 0.4494343728
123507 0.4430016874
123557 0.4428238077
123631 0.4393192962
123853 0.4350309750
124336 0.4326198259
124397 0.4276712196
124423 0.4270037915
124446 0.4260729537
124563 0.4207090375
124703 0.4195383117
124756 0.4180638513
124760 0.4128593694
124906 0.4116527399
124915 0.4110492336
124933 0.4081617330
125021 0.4057285067
125052 0.4054515969
125088 0.3986100609
125213 0.3983492062
125352 0.3979873795
125385 0.3971003835
125517 0.3924419520
125654 0.3853599894
125686 0.3843984369
125916 0.3770495977
125950 0.3724575302
126357 0.3721770033
126373 0.3719774803
126398 0.3703534305
126423 0.3632991876
126475 0.3627863598
126498 0.3620492815
126645 0.3399825472
126663 0.3387658743
126676 0.3285271327
127096 0.3281477542
127112 0.3275207541
127132 0.2979445791
127311 0.2862634158
127629 0.2834056324
127657 0.2770900581
127660 0.2617957479
127749 0.2285380469
128146 0.2232716476
128283 0.2211097593
128375 0.2085573439
128502 0.2050425138
128532 0.2026712903
128555 0.1977430288
128668 0.1937033912
128824 0.1837121258
128861 0.1820442949
128895 0.1548528651
129338 0.1541552070
129388 0.1535458235
129496 0.1466052611
129639 0.1458270682
129865 0.1454472488
129876 0.1447716496
129878 0.1437254822
129914 0.1430221228
129985 0.1423497596
130068 0.1422551073
130073 0.1420333423
130086 0.1398616664
130151 0.1366971353
130222 0.1361411013
130427 0.1350584963
130716 0.1349169941
130725 0.1345801054
130798 0.1322494343
130994 0.1302292050
131078 0.1300311692
131316 0.1284778193
131690 0.1284044016
131824 0.1274453885
131846 0.1270448661
131853 0.1256623526
132057 0.1242292250
132135 0.1232353684
132212 0.1195534834
132626 0.1151989049
133222 0.1148184405
133376 0.1098266862
133591 0.1093537101
133639 0.1078898214
133785 0.1075210996
133836 0.1065949258
133906 0.1060693445
134092 0.1043767471
134123 0.1036447354
134202 0.0978472569
134319 0.0958513230
134434 0.0885282574
134768 0.0795646593
134935 0.0763086407
135181 0.0753337202
135242 0.0710630835
135386 0.0666633592
135515 0.0600731523
135684 0.0599826567
135707 0.0537951953
135805 0.0522595925
135820 0.0493684793
135863 0.0456037345
135972 0.0419506964
136272 0.0412578557
136443 0.0385259801
136496 0.0381873051
136564 0.0378414606
136635 0.0358747395
136722 0.0352317708
136755 0.0339114518
136823 0.0337561834
136922 0.0332067973
136927 0.0315166689
137060 0.0313419530
137073 0.0313012306
137096 0.0309796516
137155 0.0304538811
137160 0.0304204744
137181 0.0302001427
137188 0.0296727072
137290 0.0294828340
137343 0.0290677933
137430 0.0284030330
137474 0.0283738077
137529 0.0282602423
137584 0.0279372451
137676 0.0278509927
137699 0.0278259153
137757 0.0275636688
137853 0.0273114838
137880 0.0271087023
137945 0.0269079132
138087 0.0268979287
138108 0.0268577816
138236 0.0261120892
138273 0.0257310753
138477 0.0256837627
138522 0.0253317404
138545 0.0251782454
138568 0.0248513684
138737 0.0240537381
139107 0.0239563791
139280 0.0237472898
139379 0.0236855076
139413 0.0229949962
139475 0.0226440364
139698 0.0218742769
139947 0.0218154058
140047 0.0215538502
140113 0.0215419632
140123 0.0213226062
140304 0.0212217235
140417 0.0210518773
140505 0.0210274484
140616 0.0209886779
140621 0.0207957910
140638 0.0202910822
140689 0.0190689759
140838 0.0187067320
141126 0.0180297014
141191 0.0174079454
141209 0.0172228280
141218 0.0171761151
141266 0.0165203549
141533 0.0154106809
141563 0.0150363106
141736 0.0149519451
141838 0.0148743558
141968 0.0146835334
142088 0.0144174867
142164 0.0132579019
142310 0.0127198371
142339 0.0127078471
142365 0.0126315400
142419 0.0112980851
142454 0.0112463569
142526 0.0104194857
142956 0.0102154781
143072 0.0101975471
143113 0.0099594479
143223 0.0097381733
143258 0.0095870069
143264 0.0095450132
143284 0.0094719556
143366 0.0093907970
143371 0.0092863132
143412 0.0092070168
143438 0.0089330498
143458 0.0089108426
143467 0.0087555948
143523 0.0085571450
143581 0.0085219723
143584 0.0083133019
143614 0.0081713240
143649 0.0080575203
143675 0.0078705862
143686 0.0077860691
143728 0.0077804066
143751 0.0075725066
143865 0.0075672000
143877 0.0075078242
143900 0.0074922085
143931 0.0074769507
143935 0.0074237327
143967 0.0072465294
143972 0.0072312402
143985 0.0071260364
144018 0.0071154461
144037 0.0069250054
144258 0.0069129988
144299 0.0068748534
144300 0.0067971099
144378 0.0067175915
144394 0.0066367253
144399 0.0063374316
144459 0.0061860498
144565 0.0061365477
144609 0.0060069672
144616 0.0058204330
144638 0.0053358850
144654 0.0048548736
144662 0.0048523170
144680 0.0047767232
144694 0.0046834493
144698 0.0045771997
144721 0.0042846273
145278 0.0041469170
145525 0.0039725917
145527 0.0037076175
145724 0.0034321129
145751 0.0032776884
145769 0.0032448413
145855 0.0032169731
145899 0.0031726172
145929 0.0031687497
145936 0.0031266174
145937 0.0031130317
145999 0.0029636583
146107 0.0029495733
146123 0.0029444408
146153 0.0029202119
146256 0.0028680284
146265 0.0028366156
146376 0.0027953497
146395 0.0027659082
146448 0.0027365801
146506 0.0026869538
146613 0.0026303727
146687 0.0026169322
146789 0.0025726179
146978 0.0025467184
147146 0.0025289589
147227 0.0025137059
147291 0.0025059774
147351 0.0024979367
147354 0.0024965155
147362 0.0024810526
147413 0.0024771419
147417 0.0024701790
147569 0.0024575885
147627 0.0024527363
147666 0.0024462478
147684 0.0024439272
147722 0.0024180767
147860 0.0024126274
148027 0.0024057074
148070 0.0023908022
148199 0.0023902824
148221 0.0023875460
148247 0.0023743055
148276 0.0023678584
148487 0.0023431157
148574 0.0023087232
148712 0.0022697079
149027 0.0022446218
149165 0.0022399377
149299 0.0021986986
149574 0.0021541803
149724 0.0021408780
149766 0.0021342193
149773 0.0021221167
149962 0.0020724024
150274 0.0020436604
150302 0.0020316305
150336 0.0020084710
150459 0.0019780429
150490 0.0019278760
150603 0.0018982138
150841 0.0018935162
150871 0.0018816085
150916 0.0018727278
150959 0.0018415056
151026 0.0018382200
151054 0.0018050603
151115 0.0017980072
151268 0.0017590571
151469 0.0017445937
151480 0.0016042796
151590 0.0015973595
151627 0.0015773847
151650 0.0015166970
151687 0.0015013018
151729 0.0014055108
151735 0.0013010077
151791 0.0012825687
151795 0.0012289011
151806 0.0012010637
151883 0.0010935218
151931 0.0010680387
152027 0.0009932525
152103 0.0009522847
152273 0.0009516383
152287 0.0009251974
152663 0.0009153253
152898 0.0007773517
153043 0.0007081484
153120 0.0006873126
153186 0.0005392664
153438 0.0004891390
153482 0.0004580040
153512 0.0004454485
153610 0.0003938064
153653 0.0003395912
153654 0.0002789291
153878 0.0002448649
153887 0.0001907149
154115 0.0001706656
154143 0.0001700143
154245 0.0001697845
154254 0.0001676823
154262 0.0001543792
154278 0.0001369508
154342 0.0001193003
154446 0.0000972286
154561 0.0000928121
154595 0.0000927260
154596 0.0000874993
154651 0.0000865254
154657 0.0000803151
154681 0.0000667474
154785 0.0000653700
154798 0.0000628287
154813 0.0000571077
154885 0.0000552360
154888 0.0000508220
154931 0.0000474442
154950 0.0000406277
154986 0.0000398720
155036 0.0000270246
155192 0.0000249821
155234 0.0000193952
155422 0.0000192690
155457 0.0000192160
155466 0.0000185263
155490 0.0000169625
155531 0.0000137038
155564 0.0000122476
155625 0.0000120164
155646 0.0000103009
155669 0.0000101558
155677 0.0000101506
155794 0.0000098143
155803 0.0000095082
155893 0.0000087635
155905 0.0000084600
156027 0.0000077662
156070 0.0000065285
156157 0.0000064451
156170 0.0000064250
156192 0.0000056750
156259 0.0000049879
156272 0.0000044743
156357 0.0000043607
156365 0.0000038233
156402 0.0000027741
156514 0.0000026082
156535 0.0000021269
156680 0.0000017605
156740 0.0000015247
156798 0.0000015089
156879 0.0000013292
156893 0.0000011780
156925 0.0000009014
157145 0.0000008603
157196 0.0000007051
157261 0.0000006768
157275 0.0000006517
157279 0.0000005875
157352 0.0000005353
157380 0.0000005241
157403 0.0000004791
157470 0.0000004293
157474 0.0000003804
157490 0.0000003654
157578 0.0000003564
157581 0.0000002541
157593 0.0000002497
157732 0.0000002466
157854 0.0000002466
157861 0.0000002344
157932 0.0000002224
157935 0.0000001848
157992 0.0000001831
158003 0.0000001778
158025 0.0000001400
158089 0.0000001274
158177 0.0000001163
158187 0.0000001122
158198 0.0000001063
158252 0.0000000990
158259 0.0000000841
158297 0.0000000800
158331 0.0000000737
158389 0.0000000714
158434 0.0000000688
158474 0.0000000640
158481 0.0000000577
158562 0.0000000569
158618 0.0000000550
158673 0.0000000539
158727 0.0000000516
158745 0.0000000499
158768 0.0000000496
158795 0.0000000450
158798 0.0000000432
158801 0.0000000392
158878 0.0000000358
158893 0.0000000326
158922 0.0000000313
158987 0.0000000203
159155 0.0000000175
159276 0.0000000147
159313 0.0000000123
159402 0.0000000119
159437 0.0000000114
159484 0.0000000108
159491 0.0000000103
159517 0.0000000079
159613 0.0000000077
159632 0.0000000064
159708 0.0000000057
159783 0.0000000056
159792 0.0000000048
159862 0.0000000045
159868 0.0000000044
159925 0.0000000042
159929 0.0000000034
159989 0.0000000031
160060 0.0000000023
160361 0.0000000020
160423 0.0000000017
160429 0.0000000015
160499 0.0000000010
160961 0.0000000009
160962 0.0000000007
161096 0.0000000007
161150 0.0000000007
161190 0.0000000005
161198 0.0000000005
161285 0.0000000004
161472 0.0000000004
161491 0.0000000003
161517 0.0000000003
161620 0.0000000003
161635 0.0000000003
161639 0.0000000002
161644 0.0000000002
161748 0.0000000002
161813 0.0000000002
161835 0.0000000002
161840 0.0000000002
161875 0.0000000001
161967 0.0000000001
162101 0.0000000001
162119 0.0000000001
162147 0.0000000001
162174 0.0000000001
162225 0.0000000001
162325 0.0000000001
162392 0.0000000001
162427 0.0000000001
162487 0.0000000000
162538 0.0000000000
162581 0.0000000000
162596 0.0000000000
162609 0.0000000000
162628 0.0000000000
162634 0.0000000000
162658 0.0000000000
162661 0.0000000000
162713 0.0000000000
162734 0.0000000000
163008 0.0000000000
163031 0.0000000000
163054 0.0000000000
163107 0.0000000000
163169 0.0000000000
163204 0.0000000000
163416 0.0000000000
163420 0.0000000000
163421 0.0000000000
163435 0.0000000000
163545 0.0000000000
163670 0.0000000000
163747 0.0000000000
163881 0.0000000000
163884 0.0000000000
163905 0.0000000000
163926 0.0000000000
163963 0.0000000000
163998 0.0000000000
164081 0.0000000000
164212 0.0000000000
164216 0.0000000000
164224 0.0000000000
164265 0.0000000000
164266 0.0000000000
164288 0.0000000000
164352 0.0000000000
164415 0.0000000000
164454 0.0000000000
164514 0.0000000000
164707 0.0000000000
164712 0.0000000000
164786 0.0000000000
164816 0.0000000000
164850 0.0000000000
164903 0.0000000000
165031 0.0000000000
165042 0.0000000000
165120 0.0000000000
165147 0.0000000000
165157 0.0000000000
165190 0.0000000000
165227 0.0000000000
165362 0.0000000000
165489 0.0000000000
165667 0.0000000000
165687 0.0000000000
165785 0.0000000000
165792 0.0000000000
165891 0.0000000000
165938 0.0000000000
165956 0.0000000000
166094 0.0000000000
166115 0.0000000000
166284 0.0000000000
166317 0.0000000000
166358 0.0000000000
166679 0.0000000000
167566 0.0000000000
evaluations raw_y
1 20795257.3125898428
4 18969996.3982391879
11 16861729.6063268594
12 15935362.8263624161
15 15401632.8222441711
16 13595487.3483303189
25 9123160.3227706291
40 8547460.3282330278
55 5292454.5741310464
80 3595816.8626199868
197 2705147.6495158006
309 2286414.1751307431
776 2077761.4987735399
851 1904893.9771667763
900 1692831.4506892669
919 1485444.0769326522
947 1402727.1893352009
959 1014358.8038904646
972 967927.3883710467
1141 936710.6002970507
1162 890475.2092185825
1298 721639.6638325448
1395 690173.8348269576
1528 610328.4517092119
1587 594711.8269605653
1589 459389.1153456067
1837 369635.8669862511
2558 337947.4408630494
2609 334048.6721546158
2990 330653.2022910112
3095 292754.4747920050
3511 290166.4798649325
3567 277549.1609286114
3781 256227.2264490733
3889 244861.9737474447
4027 221753.8925731979
4397 193682.8462128438
4700 177105.8293501164
4966 174222.6471865989
5114 160062.6577118798
6151 157829.9681048187
6417 157289.1772940262
6564 156008.6763790421
6625 155583.2341333750
6706 152643.7153089769
6741 147802.0701690968
6898 147422.4321288562
7136 145791.3765106381
7178 139201.8225696032
7450 134274.0969866762
7683 131398.6905158617
7744 130199.3889857442
8293 128661.7948134449
8476 128462.9649820469
8648 119823.6369473086
8792 116601.2103139939
9392 112775.9137067795
9545 111892.6471227214
9912 111135.0821509121
10074 109255.3623056302
10112 107949.9376025435
10416 107713.2569973302
10551 107702.6409744997
10675 106446.2599182686
10777 106221.0696132289
10953 104531.2689862110
11078 104518.0031021976
11127 104027.1277831078
11242 102633.6424645030
11252 102055.3149108071
11326 99018.4961851636
11781 98374.5259126623
11954 97491.5619294239
12264 96868.8781696076
12282 93583.6420318783
12366 93038.0843376101
12974 92200.3879764945
13157 92164.0170070963
13222 91423.4325662847
13424 91149.8313384204
13447 90415.4878978862
13460 89008.4380227629
13747 86302.7859209487
13792 84888.8848424991
14267 82311.5783767307
14507 82079.0855511071
14663 79673.0372222353
14707 79391.8831604137
14794 78749.5550917558
14819 77287.4927993429
15534 75635.1013515517
15835 75302.6818101533
16094 74485.0213226322
16248 73858.6829991207
16963 73813.6308648164
17114 73741.7373851595
17160 73667.2549229032
17260 73526.7709304142
17299 72777.8686733090
17494 72433.1144049562
17566 72274.7024375389
17598 71825.4956519153
17677 71805.6202542046
17928 71795.8644242197
17983 70867.9470984983
18138 70291.3505359546
18952 69961.4612543556
19358 69554.7255075369
19556 69482.3664017872
19558 69280.4628013896
19974 69185.1170962127
20097 68706.1401867186
20106 68553.1826604397
20157 68518.3687925071
20214 67843.2012531781
20395 67783.7816336339
20632 66852.2200749177
20827 66528.7173136876
21109 66349.4788860259
21194 66177.2282536817
21322 65773.0181071718
21334 65598.1345841999
21583 65573.4237135056
21620 65557.3777321819
21723 65404.1861519943
21775 65070.3664437895
21838 64849.7129543810
21876 64747.8375227711
21947 64158.1728705792
21980 64131.2736867846
21990 63887.4395186894
22111 63533.7592162456
22173 63071.8947694048
22207 62947.5947137442
22341 62081.7973367397
22454 61347.8217040597
22515 61262.8301644492
22573 60745.8198321621
22682 60498.0479420158
22716 58680.7450832044
22791 57530.2855265949
22832 56871.6685452320
22942 56066.6882116811
22969 52551.5356675782
23023 51832.1756675761
23157 51799.2951344430
23188 50560.0247930251
23362 48616.2076352598
23436 45515.2852798341
23812 42660.2843468133
24081 39701.0931194257
24147 39672.5570946525
24328 38117.6433016370
24712 37144.3949528315
25066 36522.5650750531
25149 36436.8017049646
25205 35723.9413117887
25212 35406.2996120275
25222 33448.4667483712
25261 31450.7632723906
25329 29477.9602020176
25664 26474.6615110570
26055 26147.4121705965
26313 26143.1851524558
26393 25516.4996969585
26542 25336.7915813361
26656 25113.3047310385
26668 24208.9475908573
26799 23765.6123017916
26972 23420.5837821625
27026 23377.1979167732
27168 23272.8191906610
27205 22917.9834337427
27401 22845.8232896487
27592 22723.0938313327
27621 22674.9000542145
27632 22538.3594173188
27680 21999.4027828145
28009 21873.7924164809
28032 21868.4534222155
28043 21481.5308579043
28293 21438.1999832358
28325 21201.7361209684
28359 20970.6435069874
28868 20706.1324786258
29056 20524.3165494199
29062 20370.4772411561
29537 20318.9328400544
29585 19911.5166935392
29680 19885.5713310544
29693 19699.1407250337
29809 19200.0934429728
30011 18993.1849881469
30017 18521.8541023166
30190 18368.6862578506
30211 18365.1918763444
30213 18169.6895420873
30241 17955.6743785835
30269 17277.9768781084
30387 16363.6877284599
30508 16038.6666587370
30534 15491.7452434491
30679 14850.2696406152
31003 13471.4123461716
31385 12488.5709215234
31570 11615.5563126316
31619 10515.8404047831
32354 8889.7854872128
33020 8529.9330085770
33418 8414.4461232033
33746 7642.4215765501
33759 7363.3235155141
34049 6804.3483841858
34227 5461.0000715622
34359 5412.6074815382
34749 5175.3423776455
34793 4977.1348248669
34819 4861.6656159484
34889 4836.0045976570
34891 4666.7136698052
35156 4551.7597901160
35172 4377.6011719433
35378 4343.4486263968
35557 4215.3148406511
35595 4210.2528495652
35794 4028.3004450458
35812 4016.2379215681
36390 3973.9328705846
36406 3810.5595375622
36562 3692.4845049855
36617 3556.7364858792
37260 3428.5540718347
37387 3320.7795944250
37819 3314.2297467574
37913 3240.6483532465
38050 3176.6192023378
38245 3134.5073964981
38256 3117.6109670500
38272 3055.1517042957
38543 3005.4544669491
38940 2968.4769179971
39097 2966.1258160518
39166 2934.2043885611
39660 2847.4827785230
39672 2811.9560226783
39716 2730.3570481053
40187 2718.5381459374
40449 2709.5126911496
40516 2704.5467378709
40576 2691.4623135958
40609 2636.9774522614
40626 2621.4121334617
40650 2602.5797897961
40659 2592.0492438956
40754 2571.8117059530
41017 2462.7804267469
42175 2462.0342440084
42305 2418.5683749463
42720 2406.7710399203
42759 2386.7149516800
42825 2375.5058814146
42842 2372.2748710822
42983 2292.5862801357
43319 2291.6306719158
43373 2260.5616312999
43565 2252.3042252394
43582 2238.3142831604
43708 2211.5523328090
43710 2194.8198257476
43873 2192.1838244330
44043 2174.9080668141
44058 2162.4016337624
44072 2138.6463980254
44150 2128.8971060977
44201 2127.6180870523
44289 2108.8075006762
44315 2059.2741134877
44668 2047.3934643028
44894 2047.2687605734
44977 2023.7086287970
45091 1948.6335802881
45515 1925.2312270479
45652 1924.3108745182
45701 1901.9168117360
45785 1894.7962035192
45895 1889.1045966288
45947 1796.4816842188
46148 1789.8458690172
46238 1773.5259083270
46279 1768.4772318280
46343 1759.2152273583
46461 1696.8924649763
46614 1637.2843457863
46914 1622.4504746963
47027 1578.6947128837
47289 1548.2864400453
47325 1514.7780663994
47418 1491.6916601953
47448 1486.7256047568
47561 1478.2944519501
47610 1475.8201708519
47731 1443.9020909205
47910 1443.3217294574
47970 1409.9637396455
47971 1388.9494713456
48431 1381.9478498203
48621 1372.1153395250
48639 1339.6401307118
48732 1302.5352129895
49024 1283.2798792130
49259 1280.7886014023
49305 1260.0305553525
49359 1253.5142605045
49363 1250.8098861080
49410 1217.0287508958
49490 1215.1990443425
49542 1208.5745742277
49668 1160.1424488728
49890 1150.8666910600
50099 1129.3578490102
50537 1102.6356667889
50736 1100.0188547038
50737 1090.5122348051
50922 1087.7415452748
51012 1083.5670926666
51032 1055.9461794296
51310 1053.6444792892
51348 1046.0398001273
51401 1032.8357771348
51410 1027.4140148906
51641 1012.2568647735
51714 991.4591178309
51954 987.5674570691
51988 973.9585501800
51993 960.8518201120
52085 942.7635776769
52094 931.8881536561
52328 930.9394916229
52356 922.1545107952
52413 920.8118640223
52567 905.1545308142
52579 902.7469106248
52851 890.1556267805
52953 883.9501552222
53024 870.7037725395
53139 837.1117180944
53360 828.5769317123
53370 803.0195730139
53436 779.6746422033
53642 769.3030481601
53793 756.6869534722
53988 750.3944936908
54175 721.6878423916
54602 720.3437939801
54619 712.8928341086
54876 702.4268911501
54927 690.6391340526
54959 644.3941445414
55352 637.1211630965
55362 624.2327547432
55363 623.3538166694
55559 616.6168487471
55576 609.4589097129
55675 602.3389742123
55763 597.9246920904
56114 594.7395818324
56173 586.7163361466
56254 582.6300094170
56533 579.7756865317
56637 574.0382492259
56836 566.2958442320
56840 564.0916792029
56986 553.1843467995
57266 542.9568546729
57305 541.1274090194
57336 538.7877046433
57385 526.6212268306
57466 507.9219941867
57728 503.7031029547
57753 502.6706314697
57909 481.6181706708
58304 461.3090243036
58432 452.6325685182
58515 443.5274917981
58619 443.4206568305
58785 438.3563583760
58895 434.5600770443
58970 433.8955320857
59041 431.1225223985
59244 430.8728532274
59265 425.8345266957
59358 420.6912675061
59405 420.2650767146
59433 403.5022596576
59558 402.2057738613
59770 397.1976282064
60036 395.2850319786
60089 394.1781508526
60192 384.3137856181
60329 382.8929832114
60395 381.0675401352
60428 379.0752786359
60437 370.3579541841
60544 367.5113603777
60591 361.9608415546
60810 361.9540231531
60857 357.9656734488
60894 356.9028360895
61006 356.1438421100
61055 352.8358980771
61162 351.9378395595
61286 351.6518129453
61399 349.7026428459
61507 349.6132438019
61572 346.6898677375
61593 344.7152230483
61655 341.9514040169
61780 337.4318338936
61872 336.1843321788
61969 327.5144890789
62002 325.3684514818
62158 324.1380972791
62402 322.4596607050
62434 317.2249319708
62457 315.7093182150
62545 309.1286595216
62584 308.8569198970
62700 304.8659268573
62736 303.6003724609
62821 289.7731776921
63491 286.2261992555
63650 282.6066945613
63661 269.2090707175
64111 266.2375424523
64364 266.0248285510
64414 263.7867874886
64518 262.9847467965
64585 259.3214157359
64618 255.9570037999
64677 255.5931102027
64694 255.4514842174
64744 254.5966949154
64766 249.5839906836
64966 248.4345352885
65301 244.6398486203
65453 241.8336099814
65529 241.8301697391
65798 237.0642336124
66326 235.5908357350
66408 235.2935484215
66574 234.0642046229
66604 232.9886476862
66620 232.3615159629
66801 232.1057921766
66854 230.8011300021
66946 230.7205721885
66976 226.5689777079
67326 226.2418563858
67489 225.4036131728
67919 225.2517356430
67925 225.1564620288
67938 222.0286675602
67947 218.5787607334
68057 218.4074697803
68106 216.7903028611
68207 214.2276929136
68299 213.8868070411
68333 212.5300456295
68358 212.3916285896
68450 211.1666426196
68474 209.3708494110
68880 207.6328924083
69004 206.5494231743
69210 205.2037193493
69469 204.7680248360
69599 203.1438458086
69679 202.8932927981
70115 202.1233069025
70129 199.7395210078
70224 198.8614440250
70330 195.9678076336
70492 195.8068970147
70564 193.0870309816
70715 192.9963123571
70736 189.9078817442
70965 185.3780256279
71083 184.5120704394
71117 184.4014437656
71191 183.8475250595
71211 183.0668191992
71323 182.5840820092
71350 182.1512430785
71366 181.2666139627
71387 179.5970508583
71506 179.3160564804
71799 178.8066416394
71858 177.4413163240
71889 176.7040059855
71949 175.2463824380
72197 175.1517908843
72217 174.9769169634
72228 174.5172351456
72385 173.2780708085
72412 172.4569659237
72507 172.4087691070
72663 171.9310083549
72676 171.3091332743
72817 170.6550388753
73031 170.3300813625
73089 170.2187903984
73187 170.2118772120
73189 169.5910368144
73302 168.8778799478
73450 168.5491706559
73580 168.4621830582
73677 168.1114232592
73705 167.8980420548
73785 167.4270262319
73973 165.1630264489
74058 164.4960650735
74424 161.8774309783
74624 161.8656713413
74641 161.6100384405
74707 160.7242242575
75058 160.3026497528
75117 159.3807922117
75195 158.8799610645
75391 158.1170038750
75413 157.8272725224
75604 156.1590081347
75823 152.9467732197
75955 150.2060393107
76597 150.1206265702
76758 147.8911497201
76793 147.4720581364
76836 147.0059715616
77229 144.7128687074
77379 143.7947067238
77522 141.8140602747
77593 141.5519711580
77688 139.3184089095
77864 138.9976600136
78104 138.0512276878
78224 137.3401484612
78244 136.3425017774
78446 136.1153961617
78535 135.8978363749
78706 133.9695687016
79058 133.7571352806
79064 129.7035904386
79591 129.6402939019
79754 128.6156037716
79931 127.1671060714
79971 126.8201888441
80089 126.4665729861
80321 125.7282280797
80360 125.3594271811
80370 125.3152454907
80386 124.8797069785
80490 123.9583578589
80663 122.9437910089
80751 122.7670823482
80919 122.0928076211
81291 121.8831837266
81294 121.3215158412
81336 121.3109228762
81643 120.7623324521
81660 120.6420711092
81689 120.3577518517
81962 119.4626594527
82102 119.0843325942
82198 118.1487729877
82381 118.1119562475
82471 117.9254806494
82563 117.9086384640
82573 117.4902245634
82616 117.3626158322
82692 115.9351320890
82951 115.5982396486
82998 115.3604587072
83006 115.0115297662
83071 113.7307245261
83170 113.7061254171
83324 113.5829304771
83352 112.1937364232
83453 112.1151453355
83510 110.7870916786
83581 110.2466602980
83675 110.1943374747
83693 109.4312581547
83776 109.2673367046
83948 108.7979749281
84249 108.7188016673
84263 108.5493053196
84316 108.3499935384
84341 108.1225167107
84374 107.1999265478
84592 106.6806112650
84612 106.3904660527
84652 105.9395375943
84894 105.8810731814
84977 105.8431370871
85031 104.6947140930
85114 104.6090206689
85189 104.2836157974
85199 102.9525860450
85416 102.6691659905
85486 101.5058876458
85914 100.1843609649
85969 98.8867479818
86128 98.3277203309
86601 97.5457611806
86604 97.1866471187
86635 97.0006401979
86873 95.3270765015
87136 95.1618587904
87217 91.0771711245
87280 89.5482396709
87391 89.4444874464
87414 88.7921958004
87441 87.0593358526
87694 86.1952558092
87769 84.4865490564
87957 82.4922992862
88148 82.4636086963
88209 80.9693417050
88335 80.7411104285
88339 80.0986417777
88495 79.2593744020
88513 78.6139190075
88994 77.9427691178
89037 77.5996210444
89073 74.0359108551
89587 73.6469415017
89699 73.4058230995
89771 73.0838025643
89774 72.2568594442
89827 71.9439105127
89863 71.6292265655
89923 71.5815085500
89926 71.2959041512
89939 70.0368358562
90053 69.8191524178
90123 69.0672407175
90167 67.2124431832
90652 66.9250223434
90680 66.4078625730
90838 66.2303993341
90934 65.6551458793
90955 64.6241077502
91033 64.4816220067
91156 64.4071637109
91245 64.1366766491
91309 62.9572351914
91529 62.6379792753
91624 62.3082099194
91654 61.2976411909
91888 60.1446701087
91956 59.5984341245
92028 58.8556867429
92571 58.5291231549
92622 58.3902990505
92666 57.6036856910
92783 56.3528626997
92975 56.2951576085
93001 56.0653288975
93002 56.0066766534
93018 55.9837676976
93064 55.7717101801
93120 55.6330399989
93165 55.1372097800
93254 54.7863984477
93273 54.7173513671
93300 54.6550557055
93413 54.3704016204
93425 54.2811795988
93498 53.9342832646
93554 53.2745466619
93641 53.1790900400
93678 53.0896450027
93757 52.5041270993
93758 52.3433932182
93769 51.6185526517
93879 51.1849977287
93888 51.0605807506
93960 50.9405767904
94105 50.1345850134
94187 50.0770659900
94341 49.8626063406
94360 49.4923397752
94375 47.9684071030
95066 47.7257227027
95298 46.0392918429
95473 44.5123020218
95578 44.2420256768
95602 44.2129137100
95609 43.5583063628
95747 42.9057889217
95774 41.7889385062
95798 41.6933503338
95823 41.5489117315
95880 41.5094278154
95915 40.1226074237
95965 40.0753690297
96165 39.6487015504
96204 39.3076775779
96218 38.6567892356
96466 38.5772497659
96486 38.4801763808
96522 37.9572752667
96556 37.9237427406
96562 37.3192677826
96609 36.9250247977
96637 36.8618786263
96673 36.2548099907
96804 35.8568900943
97032 35.8427136885
97042 35.6922416919
97056 35.6917728975
97064 35.6247095541
97129 35.4661695661
97192 35.2759675099
97206 35.0430690061
97292 34.6759161329
97365 34.3383335899
97427 34.1035945522
97667 33.8980223942
97806 33.8169358021
97864 33.6571339027
97869 33.6081533999
97894 33.5730657638
97934 33.4343140644
97948 33.3804785727
98119 33.3554683443
98162 33.3142441110
98167 33.1290086964
98234 33.0884316612
98349 33.0466626504
98584 32.9099719167
98613 32.8549673007
98679 32.6400332427
98911 32.6105895386
98976 32.5438278574
99014 32.5027135664
99111 32.3443025894
99212 32.1995453158
99377 31.9362836978
99794 31.9065508872
99816 31.7041649357
99867 31.5517802099
100047 31.5505228309
100128 31.4030908053
100214 31.3953292754
100271 31.3930228096
100352 31.3585113150
100394 31.0899198963
100486 31.0770926797
100603 31.0712708684
100649 30.9357868612
100732 30.6926736458
100806 30.5797781273
101120 30.5603451525
101233 30.5100588350
101315 30.4936025972
101332 30.4911995972
101373 30.3696688754
101422 30.3387200062
101484 30.3337897397
101534 30.1033786514
101596 30.0906399312
101689 29.9653503294
101845 29.5100261301
102023 29.3488014874
102135 29.2097592328
102544 29.1100665435
102549 28.8130033069
102612 28.7193701803
102699 28.6291834087
102756 28.4678427508
102760 28.3960828115
102829 27.9722816991
103009 27.9699506040
103036 27.7626133646
103115 27.7475963765
103144 27.6476907186
103623 27.5481730930
103649 27.3087559129
103721 27.1151417238
103806 26.0473507750
104069 25.9046734049
104171 25.3782318770
104264 24.8650302764
104272 24.4924895971
104529 24.0168478870
104869 23.9073573767
104954 23.6324934243
105089 23.3330118603
105240 23.0013486961
105607 21.5899269916
105848 21.1907262785
105932 20.8815037089
106013 19.9383049262
106072 19.4887976062
106146 19.3676686340
106168 19.1382804201
106188 19.0146450060
106221 18.9230825940
106245 18.7613826962
106249 18.4481680986
106321 18.3344825300
106332 18.2119849822
106376 17.8969070491
106403 17.8302006918
106486 17.4019128341
106520 16.9443959065
106765 16.5432768970
106846 16.0913141495
106885 15.9180570699
106897 15.4500786182
106963 14.9804056717
107149 13.9180273057
107150 13.4648416672
107174 13.0972796449
107203 12.8881210409
107214 12.3751940858
107255 11.8950974865
107290 11.1263071558
107885 9.8752392283
108009 9.8179567750
108085 9.7616354426
108237 9.5784385011
108258 9.4457286002
108291 9.1551095949
108311 8.9380614018
108316 8.8022390177
108343 8.6812185297
108493 8.6348323032
108503 8.1023116924
108510 7.4017444523
108693 6.8588221749
109044 6.6420040154
109063 6.4554061556
109199 6.3829750967
109253 6.3321661118
109285 5.9420571832
109445 5.7874948338
109555 5.7399881929
109607 5.6925744241
109608 5.6746022398
109651 5.6411211331
109657 5.4979623674
109659 5.4434913348
109768 5.3176713834
109966 5.2883794686
109968 5.1936735714
110052 5.0653581802
110097 5.0221106752
110159 4.9630885806
110257 4.9627218879
110272 4.8741794055
110318 4.8300977330
110344 4.7907970095
110454 4.7806569617
110476 4.6788768307
110674 4.6298365520
110693 4.6047646513
110764 4.5700608661
110804 4.5243412803
110822 4.5169350948
110969 4.4560708021
111075 4.4303412734
111229 4.4198322361
111284 4.3762687619
111414 4.3705692064
111565 4.3542359971
111658 4.3313480726
111661 4.3216812609
111667 4.3070152697
111745 4.3055140457
111766 4.3034084129
111776 4.2893323959
111829 4.2705780257
111860 4.2484853979
111973 4.2368420502
112019 4.2018986300
112037 4.1496593934
112240 4.1022305022
112703 4.0824673818
112710 4.0781703517
112801 4.0701291021
112862 4.0585098468
112870 4.0105337984
112881 4.0066882141
113022 3.9949271407
113054 3.9900915063
113088 3.8868771594
113343 3.8808680156
113378 3.8732693555
113815 3.8626187207
113838 3.8041354688
113876 3.7863741075
113949 3.7857092617
113985 3.7355443405
114075 3.6410090454
114673 3.6001105131
114685 3.4919322216
114718 3.4540455200
114927 3.4477344524
114976 3.4020179976
115110 3.3740005012
115142 3.3707544572
115224 3.3492295417
115279 3.3342344668
115312 3.3010771733
115373 3.2097020801
115523 3.1325888283
115657 3.1316695211
115707 3.1202105471
115713 3.0375959814
115777 3.0213906961
115884 3.0016198892
115912 2.9195999079
116000 2.7699628305
116115 2.7663399421
116292 2.7523710283
116353 2.6797938535
116558 2.5901895821
116632 2.5111120341
117039 2.5069730806
117110 2.4919333302
117139 2.4103220803
117277 2.3321848845
117298 2.3274803159
117479 2.2614459670
117700 2.2344953489
117993 2.2293624250
118008 2.2112650466
118074 2.2064080330
118393 2.1870772254
118433 2.1801735438
118480 2.1775628708
118558 2.1620096570
118590 2.1502069652
118687 2.1473219158
118936 2.1400973542
119063 2.1265949753
119123 2.1243721307
119138 2.1149275872
119140 2.0845575319
119188 2.0744767288
119200 2.0590234386
119421 2.0466729357
119491 2.0417992006
119603 2.0384595746
119791 2.0255504613
119804 2.0221694071
120203 2.0200772615
120246 2.0183098378
120247 2.0075612293
120281 1.9996466136
120307 1.9992199211
120346 1.9970971754
120399 1.9612285330
120843 1.9552423191
120871 1.9407652500
120927 1.9090449677
121001 1.8895371094
121175 1.7957882716
121192 1.7944540164
121416 1.7871913002
121420 1.7850451124
121793 1.7511030379
121835 1.7471058008
121900 1.6992358659
122085 1.6574554948
122173 1.6565327439
122234 1.5772085815
122539 1.5419293810
122628 1.5157317065
122691 1.4205348467
123441 1.4126202564
123473 1.4032928898
123495 1.3803726733
123586 1.3693427305
123772 1.3678765570
123789 1.3279188381
123897 1.3237312625
123947 1.3070663303
123981 1.2992284674
124025 1.2981938541
124054 1.2719782457
124260 1.2629166961
124455 1.2628207666
124501 1.2613913226
124504 1.2569796514
124524 1.2206369005
124756 1.2050350396
124778 1.1826004427
124970 1.1759213758
124997 1.1666936092
125176 1.1596901953
125200 1.1582100016
125269 1.1565492627
125344 1.1483167191
125367 1.1432761509
125370 1.1277822712
125399 1.1149833629
125471 1.1056379471
125483 1.0944257656
125505 1.0079337273
125516 0.9985239609
125564 0.9406106588
125621 0.8883873079
126423 0.8766727752
126572 0.8700096849
126643 0.8609750115
126661 0.8392840978
126713 0.8092845336
126832 0.7929250376
126971 0.7599816496
126987 0.7334169913
127137 0.7300868695
127178 0.7030163758
127213 0.6642826820
127375 0.6561765352
127512 0.6502717501
127529 0.6477629343
127593 0.6433930043
127624 0.6390429591
127632 0.6374144753
127706 0.6197532406
127780 0.6170571334
127862 0.6149031411
127914 0.6127130756
127934 0.6005085601
127996 0.5985254700
128047 0.5947871883
128175 0.5915931659
128201 0.5893701443
128353 0.5881095115
128412 0.5870679826
128413 0.5813898813
128476 0.5799917700
128496 0.5758682340
128578 0.5703411430
128638 0.5681555508
128807 0.5605073952
129069 0.5564958607
129434 0.5548840463
129505 0.5482450648
129533 0.5461901921
129622 0.5452526544
129698 0.5441904648
129725 0.5425060927
129769 0.5345552491
129779 0.5299291653
129978 0.5275002662
130034 0.5267261236
130044 0.5142801923
130096 0.5123775406
130180 0.4967940213
130409 0.4966709104
130511 0.4901218979
130656 0.4847148986
130751 0.4846871300
130868 0.4836528620
130893 0.4811153257
130898 0.4740126953
130923 0.4724100506
131029 0.4700748025
131039 0.4677750418
131063 0.4631659958
131143 0.4597016027
131184 0.4563934305
131236 0.4523671372
131358 0.4517654780
131359 0.4509522820
131373 0.4457907833
131567 0.4406764880
131704 0.4399336820
131804 0.4380170534
131824 0.4354161696
131910 0.4342822791
131980 0.4331428119
132017 0.4266244947
132198 0.4225306834
132288 0.4214905223
133149 0.4028138037
133410 0.3984062367
133730 0.3943855892
133811 0.3920987202
133821 0.3898280218
133909 0.3820106134
134024 0.3813683239
134199 0.3741625693
134485 0.3731630841
134510 0.3693125196
134580 0.3676331312
134640 0.3662668158
134656 0.3593041409
134826 0.3573567915
134896 0.3541269766
134912 0.3450068233
134946 0.3409315139
134989 0.3396077176
135011 0.3286082431
135075 0.3283913615
135192 0.3241927758
135448 0.3191674490
135725 0.3102338170
135770 0.3048431111
135872 0.2974317322
135898 0.2898635915
136204 0.2789626775
136284 0.2672528344
136402 0.2580765313
136604 0.2567442617
136623 0.2549752283
137085 0.2450324257
137100 0.2339476083
137183 0.2322349309
137306 0.2041722792
137570 0.1898708327
137579 0.1892846358
137739 0.1887347432
137796 0.1811617065
137864 0.1807841962
137909 0.1763408760
137931 0.1592637764
138023 0.1509401095
138238 0.1464716418
138344 0.1408485955
138487 0.1314555865
138566 0.1280749824
138697 0.1252719369
138703 0.1243608361
138766 0.1227554308
138773 0.1068236425
138896 0.1026370308
138908 0.0932076000
138971 0.0924701596
139002 0.0892197059
139058 0.0774854181
139381 0.0750134281
139420 0.0732719344
139475 0.0709325623
139536 0.0627767927
139898 0.0549375098
139993 0.0536946142
140008 0.0499426633
140099 0.0418823555
140228 0.0391226531
140313 0.0357287185
140381 0.0345009346
140416 0.0335269966
140417 0.0319817107
140437 0.0318082338
140470 0.0293321102
140533 0.0275720916
140579 0.0233561540
140663 0.0225194902
140678 0.0214617706
140714 0.0214510681
140726 0.0211034803
140758 0.0198491727
140767 0.0146344150
140833 0.0143141868
140854 0.0120567153
140970 0.0113146244
141060 0.0106768836
141113 0.0090131146
141153 0.0085756493
141249 0.0082349558
141290 0.0079248013
141338 0.0078972566
141402 0.0069003869
141423 0.0064588570
141483 0.0064562587
141599 0.0063378397
141769 0.0054542168
141851 0.0052601148
141919 0.0049921018
141955 0.0046104866
142057 0.0042381341
142151 0.0041158081
142216 0.0040690112
142265 0.0039376613
142290 0.0037219757
142317 0.0035925898
142334 0.0035532789
142405 0.0033854878
142416 0.0030577596
142549 0.0030093525
142620 0.0028808211
142767 0.0028606542
142773 0.0028085432
142801 0.0027661427
142889 0.0027102761
142933 0.0026108618
142960 0.0025999005
143010 0.0025242039
143020 0.0024534285
143051 0.0023890054
143195 0.0023863033
143196 0.0022969735
143252 0.0022779127
143399 0.0022241086
143476 0.0021748410
143565 0.0021453716
143613 0.0021117762
143710 0.0020885240
143770 0.0020463778
143930 0.0020337553
143961 0.0020045801
144023 0.0020015816
144071 0.0019683028
144159 0.0019509436
144288 0.0019463416
144315 0.0019143185
144617 0.0019119382
144684 0.0018839010
144729 0.0018172051
145042 0.0018168666
145066 0.0018086943
145087 0.0017954197
145101 0.0017728496
145131 0.0017429283
145153 0.0017255435
145211 0.0017100804
145357 0.0015960429
145442 0.0015486252
145452 0.0014629823
145870 0.0014409668
145895 0.0014259032
145931 0.0013733906
146397 0.0012826931
146602 0.0012003782
146711 0.0011909991
146735 0.0011513948
146844 0.0011474665
146851 0.0011227508
146893 0.0010691434
146917 0.0010451683
146956 0.0008986430
146981 0.0008194876
147396 0.0007281151
147650 0.0006328549
147746 0.0005859084
147863 0.0004988418
147874 0.0004788246
147937 0.0004754104
147987 0.0004029336
148431 0.0003528750
148528 0.0003211438
148626 0.0002653054
148684 0.0002616374
148748 0.0002133032
148988 0.0001838409
149192 0.0001836879
149252 0.0001430764
149446 0.0001358963
149448 0.0001340732
149453 0.0001303140
149497 0.0001204394
149550 0.0000950649
149724 0.0000933722
149737 0.0000901804
149793 0.0000884578
149807 0.0000852042
149832 0.0000819049
149889 0.0000755553
150005 0.0000729491
150053 0.0000705806
150108 0.0000702699
150123 0.0000679142
150132 0.0000662155
150159 0.0000660746
150163 0.0000653611
150183 0.0000616784
150199 0.0000605746
150222 0.0000580840
150269 0.0000569101
150295 0.0000560995
150400 0.0000544749
150449 0.0000529166
150521 0.0000513791
150690 0.0000500925
150747 0.0000498271
150810 0.0000489311
150897 0.0000484807
150907 0.0000480043
150941 0.0000478323
150944 0.0000477374
150948 0.0000472968
151069 0.0000442528
151157 0.0000439785
151267 0.0000426024
151477 0.0000422317
151492 0.0000417935
151591 0.0000410471
151597 0.0000409119
151684 0.0000407126
151791 0.0000405250
151823 0.0000397311
151973 0.0000394481
152035 0.0000389941
152158 0.0000389130
152169 0.0000386250
152178 0.0000380041
152196 0.0000379596
152208 0.0000376994
152300 0.0000372332
152335 0.0000370323
152644 0.0000366155
152980 0.0000362751
153060 0.0000347244
153243 0.0000346705
153316 0.0000345522
153325 0.0000340947
153335 0.0000330390
153403 0.0000328242
153491 0.0000327774
153611 0.0000320364
153666 0.0000319635
153734 0.0000311019
153905 0.0000306797
153925 0.0000298492
153962 0.0000291070
154019 0.0000285465
154123 0.0000278449
154181 0.0000276996
154202 0.0000273793
154266 0.0000264313
154397 0.0000263306
154441 0.0000244870
154673 0.0000237604
155134 0.0000230607
155138 0.0000227952
155200 0.0000227007
155229 0.0000223189
155239 0.0000221674
155262 0.0000190587
155433 0.0000187230
155466 0.0000187157
155495 0.0000182351
155502 0.0000169511
155625 0.0000162264
155653 0.0000153329
155840 0.0000146326
155861 0.0000143246
155994 0.0000122339
156529 0.0000114515
156554 0.0000101625
156584 0.0000084568
156702 0.0000072185
156734 0.0000067224
156751 0.0000061832
156791 0.0000058801
157167 0.0000055453
157191 0.0000047005
157244 0.0000044879
157422 0.0000036758
157592 0.0000035383
157645 0.0000035040
157650 0.0000033867
157704 0.0000033185
157705 0.0000028177
157781 0.0000027896
157791 0.0000023763
157834 0.0000023193
157860 0.0000022260
157932 0.0000021432
157936 0.0000018313
158014 0.0000016501
158031 0.0000013698
158213 0.0000012953
158246 0.0000011470
158253 0.0000011102
158309 0.0000009439
158338 0.0000008847
158438 0.0000008607
158446 0.0000008134
158448 0.0000007657
158465 0.0000006887
158570 0.0000005800
158641 0.0000004827
158779 0.0000004433
158881 0.0000004383
158912 0.0000004301
158958 0.0000004185
158963 0.0000003664
158980 0.0000003439
159037 0.0000003331
159082 0.0000002712
159127 0.0000002567
159241 0.0000002214
159244 0.0000001923
159323 0.0000001866
159347 0.0000001553
159440 0.0000001382
159560 0.0000001269
159599 0.0000001267
159618 0.0000001260
159620 0.0000001197
159692 0.0000001088
159739 0.0000001040
159743 0.0000000755
159847 0.0000000590
160022 0.0000000527
160044 0.0000000480
160095 0.0000000358
160187 0.0000000332
160211 0.0000000331
160259 0.0000000261
160333 0.0000000259
160346 0.0000000228
160439 0.0000000171
160485 0.0000000166
160494 0.0000000165
160576 0.0000000123
160616 0.0000000108
160696 0.0000000095
160749 0.0000000094
160765 0.0000000077
160850 0.0000000071
160935 0.0000000069
160986 0.0000000046
161163 0.0000000046
161234 0.0000000042
161248 0.0000000038
161253 0.0000000032
161419 0.0000000030
161442 0.0000000029
161474 0.0000000028
161537 0.0000000020
161598 0.0000000016
161750 0.0000000014
161811 0.0000000012
161998 0.0000000011
162042 0.0000000009
162067 0.0000000009
162106 0.0000000009
162114 0.0000000007
162150 0.0000000007
162153 0.0000000006
162289 0.0000000006
162422 0.0000000006
162435 0.0000000005
162477 0.0000000005
162489 0.0000000004
162548 0.0000000004
162654 0.0000000003
162692 0.0000000003
162703 0.0000000003
162826 0.0000000002
162880 0.0000000002
162899 0.0000000002
162951 0.0000000002
162967 0.0000000002
162970 0.0000000002
162972 0.0000000002
162977 0.0000000002
163019 0.0000000002
163045 0.0000000002
163145 0.0000000001
163189 0.0000000001
163205 0.0000000001
163238 0.0000000001
163319 0.0000000001
163382 0.0000000001
163413 0.0000000001
163472 0.0000000001
163484 0.0000000001
163496 0.0000000001
163505 0.0000000001
163559 0.0000000001
163618 0.0000000001
163687 0.0000000001
163720 0.0000000001
163733 0.0000000001
163791 0.0000000000
163893 0.0000000000
163898 0.0000000000
163991 0.0000000000
164041 0.0000000000
164066 0.0000000000
164088 0.0000000000
164233 0.0000000000
164240 0.0000000000
164351 0.0000000000
164366 0.0000000000
164469 0.0000000000
164492 0.0000000000
164602 0.0000000000
164604 0.0000000000
164607 0.0000000000
164648 0.0000000000
164666 0.0000000000
164710 0.0000000000
164740 0.0000000000
164804 0.0000000000
164918 0.0000000000
164938 0.0000000000
164984 0.0000000000
165014 0.0000000000
165020 0.0000000000
165160 0.0000000000
165196 0.0000000000
165219 0.0000000000
165264 0.0000000000
165281 0.0000000000
165322 0.0000000000
165345 0.0000000000
165472 0.0000000000
165512 0.0000000000
165542 0.0000000000
165559 0.0000000000
165571 0.0000000000
165588 0.0000000000
165597 0.0000000000
165613 0.0000000000
165735 0.0000000000
165777 0.0000000000
165806 0.0000000000
165858 0.0000000000
165881 0.0000000000
165894 0.0000000000
165921 0.0000000000
165957 0.0000000000
166038 0.0000000000
166070 0.0000000000
166089 0.0000000000
166099 0.0000000000
166151 0.0000000000
166222 0.0000000000
166318 0.0000000000
166400 0.0000000000
166409 0.0000000000
166416 0.0000000000
166474 0.0000000000
166777 0.0000000000
167013 0.0000000000
167152 0.0000000000
167362 0.0000000000
167389 0.0000000000
167573 0.0000000000
167885 0.0000000000
168805 0.0000000000
evaluations raw_y
1 86089097.0528692603
2 26297838.4972111732
8 15813364.3079601713
26 15132934.2046565767
35 14481757.2350354847
39 14251958.8010745663
40 13879402.5322963130
45 8081228.6474804292
48 6505366.6820399798
105 6320353.9386983830
145 4232530.6261161966
171 2979274.9782469431
215 2945991.0820738799
243 2399558.9602393107
297 2337439.1331684915
321 2125472.9231476411
364 1824013.6291019863
509 1665312.9098235876
560 1538895.3724029756
608 1233948.7846564152
677 1106282.2213451203
764 999330.2690548876
823 795747.9045969091
1908 786644.1823821523
2014 721354.4181193783
2201 662309.4357944494
2315 593304.9007558626
2606 456607.4516304317
3221 439228.4265691166
3375 416062.9585143453
3792 357055.5285984565
4145 334962.9713044243
4399 321688.3471469150
4405 304463.5899803074
4464 243170.1144526067
5326 241756.8057442901
5332 210074.2119267246
6025 207510.7776911405
6064 183530.6008578271
6947 170485.1684838310
7043 164772.3464557659
7066 159777.9156464874
7240 153954.9424910173
7251 143403.8259730177
7354 140620.4473202809
7414 137999.0706376606
7432 131367.8500409625
7570 129532.4365729563
7737 123497.9454108255
7955 122570.5124245496
8005 117866.0092071224
8168 115080.9222948369
8254 110011.2304983730
8402 106717.7344032703
8528 102767.6287966391
9015 102462.7977093668
9172 101848.0651757677
9227 96457.0254009565
9354 94902.7129849019
9454 92698.6895854071
9603 90526.4898867664
9688 90010.0251656330
9800 89667.9415291486
9874 87870.4927887371
10050 87811.6502390377
10074 86907.0869253137
10140 86072.5024316382
10227 85490.7517723038
10364 83213.8988189365
10442 83063.1688115896
10778 80567.7374724968
10898 79272.2355361849
11150 77673.5592944544
11257 77559.8223445405
11341 77124.0033226783
11374 76607.9250521417
11801 72597.4655736615
12021 71836.4904359801
12155 69932.6663015915
12500 69522.6747755739
12803 69062.6119960831
12867 68793.5719785958
12883 66128.9628689710
13245 64646.5455941104
13424 64535.6973686606
13554 63274.3363467361
13730 62549.0429781380
13968 60873.9291051710
14150 60224.0175531727
14222 59643.6435378262
14225 58383.4720023920
14569 54092.5831834807
14842 50593.0529253377
15926 50284.4071188220
16057 50190.8875623094
16101 49761.5341197212
16370 46809.0582919803
17206 46612.2690118544
17292 46003.6524613844
17628 45798.1374994500
17802 45780.7367969777
17832 45136.0929832142
17911 44210.1535499519
17912 43724.5727945470
17950 43012.5571843650
18468 42296.3604574167
18591 42204.4557670698
18607 42106.1336795316
18611 41993.9379115907
18689 41885.4544986236
18692 41686.3587595844
18757 41677.0810806481
18839 41483.1789899667
18874 41461.0866780062
18890 40984.0580632189
18981 40869.0995010070
19080 40708.8804880684
19122 40681.8910566106
19133 40442.5400811862
19190 39640.6091868112
19271 38594.7777677883
20081 36782.9196913522
20158 35990.3316315319
20237 35680.5463038139
20360 34427.9831393846
20882 30645.1518117024
21170 29451.0572869286
21220 27789.7690300460
21739 25738.0407725731
21815 25696.7564802835
21962 25465.4020729754
21972 25132.9537309494
22132 25007.9990900441
22183 22634.4742938571
22191 22426.7212511968
22867 22348.0474078529
23027 22303.3599224464
23049 20954.6641677065
23069 20017.0921276996
23402 19941.8697051996
23621 19379.7288066543
24141 19324.5456805206
24182 19286.8897913489
24193 18176.3383567840
24196 18010.0392332219
24275 17745.2295510986
24278 17435.3117824888
24383 17133.8539281209
24419 16638.3779553146
24755 16377.3710108260
24974 16291.2011098346
24982 16160.2623978378
25111 15821.1953707955
25179 15651.7013302173
25411 15500.1441952925
25448 15445.5463565579
25617 15173.8665289838
26001 14996.9338970059
26112 14794.7255810627
26416 14608.0644917394
26485 14497.7922297122
26493 13982.0046932607
26593 13902.2842264681
27017 13591.1574189511
27380 13427.1697597110
27494 13090.5079941442
27633 12374.0640380035
27837 11032.9087759704
27892 10583.3482852055
27970 9996.8581841559
28164 8837.6274122130
28923 8597.3830432447
29042 7933.1875101224
29139 7880.1748611271
29372 7238.5010000552
29615 7072.3336052316
29928 6048.3465159864
30229 5761.9557478080
30393 5217.7055251590
30832 5148.8196059744
30913 5045.5502959016
31253 4685.6863983908
31682 4669.6776052597
31779 4583.5689091095
32061 4336.9768186208
32130 3846.6838551181
32726 3786.6903680176
32810 3688.7740605840
32828 3676.9018760813
32906 3653.7038612340
33084 3513.3734703615
33220 3333.7678291213
33284 3231.7377401535
33483 3210.8554174389
33558 3083.4061738038
33754 3043.3721273642
34185 2957.9617235955
34304 2890.8511834450
34913 2849.7220577391
34952 2777.6478336485
35141 2648.5258802343
35608 2648.1661471760
35647 2559.5764796592
35797 2528.5513277177
36109 2524.0954211075
36139 2471.6598833759
36213 2407.1398977187
36454 2372.5112630274
36799 2353.5218858239
37088 2322.6080496740
37184 2294.6082316481
37210 2287.5921454573
37228 2284.2825457893
37276 2275.9528490464
37347 2275.6124620039
37372 2236.8966838240
37482 2223.6964430094
37587 2190.3439394516
37854 2147.2143887333
37920 2142.7008809182
38295 2138.3407382041
38331 2099.7397908750
38513 2058.9330222964
38520 1979.0199072160
38929 1924.2248478576
39019 1921.6994267678
39042 1911.7162792480
39051 1874.3396751398
39168 1869.1315209227
39227 1833.9210342740
39709 1773.5821255873
39893 1772.4457312598
39964 1744.3935007815
39969 1678.5407840199
40221 1628.8046854635
40318 1620.7905133672
40335 1581.1931863775
40621 1545.6582095416
40676 1504.3756993720
40740 1467.5607202435
41076 1467.5253852768
41176 1465.0127856415
41264 1398.3620175766
41586 1394.5222482734
41611 1306.9766459571
42246 1302.8661342480
42308 1271.4806581742
42356 1265.0095839772
42465 1251.9132471973
42485 1250.9004564120
43006 1249.3654509167
43168 1233.1329994124
43287 1230.2478447429
43298 1195.9202719835
43558 1167.9580886885
43669 1136.1818212774
43874 1135.5052403247
44187 1123.5495073573
44294 1122.5452207684
44356 1120.3455039218
44359 1115.8311219837
44418 1114.9459345099
44452 1114.1184815595
44461 1091.6584279060
44588 1086.9317354127
44872 1079.1567471709
45020 1066.9504152863
45174 1065.9878295447
45621 1061.9318344256
45636 1057.1442374746
45715 1047.2642531701
45787 1045.3760230152
45798 1043.1337653751
45888 1036.9194686650
46122 1033.0386057346
46240 1029.9313708836
46358 1017.0771398336
46481 1016.9735078200
46504 1010.0347874645
46656 1007.0787779266
46977 1000.3547309095
47018 993.9539039655
47066 991.3291561119
47120 987.6037049919
47160 981.1135415998
47338 980.0962630678
47429 975.1416353302
47440 971.6940928953
47476 968.2328961858
47592 965.6442909088
47605 963.6368985427
47620 961.0600609039
47696 960.5103621007
47733 956.1721173742
48085 946.6722454833
48401 926.6818648865
48980 910.0362589201
49478 904.0884947834
49493 900.0182173272
49527 887.0817180138
49677 884.9573807343
49709 872.3620193246
49840 852.1415348221
50555 835.1524128504
50809 824.4797435052
51053 817.7993424005
51195 808.2193450129
51303 806.6445813905
51349 800.5470069742
51358 783.3019778661
51458 781.3746672943
51704 779.9822438307
51778 773.2983694746
51839 772.2659034306
51848 763.7336931340
51963 762.0353003361
52237 760.9944941117
52259 743.7901217081
52482 743.6076820307
52513 741.7267760353
52585 739.3659032067
52735 733.6912929953
52824 731.1385313298
52854 730.3851549726
52871 729.2215530266
52947 725.1093108156
53137 723.0544620196
53197 713.4867027489
53258 709.7168839015
53360 706.5607774248
53428 704.0618999102
53435 701.8862852442
53556 699.2163756045
53578 694.7639478705
53604 693.3636391822
53639 682.4710683715
53680 681.8888033717
53771 672.3948784473
54222 649.9331764490
54456 642.1624888401
54697 640.7022911509
54720 626.0226034676
55126 613.7312115212
55170 609.6903543075
55263 600.1439653187
55264 590.9513482670
55500 568.9225930568
55595 566.1604391646
55673 548.3015861137
55765 541.5401983290
56303 537.8407340746
56585 524.0783404462
56616 519.9337369245
56649 498.4696962263
56796 487.8587835800
57102 485.9997921261
57139 480.6646150572
57314 469.2903320152
57483 467.5978414838
57519 456.9778182721
57535 456.1536093675
57679 454.2703318405
57802 446.0954212485
58099 442.7690982248
58118 442.7660079849
58141 437.1558857510
58146 425.7316227764
58436 425.1406977772
58596 424.8544248565
58633 423.6390957274
58663 415.9113709722
59086 406.7021661444
59321 406.0648697167
59412 404.9542869634
59493 401.5144339694
59695 399.2495536142
59760 396.6778209453
59773 388.9411860996
59918 386.3704895825
60131 380.4143725524
60276 380.0680102422
60420 378.0686723893
60797 374.6230408879
60848 371.4281208122
60872 370.0532630651
60994 366.8521172569
61010 360.0392291672
61147 359.3406927505
61294 354.6129173095
61412 350.6243749913
61653 348.6102806365
61923 346.7717368102
62153 346.3604833720
62195 336.2732504024
62327 335.6062042588
62652 334.2494487655
62689 330.6354312617
62749 327.9308326150
63151 324.6052546835
63242 324.2511445821
63340 322.0907315832
63403 321.6756823860
63406 320.8904026755
63461 320.7402275537
63511 320.3293210662
63528 318.5611162133
63626 317.4792528291
63637 316.1304913384
63642 314.8334488679
63772 314.0270595951
63850 313.9848255523
63987 312.8014073028
63989 311.8039694300
64005 311.5734426663
64049 310.8266463262
64105 308.0886434821
64116 306.8670298570
64134 305.8160479398
64338 305.3704719928
64482 302.6462793029
64615 302.1759332607
64679 301.8799841806
65016 301.1643097229
65061 300.9946322254
65164 297.6625047748
65198 292.7796821370
65302 288.5705846900
65346 288.2554919845
65404 284.2991561660
65604 283.9866629585
65700 279.2600559031
65788 277.5693150319
65849 272.3308564542
65878 270.7085523178
65971 268.9525100861
66159 266.8540904088
66281 258.8751950386
66610 256.3306320092
66705 247.2896896928
66840 246.2554116619
67057 243.3645784312
67122 242.8973548684
67205 240.9854093848
67230 237.7763571857
67339 236.4176637896
67407 229.6782834274
67588 227.5064591825
67648 226.1147816701
67682 223.6734665234
67763 223.3944048573
67836 223.3743518051
67849 218.9913676930
67864 218.9841958041
68089 218.6388389257
68229 218.5710816201
68246 218.2419435090
68295 216.2252382637
68321 213.3996553987
68373 212.8870968061
68748 211.1668024814
68840 207.6580455515
69119 204.1044619947
69248 203.6650965394
69388 203.6470583500
69406 202.5722577083
69486 202.3167764590
69494 198.7949554252
69497 197.1461393977
69632 196.0317713202
69782 195.0335362210
70202 192.2318388972
70414 190.8345748025
70487 190.6732611361
70491 189.5122942589
70623 189.4109086383
70647 187.3407214580
70818 187.1984019644
70840 186.6362748944
70885 186.4483729150
70911 185.4128303767
70928 184.6919846472
71444 184.6043470303
71503 182.2163582445
71698 182.0492367123
71726 181.3181715746
71783 178.8895287470
72247 177.3553635129
72424 176.0232752882
72525 175.7429554224
72547 175.1056056696
72928 173.8594790532
72935 173.5473282482
73006 172.7412344710
73125 171.8089117093
73230 170.8564205683
73272 170.6756034988
73315 169.6364895473
73390 168.4321032619
73605 167.8030419969
73615 166.4637229503
73699 166.0434998015
73740 165.9679542405
73752 164.8842863894
73886 163.4092223654
74350 163.0815317953
74531 162.0227867573
74845 160.3668002785
74934 158.9691596843
75009 158.1458022152
75254 157.7570902601
75270 153.1346022156
75515 152.9938351592
75624 151.3181034948
75805 151.1800692584
75855 149.8923966708
75866 149.0342239753
75927 148.6422015773
75979 148.5923663546
75981 145.5237093963
76041 145.0030413089
76072 144.5519355440
76140 144.1072144491
76286 143.4926225051
76306 142.2543778461
76326 140.9749740225
76429 140.4308885076
76444 140.3966879894
76567 139.8936157656
76575 138.9999640290
76634 135.9558922929
76812 135.0048391604
76857 134.7501849855
77193 130.3290240219
77419 130.0494950452
77552 129.8964303836
77561 129.6363869749
77571 129.1720449971
77823 126.4481122378
78165 124.0807616923
78408 121.5120542045
78415 120.8285930672
78538 119.2711747728
78663 113.6480020712
78673 112.4842798238
78858 110.9633041269
79018 106.9943249656
79620 104.0743654563
79643 103.4622067859
79870 102.8436188627
79891 100.2521811612
80053 99.8911568128
80105 99.5739566532
80164 99.3162512130
80200 99.2003757533
80242 98.5771773185
80259 98.4493542540
80264 97.9984216822
80441 97.8786008698
80452 97.4222324195
80485 97.1588465852
80619 97.0638154311
80714 96.1778131030
80724 94.2194162741
80797 93.7911076016
80972 93.6526509603
81078 93.5729015481
81125 91.5593658770
81367 91.2911739250
81489 89.8433831025
81786 89.7502688922
81796 89.4996388068
81808 89.3760434112
81838 88.3346302971
81894 87.6278830050
82135 87.0635882939
82206 86.6899306091
82276 86.5763076217
82500 86.1167711939
82635 85.8963743715
82745 85.3368550133
82811 84.0906296566
82996 83.5508533389
83332 82.7754737187
83517 82.5052452254
83664 82.4394060246
84063 80.7116092128
84347 79.8621370612
84375 79.4842639302
84621 78.7046919170
84868 77.4504394351
84971 76.3018344295
85090 75.9923040353
85094 73.5103011959
85355 72.1722526922
85439 71.8826168887
85507 70.8129960321
85773 70.0706039964
85899 68.8706714593
86084 67.9220601340
86397 67.1954136672
86450 66.1673658492
86651 66.0429300919
86710 65.7117117648
86721 65.7022848495
86750 65.4087717560
86884 64.9954055907
87056 64.6280386666
87145 63.8974323201
87482 62.3641184922
87717 61.7282978599
87766 60.7408487635
87786 59.5524551394
87919 59.5335196999
88179 59.4851126140
88254 58.9684506399
88285 58.0025255709
88374 56.9871470738
88423 56.9130100224
88563 54.9426255211
88728 54.0386370989
88963 52.9853854996
88995 51.7905501627
89232 51.3090688591
89313 51.2731351856
89319 50.8534745112
89376 50.8164646084
89439 49.3555528727
89545 47.3606653502
89845 47.0144567843
89913 45.3658816735
90183 45.0923282442
90196 44.3006471633
90300 43.5377358788
90617 43.4657130500
90685 43.2797776578
90702 43.2201719778
90715 42.7788064597
90729 41.1100927588
90791 41.0526765889
90848 40.8769216402
90910 40.5465065125
91232 40.5129524519
91288 39.7670218826
91300 39.7214312406
91366 39.5163903759
91411 39.1645078319
91479 38.0282508869
91798 38.0158018953
91815 37.4802483360
91912 37.0534398343
91926 36.6570016447
92068 36.3931914040
92094 35.8125794877
92270 35.6457280063
92315 35.5404387540
92429 35.3504636026
92454 35.0994769598
92545 35.0876858896
92581 35.0191294438
92708 34.7672382121
92828 34.1446883763
93120 34.0760503618
93292 33.5866378560
93695 33.5154633191
93810 33.0759871849
93915 32.1278079298
94259 31.3448468211
94640 30.1465236367
94643 29.9140831411
95073 29.3676329649
95076 28.4317010868
95368 28.1961817460
95396 27.9563692428
95421 27.8820693101
95568 27.5628687264
95684 26.7874621029
96028 26.4704910103
96089 26.2733055768
96196 25.9780011081
96276 25.6138685029
96421 25.2905482827
96715 24.6571921119
97179 24.3644562022
97235 23.1422981549
97475 22.7099297249
97524 22.6240549301
97568 22.0565766483
97730 21.8056750166
97746 21.3654012611
97869 19.5691540213
98461 19.0301428163
98625 18.8512481401
98771 18.6809033726
98781 18.5118102024
98820 18.0358734414
98914 17.2645917470
99343 16.9033067707
99640 16.6881269374
99671 16.6561749297
99760 16.6495220974
99801 16.4663321047
99842 16.3730194141
99858 15.9387067586
100057 15.8338668432
100086 15.8287104734
100159 15.7932942526
100174 15.7736450413
100193 15.3808918619
100512 15.1909614394
100783 14.9205452548
101084 14.8166487430
101181 14.8073933998
101206 14.7780655004
101289 14.5602391082
101517 14.5269834557
101694 14.0776112668
101886 13.8723076945
101953 13.8522854549
101959 13.7830258196
102036 13.7525977563
102109 13.6787156104
102136 13.5922691731
102148 13.5229176578
102158 13.4523987362
102280 13.4386300561
102283 13.2739021447
102314 13.2346682435
102341 13.0375320589
102731 12.8404632490
102760 12.7814603934
102879 12.6313822183
103201 12.5794106242
103219 12.4522439875
103317 12.4462366169
103417 12.4180753271
103419 12.2562659876
103457 12.1996305679
103462 12.1702653485
103496 12.1677376949
103532 12.0956736605
103562 11.9803902393
103581 11.8494647133
103660 11.7684054984
103739 11.6080379239
103745 11.5998182255
103883 11.5472041590
103917 11.4857758449
104055 11.3517827346
104182 11.2168631247
104243 10.9375741852
104448 10.9055537228
104501 10.4325782239
104814 10.3494709056
104876 10.3366549812
104893 10.3296415763
104897 10.1180358502
104927 9.8820662729
105337 9.8682140273
105374 9.7413687239
105384 9.6639687178
105426 9.5321947656
105564 9.3023518987
105765 8.8462062243
105896 8.6916751282
106046 8.6550023448
106064 8.2900438324
106276 7.9433401576
106359 7.7862761051
107050 7.7519697102
107102 7.5519101660
107164 6.9320626083
107473 6.9081924884
107533 6.6361776780
107596 6.6087727835
107767 6.4998690171
107829 6.2820246098
108128 6.2694312350
108185 6.2026485799
108402 6.1008338547
108475 6.0655793134
108538 5.9792781141
108672 5.9261355701
108701 5.8578304997
108753 5.8109407075
108762 5.7418772578
108780 5.6254826392
108827 5.5921009646
108992 5.5832735279
109054 5.4910282347
109286 5.4060091323
109752 5.3503581889
109834 5.3471534935
110059 5.1663401744
110778 5.0410252361
110874 4.9891711569
110886 4.9096537127
111019 4.9071007784
111037 4.8496121987
111054 4.7619055719
111102 4.6054589917
111158 4.5302889093
111269 4.4862933779
111282 4.4153138343
111305 4.3527338311
111349 4.3403834322
111640 4.1982201913
112263 4.0761043976
112278 4.0682563046
112285 4.0549353509
112319 4.0153153398
112372 3.8953742751
112470 3.6357602173
112476 3.6084698576
112545 3.4765030953
113010 3.4696811744
113079 3.3656517593
113123 3.3389034189
113255 3.2620498858
113286 3.2563579048
113333 3.2013329201
113389 3.1513472228
113471 3.1272203969
113478 3.1202313677
113590 3.0446971740
113733 2.9834080815
113880 2.9590112313
113891 2.9436908532
113910 2.9332434499
113937 2.9312745041
113939 2.6919857342
114209 2.6845869389
114221 2.6671693261
114306 2.6614844021
114324 2.6577329620
114404 2.6485441494
114466 2.6468276416
114481 2.5074219385
114617 2.4987137239
114667 2.4454162708
114709 2.4015152518
114957 2.3900080326
114989 2.3350918414
115052 2.3238825736
115081 2.3072250234
115093 2.2276135202
115106 2.1899218243
115240 2.1823766016
115284 2.1604212759
115302 2.0746478887
115860 2.0584490083
115862 2.0484452099
115873 1.9915913606
115899 1.9670609103
115912 1.9549780135
115932 1.9246359911
116216 1.8909813074
116267 1.8373797716
116459 1.8199123398
116460 1.8169212072
116783 1.7861329762
116918 1.7713542931
117304 1.7668554862
117317 1.7117005148
117334 1.6860567650
117465 1.6853952173
117469 1.6659804863
117583 1.6400427277
117648 1.6103767009
117752 1.6029094685
117816 1.6022775208
117866 1.5812175079
117966 1.5808897162
118110 1.5804358923
118125 1.5658102847
118133 1.5550918470
118168 1.5536937288
118197 1.5474736120
118230 1.5421440664
118292 1.5156893729
118673 1.5076142625
118794 1.5071918112
118896 1.5038703305
118960 1.5024251910
118975 1.4983829159
118976 1.4969658513
119005 1.4861956751
119017 1.4812796771
119039 1.4801872399
119120 1.4791099123
119270 1.4678323095
119307 1.4640807848
119340 1.4437269768
119791 1.4381121717
119816 1.4207392425
120083 1.3975658995
120830 1.3746965586
121042 1.3742273440
121144 1.3247952707
121578 1.3232373858
121724 1.3189780501
121740 1.3147403628
121757 1.3124523462
121809 1.3103215993
121818 1.3055198519
121857 1.3010259338
121900 1.2806609678
122083 1.2763506838
122192 1.2721237841
122258 1.2708805683
122264 1.2674109226
122297 1.2604977246
122356 1.2594025951
122463 1.2590286200
122488 1.2582572002
122489 1.2558121433
122522 1.2475975553
122585 1.2469825865
122713 1.2368906232
122859 1.2347639332
123008 1.2335049529
123266 1.2296478744
123535 1.2287674405
123537 1.2221915253
123640 1.2210651576
123904 1.2179393994
123992 1.2178949402
124016 1.2149354231
124325 1.2123243874
124496 1.2104354723
124698 1.2077927752
124800 1.2075241172
124840 1.2036242219
124864 1.1997706843
124894 1.1984710042
124938 1.1948064231
125080 1.1948016283
125109 1.1901790843
125295 1.1842852418
125332 1.1805843092
125622 1.1772337819
125688 1.1745088769
125947 1.1738549514
125980 1.1724792908
125989 1.1676977890
126344 1.1675623131
126349 1.1663764640
126513 1.1588266450
126568 1.1579006539
126693 1.1499719080
126843 1.1442680142
126929 1.1437100787
127117 1.1435452655
127128 1.1302070381
127297 1.1242787456
127356 1.1077877751
127605 1.1018719734
127636 1.0986170824
127712 1.0981199081
127763 1.0975993893
127883 1.0920848344
127893 1.0906439640
127927 1.0715727980
128247 1.0694542631
128272 1.0614521745
128365 1.0610890585
128379 1.0601149606
128401 1.0455053045
128406 1.0213452632
128422 0.9974053849
128469 0.9952634838
128472 0.9199313210
128528 0.9116777232
128531 0.8826344802
128533 0.8595334357
128556 0.8519081307
128578 0.8058100452
128598 0.7932689698
128608 0.7490105746
128621 0.7317144090
128645 0.7254402800
128689 0.6957707974
128731 0.6802381230
128970 0.6006779600
129996 0.5891903088
130010 0.5562821544
130101 0.4823929916
130109 0.4670224207
130185 0.4407257739
130227 0.4323813090
130251 0.4083229204
130321 0.3911258534
130373 0.3433853458
130406 0.3331319800
130446 0.3314916846
130466 0.3282702353
130503 0.3081754341
130563 0.2606588247
130777 0.2313335409
130853 0.1844430077
131137 0.1691555707
131171 0.1612810269
131398 0.1594246746
131415 0.1586114251
131572 0.1583813244
131631 0.1524711862
131682 0.1438347758
131782 0.1401026437
131810 0.1352260018
131909 0.1329689292
131955 0.1283908888
131959 0.1221328456
132057 0.1195450733
132119 0.1183037980
132169 0.1180382630
132173 0.1085899094
132238 0.1070056087
132250 0.1036782896
132251 0.0997002986
132298 0.0919994492
132722 0.0914421997
132757 0.0882804641
132860 0.0860815291
132954 0.0860312354
132959 0.0857823078
132980 0.0837926238
132996 0.0829788049
133116 0.0785545255
133197 0.0782411111
133249 0.0781633522
133285 0.0780771868
133307 0.0780360759
133331 0.0771621498
133381 0.0767809513
133446 0.0763568627
133455 0.0755988037
133608 0.0736682892
133725 0.0733056799
133816 0.0729086425
133917 0.0728784981
134019 0.0726813655
134059 0.0725960484
134222 0.0717452207
134283 0.0705661083
134292 0.0701498588
134327 0.0700962615
134374 0.0700088795
134381 0.0699716045
134450 0.0698868675
134527 0.0659881945
134838 0.0657125408
134921 0.0651840207
134928 0.0648905829
134941 0.0642340797
135027 0.0626074490
135029 0.0619576515
135215 0.0602408535
135452 0.0602025155
135476 0.0599699610
135541 0.0597075540
135542 0.0577104813
135806 0.0555043826
136245 0.0544869185
136368 0.0539668768
136380 0.0531784226
136454 0.0493694682
136794 0.0492395988
136853 0.0482759805
136901 0.0480357430
136944 0.0472061582
136969 0.0465824563
137072 0.0464805687
137106 0.0456963710
137250 0.0446515772
137251 0.0434155360
137382 0.0422657892
137650 0.0395341348
137763 0.0393760955
137966 0.0384497430
138165 0.0378680044
138205 0.0369749111
138247 0.0367378729
138250 0.0340965338
138263 0.0340020622
138356 0.0334921740
138367 0.0334678232
138477 0.0328802573
138511 0.0323337635
138593 0.0318783732
138656 0.0312900491
138692 0.0298130108
139013 0.0295640134
139154 0.0294988129
139165 0.0294137013
139176 0.0287566851
139317 0.0285293660
139388 0.0284054210
139399 0.0281575017
139438 0.0278690576
139571 0.0278539548
139598 0.0278120355
139649 0.0277813135
139674 0.0275106917
139698 0.0275063947
139720 0.0274548549
139795 0.0272984218
139817 0.0272672334
139942 0.0271412771
140063 0.0270494449
140117 0.0269870918
140134 0.0267692331
140244 0.0267217560
140532 0.0266306516
140595 0.0263819582
140807 0.0260797809
140873 0.0259407280
140945 0.0259246787
141012 0.0258556494
141105 0.0258433139
141125 0.0257758557
141164 0.0256834487
141218 0.0255092602
141292 0.0251728238
141380 0.0250890559
141445 0.0246987811
141470 0.0240030637
141780 0.0238555698
141787 0.0235910292
141905 0.0230207697
142045 0.0227505647
142313 0.0226405922
142481 0.0216715383
142496 0.0215254942
142504 0.0214678649
142752 0.0200324235
142846 0.0194023652
143422 0.0177530935
143456 0.0163535169
143680 0.0156414128
143854 0.0146475788
143880 0.0136735962
144030 0.0133059739
144047 0.0121164066
144213 0.0115360565
144270 0.0115286797
144276 0.0104459368
144442 0.0098299871
144537 0.0098258507
144575 0.0088205124
144732 0.0088054368
144767 0.0087641392
144787 0.0083950476
144791 0.0079536411
145007 0.0078544448
145094 0.0075525767
145095 0.0075322937
145264 0.0069684902
145498 0.0068178136
145522 0.0067508772
145537 0.0066394310
145592 0.0064996085
145769 0.0063655103
145816 0.0058075703
145940 0.0057636382
146034 0.0050831798
146136 0.0049873313
146185 0.0049105367
146210 0.0047055568
146212 0.0044687186
146223 0.0044048168
146233 0.0042864297
146310 0.0042272654
146312 0.0040644076
146426 0.0037664146
147134 0.0034873994
147315 0.0032809699
147395 0.0028290464
147454 0.0027542480
147456 0.0026715347
147642 0.0022710828
147952 0.0022090294
148011 0.0021174039
148263 0.0020830501
148276 0.0020131062
148319 0.0019577103
148429 0.0019290386
148433 0.0019225583
148460 0.0019029352
148518 0.0018900692
148529 0.0018679770
148636 0.0018652878
148680 0.0018540669
148709 0.0018540104
148743 0.0018350549
148745 0.0018297273
148776 0.0017999185
148810 0.0017804586
148861 0.0017387862
149008 0.0017271048
149138 0.0017227789
149183 0.0017084294
149212 0.0016982541
149255 0.0016889446
149264 0.0016813676
149284 0.0016686013
149526 0.0016635613
149567 0.0016549894
149871 0.0016514811
149876 0.0016505373
149899 0.0016457718
149901 0.0016456009
149945 0.0016321035
150025 0.0016271718
150289 0.0016248457
150378 0.0016240023
150563 0.0016196704
150568 0.0016142782
150664 0.0016140365
150691 0.0016050186
151011 0.0016011363
151052 0.0015989615
151092 0.0015969083
151115 0.0015945522
151146 0.0015916546
151213 0.0015889783
151256 0.0015882194
151278 0.0015827780
151338 0.0015784737
151374 0.0015766305
151400 0.0015716613
151846 0.0015715657
152094 0.0015452248
152179 0.0014920083
152260 0.0014599153
152298 0.0013966526
152328 0.0013694053
152360 0.0013452723
152374 0.0013304085
152393 0.0012788810
152424 0.0012268281
152502 0.0012261990
152510 0.0011103810
152602 0.0010959836
153606 0.0010738698
153695 0.0009152493
153859 0.0008161982
153980 0.0008067888
154025 0.0006422701
154222 0.0006325504
154257 0.0005735480
154288 0.0004488800
154615 0.0004169731
154699 0.0003993452
154797 0.0003750189
154855 0.0003601068
154888 0.0003495983
154890 0.0003488452
154911 0.0003047623
155014 0.0002527991
155245 0.0002430577
155361 0.0002001757
155506 0.0001979805
155550 0.0001365406
155963 0.0001339734
155970 0.0001203740
155987 0.0001117011
156057 0.0000910918
156168 0.0000866636
156291 0.0000778423
156377 0.0000773009
156384 0.0000701498
156415 0.0000690960
156446 0.0000664313
156464 0.0000602240
156537 0.0000546163
156541 0.0000486028
156552 0.0000462875
156585 0.0000450969
156772 0.0000393536
156821 0.0000386622
156913 0.0000368930
156972 0.0000348475
157039 0.0000345534
157077 0.0000307696
157220 0.0000278285
157253 0.0000267911
157341 0.0000254527
157352 0.0000224857
157398 0.0000166224
157490 0.0000158488
157549 0.0000145474
157599 0.0000142289
157605 0.0000137073
157629 0.0000125408
157691 0.0000125275
157740 0.0000119500
157776 0.0000095375
157819 0.0000075526
157996 0.0000074885
158076 0.0000064740
158138 0.0000062975
158150 0.0000061779
158168 0.0000055122
158214 0.0000054311
158254 0.0000038632
158291 0.0000034701
158468 0.0000034443
158481 0.0000028274
158588 0.0000025722
158610 0.0000025402
158618 0.0000025360
158620 0.0000022000
158714 0.0000021973
158752 0.0000018430
158806 0.0000016359
158859 0.0000015106
158870 0.0000013705
158934 0.0000013503
158945 0.0000012271
158958 0.0000012058
159020 0.0000009961
159130 0.0000007539
159262 0.0000006803
159267 0.0000006024
159301 0.0000005986
159388 0.0000003612
159564 0.0000003521
159609 0.0000002840
159685 0.0000002767
159783 0.0000002472
159791 0.0000002069
159938 0.0000002036
159994 0.0000001744
160030 0.0000001423
160109 0.0000001333
160203 0.0000001166
160246 0.0000000912
160420 0.0000000847
160506 0.0000000493
160757 0.0000000464
160826 0.0000000375
160936 0.0000000354
160974 0.0000000330
161133 0.0000000319
161150 0.0000000236
161294 0.0000000236
161295 0.0000000232
161327 0.0000000208
161347 0.0000000195
161410 0.0000000161
161461 0.0000000129
161521 0.0000000121
161522 0.0000000100
161853 0.0000000071
161988 0.0000000067
162022 0.0000000060
162116 0.0000000056
162129 0.0000000043
162354 0.0000000042
162360 0.0000000040
162394 0.0000000036
162429 0.0000000032
162491 0.0000000031
162537 0.0000000030
162627 0.0000000029
162637 0.0000000028
162671 0.0000000025
162689 0.0000000023
162754 0.0000000018
162825 0.0000000015
162984 0.0000000014
163014 0.0000000014
163068 0.0000000013
163086 0.0000000013
163160 0.0000000012
163175 0.0000000006
163417 0.0000000006
163456 0.0000000006
163470 0.0000000005
163476 0.0000000005
163497 0.0000000004
163564 0.0000000004
163567 0.0000000004
163684 0.0000000003
163701 0.0000000003
163745 0.0000000003
163780 0.0000000002
164189 0.0000000002
164207 0.0000000001
164290 0.0000000001
164444 0.0000000001
164494 0.0000000001
164555 0.0000000001
164557 0.0000000001
164564 0.0000000001
164568 0.0000000001
164601 0.0000000001
164620 0.0000000001
164631 0.0000000001
164654 0.0000000001
164716 0.0000000001
164748 0.0000000000
164769 0.0000000000
164874 0.0000000000
164888 0.0000000000
164964 0.0000000000
164975 0.0000000000
164983 0.0000000000
165344 0.0000000000
165385 0.0000000000
165461 0.0000000000
165508 0.0000000000
165559 0.0000000000
165580 0.0000000000
165636 0.0000000000
165711 0.0000000000
165766 0.0000000000
165773 0.0000000000
165794 0.0000000000
165950 0.0000000000
165971 0.0000000000
165975 0.0000000000
165983 0.0000000000
166007 0.0000000000
166043 0.0000000000
166082 0.0000000000
166121 0.0000000000
166147 0.0000000000
166148 0.0000000000
166175 0.0000000000
166522 0.0000000000
166633 0.0000000000
166663 0.0000000000
166984 0.0000000000
167062 0.0000000000
167073 0.0000000000
167167 0.0000000000
167247 0.0000000000
167261 0.0000000000
167284 0.0000000000
167352 0.0000000000
167365 0.0000000000
167402 0.0000000000
167512 0.0000000000
167620 0.0000000000
167636 0.0000000000
167674 0.0000000000
167930 0.0000000000
167933 0.0000000000
168062 0.0000000000
168267 0.0000000000
168352 0.0000000000
168373 0.0000000000
168650 0.0000000000
168996 0.0000000000
169773 0.0000000000
evaluations raw_y
1 75802131.8744446933
2 72069845.8828042001
8 61952935.2158225775
13 52114602.1383135915
19 34475939.2478236258
52 20917673.4271356948
67 13147596.9413789362
75 12981515.1287194770
106 4580833.9241147228
250 4478483.0942690410
253 4165763.8014160953
265 4135300.2685176102
351 3458005.9651369010
353 2992000.3121718727
451 2421181.7312110630
485 2036587.6795201490
764 1918612.9756203634
873 1751220.0783926079
1365 1716994.6478184273
1405 1571868.5424673737
1494 1497874.2702881389
1573 1469554.5286803264
1577 1319649.9624955836
1639 1240999.2575718504
1646 1192731.1330805437
1690 1110846.4438406869
1859 949999.1841345159
1975 839604.1604363392
2025 829275.6991536045
2135 788240.9797487659
2261 648074.1538944269
2820 643304.0474943421
2947 632302.2017360840
2964 549579.6441067080
3073 508720.5629448715
3265 467232.5975471380
3320 374105.9326775924
4077 373787.6970693195
4482 355811.8266442733
4509 332301.5047204458
4736 323362.3052318470
4994 317682.9399130284
5151 302476.5474233915
5312 292170.6832727711
5378 290969.4499959179
5680 288482.2578173699
5726 282387.8392927709
5727 280855.9287405348
5809 278537.9149485422
5907 271075.0439395842
5920 265918.5637551582
6229 257485.7824450480
6280 254012.0058833257
6398 249761.5639162098
6442 238081.4254690845
6553 235511.7325997521
6785 233326.0996110316
6791 220031.4302716408
7040 211179.1501092340
7125 208156.6830609171
7178 190710.0685741658
7194 186449.5726604872
7420 184083.4528395739
7423 179705.7993094170
7607 171481.2048859893
7663 168356.3732612125
7728 166315.5349925475
7957 148479.9147932196
8041 127764.5941172358
8191 125833.2878036715
8254 111149.1459370477
8753 100011.5345342626
9162 88516.9704011200
9841 81010.0143558852
10085 79228.9885680720
10102 77194.8318886740
10353 68941.2113572526
10407 65730.5082018997
10811 61341.3140573682
10830 60924.9489865489
11174 59376.3698522289
11206 57712.7048088811
11343 53260.7884081932
11809 52053.6548156260
12033 51634.4012666944
12092 51074.5841485240
12129 49556.4355506620
12150 48356.5423756664
12306 48007.4245851469
12429 44379.5730672503
13421 43861.5658453720
13481 42608.4951282233
13925 42571.1829542698
13926 42292.6313498895
14171 41296.2273955929
14526 40851.8296800061
14732 40032.3288961555
14794 39995.3278817963
14901 39090.7978716295
14982 38904.1545159623
15143 38719.9772431257
15344 38295.3822556759
15346 37612.4682116968
15411 37581.7508983553
15465 37280.7164447527
15603 36820.5605362370
15659 36288.3775894969
15673 35846.0373575358
15789 35538.5406825441
15828 35031.7545401823
15950 34268.7091835738
16075 33974.6280814251
16090 33901.7307146750
16123 33332.3601699913
16264 31990.8086607455
16348 31871.2899252062
16582 31743.6763853507
16915 30780.0153958041
17199 29415.3916536081
17307 27589.9815518830
17493 25676.4673279538
17565 25203.8475666958
17732 24998.3790273213
17840 24736.9530588052
17925 24453.6389719869
18074 24304.0977238070
18388 23911.9162455033
18396 23383.0938211171
18530 23033.2899377831
18560 22505.3987709012
18605 22247.0267391710
18609 21233.1838670569
18713 20609.1051231555
18916 20359.1058453216
18935 19821.3406835581
18965 19482.0389859308
19252 18022.3449967522
19749 17406.4452383322
19753 17023.8579050327
19872 16942.2826269470
20005 16592.1697186531
20081 15196.3336241027
20117 14458.6359888938
20693 14202.5368377110
20711 14148.5371154949
20759 12766.7022952328
21413 12415.8105949875
21455 11940.6021959724
21510 11775.2779934585
21516 10946.9514723800
22034 10514.9904962984
22444 10223.7873259442
22452 10200.3889250296
22485 10066.8350452089
22621 10038.4486532814
22645 9575.5728042664
22931 8903.6615900550
23408 8853.7096693068
23444 8846.0436443602
23550 8567.5723025858
23784 8430.8907972896
23792 8011.4640783237
23903 7985.9926099359
24087 7946.1911277798
24279 7931.0133056997
24290 7806.4181644757
24672 7307.9168973817
24756 7136.0873925946
24985 6940.3115270475
25192 6910.4708503352
25211 6883.8002555966
25247 6830.1199151552
25367 6468.6365562939
25446 6389.3235060622
25509 6309.2874486499
25534 6048.7437623112
25594 5980.9139382495
25625 5910.0431991411
26190 5898.4362763609
26199 5504.2863514501
26387 5245.8623281425
26759 5208.2510002295
26876 4861.2939374578
27314 4813.4661905538
27381 4803.0946303739
27420 4787.6600176104
27426 4729.2782506213
27475 4657.0283702693
27483 4634.3397249712
27587 4526.1079038657
27623 4524.8775873755
27732 4312.5801090291
27854 4248.0652994549
28047 4104.8727999538
28346 4046.9717307803
28369 4030.0381680351
28509 4000.1171460366
28519 3985.8919474016
28539 3960.0891438823
28576 3901.5104217020
28613 3891.1747559136
28796 3814.7477105837
29199 3651.3320643102
29385 3450.0401866767
29589 3253.4825532152
30052 3154.0663241287
30640 3136.1944090401
30672 3045.5268731337
30741 3007.0122568722
30750 2988.3795847187
31439 2838.8202281488
32166 2811.6451996931
32306 2754.6594489436
32310 2720.6243556451
32573 2711.9803502422
32590 2700.7001441879
32760 2692.4675688043
32771 2661.4807315427
32932 2587.4948677263
32948 2579.5161036485
33441 2560.1023246789
33517 2547.2808368756
33718 2547.0147030361
33720 2527.3635501555
33907 2517.8055456051
33927 2512.3737276866
33938 2507.8079631979
34004 2507.1951789515
34010 2473.5311530405
34086 2424.0528364009
34295 2394.7671982964
34742 2384.2168827796
34751 2379.5342487786
34798 2366.0123984851
34828 2361.9732413109
34886 2361.2034438463
34958 2344.1909660740
35015 2336.1978054387
35108 2321.6692618450
35330 2315.5059527608
35335 2298.8175345510
35436 2296.6467148427
35509 2284.5068564265
35609 2275.6749174446
35741 2270.4658860888
35869 2259.2189770677
35913 2259.2116123977
35977 2234.8510637387
36017 2234.7856314796
36319 2233.6618199350
36407 2231.0551959006
36453 2190.5488075671
36711 2188.2340934296
36721 2170.1368676960
36817 2148.2997615699
36891 2137.0180460617
37158 2120.6827026600
37229 2109.0377303291
37241 2091.4315934939
37310 2085.3635784023
37371 2067.4286109338
37711 2066.0679747980
37857 2056.4400026682
37883 2005.1906606694
37923 1992.9609284105
38123 1992.6640551806
38637 1925.1954158549
38919 1924.4645975491
39009 1918.2785558418
39025 1913.8894071437
39095 1909.2606349566
39128 1902.0811418386
39130 1897.2327216418
39131 1881.1466478794
39165 1877.1762644656
39172 1874.8638365451
39217 1857.5792467713
39435 1850.7314896619
39448 1841.8204887763
39499 1800.8624498084
40215 1733.2642527961
40555 1731.2920931086
40570 1726.2388906009
40579 1694.8183802729
40740 1680.7797225780
41088 1634.6532406953
41483 1633.7503838662
41574 1624.7073298917
41614 1612.2232856917
41627 1606.2409707965
41835 1576.3424278339
42452 1573.4956735696
42471 1571.3270495949
42591 1559.3417132607
42692 1549.1287326493
42952 1538.1962227704
43392 1533.8638097679
43752 1531.6683271308
43753 1525.6452305312
44096 1521.2741818414
44200 1510.9301415085
44252 1510.5900916070
44276 1502.7127627393
44334 1491.4145337324
44491 1490.2285466880
44512 1489.6107192507
44546 1470.2829967045
44811 1466.4859942841
45097 1464.9530355230
45131 1463.1640517525
45132 1452.0488787346
45268 1434.9035006392
45604 1424.8524456118
45925 1421.1674193676
45952 1411.8322987281
46195 1411.5286921593
46343 1411.1737184591
46408 1401.3936772511
46533 1396.9451873457
46566 1396.1885024950
46594 1390.6808668609
46801 1383.7941743363
46956 1382.9118574011
47022 1378.2288213748
47071 1360.4977384995
47353 1352.8710587277
47407 1352.6547528880
47446 1342.7422964901
47458 1339.0054307442
47461 1337.8432822114
47634 1335.8378507054
47668 1318.4105473786
48501 1312.0880404643
48537 1310.5552689448
48542 1298.4999521778
48703 1293.0739385087
48726 1290.9893067083
48826 1280.0460990950
48936 1262.9788730728
49148 1244.6576288059
49386 1242.3285541980
49447 1235.2688615688
49551 1234.0676488493
49805 1233.5461261111
49816 1231.2534477320
49820 1211.1844738671
49971 1208.2586989993
50096 1206.1288850257
50269 1198.9111868352
50497 1189.8892533459
50501 1182.1783169398
50972 1177.1452751884
50978 1170.8398464266
51070 1170.1590687726
51078 1158.0654357666
51164 1156.2911159638
51271 1147.2553426236
51332 1143.8210120146
51544 1134.8906821376
51700 1122.0909719202
52054 1118.8826686735
52078 1113.5865916012
52103 1111.2980940319
52412 1101.5554333304
52643 1099.9216373031
52849 1098.1008582448
52887 1096.9010577963
52890 1085.8355749945
53291 1084.2832984137
53355 1075.7674903518
53604 1059.6117094121
53892 1053.4667648892
54004 1037.0800219976
54064 1035.4684039443
54134 1026.2133724371
54179 1012.5618312237
54649 976.9671690802
55077 966.8502790270
55231 962.7201907783
55592 896.9206133381
56079 886.0443504283
56108 885.8460946331
56109 872.4860961608
56176 872.2002983204
56268 860.9777018773
56270 830.0220255842
56685 827.9646859585
56784 824.0412320767
56785 796.3545850596
56925 796.2223906499
56984 790.5739266376
57070 782.8434951908
57200 781.5571636144
57348 779.0804323220
57376 766.9953886114
57389 766.7951077236
57664 754.3357516990
57765 744.6870581884
57814 736.4449832132
57970 736.0027754244
57998 730.3223914515
58127 718.2950950864
58240 705.3990232602
58290 696.1368911163
58577 690.9311606257
59063 671.8225496201
59521 662.7777054233
59532 642.8194109982
59659 633.2451004427
59901 626.5705159163
60327 619.7954717179
60399 609.2604912777
60450 604.9865199932
60453 602.8251992618
60454 575.1912767082
60823 568.9329740016
60933 562.4563844423
61016 555.9025803916
61026 550.8297737178
61311 545.4262861128
61385 541.6191359525
61403 534.0004899592
61429 532.1843838365
61676 522.0383587264
61705 520.0207299263
61711 518.5770999701
61886 517.1809675648
61944 513.8889608984
62035 513.3989796615
62103 507.1178381119
62384 501.6999429206
62438 495.3687737491
62491 486.6756250223
62913 480.1067279076
63044 477.3424272929
63130 474.9775813248
63145 468.2154547158
63260 463.5241243272
63409 457.9498611515
63677 455.3337888061
63684 452.8878465007
63796 451.9882917107
63809 426.3769190690
63822 413.1428774033
64336 404.6397345366
64595 391.6154731823
64709 389.9480896318
64727 386.5615492937
64792 385.7128200209
64850 385.5538072502
64851 379.9146779599
64908 378.5620129761
65017 377.3146713477
65053 373.4726836849
65093 373.3223358825
65126 370.0312922297
65256 368.8328149975
65292 349.0049543165
65418 346.7277159836
65481 335.7780486949
65515 334.6589242141
65784 331.7849552046
66027 326.4533030549
66033 325.7994494865
66201 325.1271690970
66450 322.7272759344
66503 319.9362087737
66534 304.1268644654
66714 301.1088777563
67208 300.2152470900
67261 293.8426593614
67294 283.9685673900
67585 279.2952357482
67777 277.9164481081
67897 274.4864277035
67902 274.2985898489
68021 260.6393597782
68089 259.8898093729
68204 257.7983984290
68238 252.9224528871
68459 251.9469434563
68604 251.6929819596
68652 247.6459966677
68670 244.7298920877
69122 243.0414973933
69147 242.8682839446
69236 239.7966857818
69444 239.1037895830
69504 238.6155588966
69525 237.9884859329
69532 233.7261283593
69663 233.7059791989
69673 233.5693230018
69695 231.0010584698
69806 230.3923659844
69927 229.1118545966
69988 226.7760991448
70064 225.2453998969
70114 223.7666650216
70231 223.2843670281
70234 222.6808656501
70327 218.2924610241
70925 218.2392030585
70945 218.2278887759
70979 214.4399828773
71265 212.0695847022
71410 209.5461948296
71564 207.1553637609
71611 204.1155884879
71697 202.9468060202
71799 196.6380575450
71925 193.0962046931
72158 188.6381466714
72481 187.3456894762
72558 181.7105383289
72597 176.8993880077
72778 175.2909984253
72985 174.3716219877
72991 171.3634903394
72992 170.3010282500
73097 169.8310050067
73134 169.1448470159
73147 165.5641876291
73240 164.0470658754
73345 163.6727031224
73364 161.8979318931
73398 161.5484854317
73408 160.8964123446
73497 160.8144009205
73518 158.0547805020
73558 155.7457659338
73623 150.3237576322
73625 147.2624260390
73740 144.4778372012
73851 143.9602039821
74003 142.9517634950
74094 140.5133322704
74254 138.7227151919
74385 135.2813163953
74577 124.1196589271
74651 123.6834037469
74791 122.5855194603
74904 116.9747326699
75229 109.6370322144
75969 106.5555009570
76132 106.2055010335
76151 105.4319398940
76340 98.6938758165
76517 96.3163909789
76672 91.2116031526
76696 89.8943570868
76719 84.9460692375
77060 81.6111794006
77181 78.1706433505
77783 73.1987179597
77861 73.0072477766
77957 72.5122895796
77995 72.0369972404
78015 70.7539359941
78088 69.2847423906
78213 68.9723359218
78308 66.7539904195
78453 66.0518835081
78462 65.9956741352
78542 65.7117817911
78572 64.1720797222
78612 63.9630101233
78733 63.8072248450
78836 63.7177236236
78866 63.6615812735
78895 63.5657987447
78937 63.1137771323
78948 62.2950235255
79129 62.0066720510
79203 61.7996435969
79211 61.0604485230
79305 60.5918471182
79507 60.3203161877
79564 59.2102315807
80050 59.0199298884
80225 58.9794248865
80277 58.6031845796
80352 58.2091025122
80444 58.0889433577
80452 57.9288160358
80546 57.9030991009
80577 57.7917085441
80611 57.5788207593
80762 57.4764752352
80845 57.1826956644
80942 57.1787066942
80946 57.1676801930
81008 57.1174179077
81090 56.4381372963
81256 56.3615608584
81279 56.2797032369
81355 55.9504239198
81404 55.9227267138
81423 55.9038386116
81505 54.3851462513
82183 54.3734692387
82245 54.2485536559
82264 53.9276432054
82550 53.2796854281
82579 53.1208574156
82602 52.9747502194
82771 51.5137013703
82876 51.3923420276
82986 51.2210462358
82991 51.0392542894
83077 50.9707869544
83079 50.5772598649
83169 49.9092916193
83219 49.8545431422
83234 49.8344201526
83281 49.6588377064
83393 49.5984528022
83556 49.1760467481
83617 49.0977465582
83636 48.5216606969
83822 47.9529490569
83834 47.7137388193
84112 47.4372223063
84144 46.0291007526
84360 45.1183401368
84557 44.8615127424
84577 44.6462809741
84785 44.3859913046
84859 43.8935415894
84936 43.3712783808
85048 43.2359070217
85135 43.0432621820
85175 42.7819425035
85242 42.0360888428
85374 41.5205466208
85399 41.4750836824
85446 41.1380703310
85475 40.5540264455
85539 40.4983614365
85592 40.2313156889
85838 39.7071271622
86487 39.2703516968
86689 38.5021047671
87166 38.4777459256
87244 38.2496470605
87397 38.0817753295
87406 37.9383011820
87585 37.9060835574
87651 37.8699401315
87661 37.8169514915
87679 37.6187292181
87752 37.4910293931
87826 37.1017044102
87892 37.0805781687
88067 37.0199890483
88187 36.8120755894
88326 36.7924714669
88385 36.7474175568
88428 36.4832466026
88455 36.3790905641
88520 36.1702548485
88795 35.9477588473
88991 35.7251667635
89142 35.7180189018
89261 35.7128530095
89289 35.4995945643
89298 35.3489342143
89573 35.2205084206
90086 35.1059659387
90102 34.9981879568
90113 34.5202484652
90164 34.2611069328
90296 33.7117974656
90457 33.3125895132
90520 33.3116926195
90521 32.9288125462
90604 32.7347723699
90641 32.6944910610
90727 31.8442921103
91075 31.6464240667
91375 31.5359801704
91398 31.1273788632
91571 30.9710298276
91585 30.6340965347
91591 30.4289840395
91621 30.0552160746
91691 29.4646897606
91851 29.3706129915
92037 29.0588450292
92067 28.7702188756
92077 28.3425941404
92153 28.3393509972
92169 28.1846985127
92191 27.8930528928
92242 27.2921433552
92334 26.6475984017
92445 25.9468444693
93110 25.5719785636
93167 25.1624597088
93209 24.9635990734
93271 24.5870235851
93462 24.5450277715
93488 23.7720713553
93572 23.4600185677
93633 23.1238724753
93692 22.7537436401
93742 22.7502013795
93831 22.6149840483
93903 22.5603120293
93940 22.5239835494
93996 22.4988471564
94000 21.9109618900
94072 21.9017913953
94407 21.8854230327
94421 21.8632145267
94458 21.7443073668
94613 21.6211423996
94680 21.5842012240
94778 21.4437197845
94787 21.3038436107
94883 20.9226353725
94930 20.6966579936
94944 20.5896051926
95027 20.4504993011
95039 20.3714911868
95236 20.3322156539
95287 19.6835769978
95343 19.6788142637
95388 19.6075472878
95444 19.3515576482
95595 18.7874864282
95825 18.7686233683
95841 18.4941125191
96113 18.3031829839
96305 18.0379425408
96528 17.6176863680
96836 17.5757073470
96895 17.4641048508
96940 17.1741768029
97106 17.1519162249
97175 17.1382947431
97214 17.0447921759
97372 16.8595756975
97710 16.7594400316
97778 16.6692748855
97797 16.5226874405
97966 16.4533044070
98015 16.2033895970
98025 15.9005160166
98725 15.8909437588
98747 15.7680704104
98756 15.3742400551
98981 15.1328814707
99421 14.9995978552
99479 14.6335118746
99947 14.5905366087
99957 14.3487664585
100085 14.2590642023
100146 14.2299324771
100198 14.2293817180
100210 14.2113698915
100329 14.1199018694
100352 14.0408605719
100359 13.9964945330
100424 13.4816548708
100888 13.4299702327
100928 13.4086114245
101006 13.3896226926
101085 13.3652497076
101136 13.3101026269
101273 12.6813434065
101549 12.6049656888
101665 12.2291819319
102108 12.1791590070
102249 12.1326806457
102310 11.4623528934
102519 11.3211680548
102649 11.2423636912
102986 10.6151142756
103187 10.4841424086
103302 10.3912676308
103574 10.1296483636
103641 9.9542173062
103748 9.7232729122
104017 9.5041101788
104285 9.5035617387
104402 9.4704731970
104408 9.3020852991
104418 9.0324143434
104562 8.9982090230
104649 8.7950848517
104713 8.7004645542
104831 8.6477429695
104941 8.3956824050
105026 8.3223531103
105092 7.8290394262
105346 7.7832740534
105461 7.4585443150
105787 7.3850916576
105825 7.2849875542
105960 7.1448861672
106009 7.0247943078
106078 6.9709412546
106389 6.9701891965
106437 6.9104889652
106470 6.8860613331
106605 6.7888833383
106614 6.6024332051
106855 6.5920511511
107053 6.5471515399
107071 6.4990181202
107122 6.4821299849
107196 6.4334779323
107330 6.3265768975
107604 6.3128482963
107663 6.3096825698
107670 6.3021727178
107759 6.2407533524
107953 6.2269914732
108008 6.2205876679
108191 6.1699806307
108471 6.1215727406
108654 6.1164120491
108716 6.1081952440
108728 6.0768730104
108778 6.0700055001
108918 6.0491133721
108945 6.0199746190
108965 6.0071558010
109038 5.9859653517
109095 5.9319352176
109116 5.8968006382
109289 5.8954927252
109357 5.8527158969
109553 5.8494862860
109566 5.8152587296
109707 5.7702620678
109990 5.6847686996
110283 5.6816928578
110447 5.6660334535
110523 5.5862400206
110539 5.5387339739
110714 5.5305150348
110772 5.5266975889
110865 5.5113323511
110874 5.5107037312
110896 5.4790436001
110924 5.4404198876
110985 5.3644184202
111081 5.3395693836
111224 5.3272685774
111264 5.3155321657
111285 5.2952617207
111286 5.2139270804
111325 5.0127701251
111334 4.9290443085
111400 4.9087474957
111405 4.9032432359
111430 4.8357854492
111633 4.7662387029
111687 4.7288013446
111825 4.6623386783
112014 4.5787444340
112319 4.5419633426
112433 4.5016633907
112571 4.4896825215
112664 4.2621648273
113010 4.1833114057
113042 4.1706591574
113081 4.1539749028
113118 4.1522502227
113141 4.0871750437
113170 4.0833681514
113236 3.9338688076
113398 3.9313954646
113462 3.8899649475
113559 3.8389233551
113698 3.7844074149
113730 3.7759867849
113739 3.7147575571
113992 3.6877705895
114029 3.6418919400
114030 3.5596960454
114253 3.5344055675
114323 3.5257013821
114347 3.4561229550
114382 3.4515294381
114421 3.4399981179
114438 3.3650287531
114478 3.3524600608
114486 3.3428493287
114490 3.2851809395
114568 3.2570868788
114587 3.1447630412
114618 3.1231697563
114620 3.0779879081
114631 3.0597818330
114635 2.8594743539
114685 2.8357790952
114707 2.3857210759
114759 2.3402068312
114799 2.2936346483
115992 2.1009334663
116214 2.0802437148
116314 1.9429869860
116491 1.7801303675
116554 1.7356438644
116578 1.7226891231
116590 1.7137645054
116592 1.7047882340
116660 1.7001593703
116712 1.6972868516
116724 1.6576272711
116755 1.6196190195
116770 1.5209368816
116921 1.4809903836
116939 1.4710862689
117061 1.4483803978
117071 1.4395929628
117106 1.4115182103
117114 1.3377184269
117575 1.3252584295
117591 1.3185889486
117635 1.3049097520
117788 1.2978683574
117808 1.2874842684
117828 1.2732679908
118132 1.2359799375
118197 1.2303052266
118224 1.2173557612
118311 1.2126562317
118325 1.1948963701
118381 1.1815426363
118403 1.1621814525
118561 1.1555424740
118616 1.1543515505
118622 1.1465879589
118711 1.1430626734
118764 1.1293867008
118888 1.1259787249
118978 1.1202039553
119325 1.1183019336
119399 1.1172729244
119408 1.1148824022
119444 1.1125605782
119445 1.0962361870
119478 1.0858793783
119620 1.0856822201
119794 1.0837784951
119936 1.0798475907
119948 1.0775445344
120042 1.0732503047
120092 1.0618029672
120133 1.0601643460
120153 1.0599546430
120265 1.0579909429
120379 1.0476785674
120692 1.0079848907
121092 0.9739833082
121283 0.9659183646
121296 0.9631689043
121329 0.9451934137
121398 0.9154717708
121425 0.9026094445
121464 0.8624359685
121541 0.8079873853
121627 0.7495743576
121768 0.7257822947
121855 0.7055780945
122321 0.6625634946
122697 0.6540344605
122716 0.5962060928
122786 0.5502776444
122865 0.5423861070
122952 0.5298509352
122954 0.5284327640
123008 0.4262691772
123086 0.3978771796
123308 0.3967424301
123456 0.3780605673
123515 0.3691838744
123518 0.3479485273
123582 0.3151517732
123690 0.3072615083
123786 0.3053497336
123807 0.2949772252
124202 0.2841958237
124221 0.2727173005
124252 0.2606522970
124526 0.2589963753
124572 0.2538534977
124614 0.2446058076
124673 0.2412967443
124706 0.2372300527
124761 0.2328872086
124767 0.2237632321
124854 0.2231936073
124855 0.2204446659
124871 0.2188208118
125011 0.2185384555
125013 0.2178290232
125056 0.2165578608
125064 0.2159760964
125073 0.2145420267
125126 0.2145278553
125133 0.2135556235
125137 0.2114674332
125166 0.2114482169
125190 0.2107672022
125230 0.2069163392
125328 0.2028618785
125464 0.2023657174
125468 0.2014126555
125581 0.1956903180
125797 0.1945962347
125951 0.1938601145
125972 0.1877635121
126010 0.1852135207
126301 0.1844084482
126326 0.1802384343
126340 0.1796188857
126468 0.1778248026
126486 0.1716913526
126759 0.1653889459
127350 0.1611562904
127358 0.1585721313
127511 0.1551602411
127663 0.1515997949
127886 0.1505150923
127901 0.1263569381
128162 0.1239673208
128228 0.1204592857
128312 0.1196171170
128329 0.1175267605
128510 0.1166296585
128575 0.1145432510
128621 0.1137094371
128628 0.1134577075
128638 0.1133121351
128718 0.1104000183
128747 0.1090281777
128767 0.1075258570
128807 0.1074463826
128878 0.1066768485
128890 0.1001707993
129164 0.0987222302
129424 0.0976072639
129550 0.0954899580
129573 0.0829425763
130340 0.0797277940
130390 0.0771156575
130406 0.0652860745
130859 0.0628741919
130978 0.0589506166
131104 0.0525795737
131221 0.0519125534
131319 0.0510617353
131445 0.0495897307
131501 0.0461418428
131542 0.0457502355
131655 0.0451999860
131782 0.0449590014
131871 0.0439925201
131897 0.0429338254
131978 0.0428360637
132054 0.0424441912
132082 0.0406533745
132441 0.0398629810
132516 0.0395353085
132600 0.0393682708
132842 0.0391632083
132871 0.0389392814
132877 0.0385057853
133011 0.0382004718
133026 0.0381992719
133069 0.0377199725
133286 0.0373359838
133288 0.0369815522
133390 0.0367196735
133634 0.0365527630
133691 0.0365091490
133784 0.0359421959
134212 0.0358558311
134222 0.0355478205
134243 0.0352407695
134479 0.0348101284
134828 0.0347278722
134853 0.0347271743
134879 0.0342019732
134883 0.0337977251
135152 0.0332246116
135220 0.0325428156
135822 0.0321349801
135847 0.0313587901
135859 0.0269146101
136263 0.0247871638
136888 0.0223985126
136898 0.0212044121
136990 0.0201295877
137272 0.0191671668
137531 0.0189536806
137570 0.0188228598
137582 0.0155245562
137652 0.0139415787
138171 0.0122038911
138285 0.0121320717
138361 0.0100272438
138568 0.0089835432
138640 0.0084924531
138906 0.0075841307
138964 0.0074485697
139176 0.0069407727
139268 0.0066258655
139401 0.0064331882
139446 0.0059059943
139566 0.0058923609
139584 0.0055317897
139607 0.0054203528
139630 0.0053548142
139650 0.0051425731
139704 0.0049156514
139832 0.0048763897
139922 0.0047598870
139954 0.0046053556
140025 0.0045300636
140043 0.0044950657
140063 0.0043185214
140108 0.0041373214
140205 0.0041215900
140230 0.0039158166
140353 0.0038892943
140402 0.0037116488
140492 0.0036820303
140501 0.0036585379
140584 0.0036382176
140585 0.0036316775
140590 0.0036113061
140638 0.0035240386
140665 0.0034534847
140749 0.0034214719
140769 0.0033625024
140912 0.0033623972
140918 0.0033210954
140939 0.0032880607
140989 0.0032632787
141114 0.0032409994
141139 0.0032383056
141141 0.0032175195
141233 0.0032121493
141251 0.0032013790
141257 0.0030702518
141430 0.0030688164
141509 0.0030570658
141710 0.0030240853
141807 0.0029942786
141829 0.0029830377
141946 0.0029744290
141965 0.0029589931
142073 0.0029455990
142161 0.0029365680
142278 0.0029301989
142394 0.0029286181
142440 0.0028391913
142663 0.0028176486
142734 0.0028041148
142754 0.0027807483
142811 0.0027754011
142911 0.0027689424
142921 0.0027559498
142990 0.0027294498
143106 0.0027109319
143476 0.0026684464
143496 0.0025540611
143761 0.0024910711
143803 0.0024681068
143892 0.0024547627
143922 0.0023763225
144188 0.0023397681
144241 0.0023132967
144282 0.0023121830
144442 0.0022750737
144512 0.0022449359
144599 0.0021579785
144715 0.0020784537
144795 0.0020640916
144814 0.0020351335
144990 0.0019964571
145055 0.0019396389
145214 0.0018604339
145387 0.0018294581
145405 0.0017948407
145546 0.0017088960
145634 0.0015662898
145675 0.0015215528
145899 0.0015116715
145936 0.0014429790
146066 0.0014175964
146207 0.0013681880
146296 0.0011342011
146381 0.0011117617
146811 0.0010394706
146871 0.0009230136
147042 0.0008968193
147043 0.0008394585
147106 0.0008381434
147125 0.0007931402
147135 0.0007436316
147360 0.0007353225
147396 0.0007050710
147450 0.0006977466
147463 0.0006754869
147466 0.0006129878
147586 0.0005936250
147617 0.0005775601
147705 0.0004732205
147836 0.0004675901
148079 0.0004614284
148150 0.0004461475
148277 0.0004298948
148426 0.0004064831
148488 0.0004053552
148645 0.0003679035
148672 0.0003675329
148791 0.0003550778
148918 0.0003522083
148934 0.0003445503
148965 0.0003435734
149001 0.0003341992
149110 0.0003311204
149159 0.0003175963
149171 0.0003159664
149373 0.0003110897
149407 0.0003084992
149504 0.0003046634
149634 0.0002953752
149694 0.0002947500
149730 0.0002932357
149754 0.0002923790
149812 0.0002895144
149830 0.0002867967
149837 0.0002809013
150039 0.0002778950
150268 0.0002773847
150330 0.0002766061
150451 0.0002742452
150454 0.0002729002
150592 0.0002708490
150743 0.0002648254
150768 0.0002643763
150831 0.0002617990
150944 0.0002596701
150980 0.0002475803
151084 0.0002464087
151430 0.0002442684
151451 0.0002410858
151477 0.0002196021
151963 0.0002185945
152406 0.0001935656
152431 0.0001917624
152532 0.0001603761
152650 0.0001490021
152660 0.0001487468
152843 0.0001447982
152928 0.0001436618
152965 0.0001321509
152973 0.0001301245
152989 0.0001124494
153014 0.0001120268
153048 0.0001101191
153111 0.0001090954
153277 0.0001015925
153436 0.0000923020
153550 0.0000883485
153828 0.0000810730
153924 0.0000796424
153980 0.0000795023
153989 0.0000789232
153992 0.0000755793
154039 0.0000629995
154127 0.0000488997
154482 0.0000486790
154518 0.0000483893
154521 0.0000446701
154530 0.0000439684
154594 0.0000417911
154620 0.0000382461
154822 0.0000373258
154999 0.0000363845
155099 0.0000292992
155310 0.0000257011
155345 0.0000179481
155577 0.0000161792
155597 0.0000152450
155614 0.0000136195
155619 0.0000135886
155669 0.0000134639
155705 0.0000124697
155803 0.0000121892
155806 0.0000110962
155811 0.0000102680
155816 0.0000079690
155946 0.0000077035
155961 0.0000075198
156044 0.0000064457
156114 0.0000062146
156199 0.0000059512
156213 0.0000051693
156252 0.0000031328
156440 0.0000031214
156549 0.0000018790
156830 0.0000015482
156919 0.0000015185
156971 0.0000013958
157046 0.0000011377
157128 0.0000010978
157170 0.0000010522
157215 0.0000009795
157262 0.0000007142
157369 0.0000006691
157370 0.0000006452
157420 0.0000005791
157472 0.0000005437
157476 0.0000005055
157510 0.0000004605
157553 0.0000004192
157694 0.0000003707
157738 0.0000003340
157770 0.0000003225
157786 0.0000003058
157843 0.0000002712
157890 0.0000002712
157897 0.0000002302
157911 0.0000001947
158078 0.0000001910
158094 0.0000001580
158146 0.0000001447
158210 0.0000001325
158231 0.0000001270
158279 0.0000001061
158421 0.0000001014
158426 0.0000000983
158451 0.0000000701
158508 0.0000000654
158611 0.0000000525
158727 0.0000000407
159046 0.0000000367
159144 0.0000000339
159205 0.0000000334
159212 0.0000000325
159216 0.0000000282
159266 0.0000000257
159345 0.0000000237
159361 0.0000000237
159387 0.0000000184
159467 0.0000000179
159522 0.0000000155
159581 0.0000000132
159636 0.0000000129
159707 0.0000000120
159763 0.0000000101
159808 0.0000000096
159819 0.0000000093
159854 0.0000000091
159890 0.0000000089
159911 0.0000000086
159928 0.0000000058
160005 0.0000000039
160266 0.0000000033
160306 0.0000000033
160331 0.0000000026
160571 0.0000000022
160605 0.0000000020
160629 0.0000000019
160638 0.0000000018
160652 0.0000000017
160669 0.0000000017
160683 0.0000000017
160712 0.0000000015
160726 0.0000000013
160785 0.0000000011
160947 0.0000000007
161195 0.0000000006
161260 0.0000000006
161289 0.0000000005
161300 0.0000000005
161379 0.0000000004
161420 0.0000000003
161513 0.0000000003
161659 0.0000000003
161707 0.0000000002
161747 0.0000000002
161809 0.0000000002
161850 0.0000000002
161890 0.0000000001
162080 0.0000000001
162114 0.0000000001
162137 0.0000000001
162216 0.0000000001
162227 0.0000000001
162303 0.0000000001
162368 0.0000000001
162509 0.0000000001
162535 0.0000000001
162605 0.0000000001
162638 0.0000000000
162723 0.0000000000
162788 0.0000000000
162790 0.0000000000
162814 0.0000000000
162858 0.0000000000
162893 0.0000000000
163001 0.0000000000
163049 0.0000000000
163115 0.0000000000
163137 0.0000000000
163199 0.0000000000
163224 0.0000000000
163232 0.0000000000
163298 0.0000000000
163350 0.0000000000
163403 0.0000000000
163445 0.0000000000
163451 0.0000000000
163455 0.0000000000
163482 0.0000000000
163541 0.0000000000
163690 0.0000000000
163725 0.0000000000
163738 0.0000000000
163752 0.0000000000
163761 0.0000000000
163986 0.0000000000
164040 0.0000000000
164050 0.0000000000
164072 0.0000000000
164125 0.0000000000
164440 0.0000000000
164473 0.0000000000
164563 0.0000000000
164582 0.0000000000
164641 0.0000000000
164657 0.0000000000
164671 0.0000000000
164765 0.0000000000
164981 0.0000000000
165157 0.0000000000
165242 0.0000000000
165283 0.0000000000
165289 0.0000000000
165358 0.0000000000
165429 0.0000000000
165592 0.0000000000
165769 0.0000000000
166060 0.0000000000
166951 0.0000000000
evaluations raw_y
1 33632226.5952141657
4 33434697.9426370934
6 33311013.6991816610
12 31882648.7124998607
14 24322449.4783653319
17 17041287.6528587714
27 12528342.9942734130
39 11844844.7547017913
54 9043813.9827879388
55 8998362.5957742706
63 8507986.7916497253
70 4613445.8913394185
99 4442913.5408761725
324 2137957.0075473515
1072 1621678.4182735959
1231 1102806.1721777120
1536 1074479.5343711651
1551 964866.3603304134
1726 951374.1027007651
1783 935131.5820767146
1798 816209.4307723267
1826 800794.1161229680
1856 654784.9728353847
2115 612955.8259534092
2227 594344.8350567644
2237 532740.2630845290
2627 521811.5812005163
2790 479162.5164727166
3250 422631.5884618834
3559 416072.8586982797
3691 412934.1129801059
3889 395676.8904863390
4136 378437.3866311524
4341 374070.6103750233
4363 365162.1344481740
4758 359844.5366758109
5233 347399.4077840540
5628 341944.1832689373
5729 320807.7204758971
5967 305998.2467568439
6334 302706.6289773312
6549 292912.0615388546
6612 287479.6262655301
6613 284887.8129377153
6790 278157.6408543743
7033 271316.3580492176
7405 270955.5560781700
7423 253926.9093993963
7437 253434.4416174379
7898 244389.6254331896
8157 239901.1983316789
8697 236692.0756048506
8880 231685.2805770779
9239 228920.1225540166
9298 225467.0400510296
9364 217899.7174424373
9521 214802.4461881488
9652 206526.4862412388
9655 204891.5038140038
9769 202397.1913013175
10056 201292.3870187133
10365 193731.4788935059
10383 191090.3585082779
10541 188429.6651056288
10602 186581.0679280681
10631 182769.7844535329
10815 181784.7017272418
10957 178395.3440900290
10971 175659.1333634339
11018 160423.1104255788
11598 160133.5241824268
11892 159686.8201732590
11939 158089.5168741917
12037 156327.5605988609
12112 155522.7071697105
12113 153216.5853887596
12123 152078.4990545973
12296 146283.8806314678
12341 145253.3208859612
12365 144453.6650484819
12470 144011.9359546269
12546 139981.3052295249
12806 139884.0418306973
12870 132923.2369719916
12927 130103.5677254194
12968 122987.7999209979
13552 118505.6402086267
13650 113700.8661236284
13750 112639.8904539976
13834 108152.0558737712
14247 103039.8425196723
14329 98516.2862583065
14654 96069.6923985313
15016 95358.4339328394
15017 91799.4617346040
15237 89127.9626479889
15259 88524.2519795238
15460 83600.3950374918
15600 82490.8888539107
15668 82314.7928077497
15772 73690.5104768377
16293 69384.1757172173
16295 68365.1082072159
16511 64649.1829434922
16792 62591.6358992254
17052 61642.2923370814
17220 61622.1308547318
17224 58750.2181247142
17574 57818.0411980786
17641 57752.8470716460
17671 57567.5102882321
17694 54712.3431022672
17707 54670.7716595470
17899 53881.0335814149
17999 53576.9685374863
18025 53143.8830022000
18073 52799.7556175805
18079 52548.6687956302
18084 51873.9557285945
18210 50980.4615611535
18439 50898.7802822764
18455 50779.9881100850
18566 49451.3608611421
18782 48902.9325901884
18791 48558.1158747073
18811 47721.5154175859
18974 46718.5538650458
19183 46660.8921377953
19377 44120.4697531938
19651 43711.4205287391
19860 42717.9952915661
19932 42384.0124522921
20155 41619.5633728585
20249 41587.4005639188
20293 38893.6310189748
20467 37852.9583531947
20625 36731.2201088721
20704 36672.1022896016
20738 35754.1744669703
21002 35242.8081836157
21199 35100.7311420309
21243 34837.7077942726
21259 33948.5587232105
21437 33777.1988779900
21443 32343.9486662200
21479 31744.2117276448
21561 29180.5526170000
23156 26241.1845864638
23431 21926.5416194507
23987 21540.8190095438
24028 21337.3471761488
24145 21221.2078076523
24197 20795.2487759813
24356 19536.6061169736
24543 19487.2805939371
24608 19093.5701557947
24739 19033.0403730641
24925 18295.1081748392
24996 17771.8840943759
25450 17616.8026489281
25595 17500.2437373413
25660 16269.5314212459
26321 15920.3723641268
26423 14427.2619943804
26861 13183.4786836904
27649 13149.1314040509
27828 12735.3038980299
28125 12641.6060568328
28137 12597.8817223627
28163 12590.4115000719
28168 12524.9623759446
28245 12458.3950512047
28324 12113.4013621296
28331 12112.5798664274
28361 11978.0687002191
28517 11523.5977466018
28600 11469.1185855786
28674 11143.1119697972
28684 11132.4151637375
28875 10924.6975396007
29068 10654.6184714106
29235 10612.5597121940
29258 10357.9040409679
29398 9907.0402964062
29766 9573.6355914557
29944 9332.8580174007
30045 9236.8933238463
30072 8925.7116692455
30361 8779.6111958154
30438 8760.9079725209
30470 8359.1852150758
30687 7882.0589354305
31033 7840.6999124734
31045 7650.7914141219
31251 7571.0097152364
31257 7521.8107991117
31348 6815.4028433766
31729 6589.1154408651
31999 6462.0373285267
32067 6426.4393205255
32231 6250.8760041968
32561 6145.6074527397
32710 6051.8494931050
32758 6012.9509546804
32806 5761.0189193042
32903 5603.5225195679
32998 5588.1960889261
33065 5443.4359340933
33486 5403.6889851319
33534 5324.8272508347
33617 5272.2841295026
33644 5240.6259136718
33666 5210.8299200395
33678 5152.6672840706
33713 5114.7152038101
33741 5073.5054028461
33806 4964.4099757235
33920 4863.0746607146
33947 4844.6908317674
34017 4703.0853015387
34265 4379.1646186524
34279 4306.3494496138
34618 4235.4404166275
34796 4219.6565391250
34815 4165.8890381320
34880 4109.9284515184
34919 4013.4210565488
35183 3914.2830991576
35276 3655.4501216783
35421 3606.2416670860
35504 3597.9385504159
35563 3588.4738185540
35734 3577.5466781692
35772 3528.1080951039
35794 3510.7021848125
35887 3495.4126533196
35940 3455.1775927941
35958 3330.0701117578
36234 3329.2686838006
36353 3314.1192153790
36364 3296.6696339701
36510 3296.0799768012
36521 3181.5098579437
36664 3139.9727095621
36793 3122.6942367203
36890 3029.3528667283
37247 2997.6092622149
37351 2947.9925587722
37357 2936.5424618372
37484 2880.5641854237
37884 2835.4403558689
38170 2798.6529373888
38303 2796.4903272725
38340 2739.3184235888
38391 2727.4087029054
38428 2697.9505302800
38495 2657.1018110006
38901 2604.1165634008
39146 2568.1611097667
39228 2564.0068381225
39251 2514.2660392600
39289 2496.7297868511
39331 2482.0499190282
39451 2394.3638502274
39581 2356.1948580749
39696 2341.5040775571
40064 2339.0981914955
40131 2299.8327588861
40273 2287.2335897344
40314 2246.3942774835
40342 2232.0887593477
40438 2193.5208340378
40812 2193.4079173753
40887 2158.3033270695
41250 2133.2978122609
41352 2089.3028412215
41467 2015.8996875167
41574 1984.0313472594
42006 1972.5202408678
42126 1954.5720774411
42212 1920.7682349365
42407 1915.6859382766
42686 1887.0798880620
42769 1857.8120852600
43274 1839.2857892976
43582 1835.6421158575
43608 1800.4857653366
43843 1782.5637440335
43903 1779.2416249244
43997 1759.7012641580
44023 1744.8457175499
44049 1698.1428464036
44181 1688.2819073519
44202 1664.0625536834
44473 1661.8858526318
44544 1638.0137660434
44636 1636.4581841561
44637 1621.9886851942
44713 1619.5134852002
44940 1606.5580760881
45118 1586.4237658957
45288 1583.9268032414
45428 1563.0048899598
45457 1538.0513679686
45741 1535.0122559491
45789 1504.5734371237
45940 1492.6278094705
46001 1490.3962472696
46096 1489.3688098540
46200 1488.5629233935
46326 1486.9598724014
46493 1472.8685871039
46638 1470.4073636550
46674 1463.1979606761
46734 1463.1837287314
46794 1457.4665717801
46815 1457.3688634747
46834 1454.9810707561
46850 1445.4853877533
46980 1440.8732963286
47077 1440.3711755043
47096 1432.6323593759
47176 1419.8416465546
47465 1382.3669368416
47755 1381.7983866242
48140 1379.7997191010
48155 1359.9144917862
48802 1351.9820981051
48811 1351.2448413729
48837 1336.2493787098
48949 1316.6385752507
48998 1313.0415900734
49227 1311.4054096403
49304 1292.6917169318
49344 1292.5081644850
49413 1270.6775791193
49860 1256.7995935624
50130 1250.2342253439
50157 1248.0011129293
50400 1241.4798481663
50469 1236.7076974246
50581 1234.8886539341
50584 1231.4188910963
50668 1211.5701572221
50707 1208.0574220401
50853 1185.1246586033
50900 1180.2726566077
51102 1173.1790877494
51152 1164.5949647269
51482 1142.5758459392
51797 1141.8679303159
51927 1140.5307954658
51942 1137.0446727566
51961 1127.0704813393
52030 1125.8403470820
52052 1117.7526855815
52170 1111.9430846612
52211 1110.2890020514
52323 1105.2677631407
52458 1102.5399113827
52477 1088.7519965071
52522 1087.6212770787
52823 1083.1110857513
52843 1082.5624775255
52900 1074.2038512116
52993 1074.1787996523
53032 1065.3601773705
53136 1061.4211047545
53164 1058.9974711471
53273 1053.5345015969
53303 1045.3165091487
53604 1040.4213499783
53669 1019.6499760151
53809 1013.0794470159
53944 1010.8190150676
53987 1010.7488005268
54019 1008.1947340462
54042 1006.6034803246
54080 1004.3803841755
54118 996.4548375815
54199 993.5302075359
54258 992.6896366710
54286 963.7081816111
55001 954.7869210286
55008 928.3578114049
55424 917.9309016001
55497 897.1826563866
55788 877.5368180056
55809 871.9328134962
55824 861.3468342770
56026 852.1472520471
56084 851.9304750112
56130 849.1044030528
56289 832.5031540336
56313 823.5160084229
56372 820.4524058414
56397 801.9251432268
56729 788.2861023341
56777 781.4788736049
56934 755.3649541026
57360 718.6087699381
57576 692.7793346415
57822 692.5721122648
58025 691.1786037461
58059 669.4849690137
58075 655.2410323668
58263 651.1217576057
58345 648.3562200326
58462 640.6533992593
58530 640.4666300569
58580 637.9031766806
58583 632.8888357313
58600 632.0709289896
58610 608.2990546391
58666 604.3573799738
58785 596.5044921262
58826 584.4557593737
58836 582.2400548357
58843 578.2669895335
59100 555.8736054114
59105 514.5849174924
59164 514.3054106490
59583 499.9654959509
59689 484.3393407353
59946 444.5071047410
60120 443.1046263652
60396 429.4151206616
60513 425.1275784625
60535 414.9742266492
60538 403.0961751971
60648 380.7836826101
61116 378.6205708830
61299 374.0211844738
61506 343.9029024735
61915 326.3592483624
61919 324.0453283250
62160 301.1383751596
62361 292.6785710261
62369 287.1327933407
62419 279.9026417732
62505 279.1660180338
62538 277.0713276275
62612 276.5566940294
62727 262.0989623137
63018 241.0470030938
63139 222.4425846407
63436 213.5138960535
63508 211.4821752690
63621 209.2805026325
63729 207.1060032929
63774 206.4974501448
64082 204.4893196258
64116 195.5865139348
64186 192.5741371651
64318 189.0864431919
64357 187.7479856344
64434 187.4368341670
64537 183.1426182662
64633 181.5117654275
64814 180.3599783171
64918 180.0279395600
64935 177.3405986198
64938 176.5962490686
64975 170.7300804278
64978 165.0592195462
65041 163.4566473442
65205 159.4492722655
65922 155.6686232881
66041 151.0057056118
66135 148.6543333083
66253 146.0556045743
66254 140.3195382372
66303 139.7215276714
66406 137.7665780124
66835 132.8801416707
66899 130.2115987392
67053 126.8067640134
67088 125.0493101140
67185 122.6322972279
67231 117.7360068093
67435 115.5932826324
67626 114.9702288840
67753 112.7966200065
67819 109.2359440510
68012 109.0581285075
68104 108.0872583944
68239 107.8088263006
68677 107.4093113221
68813 104.2250795772
68825 103.8777285656
68968 101.7633325743
69204 100.8409898418
69482 98.4550156100
69499 97.8003499128
69596 97.2425650731
69597 96.8233584734
69602 96.4136437926
69664 96.3429816761
69679 95.8984683462
69737 93.9935910904
69832 93.5138764909
69851 92.8631489379
69983 91.9418783919
70013 91.0170517645
70105 89.3758527989
70369 89.3495001785
70411 88.7190614696
70451 87.0199114384
70656 86.6011735906
70729 86.0488985446
70777 86.0483641287
70924 84.7015834223
71313 84.6115712105
71340 84.1262659867
71471 82.9720390340
71538 82.4404941772
71639 82.0561235104
71750 81.2494911573
71957 79.6162721324
72494 78.4528585276
72495 77.6361793156
72502 77.4260631092
72734 76.9497747168
72961 75.7643062383
73080 73.6443249160
73459 72.3328829981
73645 72.2963963354
73674 71.4561691562
73802 70.7885429197
73806 70.1071614469
73856 69.9123146551
73970 69.8898041487
73983 69.4387758230
74204 69.1424811396
74258 68.9569407358
74351 68.8089710460
74520 68.5311462278
74571 67.9107770829
74597 66.1621565255
74793 64.3541117000
75409 63.7748930796
75943 62.6344522585
76064 62.5329198046
76193 61.9720248738
76282 61.6998470877
76325 60.8017681386
76432 59.9450421404
76496 59.4454751117
76613 58.8287868505
76625 58.3968344145
76774 57.8279129942
76859 56.8835985701
76893 56.6733849010
76951 56.6227645374
76960 54.3797816786
77091 52.7998330687
77148 52.6251135489
77154 52.1650837036
77190 49.0737646696
77256 49.0438199724
77302 48.5151058970
77458 45.0155628182
78319 43.2763858133
78382 41.3404983264
78420 40.2007199516
78493 38.1386691097
78953 38.0304474463
79074 36.8187910376
79098 35.6616144287
79203 35.0610531267
79320 34.5523101120
79330 33.0368571867
79364 33.0290193033
79465 31.5637168202
79575 30.9602189560
79643 30.9195294296
79756 30.2533645806
79787 30.0224002306
79946 29.8413131586
80001 29.8380974401
80093 28.2911564189
80426 27.6936842205
80538 27.5272898303
80615 27.1526069217
80703 26.7512798692
80823 26.5954776246
81008 26.0886292669
81673 26.0668816279
81710 25.9834696240
81779 25.7408086908
81863 25.6924147845
81883 25.4073519168
82012 25.1251299790
82167 25.0691553009
82195 25.0586796744
82210 24.9703792166
82288 24.9520026811
82318 24.8191012663
82473 24.7496912526
82552 24.7466143358
82576 24.6653208232
82697 24.6064132651
82816 24.5962272002
82843 24.5515722309
82846 24.5194496510
82856 24.3349632926
82977 23.9267715181
83432 23.7827141855
83518 23.6135254424
83685 23.5948425988
83739 23.1808937010
84130 23.0432259827
84167 23.0370669093
84278 22.8696158179
84285 22.6041288431
84470 22.4941498822
84795 22.2447116151
84904 22.0860347033
85087 22.0403671715
85178 22.0171088545
85200 21.8831704909
85379 21.8763585114
85407 21.7844276093
85462 21.6616381076
85534 21.5357551418
85677 21.3212960170
85776 21.2967374099
85866 21.2015402380
85971 20.8859860404
86342 20.8230158199
86363 20.7226043286
86394 20.5364580111
86559 20.4872032148
86632 20.4666160637
86675 20.3719702107
86773 20.2585521303
86817 20.1706829965
86993 20.0680285359
87010 19.6497342357
87097 19.5482437624
87209 19.2754282399
87257 18.8949351645
87271 18.8530289018
87437 18.6066616014
87582 18.2313014554
88091 18.1620369145
88211 17.7018089850
88279 17.5911448346
88297 17.0846839402
88577 16.9572900917
88588 16.8216431325
88832 16.8205877806
88839 16.7200372072
88866 16.6189862673
88887 16.6138878432
88950 16.5891747902
88965 16.1812068388
89201 16.1315046732
89291 16.0683330114
89312 15.7415873756
89364 15.5194982990
89394 15.5194954408
89624 15.5152813954
89661 15.5105888814
89813 15.4213222438
89817 15.4117570968
89953 15.4099716778
89959 15.2959965501
90019 15.2203046263
90215 15.2179296052
90256 15.0661236922
90258 14.9591446337
90488 14.9176939666
90529 14.9151786863
90553 14.8912774924
90573 14.7977921278
90931 14.7973832472
90958 14.7637949617
90991 14.6194148076
91031 14.6083913099
91143 14.5983966769
91456 14.5767588074
91470 14.5391701405
91596 14.5351714195
91657 14.4134335061
91700 14.3438225126
91758 14.3365776181
91822 14.3117446614
92254 14.1950113148
92473 14.1823850139
92500 14.1311143053
92547 14.0431932593
92710 13.9104831476
92868 13.8086659664
92959 13.7768423961
93093 13.7413677978
93095 13.7380794747
93323 13.6776609588
93757 13.5871396134
94094 13.4785725828
94142 13.4779209014
94147 13.4032847985
94217 13.3362116559
94277 13.3285163549
94285 13.2955537002
94316 13.1953642390
94478 13.1386626937
94672 12.9809516613
94783 12.9500484401
94875 12.9422028633
94896 12.9293307436
94932 12.7027631799
95298 12.6846615017
95333 12.6556126151
95344 12.6452156075
95504 12.6263331215
95644 12.6043173402
95655 12.5796715872
95685 12.5619673155
95712 12.5125110582
95949 12.4985835023
95978 12.4851801557
95981 12.3977792764
96026 12.3602356808
96093 12.3278329934
96153 12.3174936170
96318 12.2527847789
96535 12.2444101563
96627 12.2331927177
96668 12.2142311350
96671 12.1851392169
96687 12.1404475694
96827 12.1248368433
96881 12.0965669368
96981 12.0683155688
97461 11.9737295024
97539 11.9022917990
97686 11.8075422611
97825 11.7450142745
97890 11.6135418592
97915 11.6118979052
97958 11.5736391817
97960 11.3958295410
98430 11.2503494782
98633 11.1383933334
98658 10.9956343653
98669 10.9477067238
98839 10.8746714499
98994 10.8060442373
99226 10.7274870919
99367 10.5408838505
99422 10.3906970970
99487 10.3753663882
99522 10.3076342363
99586 10.2590645652
99658 10.2488846121
99734 9.9837839238
99963 9.8993290579
100057 9.8537000857
100192 9.8484877627
100262 9.8199422152
100329 9.8195295375
100340 9.7149145036
100429 9.6245636654
100474 9.5193752617
100559 9.4048208351
100827 9.3871093929
100830 9.2756620143
101258 9.2137555214
101336 9.2132481581
101347 9.1986504705
101482 9.1807512628
101501 9.1753010228
101533 9.1520702867
101543 8.8708334807
101599 8.7495443862
101787 8.7412467980
101859 8.6497436965
101986 8.5385021726
102090 8.4697682901
102096 8.0111100123
102143 7.8210340893
102344 7.8051034648
102540 7.7572534648
102547 7.6179919140
102555 7.5548664044
102675 7.3441687529
102881 7.3348880364
102930 7.2939628584
102982 7.1543374086
103025 7.0232223632
103091 6.9060031660
103131 6.6654624178
103188 6.6270556761
103909 6.5425987863
103954 6.3852495444
103962 6.3731748109
104095 6.1311989133
104137 6.1135132628
104342 6.0909629501
104346 5.9914142663
104551 5.6808403575
104564 5.6358180285
104594 5.4310345807
104904 5.3067084856
104938 5.2886448753
104954 5.1747598912
104961 4.9429366998
105117 4.8458702450
105238 4.8353360632
105256 4.5697165258
105713 4.5562274161
105759 4.5418111673
105791 4.4567388924
105908 4.4106364046
105980 4.2258684939
106199 4.1381918145
106365 4.1197460707
106367 4.0582454126
106517 4.0305758958
106582 3.8467972525
106781 3.6927842213
107124 3.6833979491
107242 3.5905637712
107375 3.4328122270
107403 3.3763762229
107782 3.3401632964
107784 3.3035327744
107964 3.2355124841
107973 3.1801766579
108387 3.1727412653
108483 3.1701334997
108501 3.0921328126
108614 3.0829563002
108659 3.0294589779
108674 3.0282947191
108722 3.0196859788
108723 3.0180392798
108764 3.0069274216
108772 2.9176863645
108863 2.8132523559
109187 2.7239081867
109643 2.7199153688
109669 2.6562601645
109737 2.6550965623
109758 2.5812259145
109789 2.5672350200
109875 2.5610219501
109963 2.5330953742
110014 2.4978672273
110150 2.4948612975
110166 2.4282072192
110230 2.4069519434
110279 2.3996664446
110491 2.3833182149
110502 2.1745030032
110822 2.0426149198
110945 1.9728302902
110981 1.9074212075
111250 1.8461694033
111278 1.8345238917
111287 1.7830564599
111417 1.6638163912
111595 1.6140128913
111742 1.5825457247
111852 1.4357216128
112218 1.4286342098
112370 1.4201861051
112516 1.3673772785
112626 1.3588571285
112640 1.3581450298
112658 1.3384098322
112673 1.3374091376
112692 1.3370057547
112724 1.2507707510
112829 1.2274272605
112868 1.2241551137
112943 1.1769226376
112955 1.1270113523
113125 1.1145500771
113182 1.0818779766
113305 1.0339481833
113417 1.0337258763
113735 1.0149004702
113770 1.0134704709
113868 1.0129705860
113931 0.9888017647
114060 0.9823718271
114159 0.9809809671
114177 0.9763404353
114202 0.9556405396
114261 0.9506377763
114264 0.9353589631
114348 0.8963581185
114618 0.8741227903
114692 0.8678925894
114732 0.8574172102
114746 0.8358350843
115088 0.8347173646
115119 0.8225135353
115214 0.8061556087
115289 0.7706791396
115502 0.7652623908
115505 0.7403603966
116110 0.7291517071
116176 0.6879309947
116193 0.6750229581
116222 0.6033439182
117045 0.5374042690
117097 0.5255430346
117641 0.5254482552
117659 0.5071531279
117717 0.4938700722
117756 0.4677827264
117776 0.4620160707
117817 0.4611896831
117898 0.4326212667
117914 0.4016299686
118098 0.4003022228
118131 0.3996066527
118152 0.3828072317
118161 0.3623394517
118506 0.3548011624
118546 0.3489487976
118619 0.3278466748
118696 0.3277576333
118702 0.3244262148
118772 0.3223971565
118831 0.3193679806
118844 0.3136623416
118909 0.3109356561
118919 0.3031961197
118972 0.3028796158
118994 0.2869887150
119262 0.2840783623
119294 0.2832025122
119336 0.2823375685
119357 0.2747101562
119423 0.2741537521
119431 0.2715111510
119469 0.2705895346
119471 0.2690787963
119531 0.2650588781
119562 0.2608729758
119771 0.2602012635
119780 0.2563176887
120198 0.2548123052
120217 0.2543252531
120272 0.2536324309
120314 0.2451020995
120583 0.2397279689
120778 0.2374645763
121130 0.2354194461
121214 0.2336199934
121300 0.2316610761
121450 0.2315413168
121458 0.2304520895
121498 0.2294772948
121499 0.2219974833
121699 0.2210837083
121745 0.2209344236
121779 0.2200936839
121830 0.2188869183
122045 0.2181421069
122087 0.2180599271
122104 0.2161429791
122182 0.2153392338
122186 0.2131151043
122210 0.2127914438
122262 0.2124515288
122299 0.2101403604
122540 0.2083566401
122630 0.2079683758
122662 0.2077504505
122675 0.2071397136
122707 0.2055755411
122717 0.2050302841
122785 0.2031544343
122971 0.2009908469
123152 0.1970337665
123273 0.1952105293
123329 0.1941491185
123374 0.1912070982
123492 0.1866621794
123668 0.1851513192
123840 0.1772519710
124018 0.1732819243
124278 0.1710596791
124542 0.1654746961
124656 0.1553018138
124852 0.1486768474
125164 0.1452922274
125226 0.1425770542
125287 0.1377288052
125323 0.1372197917
125436 0.1335238214
125485 0.1309087809
125499 0.1264205949
125569 0.1228118109
125664 0.1227286112
125687 0.1209715090
125703 0.1175305918
125716 0.1149525722
125918 0.1147278605
125951 0.1136522442
125997 0.1094136991
126063 0.0997980377
126144 0.0994523534
126243 0.0944663201
126449 0.0941898550
126523 0.0919435770
126566 0.0904468050
126803 0.0883643130
126867 0.0874603400
126886 0.0873991970
126913 0.0860082646
127039 0.0846380678
127067 0.0831676615
127121 0.0819017152
127382 0.0814994352
127416 0.0813437751
127463 0.0807526277
127521 0.0793016131
127625 0.0774304661
127667 0.0770556761
127991 0.0766267309
128020 0.0764313824
128060 0.0763080986
128127 0.0762243476
128153 0.0754517741
128213 0.0753835647
128251 0.0752332113
128304 0.0751905261
128357 0.0744149066
128810 0.0743414383
128814 0.0742704118
128868 0.0739599497
128946 0.0733413073
128967 0.0731012942
129137 0.0727702289
129357 0.0721962170
129427 0.0720144156
129441 0.0714860028
129452 0.0700923646
129505 0.0699447304
129529 0.0681447046
129612 0.0677849668
129827 0.0660496048
129898 0.0659885613
129903 0.0644116757
130993 0.0633426602
131047 0.0620399474
131067 0.0593781783
131221 0.0573856798
131252 0.0568149497
131353 0.0559231372
131416 0.0552476265
131427 0.0547534304
131587 0.0545457739
131617 0.0529852752
131720 0.0527278748
131723 0.0525046847
131736 0.0516934494
131747 0.0506294679
131760 0.0495873737
132039 0.0491678555
132059 0.0488627817
132086 0.0487171395
132183 0.0480583065
132206 0.0471752522
132387 0.0471100739
132424 0.0466312947
132490 0.0462035200
132585 0.0459711796
132613 0.0458517297
132618 0.0454677908
132636 0.0453127336
132832 0.0450027973
132924 0.0440164037
133008 0.0438618830
133010 0.0437257698
133255 0.0436720985
133330 0.0429329442
133368 0.0427713901
133370 0.0426486913
133401 0.0425770635
133413 0.0425024943
133426 0.0417998738
133549 0.0413348758
133783 0.0406259659
133907 0.0389679655
133974 0.0384010091
134267 0.0370772348
134638 0.0355511241
134794 0.0343218259
134863 0.0337308620
134893 0.0309678315
134899 0.0307583450
134932 0.0299513640
134968 0.0296440375
135046 0.0284565004
135553 0.0260553929
135743 0.0254907636
135761 0.0246564626
135783 0.0243997085
135814 0.0231824866
135991 0.0223810768
136026 0.0215761237
136115 0.0214559784
136150 0.0192174939
136321 0.0189801019
136388 0.0185896665
136405 0.0185771369
136473 0.0182659933
136549 0.0180039093
136553 0.0179243448
136616 0.0173494561
136698 0.0170618185
136777 0.0166545309
136894 0.0163975816
136952 0.0161364224
137040 0.0159283547
137061 0.0155410639
137258 0.0154680993
137411 0.0153686570
137475 0.0153641112
137500 0.0152602042
137527 0.0152538212
137679 0.0150204240
137716 0.0150084726
137773 0.0147322270
138112 0.0146439734
138137 0.0146095269
138144 0.0144064005
138170 0.0142204748
138484 0.0141538442
138542 0.0141393520
138602 0.0140918964
138632 0.0140407210
138647 0.0138868411
138660 0.0138745371
138662 0.0138736434
138754 0.0138501071
138770 0.0138435835
138809 0.0138161169
138925 0.0137462155
138942 0.0137402660
138958 0.0137380240
138985 0.0137132368
139040 0.0135995711
139052 0.0135586468
139377 0.0134580781
139385 0.0133750168
139718 0.0133604854
139863 0.0132608894
139951 0.0131708972
139986 0.0130211903
140227 0.0130049387
140260 0.0129913961
140261 0.0127934899
140592 0.0126779341
140649 0.0125776928
140930 0.0125555000
141044 0.0125458309
141155 0.0125136939
141156 0.0124851666
141165 0.0120296799
141246 0.0119506036
141263 0.0119351071
141279 0.0117760907
141352 0.0117367944
141382 0.0116745636
141385 0.0115059026
141447 0.0114254957
141481 0.0113969110
141485 0.0112920146
141508 0.0112632684
141641 0.0109739974
141966 0.0101553201
142054 0.0101318322
142081 0.0100790705
142097 0.0095698952
142145 0.0093854411
142151 0.0093480079
142190 0.0093218801
142229 0.0091831840
142468 0.0087818110
142857 0.0075871303
142950 0.0072729376
143171 0.0072010302
143258 0.0067808922
143265 0.0063739409
143411 0.0063325299
143443 0.0057487602
143830 0.0055260267
143832 0.0053726602
144149 0.0053357196
144164 0.0052572310
144167 0.0052481943
144228 0.0052431849
144239 0.0051020769
144336 0.0050855944
144355 0.0047416671
144397 0.0045716438
144480 0.0045098770
144631 0.0043382225
144890 0.0041459404
145006 0.0040725201
145134 0.0039072062
145183 0.0036178975
145205 0.0034089439
145760 0.0031504374
145982 0.0030948078
146223 0.0030699905
146278 0.0030400613
146291 0.0030396264
146306 0.0030388697
146331 0.0029907794
146334 0.0028301104
146458 0.0027688265
146471 0.0027516804
146533 0.0027261437
146559 0.0026641497
146609 0.0026386799
146615 0.0026210804
146647 0.0025222122
146956 0.0024573879
147274 0.0024274568
147296 0.0024111333
147318 0.0024034840
147348 0.0023611725
147409 0.0023228536
147462 0.0022801078
147543 0.0022458305
147634 0.0022254455
147679 0.0022116310
147682 0.0022082522
147702 0.0021940781
147818 0.0021803733
147968 0.0021782622
148034 0.0021766800
148048 0.0021631727
148126 0.0021456663
148276 0.0021394291
148382 0.0021271984
148464 0.0021173098
148479 0.0021005214
148599 0.0020841735
148625 0.0020696443
148717 0.0020151873
148963 0.0020079994
149185 0.0018763316
149404 0.0018320820
149888 0.0018159368
149977 0.0017886325
150017 0.0017507102
150062 0.0017483977
150067 0.0017082540
150074 0.0016975096
150169 0.0016878424
150199 0.0016820489
150239 0.0016527677
150282 0.0016485679
150298 0.0015809823
150338 0.0014475861
150586 0.0014082728
150646 0.0014032353
151096 0.0013458295
151141 0.0013399262
151357 0.0013382797
151358 0.0013276174
151598 0.0012824629
151600 0.0012262728
151655 0.0011969280
151730 0.0011784543
151743 0.0011398362
151864 0.0011108522
151980 0.0011012144
152211 0.0010681113
152216 0.0010639484
152314 0.0010299688
152537 0.0010231861
152608 0.0010029045
152673 0.0009822883
152677 0.0009502774
152916 0.0009483767
152928 0.0009429785
152940 0.0009405517
152944 0.0009132624
152998 0.0009025215
153048 0.0008649643
153135 0.0008617400
153156 0.0007912092
153176 0.0007826540
153196 0.0007009524
153218 0.0007008097
153260 0.0006102850
154447 0.0005800878
154517 0.0004914593
154520 0.0004561434
154575 0.0004114173
154736 0.0003927508
154833 0.0003723863
154843 0.0003686216
154846 0.0003218748
155021 0.0003005626
155053 0.0002905633
155067 0.0001921623
155178 0.0001863735
155263 0.0001757503
155306 0.0001745782
155327 0.0001472596
155448 0.0001151746
155525 0.0000821628
155802 0.0000804884
155816 0.0000802770
155878 0.0000779048
155925 0.0000629022
156058 0.0000623720
156064 0.0000602186
156069 0.0000494151
156123 0.0000428602
156242 0.0000423219
156305 0.0000372140
156332 0.0000350030
156401 0.0000342664
156414 0.0000277030
156548 0.0000263146
156636 0.0000240593
156724 0.0000240091
156725 0.0000207597
156745 0.0000151889
156908 0.0000124437
156967 0.0000116191
157160 0.0000111283
157169 0.0000103019
157245 0.0000100461
157339 0.0000095612
157355 0.0000094632
157386 0.0000084797
157551 0.0000080501
157595 0.0000078364
157622 0.0000070881
157752 0.0000066280
157774 0.0000045427
157932 0.0000040731
158031 0.0000033632
158061 0.0000025297
158372 0.0000021124
158434 0.0000018399
158439 0.0000018022
158567 0.0000016541
158588 0.0000016220
158606 0.0000013400
158711 0.0000013207
158735 0.0000012308
158758 0.0000010075
158921 0.0000008291
159020 0.0000008181
159057 0.0000006360
159084 0.0000004340
159321 0.0000004276
159343 0.0000003548
159381 0.0000003015
159466 0.0000002833
159479 0.0000002751
159564 0.0000002070
159644 0.0000001920
159738 0.0000001856
159763 0.0000001785
159831 0.0000001738
159853 0.0000001683
159920 0.0000001618
159978 0.0000001499
159983 0.0000001345
160010 0.0000001259
160046 0.0000001165
160148 0.0000001014
160174 0.0000000939
160188 0.0000000788
160215 0.0000000774
160274 0.0000000695
160317 0.0000000658
160396 0.0000000657
160412 0.0000000613
160461 0.0000000530
160487 0.0000000486
160536 0.0000000405
160572 0.0000000394
160696 0.0000000377
160754 0.0000000368
160757 0.0000000363
160781 0.0000000282
160828 0.0000000272
160833 0.0000000263
160868 0.0000000257
160898 0.0000000163
161088 0.0000000162
161105 0.0000000145
161233 0.0000000132
161274 0.0000000129
161280 0.0000000112
161361 0.0000000098
161415 0.0000000093
161479 0.0000000085
161574 0.0000000066
161577 0.0000000063
161629 0.0000000061
161665 0.0000000061
161686 0.0000000050
161691 0.0000000049
161859 0.0000000043
161926 0.0000000036
161999 0.0000000032
162067 0.0000000031
162084 0.0000000031
162090 0.0000000030
162117 0.0000000030
162127 0.0000000029
162149 0.0000000028
162193 0.0000000025
162210 0.0000000023
162250 0.0000000019
162307 0.0000000018
162376 0.0000000016
162398 0.0000000016
162427 0.0000000015
162460 0.0000000011
162564 0.0000000009
162644 0.0000000008
162779 0.0000000008
162780 0.0000000006
162956 0.0000000006
162993 0.0000000006
163040 0.0000000005
163059 0.0000000005
163081 0.0000000005
163117 0.0000000005
163130 0.0000000004
163131 0.0000000004
163194 0.0000000003
163313 0.0000000003
163321 0.0000000003
163351 0.0000000003
163356 0.0000000002
163424 0.0000000002
163617 0.0000000002
163631 0.0000000002
163728 0.0000000002
163734 0.0000000001
163818 0.0000000001
163852 0.0000000001
163914 0.0000000001
164036 0.0000000001
164111 0.0000000001
164133 0.0000000001
164144 0.0000000001
164175 0.0000000001
164181 0.0000000001
164193 0.0000000001
164245 0.0000000001
164357 0.0000000001
164399 0.0000000001
164433 0.0000000001
164517 0.0000000000
164522 0.0000000000
164552 0.0000000000
164617 0.0000000000
164671 0.0000000000
164713 0.0000000000
164757 0.0000000000
164775 0.0000000000
164843 0.0000000000
164957 0.0000000000
165058 0.0000000000
165087 0.0000000000
165095 0.0000000000
165215 0.0000000000
165277 0.0000000000
165290 0.0000000000
165297 0.0000000000
165312 0.0000000000
165331 0.0000000000
165458 0.0000000000
165602 0.0000000000
165665 0.0000000000
165704 0.0000000000
165749 0.0000000000
165837 0.0000000000
165844 0.0000000000
165865 0.0000000000
165935 0.0000000000
166076 0.0000000000
166103 0.0000000000
166130 0.0000000000
166313 0.0000000000
166450 0.0000000000
166508 0.0000000000
166546 0.0000000000
166582 0.0000000000
166661 0.0000000000
166681 0.0000000000
166760 0.0000000000
166819 0.0000000000
166820 0.0000000000
166936 0.0000000000
167017 0.0000000000
167122 0.0000000000
167138 0.0000000000
167166 0.0000000000
167199 0.0000000000
167236 0.0000000000
167343 0.0000000000
167454 0.0000000000
167537 0.0000000000
167667 0.0000000000
167721 0.0000000000
167824 0.0000000000
167863 0.0000000000
167883 0.0000000000
167936 0.0000000000
167972 0.0000000000
168154 0.0000000000
168304 0.0000000000
168306 0.0000000000
168336 0.0000000000
168403 0.0000000000
168425 0.0000000000
168434 0.0000000000
168752 0.0000000000
168761 0.0000000000
168903 0.0000000000
169008 0.0000000000
169239 0.0000000000
169504 0.0000000000
170311 0.0000000000
evaluations raw_y
1 35173903.9062368944
5 19436205.3196306936
16 10171632.1109021399
68 9848427.4296953902
70 8914775.5424223710
71 5751887.1488774884
86 5690305.1846288508
100 4273071.8008827902
200 3310547.7510334128
319 2099284.6127394531
333 2051047.3102211121
541 1739819.0157683555
694 1454565.2162623936
705 1250934.7742441781
801 1147036.1187925530
816 1009005.3389492333
831 933921.9065867226
855 735511.9086647549
1146 733386.9411377023
1178 678341.3125433148
1327 565611.1853235411
1799 381622.1519864762
2731 369156.5557657091
2856 355770.8472784658
2876 318860.4723651811
2918 277223.0155222106
3111 270746.9818347867
3260 247575.4196250924
3763 245552.2095572981
3823 203418.5684592246
3900 196052.6199498618
4038 193329.5575694636
4543 186685.6966070990
4827 176981.0877917353
4878 172361.8366900299
4995 165768.4571489954
5157 165639.6617684820
5189 156665.9780607880
5318 150515.6654788899
5624 147449.4530220930
5655 142941.3587029527
5862 136963.5332910166
5947 134205.4558297891
6075 132664.4552857445
6092 114184.2696177019
6665 114047.5046425720
6676 112813.9940334742
6812 111914.6070274997
6813 109398.3713002942
6935 109145.3012850957
7094 108915.2736648675
7147 107661.6766596351
7193 107634.8576524659
7223 106056.5499601831
7275 103434.3953126575
7375 98220.0628884592
7471 92298.8499544121
7638 90304.7203362933
7813 86554.7000618128
7957 85886.5433433838
8434 82355.7167171854
8701 77810.3092426425
9727 75076.4715164239
10156 75038.3406237601
10162 74242.7664923321
10534 74055.5688887153
10702 73332.3218444728
10960 73161.5524440313
10979 72559.2575880595
11012 72490.8418017281
11344 70060.3505691644
11692 69959.5378231202
11773 69927.3801614283
12226 69798.1571388128
12312 69567.5901801267
12314 69405.2320166308
12320 68803.3855466368
12400 68603.2271081996
12505 67007.5618651632
12617 66648.1284931269
12774 66255.0366540240
12857 65777.0901859214
13009 65186.7315560945
13068 64625.6903809428
13366 63855.0291824447
13457 63506.3299295988
13753 63043.4920642139
13755 62606.7814191634
13815 62222.9654844875
13960 62047.8729876446
13980 61057.8104087669
14072 59706.3570009500
14176 57871.6606550303
14296 56940.0290231870
14408 55987.3019184098
14471 52771.7381513541
14824 50883.3427326359
14907 50268.7248176826
15013 47086.3378694852
15066 46053.5131361611
15180 45654.0301713362
15561 39836.8829776530
16146 38573.4148322743
16250 36975.2689977158
16358 35161.4488283881
16574 33492.7698688471
16599 32764.9155798588
16613 32548.9545400549
16691 31070.2703318215
16778 30475.9004189201
16784 29538.6741337093
16926 27104.1914271210
18477 26146.6555923951
18776 25517.2896957028
18917 25427.6450547137
19037 23390.8870846534
19139 22774.6017864429
19265 20987.1890914714
19269 18845.9788220517
19863 18291.3346665987
19873 17777.6987771503
20129 17498.4718112132
20243 17293.8685429518
20529 17272.4816383372
20598 16948.6942361615
20793 16380.6420647638
20915 15685.6259898854
21052 15540.3410464927
21098 15107.0126502971
21100 14542.6387030662
21246 14442.6156250569
21341 13516.4860001667
21955 13512.8161998419
22147 13103.2695265001
22443 12822.6781576834
22554 12759.6296345574
22939 12123.0659364509
23320 11475.2627754477
23520 11074.3522171105
23523 10982.4129015146
23608 10736.0710004261
23999 10420.5748780758
24120 10240.8577648922
24145 10138.8867530806
24174 10007.5037069553
24623 9983.1372110637
24820 9617.8225593662
24954 9492.4018323223
24997 9366.2422179139
25035 9322.9024510172
25355 9314.4460788324
25378 9112.1100617112
25514 9059.2405519299
25540 8963.8179006923
25862 8952.9884717292
25898 8933.7676521715
26025 8907.0007254716
26029 8849.5878211518
26087 8845.9710900918
26102 8844.4219341793
26118 8806.4023986697
26335 8772.9803656610
26377 8741.4348592228
26468 8629.7417378496
26470 8593.4208369582
26527 8420.2791002797
26682 8412.2516034308
26843 8341.4090680450
27403 8123.3108848888
27517 8118.2040644800
27608 7936.3505553980
27838 7890.8705331317
27900 7832.6657504023
28076 7795.1665303661
28514 7783.1307139161
28673 7738.8638152515
28880 7732.4216421119
29034 7606.3043190224
29144 7606.2702880557
29175 7596.2072649414
29255 7530.5437951276
29350 7514.7384063080
29367 7450.0776613100
29515 7441.5888748081
29912 7401.8174508338
29962 7294.0029731279
30158 7264.0573285254
30650 7196.4799613730
30746 7150.3802763036
30819 7072.7782352836
30889 7032.8236400988
31034 7001.6585862074
31069 6974.1364205137
31122 6914.7906390665
31180 6896.5922679768
31215 6875.1594950762
31251 6866.5140873566
31269 6804.8047634823
31348 6761.2310458572
31511 6638.0292783015
32304 6618.7331174180
32347 6571.3070814120
32391 6566.9845255224
32561 6550.3972985852
32563 6474.9913075097
32689 6467.6214537749
32832 6392.4866595099
32915 6282.5251216930
32960 6156.4066819625
33158 6059.2569833860
33350 5821.2572846714
33449 5790.1474775112
33543 5693.4512051791
33674 5655.3389671719
34284 5541.3637974424
34430 5401.8891539772
34525 5311.0635893253
34721 5309.9468728609
34757 5096.2019713203
34977 5061.8870568349
35141 4964.9080349351
35303 4866.3107998126
35369 4728.3911508647
35514 4720.0324600549
35598 4668.5279751301
35661 4473.3411344498
36005 4406.7618931277
36186 4320.9927080883
36541 4293.9257120325
36569 4282.2721767290
36642 4234.3002692218
36645 4143.1532375986
36786 4135.4758457611
36848 4021.7535199558
37156 3999.7295244252
37362 3933.7583413877
37368 3912.2642392549
37591 3881.9659132222
37657 3875.7904245826
37680 3735.5085962637
38597 3731.9392997277
38648 3676.7130574951
38853 3675.1397149687
38888 3611.7069517673
38906 3605.4800628179
38925 3591.3784061016
39018 3579.8012546664
39128 3528.5605464123
39351 3467.3550058839
39631 3432.4159629604
40023 3370.6932180414
40090 3324.4169972852
40252 3323.8777240225
40280 3228.3124691127
40573 3176.4045075552
40895 3098.5365618320
41252 3081.4611584470
41316 2938.1083909513
41365 2791.8647357301
41474 2741.3963699429
41830 2703.3069005418
42646 2591.6651155054
42721 2587.7964784272
42736 2443.0180649162
43797 2433.3376568960
43843 2427.2565185802
43914 2420.9235038864
43923 2405.4408722057
43924 2346.0358536687
43985 2318.0286899793
44036 2314.1729809208
44181 2308.4449057715
44222 2280.4625079264
44228 2271.9960932600
44255 2268.1874603588
44268 2241.0140964821
44282 2161.3116350440
44502 2150.5833535668
44507 2129.5132356650
44523 2094.7513982742
44951 2029.2270315855
45596 1972.5711092832
45655 1962.6594263680
45754 1944.9657543621
45761 1913.5103520310
45909 1908.5059905583
45997 1870.5962599160
46321 1850.9835028146
46364 1835.6476788828
46530 1823.1341864801
46859 1816.5505705915
46863 1796.0285586802
47005 1725.1301099325
47593 1719.6956080728
47673 1713.0922268920
47718 1702.5176307474
48025 1695.6327166248
48030 1689.2263819157
48103 1623.7094314408
48141 1618.5966480401
48633 1600.0977417771
48950 1595.3119516254
48955 1587.4521477648
48957 1499.0183608977
49568 1489.3618291093
49749 1484.1801552871
49840 1465.1239214166
49909 1428.1367142567
50039 1419.0650482931
50332 1395.6526159158
50426 1390.5152915565
50493 1341.0477850475
50601 1284.1742413934
50680 1276.9185687674
51062 1253.6731757414
51117 1191.1121599017
51272 1157.3521034607
51378 1143.3818610391
51584 1139.7581925406
51630 1107.4548912332
51962 1077.6059037629
52070 1071.4176816520
52247 1059.0017916882
52530 1016.1102773734
52810 1006.2763809599
53054 1000.4213273853
53061 997.8316684732
53378 996.3293989543
53463 988.9845456452
53540 985.2860915429
53614 965.7637750030
53675 953.9976387288
53751 925.0378857148
54167 923.9511485731
54203 917.3958115156
54226 916.5538926076
54267 896.4925268816
54681 864.6592884316
54764 858.6504344747
54777 855.5490293719
55005 844.2708324156
55238 842.3645318068
55331 841.3265776959
55434 824.9473663505
55524 821.0078606425
55603 805.9439305482
55623 799.5453551089
55650 795.4738073666
55752 787.2443145438
55756 770.3996019846
55808 763.2096953286
56304 735.5847058404
56525 733.9738619521
56696 715.6977645258
56764 697.1193833867
56768 683.6927798715
56935 681.7594178453
56971 678.0388670349
57060 674.0836895804
57114 648.4457446138
57255 648.3774179478
57296 642.3309403758
57345 638.7199954144
57715 624.1354605370
57723 611.3663964922
57897 608.5988122173
58005 589.2720176256
58164 581.3218682537
58216 577.9581345280
58518 553.0249761948
58551 551.0596553789
58604 541.8384092448
58617 534.8717648560
58724 516.8072306940
59089 503.7058405302
59325 501.8874021730
59540 500.7656509415
59628 495.1574005304
59631 490.1512873794
59649 488.7166285255
59845 461.3696853901
59893 456.2239028051
59958 450.8210380340
60095 418.5020312851
60540 412.5804268343
60547 412.0092363493
60749 402.1689837383
61132 395.6197594820
61247 395.2851298863
61253 387.3481102531
61390 387.0612360815
61439 368.2894683413
61576 365.8822565886
61598 352.2784028333
61651 346.0966799785
61711 325.0357532430
62397 316.9579717871
62542 309.9678268049
62897 307.2687815030
63021 289.0249104022
63092 286.1675197757
63562 282.2682050881
63869 277.3672555508
63948 274.1390588301
64164 269.3996003508
64180 265.1722045193
64594 261.0399732194
64664 259.3619794207
64681 257.5283118558
65518 254.2988413580
65832 248.2267543462
65936 246.1999392369
65948 245.6497331705
65969 229.2449561910
66404 228.6791127431
66476 225.5394641459
66531 223.1572077100
66863 220.1915836051
67117 215.8121003324
67377 210.8334355992
67734 209.2750439963
67930 208.6189933751
68006 206.4890023871
68266 205.5296132195
68328 199.9546809280
68526 199.1065253314
68884 197.3242814119
68919 197.1933891846
68922 196.1511746906
68946 195.3793737646
68973 192.8690354381
69498 192.2974205263
69552 191.8884845675
69569 189.5254161494
69627 186.3741783044
69878 184.6934254535
69911 184.4306095637
70073 184.1284714065
70074 183.9928380060
70798 181.9034236919
70920 177.5618982916
71032 176.6002888046
71224 175.9666015749
71239 175.3341221238
71354 171.9750956249
71573 171.1351377072
71727 169.5631506046
71749 168.8266994934
71868 167.3369985286
72052 167.2160633048
72234 166.9128666683
72287 166.0764946677
72291 165.0660608859
72392 163.2476292769
72435 163.1767590552
72452 163.1241763878
72482 162.0529297493
72545 161.1223787690
72599 160.2397524637
72883 159.4863146836
72951 158.5632685581
72980 158.5487324404
72990 158.3194498764
73026 158.1583395728
73054 157.7427255308
73085 157.3529760948
73212 156.0683615018
73315 155.3310683911
73439 153.9041781912
73558 152.1793758642
73931 152.0201787585
73955 151.7796582512
73963 151.2115304060
74042 148.2535343982
74147 145.7956454246
74280 145.4371041035
74424 144.2171772642
74428 143.5991669348
74594 143.5711691284
74677 143.2646684606
74792 143.0447807098
74819 141.5640633940
74936 140.2759241212
75037 137.9264555036
75435 134.6053020342
75703 132.3171743191
75789 129.5868890068
75908 129.2224839856
75944 128.2011458435
76058 127.5892749883
76106 126.1307324501
76206 125.0169516642
76612 120.0464990378
77400 119.8999259453
77438 118.7647830061
77464 117.7166245909
77529 113.3181143734
77869 112.5260774096
77955 111.3222290019
78129 111.0478431898
78202 109.7646362386
78283 109.7112458182
78284 107.3023259174
78490 105.3619685755
78591 104.6546689155
78651 103.6375976863
78865 101.9185256145
79279 101.6326988988
79376 100.9859085605
79455 100.8186813362
79508 100.4284956368
79652 99.9882864534
79681 99.4472475631
79736 99.3127892505
79842 98.8459385476
79950 98.7559959392
80019 98.6232300766
80022 98.0873369239
80032 97.9042280018
80053 97.6381495119
80162 97.2847392890
80379 96.9340426007
80486 96.6973058484
80696 96.3567096829
80704 96.0516365298
80836 96.0314210901
80839 94.8909479933
80893 94.1216794413
81007 93.8787583735
81081 93.5913532125
81179 93.2429738121
81270 92.6479282065
81388 92.4340128849
81466 91.6794156890
81479 91.4830989791
81515 90.6701604063
81680 90.3187168607
81940 90.2418850044
82066 89.2634724256
82229 87.4186823621
82496 87.3269585894
82572 87.2075757141
82673 86.9749207300
82951 86.8381564656
83154 85.0779466596
83376 84.6411881906
83465 84.0440890823
83499 82.7885201817
83572 82.3866562595
83589 82.3023162032
83653 81.1429534740
83805 80.4377510815
83816 78.3097703038
84308 76.5812831785
84386 76.5264626452
84469 76.4947844120
84505 76.4627152491
84507 75.0164179837
84582 74.3125578497
84690 74.1645456361
85220 73.4831171598
85273 70.9535602672
85592 70.8750905576
86197 65.4980880689
86254 63.8153484018
86449 63.8002643829
86487 63.4420493645
86500 63.2956804481
86510 62.0071016783
86574 61.7165277894
86598 61.2785409728
86619 59.9377792170
86833 56.4269164759
87167 54.1165080542
87258 51.4941574559
87488 49.0379251006
88061 47.9000213279
88150 47.7088711960
88224 47.1183051864
88367 46.8789520291
88400 46.3278029028
88423 44.6151864008
88604 44.4383082054
88637 43.9690494481
88705 43.9233797885
88712 43.7136438021
88747 43.0288044591
88888 43.0034869865
88915 42.8649153483
88959 42.8330004910
89055 41.3965363441
89168 41.3439494700
89269 40.9764471111
89310 40.7373772706
89428 39.7858204318
89625 38.9579750411
89872 38.6353898568
90080 38.2078825897
90428 38.0352323146
90521 37.8446163636
90606 37.2477547538
90760 37.1570645640
90864 36.8448844372
91281 36.3813732065
92248 35.9426295700
92257 34.4787238642
92503 34.0026553920
92609 33.8823369332
92624 33.7024439500
92679 33.0980705174
92906 32.8363429286
92978 32.4816816405
93084 32.3760916762
93085 31.7137888085
93126 31.4046883996
93128 31.1985576612
93189 30.9686535349
93279 30.6849002886
93297 28.5293616700
93786 28.2878910297
93863 28.2583476686
93981 27.1836164060
94076 27.0510158216
94146 26.9430067034
94235 26.5463213083
94435 26.3628731332
94490 26.2483438409
94603 26.1047167921
94620 26.0783903645
94621 25.6756449626
94661 25.5800854055
94695 25.2958538734
94748 25.2429729215
94794 24.6964478744
94890 24.3902891850
95015 24.2177136384
95354 23.9895388868
95410 23.5362734048
95478 23.4972382381
95543 23.1249198698
95884 23.1012678370
96031 22.7685629327
96117 22.3016683505
96274 22.0803391473
96352 22.0556992136
96459 21.9309968245
96696 21.7867779994
96796 21.4016789523
96817 20.9821453495
96993 20.9513593259
97013 20.3884184570
97014 20.2886493095
97220 19.7923708353
97239 19.6658318626
97336 19.6358596831
97490 19.5412482690
97522 19.3987725645
97538 19.3798143743
97635 19.0232113096
97668 18.6667847288
97781 18.3340879885
97945 17.9319228592
97970 17.6914752901
97994 17.6573151047
98339 17.5608273802
98368 17.4236676325
98425 17.1930440528
98435 17.0877876046
98534 16.8837951844
98701 16.8369405292
98711 16.3600999032
98878 16.1576277875
99003 16.0324417555
99038 15.7472950388
99136 15.5343672446
99245 14.3666537470
99291 14.3305927064
99327 13.9960050880
99394 13.5020407124
99865 13.3650989236
99999 12.6906748169
100280 12.6589853215
100441 12.2026532412
100644 11.9403230405
100740 11.7375969557
100749 10.8611651388
100796 10.3663372538
101024 9.9852136011
101236 9.5938039349
101287 8.9837654943
101362 7.9413882932
101952 7.3971023361
102184 7.1844021129
102188 6.6396691612
102451 6.5716537022
102776 6.2626091774
102788 6.0351523258
102822 5.4470255872
103048 5.3397468319
103308 5.2987152390
103364 5.1640454067
103446 5.1339970755
103460 4.9710478063
103575 4.9637893089
103585 4.9554061562
103605 4.8706623059
103636 4.7793675564
103653 4.7294999807
103667 4.3842528687
103722 4.3365042833
104014 4.2836914870
104146 3.9411837926
104488 3.8759642043
104580 3.7417881199
104748 3.6706998076
104824 3.5878242406
104921 3.5536049434
104977 3.5347320482
104984 3.5067047489
105014 3.4586280548
105030 3.2922840577
105432 3.1480346560
105764 3.0952071144
105867 3.0657749430
106013 3.0640094347
106099 2.9508914963
106237 2.9364295000
106276 2.8879581641
106281 2.8857738240
106293 2.8209831059
106349 2.7697151191
106406 2.5725968509
106716 2.4504484574
107051 2.4421367917
107112 2.3548993191
107259 2.3498428229
107388 2.3042873585
107407 2.2912234345
107853 2.2260445161
108095 2.2101724079
108108 2.1998140725
108132 2.1902045232
108135 2.1847378677
108190 2.1830267174
108217 2.1534271344
108253 2.1451013424
108262 2.1076232654
108383 2.0809543099
108509 2.0649300209
108714 2.0382654011
108979 2.0351524435
108997 2.0122173831
109092 1.9930032395
109137 1.9915784719
109206 1.9904608804
109241 1.9825864698
109259 1.9813232514
109280 1.9750868588
109330 1.9704983302
109425 1.9519767931
109571 1.9483871782
109593 1.9375542502
109630 1.9287518102
109698 1.8797179922
110162 1.8794412589
110338 1.8791041266
110442 1.8498966878
111211 1.8447537539
111327 1.8039334947
111654 1.7688152587
111722 1.7685511956
111756 1.7667604855
111764 1.7430304831
111805 1.6929569786
112218 1.6461737401
112456 1.6395335640
112491 1.6107253395
112561 1.5957146295
112568 1.5929254775
112593 1.5832314170
112603 1.5659170707
112658 1.5501705623
112661 1.5456367591
112708 1.5065807490
112794 1.4977399249
113081 1.4434524046
113433 1.4009620340
113660 1.3854595360
113688 1.3788024651
113766 1.3680938898
113803 1.3659082846
113911 1.3643146039
113951 1.3604737485
113967 1.3561990525
114081 1.3515804667
114114 1.3292082627
114552 1.3265726083
114566 1.3260824272
114612 1.3257692885
114680 1.3094732359
114739 1.2877619250
114867 1.2866042968
115010 1.2827370896
115095 1.2809177252
115170 1.2583802040
115568 1.2528658701
115576 1.2510414394
115597 1.2504343364
115625 1.2502856905
115644 1.2306252574
115712 1.2294185124
115732 1.2179150655
115735 1.2145845980
115911 1.2047688384
116135 1.1997254286
116275 1.1918484944
116305 1.1841014294
116641 1.1786916786
116717 1.1771565566
116799 1.1520102470
117083 1.1504465033
117126 1.1441732320
117223 1.1412479333
117266 1.1330689558
117345 1.1207122484
117447 1.1130850651
117491 1.1039669309
117528 1.0709141294
117902 1.0705873933
117930 1.0041248568
118255 0.9451764375
118492 0.9309369526
118589 0.9093180224
118639 0.8460635907
118900 0.8173338110
118984 0.7901458905
119186 0.7660535176
119250 0.7609737612
119280 0.7556942706
119329 0.6963986504
119442 0.6470864013
119889 0.6372972857
119909 0.6244878231
120125 0.5887435779
120152 0.5017631146
120258 0.4616787956
120487 0.4487095695
120624 0.4166010717
120676 0.3972870441
120719 0.3373771654
121061 0.3152351766
121080 0.3093748490
121151 0.2960125478
121187 0.2850563336
121220 0.2658517343
121224 0.2225981261
121309 0.2074583411
121500 0.2057419691
121505 0.2018161534
121508 0.1968458998
121541 0.1953434049
121590 0.1849532630
121608 0.1840362311
121664 0.1421169017
122011 0.1236276185
122213 0.1219874348
122241 0.1179714811
122251 0.1120676265
122309 0.1108701117
122329 0.1087402984
122364 0.1063515988
122466 0.1033074163
122651 0.1020787378
122660 0.0929817961
122778 0.0895412139
122955 0.0872152565
123018 0.0859278592
123134 0.0852912335
123140 0.0842551678
123195 0.0830220282
123268 0.0828415594
123288 0.0819890396
123320 0.0788209373
123807 0.0785903451
123847 0.0782434743
123853 0.0775207021
123932 0.0770071428
123970 0.0760636574
123986 0.0748965925
124241 0.0748286879
124260 0.0748168277
124266 0.0747132661
124324 0.0731488132
124584 0.0728705475
124643 0.0728463674
124656 0.0718471010
124706 0.0718356624
124758 0.0715676610
124760 0.0714309270
124852 0.0713382652
124869 0.0712375983
124881 0.0708047662
124945 0.0707864023
124970 0.0701621553
125324 0.0697560818
125365 0.0689903191
125550 0.0687842489
125558 0.0680646376
125680 0.0674333476
125787 0.0673345246
125856 0.0667341593
125890 0.0666766315
126057 0.0659291535
126237 0.0658263911
126281 0.0652944357
126431 0.0648730142
126861 0.0646916815
126890 0.0637922534
126927 0.0634393532
127229 0.0632072249
127250 0.0617220556
127302 0.0608519175
127345 0.0602970938
127580 0.0602111180
127637 0.0592397514
127760 0.0582030981
127994 0.0572503183
128062 0.0569497231
128145 0.0540877465
128360 0.0535979806
128469 0.0530459102
128605 0.0522181622
128673 0.0521873543
128691 0.0509395478
128744 0.0494229246
128939 0.0486946086
129103 0.0483711021
129236 0.0466662511
129281 0.0461604934
129288 0.0448267435
129367 0.0446788765
129382 0.0431872821
129445 0.0420130687
129488 0.0414174959
129722 0.0409325029
129798 0.0407644262
129849 0.0386090273
129994 0.0385906016
130054 0.0380550946
130079 0.0373284724
130130 0.0371839860
130188 0.0369083463
130189 0.0365751967
130230 0.0361672323
130232 0.0351096641
130427 0.0344367349
130452 0.0340489854
130534 0.0325522345
130899 0.0305954261
131403 0.0299090169
131465 0.0289771897
131505 0.0282875235
131511 0.0281156665
131525 0.0275520244
131545 0.0274361582
131632 0.0269090867
131656 0.0244419474
131887 0.0241356524
131905 0.0238092964
131946 0.0236959845
131986 0.0236108684
132095 0.0232934922
132118 0.0229787507
132183 0.0215846976
132243 0.0212283096
132561 0.0205778747
132606 0.0203666811
132923 0.0200342398
132956 0.0196973298
133050 0.0194749850
133293 0.0194054575
133339 0.0194008852
133345 0.0192206146
133421 0.0191044729
133486 0.0188146571
133488 0.0187835730
133783 0.0186526607
133995 0.0185705236
134031 0.0180816030
134269 0.0178466301
134452 0.0171249079
134522 0.0168102556
134709 0.0165880211
134750 0.0159562900
134881 0.0156962537
135176 0.0155921742
135300 0.0153614138
135371 0.0147052695
135907 0.0143474251
135943 0.0143198561
135960 0.0143142164
135974 0.0140278644
136011 0.0139516116
136098 0.0138644644
136179 0.0136316512
136203 0.0134584441
136239 0.0131591313
136240 0.0126916948
136355 0.0125133201
136375 0.0115903665
136466 0.0115269196
136492 0.0107480560
136619 0.0105996202
136693 0.0103367239
136699 0.0099330298
136962 0.0098602410
137085 0.0089460150
137176 0.0088898893
137267 0.0088868107
137305 0.0082982232
137498 0.0082853795
137592 0.0081405285
137598 0.0080913928
137679 0.0080047861
137686 0.0079824237
137691 0.0079031817
137719 0.0077873831
137736 0.0077585693
137793 0.0076737765
137833 0.0074974163
137931 0.0074512926
138037 0.0072726400
138163 0.0071269263
138569 0.0070513684
138753 0.0070379576
138769 0.0069295543
138876 0.0068770504
138976 0.0068642815
139078 0.0068433120
139112 0.0067713398
139154 0.0065926500
139359 0.0065691495
139564 0.0065606460
139586 0.0065477933
139609 0.0065344235
139689 0.0064535250
139726 0.0064440411
139737 0.0064247503
140025 0.0062425325
140250 0.0062206758
140429 0.0062103234
140462 0.0060374976
140600 0.0058418039
140802 0.0058110012
140966 0.0057431014
141002 0.0056939292
141127 0.0055360678
141392 0.0054921214
141589 0.0054387993
141725 0.0054038807
141730 0.0053715618
141775 0.0052942850
141813 0.0052821774
141863 0.0051948259
141936 0.0050718968
141963 0.0048155487
142119 0.0046002911
142277 0.0043410052
142312 0.0042705559
142374 0.0040853970
142444 0.0040811263
142563 0.0039048631
142717 0.0033925404
143134 0.0032657632
143306 0.0031918526
143417 0.0029711776
143590 0.0029529621
143648 0.0028699104
143743 0.0025775735
143772 0.0021229861
143921 0.0017695168
144246 0.0017472114
144267 0.0017087124
144292 0.0016964661
144294 0.0016344134
144310 0.0015371025
144367 0.0015259897
144431 0.0015179677
144447 0.0014787825
144603 0.0014143955
144615 0.0013926036
144684 0.0013558927
144709 0.0013285946
144717 0.0013025775
144753 0.0012587641
144833 0.0011766827
144847 0.0011045444
144911 0.0010844735
144928 0.0010089107
145158 0.0009769193
145240 0.0009727384
145256 0.0009640895
145267 0.0009242443
145268 0.0008763086
145399 0.0008498603
145552 0.0008439288
145601 0.0008193786
145685 0.0007911634
145839 0.0007862412
145978 0.0007824716
145998 0.0007727120
146007 0.0007520917
146074 0.0007360558
146227 0.0007074707
146375 0.0006987478
146473 0.0006966857
146546 0.0006836031
146592 0.0006683020
146720 0.0006680254
146777 0.0006486287
146831 0.0006460554
146988 0.0006446016
146989 0.0006321066
147087 0.0006263440
147244 0.0006240101
147280 0.0006070877
147337 0.0006028300
147354 0.0005849955
147398 0.0005821218
147531 0.0005796857
147603 0.0005794025
147624 0.0005777493
147667 0.0005723169
147675 0.0005586206
147738 0.0005559736
147770 0.0005358958
147794 0.0005250247
147917 0.0005229469
148021 0.0005161913
148196 0.0004999981
148384 0.0004879098
148444 0.0004601331
148568 0.0004200536
149353 0.0004104628
149482 0.0003890962
149515 0.0003735249
149567 0.0003564814
149746 0.0003541922
149776 0.0003322170
149835 0.0003276315
150100 0.0003080808
150193 0.0002779449
150366 0.0002707127
150411 0.0002104942
150670 0.0002063774
150692 0.0001886802
150790 0.0001557962
150947 0.0001530757
151091 0.0001311570
151124 0.0001276144
151173 0.0001257935
151206 0.0001001445
151209 0.0000932494
151289 0.0000884398
151348 0.0000873446
151390 0.0000873355
151400 0.0000836100
151431 0.0000813022
151463 0.0000810982
151498 0.0000801270
151504 0.0000757581
151507 0.0000629831
151548 0.0000560874
151582 0.0000523545
151638 0.0000491613
151724 0.0000472967
151771 0.0000368326
151780 0.0000355889
151786 0.0000333162
151819 0.0000333153
151946 0.0000266429
152136 0.0000154404
152359 0.0000141527
152398 0.0000130822
152508 0.0000127985
152527 0.0000124393
152581 0.0000096178
152766 0.0000090001
152794 0.0000083834
152842 0.0000077604
152893 0.0000077371
152910 0.0000076959
152919 0.0000069739
152985 0.0000069696
152989 0.0000056472
153060 0.0000050578
153093 0.0000050434
153095 0.0000043968
153156 0.0000041990
153168 0.0000032326
153231 0.0000030931
153277 0.0000029046
153350 0.0000028422
153369 0.0000023990
153441 0.0000020368
153538 0.0000014823
153764 0.0000014502
153813 0.0000014164
153817 0.0000013242
153841 0.0000012269
153865 0.0000012160
153894 0.0000011679
153903 0.0000008033
154048 0.0000005849
154280 0.0000004706
154658 0.0000004124
154687 0.0000004044
154761 0.0000002786
154829 0.0000002324
154925 0.0000001902
155053 0.0000001514
155269 0.0000001341
155271 0.0000001284
155324 0.0000000878
155447 0.0000000875
155483 0.0000000651
155586 0.0000000544
155721 0.0000000513
155741 0.0000000412
155894 0.0000000385
155943 0.0000000380
155983 0.0000000349
156003 0.0000000266
156103 0.0000000266
156200 0.0000000233
156226 0.0000000217
156289 0.0000000209
156294 0.0000000194
156319 0.0000000173
156403 0.0000000151
156442 0.0000000149
156467 0.0000000125
156601 0.0000000116
156606 0.0000000105
156647 0.0000000100
156724 0.0000000069
156897 0.0000000061
156960 0.0000000059
156981 0.0000000059
156990 0.0000000057
157018 0.0000000050
157026 0.0000000048
157114 0.0000000031
157203 0.0000000030
157349 0.0000000029
157384 0.0000000025
157431 0.0000000022
157510 0.0000000016
157597 0.0000000014
157648 0.0000000013
157668 0.0000000012
157703 0.0000000011
157820 0.0000000010
157831 0.0000000010
157862 0.0000000007
158020 0.0000000007
158026 0.0000000006
158080 0.0000000006
158081 0.0000000006
158185 0.0000000005
158204 0.0000000005
158209 0.0000000005
158229 0.0000000004
158252 0.0000000004
158426 0.0000000004
158509 0.0000000003
158539 0.0000000002
158724 0.0000000002
158792 0.0000000001
158867 0.0000000001
158917 0.0000000001
158935 0.0000000001
158977 0.0000000001
159048 0.0000000001
159103 0.0000000001
159161 0.0000000001
159178 0.0000000001
159213 0.0000000001
159303 0.0000000000
159563 0.0000000000
159677 0.0000000000
159678 0.0000000000
159698 0.0000000000
159802 0.0000000000
159957 0.0000000000
160009 0.0000000000
160042 0.0000000000
160131 0.0000000000
160174 0.0000000000
160269 0.0000000000
160367 0.0000000000
160450 0.0000000000
160488 0.0000000000
160620 0.0000000000
160635 0.0000000000
160666 0.0000000000
160672 0.0000000000
160679 0.0000000000
160792 0.0000000000
160795 0.0000000000
160890 0.0000000000
160945 0.0000000000
160969 0.0000000000
161091 0.0000000000
161190 0.0000000000
161262 0.0000000000
161298 0.0000000000
161376 0.0000000000
161547 0.0000000000
161557 0.0000000000
161600 0.0000000000
161660 0.0000000000
161689 0.0000000000
161711 0.0000000000
161752 0.0000000000
161851 0.0000000000
161984 0.0000000000
162019 0.0000000000
162093 0.0000000000
162096 0.0000000000
162100 0.0000000000
162159 0.0000000000
162169 0.0000000000
162260 0.0000000000
162274 0.0000000000
162368 0.0000000000
162562 0.0000000000
162680 0.0000000000
162783 0.0000000000
162810 0.0000000000
163071 0.0000000000
163090 0.0000000000
163187 0.0000000000
163258 0.0000000000
163399 0.0000000000
163537 0.0000000000
163739 0.0000000000
163930 0.0000000000
164852 0.0000000000
evaluations raw_y
1 74096385.2899145037
4 72274866.6672088057
8 50081349.1801538765
12 46740606.8446244299
19 45760550.5789884701
21 39531941.4646138996
30 28275014.3441813588
33 12817040.7534423955
68 12618687.6538637020
69 5801289.5192486532
108 5314259.0576457046
123 5231617.0689085294
131 3591688.4531836645
285 2411022.1005947860
464 2308646.0798445647
475 2244546.0722506461
495 2172389.7011782564
574 1705469.8760894393
653 1678401.0099460518
714 1659938.5398251372
718 1551483.7526315982
765 1294494.5667598576
826 1225054.5473570386
982 825255.9222485286
1116 742004.5790949017
1145 714048.7256286233
1201 626517.2381313476
1562 607253.8838759130
1564 595619.9406194650
1567 592626.6111684791
1621 581119.0793027497
1643 486917.0447084942
2022 484658.9262270858
2070 464580.4002105470
2426 402521.6559398145
2484 384862.1862485135
2809 337229.9090004708
2972 318416.1928759081
3224 311047.8051667666
3241 250349.5959049192
4273 239939.8920309633
4436 228632.4606052626
4445 216147.6001904129
4455 210344.6644560986
4568 210036.7918276791
4585 205485.8912758822
4650 198345.0194662395
4730 197766.2023402597
4968 193068.2335559972
5073 182600.3936431265
5134 174778.2229400472
5333 166279.8701995707
5503 141715.2903561334
5877 122033.0191893518
6140 101723.1454076412
6785 94667.2272786662
6821 87267.8612609997
6912 79411.3685161095
6975 78421.8300210254
7338 74393.1615955695
7392 73460.7955206022
7677 71525.0608953954
7719 70529.6980279548
8055 65791.2275274808
8149 64879.7175643158
8210 64342.2148185490
8216 63421.5006399002
8223 63265.4841086374
8255 61908.2258425242
8288 58834.9081105765
8317 57089.7430964501
8482 57026.0324405429
8513 56785.2224480316
8567 52382.8768092857
8597 50729.9324356454
9082 50015.5191824123
9271 49214.3693930116
9475 48177.3790492545
9601 46782.8179099925
9800 46079.0968242544
9860 46073.9604381485
9872 44899.6628722007
10071 43531.3946608392
10664 42513.9769904941
10837 42155.6690057670
10939 41902.7984596129
11008 41674.0680568368
11022 41658.1901077820
11038 41512.7682496481
11085 40494.3768501653
11254 40402.8767128980
11275 39565.8343552833
11669 38572.3173365801
11791 38484.8495530699
11878 38459.8917639876
11882 37462.4355760801
12160 37389.2495716565
12202 37359.7431020322
12208 37159.5369046779
12267 36912.9023371255
12286 35695.9685819728
12352 35666.4184006872
12423 35553.0680110040
12767 35413.1068572647
12785 34391.0636803966
12787 33449.2327566259
12925 32244.7861457226
13971 31189.9944190139
14091 29674.5368651641
14098 27369.7456330766
14769 24869.7397559084
15254 24689.5720971300
15607 24577.6866302839
15792 23935.2013965190
15868 23913.9660864325
15883 23483.3156354546
15902 23355.8666610395
15961 22515.2035191455
16016 21220.2279824282
16339 20242.5495195705
16544 20240.5454629643
16654 19999.0856658437
17204 19690.7034351182
17262 18421.7105255120
17360 18094.7845003661
17760 18061.4533799093
17791 17504.2553993480
18012 16247.1900704767
18420 16186.7173710131
18424 15855.2124694257
18600 15809.2026999855
18693 14915.8963065155
18920 14780.5593657402
19088 14181.3934868330
19387 14058.4357398556
19645 13926.6363510557
19678 13779.3831999962
19700 13401.3380371505
20094 13118.8361316600
20104 13058.2802713785
20168 12737.3426099243
20385 12506.3838552523
20562 12180.2609189608
20621 11873.3354022161
20637 11780.0384174199
20755 11527.1849509958
20819 11507.8184698800
20964 11485.7858146594
20988 10711.0193012738
21478 10705.4374876368
21507 10622.1822299733
21576 10206.3632254109
21662 9859.8756025849
22144 9682.6731082328
22518 9511.4675925633
22586 9191.2995397256
22828 8965.7861758043
23295 8769.0353321762
23362 8419.3856302466
23477 8385.9100116762
23551 8310.4024736109
23700 8038.9543178248
24342 7653.9255347992
24458 7103.4457955108
25618 7045.8277447772
25633 7024.8585149436
25661 6877.9257248910
25840 6845.9458703682
25968 6762.8227015818
26084 6705.8400823248
26149 6676.1383028749
26175 6581.3628303041
26233 6564.1093741436
26336 6472.4923868123
26520 6472.4731438929
26579 6456.5937945585
26607 6419.1656629300
26648 6374.8710643968
26689 6331.2565646360
26714 6295.7374023894
27203 6292.9712373164
27231 6266.1289499135
27246 6251.1158552305
27303 6237.1063688045
27335 6210.6296427161
27409 6168.0003096729
27475 6159.4126684268
27607 6048.7863350743
27763 6039.2792973530
27790 6034.4481213911
27822 6007.0778287294
28030 5971.8579934332
28233 5917.3603731542
28295 5883.7334581004
28480 5845.8156826934
28676 5800.0629466867
28709 5774.4811861065
28895 5613.0810200163
29104 5550.0953867699
29219 5355.6112695683
29520 5059.6416075402
30106 4522.7505695666
30526 4478.7581524521
30557 4365.4081571793
30632 4359.4718464444
30732 4204.5185438028
31756 4076.8407062321
31842 3932.8810033042
32204 3874.8540319778
32467 3766.5343964451
32558 3735.1544423764
32563 3725.1634206362
32593 3687.4902037868
32627 3681.9325710912
32669 3643.9465350718
32780 3517.2191742039
32883 3481.6807215018
33060 3461.3829018568
33074 3459.5774454182
33088 3436.1419569314
33185 3414.1790985881
33268 3320.4306465053
33328 3312.3720867373
33386 3278.6360874793
33656 3221.2912476430
33685 3142.5266774832
34527 3094.9842112754
34892 3079.5162995534
35167 3073.2143509563
35228 3056.5735532843
35271 3041.6831248187
35361 3032.0704185847
35413 3004.3104793800
35437 2998.9399399785
35515 2947.2676329001
35886 2926.8556657324
35929 2909.0161731518
35967 2901.5121584417
36023 2888.4684664739
36068 2865.8879390550
36118 2859.5430622198
36174 2856.6214359437
36243 2812.8011493381
36297 2807.9952765752
36398 2806.4904579396
36505 2772.8096618261
36554 2763.6500842402
36766 2763.3448535596
36778 2758.8125620188
36809 2714.4483155825
37047 2708.2820830377
37220 2700.2296111293
37233 2684.4911255453
37387 2650.0143347285
37577 2637.8312151984
37676 2636.1739162496
37801 2630.8391812556
37807 2586.5456408023
37936 2570.7686394343
38309 2483.4597113878
38859 2429.4831943224
38894 2384.7421213684
39047 2378.3262860120
39122 2356.5025367428
39363 2339.7042971025
39503 2338.5552751945
39588 2303.9804464263
39892 2297.5153122328
39926 2293.9767932927
39968 2282.8756683354
40005 2198.8596922718
40336 2181.9320010453
40422 2167.9946085848
40616 2125.1614179000
40693 2093.9788037439
40754 2071.5462524006
40983 2057.3169460495
41274 2049.9484542901
41296 2044.7956213369
41322 2039.7869323820
41591 2033.0938883814
41639 2019.0052000947
41657 1996.2996523139
41918 1995.7539023127
41953 1995.4990147352
41960 1967.4605171611
42099 1964.9220948434
42192 1941.4202020095
42366 1936.7206880692
42658 1913.7528166440
42791 1906.7270588874
42859 1901.2731037807
42957 1891.2892505098
42998 1888.0956904582
43072 1887.6465394847
43327 1873.4496343628
43343 1871.4637058512
43403 1863.2268248376
43478 1854.1293869318
43496 1794.5093338868
43710 1788.8221505088
43771 1755.8038271417
44155 1736.2720614732
44477 1719.5108757868
44538 1699.9927902557
44544 1683.5851226618
45121 1641.2179568312
45435 1635.8152084658
45449 1623.4358601217
45535 1612.1173545651
45767 1584.5377870651
45843 1568.2323182904
45923 1523.2821620526
46373 1462.2694386174
46908 1456.1403026666
46974 1451.5433540596
47015 1435.3032099704
47096 1429.8325347706
47190 1424.3568640688
47390 1390.8582607127
47405 1363.6720794471
47624 1330.9568527352
47790 1291.2798526338
47883 1274.8256653151
47979 1221.8419892665
48471 1206.6349883740
49629 1182.7671188177
49680 1153.5514922930
50005 1147.5816420834
50035 1125.5128613903
50051 1114.1033111068
50101 1070.3443825482
50221 1052.8716145774
50299 1019.8137528787
50352 1009.5470986852
50469 1003.2576432220
50478 973.4634859183
50555 955.9605606981
50701 928.0153329128
50764 918.7202461994
51030 916.9818850053
51097 914.1364583513
51105 890.4957601979
51335 882.2659696198
51340 882.2548488314
51499 882.0999507955
51577 860.7619344981
51804 841.7888695911
51949 840.9244767954
51964 823.5873154231
52080 810.1432953272
52411 799.8859124198
52448 799.6201541107
52559 799.5503583709
52560 784.7210929013
52589 781.0673846813
52788 778.5982290788
52884 768.9845733867
52913 743.8220780922
53177 733.2048317792
53265 730.4227898120
53299 729.1892906694
53355 726.7915369404
53401 714.8243255750
53450 711.1098068732
53540 707.7228284786
53570 679.9875981785
53877 678.8416851858
53956 653.2646849388
54328 631.5540075195
54430 624.6519675588
54480 599.1333084509
54689 576.5448220103
55129 574.8592599397
55223 572.1216621979
55254 560.7134532515
55360 543.3796340618
55534 541.3753258810
55802 540.9207373006
55979 537.1328957421
56008 536.7303187575
56181 526.7921686037
56304 520.0831172906
56457 518.7853889684
56606 518.2641276738
56626 516.8115825897
56776 516.0021252870
56819 515.5926991020
56854 509.6236060267
57169 508.3125721740
57242 506.0805966277
57366 504.1922112020
57445 502.9133821487
57499 498.7689042782
57527 497.0202020908
57546 494.9680076474
57975 491.9677799972
57977 489.7179402419
58181 488.6468511142
58210 487.1805003363
58225 485.8835965116
58479 484.4417833712
58751 478.8628405533
58819 478.7339353806
59289 475.3031626874
59455 472.9687840831
59606 471.6668545463
59695 471.2708232680
59847 470.6307737677
60027 466.8126298212
60115 466.1515240128
60203 464.6810020809
60286 464.6155612354
60362 462.8043483277
60428 461.9662510499
60527 458.3004676505
60707 455.8527587850
60745 454.0867761843
60902 450.6211986286
60976 449.1716583653
61132 446.1827176747
61257 445.9977356962
61307 444.3533990543
61376 440.5533339513
61425 433.9093702612
61712 433.8437268626
61739 432.4826230126
61782 430.9091682083
61814 427.8400960223
62075 425.9974118388
62131 421.6100026598
62451 411.4160923928
62546 411.2103086537
62622 410.8572974408
62675 406.1782814901
63138 405.5132716271
63326 391.9034373643
63534 387.6439710754
63673 373.2671460723
63814 372.2198674231
63855 353.0205441293
64140 346.5979074923
64233 339.8215435599
64360 333.6228639695
64447 330.2431046383
64736 329.1342545986
64746 327.2317972588
64939 320.6719429116
64985 307.8211037459
65180 306.9409590375
65224 297.5897793423
65359 296.5587538747
65389 289.9776097672
65750 287.4227973306
65806 283.1917648123
65883 281.8528703102
65911 275.8093528144
66055 275.2577021732
66141 273.2143319443
66209 271.3322205213
66250 270.5904790976
66259 267.9432580983
66268 266.2767270976
66451 264.9780649337
66511 264.7687650082
66596 261.9359280515
66642 257.6052275108
66706 256.4179117700
66783 251.5434627232
66932 244.2188916629
67197 243.5898382471
67234 242.5071437503
67303 241.8084336890
67344 240.7868877869
67390 236.2505631646
67486 232.4880562520
67886 230.7602196850
67933 225.3779212401
68053 220.1142411880
68136 213.0700898086
68328 201.1749799925
68784 200.7653901427
68853 191.8567470873
68993 189.4581529899
69057 178.0151425452
69097 175.3642842912
69662 172.8748667505
69769 172.4452705523
69798 170.7452756954
69911 169.7162668792
69939 162.4399300249
70005 158.4729779505
70557 157.5137802385
70630 155.2542021964
70672 153.6588260272
70741 152.5179927161
70783 151.0699458277
70788 150.7710211775
70854 149.9071634183
70902 149.7346751669
70905 144.6040191442
71089 143.1213715304
71299 141.4665313961
71401 140.6586680641
71426 140.1319901942
71463 139.9373733534
71465 137.7778518488
71561 136.8212974744
71917 135.3074672768
72150 135.2562829926
72288 134.3064264663
72300 133.6140849794
72314 133.3879448705
72589 130.6424221742
72720 130.4316655666
72762 127.8198473475
73357 127.7810261913
73518 125.1890851546
73900 123.8996188943
73987 123.5632902291
74001 122.7526348341
74115 121.7892977353
74300 120.1570126550
74418 119.8893958231
74462 116.4412214864
74723 115.5268029422
74861 114.7843544676
74868 114.4306665088
74901 114.4147671700
74989 114.0759456541
75021 113.6118640878
75107 113.3241288400
75124 112.8746938532
75151 112.4990553874
75201 111.9031124000
75270 111.4402796159
75347 109.4024310989
75580 109.3156151179
75690 109.2261455049
75703 108.9269577435
75725 108.1702313898
75754 107.4366729532
75861 107.2669031219
75896 107.2100165841
75907 106.3004391212
75912 103.4111753834
76042 102.8371839348
76053 102.3429669240
76067 98.9547199111
76383 98.8899987487
76480 98.0453380230
76665 97.9099535062
76845 97.1968221603
76954 91.1079677974
77062 87.8217714201
77322 87.4120951853
77496 86.2924462845
77567 85.6353798219
77727 81.5328255901
77834 80.3406439529
78042 79.0738866790
78046 78.1485726020
78152 77.8696602366
78199 77.2261153860
78206 74.9524271730
78300 73.8805796889
78454 70.8610324238
78653 70.4454339094
78725 69.2850769091
78873 68.6218549257
79011 66.7336912289
79041 66.3801326984
79082 66.3482323032
79405 64.6725193768
80020 62.3630601663
80323 61.0386369864
80446 59.2213370488
80546 58.7630829897
80558 58.4303680203
80587 57.2821738936
80597 57.0921512711
80654 56.0937302445
80823 55.3804532694
81088 54.8373706100
81133 54.6791017694
81261 53.9166296397
81333 53.8513043682
81350 53.8494124503
81387 53.4409225871
81475 53.2059314641
81545 53.1372795043
81562 52.8538381405
81614 52.6928647196
81715 52.6062360288
81728 52.4079861017
81915 52.1279158976
81921 52.0392696390
82052 51.4128727283
82800 51.1098334267
82863 50.9650998932
83020 50.8259267956
83036 50.7874296371
83085 50.7460812984
83108 50.7419963109
83112 50.5859434302
83113 50.4601208682
83142 50.4445584849
83263 50.1266551090
83469 49.6629223075
83584 49.4729176998
83803 48.9499366396
83975 48.8033204829
84103 48.7897747446
84135 48.6812146565
84136 48.4611763261
84245 48.4414936204
84350 48.3091554917
84352 48.0144532036
84396 47.9521241695
84481 47.8168497509
84574 47.7593728882
84659 47.3938631945
85036 47.1079360539
85196 46.7889320235
85366 46.6361752113
85389 46.1079290311
85642 45.7658924057
85825 45.2419694043
85970 45.1257541563
86073 44.6262413801
86445 44.4596617646
86548 44.1503513406
86681 44.0625567598
86709 43.6354100649
86822 43.5461904287
86932 43.5033422483
86952 43.1606496420
87073 43.0466697964
87144 42.6745001176
87287 42.3865603323
87573 42.2682871148
87599 42.1301866997
87628 41.8909281652
88012 41.8668639226
88148 41.7823782472
88184 41.5924261601
88247 41.5902729018
88296 41.3471547670
88512 41.2184452781
88725 41.0600512329
88787 40.7604823800
88834 40.6448906430
89123 40.6346420283
89502 40.4882881946
89553 40.3296747631
89681 40.2278246853
89691 40.1903396414
89743 40.1368412051
89840 40.1310257637
89843 39.7683979651
89923 39.3745634602
90194 39.0031409023
90341 38.9671115584
90512 38.9285131317
90546 38.5481194754
90611 38.5170018443
90704 38.3785391704
90756 37.5551503317
91172 37.5327379532
91571 37.5295138010
91583 35.6051494475
92163 35.3962633302
92326 35.2454690498
92335 35.0598149458
92353 33.9759795090
92427 32.7125399299
92771 32.5964705241
92840 31.9379623139
92941 31.8277736927
92959 31.7777556034
93092 31.5313156638
93126 31.3683600563
93203 30.9278932663
93337 30.7354504813
93364 29.9824289004
93657 29.7613697471
93747 29.2565961388
94058 29.1192500353
94242 28.6760713962
94269 27.0877178339
94739 26.8224177611
94848 26.6790688346
94869 26.5370924560
94919 26.3236969201
95133 26.3137632035
95167 26.2069216026
95171 26.1696777745
95175 26.1478923727
95205 26.0609849509
95297 26.0409644235
95316 25.9564917008
95338 25.8612400319
95352 25.4361899113
95559 25.3687762413
95625 25.2932241518
95633 25.2249826616
95698 25.1803496508
95739 25.1557379452
95764 25.0107894122
95811 24.6786636609
95871 24.5923947304
96130 24.5552778959
96140 24.1436152030
96471 24.0581131779
96547 23.8709283543
96933 23.7363215553
96977 23.6741733655
97040 23.6659871337
97100 23.5295580952
97274 23.3745377398
97430 23.3422619302
97432 23.2788591461
97470 22.9324215425
97471 22.9050494072
97547 22.9011344600
97649 22.8826450103
97872 22.8736965861
97924 22.8462446176
97963 22.8061459180
97987 22.0950136851
98268 21.7659312828
98452 21.2732918882
98959 20.3404970014
99231 20.3044641438
99279 20.3024217638
99346 19.4928968754
99819 19.4908790200
99937 19.4896661893
99999 19.1951882336
100108 19.1949030482
100121 19.1579536671
100185 19.1019402517
100269 19.0085742224
100395 18.6998755078
100523 18.5091726222
100695 18.3230303016
100780 18.2769177566
100815 18.2189170332
100911 18.1095509316
101040 18.0202247368
101104 17.9675434873
101233 17.9441686578
101265 17.8757440831
101271 17.7763431083
101303 17.7675172474
101359 17.1149032183
101519 16.2359170277
102407 16.0526981968
102540 15.7583974249
102625 15.7361056802
102726 15.5921629210
102753 15.4650830104
102782 15.0680001151
102881 14.9903692210
102945 14.7457563470
102969 14.6635459066
103106 14.4275189118
103329 13.6358496279
103528 13.5626762190
103885 13.2996213839
103928 13.2709782109
103959 13.2449206147
103996 13.2333544413
104039 13.1836790704
104043 12.7364656733
104215 12.6511557712
104217 12.6469297018
104255 12.5395339733
104334 12.4447578790
104358 12.2714264780
104400 12.2501282729
104445 11.9838859475
104458 11.8321268656
104553 11.4782096830
104833 11.3272599289
104853 11.3126351160
105261 11.2842866157
105270 11.2316767406
105276 11.2016848274
105403 11.0826833461
105585 10.7620949032
105817 10.6473488610
105930 10.5966569428
105950 10.4310029455
106101 10.1972467437
106170 10.0737989713
106365 9.8494569314
106758 9.7350724031
106874 9.5307950662
106912 9.5134938321
107218 9.4257368681
107250 9.2995750154
107312 9.1181644924
107449 9.0986290208
107494 9.0877506887
107520 8.9525265986
107596 8.9170580476
107688 8.9095368514
107906 8.8849520086
108032 8.8681171352
108155 8.8167746293
108179 8.5611577414
108463 8.5561459803
108500 8.4259520789
108546 8.3712457155
108572 8.2705131248
108777 8.2660424529
108882 8.1793809661
109380 8.1329896201
109409 8.0671613811
109483 8.0261678529
109530 8.0213211095
109536 8.0143856844
109574 8.0006630608
109623 7.8219005266
109825 7.6857648996
110625 7.6432693878
110670 7.6269191051
110674 7.5678523366
110814 7.5673186783
110820 7.3736900948
110897 7.3252265851
110908 7.1274052305
111106 7.1231426738
111136 7.0469118753
111137 6.8370370870
111186 6.4623600339
111828 6.1374077836
111971 5.8617453149
112069 5.8300255614
112079 5.2333837155
112138 5.1565360199
112522 5.0969864436
112563 4.5953954987
112833 4.3974775200
113045 4.2853611264
113112 4.1117356899
113203 3.7994607692
113278 3.7269233305
113336 3.6290113291
113350 3.5917617835
113369 3.5896928624
113446 3.4752428194
113468 3.3713576144
113542 3.2334112809
113690 3.1180211822
113902 3.1106215523
114013 3.0870690192
114021 2.9560273924
114085 2.8754121889
114188 2.7814225600
114194 2.7390975584
114212 2.7236692749
114259 2.6723647289
114305 2.6337377717
114321 2.5453811581
114556 2.5300188870
114603 2.4488913601
114721 2.2936195214
114847 2.2621879773
114941 2.1480270281
115033 2.1425617387
115113 2.1178232885
115206 2.0899882047
115264 2.0540871548
115333 2.0205994460
115627 2.0162780016
115701 1.9980656065
115774 1.9832248550
115842 1.9277778343
115847 1.9178633780
116005 1.9150943873
116031 1.8986064796
116057 1.8757089941
116078 1.8626181959
116118 1.8474512201
116182 1.8163742307
116546 1.8143813928
116569 1.7712363332
116584 1.7630594014
116762 1.7199081326
116892 1.7110226986
117206 1.7022848245
117213 1.6390825628
117321 1.6158546531
117460 1.5802628462
117538 1.5645454721
117591 1.5564015531
117813 1.5026253592
117874 1.4956281124
118032 1.4710181053
118126 1.4082940736
118321 1.3761613827
118396 1.3340511939
118467 1.3031859353
118568 1.2819414360
118582 1.2302616978
118663 1.2151004147
118903 1.1192437193
119430 1.1142792192
119435 1.0907375002
119455 1.0864110671
119553 1.0714050564
119649 1.0520624570
119703 1.0214147087
119848 1.0139661016
119851 0.9879110488
119956 0.9624903799
120125 0.9553303952
120229 0.9373821721
120555 0.9282235932
120619 0.9201070341
120786 0.9134410776
120877 0.9080851985
120910 0.8884201190
121009 0.8841520332
121041 0.8780779280
121052 0.8636981425
121127 0.8618711416
121128 0.8612327289
121148 0.8530176534
121209 0.8490121731
121296 0.8478083097
121324 0.8351439654
121331 0.8249627936
121445 0.8240052942
121552 0.8179644430
121586 0.8154282455
121642 0.8014781532
121922 0.7953812062
121925 0.7891078829
122044 0.7876289521
122065 0.7862728522
122199 0.7860993751
122235 0.7859203100
122251 0.7820892759
122301 0.7778059773
122368 0.7746551817
122510 0.7678312962
122708 0.7632302779
122767 0.7619909447
122839 0.7614577285
123018 0.7609068052
123101 0.7558258446
123120 0.7507574756
123237 0.7404935944
123778 0.7320160598
124140 0.7282398036
124286 0.7251461686
124378 0.7230623599
124453 0.7115693459
124564 0.7027618295
124693 0.6692201263
124817 0.6655834003
124826 0.6613645685
125164 0.6309038756
125369 0.6263019487
125379 0.5983892425
125436 0.5906505478
125520 0.5673992543
125943 0.5258337707
126021 0.5078649710
126076 0.4845065421
126318 0.4779518855
126490 0.4309053872
126681 0.4169755320
127124 0.3937529519
127199 0.3716545038
127249 0.3428317325
127257 0.3338988422
127263 0.3192850290
127350 0.2781969666
127503 0.2449553553
127759 0.2375813351
127819 0.2206050155
127982 0.2093005345
127995 0.2023264500
128114 0.1917496662
128271 0.1913213283
128275 0.1742793236
128342 0.1653217423
128346 0.1635547797
128428 0.1593981867
128481 0.1572247767
128490 0.1550085199
128537 0.1434093508
128637 0.1371994650
128768 0.1352604066
128787 0.1323330751
128799 0.1257048977
128922 0.1249967711
129035 0.1167650942
129046 0.1146182239
129115 0.1124450232
129128 0.1119417808
129151 0.1096296700
129156 0.1011747860
129369 0.0999918219
129407 0.0981690960
129540 0.0959524573
129542 0.0950866846
129708 0.0938235720
129716 0.0935749656
129721 0.0912934979
129905 0.0844831479
130190 0.0839483894
130349 0.0832608576
130398 0.0816701487
130455 0.0805600734
130498 0.0805331240
130506 0.0800589396
130609 0.0793885160
130730 0.0793366613
130746 0.0791916360
130808 0.0786429191
130830 0.0779985693
130992 0.0779746499
130996 0.0777971499
131074 0.0775007364
131083 0.0774443711
131184 0.0764995632
131231 0.0762156414
131247 0.0761349827
131253 0.0756238484
131493 0.0746955259
131536 0.0741142336
131728 0.0740297330
131774 0.0739341669
131857 0.0728105131
131863 0.0727821328
131900 0.0722329558
132003 0.0716951641
132072 0.0711850049
132112 0.0711424569
132156 0.0709880075
132303 0.0706886990
132326 0.0704853510
132396 0.0694120774
132425 0.0693303724
132442 0.0679300837
132635 0.0668605900
132915 0.0665930066
133223 0.0663426493
133267 0.0651123599
133362 0.0646196443
133444 0.0626262984
133585 0.0625242853
133915 0.0602755246
134102 0.0567197450
134205 0.0560698672
134291 0.0558012629
134326 0.0532874501
134341 0.0514065368
134386 0.0503545770
134523 0.0502915001
134623 0.0491344636
134777 0.0478774810
134821 0.0453190065
134923 0.0449746964
134988 0.0401123987
135133 0.0401041792
135158 0.0358393982
135256 0.0355711836
135409 0.0308477533
135764 0.0284774158
135825 0.0271918918
135839 0.0269346485
136122 0.0262992061
136139 0.0255277355
136168 0.0241798350
136252 0.0235047597
136379 0.0234973741
136525 0.0190321580
136535 0.0184794309
136798 0.0182412820
136815 0.0181472662
136880 0.0158373799
137128 0.0157931183
137167 0.0146972724
137264 0.0142835097
137426 0.0142706639
137430 0.0138266304
137465 0.0132078163
137635 0.0131483482
137687 0.0124293612
137725 0.0122828172
137812 0.0120917862
137855 0.0120914357
137883 0.0117395273
137937 0.0113855971
137987 0.0113795088
138046 0.0111180669
138070 0.0110020236
138150 0.0108241947
138250 0.0108074285
138296 0.0107453889
138375 0.0104893918
138436 0.0104209306
138535 0.0104030112
138560 0.0102743486
138651 0.0101900855
138726 0.0101778384
138766 0.0100393962
138797 0.0099432544
138837 0.0099367116
138882 0.0097629141
138955 0.0096956704
139262 0.0094664904
139387 0.0093568293
139583 0.0093092052
139747 0.0092548170
139844 0.0092478688
139857 0.0092091548
139885 0.0092076193
139903 0.0091814489
140048 0.0091034245
140222 0.0088234580
140667 0.0088035831
140768 0.0088032575
140779 0.0087659936
140834 0.0087622263
140867 0.0087478002
140906 0.0086803293
140996 0.0086295841
141025 0.0086172416
141088 0.0084629900
141123 0.0083409917
141241 0.0082861864
141279 0.0082022119
141365 0.0081624865
141500 0.0081516709
141567 0.0080939528
141677 0.0075290525
142573 0.0070287614
142726 0.0065909391
142860 0.0065822542
142879 0.0065365886
142881 0.0062825537
142940 0.0060228539
142943 0.0054137584
142982 0.0054107019
143080 0.0053781499
143148 0.0052567924
143347 0.0047240526
143428 0.0044071089
143838 0.0041688992
143851 0.0031517112
143914 0.0030690598
144123 0.0028688192
144140 0.0027088231
144468 0.0024471131
144477 0.0023110995
144516 0.0021127052
144615 0.0019378528
144682 0.0018964949
144795 0.0016996645
144849 0.0015891704
144992 0.0014774528
145005 0.0014291247
145123 0.0013789565
145152 0.0012612419
145363 0.0012013009
145402 0.0011843966
145406 0.0011238215
145553 0.0010843883
145757 0.0010683410
145767 0.0010582410
145768 0.0009527440
145811 0.0009468759
145879 0.0009353878
145980 0.0008822576
146026 0.0008751297
146090 0.0008742204
146107 0.0008729569
146132 0.0008314132
146288 0.0008134451
146344 0.0008108792
146421 0.0008020605
146430 0.0007921601
146433 0.0007720230
146484 0.0007712535
146492 0.0007570316
146606 0.0007484858
146657 0.0007171986
146761 0.0007146863
146803 0.0007127886
146845 0.0007091887
146878 0.0007085370
146897 0.0007009127
146933 0.0006987831
146962 0.0006904947
146987 0.0006782791
147059 0.0006758025
147114 0.0006670370
147354 0.0006627838
147450 0.0006614566
147454 0.0006519486
147587 0.0006511330
147609 0.0006482678
147697 0.0006434105
147799 0.0006368311
147886 0.0006357578
147971 0.0006356059
148040 0.0006345499
148085 0.0006344962
148110 0.0006312878
148130 0.0006284923
148168 0.0006274573
148293 0.0006177804
148731 0.0006153967
148776 0.0006062531
148873 0.0006060172
148940 0.0005998108
148957 0.0005927633
149008 0.0005844348
149214 0.0005816602
149399 0.0005811170
149584 0.0005799969
149595 0.0005651087
149722 0.0005579664
149756 0.0005526063
149806 0.0005485173
149808 0.0005388440
149837 0.0005387568
149872 0.0005367300
149921 0.0005317833
150103 0.0005047810
150196 0.0004933458
150299 0.0004687308
150477 0.0004656488
150775 0.0004556919
150929 0.0004471715
150973 0.0004143065
151106 0.0003697615
151256 0.0003428408
151417 0.0003402896
151682 0.0003306515
151804 0.0003241269
151894 0.0002931706
151917 0.0002839763
151982 0.0002757115
152081 0.0002717903
152111 0.0002611739
152136 0.0002414893
152160 0.0002352524
152287 0.0002191645
152398 0.0001729798
152496 0.0001482552
152524 0.0001341105
152746 0.0001307459
152866 0.0001224718
152893 0.0001099790
152981 0.0001067237
153001 0.0000853837
153229 0.0000689817
153268 0.0000676578
153269 0.0000595716
153283 0.0000531623
153448 0.0000485584
153542 0.0000383608
153723 0.0000350478
153811 0.0000301448
153853 0.0000246169
154109 0.0000202559
154144 0.0000185140
154196 0.0000181867
154201 0.0000176343
154224 0.0000143911
154405 0.0000140723
154452 0.0000124656
154494 0.0000123665
154507 0.0000121707
154510 0.0000109762
154558 0.0000101599
154578 0.0000091069
154612 0.0000085571
154663 0.0000070843
154800 0.0000068568
154845 0.0000055793
154888 0.0000033594
155162 0.0000024504
155302 0.0000023393
155368 0.0000021302
155425 0.0000020255
155456 0.0000019852
155521 0.0000015483
155606 0.0000011645
155796 0.0000011542
155829 0.0000009795
155941 0.0000007201
156046 0.0000006865
156083 0.0000006481
156106 0.0000005747
156206 0.0000005395
156275 0.0000004698
156291 0.0000004206
156390 0.0000004000
156432 0.0000003329
156471 0.0000002166
156765 0.0000001942
156822 0.0000001798
156831 0.0000001721
156835 0.0000001649
156903 0.0000001536
156957 0.0000001495
157048 0.0000001183
157120 0.0000001083
157201 0.0000001048
157227 0.0000001015
157228 0.0000000922
157264 0.0000000822
157290 0.0000000813
157327 0.0000000696
157361 0.0000000655
157362 0.0000000635
157435 0.0000000613
157484 0.0000000599
157485 0.0000000557
157502 0.0000000546
157545 0.0000000495
157593 0.0000000457
157621 0.0000000433
157636 0.0000000432
157692 0.0000000415
157737 0.0000000361
157742 0.0000000351
157744 0.0000000313
157784 0.0000000290
157835 0.0000000278
157869 0.0000000259
157889 0.0000000235
157903 0.0000000212
157957 0.0000000191
157994 0.0000000145
158289 0.0000000128
158291 0.0000000120
158408 0.0000000113
158438 0.0000000113
158443 0.0000000088
158531 0.0000000087
158584 0.0000000073
158589 0.0000000065
158591 0.0000000045
158719 0.0000000038
158742 0.0000000035
158945 0.0000000028
158969 0.0000000021
159209 0.0000000018
159261 0.0000000017
159280 0.0000000016
159343 0.0000000014
159392 0.0000000014
159431 0.0000000012
159444 0.0000000012
159484 0.0000000011
159555 0.0000000009
159659 0.0000000009
159681 0.0000000008
159804 0.0000000007
159839 0.0000000006
159845 0.0000000005
159935 0.0000000005
159981 0.0000000005
159997 0.0000000003
160063 0.0000000003
160212 0.0000000002
160323 0.0000000002
160391 0.0000000002
160569 0.0000000002
160623 0.0000000002
160653 0.0000000001
160718 0.0000000001
160777 0.0000000001
160802 0.0000000001
160878 0.0000000001
160939 0.0000000001
160971 0.0000000001
161045 0.0000000001
161098 0.0000000001
161149 0.0000000001
161177 0.0000000001
161187 0.0000000001
161254 0.0000000000
161260 0.0000000000
161302 0.0000000000
161339 0.0000000000
161370 0.0000000000
161412 0.0000000000
161439 0.0000000000
161592 0.0000000000
161618 0.0000000000
161688 0.0000000000
161691 0.0000000000
161703 0.0000000000
161732 0.0000000000
161762 0.0000000000
161772 0.0000000000
161778 0.0000000000
161808 0.0000000000
161883 0.0000000000
161995 0.0000000000
162011 0.0000000000
162106 0.0000000000
162199 0.0000000000
162326 0.0000000000
162372 0.0000000000
162375 0.0000000000
162377 0.0000000000
162402 0.0000000000
162493 0.0000000000
162556 0.0000000000
162758 0.0000000000
162765 0.0000000000
163097 0.0000000000
163128 0.0000000000
163129 0.0000000000
163165 0.0000000000
163180 0.0000000000
163271 0.0000000000
163309 0.0000000000
163443 0.0000000000
163488 0.0000000000
163571 0.0000000000
163619 0.0000000000
163684 0.0000000000
163746 0.0000000000
163753 0.0000000000
163989 0.0000000000
164113 0.0000000000
164190 0.0000000000
164209 0.0000000000
164555 0.0000000000
164815 0.0000000000
165641 0.0000000000
evaluations raw_y
1 77644162.4084015042
3 46350326.6143482104
21 36910430.8957247436
23 31455449.8787933961
42 31200368.4137009345
51 22778364.7249934487
55 19636726.1924981289
60 16983956.0046987720
70 14118393.0758732390
88 13105081.4155450426
96 11140106.5154828075
101 10858446.4778115898
115 9365700.7256783675
137 7024626.0195045378
158 5540448.8564176708
206 4261012.4768553982
330 4246673.9240885703
340 3454474.3206664482
533 3374408.1700147237
568 2737941.6499033719
714 2621553.2114632130
787 2555413.5115341144
823 2512721.9121290729
848 2494840.8660341315
859 1494153.8481475904
868 1129217.7602237107
1066 1113670.5373610794
1131 925773.4600651084
1306 915430.5473156304
1373 912345.2472243108
1387 751388.1874336289
1739 732127.7497291474
1791 626546.1912244871
1982 595525.3971679646
2126 489551.4499938633
2431 459589.9413403834
2460 418513.1230399694
3063 372002.1421529553
3497 360288.3926097779
3646 346324.9039012623
3677 323293.8413335021
3805 322786.3392526908
3886 319600.2320311917
4033 310858.3247541211
4174 304908.4305374711
4350 302717.2766201963
4355 280019.2055309078
4494 274543.5367566352
4577 270559.7470979810
4752 262379.7423875487
4778 260695.0772572521
4819 241034.0045745144
5005 238001.1789992936
5287 220627.0851122856
5815 212236.4153346196
6028 207540.1468596213
6054 180983.9577722267
6404 176086.2277053855
6426 176075.1445713782
6434 175476.6686411854
6574 166025.2640954236
6834 161012.4401259775
6868 160782.5061710114
6882 156701.1182672147
6957 147887.2805279188
7084 146906.7302980066
7311 135885.7293485224
7569 132269.9295867010
7658 130282.0308949006
7684 123856.2140187240
7730 121693.8149922227
7777 116309.3291269007
7915 111764.1674099378
7937 109909.7875982766
8080 107173.6440676968
8212 104334.2118937193
8462 103938.8689875190
8658 94291.2150159671
8912 89435.8531375217
8976 86067.7388314888
9187 85127.0646130573
9550 81245.6161076481
9655 80312.8681981568
9669 77096.1005789709
9760 75884.2288329432
9829 72204.3525913431
10409 72038.2424651395
10480 71899.6858011167
10498 69705.1267529291
10513 68048.2516454401
10645 64091.8114442173
10771 59211.8328378436
10981 55834.9314702108
11265 54805.8145770179
11660 50950.3810603995
12334 50040.9552088723
12490 49800.8280486394
12740 45935.2603531299
13388 45788.0936019864
13571 42637.2397619792
13822 41783.8584190758
13965 40715.9683238363
14071 39402.6031036203
14125 38318.1183728067
14210 38269.8498592847
14253 37773.5133333847
14322 37208.6791536937
14357 34537.7974919611
14812 33092.2161891675
14915 32407.4926753715
15135 31495.4953935237
15178 30648.3945123068
15366 30542.3856598785
15501 30384.4677270719
15555 30187.7379170236
15557 28919.8073830524
15614 28597.2034532046
15618 28185.1181898754
15656 26997.9763597414
15806 25881.4215954593
15949 24920.5243788786
16099 24447.8247458538
16163 24122.9177647594
16207 24062.2973175851
16274 23390.5172513732
16449 19220.4997004467
17148 19200.5391936616
17291 18752.7064362813
17343 18248.2360672700
17618 17323.1586488029
17746 17057.8985553458
18067 16832.5071864890
18097 16641.5803149392
18151 15350.2606075249
18275 15170.1612910619
18383 15088.1232784112
18401 15060.7998265789
18488 14218.9889270902
18663 13242.6629422902
18902 12885.1360291598
19554 12127.9773678808
20192 11883.1277828570
20460 11655.0981560030
20895 11474.9637943294
21067 11242.0545114817
21285 11194.4762638864
21493 10480.6748614580
21509 10412.9170578075
21857 10222.3355599422
21954 9978.1434419054
22306 9922.3832575515
22360 9657.1726015309
22406 9579.3985381768
22601 9563.0100853655
22649 9429.2296208995
22650 9117.1843075172
22936 8695.1156878171
23286 8669.3852714636
23307 8578.5958976322
23351 8507.4956835798
23386 8484.7642413831
23408 8092.8743396753
23945 8039.5666882764
23965 7787.9811918016
24421 7315.5610832520
24754 7157.2834019226
25100 6808.0787202687
25466 6510.4276398059
25502 6471.8729967716
25533 6434.5545030864
25688 6429.8907122590
25701 6191.7191386376
25841 6013.3970292428
25939 5984.7691988734
26091 5925.4641257829
26160 5795.4464153546
26177 5629.5058877812
26476 5604.7632884599
26495 5555.2715976382
26820 5367.3026658641
26884 5324.3193869447
26896 5316.8601615860
27241 5178.6285982434
27426 5162.3709563099
27622 5107.8994891386
27686 4681.4566873626
28127 4677.7941878279
28130 4442.5109912346
28233 4335.4595192549
28276 4125.2579151760
28564 4114.7907514609
28611 4038.4571320845
28629 3846.5870928236
28836 3838.3712022311
28845 3804.9924923130
28916 3744.2301727385
29111 3736.9451320364
29211 3721.2671293751
29385 3657.0976886561
29414 3645.2776526486
29522 3489.9056156183
29736 3298.6550794388
29795 3234.8091022904
30010 3174.8426108528
30471 3126.2805438190
30525 3106.2297834664
30801 3066.6562954776
30876 2940.6716004614
31137 2902.7801313188
31165 2792.7263548697
31418 2760.0711209499
31504 2741.0718650682
31743 2706.3506912992
32102 2613.8491359636
32116 2613.2558999960
32373 2550.1275647599
32834 2495.6926371580
32907 2408.2222419529
33182 2346.4222662167
33291 2330.8239120611
33501 2300.3792368007
33974 2297.2267704186
33990 2253.5271464965
34300 2222.6764594263
34329 2212.9606296191
34371 2211.1157801773
34406 2180.8860589737
34710 2154.6767556162
35021 2148.9405346074
35082 2138.5385972808
35083 2112.4585758617
35156 2090.3769316429
35356 2089.4546360570
35374 2068.3356968683
35669 2049.1276106200
35949 2043.6847774427
35992 2032.5291235335
36383 2017.0807878875
36416 1999.2279833082
36515 1995.3113404230
36590 1982.2851203064
36715 1964.9557944181
36772 1931.9434463293
36895 1897.9755532420
37067 1786.7648116844
37188 1742.4869864210
37530 1704.3620784915
37559 1688.2976422383
37664 1643.0029934447
37693 1638.5191209925
38350 1607.8647370743
38528 1584.9104168308
38599 1531.6256388325
38644 1526.5248208697
38840 1515.0491365762
38957 1501.0322538672
39040 1499.5247711557
39093 1484.7742943545
39117 1478.4222746232
39137 1473.9418965318
39138 1448.0341338094
39141 1414.2315635016
39255 1400.3627123100
39258 1389.6244574851
39393 1385.2076517652
39424 1354.8271353552
39601 1315.5923880625
39848 1293.2330082834
40234 1268.9643893019
40309 1250.5402704547
40321 1247.1146691200
40446 1232.3956464329
40726 1205.1410630876
41044 1178.1904045948
41475 1154.1280747966
41656 1110.9107189164
42295 1104.4431293971
42759 1101.1901931484
42901 1082.7496689863
43124 1073.6135959126
43219 1065.2120461886
43364 1057.9597469331
43375 1050.4041611321
43894 1049.1053469704
43921 1046.0522872579
43976 1045.0311202618
44018 1038.8379388681
44198 1036.7829930256
44222 1029.2251225148
44292 1028.3030543017
44303 1026.6022370129
44347 1023.1813713854
44525 1010.8720328019
45268 995.2754427309
45339 994.5441963681
45604 991.8171594720
45716 988.3162323742
45738 985.4454862010
45795 982.8519190814
45978 980.9598294489
45998 975.0884275250
46111 973.2420919254
46154 967.4721180747
46476 963.5907639885
46592 958.1088525395
46623 957.3469529055
46819 955.2220458484
46957 954.1906500602
47111 953.3842155185
47175 948.0902713777
47198 935.2796881396
47558 924.8661253806
47612 924.2574222978
48073 922.1072547338
48126 919.7069747408
48143 919.2025842517
48271 914.0573636966
48511 905.5103776314
48586 901.6114072415
48724 892.0151628665
48975 889.9135766664
49301 884.1415922253
49390 876.5556028647
49904 874.7723833064
49921 873.2677089820
49936 872.0681077654
50057 872.0093726114
50133 867.1025479642
50195 863.4806416911
50429 860.4460799735
50580 859.1374732638
50816 858.9684682470
50839 854.7892915857
50849 851.1322549102
50869 848.7082842445
51061 844.7744054783
51110 839.3623792059
51386 838.2167314691
51393 838.1227939784
51422 835.3263387121
51441 833.8970157045
51607 832.4263684837
51639 830.3571610078
51659 829.6213623788
51942 829.4914275848
51963 826.0956742765
52032 823.9047086024
52210 816.5138167077
52380 812.4220308732
52414 808.3440962793
52649 807.4191448078
52769 806.3482977406
52801 799.5648519621
52862 798.4470039993
52941 793.2743366142
53052 786.3537325073
53335 784.8236982853
53358 781.7418267704
53371 775.1612152304
53465 774.9523640983
53540 770.3081289543
53600 761.6716992920
54020 752.9271631744
54235 737.7173058949
54356 724.0554781396
54396 715.2927696919
54659 707.9285753286
54736 697.5793219552
54795 693.5339263428
54974 691.3968520748
55201 680.6378702034
55230 678.0854503499
55455 665.3128297742
55850 663.6723436561
55943 657.6328218343
55967 638.6661749908
55975 631.0744738919
56081 612.0875907438
56305 598.2660269286
56308 598.1406804839
56546 561.6727698270
56698 557.6492555649
56729 547.9632103140
57009 524.7647231564
57041 521.2097126153
57283 518.4527066417
57336 509.6892243075
57575 504.3306229115
57587 497.7366950968
57637 479.9166005438
58218 478.5884029050
58272 478.0139830135
58377 475.5681375816
58379 473.6751052301
58423 460.9341165429
58479 459.6396247355
58496 452.4952863920
58676 451.3532665591
58698 444.9651339705
58796 440.9291505549
59005 438.1247242546
59184 437.7996636033
59261 436.7932768230
59329 431.1436724646
59392 428.3378437273
59492 425.7224264801
59539 423.7600856697
59584 423.4758697589
59634 423.2331567362
59697 420.0322392778
59751 418.8054610737
59760 417.2359856557
59899 416.7116862635
59900 412.9521118298
60120 410.0127570113
60170 405.8917391451
60336 403.0741238502
60411 398.8117433015
60447 398.5827435978
60792 398.0825357891
60829 394.5849964026
61083 388.0036147127
61104 382.8300978654
61409 380.3359216262
61623 377.5780907661
61686 376.8014881447
61749 375.3952246000
61816 374.8846634652
61832 372.8187184460
61888 372.3588722247
61941 367.9025627533
62097 367.3525374892
62123 365.7045047717
62146 364.4478741888
62319 362.8540587691
62535 361.6990898329
62541 361.1186144922
62622 360.8758887739
62627 360.8747358866
62633 358.8094650559
62661 354.8522588241
62852 353.1655719586
63246 352.6209725013
63267 350.7472850320
63396 346.8661812568
63481 344.7936219858
63865 344.4276824462
63888 343.5990183574
63904 343.2403454249
64088 342.3501711396
64115 341.0062025658
64164 340.9606033266
64192 334.3123006294
65281 334.3077491998
65284 329.5533117935
65410 329.4431762551
65444 327.9475338043
65607 326.9532978396
65788 321.7571892464
66189 317.0477430318
66202 314.7146140500
66369 313.2509375509
66590 311.2467302986
66727 310.0065394846
66812 309.5936382250
67139 308.8385917109
67182 299.5399569153
67317 296.8599890720
67679 295.3709692868
67680 287.5780295866
68111 284.4316917833
68346 283.6141565451
68557 281.1512537577
68700 278.8499342792
68806 274.9203485507
69046 272.8306055651
69064 272.3838636885
69071 270.0326571065
69139 269.4398862983
69147 268.3478935225
69291 268.2400811330
69394 264.9405101785
69778 263.3323824401
69806 262.2805508496
70085 261.5582777121
70119 261.3229440967
70166 260.7821328875
70288 259.8213176523
70676 258.9682534238
70772 258.1831562685
70827 257.8160824060
70889 256.8964585148
70944 256.5678254398
70990 255.9202281203
71026 255.7521049993
71124 255.4677503724
71163 253.0606537587
71485 252.9531455157
71555 252.8381215947
71580 251.6332620632
71698 250.8569201364
71999 249.9017750421
72126 249.2357402057
72180 247.8399662256
72216 245.2787204770
72229 244.9893542210
72297 244.7973753081
72388 243.5183744063
72526 241.0976526646
72638 236.3100529456
72832 236.0413534357
72842 233.7206398562
73096 232.2377829446
73305 230.4565865608
73514 229.8269934420
73820 228.8425318715
73852 225.8665212828
73903 220.7597855122
74011 219.9838763516
74059 219.4496206032
74070 219.3050177691
74135 215.1653832622
74200 213.8676732021
74229 210.4915921137
74350 209.8587852898
74611 209.1648379275
74831 198.1411378802
75333 189.5880284783
75719 178.3265226420
75909 174.1888357234
76009 166.2418973469
76298 165.6016711233
76349 165.4495426637
76358 164.5465754555
76475 162.6937808834
76557 160.7218773521
76681 144.6347581052
77267 143.9499488858
77680 139.4322499282
77820 138.3633065635
77841 136.1629679383
77975 135.8916329959
78043 134.1741310003
78153 133.2564031268
78261 131.7573090494
78306 131.5627400401
78366 128.8768126992
78448 128.7505730505
78478 127.0897173862
78489 126.1224050156
78573 125.6116381510
78651 122.9794198218
79001 122.2175298462
79139 121.8350403345
79377 121.3983207180
79436 121.3554339731
79446 121.3205892975
79456 121.2648783784
79487 120.1494438501
79507 118.3769302599
79666 117.5053207053
79937 116.6235158843
79973 116.2619200468
80058 115.6547620488
80267 115.3677546008
80277 115.2193860870
80562 113.6832426241
80741 113.0069944794
80813 112.5963833622
81043 112.4677375531
81157 112.2363589786
81173 112.1370034449
81394 112.0097671619
81544 110.7733032903
81574 108.8248900725
81850 107.9519320150
81854 105.3914128656
82721 105.3048119367
82782 102.3961683969
82834 99.0443530067
83542 98.8918040368
83643 97.9659668942
83658 94.8932986073
83917 93.1862855307
84049 92.6532955960
84144 91.8023330505
84200 91.0828759636
84411 90.7235828037
84421 90.0470961582
84488 89.4696331573
84595 88.9850948021
84715 87.8945954710
84808 87.5312872597
84816 87.3691256250
84857 86.2752869910
85091 85.4015015831
85337 85.1513642257
85338 84.9809140522
85894 84.5352612850
85917 84.4303146284
85979 84.0844924707
85985 84.0215221104
86040 83.8557553614
86043 82.6640256874
86204 82.5806642604
86288 82.4737898018
86292 82.1798675748
86358 81.8446482887
86536 81.7248767747
86551 81.6605511568
86567 81.6401183213
86671 81.4745985078
86714 81.2334168463
86763 81.1768680578
86848 81.1559414159
86860 80.9280533051
86954 80.8890450513
86992 80.6101800707
87214 80.3596804431
87335 80.0286551951
87339 79.9077185680
87672 79.3799746483
87878 79.0595021626
88118 78.9026333262
88284 78.6525003859
88409 78.6229415080
88447 78.2513024339
88799 78.1211179314
89020 78.0315056828
89042 77.4909730375
89168 77.3628311302
89172 77.3591394394
89203 77.2040154284
89245 77.1703267000
89326 77.1560888308
89366 77.1412973944
89369 77.0546869161
89381 76.4629719475
89482 76.4380638203
89588 76.3427411171
89630 76.3253824850
89782 76.3221994068
89811 76.0819726075
89915 75.9631397974
89966 75.8720405526
89981 75.8656185039
90031 75.4654710716
90151 75.3446676607
90223 75.3123694650
90351 75.2245440920
90663 75.0852321465
90773 74.9615758310
90795 74.7842322554
90826 74.7243612501
90905 74.6040843316
90953 74.4692207025
91001 74.4023792828
91162 74.3483547169
91271 73.2221395194
92009 73.1308186090
92031 72.5121794881
92304 72.3017730144
92366 72.1907150428
92428 72.0799178870
92623 71.9476037331
92639 71.7779983381
92659 70.6102573996
93148 69.8849632311
93496 69.7564064391
93611 68.8289498994
93631 68.7342824456
93706 68.6252920531
93747 68.3539424029
93813 68.2354818488
94008 68.0092930786
94126 67.3000630573
94174 66.4971188224
94251 65.2213664153
94552 65.0843692673
94642 64.7110004865
94917 64.5980601318
94947 63.6992665444
95025 63.6652358916
95181 61.6372525755
95500 61.5610690417
95574 60.6882616639
95717 60.3305342086
95741 59.6000525550
95857 59.3663892273
96126 59.0360711366
96185 58.3691291831
96225 58.2736267612
96239 57.9828243188
96389 57.5208527574
96429 57.3173514040
96458 57.0686233040
96460 57.0458522359
96510 56.1822122529
96610 55.9592552870
97075 53.8082661268
97318 53.2964987119
97365 52.6190632169
97480 52.1213595234
97589 51.9303329612
97713 51.8253881769
97731 50.9417122061
97748 50.3829362142
97781 49.9194914153
97826 49.8110900588
97879 48.9468178798
97897 48.2534190826
98033 47.5360998816
98192 46.0458095906
98400 45.8775276414
98475 45.8608932692
98776 45.4044642555
98785 44.8128421708
98813 44.7941538384
98989 43.3370364426
99126 43.1749596764
99147 43.0344257845
99226 39.8329820453
99400 37.9767253403
99789 37.2039821583
99821 37.0205696145
99920 36.4460471151
99944 35.7525876234
100132 34.6775060090
100240 34.5991198019
100244 33.5401390397
100486 33.5264605210
100530 33.2857812080
100540 33.2533925757
100744 32.5374966358
100798 32.4115761789
100834 32.3893379539
100943 32.3423756587
101004 31.7445932064
101016 31.5950712350
101055 31.5441677183
101116 31.4386230606
101327 31.3708497289
101382 30.8500276116
101443 30.6015123613
101472 30.4702779458
101481 30.2203305925
101582 30.1126154972
101704 30.1090839478
101727 29.7809037718
101855 29.7607337143
101888 29.7033411538
101906 29.3739037679
101971 29.2790433135
102077 29.2717684281
102107 29.2649495812
102169 29.2183465423
102256 29.1871554653
102264 28.9371852248
102302 28.4058807963
102712 27.7996233155
103073 27.5597567144
103186 26.9238392491
103328 26.8150232414
103331 26.4589406910
103350 26.1460092228
103433 26.1121418947
103489 25.9814587869
103825 25.9115189971
103840 25.6743384911
103902 25.0842966338
103951 24.9942116563
104026 24.9066735926
104199 24.8489917591
104351 24.7810178380
104355 24.5669708882
104407 24.5431582813
104480 23.4151591347
104793 22.7943978165
105021 22.4479157252
105115 22.4318365704
105121 22.3247889586
105134 22.2594929979
105195 22.0930123030
105202 21.9961879444
105227 21.8379652165
105296 21.7336246258
105318 21.3930543211
105459 21.2321952309
105495 21.2110084298
105543 21.1195058327
105619 21.0315241450
105621 20.9304031614
105667 20.6144929172
105739 20.3671607003
105807 20.3172230601
105997 20.3146774677
106002 20.2937140037
106055 20.1075691551
106059 19.7069077589
106102 19.7056061672
106154 19.4359919461
106217 19.4236878108
106274 19.4232088202
106314 18.9342068162
106416 18.5197792092
106746 18.1843401599
106807 17.9513059577
107049 17.7767040789
107367 16.9145594954
107424 16.4306068689
107595 16.2022904574
107651 13.7690167640
108168 13.5992506682
108310 13.5509069695
108317 12.8730198685
108363 12.8275926544
108433 12.7037800212
108434 12.0698705843
108452 11.0396674541
108578 10.6582168761
108826 10.6513820628
108858 9.7474109878
108964 9.5691726361
109293 9.0680215632
109603 8.4822752748
109808 8.2801182300
110130 8.1825433689
110156 8.1733872225
110251 8.1450854734
110254 8.1194672108
110279 8.0848331030
110295 7.8396773047
110467 7.7129540567
110510 7.5420769014
110884 7.5008486745
110996 7.4809941024
111117 7.4276527557
111148 7.4110954952
111259 7.2734496582
111395 7.2313147755
111541 7.0606016979
111994 7.0099080906
112087 6.9779106225
112104 6.9211229872
112111 6.8310719314
112371 6.7188781300
112533 6.6974958031
112557 6.5887809310
112693 6.4691328122
113209 6.4123545054
113554 6.0707893999
113733 5.8823707159
114140 5.8050203759
114263 5.7850755949
114356 5.7563148749
114479 5.5432942339
114564 5.4616669651
114742 5.3017390627
114899 5.2766170011
114917 5.1564465006
114980 5.0981075749
115178 4.9435734236
115324 4.8269154293
115435 4.8117891691
115647 4.6046836890
115730 4.5989425500
115837 4.5274018969
116135 4.5150448977
116253 4.4426700296
116400 4.3174775039
116519 4.2759252029
116594 4.2484985000
116673 4.2076089133
116680 4.1840663712
116939 4.1697336494
116966 4.0723811409
117122 4.0648374179
117201 4.0347858016
117242 3.9785172744
117254 3.9344141584
117305 3.8713066724
117562 3.8319991024
117800 3.8204971397
117846 3.7980027646
117912 3.7832009206
118122 3.6867645738
118338 3.6691461762
118412 3.6177419645
118457 3.6177154459
118534 3.5817552441
118606 3.5591394357
118644 3.5495902464
118667 3.4670552289
119275 3.3747126229
119375 3.3526779830
119437 3.3120849096
119737 3.2804895853
119760 3.2723747990
119767 3.2597402411
119827 3.1526586625
119918 3.1410612849
120063 3.1262476204
120180 3.1163184978
120396 3.0491305871
120507 2.9966776910
120633 2.9813582586
120736 2.9197182140
120778 2.9191872451
120882 2.9023123107
121075 2.8984411631
121488 2.7698056164
121611 2.7215484496
121622 2.7199124893
121823 2.6857252145
121944 2.5772860787
122052 2.5441648917
122074 2.5365499104
122201 2.4937497215
122239 2.4467341982
122474 2.4181022828
122624 2.4129803247
122633 2.3922514620
122643 2.3253147126
122654 2.3155586004
122744 2.2717746223
122847 2.1898406243
123016 2.1383171042
123292 2.0889187489
123296 2.0583376728
123337 1.8456103224
124499 1.6299402900
124746 1.5958605954
124769 1.5118241831
124824 1.4958050359
125001 1.4726304162
125180 1.4205413271
125262 1.4157230173
125285 1.3966800046
125288 1.3352602247
125410 1.3182421319
125412 1.3182085056
125451 1.2435912279
125617 1.2278013221
125786 1.2207908836
125849 1.2094262893
125865 1.2006799683
125921 1.1960162871
125964 1.1738877691
126020 1.1627691083
126185 1.1517655987
126234 1.1508165792
126316 1.1376296421
126666 1.1348681428
126710 1.1067597867
127039 1.1052616857
127260 1.0998897092
127337 1.0986782111
127402 1.0936060858
127560 1.0838117526
127718 1.0749390978
127806 1.0734125513
127839 1.0569682677
128103 1.0415534698
128138 1.0288372121
128203 1.0227227576
128307 1.0222956654
128400 1.0189397941
128498 1.0078604645
128863 0.9757262007
129114 0.9658565661
129241 0.9615784651
129288 0.9298834490
129358 0.9254903121
129436 0.9229769585
129508 0.9187158604
129673 0.9139277756
129726 0.9120821378
129773 0.9052170722
129845 0.9028876899
129860 0.8832182834
129877 0.8773493120
129952 0.8661275190
130108 0.8653066746
130397 0.8392322319
130465 0.8202871549
130491 0.8158655067
130541 0.8139298564
130626 0.7960143926
130687 0.7924858907
130736 0.7917786543
130764 0.7694079765
130884 0.7625047147
130904 0.7492138619
131070 0.7312378016
131219 0.7311912383
131227 0.7242960838
131298 0.7043659103
131572 0.6989363000
131645 0.6843053440
131825 0.6755389138
131921 0.6694499660
131977 0.6646724393
132032 0.6604430999
132179 0.6595302906
132202 0.6579426708
132219 0.6566045898
132238 0.6563518952
132239 0.6539698670
132240 0.6485337328
132241 0.6470932706
132254 0.6431789663
132296 0.6430014365
132377 0.6392495343
132518 0.6388961884
132560 0.6281342964
132594 0.6262106016
132842 0.6220174296
133023 0.6195046397
133044 0.6129199857
133212 0.6078231280
133457 0.6045842066
133584 0.6007966658
133802 0.5998665297
133823 0.5975075546
133873 0.5947569405
133930 0.5930507124
134240 0.5880227421
134399 0.5876167994
134404 0.5872139243
134446 0.5866903208
134461 0.5860406534
134469 0.5832428481
134484 0.5829214784
134737 0.5817736612
134742 0.5714063075
135246 0.5683420318
135344 0.5675289267
135346 0.5662893443
135370 0.5639149085
135437 0.5625494413
135499 0.5622903223
135796 0.5597249632
135836 0.5573415371
135854 0.5536747523
135919 0.5396645577
136027 0.5346716282
136075 0.5303126498
136129 0.5299974296
136130 0.5256585695
136136 0.5058971835
136138 0.5041734267
136199 0.4727431704
136246 0.4603941404
136265 0.4411633609
136305 0.4324862252
136317 0.4126104899
137408 0.3839216130
137490 0.3818535888
137496 0.3726690790
137519 0.3420761491
137588 0.3198389675
137601 0.3127759504
137720 0.3105969050
137985 0.2838423460
138159 0.2712193081
138244 0.2657762295
138280 0.2609039320
138284 0.2499015011
138295 0.2407440212
138474 0.2355777914
138479 0.2348728488
138495 0.2298838009
138577 0.2167400998
138767 0.2164427493
138780 0.2141403264
138815 0.2105675058
138864 0.2064959957
138871 0.1968816577
139004 0.1913474719
139281 0.1879138420
139478 0.1872670642
139535 0.1864974250
139701 0.1847616424
139710 0.1836243066
139726 0.1810617684
139772 0.1802772171
139818 0.1781284049
139841 0.1726621152
140185 0.1723437697
140267 0.1688832723
140391 0.1677642528
140437 0.1611953682
140669 0.1576373947
140800 0.1573512378
140840 0.1567080739
140881 0.1564639500
140923 0.1555520920
140929 0.1553116156
140954 0.1512443596
141144 0.1490462796
141202 0.1476724663
141362 0.1441872097
141555 0.1439077595
141563 0.1408901814
141588 0.1400625736
141644 0.1362594573
141791 0.1307650939
142083 0.1304162521
142093 0.1291878196
142123 0.1288572479
142161 0.1277144647
142167 0.1226044210
142352 0.1146042756
142446 0.1118174681
142569 0.1088816289
142752 0.1073251561
142922 0.1043371036
143214 0.0995830859
143216 0.0992885417
143239 0.0901761623
143359 0.0856374174
143440 0.0805648289
143581 0.0781677313
143624 0.0763103909
143661 0.0745802244
143694 0.0704926169
143747 0.0688271965
143822 0.0578347078
143956 0.0554819490
143996 0.0522752071
144149 0.0473921103
144302 0.0439537507
144635 0.0418585074
144687 0.0372077515
144840 0.0366928089
144942 0.0366585108
144953 0.0355982005
144954 0.0304011871
145037 0.0270314222
145289 0.0265688478
145336 0.0235449353
145516 0.0220362218
145768 0.0217504809
145794 0.0196018287
145845 0.0195901688
145950 0.0192888012
146061 0.0188012126
146175 0.0172438391
146190 0.0167170906
146284 0.0159626370
146286 0.0148679463
146393 0.0146500895
146718 0.0124638507
146811 0.0111690605
147178 0.0107902517
147183 0.0103854472
147232 0.0101180628
147256 0.0096271627
147372 0.0095415327
147409 0.0095362195
147455 0.0088073632
147482 0.0086138124
147495 0.0085945778
147500 0.0084683952
147516 0.0084283202
147576 0.0083991545
147586 0.0080926201
147598 0.0080560282
147630 0.0079810437
147685 0.0079736132
147730 0.0074704419
147819 0.0066153505
147910 0.0063801040
148254 0.0061839298
148318 0.0059748989
148498 0.0057008556
148671 0.0056819931
148711 0.0055128916
148823 0.0054067414
148828 0.0053222828
148899 0.0052841500
148935 0.0052679665
148968 0.0052413537
148985 0.0050132102
149085 0.0050061723
149154 0.0049892451
149221 0.0049541000
149360 0.0048063531
149369 0.0047720110
149383 0.0043950685
149470 0.0043326477
149824 0.0042059427
150163 0.0040729391
150224 0.0039652642
150245 0.0036884732
150299 0.0032440583
150348 0.0029154830
150726 0.0029056946
150821 0.0023830683
151042 0.0023710048
151100 0.0022891475
151127 0.0022203599
151178 0.0019041068
151305 0.0017683778
151378 0.0017315062
151419 0.0017245699
151420 0.0017130786
151468 0.0015741928
151507 0.0012067976
151596 0.0011674438
151598 0.0010900213
151650 0.0010840831
151668 0.0009381466
151694 0.0008051586
151882 0.0007697258
151917 0.0006122336
152046 0.0005623904
152138 0.0005365062
152172 0.0005341172
152177 0.0004646645
152208 0.0004609998
152349 0.0003767431
152473 0.0003318717
152487 0.0002742075
152588 0.0002461293
152691 0.0002404579
152734 0.0001795502
152815 0.0001519877
153002 0.0001483392
153013 0.0001324869
153056 0.0001148720
153119 0.0001019874
153204 0.0000896926
153217 0.0000896120
153252 0.0000848703
153348 0.0000847046
153399 0.0000794949
153427 0.0000707429
153467 0.0000547555
153587 0.0000457277
153702 0.0000432835
153815 0.0000402088
153847 0.0000368645
153887 0.0000303225
153940 0.0000285183
153996 0.0000258941
154018 0.0000234789
154064 0.0000200369
154076 0.0000197867
154111 0.0000196861
154182 0.0000183747
154205 0.0000172640
154264 0.0000119276
154363 0.0000114964
154394 0.0000093853
154515 0.0000093561
154532 0.0000073281
154696 0.0000068627
154700 0.0000064427
154710 0.0000063545
154770 0.0000059975
154830 0.0000042727
154865 0.0000038055
155019 0.0000035297
155056 0.0000035125
155155 0.0000029919
155169 0.0000026615
155182 0.0000025979
155243 0.0000022311
155299 0.0000020071
155333 0.0000018917
155384 0.0000017719
155393 0.0000017463
155456 0.0000016344
155566 0.0000016313
155609 0.0000011776
155613 0.0000010915
155660 0.0000009477
155846 0.0000009325
155883 0.0000007698
155922 0.0000006208
156049 0.0000005354
156073 0.0000003814
156242 0.0000003740
156292 0.0000003594
156301 0.0000003296
156327 0.0000002882
156412 0.0000002544
156418 0.0000002166
156517 0.0000002017
156679 0.0000001689
156712 0.0000001534
156757 0.0000001371
156767 0.0000001333
156785 0.0000001096
156907 0.0000000936
156996 0.0000000668
157153 0.0000000635
157160 0.0000000565
157197 0.0000000564
157262 0.0000000536
157275 0.0000000452
157353 0.0000000444
157400 0.0000000359
157464 0.0000000344
157472 0.0000000329
157534 0.0000000302
157556 0.0000000280
157683 0.0000000274
157690 0.0000000216
157758 0.0000000183
157830 0.0000000133
158000 0.0000000092
158126 0.0000000090
158250 0.0000000088
158266 0.0000000077
158298 0.0000000074
158366 0.0000000072
158415 0.0000000072
158446 0.0000000069
158463 0.0000000069
158465 0.0000000059
158483 0.0000000055
158529 0.0000000044
158678 0.0000000036
158722 0.0000000035
158857 0.0000000034
158891 0.0000000032
158912 0.0000000025
158953 0.0000000024
159012 0.0000000023
159079 0.0000000023
159082 0.0000000021
159091 0.0000000020
159152 0.0000000019
159184 0.0000000016
159252 0.0000000014
159381 0.0000000014
159426 0.0000000010
159463 0.0000000010
159519 0.0000000009
159614 0.0000000007
159690 0.0000000006
159759 0.0000000006
159849 0.0000000006
159855 0.0000000005
159910 0.0000000004
159930 0.0000000004
159982 0.0000000004
160095 0.0000000003
160101 0.0000000003
160152 0.0000000003
160205 0.0000000002
160294 0.0000000002
160346 0.0000000002
160382 0.0000000002
160398 0.0000000002
160417 0.0000000001
160532 0.0000000001
160619 0.0000000001
160645 0.0000000001
160680 0.0000000001
160718 0.0000000001
160748 0.0000000001
160784 0.0000000001
160933 0.0000000001
161045 0.0000000000
161133 0.0000000000
161139 0.0000000000
161176 0.0000000000
161222 0.0000000000
161264 0.0000000000
161313 0.0000000000
161317 0.0000000000
161467 0.0000000000
161483 0.0000000000
161514 0.0000000000
161523 0.0000000000
161600 0.0000000000
161660 0.0000000000
161720 0.0000000000
161770 0.0000000000
161791 0.0000000000
161864 0.0000000000
162023 0.0000000000
162060 0.0000000000
162093 0.0000000000
162226 0.0000000000
162412 0.0000000000
162499 0.0000000000
162766 0.0000000000
162827 0.0000000000
163014 0.0000000000
163047 0.0000000000
163081 0.0000000000
163093 0.0000000000
163126 0.0000000000
163130 0.0000000000
163222 0.0000000000
163336 0.0000000000
163374 0.0000000000
163486 0.0000000000
163592 0.0000000000
163755 0.0000000000
163873 0.0000000000
163878 0.0000000000
164091 0.0000000000
164340 0.0000000000
165088 0.0000000000
