evaluations raw_y
1 3655730.9005857911
2 3206641.2777509643
3 3083766.3953690119
4 2464425.2346421350
7 1857241.2552141149
21 1842496.0930803230
28 1166172.0156368266
42 1064396.2732757020
70 1020379.3102183114
94 910232.0175095279
99 594063.0456704191
143 590216.4417673401
151 564425.2048144636
162 456995.4886323459
207 318992.2290413594
211 297687.1793049568
336 279194.5882838675
342 255940.3648029396
387 206466.4490513522
431 186477.3339481320
476 146990.4500071473
507 67150.8618801430
662 38144.3022155867
838 6941.0492929466
1259 5046.1677981062
1272 3973.4454504178
5221 3799.9677575781
5263 3667.5025428264
5654 3666.3269453071
5671 2764.9363102081
5819 2393.4465388808
5853 2216.8869239738
5984 2006.1697445159
6127 1916.9348762176
6274 1907.2518621580
6283 1826.1397554399
6521 1821.7156667497
6567 1623.2675868967
6628 1489.8306791686
6640 1280.8664678468
6756 1035.0060986193
7174 1019.5699897090
7190 981.9986313949
7226 888.0389248278
7271 860.9269125430
7320 722.5869317503
7458 707.2109875846
7624 610.1664769182
7760 559.8581225233
7939 555.7168698445
7958 546.9597497207
8066 529.1901161440
8112 463.3671533672
8137 460.4508228306
8148 391.6032167083
8746 366.7643952406
8843 343.0890872618
8960 259.3056808458
9026 241.3814622165
9144 232.1046130038
9151 214.5265273400
9440 213.7274931147
9445 212.2432371660
9569 196.5001895562
9644 194.3456452414
9682 188.5015852534
9695 175.8678301450
9878 172.5605721141
9905 162.1708422026
9914 153.0903901079
10020 146.8924193445
10095 124.9340463263
10120 121.7054158690
10210 120.5323982066
10269 111.0209091621
10283 110.0736008610
10428 107.9956439645
10469 82.9714147859
10814 76.3439579976
10894 70.8792413856
10997 63.9497212903
11072 62.7273961364
11336 56.3037169074
11657 55.6292262975
11750 54.5775832189
11813 48.6486551450
11978 46.9504514212
12035 46.2329591798
12120 45.9385651901
12141 45.5284247195
12152 43.4791297675
12261 41.3713442374
12281 38.9754901225
12379 33.2059090404
12438 26.9638795785
12578 24.2285429901
12779 23.5436136365
12828 21.7216787736
13183 21.4078839220
13250 19.4329047916
13286 16.6898211648
13390 16.6496617834
13416 14.6894642436
13471 13.1219553030
13521 12.7025597674
13533 12.5600735388
13574 12.5474859264
13663 12.5373327628
13799 12.5338271959
13847 12.4173322669
13850 12.3537659793
13947 11.8723968940
14014 10.2185111443
14097 8.4715243258
14276 6.9054273680
14606 6.7050870954
14939 6.5967167105
14979 6.4708314061
15192 6.3181730384
15313 6.1729144840
15332 6.1123988456
15339 4.5346009390
15430 4.4457518834
15567 4.3064861647
15778 3.9800857190
15793 3.8627157630
15856 3.4212448632
16064 3.3861900320
16114 3.0574164163
16582 3.0089177846
16688 2.6942844000
16732 1.9059111599
17199 1.8345971268
17357 1.5177461950
17398 1.3853470110
17633 1.3784333726
17721 0.8688843688
18639 0.8174627309
18737 0.7835646643
18774 0.7358922967
18787 0.6912082353
19152 0.6845077254
19341 0.6431588860
19424 0.6047094401
19497 0.5321624861
19566 0.4164933217
19601 0.4061677564
19900 0.3743661782
19909 0.3727748984
20206 0.3679216039
20260 0.3302185807
20327 0.3157229464
20390 0.3085548152
20425 0.3022627238
20503 0.2845196112
20562 0.2647038003
20659 0.2636961018
20687 0.2571387257
20717 0.2471808664
20788 0.2219361519
21015 0.1594008712
21367 0.1516005385
21690 0.1452425695
21694 0.1274835577
22014 0.1216763051
22072 0.1099829047
22183 0.1049893237
22206 0.0897333963
22251 0.0806922723
22608 0.0806903926
22646 0.0790404096
22838 0.0770116634
22896 0.0712964334
22926 0.0705771900
23152 0.0509837782
23326 0.0468770296
23550 0.0322409371
24042 0.0291330074
24191 0.0260672434
24206 0.0237617169
24612 0.0224392788
24613 0.0224192110
24997 0.0223602038
25070 0.0188484529
25208 0.0176956329
25268 0.0168369920
25371 0.0148412449
25448 0.0108956118
25932 0.0103772898
25944 0.0092887496
25959 0.0090054647
25996 0.0085841079
26250 0.0084427927
26347 0.0079265526
26449 0.0078883134
26457 0.0074335336
26516 0.0070616113
26523 0.0064287181
26610 0.0058640612
26650 0.0052558466
26835 0.0049700755
27017 0.0046648691
27104 0.0046595030
27171 0.0042123056
27525 0.0029905229
27660 0.0028889336
27869 0.0027919873
27928 0.0026940078
28050 0.0025726711
28080 0.0024823247
28141 0.0024641465
28162 0.0024493901
28163 0.0023784874
28224 0.0023432255
28320 0.0015855409
28474 0.0015749700
28623 0.0015677898
29222 0.0015144750
29314 0.0014249073
29334 0.0013634680
29350 0.0013207868
29569 0.0011576387
29736 0.0011514591
29771 0.0009564241
29779 0.0009245773
29854 0.0008732904
29884 0.0008428592
30410 0.0007955130
30499 0.0007483652
30542 0.0006478635
30629 0.0005651741
30727 0.0005404170
30904 0.0005341708
30938 0.0005159970
30975 0.0005102306
31002 0.0005012100
31042 0.0004946858
31299 0.0004795792
31416 0.0004745773
31420 0.0003032244
31542 0.0002886597
31614 0.0002676146
31870 0.0002423109
32001 0.0002226867
32406 0.0002172268
32465 0.0002017366
32468 0.0001441217
32732 0.0001440091
33039 0.0001439493
33269 0.0001430460
33389 0.0001424298
33391 0.0001398370
33449 0.0001356234
33473 0.0001303404
33487 0.0001267830
33489 0.0001255545
33556 0.0001071731
33559 0.0001062760
33597 0.0001048988
33665 0.0000981271
33673 0.0000796489
33784 0.0000782648
33801 0.0000741960
34099 0.0000624125
34319 0.0000559808
34732 0.0000548994
34734 0.0000507156
34991 0.0000501915
35004 0.0000498435
35025 0.0000350733
35411 0.0000335744
35523 0.0000328458
35538 0.0000306371
35577 0.0000287839
35816 0.0000244538
35841 0.0000208359
36090 0.0000201333
36249 0.0000186952
36313 0.0000170986
36396 0.0000169151
36437 0.0000161379
36471 0.0000159444
36909 0.0000157408
36940 0.0000156995
36945 0.0000151829
37081 0.0000148165
37289 0.0000135697
37368 0.0000130431
37369 0.0000120526
37493 0.0000102391
37533 0.0000097512
37641 0.0000093987
37644 0.0000092246
37672 0.0000073470
37846 0.0000065792
37989 0.0000061758
38332 0.0000056065
38425 0.0000053382
38554 0.0000048592
38752 0.0000047398
38758 0.0000045564
38782 0.0000037365
39041 0.0000033050
39120 0.0000032230
39169 0.0000031443
39366 0.0000031214
39438 0.0000021774
39664 0.0000019458
39832 0.0000019009
39958 0.0000018020
39975 0.0000017533
40002 0.0000017262
40054 0.0000016793
40306 0.0000010164
40691 0.0000009195
40808 0.0000008813
41004 0.0000008778
41277 0.0000008618
41343 0.0000007947
41439 0.0000007880
41476 0.0000006387
41597 0.0000006288
41661 0.0000005482
41808 0.0000004964
41822 0.0000004384
42935 0.0000004311
42938 0.0000004262
42977 0.0000004241
43050 0.0000004011
43065 0.0000003194
43425 0.0000002826
43705 0.0000002752
44055 0.0000002598
44103 0.0000002464
44313 0.0000002322
44584 0.0000002200
44590 0.0000002086
44610 0.0000002080
44661 0.0000001915
44662 0.0000001834
44903 0.0000001787
44935 0.0000001535
45052 0.0000001446
45119 0.0000001268
45330 0.0000001154
45545 0.0000001126
45581 0.0000001063
45882 0.0000001042
46026 0.0000001000
46090 0.0000000996
46438 0.0000000980
46565 0.0000000938
46582 0.0000000752
46712 0.0000000570
46825 0.0000000562
47138 0.0000000561
47247 0.0000000544
47315 0.0000000532
47559 0.0000000518
47561 0.0000000514
47613 0.0000000495
47632 0.0000000489
47685 0.0000000390
47936 0.0000000345
48065 0.0000000314
48314 0.0000000312
48561 0.0000000304
48664 0.0000000285
48689 0.0000000282
48777 0.0000000262
49042 0.0000000219
49093 0.0000000218
49267 0.0000000204
49514 0.0000000198
49617 0.0000000187
49856 0.0000000186
49888 0.0000000180
49999 0.0000000179
50008 0.0000000174
50094 0.0000000154
50166 0.0000000153
50172 0.0000000144
50191 0.0000000127
50245 0.0000000111
50660 0.0000000111
50703 0.0000000109
50868 0.0000000109
50988 0.0000000106
51044 0.0000000106
51136 0.0000000106
51320 0.0000000092
51400 0.0000000067
51573 0.0000000065
51629 0.0000000060
51786 0.0000000059
51868 0.0000000059
51897 0.0000000059
51985 0.0000000058
52018 0.0000000056
52171 0.0000000044
52231 0.0000000043
52355 0.0000000038
52397 0.0000000031
53060 0.0000000030
53112 0.0000000029
53140 0.0000000027
53225 0.0000000019
53790 0.0000000019
53939 0.0000000015
54006 0.0000000015
54930 0.0000000014
55042 0.0000000012
55378 0.0000000012
55403 0.0000000011
55456 0.0000000011
55488 0.0000000011
55667 0.0000000007
56021 0.0000000007
56080 0.0000000006
56146 0.0000000006
56217 0.0000000006
56248 0.0000000006
56251 0.0000000006
56508 0.0000000006
56515 0.0000000006
56521 0.0000000005
56533 0.0000000004
56669 0.0000000004
56810 0.0000000004
57011 0.0000000004
57058 0.0000000003
57146 0.0000000003
57357 0.0000000003
57388 0.0000000003
57514 0.0000000003
57523 0.0000000003
57540 0.0000000002
57602 0.0000000002
57964 0.0000000002
57967 0.0000000002
57989 0.0000000002
58306 0.0000000002
58334 0.0000000002
58357 0.0000000001
58384 0.0000000001
58575 0.0000000001
58686 0.0000000001
58729 0.0000000001
58777 0.0000000001
58925 0.0000000001
59069 0.0000000001
59126 0.0000000001
59352 0.0000000001
59362 0.0000000001
59410 0.0000000001
59530 0.0000000001
59548 0.0000000001
59618 0.0000000000
59838 0.0000000000
60303 0.0000000000
60366 0.0000000000
60416 0.0000000000
60495 0.0000000000
60811 0.0000000000
60865 0.0000000000
61124 0.0000000000
61224 0.0000000000
61381 0.0000000000
61432 0.0000000000
61531 0.0000000000
61606 0.0000000000
61663 0.0000000000
62086 0.0000000000
62131 0.0000000000
62185 0.0000000000
62524 0.0000000000
62805 0.0000000000
62827 0.0000000000
63008 0.0000000000
63267 0.0000000000
63652 0.0000000000
63691 0.0000000000
63713 0.0000000000
63753 0.0000000000
63768 0.0000000000
63947 0.0000000000
64019 0.0000000000
64184 0.0000000000
64253 0.0000000000
64278 0.0000000000
64724 0.0000000000
64728 0.0000000000
64870 0.0000000000
64934 0.0000000000
65233 0.0000000000
65358 0.0000000000
65541 0.0000000000
65765 0.0000000000
65872 0.0000000000
65907 0.0000000000
65922 0.0000000000
66305 0.0000000000
66317 0.0000000000
66364 0.0000000000
66494 0.0000000000
66945 0.0000000000
66978 0.0000000000
67083 0.0000000000
67087 0.0000000000
67187 0.0000000000
67221 0.0000000000
67297 0.0000000000
67431 0.0000000000
67966 0.0000000000
68044 0.0000000000
68278 0.0000000000
68508 0.0000000000
68592 0.0000000000
68779 0.0000000000
68859 0.0000000000
69193 0.0000000000
69672 0.0000000000
69743 0.0000000000
69921 0.0000000000
70194 0.0000000000
70404 0.0000000000
70500 0.0000000000
70775 0.0000000000
70838 0.0000000000
70967 0.0000000000
71013 0.0000000000
71123 0.0000000000
71435 0.0000000000
71585 0.0000000000
71673 0.0000000000
71801 0.0000000000
71943 0.0000000000
71950 0.0000000000
72017 0.0000000000
72258 0.0000000000
72267 0.0000000000
72547 0.0000000000
72630 0.0000000000
72667 0.0000000000
72722 0.0000000000
72853 0.0000000000
73389 0.0000000000
73566 0.0000000000
73636 0.0000000000
73917 0.0000000000
74038 0.0000000000
74120 0.0000000000
74717 0.0000000000
74965 0.0000000000
75210 0.0000000000
75465 0.0000000000
76169 0.0000000000
76402 0.0000000000
76796 0.0000000000
78098 0.0000000000
78302 0.0000000000
evaluations raw_y
1 1850537.8579453283
3 1475295.4382031537
4 1434137.4585443684
11 1052275.9177122426
17 923580.2940413386
28 813214.9692487495
59 655501.3445372834
67 454336.5875850683
118 443808.9348872821
136 311989.3844798260
175 292096.2592722254
177 181514.5830126774
203 166247.7765408989
247 143233.3956516257
255 103437.3519507099
266 82622.1083484509
343 66613.7463917073
385 32536.0704484281
527 18365.4018022899
567 2450.2604772460
589 1912.7470984239
5965 1905.3505720138
6355 1858.4478566511
6382 1767.9875156605
6501 1669.0903193968
6539 1668.3157262718
6670 1414.3493741845
6736 1169.3732536879
6820 1073.6912190394
6852 1019.3539845377
6951 994.8402911080
7033 994.5373049796
7138 977.4864315103
7161 928.4084234174
7242 907.3252435821
7283 898.4254143061
7286 847.6258646636
7340 835.6702016497
7392 824.1690204644
7395 819.7939042587
7399 744.9087827637
7411 706.3174280397
7563 643.2574125643
7663 642.5405666552
7810 522.3991471454
8009 521.4739586927
8026 491.9123101344
8034 472.1318063786
8158 459.4798907306
8159 423.9034098255
8245 422.9246621758
8249 413.2564313421
8261 396.1555105478
8265 293.3113963302
8400 286.0798616753
8588 278.1594831285
8668 230.2742754583
8849 225.8759217138
8877 215.7692723707
9163 215.0603645088
9219 214.8345276085
9276 214.1866162023
9340 197.1925372287
9487 193.6603773541
9511 151.2323394304
9756 140.9016928675
9758 130.1368989868
9871 118.9032723528
9911 117.4099834808
9929 115.4576763342
10099 115.0556266488
10190 113.7726512813
10197 111.9670998831
10270 111.1165155863
10482 106.6266128056
10496 92.5813934540
10699 90.7947161153
10702 77.1209429027
10728 72.6473759110
10866 70.7079915222
10896 65.0223911594
11159 45.0169556076
11558 43.6613444128
11575 42.8192906871
11607 41.7690454273
11675 32.1664962094
12026 31.2440001358
12119 24.7396490787
12373 23.7053152420
12394 23.5073193814
12466 22.4898559061
12578 21.8264356113
12604 20.0987303140
12644 13.3930516054
12912 13.1021018852
13107 12.2844282172
13339 10.2877348474
13709 9.6693195424
13809 8.0482441151
13908 7.4422109401
14244 7.2765728729
14274 6.7389303745
14384 6.6758180152
14460 6.5619679071
14568 5.5416749803
14669 5.4595456998
14696 4.8329127480
14751 4.2067096213
14899 3.9836575611
15000 3.4808506873
15252 2.9156708270
15260 2.5464970124
15790 2.5270713855
15991 2.5023050250
16177 2.1419917136
16212 1.8233151051
16559 1.5600748190
16886 1.4560088799
16894 1.4135017004
17156 1.3968943394
17262 1.3793991960
17374 1.3313065753
17484 1.1478466343
17570 1.0513830957
17652 0.8901739149
17762 0.7256151430
18273 0.7255946735
18279 0.6496449923
18409 0.4351414442
18640 0.4147877337
18993 0.4058236297
19156 0.3965940097
19239 0.3444725265
19287 0.3316807241
19364 0.2555126081
19541 0.2439307427
19803 0.2394062479
19819 0.2283672401
19838 0.2030678862
19991 0.1963414906
20008 0.1893267108
20013 0.1866986461
20081 0.1646469055
20232 0.1565358901
20445 0.1560631431
20488 0.1322010085
20716 0.1137536514
21096 0.0973112219
21525 0.0904276160
21690 0.0881039817
21844 0.0806268861
21926 0.0801483098
22057 0.0577408428
22457 0.0537463853
22496 0.0426333066
22634 0.0421572886
22735 0.0381754033
22888 0.0335006722
22935 0.0309790125
23243 0.0239017440
23247 0.0231113267
23333 0.0215030166
23509 0.0212105246
23525 0.0173496700
24360 0.0167806959
24370 0.0160506145
24430 0.0159120605
24432 0.0143858934
24574 0.0143517261
24642 0.0142897643
24801 0.0127329767
24880 0.0099770560
24929 0.0096388578
25005 0.0086068566
25080 0.0083582116
25399 0.0075920777
25417 0.0067329043
25546 0.0054767452
26057 0.0050652389
26215 0.0046585668
26477 0.0044218792
26595 0.0038341965
26803 0.0037036612
26939 0.0033650580
26998 0.0032904645
27034 0.0030866502
27066 0.0025031140
27154 0.0023030413
27369 0.0021339343
27504 0.0020478514
27564 0.0018685121
27621 0.0018025119
27627 0.0016020902
27805 0.0014659820
27987 0.0012941354
28125 0.0012200893
28264 0.0010460197
28342 0.0010180172
28636 0.0006054200
29134 0.0005520319
29201 0.0005145295
29452 0.0004257429
30232 0.0003389053
30388 0.0002992305
30529 0.0002948627
30614 0.0002738591
30616 0.0002702494
30761 0.0002681592
30866 0.0002669057
30946 0.0002552116
30979 0.0001472544
31532 0.0001431157
31547 0.0001390505
31662 0.0001259426
32078 0.0001197690
32171 0.0001148118
32185 0.0001122666
32291 0.0000940978
32381 0.0000935707
32568 0.0000925182
32619 0.0000760802
32863 0.0000632210
33265 0.0000599258
33358 0.0000544804
33513 0.0000535934
33574 0.0000361091
33934 0.0000301689
34125 0.0000297115
34243 0.0000294884
34360 0.0000293646
34394 0.0000292236
34412 0.0000243581
34530 0.0000168824
35230 0.0000165577
35319 0.0000157043
35504 0.0000146105
35726 0.0000144204
35764 0.0000142106
35765 0.0000114888
35806 0.0000106569
36149 0.0000088161
36802 0.0000087281
36923 0.0000085912
36952 0.0000084028
36979 0.0000079724
37027 0.0000074386
37144 0.0000066933
37358 0.0000061091
37541 0.0000056121
37570 0.0000055726
37630 0.0000051461
37723 0.0000051026
37742 0.0000048773
37951 0.0000047736
37990 0.0000046891
37994 0.0000043210
38064 0.0000036678
38266 0.0000035402
38345 0.0000034857
38403 0.0000033223
38420 0.0000031287
38527 0.0000030430
38567 0.0000029466
38587 0.0000024473
38636 0.0000020817
38835 0.0000018907
38838 0.0000016684
40222 0.0000013069
40260 0.0000010882
40336 0.0000010768
40418 0.0000009115
40944 0.0000007874
41068 0.0000006000
41684 0.0000005692
41766 0.0000005405
41795 0.0000005405
41808 0.0000005012
41928 0.0000004966
42128 0.0000004815
42159 0.0000004682
42308 0.0000004532
42431 0.0000004516
42491 0.0000003511
42588 0.0000002431
42826 0.0000002122
43183 0.0000002008
43271 0.0000001999
43359 0.0000001975
43491 0.0000001951
43610 0.0000001670
43880 0.0000001663
43908 0.0000001621
43949 0.0000001526
44035 0.0000001226
44140 0.0000001185
44145 0.0000001019
44220 0.0000000989
44331 0.0000000688
45367 0.0000000671
45381 0.0000000589
45413 0.0000000555
45474 0.0000000551
45533 0.0000000548
45604 0.0000000531
45700 0.0000000529
45730 0.0000000524
45883 0.0000000516
45894 0.0000000382
45934 0.0000000323
45960 0.0000000320
46051 0.0000000315
46167 0.0000000315
46250 0.0000000283
46478 0.0000000250
46906 0.0000000225
46936 0.0000000204
47008 0.0000000199
47267 0.0000000196
47311 0.0000000183
47372 0.0000000155
47481 0.0000000154
47517 0.0000000141
47564 0.0000000136
47655 0.0000000112
47799 0.0000000111
47886 0.0000000108
47926 0.0000000105
47953 0.0000000103
48060 0.0000000079
48154 0.0000000070
48293 0.0000000067
48523 0.0000000063
48576 0.0000000061
48728 0.0000000060
48744 0.0000000057
48992 0.0000000056
48995 0.0000000052
49045 0.0000000049
49151 0.0000000046
49169 0.0000000036
49384 0.0000000033
49653 0.0000000032
49670 0.0000000027
49858 0.0000000019
50427 0.0000000018
50445 0.0000000012
51413 0.0000000011
51687 0.0000000010
51928 0.0000000009
52503 0.0000000008
52587 0.0000000008
52592 0.0000000007
52661 0.0000000007
52687 0.0000000007
52799 0.0000000007
53138 0.0000000006
53141 0.0000000006
53160 0.0000000006
53274 0.0000000006
53288 0.0000000006
53341 0.0000000005
53355 0.0000000005
53421 0.0000000004
53596 0.0000000004
53630 0.0000000004
53655 0.0000000004
53662 0.0000000004
53679 0.0000000003
53738 0.0000000003
53767 0.0000000003
54006 0.0000000003
54125 0.0000000003
54247 0.0000000003
54255 0.0000000002
54379 0.0000000002
54667 0.0000000002
54777 0.0000000001
55222 0.0000000001
55243 0.0000000001
55289 0.0000000001
55390 0.0000000001
55483 0.0000000001
55577 0.0000000001
55985 0.0000000001
56021 0.0000000001
56076 0.0000000001
56309 0.0000000001
56342 0.0000000001
56376 0.0000000001
56765 0.0000000001
56786 0.0000000000
56862 0.0000000000
57155 0.0000000000
57247 0.0000000000
57271 0.0000000000
57531 0.0000000000
57736 0.0000000000
57828 0.0000000000
57830 0.0000000000
57838 0.0000000000
57936 0.0000000000
58049 0.0000000000
58051 0.0000000000
58155 0.0000000000
58607 0.0000000000
58737 0.0000000000
59201 0.0000000000
59226 0.0000000000
59317 0.0000000000
59594 0.0000000000
59743 0.0000000000
59816 0.0000000000
60059 0.0000000000
60113 0.0000000000
60248 0.0000000000
60281 0.0000000000
60836 0.0000000000
60877 0.0000000000
60918 0.0000000000
61490 0.0000000000
61661 0.0000000000
61689 0.0000000000
61808 0.0000000000
61963 0.0000000000
62166 0.0000000000
62414 0.0000000000
62513 0.0000000000
62528 0.0000000000
62962 0.0000000000
63076 0.0000000000
63155 0.0000000000
63477 0.0000000000
63793 0.0000000000
64036 0.0000000000
64083 0.0000000000
64127 0.0000000000
64442 0.0000000000
65106 0.0000000000
65119 0.0000000000
65497 0.0000000000
66183 0.0000000000
66879 0.0000000000
67261 0.0000000000
67966 0.0000000000
69254 0.0000000000
evaluations raw_y
1 2016645.7076236457
6 1881749.8268510455
7 1735905.9252738566
15 1083947.6630944174
32 1082301.6669060832
71 870813.6280943180
91 583276.1097942526
93 581292.0980900767
101 581262.6694750683
113 577480.9903903421
116 575421.9647019481
123 507011.7939266762
147 430662.3229033446
157 419195.3673495791
167 352163.1377672693
170 186079.2770484232
207 170375.8709811590
208 156917.3725556627
230 145705.0357590108
237 128829.2772732415
238 73590.3642592760
254 60525.5835242593
309 35554.2775682658
361 28106.0456541305
479 3803.4022483339
809 3090.2784325444
2111 2948.0078725323
2147 2436.9579610939
2202 2289.3686001159
2301 2212.1889040772
2355 2192.0441535469
2364 2086.4344279736
2406 2016.3856104973
2544 1981.0811774318
2610 1930.4624360739
2744 1810.0930372752
2877 1715.5781578241
3056 1655.0693263718
3104 1625.1341720050
3228 1572.5750381017
3305 1522.3743271169
3315 1396.4232543827
3329 1348.3997352160
3369 1286.0340180722
3471 1246.6981421598
3527 1237.6936067755
3532 1120.9319380379
3593 1065.8877061145
3689 1032.1653299206
3788 1017.3662988094
3817 1015.7148923146
3829 954.8257054833
3878 894.4172005134
3923 871.4856718638
3932 837.1398006310
4080 787.3547296449
4396 753.1710952548
4425 703.5231560745
4449 674.4071784156
4609 663.0964289437
4614 611.6688490728
4694 532.5946284509
4806 502.8567376285
4813 481.9510353195
4822 466.7197420658
4834 438.3695817976
5339 436.3419061510
5439 423.8224013889
5493 417.3301271413
5631 410.1247351226
5665 396.3875375371
5774 380.6389526391
5926 369.9476149980
5954 351.0584493152
5993 339.0291418770
6024 325.4104774564
6045 282.2205225911
6067 259.8756451461
6091 235.1478137802
6108 231.9738199676
6204 223.4987008622
6259 219.0579839189
6628 217.4490961280
6645 216.0679779979
6698 208.5934394262
6888 200.1412433937
6990 181.8590056148
7325 156.4000044380
7399 146.3843783406
7533 141.3708719805
7561 124.8758162329
7628 120.4157734284
7643 113.8308715441
8072 111.7891840745
8160 110.8178788354
8177 109.3223521915
8178 101.3547325935
8246 95.4595821316
8286 88.7324896878
8387 81.5674009626
8390 81.5165108604
8428 77.7346947984
8460 71.2083402442
8579 70.4833483582
9022 65.7326095080
9308 64.4416639008
9311 61.6518949837
9528 50.9624075040
9798 46.6860778635
9810 46.1855233434
9883 44.6487917606
9903 41.1405894520
9904 37.9511836630
9965 35.9314816336
10172 35.3422822634
10215 34.5340916166
10460 30.4813634321
10475 26.3094527972
10865 24.9823383572
10874 24.3850001743
10905 24.2996615112
10961 23.9965036803
11034 23.7982772630
11045 23.1783997305
11080 20.2536053268
11114 18.2135058692
11350 14.3575920610
11557 14.0314768056
11729 13.7213645974
11810 12.8924285577
11924 12.7964814491
11948 12.2138043994
12172 12.1602567906
12203 11.2993908293
12325 10.6545572908
12384 10.2129224103
12385 10.1926751687
12432 8.6181671991
12539 8.1191243727
12543 7.5711366965
12573 7.3204323379
12626 6.9807182492
12770 6.6201967844
12956 6.5269399286
12972 6.1032140002
13139 5.1032142120
13183 4.6416129811
13377 4.6109941175
13416 4.2596751328
13550 4.1292757326
13554 4.0769098909
13628 3.8307180411
13644 3.7593860214
13680 3.6554396427
13747 2.7040432286
13961 2.6277475234
14002 2.5897331690
14131 2.5299083833
14328 2.5045655622
14390 2.3355022137
14554 2.3250252337
14639 2.2318996722
14735 2.0135637651
14781 1.8453673160
14783 1.7188330811
14867 1.4232292415
15416 1.3823842479
15425 1.3820299532
15464 1.3402592210
15512 1.1688502687
15708 1.0601624281
15976 0.9721029345
16021 0.9663498318
16028 0.9650052321
16067 0.7825713023
16193 0.7286528841
16318 0.7285955091
16410 0.7211297897
16483 0.6117532434
16959 0.5949071713
16960 0.4910983730
17059 0.4229309748
17253 0.4077801110
17416 0.3265500977
17865 0.3227383184
17953 0.3031515840
17969 0.2965049897
18022 0.2769819262
18091 0.2595736638
18243 0.2318258278
18727 0.2087148699
18748 0.1928218403
18851 0.1854543618
18979 0.1714409363
18985 0.1681931439
19021 0.1517558453
19186 0.1443551562
19212 0.1393273580
19270 0.1069666623
19809 0.0989036519
19879 0.0954140975
19902 0.0795734195
20322 0.0792154857
20331 0.0745199111
20335 0.0678095401
20458 0.0661887503
20583 0.0557933983
20864 0.0531022982
20892 0.0517932722
20925 0.0511629249
20966 0.0469700918
20995 0.0462499509
21058 0.0422566865
21297 0.0403905930
21737 0.0402409701
21790 0.0353550691
21807 0.0255126572
21880 0.0248582179
22296 0.0228124871
22509 0.0227014907
22518 0.0225043466
22539 0.0208996391
22786 0.0206026199
22787 0.0188230750
22973 0.0181687597
22996 0.0160548939
23000 0.0150649977
23355 0.0138505467
23738 0.0131142085
23754 0.0121440432
23917 0.0097214136
24044 0.0085848882
24268 0.0085523960
24507 0.0082605709
24523 0.0079428322
24574 0.0077336740
24604 0.0063630846
24721 0.0055758536
24999 0.0046529598
25134 0.0046492054
25164 0.0046112511
25178 0.0045533518
25213 0.0037858335
25516 0.0034262516
25981 0.0028091910
26173 0.0027347859
26324 0.0026001914
26334 0.0025009778
26418 0.0024261800
26603 0.0021946319
26786 0.0019050728
27052 0.0015524871
27283 0.0014679510
27304 0.0014374977
27611 0.0013764181
27619 0.0013191457
27668 0.0012363901
27707 0.0010904767
27723 0.0010739540
27727 0.0009710879
27945 0.0008914141
28492 0.0007898062
28528 0.0007116618
28620 0.0006680067
28736 0.0005149831
29410 0.0005097520
29457 0.0004912275
29582 0.0004690665
29792 0.0004664069
29976 0.0004621205
29985 0.0004378031
30001 0.0004141773
30039 0.0004045754
30074 0.0003820473
30126 0.0003755191
30142 0.0002776069
30305 0.0002764481
30309 0.0002709161
30486 0.0002655392
30741 0.0002652323
30803 0.0002639022
30916 0.0002579269
30942 0.0002387082
30958 0.0001874944
30987 0.0001770660
31390 0.0001722367
31404 0.0001661684
31462 0.0001512692
31608 0.0001453016
31867 0.0001403732
32009 0.0001365329
32031 0.0001331160
32053 0.0001325075
32180 0.0001207927
32328 0.0001086519
32527 0.0001065202
32562 0.0001016570
32625 0.0000935554
32657 0.0000929837
32702 0.0000914868
32802 0.0000888052
32881 0.0000834881
32945 0.0000803637
32993 0.0000665716
33295 0.0000632472
33349 0.0000611064
33388 0.0000609291
33435 0.0000550922
33491 0.0000546447
33819 0.0000544442
33912 0.0000477123
34162 0.0000473537
34191 0.0000442374
34453 0.0000390565
34990 0.0000347304
35001 0.0000345452
35009 0.0000314639
35061 0.0000291672
35461 0.0000278594
35584 0.0000198645
35677 0.0000188407
35749 0.0000181223
35897 0.0000172988
35935 0.0000167468
35948 0.0000158653
36034 0.0000156977
36072 0.0000151052
36169 0.0000149042
36351 0.0000145520
36411 0.0000135418
36439 0.0000130650
36472 0.0000103725
36564 0.0000103619
36565 0.0000092647
36732 0.0000087759
36783 0.0000084712
36965 0.0000074284
37202 0.0000070884
37357 0.0000068304
37438 0.0000054686
37501 0.0000052556
37504 0.0000052493
37531 0.0000050202
37532 0.0000047523
37761 0.0000033751
37965 0.0000028618
38343 0.0000025469
38658 0.0000025262
38833 0.0000018303
38969 0.0000017410
39097 0.0000017176
39165 0.0000013964
39296 0.0000010589
39443 0.0000010037
39939 0.0000009751
40027 0.0000009213
40103 0.0000009182
40167 0.0000008399
40197 0.0000007377
40351 0.0000006526
40584 0.0000005993
40705 0.0000004831
41103 0.0000004591
41146 0.0000003948
41239 0.0000003717
41240 0.0000003494
41504 0.0000003029
41647 0.0000002906
41648 0.0000002573
41722 0.0000002436
42001 0.0000002120
42079 0.0000001964
42146 0.0000001941
42159 0.0000001929
42277 0.0000001883
42301 0.0000001881
42433 0.0000001835
42528 0.0000001832
42544 0.0000001747
42551 0.0000001738
42563 0.0000001628
42740 0.0000001129
43029 0.0000001030
43069 0.0000001017
43109 0.0000001008
43256 0.0000001008
43381 0.0000001007
43402 0.0000000954
43638 0.0000000919
43700 0.0000000905
43707 0.0000000604
43919 0.0000000590
44011 0.0000000544
44047 0.0000000544
44524 0.0000000539
44595 0.0000000521
44614 0.0000000489
44644 0.0000000487
44656 0.0000000487
44731 0.0000000456
44816 0.0000000426
44849 0.0000000410
44856 0.0000000366
44879 0.0000000343
45059 0.0000000228
45416 0.0000000225
45490 0.0000000202
45651 0.0000000151
46190 0.0000000136
46429 0.0000000120
46532 0.0000000113
46752 0.0000000112
46753 0.0000000103
47148 0.0000000103
47149 0.0000000093
47242 0.0000000087
47294 0.0000000081
47331 0.0000000070
47647 0.0000000062
47809 0.0000000059
47977 0.0000000058
48018 0.0000000056
48080 0.0000000055
48138 0.0000000049
48177 0.0000000043
48214 0.0000000038
48271 0.0000000034
48550 0.0000000033
48606 0.0000000033
48698 0.0000000032
48759 0.0000000032
48935 0.0000000031
49018 0.0000000031
49088 0.0000000030
49129 0.0000000029
49237 0.0000000026
49671 0.0000000026
49886 0.0000000026
49905 0.0000000024
49944 0.0000000020
50139 0.0000000019
50198 0.0000000018
50221 0.0000000018
50447 0.0000000015
50451 0.0000000015
50555 0.0000000015
50603 0.0000000015
50710 0.0000000015
50740 0.0000000013
50766 0.0000000013
50792 0.0000000011
50867 0.0000000007
51271 0.0000000007
51765 0.0000000007
51804 0.0000000006
51809 0.0000000005
52241 0.0000000003
52809 0.0000000003
52881 0.0000000003
52933 0.0000000003
52961 0.0000000003
53373 0.0000000003
53390 0.0000000003
53592 0.0000000002
53632 0.0000000002
53694 0.0000000002
53846 0.0000000002
53934 0.0000000002
54028 0.0000000002
54085 0.0000000002
54107 0.0000000002
54123 0.0000000001
54348 0.0000000001
54400 0.0000000001
55007 0.0000000001
55080 0.0000000001
55318 0.0000000001
55554 0.0000000001
55647 0.0000000001
56040 0.0000000001
56076 0.0000000000
56366 0.0000000000
56587 0.0000000000
56763 0.0000000000
57086 0.0000000000
57241 0.0000000000
57247 0.0000000000
57282 0.0000000000
57385 0.0000000000
57471 0.0000000000
57605 0.0000000000
57670 0.0000000000
57733 0.0000000000
57783 0.0000000000
57818 0.0000000000
57853 0.0000000000
58040 0.0000000000
58050 0.0000000000
58699 0.0000000000
58757 0.0000000000
58940 0.0000000000
58982 0.0000000000
59216 0.0000000000
59467 0.0000000000
59512 0.0000000000
59567 0.0000000000
59665 0.0000000000
59738 0.0000000000
59967 0.0000000000
60366 0.0000000000
60790 0.0000000000
60882 0.0000000000
61108 0.0000000000
61428 0.0000000000
61483 0.0000000000
61519 0.0000000000
62008 0.0000000000
62052 0.0000000000
62314 0.0000000000
62447 0.0000000000
62865 0.0000000000
63386 0.0000000000
63560 0.0000000000
63616 0.0000000000
63643 0.0000000000
63676 0.0000000000
63974 0.0000000000
64189 0.0000000000
64224 0.0000000000
64482 0.0000000000
64739 0.0000000000
64800 0.0000000000
64876 0.0000000000
64877 0.0000000000
65300 0.0000000000
65632 0.0000000000
66005 0.0000000000
67026 0.0000000000
67329 0.0000000000
67602 0.0000000000
67930 0.0000000000
68082 0.0000000000
68658 0.0000000000
69539 0.0000000000
70808 0.0000000000
evaluations raw_y
1 2133119.1834227336
3 1728010.2631178603
4 1495569.3725341992
9 1437990.6551962506
10 1421720.4015704787
21 1078547.4982849110
24 682611.0231455909
59 607716.1632745442
86 493863.3205541460
134 434735.2893786936
147 354001.3994051701
157 304851.6379918559
173 198319.4377756690
217 137261.2524137488
274 80331.7294412844
358 31973.3501364032
404 14622.3619047825
601 10181.6153241781
832 6861.1922769143
940 3806.4308411665
1072 3683.1746972635
6317 3661.5446385069
6415 3606.8582627959
6499 3577.5557755390
6596 3427.3045343369
6605 2995.4970346268
6729 2971.2898579382
6730 2748.2356060884
6739 2461.4906789128
6755 2237.6804216826
6764 2210.5675501923
6808 2035.6443473595
7219 2010.9154465792
7278 1991.1172242185
7312 1957.1953151314
7357 1956.4749689259
7378 1943.3520831085
7412 1939.7031170373
7469 1937.0149789208
7485 1817.9279128407
7537 1684.9562118176
7548 1441.7581796443
7630 1388.7637697469
7831 1333.0684537339
7875 1198.5387040365
7979 1196.8218617735
8064 1145.6356962038
8118 1114.8794502769
8160 1096.9615280541
8166 1067.0972641382
8206 867.3245824088
8401 766.7678329683
8904 756.7663681077
8922 554.6179734766
9660 444.2598394234
9775 409.7050718467
9847 407.6203727682
9918 402.0056910963
10171 376.5613101536
10199 364.2291672981
10210 327.9138601520
10498 325.9730288606
10520 301.7328753304
10573 253.6840481047
10710 225.3401382787
10720 214.3603343614
11036 192.8124922184
11462 178.2068628962
11496 154.3149320672
11819 134.1438195966
12134 129.5925982078
12150 126.3598104882
12227 122.1484824363
12419 119.9582780714
12428 117.4225349014
12465 116.1137147549
12524 113.1672127175
12660 112.8887335765
12700 98.4141676246
12967 96.0798798894
12977 92.2481841762
13018 89.5556143134
13036 80.8091732379
13126 78.2683178864
13224 76.3237758441
13345 75.6109003150
13530 64.1495520315
13639 55.9549198665
13813 52.7257496536
13825 42.1740237542
14560 37.6972998662
14891 36.6942923186
14917 34.4125316372
14965 31.9316607382
14982 31.4572135237
15020 29.2607235446
15135 24.5156672780
15463 23.4986167487
15510 22.8002452405
15693 22.5364092318
15796 20.4857606811
15858 18.9964446375
16399 18.0691898133
16485 13.6380721639
16570 13.5396349050
16638 13.4832393001
16639 12.9842857596
16716 12.8528472439
16771 10.2313357495
17373 9.1611010627
17388 7.9700974534
17528 6.7861099149
17859 6.6972517851
17952 6.6256685174
17989 6.6196783897
18027 6.6130357421
18037 6.5913665270
18108 6.0452189006
18232 5.9882357459
18267 5.2823273278
18355 5.1511857968
18466 4.9663548317
18510 4.7493818842
18529 4.5608557615
18757 4.0845207667
18798 3.9200824265
18840 3.8631471418
19147 3.6995672968
19334 3.6041835869
19340 3.4638163332
19385 3.3810309054
19463 3.1281223392
19626 2.8868105589
19764 2.7239748752
19933 2.5649723736
19998 2.5576053869
20100 2.4984009480
20219 2.2704256347
20321 2.2567743044
20356 2.2059588863
20371 1.8886971210
20430 1.7901966902
20547 1.6927884488
20643 1.4913034058
21080 1.4712267634
21202 1.3926619531
21277 1.3896351213
21305 1.3874335259
21337 1.3839297046
21346 1.3557415934
21466 1.3348622861
21581 1.2161381399
21779 1.1500121576
21822 0.9917147448
21886 0.7759703363
22388 0.7397581729
22711 0.7301434114
22791 0.7052881849
23131 0.6944122417
23234 0.6889067182
23256 0.5287704730
23643 0.4994885193
23700 0.4442186320
24274 0.4294912808
24289 0.4095221999
24371 0.4084727048
24416 0.3962157168
24498 0.3809484907
24581 0.3652620702
24616 0.3468099854
24880 0.3349167883
24962 0.3110572511
25127 0.3083642294
25259 0.2955239095
25305 0.2703980791
25438 0.2463828059
25514 0.2425959300
25525 0.2371255848
25711 0.2268812100
25724 0.2251271727
25797 0.2199880235
25815 0.2072729367
25849 0.1676363931
26042 0.1402779893
26459 0.1365964616
26713 0.1334206084
26756 0.1227552343
26812 0.1178200845
26834 0.1150264623
27084 0.1030676658
27126 0.1026101592
27318 0.0958829182
27392 0.0866401880
27393 0.0787186189
27573 0.0743276066
28070 0.0737894655
28084 0.0715735110
28118 0.0556742669
28157 0.0528852983
28199 0.0459796819
28385 0.0453899190
28437 0.0415689421
28624 0.0387427431
28712 0.0373511958
28805 0.0354924811
28944 0.0341112522
29051 0.0260964137
29432 0.0241458202
29583 0.0232198355
29619 0.0217885105
29680 0.0203379650
29805 0.0198214368
29856 0.0173188680
29952 0.0168798977
30080 0.0133207352
30445 0.0121874002
30702 0.0115860252
30735 0.0098328375
30938 0.0092698432
31110 0.0083592887
31464 0.0068798536
31561 0.0066169606
31860 0.0057382744
32201 0.0052519758
32239 0.0052089848
32241 0.0049919080
32478 0.0046377441
32674 0.0046115557
32883 0.0040303158
33091 0.0037717197
33170 0.0027020268
33502 0.0025691475
33673 0.0025504242
33758 0.0025435821
33783 0.0024695316
33908 0.0024676235
33976 0.0023993585
33980 0.0023486349
33983 0.0022590558
34058 0.0021339807
34091 0.0021237474
34144 0.0018473105
34149 0.0014738825
34566 0.0014252587
34697 0.0010597571
35038 0.0010469486
35284 0.0010411994
35613 0.0010103948
35639 0.0009881336
35657 0.0009534906
35769 0.0008724081
35807 0.0008508554
35851 0.0007759781
35873 0.0006950955
35940 0.0006349684
36267 0.0005501578
36272 0.0005312992
36345 0.0005150376
36407 0.0005056395
36474 0.0004975327
36528 0.0004861819
37123 0.0004841442
37193 0.0003797533
37238 0.0003576589
37533 0.0003363834
37536 0.0002946774
37582 0.0002710076
37897 0.0002694298
37900 0.0002591543
37931 0.0002577984
37969 0.0002289791
38365 0.0001676241
38426 0.0001602893
38478 0.0001448806
38510 0.0001441486
38602 0.0001404004
38687 0.0001397177
38704 0.0001347426
38767 0.0001203891
38812 0.0001128666
38825 0.0001106173
38846 0.0000939402
39329 0.0000884100
39587 0.0000858626
39664 0.0000855762
39787 0.0000855699
39857 0.0000842487
39898 0.0000822221
39909 0.0000806213
39913 0.0000781271
40017 0.0000741546
40067 0.0000579640
40134 0.0000526771
40317 0.0000504120
40738 0.0000457226
40964 0.0000376928
41037 0.0000301082
41466 0.0000291918
41553 0.0000288472
41593 0.0000288463
41664 0.0000274020
41760 0.0000271621
41846 0.0000224331
41980 0.0000175602
42058 0.0000166120
42081 0.0000165808
42155 0.0000158232
42247 0.0000157575
42326 0.0000148363
42570 0.0000127981
42815 0.0000119401
42950 0.0000110090
43118 0.0000083150
43423 0.0000082621
43450 0.0000082501
43508 0.0000067708
43599 0.0000065017
43817 0.0000056251
44044 0.0000055146
44119 0.0000044219
44599 0.0000042675
44845 0.0000036095
45155 0.0000034728
45270 0.0000033217
45304 0.0000031985
45336 0.0000031362
45537 0.0000028903
45563 0.0000028876
45716 0.0000028000
45737 0.0000026867
45833 0.0000025830
45871 0.0000025726
45968 0.0000021750
45994 0.0000021551
45995 0.0000020913
46002 0.0000019801
46048 0.0000019474
46105 0.0000018541
46196 0.0000018052
46203 0.0000017720
46252 0.0000017338
46573 0.0000016103
46666 0.0000015064
46787 0.0000014287
47064 0.0000012450
47383 0.0000011997
47520 0.0000010219
47720 0.0000009071
48179 0.0000008769
48529 0.0000008604
48641 0.0000008445
48758 0.0000007847
48853 0.0000007752
48860 0.0000006608
48863 0.0000005226
48943 0.0000005192
49319 0.0000004929
49374 0.0000004790
49379 0.0000004756
49737 0.0000004612
49745 0.0000004218
50175 0.0000003515
50374 0.0000002885
50610 0.0000002520
50846 0.0000002326
50920 0.0000002290
50970 0.0000002159
50986 0.0000002047
51141 0.0000001801
51311 0.0000001653
51491 0.0000001636
51918 0.0000001607
51988 0.0000001518
51989 0.0000001019
52243 0.0000001010
52282 0.0000000991
52301 0.0000000989
52376 0.0000000961
52406 0.0000000916
52583 0.0000000767
52750 0.0000000729
52773 0.0000000715
52825 0.0000000658
52936 0.0000000521
53300 0.0000000517
53617 0.0000000473
53698 0.0000000457
53788 0.0000000296
54554 0.0000000295
54591 0.0000000292
54663 0.0000000257
55120 0.0000000196
55467 0.0000000195
55715 0.0000000182
55764 0.0000000167
55903 0.0000000162
55950 0.0000000157
55966 0.0000000151
56007 0.0000000146
56040 0.0000000125
56316 0.0000000125
56326 0.0000000112
56412 0.0000000110
56507 0.0000000107
56749 0.0000000105
56886 0.0000000095
57140 0.0000000094
57158 0.0000000073
57220 0.0000000065
57465 0.0000000060
57647 0.0000000059
57682 0.0000000057
58026 0.0000000056
58083 0.0000000054
58086 0.0000000045
58088 0.0000000038
58441 0.0000000034
58733 0.0000000032
58783 0.0000000023
59644 0.0000000022
59793 0.0000000020
60002 0.0000000016
60298 0.0000000015
60499 0.0000000015
60626 0.0000000012
60766 0.0000000012
60901 0.0000000012
60973 0.0000000011
61003 0.0000000008
61521 0.0000000008
61589 0.0000000007
61956 0.0000000006
62374 0.0000000006
62540 0.0000000006
62587 0.0000000006
62623 0.0000000006
62701 0.0000000006
62717 0.0000000004
62849 0.0000000003
62954 0.0000000003
63067 0.0000000003
63099 0.0000000003
63108 0.0000000003
63121 0.0000000003
63187 0.0000000003
63311 0.0000000003
63321 0.0000000003
63549 0.0000000003
63559 0.0000000002
63695 0.0000000002
63915 0.0000000002
64027 0.0000000002
64112 0.0000000002
64263 0.0000000002
64357 0.0000000002
64389 0.0000000002
64488 0.0000000002
64525 0.0000000001
64604 0.0000000001
64671 0.0000000001
64725 0.0000000001
64744 0.0000000001
64826 0.0000000001
64922 0.0000000001
64959 0.0000000001
64984 0.0000000001
64998 0.0000000001
65289 0.0000000001
65309 0.0000000001
65630 0.0000000001
65642 0.0000000001
65653 0.0000000001
65746 0.0000000001
65751 0.0000000001
66003 0.0000000001
66332 0.0000000000
66374 0.0000000000
66684 0.0000000000
66737 0.0000000000
66777 0.0000000000
67071 0.0000000000
67134 0.0000000000
67328 0.0000000000
67382 0.0000000000
67403 0.0000000000
67433 0.0000000000
67499 0.0000000000
67541 0.0000000000
67593 0.0000000000
67693 0.0000000000
67787 0.0000000000
67810 0.0000000000
67819 0.0000000000
67864 0.0000000000
67895 0.0000000000
67945 0.0000000000
68070 0.0000000000
68091 0.0000000000
68309 0.0000000000
68652 0.0000000000
68694 0.0000000000
68711 0.0000000000
68784 0.0000000000
69531 0.0000000000
69606 0.0000000000
69767 0.0000000000
70016 0.0000000000
70019 0.0000000000
70040 0.0000000000
70157 0.0000000000
70273 0.0000000000
70351 0.0000000000
70570 0.0000000000
70634 0.0000000000
71083 0.0000000000
71350 0.0000000000
71607 0.0000000000
71629 0.0000000000
71905 0.0000000000
71921 0.0000000000
72029 0.0000000000
72057 0.0000000000
72182 0.0000000000
72868 0.0000000000
72886 0.0000000000
73072 0.0000000000
73116 0.0000000000
73223 0.0000000000
73473 0.0000000000
73644 0.0000000000
73815 0.0000000000
73854 0.0000000000
73898 0.0000000000
74186 0.0000000000
74502 0.0000000000
74582 0.0000000000
74769 0.0000000000
74996 0.0000000000
75579 0.0000000000
75649 0.0000000000
75901 0.0000000000
76342 0.0000000000
76817 0.0000000000
77464 0.0000000000
78382 0.0000000000
79736 0.0000000000
evaluations raw_y
1 3153419.4039575309
2 2388303.8311944935
5 2147086.0351284845
21 2016266.6409426185
24 1930864.2240782352
43 1864578.7766754010
44 1751603.4426530236
62 1738596.8492119568
63 1661089.3677787946
64 1257049.3295077502
95 1084594.0337505466
113 1062917.2765938439
131 1018672.4765259851
144 612581.3898029434
159 612365.7043333906
175 565745.0857209506
210 549205.0675280014
224 408669.3956159358
248 284236.9293103450
281 172185.8002193646
298 128838.7196196521
398 33799.2437947435
461 33569.2641728749
510 15632.0264526979
695 3782.1495501149
6902 3698.2019719928
7300 3635.9077224932
7307 3315.1043357031
7415 3306.5535333794
7435 3131.9931122263
7529 2539.3564117162
7581 2393.9282070667
7611 2253.3495061929
7695 2226.6637815455
7825 2022.5527830175
7860 2008.9181827322
7925 2002.6453195001
7938 1939.8614170841
8148 1879.8163309643
8284 1755.2474772251
8329 1736.1531187072
8335 1593.0121428386
8417 1585.4410526608
8516 1429.6988096848
8556 1321.7271432641
8652 1304.4183831637
8660 1203.7239941114
8705 1145.1820283622
8990 1121.4988105723
9072 1109.6015821130
9077 1057.2278065075
9099 861.6317814336
9176 833.7944956234
9227 833.0236776811
9330 820.4457344130
9409 812.7230106024
9438 679.3026663233
9842 647.4394456582
9877 626.3708356116
9974 587.0471966912
10096 575.0952171657
10121 572.0334536654
10162 548.4308671938
10226 544.8123570574
10281 528.2882999781
10285 485.9210112405
10340 455.9514114317
10354 437.4372835301
10414 412.9361650906
10498 411.8848064364
10645 395.2807863958
10662 385.2577019020
10694 350.1870170003
10857 327.1165874747
10900 321.3349927709
11052 317.4683198672
11075 263.3090238737
11117 236.0171462897
11234 235.0589190379
11259 218.5270792969
11517 214.2513390498
11693 206.9418301723
11826 204.5007328916
11847 193.6486841486
11913 191.2930515024
11936 139.7748156347
12144 128.5298914295
12266 124.9680807804
12448 122.8543384441
12522 122.7391597131
12595 122.0731354782
12702 116.5798730107
12709 116.4691726463
12757 116.0211095248
12771 110.6708638873
12839 107.9740949156
12920 107.0926444213
13172 106.7099711739
13379 103.3517512020
13410 99.1412777651
13439 98.7033216335
13491 89.0502600787
13533 81.8674277059
13628 78.6992016438
13650 70.4704556367
14047 62.2703640448
14084 58.1561977575
14113 57.2184500096
14206 56.0747879305
14250 56.0367814178
14481 52.5013072272
14522 49.3130902425
14558 46.9879861534
14638 44.5529728947
14688 43.8775068830
14733 42.1978437756
14974 41.8169150450
15052 41.1677995703
15076 37.7196577844
15271 28.0430393697
15634 26.3717989072
15760 23.9582079480
15776 23.2958302218
15790 22.9652374813
15976 22.6741830306
16148 22.2657035168
16218 22.1375864387
16309 20.3857255340
16410 14.6552527060
16590 14.1454807958
16629 13.7919656768
16858 13.4381253630
16880 12.4881017377
16910 12.4706462330
16998 12.4213131895
17090 12.0718874179
17115 11.9251714686
17588 10.4411814885
17653 10.0826978236
17663 9.0849552942
17670 8.1749468607
17713 6.8811342313
17840 6.6997577188
17963 6.4997676337
18027 6.3523504885
18130 6.2896154098
18142 6.1636821107
18254 6.1582380702
18348 5.1979641906
18442 4.7461962889
18483 4.0621318847
18599 3.9911661861
18884 3.7059133846
18887 3.6386366066
19080 3.2774604236
19180 2.6052720474
19372 2.5705255837
19442 2.5240132327
19490 2.2706433419
19798 1.7751837391
19930 1.7020834807
19947 1.6869800699
20243 1.4399738124
20287 1.3908909595
20355 1.3664410765
20559 1.1776651861
20633 0.8425812825
21025 0.8063014926
21281 0.7738970771
21300 0.7414014601
21364 0.7312734159
21545 0.6995671497
21684 0.6692081723
21822 0.6461539481
21823 0.6454113687
21852 0.6343055796
21958 0.5696615150
21964 0.5560259619
22194 0.4949464095
22287 0.4750405203
22351 0.4152848775
22468 0.3866408768
22530 0.3816708106
22542 0.3801120429
22583 0.3439660139
22645 0.3234025668
22704 0.3105963096
22987 0.2667640911
23186 0.2618643263
23245 0.2584065757
23333 0.2467528580
23400 0.2210840324
23446 0.2032622335
23814 0.1937608663
23855 0.1755190956
23999 0.1746352798
24055 0.1540510471
24306 0.1533615503
24393 0.1423789314
24655 0.1398732127
24717 0.1374863983
24792 0.1348422682
24806 0.1333481816
24812 0.1089334055
25206 0.1043205207
25260 0.1013382633
25325 0.0916135738
25328 0.0894561063
25397 0.0807564308
25648 0.0803993852
25848 0.0797243195
26104 0.0794228576
26119 0.0785405923
26234 0.0577005579
26262 0.0554928062
26403 0.0451128380
26562 0.0430543548
26594 0.0425962011
26665 0.0425664597
26774 0.0349880849
27360 0.0331909025
27399 0.0263771894
27541 0.0256816437
27601 0.0244447371
27654 0.0243417180
27688 0.0234199432
27711 0.0234160308
27759 0.0229702836
27823 0.0196657821
28105 0.0195943111
28146 0.0133060504
28854 0.0113143335
28928 0.0104430911
29009 0.0102984140
29082 0.0101612045
29101 0.0099676467
29142 0.0088982945
29146 0.0087477216
29215 0.0084511740
29375 0.0079082179
29411 0.0072559948
29708 0.0070189371
29874 0.0055688264
29953 0.0055437227
29998 0.0051293878
30158 0.0050058839
30197 0.0048336575
30251 0.0046612679
30459 0.0046608046
30474 0.0046252030
30483 0.0038599936
30549 0.0037777281
30658 0.0029003485
30964 0.0028355508
30969 0.0027695590
31055 0.0025776906
31299 0.0024862262
31390 0.0022902605
31450 0.0021598980
31603 0.0019772202
31612 0.0017558912
31748 0.0017218814
31790 0.0016253813
31803 0.0015845668
31971 0.0015745041
32042 0.0014484847
32095 0.0013383444
32525 0.0010817579
32544 0.0010288403
32763 0.0010204439
32800 0.0009809591
32813 0.0009248154
33007 0.0009207499
33180 0.0008833304
33252 0.0008755116
33290 0.0008623175
33350 0.0008423196
33410 0.0007002807
33521 0.0006417679
33859 0.0006224285
34028 0.0005217190
34217 0.0005048116
34505 0.0004968720
34507 0.0004889840
34596 0.0004387696
34735 0.0003826723
34781 0.0003787227
34811 0.0003745612
34812 0.0003128319
34943 0.0002880948
35060 0.0002709995
35227 0.0002701880
35533 0.0002643608
35575 0.0002233977
35640 0.0002048492
35658 0.0001846235
35782 0.0001757155
35857 0.0001679536
35887 0.0001513646
36002 0.0001506001
36083 0.0001262026
36569 0.0001159485
36593 0.0001059411
36649 0.0001003166
36700 0.0000853259
37145 0.0000774911
37156 0.0000691701
37288 0.0000645758
37442 0.0000637060
37716 0.0000565638
38067 0.0000531510
38142 0.0000437861
38156 0.0000360670
38300 0.0000358387
38425 0.0000335195
38780 0.0000313647
38793 0.0000308521
38796 0.0000297613
38823 0.0000292114
38929 0.0000267988
39135 0.0000259476
39172 0.0000212699
39267 0.0000203133
39298 0.0000183268
39364 0.0000182503
39436 0.0000165935
39501 0.0000149832
39881 0.0000141302
39891 0.0000094123
40251 0.0000092844
40265 0.0000078474
40402 0.0000074587
40633 0.0000065750
40674 0.0000057195
40948 0.0000048206
41329 0.0000046967
41344 0.0000046551
41380 0.0000039481
41502 0.0000037578
41503 0.0000035555
41572 0.0000033453
41771 0.0000032744
41850 0.0000032377
41889 0.0000030794
41896 0.0000027820
41905 0.0000027648
41947 0.0000027634
42013 0.0000026531
42205 0.0000023370
42295 0.0000020609
42302 0.0000018822
42650 0.0000017466
42671 0.0000017438
42676 0.0000015459
43090 0.0000010250
43382 0.0000009161
43817 0.0000009002
43889 0.0000008134
43954 0.0000004075
45082 0.0000003370
45458 0.0000003269
45629 0.0000002854
45781 0.0000002025
46149 0.0000001828
46229 0.0000001820
46702 0.0000001640
46761 0.0000001612
46772 0.0000001584
46792 0.0000001361
46919 0.0000001108
46976 0.0000001039
46979 0.0000001036
47080 0.0000001024
47301 0.0000001008
47410 0.0000000998
47426 0.0000000958
47489 0.0000000927
47782 0.0000000764
47934 0.0000000602
48100 0.0000000572
48403 0.0000000560
48404 0.0000000546
48411 0.0000000521
48504 0.0000000506
48867 0.0000000390
49193 0.0000000364
49352 0.0000000363
49377 0.0000000320
49467 0.0000000299
49568 0.0000000269
49715 0.0000000255
49882 0.0000000255
49975 0.0000000246
49986 0.0000000228
50044 0.0000000212
50057 0.0000000201
50137 0.0000000169
50813 0.0000000143
51096 0.0000000137
51215 0.0000000131
51389 0.0000000116
51515 0.0000000114
51569 0.0000000114
51794 0.0000000109
51866 0.0000000109
51973 0.0000000107
52197 0.0000000102
52223 0.0000000099
52228 0.0000000093
52345 0.0000000091
52411 0.0000000081
52758 0.0000000070
52800 0.0000000068
52805 0.0000000063
52856 0.0000000060
52857 0.0000000058
53138 0.0000000057
53513 0.0000000045
53741 0.0000000036
53855 0.0000000033
53955 0.0000000033
54028 0.0000000030
54194 0.0000000030
54403 0.0000000028
54438 0.0000000027
54546 0.0000000025
54585 0.0000000023
54690 0.0000000020
54969 0.0000000019
55104 0.0000000017
55216 0.0000000015
55378 0.0000000014
55716 0.0000000013
55738 0.0000000013
55860 0.0000000012
55916 0.0000000012
56000 0.0000000011
56133 0.0000000011
56146 0.0000000010
56171 0.0000000010
56174 0.0000000010
56595 0.0000000009
56664 0.0000000007
57091 0.0000000006
57479 0.0000000006
57568 0.0000000006
57684 0.0000000006
57876 0.0000000005
58006 0.0000000005
58166 0.0000000005
58172 0.0000000005
58262 0.0000000005
58310 0.0000000005
58336 0.0000000004
58456 0.0000000004
58484 0.0000000003
58587 0.0000000003
58983 0.0000000003
59066 0.0000000003
59472 0.0000000003
59474 0.0000000003
59531 0.0000000003
59566 0.0000000002
59587 0.0000000002
59607 0.0000000002
59635 0.0000000002
59652 0.0000000002
59938 0.0000000002
59948 0.0000000002
60412 0.0000000002
60497 0.0000000001
60574 0.0000000001
60575 0.0000000001
60899 0.0000000001
60931 0.0000000001
61160 0.0000000001
61368 0.0000000001
61406 0.0000000001
61546 0.0000000001
61603 0.0000000001
61766 0.0000000001
61803 0.0000000001
62009 0.0000000001
62104 0.0000000001
62109 0.0000000001
62305 0.0000000001
62319 0.0000000001
62360 0.0000000000
62382 0.0000000000
62471 0.0000000000
62546 0.0000000000
62608 0.0000000000
62803 0.0000000000
62930 0.0000000000
63609 0.0000000000
63622 0.0000000000
63737 0.0000000000
64064 0.0000000000
64394 0.0000000000
64492 0.0000000000
64872 0.0000000000
64918 0.0000000000
65232 0.0000000000
65337 0.0000000000
65361 0.0000000000
65459 0.0000000000
65803 0.0000000000
65873 0.0000000000
65951 0.0000000000
66216 0.0000000000
66350 0.0000000000
66485 0.0000000000
66671 0.0000000000
66716 0.0000000000
66770 0.0000000000
66825 0.0000000000
66883 0.0000000000
66897 0.0000000000
66933 0.0000000000
67398 0.0000000000
67594 0.0000000000
68253 0.0000000000
68456 0.0000000000
68728 0.0000000000
68754 0.0000000000
68941 0.0000000000
69048 0.0000000000
69130 0.0000000000
69150 0.0000000000
69183 0.0000000000
69438 0.0000000000
70254 0.0000000000
70267 0.0000000000
70307 0.0000000000
70387 0.0000000000
70425 0.0000000000
70513 0.0000000000
70791 0.0000000000
70827 0.0000000000
70885 0.0000000000
71179 0.0000000000
71316 0.0000000000
71474 0.0000000000
71513 0.0000000000
71518 0.0000000000
71784 0.0000000000
71934 0.0000000000
72015 0.0000000000
72168 0.0000000000
72893 0.0000000000
73103 0.0000000000
73107 0.0000000000
73453 0.0000000000
73533 0.0000000000
73653 0.0000000000
73918 0.0000000000
74089 0.0000000000
74387 0.0000000000
74580 0.0000000000
75466 0.0000000000
75512 0.0000000000
76538 0.0000000000
76738 0.0000000000
77899 0.0000000000
79147 0.0000000000
evaluations raw_y
1 1565855.7516565295
4 1319859.0989732805
5 1173597.5576402640
16 1102362.1122092966
17 1041283.4366011278
46 992979.5753653934
73 805335.0512348510
80 647423.6989398204
98 588753.0202844638
105 582271.8741085815
110 545113.4140601821
145 312296.7409381303
175 282413.2504248188
209 172280.1231038535
231 112805.3085940264
257 74925.9118332302
358 65666.2459179093
424 62316.0134701179
468 18815.1680995783
471 13660.4200411163
737 6706.0338882801
888 5457.4608220054
12669 4501.5204393699
12937 4453.2609475062
13120 4270.2946106780
13226 4225.4058821089
13238 4189.2641561144
13282 3767.5146277436
13557 3730.2848178980
13599 3709.7105179607
13603 3677.3824729778
13657 3663.7540046547
13690 3662.7138407390
13701 3216.7999019824
13795 2825.1355852013
13846 2114.7139051762
14143 1965.4924800659
14434 1933.9817777474
14578 1900.9140839211
14586 1880.6230318083
14598 1773.4840826529
14609 1761.5787255936
14695 1492.3159781711
14855 1318.0198474469
15143 1231.1722015011
15259 1138.4287401111
15275 901.0831754483
15625 895.8474683213
15681 787.9632689687
16036 705.9266654663
16414 688.2496981119
16556 620.4153551369
16698 586.2179738139
16754 523.7912114495
16836 452.0674359712
17016 447.8124000742
17211 437.1100313706
17229 425.2000192394
17247 422.3709216352
17297 409.1256842513
17312 405.4947554741
17474 403.4921059375
17541 395.8478053179
17555 393.2655048061
17556 380.5373110274
17679 379.4660947762
17691 353.2665232536
17716 322.4759295598
17754 314.1853884123
17875 275.5928588950
17884 230.8654354616
17892 220.3260147337
17950 219.3470373125
18186 214.2044881175
18285 212.8077733663
18480 206.7370072885
18544 179.1320000752
18564 150.3455606737
18696 143.7584974967
18749 143.6785430469
18817 117.4538807267
18955 114.4662844637
19172 113.5870093815
19396 105.1507949571
19408 102.1709801366
19599 78.0409634742
19731 76.6656157216
20117 69.4543285972
20285 69.4402095249
20375 60.5699476427
20422 59.2503729885
20426 58.1716105452
20435 50.1748493520
20698 46.9249994301
20716 44.3710566207
20811 44.3078544789
20922 44.2955724430
21011 39.4508974497
21260 37.0180445270
21298 36.5723911019
21318 35.8919632348
21347 35.6726490997
21373 29.7373373798
21387 28.6628698565
21480 26.6396542190
21525 25.8338511775
21602 23.5083138876
21852 23.3106760714
22079 23.0900883295
22083 22.8650266650
22110 22.3950392136
22128 20.4805223121
22174 14.7688622266
22252 13.3350857575
22430 13.0408662295
22532 12.5463727040
22708 12.5175349520
22779 12.5002590982
22944 11.8816813954
23006 11.1924662086
23068 10.3589124584
23101 9.0929059972
23251 8.8209220663
23325 8.3455131862
23446 7.2558277835
23530 6.9273381350
23673 6.8043240578
23750 6.3265955786
24071 5.9180172322
24403 5.8745709418
24495 5.5031709541
24525 5.4755360246
24559 5.1175421167
24565 5.0777472749
24683 4.7391572163
24697 4.5042745986
24719 4.2586766485
24784 4.0227361833
24848 3.8945301401
24880 3.8478408654
24976 3.8050968347
25078 3.4302001757
25201 3.2001874648
25343 2.9908512961
25418 2.8042589824
25604 2.7799547028
25644 2.7787340309
25646 2.3777332396
25660 2.3677375487
25665 2.2910149516
25793 2.1693293381
26038 1.9759917451
26413 1.8957900278
26508 1.6608864522
26630 1.5250923984
26688 1.5206589450
26766 1.4898654085
26794 1.4741188740
26882 1.3682177117
27076 1.3581444627
27116 1.1741541652
27142 1.1404467082
27267 1.0064218762
27347 0.9009736356
27436 0.8944872622
27516 0.7368780786
27766 0.7288227706
27989 0.6691074977
28090 0.6606359088
28205 0.5359974036
28314 0.5314225463
28333 0.4730119968
28532 0.4573926464
28709 0.4030052402
28815 0.3851238901
28865 0.3312077004
29141 0.3080777887
29257 0.2959392210
29390 0.2892165000
29453 0.2597145445
29525 0.2218057648
29662 0.2160739274
29837 0.1937782901
29896 0.1705710355
29983 0.1576020537
30402 0.1440651778
30630 0.1402456189
30844 0.1336832620
30878 0.1249487158
30933 0.1211093543
30960 0.1172140152
30984 0.1154807693
30987 0.0928673403
31013 0.0891442759
31193 0.0762258421
31758 0.0728277520
31800 0.0718899750
31964 0.0693706790
32020 0.0649754670
32296 0.0467503940
32368 0.0426829928
32684 0.0412906985
33026 0.0383579055
33099 0.0303432532
33281 0.0291191851
33282 0.0290830266
33354 0.0273243249
33441 0.0245461190
33549 0.0241739467
33866 0.0239553197
33870 0.0227491741
33883 0.0220549144
33887 0.0195348179
33951 0.0164828037
34304 0.0162099173
34325 0.0156063278
34446 0.0139431823
34528 0.0120689095
34887 0.0108906958
34966 0.0095160400
35043 0.0089241497
35050 0.0088263541
35260 0.0086990577
35435 0.0071328347
35591 0.0051878291
35612 0.0048198960
35979 0.0047438168
36297 0.0046502461
36832 0.0045132549
37049 0.0043394401
37141 0.0036930318
37156 0.0032099773
37163 0.0031897249
37214 0.0028246018
37233 0.0027903820
37298 0.0025168216
37647 0.0025151071
37684 0.0018692751
38133 0.0015810043
38434 0.0015512853
38528 0.0015426236
38532 0.0013547711
38571 0.0013280133
38596 0.0013140612
38621 0.0011474437
38752 0.0009868714
39212 0.0009584575
39214 0.0008775322
39268 0.0008677948
39353 0.0008610641
39357 0.0007071368
39486 0.0006072605
40048 0.0005320581
40261 0.0004661500
40640 0.0003917676
40654 0.0003853080
40659 0.0002820899
40720 0.0002597284
41375 0.0002578937
41518 0.0001559090
41836 0.0001451882
42018 0.0001427288
42294 0.0001309226
42342 0.0001183465
42474 0.0001175661
42522 0.0001134991
42539 0.0001085610
42544 0.0000970500
42596 0.0000909234
42719 0.0000764876
43031 0.0000759907
43108 0.0000684062
43164 0.0000659396
43213 0.0000655164
43417 0.0000597656
43567 0.0000564605
43699 0.0000544307
43810 0.0000540591
43868 0.0000523417
43896 0.0000479262
43940 0.0000478402
44124 0.0000472910
44206 0.0000420468
44230 0.0000357523
44322 0.0000322074
44529 0.0000308108
44701 0.0000304814
44749 0.0000300062
44766 0.0000296663
44799 0.0000295301
44912 0.0000266492
45018 0.0000258778
45186 0.0000179416
45453 0.0000164452
45607 0.0000154163
46296 0.0000133674
46332 0.0000129255
46569 0.0000110443
46731 0.0000109195
46752 0.0000104989
46838 0.0000099397
46886 0.0000097579
46889 0.0000096576
46949 0.0000086069
47446 0.0000084580
47492 0.0000079860
47721 0.0000077530
47736 0.0000074392
47867 0.0000073904
47919 0.0000055540
48153 0.0000051031
48826 0.0000047651
48893 0.0000044788
49023 0.0000043825
49190 0.0000040664
49265 0.0000037314
49303 0.0000033646
49558 0.0000032088
49718 0.0000030553
49965 0.0000027443
50023 0.0000027243
50040 0.0000027170
50067 0.0000020862
50141 0.0000017776
50234 0.0000017495
50760 0.0000017365
51069 0.0000017118
51454 0.0000016551
51599 0.0000016246
51618 0.0000015931
51718 0.0000015528
51752 0.0000015262
51770 0.0000014663
51783 0.0000014237
51851 0.0000010444
51993 0.0000009557
52049 0.0000009179
52091 0.0000008633
52158 0.0000006855
53242 0.0000006349
53256 0.0000006066
53371 0.0000006047
53426 0.0000005735
53564 0.0000005552
53566 0.0000005325
53573 0.0000004952
53803 0.0000004876
54059 0.0000004679
54086 0.0000004559
54109 0.0000004389
54135 0.0000004191
54136 0.0000003895
54221 0.0000003667
54237 0.0000003651
54270 0.0000003563
54285 0.0000002489
54597 0.0000002418
54670 0.0000002111
55189 0.0000002095
55224 0.0000001826
55657 0.0000001696
55694 0.0000001618
55793 0.0000001484
55834 0.0000001223
55934 0.0000001180
56260 0.0000001060
56321 0.0000001015
56366 0.0000000995
56390 0.0000000960
56440 0.0000000906
56626 0.0000000676
56964 0.0000000663
57004 0.0000000644
57042 0.0000000541
57162 0.0000000535
57312 0.0000000503
57479 0.0000000470
57498 0.0000000464
57535 0.0000000419
58223 0.0000000322
58583 0.0000000234
59080 0.0000000211
59133 0.0000000200
59136 0.0000000182
59520 0.0000000150
59538 0.0000000142
59588 0.0000000127
59638 0.0000000121
59901 0.0000000115
59953 0.0000000111
59960 0.0000000107
60194 0.0000000087
60581 0.0000000084
60698 0.0000000081
60716 0.0000000077
60764 0.0000000069
60838 0.0000000069
60841 0.0000000065
60861 0.0000000064
60920 0.0000000061
60995 0.0000000060
61103 0.0000000059
61142 0.0000000058
61264 0.0000000057
61307 0.0000000042
61781 0.0000000039
61813 0.0000000033
62024 0.0000000032
62177 0.0000000031
62194 0.0000000031
62213 0.0000000022
62772 0.0000000021
62904 0.0000000018
63084 0.0000000018
63106 0.0000000017
63109 0.0000000015
63408 0.0000000012
63609 0.0000000012
63813 0.0000000011
63968 0.0000000010
64083 0.0000000009
64161 0.0000000007
64784 0.0000000006
64929 0.0000000006
65064 0.0000000006
65272 0.0000000004
65538 0.0000000004
65668 0.0000000004
65676 0.0000000003
65717 0.0000000003
65956 0.0000000003
66206 0.0000000003
66409 0.0000000002
66450 0.0000000002
66502 0.0000000002
66539 0.0000000002
66920 0.0000000002
66950 0.0000000002
66960 0.0000000002
67142 0.0000000002
67146 0.0000000001
67154 0.0000000001
67604 0.0000000001
67843 0.0000000001
67852 0.0000000001
67918 0.0000000001
67929 0.0000000001
68539 0.0000000001
68586 0.0000000001
68599 0.0000000001
68701 0.0000000001
68766 0.0000000001
68815 0.0000000000
68921 0.0000000000
69303 0.0000000000
69496 0.0000000000
69840 0.0000000000
69922 0.0000000000
70059 0.0000000000
70105 0.0000000000
70272 0.0000000000
70401 0.0000000000
70502 0.0000000000
70557 0.0000000000
70816 0.0000000000
70914 0.0000000000
70996 0.0000000000
71096 0.0000000000
71468 0.0000000000
71478 0.0000000000
71589 0.0000000000
71615 0.0000000000
71728 0.0000000000
71744 0.0000000000
72014 0.0000000000
72015 0.0000000000
72572 0.0000000000
72575 0.0000000000
72703 0.0000000000
72783 0.0000000000
72865 0.0000000000
72914 0.0000000000
73614 0.0000000000
73723 0.0000000000
73744 0.0000000000
73795 0.0000000000
73836 0.0000000000
73853 0.0000000000
73964 0.0000000000
74066 0.0000000000
74430 0.0000000000
74496 0.0000000000
74766 0.0000000000
74880 0.0000000000
75065 0.0000000000
75276 0.0000000000
75291 0.0000000000
75486 0.0000000000
75791 0.0000000000
76062 0.0000000000
76183 0.0000000000
76945 0.0000000000
76962 0.0000000000
77765 0.0000000000
78065 0.0000000000
78125 0.0000000000
78222 0.0000000000
78411 0.0000000000
78514 0.0000000000
78525 0.0000000000
78553 0.0000000000
78834 0.0000000000
79422 0.0000000000
79466 0.0000000000
79528 0.0000000000
79892 0.0000000000
80221 0.0000000000
80395 0.0000000000
80797 0.0000000000
81031 0.0000000000
82146 0.0000000000
82295 0.0000000000
83099 0.0000000000
84092 0.0000000000
evaluations raw_y
1 4568330.7434013281
2 3957090.3228959222
3 3012041.6762010828
4 2877277.3448253060
16 2688479.3337362125
17 2376551.2585557890
19 2339021.3040905739
25 1919264.1091082087
63 1433185.3866098907
77 1362698.8039710657
101 1119685.9405099230
104 1026766.6195679327
144 771916.7563643497
188 752819.2105438601
194 609377.7830540166
199 598236.8351391115
214 594798.0246722905
216 588862.6746586238
219 581002.9020296314
223 364318.5032954425
253 307312.3545821387
266 268414.0140010047
274 219047.8680369966
333 165266.9930378876
427 130021.6346148546
533 114822.6063602837
578 111936.9382438335
579 19748.2386857336
1241 13110.2200718044
10486 12911.5550299578
10549 12538.3505854722
10700 12513.9831325954
10745 11000.0086145423
10808 10588.9277403161
10979 10104.1062771506
11062 10092.6997551796
11300 9376.1691898975
11316 8566.3268135406
11400 7237.4884150026
11785 6900.2906284033
12066 6606.4689655202
12169 5712.2380024719
12541 5377.3755260232
12630 4986.2332971187
12729 4075.2654667954
12939 3978.0815760912
12997 3855.6190180694
13247 3799.5299110041
13356 3775.7387203947
13373 3743.3747657715
13401 3714.0691815534
13428 3663.1888485350
13457 3620.2524781902
13459 3099.5280681915
13618 2075.0002084699
13833 2025.3673034010
13880 1949.9148549091
14160 1924.9030493076
14186 1879.4468186517
14368 1849.9796701751
14478 1829.3177768726
14482 1626.7866559697
14723 1454.4738287035
14765 1202.0684770963
14981 1194.8195449376
14984 1139.1539083696
15070 1129.6183844001
15080 1120.8241010081
15095 1105.3404310493
15112 1089.6723328026
15114 1066.5362261567
15142 1046.7628050798
15216 1035.2043330668
15242 1020.0954830972
15274 1016.8369492283
15348 833.6811022032
15735 761.7335776298
15940 657.8472351216
15949 650.2799422901
16047 584.0295011703
16068 540.6468587500
16123 523.6270772666
16301 474.1770809086
16417 465.8268006888
16433 413.7422134042
16752 392.6439356762
17115 370.6044800885
17123 339.8979387751
17193 339.8445623722
17231 253.0569618710
17669 242.4382513609
17699 237.1662584592
17703 217.5020800775
17739 213.7746307163
17781 208.6484945258
18061 174.3104479252
18254 149.3764732142
18290 133.9086859502
18304 116.9448858201
18759 112.2163605867
18818 83.2612142977
18820 77.8891432959
18861 73.9375115594
19248 71.1702164120
19343 70.9413593837
19348 62.4261195356
19461 60.3104881509
19742 56.5752455108
19805 56.1635165842
19854 51.3218292224
19930 45.8237301294
20037 43.0858188894
20103 40.0167988698
20313 35.3992966252
20317 25.3289037941
20570 23.5997358622
20838 22.4559551864
21026 20.6757940325
21130 16.5540151752
21135 13.5504997547
21570 13.2180202878
21647 12.8972304946
21773 12.5560076290
22094 12.5111760542
22102 12.1759892829
22152 11.3431104933
22155 11.3012881195
22220 10.3420499956
22354 9.5491294263
22425 7.2768556155
22454 7.1177182187
22516 7.0314175653
22527 6.8691966309
22830 6.6453794512
22918 6.6104923357
23047 4.7843993358
23245 4.3114463295
23291 3.8104523135
23424 3.1694489326
23518 2.5341411108
24738 2.4680520394
24741 2.4430898081
24847 1.7528245013
25058 1.6619526828
25285 1.5598320870
25345 1.4208461563
25463 1.3780141671
25520 1.3611702287
25581 1.3514168721
25656 1.3370415122
25731 1.1299058540
25826 0.9011043433
26358 0.7845842179
26666 0.7276033704
26726 0.6960543242
27092 0.6097374939
27293 0.5033840011
27570 0.4953795697
27581 0.4067191040
27864 0.3858861751
27965 0.3845993873
28250 0.2798550363
28576 0.2794342385
28694 0.2667269465
28767 0.1923341516
29171 0.1884980126
29334 0.1855911064
29365 0.1535587090
29760 0.1377782456
29957 0.1217378490
30003 0.0931259543
30249 0.0739549503
30785 0.0737655088
30809 0.0600031676
30813 0.0575267343
30815 0.0450876916
31506 0.0447310301
31545 0.0414217405
31755 0.0347275949
31835 0.0317750631
32238 0.0294776493
32319 0.0243068599
32618 0.0230414950
32665 0.0213673319
32750 0.0207559140
32756 0.0170015754
33002 0.0167384221
33093 0.0162523593
33149 0.0159437948
33206 0.0159014313
33257 0.0149076496
33350 0.0131996028
33432 0.0131797477
33498 0.0127988166
33611 0.0098330934
33672 0.0090905790
33863 0.0087317602
34044 0.0084803468
34128 0.0084143453
34268 0.0076349594
34301 0.0066453444
34869 0.0059700691
34878 0.0056534841
35054 0.0046462511
35288 0.0043116709
35685 0.0041833853
35750 0.0033452364
35923 0.0031141751
36163 0.0027293511
36315 0.0023913422
36437 0.0023708513
36553 0.0021519901
36664 0.0020409060
36706 0.0017086512
36811 0.0016299689
37363 0.0015991998
37368 0.0015538772
37439 0.0014583098
37549 0.0014160123
37583 0.0013933130
37619 0.0011787481
37693 0.0009557575
38151 0.0008717016
38417 0.0008635334
38655 0.0007886327
38732 0.0007666655
38758 0.0007245707
38802 0.0006600326
38803 0.0006583412
38829 0.0006496600
38859 0.0006449103
39122 0.0006256858
39138 0.0006151906
39140 0.0005919266
39162 0.0005413143
39203 0.0005411283
39232 0.0005231819
39288 0.0005146354
39292 0.0004929537
39412 0.0004724875
39433 0.0002981234
39647 0.0002725277
40405 0.0002710992
40437 0.0002575391
40586 0.0002347975
40642 0.0002253268
40884 0.0002056671
40991 0.0001788778
41104 0.0001718332
41162 0.0001581276
41212 0.0001482870
41307 0.0001432757
41360 0.0001379910
41366 0.0001228330
41704 0.0001099832
41752 0.0000859060
42118 0.0000778415
42317 0.0000660066
42363 0.0000639496
42464 0.0000577814
42531 0.0000528280
42771 0.0000527528
42784 0.0000475548
42943 0.0000405722
43047 0.0000369965
43175 0.0000341834
43180 0.0000319282
43311 0.0000303682
43540 0.0000292392
43670 0.0000290113
43855 0.0000289824
43945 0.0000256837
43965 0.0000192423
44454 0.0000169468
44578 0.0000155648
44675 0.0000106953
45224 0.0000103163
45276 0.0000090428
45322 0.0000085120
45690 0.0000084295
45712 0.0000084103
45751 0.0000082348
45952 0.0000079637
46023 0.0000067662
46125 0.0000054909
46184 0.0000054626
46433 0.0000052327
46452 0.0000049931
46478 0.0000048756
46596 0.0000046268
46624 0.0000042242
46787 0.0000036229
47006 0.0000035487
47044 0.0000035188
47161 0.0000034152
47206 0.0000033801
47304 0.0000032990
47491 0.0000031058
47593 0.0000030776
47624 0.0000030575
47631 0.0000030019
47644 0.0000028480
47706 0.0000020821
47854 0.0000018969
48355 0.0000018080
48406 0.0000017727
48441 0.0000017241
48476 0.0000017171
48509 0.0000017070
48510 0.0000016070
48711 0.0000015511
48750 0.0000011546
49104 0.0000011389
49149 0.0000011353
49190 0.0000010873
49251 0.0000009957
49458 0.0000009559
49621 0.0000009375
49748 0.0000009172
49862 0.0000008701
49881 0.0000008180
50001 0.0000007661
50044 0.0000007227
50099 0.0000006714
50115 0.0000005915
50178 0.0000005557
50198 0.0000004862
50330 0.0000004503
50446 0.0000004003
51265 0.0000003566
51325 0.0000003525
51399 0.0000003479
51594 0.0000003360
51761 0.0000003322
51835 0.0000003034
51848 0.0000002791
51891 0.0000002408
52189 0.0000002308
52257 0.0000002241
52330 0.0000002035
52376 0.0000001941
52420 0.0000001905
52444 0.0000001836
52848 0.0000001793
52904 0.0000001630
52935 0.0000001598
52975 0.0000001552
53077 0.0000001283
53113 0.0000001249
53118 0.0000001008
53787 0.0000000862
54020 0.0000000717
54324 0.0000000562
54393 0.0000000507
54843 0.0000000397
55267 0.0000000326
55796 0.0000000274
56003 0.0000000272
56081 0.0000000183
56418 0.0000000167
57137 0.0000000167
57144 0.0000000114
57485 0.0000000111
57519 0.0000000099
57538 0.0000000097
57672 0.0000000081
57960 0.0000000080
58020 0.0000000077
58244 0.0000000076
58268 0.0000000065
58292 0.0000000062
58465 0.0000000060
58501 0.0000000059
58539 0.0000000057
58551 0.0000000047
58914 0.0000000040
59060 0.0000000039
59143 0.0000000034
59171 0.0000000031
59370 0.0000000029
59454 0.0000000029
59488 0.0000000027
59692 0.0000000023
59925 0.0000000023
59996 0.0000000019
60380 0.0000000018
60384 0.0000000016
60847 0.0000000012
61109 0.0000000012
61193 0.0000000012
61233 0.0000000011
61265 0.0000000011
61295 0.0000000011
61319 0.0000000010
61348 0.0000000009
61372 0.0000000009
61417 0.0000000008
61607 0.0000000007
61817 0.0000000006
61967 0.0000000006
62084 0.0000000006
62185 0.0000000005
62405 0.0000000004
62430 0.0000000003
62615 0.0000000003
62728 0.0000000003
62846 0.0000000003
62917 0.0000000002
63373 0.0000000002
63380 0.0000000002
63415 0.0000000002
63845 0.0000000002
63898 0.0000000002
64022 0.0000000001
64135 0.0000000001
64248 0.0000000001
64287 0.0000000001
64448 0.0000000001
64521 0.0000000001
64743 0.0000000001
64744 0.0000000001
64760 0.0000000001
64780 0.0000000001
64909 0.0000000001
65159 0.0000000001
65212 0.0000000000
65811 0.0000000000
66016 0.0000000000
66226 0.0000000000
66453 0.0000000000
66711 0.0000000000
66847 0.0000000000
66990 0.0000000000
67025 0.0000000000
67202 0.0000000000
67262 0.0000000000
67375 0.0000000000
68021 0.0000000000
68097 0.0000000000
68330 0.0000000000
68609 0.0000000000
68811 0.0000000000
69276 0.0000000000
69328 0.0000000000
69446 0.0000000000
69554 0.0000000000
69585 0.0000000000
69643 0.0000000000
69818 0.0000000000
69916 0.0000000000
70618 0.0000000000
70865 0.0000000000
70956 0.0000000000
70977 0.0000000000
71024 0.0000000000
71057 0.0000000000
71161 0.0000000000
71830 0.0000000000
71849 0.0000000000
71909 0.0000000000
72524 0.0000000000
72682 0.0000000000
72699 0.0000000000
73880 0.0000000000
74920 0.0000000000
76431 0.0000000000
evaluations raw_y
1 2914569.1740783527
3 2406527.6124407649
4 2301129.4529379932
5 1963005.2819611356
11 1961453.5593838634
17 1752019.1662317046
18 1518501.3407073580
19 1256640.7227569728
62 1134535.4056627548
75 1093250.2928049380
79 1079123.9751293221
96 1075033.5614121114
99 1011179.3105271095
100 1002944.2416838246
116 867426.6898642391
125 812589.7045943647
134 714873.4518458383
146 639054.9083880930
150 546859.1405502256
188 538500.3441042802
189 375290.9263580015
260 285326.4610613340
296 239434.9480426598
315 220259.8366479901
324 120573.3453262124
536 115450.3863577681
569 98058.2523592276
659 63673.6998218634
693 46361.6763013623
779 40054.9296057357
898 32731.9369774436
1055 13308.0328430686
1102 4246.8630991991
13248 4200.9767355143
13278 4055.1520414574
13330 3842.8040206645
13390 3804.4591185788
13449 3698.4741578125
13636 3632.1824300108
13642 3390.4381720945
14098 2990.8663963449
14269 2937.5892935828
14320 2902.0872748989
14354 2542.1613408995
14359 2413.6361947438
14422 2406.3305768587
14431 2214.9243050006
14512 2027.4623441739
14537 2014.7040667895
14592 1941.6106011124
14671 1879.2343771215
14721 1877.7413221037
14825 1743.3280957744
15019 1209.8367927783
15134 1132.7929046737
15462 1131.2728622566
15589 1128.0739902255
15593 1088.7776962098
15624 1087.4684419975
15645 1043.8398866938
15672 1027.5630025123
15683 1021.8657588470
15709 993.3712980470
15710 918.2838783744
15741 896.4100840253
15805 759.7206639682
15901 743.0741370576
16029 698.4063720661
16298 683.3341700739
16331 681.3832819578
16349 642.4980651362
16360 622.7555936299
16400 580.0662434889
16480 560.5954839152
16542 535.8858717255
16687 496.9437419256
16723 440.3449472929
16819 426.9098100450
16890 424.9826215392
16894 407.7831929119
16932 401.6250598695
17078 392.8745247551
17088 385.7235595277
17164 383.3265709863
17270 379.2848425078
17395 362.1906403167
17406 356.6603135386
17533 287.6894978811
17589 271.6234789045
17615 247.6122658771
17726 243.8655116810
17957 243.4675724934
18068 233.8912194663
18070 231.4091534476
18151 219.6965605291
18295 216.0617000036
18407 215.2014429042
18481 214.6501898036
18482 206.4473943292
18592 202.1595616879
18769 189.7915631289
19006 183.9539924335
19012 162.6736661026
19101 161.9081198052
19110 148.4166211884
19150 131.4384698976
19486 126.1043258512
19696 125.4470949093
19712 125.1591723576
19730 123.7830529113
19758 118.0321127023
19801 114.8016924220
19991 114.6040604804
20041 114.5956999162
20060 102.9266571775
20141 101.1711107813
20171 93.1365398928
20386 92.8309914809
20477 87.8812091747
20611 79.7386219689
21212 79.2940140301
21345 77.8536616517
21365 69.0273509293
21535 65.7333586630
21776 62.8214796024
21797 61.2835613180
21816 59.8486320112
21817 51.1773341531
22121 49.8466774524
22237 48.9469507817
22277 47.4466554050
22350 47.2041073554
22366 46.7573337259
22373 45.0111338169
22374 39.7923165030
22868 37.3243238437
22960 33.9385663760
23106 27.4053482781
23193 26.4516205468
23274 25.8492703666
23280 23.5940275175
23659 22.7768790348
23745 22.4431999395
23963 22.0354211864
23970 20.1634315720
24196 15.4021617581
24715 15.0923467233
24717 13.2229563937
24862 13.1891102794
24913 13.0280645970
24935 12.7003434678
24972 12.6694119791
25008 12.5516271141
25050 12.4603618543
25167 12.2978505918
25185 12.2295629434
25261 12.0492451408
25375 10.8268567657
25415 10.7285626816
25480 10.4258193748
25528 9.0351724022
25569 7.3025107222
25711 7.1314032870
25746 7.0433773433
25888 6.7777624394
25891 6.7475281765
26007 6.4555125764
26034 6.3294602524
26108 5.5991852772
26121 5.5041513694
26312 5.1628054919
26363 4.4534745693
26643 4.2136892209
26707 4.1636765716
26711 4.0764361450
26724 3.4758527843
26792 2.8256090359
27127 2.5183728245
27446 2.4218807708
27545 2.3396834192
27585 2.1264752611
27682 1.7449261389
27869 1.4665986825
28146 1.2967185851
28496 1.1542260494
28512 1.0314015547
28556 0.7539186769
29154 0.7463703580
29181 0.7311404302
29280 0.7276969942
29336 0.7246046098
29359 0.5494482552
29430 0.4999725280
29563 0.4917553502
29790 0.4502890692
29940 0.4269181859
29942 0.4221443603
29962 0.3417787936
30262 0.3186262637
30363 0.2409520151
30849 0.2050272298
30914 0.1787476285
31173 0.1750683611
31177 0.1643552781
31296 0.1331025111
31483 0.1090898899
32221 0.1000300798
32273 0.0911452476
32323 0.0841920964
32588 0.0805299383
32723 0.0798802143
32796 0.0706162275
33017 0.0622218311
33054 0.0456816571
33292 0.0450727448
33460 0.0429818383
33804 0.0420926733
34074 0.0413721272
34113 0.0397403876
34116 0.0390403648
34156 0.0362865654
34174 0.0349605827
34182 0.0274898529
34339 0.0266625010
34361 0.0262522760
34381 0.0249091073
34461 0.0234701244
34561 0.0225095430
34989 0.0220735225
35145 0.0188762069
35283 0.0172909923
35531 0.0170781919
35647 0.0155096406
35734 0.0117006841
35846 0.0106678812
36154 0.0086702719
36332 0.0086133450
36674 0.0080931600
36758 0.0080368072
36768 0.0079850605
36812 0.0050991688
37099 0.0043626108
37235 0.0041836644
37291 0.0037762115
37989 0.0031526517
38042 0.0029425106
38223 0.0027771742
38250 0.0024431046
38344 0.0023827366
38631 0.0022768018
38646 0.0022315766
38746 0.0021670678
39119 0.0021094356
39201 0.0017468758
39349 0.0015683153
39463 0.0015300014
39490 0.0015134333
39644 0.0012769300
39820 0.0011567559
39868 0.0011154642
39996 0.0010586307
40048 0.0009387311
40392 0.0008983556
40487 0.0008820649
40505 0.0008748240
40538 0.0008642725
40545 0.0008491538
40552 0.0008440123
40558 0.0006951425
40676 0.0005885438
40755 0.0005165109
40960 0.0005004561
41183 0.0004896385
41255 0.0004316407
41261 0.0004118626
41339 0.0003649877
41667 0.0003446617
41707 0.0003186488
41808 0.0002932197
41895 0.0002712292
42114 0.0002710427
42120 0.0002688709
42314 0.0002471161
42703 0.0002430939
42753 0.0001581784
43360 0.0001508875
43400 0.0001499310
43503 0.0001466478
43829 0.0001451004
43836 0.0001433735
43882 0.0001383033
43989 0.0001259324
44430 0.0001174392
44575 0.0001006251
44632 0.0000992837
44718 0.0000977215
44725 0.0000946703
44785 0.0000943576
44814 0.0000934429
44832 0.0000838726
44960 0.0000810541
44974 0.0000760049
45045 0.0000666024
45146 0.0000664702
45184 0.0000654433
45207 0.0000644341
45249 0.0000599398
45381 0.0000557800
45432 0.0000545072
45493 0.0000522788
45546 0.0000517905
45597 0.0000487906
45666 0.0000438686
45771 0.0000379131
46130 0.0000336243
46191 0.0000297521
46240 0.0000261971
46692 0.0000230557
46778 0.0000156856
47397 0.0000156451
47533 0.0000150812
47633 0.0000132984
47844 0.0000128302
47871 0.0000118188
47892 0.0000101844
47931 0.0000092590
48036 0.0000085955
48479 0.0000080617
48482 0.0000080491
48866 0.0000064766
49298 0.0000048843
49422 0.0000042716
50026 0.0000041640
50053 0.0000039317
50061 0.0000038782
50115 0.0000038076
50158 0.0000036001
50471 0.0000033535
50502 0.0000032342
50520 0.0000031926
50881 0.0000031712
50895 0.0000031559
50907 0.0000031462
50924 0.0000029639
50929 0.0000028670
50939 0.0000024801
50952 0.0000020403
51030 0.0000017060
51427 0.0000015421
51504 0.0000012279
51880 0.0000009663
52054 0.0000009234
52313 0.0000008997
52404 0.0000008853
52671 0.0000007314
52730 0.0000006210
53225 0.0000005783
53230 0.0000005760
53299 0.0000005519
53320 0.0000005322
53404 0.0000005270
53424 0.0000005017
53444 0.0000004932
53530 0.0000004490
53546 0.0000003815
53716 0.0000003608
53842 0.0000003561
53873 0.0000002920
54916 0.0000002857
55090 0.0000002666
55156 0.0000002575
55256 0.0000002525
55290 0.0000002418
55330 0.0000002152
55451 0.0000001973
55524 0.0000001920
55573 0.0000001879
55682 0.0000001754
56191 0.0000001707
56206 0.0000001476
56221 0.0000001475
56240 0.0000001290
56258 0.0000001089
56711 0.0000001050
56786 0.0000001008
56937 0.0000000893
57189 0.0000000795
57328 0.0000000737
57435 0.0000000690
57461 0.0000000560
57711 0.0000000516
57760 0.0000000515
57792 0.0000000506
57839 0.0000000441
58340 0.0000000402
58386 0.0000000394
58448 0.0000000358
58509 0.0000000309
58558 0.0000000296
58759 0.0000000278
58778 0.0000000259
58894 0.0000000254
59035 0.0000000228
59171 0.0000000196
59239 0.0000000189
59695 0.0000000188
59706 0.0000000184
59710 0.0000000182
59757 0.0000000181
59973 0.0000000131
60256 0.0000000130
60284 0.0000000118
60458 0.0000000115
60481 0.0000000109
60482 0.0000000087
60983 0.0000000082
61144 0.0000000068
61291 0.0000000068
61319 0.0000000058
61534 0.0000000058
61537 0.0000000057
61604 0.0000000052
61966 0.0000000051
61984 0.0000000050
62004 0.0000000044
62024 0.0000000044
62064 0.0000000040
62128 0.0000000038
62191 0.0000000033
62220 0.0000000032
62374 0.0000000030
62522 0.0000000029
62525 0.0000000028
62560 0.0000000028
62640 0.0000000025
62688 0.0000000025
62770 0.0000000024
62870 0.0000000021
62970 0.0000000021
63221 0.0000000020
63249 0.0000000016
63413 0.0000000015
63579 0.0000000015
63898 0.0000000014
63981 0.0000000013
64042 0.0000000012
64097 0.0000000011
64463 0.0000000010
64588 0.0000000008
64731 0.0000000006
64860 0.0000000006
64975 0.0000000006
65368 0.0000000003
65627 0.0000000003
66019 0.0000000003
66064 0.0000000003
66065 0.0000000003
66084 0.0000000003
66145 0.0000000003
66159 0.0000000003
66230 0.0000000003
66377 0.0000000002
66563 0.0000000002
66653 0.0000000002
66812 0.0000000002
66827 0.0000000002
66917 0.0000000002
66924 0.0000000002
67060 0.0000000002
67248 0.0000000002
67434 0.0000000002
67457 0.0000000001
67570 0.0000000001
67596 0.0000000001
67715 0.0000000001
67772 0.0000000001
68179 0.0000000001
68235 0.0000000001
68272 0.0000000001
68297 0.0000000001
68404 0.0000000001
68542 0.0000000001
68641 0.0000000001
68693 0.0000000001
68719 0.0000000001
68740 0.0000000001
68769 0.0000000000
69176 0.0000000000
69288 0.0000000000
69414 0.0000000000
69468 0.0000000000
69632 0.0000000000
69679 0.0000000000
69778 0.0000000000
69930 0.0000000000
70163 0.0000000000
70220 0.0000000000
70296 0.0000000000
70485 0.0000000000
70518 0.0000000000
70809 0.0000000000
70975 0.0000000000
71250 0.0000000000
71530 0.0000000000
71557 0.0000000000
71570 0.0000000000
71633 0.0000000000
71716 0.0000000000
71850 0.0000000000
72025 0.0000000000
72443 0.0000000000
72461 0.0000000000
72514 0.0000000000
72712 0.0000000000
72800 0.0000000000
73062 0.0000000000
73169 0.0000000000
73176 0.0000000000
73271 0.0000000000
73317 0.0000000000
73347 0.0000000000
73490 0.0000000000
73491 0.0000000000
73873 0.0000000000
73898 0.0000000000
73980 0.0000000000
74131 0.0000000000
74161 0.0000000000
74246 0.0000000000
74376 0.0000000000
74436 0.0000000000
74508 0.0000000000
74522 0.0000000000
74598 0.0000000000
74931 0.0000000000
75051 0.0000000000
75117 0.0000000000
75152 0.0000000000
75266 0.0000000000
75319 0.0000000000
75344 0.0000000000
75430 0.0000000000
75615 0.0000000000
75758 0.0000000000
75847 0.0000000000
76095 0.0000000000
76229 0.0000000000
76361 0.0000000000
76377 0.0000000000
76390 0.0000000000
76576 0.0000000000
76947 0.0000000000
76949 0.0000000000
77142 0.0000000000
77329 0.0000000000
77516 0.0000000000
77963 0.0000000000
77994 0.0000000000
78223 0.0000000000
78270 0.0000000000
78345 0.0000000000
78660 0.0000000000
78935 0.0000000000
79336 0.0000000000
79432 0.0000000000
79760 0.0000000000
80043 0.0000000000
80146 0.0000000000
80170 0.0000000000
80585 0.0000000000
80775 0.0000000000
81389 0.0000000000
81580 0.0000000000
82037 0.0000000000
82208 0.0000000000
82691 0.0000000000
83362 0.0000000000
83725 0.0000000000
84745 0.0000000000
evaluations raw_y
1 3285195.0475752582
2 2412482.6433317475
6 2281282.9076528605
8 2152200.6430565664
15 1943137.0119329707
17 1942987.2866747773
19 1855199.9228458714
24 1823664.2739153602
32 1745725.6387067018
37 1531574.1391625009
45 1112089.2348827284
63 907229.6045934957
107 874129.6654548566
111 641127.6502179648
137 640111.4394623321
168 638029.2956745477
170 572012.6362967665
221 521101.1800405913
222 426840.4909785767
224 368788.4008215743
240 341932.5712106393
249 340753.9617979680
267 281916.4766271918
326 279420.4132591138
387 268244.0641136421
393 233155.9395684740
398 161225.8268640481
476 91904.4472352962
512 62855.8727844555
545 33708.3004233209
1112 32494.2955709029
1173 16448.2353945615
11881 15854.5335124241
12373 15611.7726384172
12673 15218.2377333311
12745 14822.2863298873
12752 14405.2716135258
12776 13100.3804613223
13045 12189.7254230078
13257 11613.5797697875
13323 11376.2750711383
13378 9998.2430887184
13585 9937.2885556445
13825 9760.5341882910
13888 8383.9407343947
13954 8015.4554586455
13970 7422.9427274859
14068 6918.9391239004
14113 6667.4036683707
14245 6277.2333946094
14482 4892.7843390789
14580 4648.0068906826
14883 4521.3091257333
15131 3883.5728618698
15207 3857.1838491831
15281 3825.2184024822
15302 3806.0146921147
15326 3720.0420499810
15371 3669.5860205154
15583 3665.3415145853
15589 3588.2503316767
15652 3408.9605457177
15689 3284.5371018622
15703 2578.1878207204
15982 2391.3207384210
16012 2264.8453077818
16132 2175.2248971043
16169 2162.3923396270
16205 2086.9075453285
16220 2033.7709868782
16230 1989.9691432540
16386 1986.9612727400
16414 1670.7234276699
16446 1504.4327984773
16805 1277.4174500343
17060 1164.0233152234
17263 1158.9704049838
17296 1038.5874041262
17388 1019.3326695533
17489 961.7124351008
17592 949.6352059539
17620 843.2028320330
17629 839.7376982911
17780 823.0696575467
17823 741.8487591931
17867 603.4521516239
18128 535.5543790715
18200 454.7210709753
18630 418.9787684389
18650 398.8047042128
18693 384.2740352189
18851 382.1531437177
18872 330.2370578132
18905 307.9345607411
18915 239.3486998589
19014 233.9570971588
19157 232.9495050342
19225 229.4547344520
19254 212.5216453289
19309 209.3781737360
19408 206.4572608008
19432 199.9396854614
19573 188.5892928308
19618 181.6533478230
19647 153.8378421995
19667 122.6516924437
19880 121.9526241050
20052 117.3539455323
20114 112.8606784837
20120 109.6888893966
20320 107.7347330679
20417 81.8615900971
20588 73.9832376521
20708 72.6346516887
20758 59.2054216957
20801 57.6388587069
21216 43.8461584915
21418 43.6098948492
21582 42.9682209979
21603 41.6799796046
21660 39.3821533369
21670 39.2751639112
21753 37.4534724748
21801 34.9313265177
21822 34.5503597315
21856 31.0210414092
21992 30.6185522470
22020 30.4103905749
22028 26.6157121367
22050 24.7453838188
22097 23.9051371297
22125 23.3464556049
22216 19.2015334741
22721 18.7234771904
22741 16.3755932447
22752 14.8106267181
22809 13.6271196730
22958 13.2830791744
23023 12.5082311112
23180 12.4679204155
23273 12.2187449156
23299 11.8421388734
23319 11.8237447123
23472 10.9644501652
23527 7.9793139081
23851 7.2367868297
23995 7.0771594455
24128 6.8879229533
24275 6.8563249349
24283 6.7417357954
24311 6.5620942319
24364 6.5491302894
24453 5.7404042107
24529 4.5787621063
24553 4.2531368940
24929 4.2421275288
24977 3.1088073183
25150 2.5776213507
25659 2.4680989866
25809 2.4321334761
25956 2.1779526248
26126 1.6779254190
26307 1.5072244972
26746 1.4215612782
26752 1.0839477045
27310 0.9902552147
27366 0.8612928864
27661 0.8273011876
27671 0.8271985810
27675 0.7849080809
27859 0.7605811067
27912 0.7290299953
28005 0.6377364973
28334 0.5580608148
28536 0.5397009000
28637 0.4889141957
28797 0.4837739778
28867 0.4546491789
29013 0.4311070028
29049 0.3804296320
29560 0.3540127120
29629 0.3052488014
29873 0.2774174331
30078 0.2730870072
30191 0.2591932774
30244 0.2300817964
30353 0.2132455324
30413 0.2103471921
30488 0.2047830202
30553 0.1511635757
30726 0.1405091715
31271 0.1340825107
31308 0.1095061087
31478 0.1033470270
31496 0.0837049557
31749 0.0819760775
31752 0.0744550384
32138 0.0725402374
32231 0.0708963849
32283 0.0691564551
32358 0.0674694644
32395 0.0529603406
32568 0.0434256627
32755 0.0420343025
33012 0.0419777017
33280 0.0400980921
33410 0.0359551640
33592 0.0277299118
33747 0.0269414912
34100 0.0238442707
34295 0.0235058276
34310 0.0215644275
34674 0.0152557380
35076 0.0144985147
35404 0.0130709164
35827 0.0116730753
35946 0.0095408782
36015 0.0093597698
36069 0.0087959981
36282 0.0086182442
36331 0.0082879118
36373 0.0075765947
36579 0.0067860776
36580 0.0062278552
36582 0.0051919131
36701 0.0048305500
37260 0.0040784575
37523 0.0039587970
37936 0.0032870484
38003 0.0032779895
38164 0.0029250395
38175 0.0027448683
38224 0.0027175749
38255 0.0026077126
38334 0.0024428142
38765 0.0024367698
38776 0.0024128986
38798 0.0022952189
38840 0.0019243735
39400 0.0019085963
39415 0.0018528570
39473 0.0017148800
39540 0.0014731171
39722 0.0012082515
39958 0.0011358108
40402 0.0010655569
40408 0.0008975273
40663 0.0008194123
40780 0.0007864850
40822 0.0007383147
41394 0.0005977707
41663 0.0005117190
41964 0.0004867001
42092 0.0004715309
42196 0.0004631981
42287 0.0003361310
42444 0.0003239977
42563 0.0002796560
42851 0.0002753020
42870 0.0002697625
43291 0.0002690876
43293 0.0002569600
43294 0.0002563867
43443 0.0002233482
43521 0.0002144100
43557 0.0002002158
43630 0.0001602574
43820 0.0001545891
44148 0.0001440164
44553 0.0001389658
44681 0.0001364989
44976 0.0001340280
45052 0.0001330486
45070 0.0001151873
45129 0.0001094737
45199 0.0001016562
45208 0.0001007171
45459 0.0000909600
45510 0.0000815783
45567 0.0000719666
45776 0.0000688891
45817 0.0000528314
46206 0.0000499607
46222 0.0000465726
46593 0.0000428412
46702 0.0000428269
46706 0.0000337346
46751 0.0000307246
47161 0.0000292226
47264 0.0000285382
47509 0.0000250110
47563 0.0000229106
48149 0.0000210542
48198 0.0000198764
48300 0.0000192538
48365 0.0000171371
48526 0.0000162482
48588 0.0000161190
48641 0.0000160031
48801 0.0000153466
48828 0.0000112748
49398 0.0000102659
49478 0.0000092808
49508 0.0000088130
49530 0.0000078457
49939 0.0000074337
49960 0.0000070741
50015 0.0000055702
50223 0.0000055270
50435 0.0000052648
50485 0.0000048322
50719 0.0000043067
50928 0.0000035130
51273 0.0000032038
51307 0.0000020887
51712 0.0000019886
51741 0.0000018754
51878 0.0000018327
51943 0.0000016496
52936 0.0000013284
53118 0.0000012996
53143 0.0000012175
53178 0.0000009590
53349 0.0000009029
53699 0.0000008965
53896 0.0000008859
53979 0.0000008205
54075 0.0000008199
54145 0.0000005267
54397 0.0000005058
54510 0.0000005045
54535 0.0000004137
54570 0.0000003599
54911 0.0000003320
55051 0.0000003149
55164 0.0000003131
55331 0.0000002980
55382 0.0000002466
55471 0.0000002444
55483 0.0000002332
55503 0.0000002216
55607 0.0000002164
55758 0.0000002107
55768 0.0000001925
55826 0.0000001838
55983 0.0000001525
56177 0.0000001473
56242 0.0000001448
56392 0.0000001330
56398 0.0000001051
56759 0.0000001035
56767 0.0000000854
57211 0.0000000849
57355 0.0000000761
57530 0.0000000557
57720 0.0000000430
58367 0.0000000401
58419 0.0000000362
58745 0.0000000361
58812 0.0000000308
58915 0.0000000302
58954 0.0000000284
59100 0.0000000283
59110 0.0000000283
59124 0.0000000268
59136 0.0000000223
59717 0.0000000182
59957 0.0000000159
60067 0.0000000159
60095 0.0000000153
60110 0.0000000117
60187 0.0000000113
60192 0.0000000111
60391 0.0000000108
60550 0.0000000100
60555 0.0000000065
61193 0.0000000062
61194 0.0000000061
61246 0.0000000058
61381 0.0000000054
61461 0.0000000038
61523 0.0000000032
61959 0.0000000031
61978 0.0000000031
62152 0.0000000031
62396 0.0000000030
62402 0.0000000030
62587 0.0000000027
62668 0.0000000022
62715 0.0000000019
62866 0.0000000019
62931 0.0000000011
63350 0.0000000010
64004 0.0000000010
64102 0.0000000009
64131 0.0000000006
64592 0.0000000006
64686 0.0000000006
64732 0.0000000006
64947 0.0000000005
64948 0.0000000004
65103 0.0000000004
65177 0.0000000004
65258 0.0000000004
65290 0.0000000003
65516 0.0000000003
65746 0.0000000003
65752 0.0000000003
65863 0.0000000002
66319 0.0000000002
66395 0.0000000002
66810 0.0000000002
66853 0.0000000002
66996 0.0000000001
67020 0.0000000001
67048 0.0000000001
67608 0.0000000001
67734 0.0000000001
68170 0.0000000001
68266 0.0000000001
68414 0.0000000001
68516 0.0000000001
68843 0.0000000000
68943 0.0000000000
68964 0.0000000000
69104 0.0000000000
69311 0.0000000000
69364 0.0000000000
69456 0.0000000000
69473 0.0000000000
69828 0.0000000000
69969 0.0000000000
70284 0.0000000000
70386 0.0000000000
70465 0.0000000000
70611 0.0000000000
70660 0.0000000000
70777 0.0000000000
70790 0.0000000000
70818 0.0000000000
70827 0.0000000000
70991 0.0000000000
71140 0.0000000000
71166 0.0000000000
71270 0.0000000000
71321 0.0000000000
71467 0.0000000000
71493 0.0000000000
71647 0.0000000000
71781 0.0000000000
71954 0.0000000000
72251 0.0000000000
72254 0.0000000000
72300 0.0000000000
72340 0.0000000000
72450 0.0000000000
72710 0.0000000000
73058 0.0000000000
73175 0.0000000000
73357 0.0000000000
73440 0.0000000000
73880 0.0000000000
73918 0.0000000000
73924 0.0000000000
73986 0.0000000000
74011 0.0000000000
74012 0.0000000000
74481 0.0000000000
74795 0.0000000000
74837 0.0000000000
74848 0.0000000000
75265 0.0000000000
75669 0.0000000000
75794 0.0000000000
76627 0.0000000000
77658 0.0000000000
78752 0.0000000000
evaluations raw_y
1 2764621.4790912089
2 2073522.3396529956
4 1938795.3045564604
9 1465835.3024257936
17 1070535.6860428231
22 947275.5579329471
55 940389.9805425091
78 864761.7917330556
81 768896.0598761089
97 685677.5654598434
102 635771.9468713283
112 612479.9382184888
136 489497.7023718287
151 418936.8003351119
162 413923.0138696229
215 313677.8433835385
233 307549.7371040793
281 254763.6792304398
296 207900.9542029275
400 168590.5487930019
438 34391.2828259706
663 19327.9423069347
714 15893.4563865257
725 12482.2418396058
732 3777.1865769651
967 3653.6873485856
1146 3495.1797763091
2595 3308.9474013058
2599 3032.4635093919
2625 2999.9674618045
2644 2741.7292138060
2746 2448.4647731956
2794 2071.7343803794
2952 2043.1734873060
3083 1984.8405189990
3158 1951.1973046497
3241 1949.2868666934
3310 1942.0418293573
3402 1835.7052373971
3454 1755.9303866869
3535 1651.4716782863
3549 1612.4398192243
3551 1556.9585195636
3578 1315.1882051254
3779 1304.6714946188
3814 1186.3600109595
3845 983.7947307328
3952 924.7298538964
4172 801.9751413454
4274 731.9353405634
4613 710.4858178022
4710 660.5936310258
4784 627.7312535059
4812 626.8298437406
4836 586.6586927060
4911 562.4193901184
4987 530.3728915227
5033 516.7968971084
5090 449.0893152011
5159 423.9131972765
5245 421.5536890906
5376 393.4917790947
5569 323.0844135240
5906 267.6148579277
5953 247.2634818774
6106 219.2290553234
6141 219.1202152070
6147 216.5682848722
6400 216.0247006748
6426 215.8814453473
6442 215.8271088581
6558 215.6315013239
6571 195.4604744200
6786 150.9227146099
6968 149.3181423386
6969 129.1073265015
7104 116.8065920705
7303 116.5542613349
7366 114.9669079406
7445 113.5326880427
7582 110.0806302426
7665 108.7124215500
7728 106.6354331032
7732 101.4112078860
7771 83.1407092287
8025 80.6220237393
8046 78.5835083533
8108 75.7808193757
8321 75.3395451665
8352 67.5575636996
8396 66.9770499718
8542 64.1097611104
8603 55.4830637100
8734 50.7656275612
8775 50.3266873516
8940 45.8820628991
8949 41.5642465995
9286 40.0808846931
9352 39.4690530828
9395 30.7730360857
9871 29.7226873704
9872 28.4821995908
10038 25.0247936737
10140 24.5325872095
10186 23.9667755452
10259 23.8957053838
10265 21.6414164022
10352 20.6125080565
10736 20.4660775071
10782 20.1408771033
10912 19.3818402561
10956 19.1088219777
11032 12.9907500249
11299 12.7767192578
11385 12.6310099973
11405 12.4998132367
11467 12.4871572781
11482 12.4525295213
11560 11.6705489231
11702 11.4951017007
11750 11.3374180436
11755 10.6597562408
11973 8.9243832749
12075 8.3614343348
12105 6.7623556412
12187 6.5582419947
12644 5.8525882051
12921 5.4564841159
13013 5.4251346833
13071 4.7728989468
13164 4.7378922554
13207 4.6465078705
13240 4.2409415880
13356 4.2101276192
13366 3.0715925078
13635 3.0259572192
13827 2.9962659744
14033 2.8763988419
14066 2.7014836354
14072 2.4397843357
14282 2.0952375893
14407 1.7654179889
14604 1.6727491253
14669 1.3778404596
14930 1.3753804772
14979 1.3614077061
15039 1.3388516438
15042 1.2275579919
15168 1.2076747405
15272 1.1759507425
15480 0.8312347400
15612 0.7879046722
15758 0.7476095271
15801 0.6594913906
16472 0.6402528935
16479 0.6034398022
16515 0.6033645300
16587 0.5872621518
16592 0.5180903663
16622 0.3819823774
17146 0.3448046569
17205 0.3119941531
17266 0.2563189640
17554 0.2056359899
18153 0.1841423325
18182 0.1761832866
18209 0.1558736653
18615 0.1510329586
18641 0.1499959113
18704 0.1488416337
18733 0.1486108259
18735 0.1374065816
18844 0.1356703502
18875 0.1265040523
19283 0.1215094401
19304 0.1123406672
19310 0.1025333920
19407 0.1016376149
19439 0.0912483281
19510 0.0822404353
19605 0.0783919114
19710 0.0769901103
19734 0.0699751892
20076 0.0591088407
20254 0.0488491442
20314 0.0444365433
20535 0.0427645158
20662 0.0421633175
20804 0.0411778926
20913 0.0379250912
21021 0.0318850757
21271 0.0313934623
21378 0.0259332606
21484 0.0245458881
21494 0.0235266374
21549 0.0205992750
21565 0.0190309404
21632 0.0183047748
21768 0.0162952069
21934 0.0142476594
21972 0.0142163252
22288 0.0128152637
22477 0.0111525975
22674 0.0099649159
22815 0.0093342965
22901 0.0088061268
22939 0.0082061037
23189 0.0078764911
23552 0.0073712583
23572 0.0059516182
23575 0.0051201412
23815 0.0048661336
23961 0.0048494914
23979 0.0044812030
24149 0.0031472663
24536 0.0029882643
24570 0.0027260447
24692 0.0024764928
24718 0.0023960684
25170 0.0023257275
25369 0.0022434231
25477 0.0020043595
25543 0.0019564889
25548 0.0017398565
25597 0.0015556743
25598 0.0015335420
25731 0.0013405431
25957 0.0012314632
26061 0.0011626366
26209 0.0009804186
26276 0.0009256649
26547 0.0008556982
26614 0.0006076757
26621 0.0005515088
27131 0.0004644747
27797 0.0004627888
27847 0.0004573263
27977 0.0004356526
28014 0.0004299108
28050 0.0003983117
28056 0.0003648020
28093 0.0002721640
28204 0.0002699117
28230 0.0002632752
28326 0.0001795619
28761 0.0001793111
28881 0.0001786794
28917 0.0001578042
29023 0.0001503471
29186 0.0001442768
29364 0.0001440604
29391 0.0001371751
29467 0.0001178927
29553 0.0001009622
29624 0.0000916478
29848 0.0000871952
29875 0.0000835636
30079 0.0000770913
30137 0.0000651191
30426 0.0000589932
30437 0.0000511812
30624 0.0000421931
30926 0.0000398544
31022 0.0000360538
31147 0.0000312024
31350 0.0000298525
31410 0.0000297743
31504 0.0000292828
31507 0.0000265269
32171 0.0000211431
32381 0.0000198505
32434 0.0000193465
32493 0.0000175469
32557 0.0000159618
32611 0.0000130139
32991 0.0000129956
33093 0.0000122751
33190 0.0000105185
33357 0.0000094878
33404 0.0000080628
33598 0.0000068370
34066 0.0000065071
34305 0.0000063145
34349 0.0000056519
34470 0.0000048162
34963 0.0000042777
35063 0.0000036746
35172 0.0000036513
35187 0.0000035814
35193 0.0000033885
35226 0.0000033766
35260 0.0000033692
35282 0.0000030665
35824 0.0000027670
36073 0.0000022659
36345 0.0000020818
36357 0.0000017349
36482 0.0000017272
36491 0.0000017262
36535 0.0000017254
36536 0.0000017040
36611 0.0000017036
36736 0.0000013601
36894 0.0000012437
36941 0.0000010347
37241 0.0000010111
37283 0.0000009229
37328 0.0000009190
37409 0.0000008025
37904 0.0000006245
38085 0.0000005927
38234 0.0000005890
38268 0.0000005252
38408 0.0000005205
38508 0.0000004930
38612 0.0000004859
38614 0.0000004486
38863 0.0000004456
38885 0.0000003829
39176 0.0000003806
39193 0.0000003664
39206 0.0000003001
39805 0.0000002728
40088 0.0000002694
40151 0.0000002427
40187 0.0000002253
40295 0.0000001846
40529 0.0000001347
41019 0.0000001332
41131 0.0000001107
41210 0.0000001106
41341 0.0000001099
41423 0.0000001030
41426 0.0000000999
41820 0.0000000961
41863 0.0000000837
42012 0.0000000680
42228 0.0000000666
42267 0.0000000584
42410 0.0000000579
42481 0.0000000527
42595 0.0000000376
42944 0.0000000370
43286 0.0000000343
43396 0.0000000336
43465 0.0000000317
43613 0.0000000275
43792 0.0000000216
44171 0.0000000210
44192 0.0000000209
44329 0.0000000192
44374 0.0000000182
44384 0.0000000170
44396 0.0000000166
44413 0.0000000164
44740 0.0000000162
44825 0.0000000159
44970 0.0000000147
45047 0.0000000140
45085 0.0000000129
45149 0.0000000117
45156 0.0000000115
45166 0.0000000110
45388 0.0000000109
45499 0.0000000091
45500 0.0000000091
45620 0.0000000089
45621 0.0000000068
45673 0.0000000065
45718 0.0000000063
46128 0.0000000062
46285 0.0000000061
46320 0.0000000059
46371 0.0000000057
46521 0.0000000054
46590 0.0000000052
46706 0.0000000051
46720 0.0000000045
46760 0.0000000045
46786 0.0000000042
46869 0.0000000039
46883 0.0000000034
46908 0.0000000034
46911 0.0000000032
47015 0.0000000032
47214 0.0000000029
47528 0.0000000020
47813 0.0000000020
48082 0.0000000016
48593 0.0000000015
48639 0.0000000014
48671 0.0000000013
48761 0.0000000013
49042 0.0000000012
49130 0.0000000011
49176 0.0000000010
49185 0.0000000010
49486 0.0000000007
49698 0.0000000007
49839 0.0000000007
49842 0.0000000007
49906 0.0000000007
50251 0.0000000006
50280 0.0000000006
50301 0.0000000006
50335 0.0000000006
50407 0.0000000005
50456 0.0000000004
51204 0.0000000004
51285 0.0000000003
51453 0.0000000003
51454 0.0000000003
51531 0.0000000003
51592 0.0000000002
51881 0.0000000002
52418 0.0000000002
52422 0.0000000002
52448 0.0000000002
52623 0.0000000001
52705 0.0000000001
52929 0.0000000001
53136 0.0000000001
53163 0.0000000001
53501 0.0000000001
53624 0.0000000001
53638 0.0000000001
53859 0.0000000001
54140 0.0000000001
54271 0.0000000001
54273 0.0000000001
54277 0.0000000001
54296 0.0000000001
54328 0.0000000001
54344 0.0000000000
54391 0.0000000000
54565 0.0000000000
54609 0.0000000000
54767 0.0000000000
54822 0.0000000000
55155 0.0000000000
55232 0.0000000000
55273 0.0000000000
55540 0.0000000000
55715 0.0000000000
55803 0.0000000000
55822 0.0000000000
55867 0.0000000000
55907 0.0000000000
56092 0.0000000000
56246 0.0000000000
56496 0.0000000000
56600 0.0000000000
56628 0.0000000000
56632 0.0000000000
56702 0.0000000000
56934 0.0000000000
57164 0.0000000000
57189 0.0000000000
57528 0.0000000000
57546 0.0000000000
57619 0.0000000000
57669 0.0000000000
58231 0.0000000000
58630 0.0000000000
58632 0.0000000000
58746 0.0000000000
58878 0.0000000000
58957 0.0000000000
59002 0.0000000000
59020 0.0000000000
59679 0.0000000000
59720 0.0000000000
59755 0.0000000000
60358 0.0000000000
60551 0.0000000000
60614 0.0000000000
60770 0.0000000000
61118 0.0000000000
61231 0.0000000000
61349 0.0000000000
61483 0.0000000000
61504 0.0000000000
61690 0.0000000000
61793 0.0000000000
61854 0.0000000000
61876 0.0000000000
61942 0.0000000000
62045 0.0000000000
62158 0.0000000000
62434 0.0000000000
62534 0.0000000000
62910 0.0000000000
63009 0.0000000000
63152 0.0000000000
63213 0.0000000000
63252 0.0000000000
63528 0.0000000000
63806 0.0000000000
64109 0.0000000000
64519 0.0000000000
64910 0.0000000000
65429 0.0000000000
66896 0.0000000000
67395 0.0000000000
evaluations raw_y
1 2975739.0091377338
3 2896812.0170330289
5 1974972.5275903244
17 1942574.8413762047
19 1625751.8566880208
37 1318091.6594491021
70 1316499.2984237573
81 1131419.7535283710
93 1111991.5398263044
94 1023484.4929318768
118 1007834.9635123584
121 995987.2981033357
123 984227.2356708887
131 856519.3731815262
154 704138.9502168810
186 617555.5186481343
195 542921.1763032381
214 536302.1698517158
225 285632.9573129189
300 268012.4424083206
337 194635.4646593900
429 139066.2147496593
498 122486.4374049852
535 63284.3864773754
894 39074.5525047623
930 15013.1014876681
1008 10592.2635872915
1019 6957.3998854095
1020 6779.8023997005
1128 5485.7282780537
1191 4799.5949428776
1333 4677.3091422013
9594 4009.3194322131
9761 3934.5910900149
10045 3891.4432820354
10051 3863.8469062210
10095 3747.8374148980
10145 3683.7528937927
10191 3517.7025619358
10309 3490.6426130074
10414 2488.1770016344
10708 2242.0296522403
10748 2119.5394340264
10858 2005.1644070668
11127 1971.0291490015
11138 1968.5288507693
11167 1403.8827090259
11336 1348.1475737547
11531 1299.0654222316
11590 1170.2402377850
11761 1067.4928125458
11768 1058.4415767009
11837 1018.8893812395
11890 991.2785590542
11914 699.2276986872
12613 660.6406192974
12741 499.8719543906
12765 447.9481020909
13167 447.8450414699
13263 414.6659849610
13313 412.9123763572
13355 411.4720928852
13450 394.1551439492
13464 392.2794812341
13479 392.1304119690
13597 380.4844491161
13666 375.6863089669
13785 316.5873982143
13891 306.9668258943
13914 231.5080620230
13978 226.9453459354
14000 216.4624168070
14092 212.4966446042
14164 210.6681427039
14362 206.5558515219
14556 165.5139388203
14759 143.5410958632
14764 126.3306072412
15042 122.2052075083
15225 116.6993772741
15295 115.8262509162
15426 110.5660564740
15578 82.2315780426
15892 79.7413433944
16035 77.4617786784
16042 71.0384209192
16070 64.9632218494
16524 63.5712811981
16663 62.7223688174
16697 54.4719743048
16781 47.8737530978
16855 47.2497569953
16927 45.0456322778
16972 43.5949910751
17119 37.6242485286
17201 36.5207496565
17277 35.0049345147
17285 33.7059278157
17318 32.8788969436
17368 31.3172381765
17398 31.2918850360
17524 28.5832604966
17562 28.0794523158
17675 27.0225238573
17842 24.0039604764
17957 22.9505758466
18023 22.6505240385
18137 20.0365255578
18288 19.8369020328
18369 19.2911484328
18378 18.5558090569
18478 16.1376551010
18496 13.7410608357
18542 13.0387857489
18587 12.5049596363
19053 11.0264685271
19570 10.6860803110
19644 10.3227669577
19705 9.8786885729
19718 9.6290273975
19793 7.5976498424
19834 7.5378263498
19879 6.9855312926
19946 6.8451989441
20065 6.6901338838
20167 5.8382648195
20450 5.8044606784
20487 5.5841751828
20550 5.1203210817
21015 5.0273016247
21032 4.3855870714
21107 3.5585319407
21151 3.1343663509
21447 2.9558364485
21609 2.7398202432
21679 2.2692379386
22238 2.0356861859
22263 1.8165791004
22346 1.5873078144
22386 1.5523686682
22397 1.4850053097
22485 1.4657700795
22657 1.3776350512
23136 1.3715004520
23597 1.3449708177
23642 1.3115762633
23663 1.2927214067
23688 1.1817090441
23729 1.0180094907
23754 0.8995544246
23862 0.7739788972
24104 0.7499295315
24169 0.7235445036
24264 0.7217269792
24283 0.6979388633
24442 0.6948688958
24519 0.6253907314
24754 0.6207050012
24907 0.5699616514
24926 0.5449811583
24973 0.4646080825
25016 0.4499618447
25094 0.4009329996
25377 0.3895869581
25568 0.3893502491
25604 0.3680440094
25688 0.3001516220
25919 0.2868781368
26021 0.2545603759
26292 0.2368065339
26384 0.2231873996
26544 0.2227903301
26797 0.2204034713
26861 0.2071067057
27046 0.2044098165
27047 0.1927493804
27057 0.1886554083
27078 0.1641271579
27154 0.1579647338
27249 0.1545264805
27364 0.1483175273
27438 0.1461384462
27461 0.1459302950
27611 0.1435436056
27657 0.1046008195
28000 0.1033259582
28007 0.1021709055
28025 0.0978156404
28212 0.0973262828
28372 0.0825572883
28504 0.0804214032
28564 0.0801885304
28595 0.0800475130
28746 0.0795347814
28759 0.0793960656
28973 0.0760578983
29122 0.0744566813
29181 0.0543453378
29728 0.0514622897
29798 0.0473859478
29996 0.0448678103
30007 0.0446585365
30052 0.0427716813
30110 0.0425689262
30250 0.0421595650
30370 0.0415074865
30533 0.0413950194
30538 0.0388361229
31053 0.0334327433
31152 0.0314520829
31246 0.0297268443
31271 0.0284003522
31348 0.0237121126
31518 0.0218017692
31758 0.0212514211
31811 0.0203913953
31855 0.0200825010
31886 0.0200530648
31962 0.0186150647
32030 0.0185262635
32036 0.0176725502
32043 0.0165779134
32149 0.0164780473
32239 0.0161826726
32356 0.0158805861
32503 0.0149148601
32635 0.0137898531
32787 0.0134143123
32811 0.0128183593
33048 0.0122678015
33088 0.0100843935
33434 0.0093641596
33484 0.0091330326
33534 0.0089936804
33553 0.0087619788
33896 0.0084701261
33967 0.0084403995
33987 0.0069144743
34099 0.0063920667
34471 0.0053092878
34534 0.0050109588
34889 0.0048028154
34983 0.0046477055
35822 0.0046406496
36076 0.0045004558
36298 0.0042943834
36362 0.0040184496
36367 0.0035870510
36385 0.0034828309
36509 0.0032593411
36542 0.0025854339
36681 0.0025220189
36725 0.0025074944
36832 0.0024944467
36880 0.0024286051
36938 0.0024144002
36977 0.0024139953
37076 0.0021465876
37151 0.0018672489
37292 0.0015759479
37303 0.0015063373
37538 0.0014410692
37595 0.0013591881
37597 0.0012403805
37904 0.0011224932
38127 0.0010094066
38251 0.0009908491
38287 0.0009740920
38438 0.0007300223
38470 0.0006228458
38959 0.0006025324
38985 0.0005867545
39026 0.0005579068
39161 0.0005228736
39331 0.0004884302
39436 0.0004372234
39613 0.0003514782
40008 0.0003442287
40168 0.0002718919
40640 0.0002686753
40810 0.0002294056
40927 0.0001855338
41072 0.0001563198
41456 0.0001411322
41497 0.0001390215
41634 0.0001098728
41940 0.0001034893
42192 0.0001032337
42392 0.0001008129
42396 0.0000682297
42696 0.0000681751
42749 0.0000672529
42876 0.0000653160
42907 0.0000563231
42957 0.0000561685
42968 0.0000549123
43200 0.0000480120
43224 0.0000428543
43369 0.0000401094
43621 0.0000381943
43690 0.0000298161
43839 0.0000293400
44062 0.0000280744
44092 0.0000277886
44146 0.0000272862
44182 0.0000242627
44305 0.0000213268
44561 0.0000207444
44563 0.0000197819
44598 0.0000158700
44655 0.0000155544
44686 0.0000154846
44762 0.0000137318
44889 0.0000133258
45124 0.0000130182
45398 0.0000087593
45635 0.0000087529
45695 0.0000084211
45895 0.0000061163
46607 0.0000057943
46629 0.0000057793
46656 0.0000049380
46843 0.0000041026
47224 0.0000036062
47286 0.0000034982
47303 0.0000032924
47384 0.0000032264
47622 0.0000027966
47825 0.0000021382
48363 0.0000021261
48394 0.0000018841
48413 0.0000017849
48468 0.0000017742
48525 0.0000017334
48551 0.0000016851
48690 0.0000016625
48750 0.0000014935
48835 0.0000012820
48875 0.0000012555
48905 0.0000012125
48934 0.0000010692
49090 0.0000009241
49309 0.0000008581
49488 0.0000008401
49538 0.0000007438
49783 0.0000005543
50481 0.0000005312
50576 0.0000004917
50725 0.0000004729
50743 0.0000004526
50893 0.0000004461
50918 0.0000004149
50929 0.0000003406
51157 0.0000003370
51286 0.0000003328
51457 0.0000002925
51717 0.0000002845
51777 0.0000002438
51778 0.0000002242
51789 0.0000002147
51858 0.0000001960
51972 0.0000001936
52041 0.0000001897
52075 0.0000001890
52080 0.0000001870
52705 0.0000001854
52707 0.0000001805
52718 0.0000001541
52827 0.0000001357
53047 0.0000001333
53147 0.0000001090
53148 0.0000001060
53326 0.0000000967
53489 0.0000000922
53501 0.0000000902
53566 0.0000000680
54114 0.0000000552
54494 0.0000000542
54501 0.0000000456
54796 0.0000000453
54798 0.0000000441
54938 0.0000000369
54970 0.0000000367
54971 0.0000000361
55085 0.0000000295
55757 0.0000000286
55887 0.0000000277
55896 0.0000000267
55920 0.0000000202
56243 0.0000000201
56297 0.0000000199
56410 0.0000000196
56522 0.0000000176
56693 0.0000000166
56737 0.0000000157
56756 0.0000000154
56804 0.0000000152
56835 0.0000000140
56863 0.0000000136
56926 0.0000000119
56975 0.0000000113
57031 0.0000000110
57053 0.0000000105
57161 0.0000000105
57339 0.0000000081
57441 0.0000000073
57747 0.0000000066
57795 0.0000000059
57922 0.0000000059
57952 0.0000000054
58274 0.0000000052
58417 0.0000000039
58662 0.0000000035
58789 0.0000000034
58868 0.0000000033
59136 0.0000000032
59140 0.0000000031
59470 0.0000000029
59681 0.0000000029
59701 0.0000000026
59757 0.0000000018
60191 0.0000000018
60248 0.0000000017
60311 0.0000000016
60373 0.0000000015
60387 0.0000000015
60431 0.0000000014
60441 0.0000000013
60537 0.0000000012
60643 0.0000000012
60934 0.0000000010
61250 0.0000000009
61270 0.0000000007
61411 0.0000000007
61631 0.0000000007
61686 0.0000000006
61821 0.0000000006
61826 0.0000000005
61912 0.0000000005
62085 0.0000000004
62553 0.0000000004
62844 0.0000000004
62867 0.0000000004
63180 0.0000000003
63287 0.0000000003
63361 0.0000000003
63431 0.0000000003
63498 0.0000000002
63793 0.0000000002
63834 0.0000000002
63855 0.0000000002
64173 0.0000000002
64564 0.0000000002
64973 0.0000000002
65026 0.0000000001
65067 0.0000000001
65127 0.0000000001
65167 0.0000000001
65169 0.0000000001
65347 0.0000000001
65409 0.0000000001
65542 0.0000000001
65566 0.0000000001
65629 0.0000000001
65908 0.0000000001
65962 0.0000000001
65998 0.0000000001
65999 0.0000000001
66017 0.0000000001
66137 0.0000000001
66299 0.0000000001
66457 0.0000000001
66478 0.0000000001
66587 0.0000000000
67153 0.0000000000
67158 0.0000000000
67369 0.0000000000
67915 0.0000000000
68349 0.0000000000
68415 0.0000000000
68435 0.0000000000
68564 0.0000000000
68691 0.0000000000
68703 0.0000000000
68750 0.0000000000
68768 0.0000000000
68773 0.0000000000
68825 0.0000000000
68884 0.0000000000
68904 0.0000000000
69070 0.0000000000
69108 0.0000000000
69146 0.0000000000
69147 0.0000000000
69556 0.0000000000
69708 0.0000000000
70044 0.0000000000
70448 0.0000000000
70523 0.0000000000
70609 0.0000000000
70707 0.0000000000
70768 0.0000000000
70797 0.0000000000
70903 0.0000000000
71058 0.0000000000
71284 0.0000000000
71328 0.0000000000
71425 0.0000000000
71441 0.0000000000
71469 0.0000000000
71572 0.0000000000
71628 0.0000000000
71984 0.0000000000
71991 0.0000000000
72255 0.0000000000
72290 0.0000000000
72402 0.0000000000
72481 0.0000000000
72793 0.0000000000
72896 0.0000000000
72916 0.0000000000
73067 0.0000000000
73274 0.0000000000
73445 0.0000000000
73515 0.0000000000
73593 0.0000000000
73649 0.0000000000
73705 0.0000000000
73808 0.0000000000
73879 0.0000000000
73913 0.0000000000
73963 0.0000000000
74170 0.0000000000
74191 0.0000000000
74654 0.0000000000
74710 0.0000000000
74955 0.0000000000
75029 0.0000000000
75089 0.0000000000
75174 0.0000000000
75314 0.0000000000
75449 0.0000000000
75606 0.0000000000
75624 0.0000000000
75796 0.0000000000
75849 0.0000000000
75908 0.0000000000
76043 0.0000000000
76245 0.0000000000
76475 0.0000000000
76616 0.0000000000
76695 0.0000000000
76843 0.0000000000
76855 0.0000000000
76938 0.0000000000
77161 0.0000000000
77842 0.0000000000
77894 0.0000000000
78018 0.0000000000
78039 0.0000000000
78205 0.0000000000
78251 0.0000000000
78980 0.0000000000
79021 0.0000000000
79224 0.0000000000
79528 0.0000000000
79550 0.0000000000
79681 0.0000000000
79688 0.0000000000
79790 0.0000000000
80344 0.0000000000
80908 0.0000000000
80980 0.0000000000
81433 0.0000000000
82114 0.0000000000
83501 0.0000000000
85052 0.0000000000
evaluations raw_y
1 1094835.0644157988
4 733564.2478348037
22 673747.4635421435
38 660523.2665993186
58 597834.1770870831
61 542772.1975915191
63 382061.7608094792
98 325251.5679319024
112 312255.8562320845
132 298439.4380553469
176 174841.2733580234
185 102575.4723518559
198 84519.8762509793
247 77838.8581165208
249 36887.9738265804
276 27376.7780166833
286 9526.1064362736
317 1296.4859152327
5079 1241.6937499227
5205 1153.0120045280
5538 1085.8399061323
5658 1076.4692153210
5669 1031.6880490433
5721 957.1898651422
5785 895.9176914990
5867 789.2909305829
6017 760.6160236498
6019 744.4591613697
6185 699.1930436951
6214 695.3230133186
6268 633.4557871274
6529 629.5065176320
6535 613.8897345610
6546 611.2591207296
6569 527.0406358959
6582 524.1952111155
6598 515.9879326268
6612 482.6889934273
6672 450.4640327029
6824 449.3447648327
6902 448.1622103863
6968 444.8432056082
7017 425.7056091274
7092 405.1861533597
7204 393.6188499951
7270 378.9344514771
7430 333.0182524641
7508 330.8773802220
7597 314.8275376185
7611 276.9060439681
7669 272.6145820055
7779 256.7607324961
7829 244.3115987892
8022 242.4354821658
8163 233.5723623824
8177 223.9250322156
8216 217.7045953475
8370 216.2847049446
8419 206.1623508246
8496 203.7898964585
8537 198.7554669720
8609 185.7695563819
8677 119.9892908103
9416 116.3614113170
9550 116.0939274362
9632 110.2892858164
9752 98.0178885139
9893 89.7757509188
9933 84.5359682354
9960 79.7191828255
9969 75.5419423671
10085 73.2598327700
10152 71.4319275672
10289 66.3958661771
10360 65.5318314816
10391 62.6199463067
10408 50.3564245324
10439 50.3148074462
10689 49.0520865057
10707 48.4632283967
10773 47.4544371463
11056 45.9850312774
11166 44.1606758887
11345 39.5023710184
11467 37.6245748572
11486 33.0351066068
11587 29.7537633965
11736 27.0983884075
11813 23.7020093638
11829 23.6320557331
12419 22.6694942568
12476 20.8353899927
12603 13.4573259008
12809 13.0033515865
12824 12.8222227614
13094 12.8014374065
13128 12.2974601468
13273 10.9594848558
13480 10.7926787303
13530 10.7378355740
13772 10.5685473847
13816 10.5581778027
13840 9.3977265393
13938 7.9735237440
14019 7.2388071780
14154 7.1332735521
14216 6.8028898966
14444 6.7007155622
14507 6.6796585605
14545 6.1666456480
14623 4.7252615374
14870 3.9920071722
15019 3.9298706987
15265 3.8391092422
15503 3.8276378608
15613 3.6785491605
15673 3.6004273836
15699 2.9634370742
15859 2.8710513883
15965 2.7135262577
15986 2.6080861969
15990 2.5771558069
15991 2.2746346416
16125 2.2337711893
16144 2.2109202560
16206 2.1462109506
16288 2.0476415136
16324 1.8119504496
16448 1.4380552213
16644 1.3946046703
16864 1.3658059797
16922 1.3591264093
16965 1.3579913537
17224 1.2640319008
17287 1.2195529346
17324 0.9166414613
17409 0.8060903292
17667 0.7508742119
17718 0.7111506212
17720 0.6778708391
17764 0.5499959002
17907 0.5346889299
18074 0.4837534806
18091 0.4043757277
18131 0.3987379186
18366 0.3496525393
18387 0.3441437799
18497 0.2323080803
18860 0.2250416234
19060 0.1949180633
19112 0.1580327801
19149 0.1362124172
19485 0.1269515764
19567 0.1219706558
19594 0.1091289270
19841 0.1014830550
19899 0.0905099320
20009 0.0894831939
20068 0.0807840226
20162 0.0795575351
20378 0.0775121333
20538 0.0539719049
20780 0.0517729567
20859 0.0444470124
20983 0.0442809166
20992 0.0438434451
21003 0.0397155112
21223 0.0393511729
21324 0.0358069581
21364 0.0354883798
21429 0.0347098517
21495 0.0315376426
21777 0.0280002293
21839 0.0271785229
21840 0.0240907610
21909 0.0234270005
21993 0.0221806542
22071 0.0202375177
22157 0.0189565644
22421 0.0187846179
22565 0.0158795602
22857 0.0116450169
23229 0.0089760075
23559 0.0083297863
23910 0.0081180957
23938 0.0073663354
23959 0.0073198574
23971 0.0070745761
24006 0.0067131690
24052 0.0065704009
24061 0.0063481738
24209 0.0057835167
24309 0.0047063185
24600 0.0045175327
24697 0.0042328528
24902 0.0039714714
24910 0.0038134907
25396 0.0033876130
25584 0.0028632582
25709 0.0025597291
25761 0.0025015208
25781 0.0024431018
26102 0.0022826713
26154 0.0022089553
26401 0.0021197461
26418 0.0015000156
26717 0.0014162718
27064 0.0013725992
27108 0.0013347068
27186 0.0013192091
27380 0.0012709915
27387 0.0010224344
27666 0.0009532840
27756 0.0009324730
27862 0.0009138242
27905 0.0008971730
28127 0.0008133520
28299 0.0006189447
28466 0.0006069028
28524 0.0005580825
28644 0.0005550124
28683 0.0005438421
28751 0.0005280771
28837 0.0005183264
28879 0.0005141551
28935 0.0005132939
28972 0.0005115050
29031 0.0005022751
29318 0.0004751473
29511 0.0003021781
30044 0.0003019822
30051 0.0002768317
30343 0.0002740416
30418 0.0002490891
30554 0.0002461475
30740 0.0001983366
31174 0.0001908952
31268 0.0001657945
31277 0.0001397768
31474 0.0001394860
31577 0.0001312533
31583 0.0001031635
32029 0.0000956197
32254 0.0000939563
32332 0.0000876228
32336 0.0000786241
32505 0.0000777822
32541 0.0000742788
32623 0.0000656263
32651 0.0000630703
32823 0.0000583530
32824 0.0000473743
33494 0.0000444550
33839 0.0000395874
34108 0.0000347681
34203 0.0000340994
34243 0.0000322816
34281 0.0000310872
34316 0.0000294796
34347 0.0000289467
34382 0.0000278660
34454 0.0000214616
35014 0.0000178017
35082 0.0000157177
35479 0.0000157041
35594 0.0000121256
35658 0.0000109942
36096 0.0000099717
36160 0.0000086609
36304 0.0000085328
36305 0.0000081713
36432 0.0000072421
36526 0.0000070758
36811 0.0000067984
36872 0.0000059571
36977 0.0000056386
37089 0.0000053069
37159 0.0000050970
37272 0.0000048317
37518 0.0000042564
37749 0.0000038289
37779 0.0000037583
37882 0.0000035770
37893 0.0000032200
38264 0.0000030519
38277 0.0000021724
38964 0.0000018490
39174 0.0000018017
39385 0.0000017393
39464 0.0000017326
39478 0.0000017206
39522 0.0000016907
39592 0.0000015538
40091 0.0000014038
40098 0.0000013283
40174 0.0000011363
40285 0.0000009866
40605 0.0000009552
40612 0.0000009268
40734 0.0000009250
40790 0.0000008683
40949 0.0000007148
41126 0.0000006594
41307 0.0000006122
41329 0.0000006070
41358 0.0000005515
41526 0.0000005156
41571 0.0000004920
41623 0.0000004781
41725 0.0000004769
41778 0.0000004564
42036 0.0000003490
42239 0.0000003456
42594 0.0000003381
42621 0.0000003120
42644 0.0000003111
42793 0.0000002953
42856 0.0000002915
42877 0.0000002643
42936 0.0000002623
42988 0.0000002489
42991 0.0000002147
43049 0.0000002037
43109 0.0000002011
43162 0.0000001765
43490 0.0000001759
43732 0.0000001372
44059 0.0000001233
44182 0.0000001154
44251 0.0000001033
44613 0.0000000982
45293 0.0000000975
45368 0.0000000944
45543 0.0000000870
45723 0.0000000820
45907 0.0000000705
45985 0.0000000629
46237 0.0000000548
46309 0.0000000431
46904 0.0000000390
47104 0.0000000382
47138 0.0000000355
47185 0.0000000318
47264 0.0000000309
47279 0.0000000288
47615 0.0000000285
47677 0.0000000257
47939 0.0000000229
48081 0.0000000219
48159 0.0000000216
48274 0.0000000210
48334 0.0000000187
48411 0.0000000170
48571 0.0000000152
48639 0.0000000138
49004 0.0000000135
49262 0.0000000132
49364 0.0000000104
49536 0.0000000102
49750 0.0000000095
50062 0.0000000066
50124 0.0000000065
50210 0.0000000063
50224 0.0000000060
50407 0.0000000057
50589 0.0000000056
50682 0.0000000042
50740 0.0000000035
51157 0.0000000032
51243 0.0000000027
51885 0.0000000027
51889 0.0000000026
51891 0.0000000025
51950 0.0000000021
52003 0.0000000018
52331 0.0000000017
52345 0.0000000017
52449 0.0000000016
52456 0.0000000015
52491 0.0000000015
52541 0.0000000014
52555 0.0000000011
52724 0.0000000011
52849 0.0000000011
52905 0.0000000010
52913 0.0000000008
53121 0.0000000007
53198 0.0000000007
53232 0.0000000006
53282 0.0000000006
53425 0.0000000006
53512 0.0000000005
53658 0.0000000005
53661 0.0000000005
53721 0.0000000004
53847 0.0000000004
54285 0.0000000004
54388 0.0000000003
54519 0.0000000003
54563 0.0000000003
54913 0.0000000003
54946 0.0000000003
55149 0.0000000003
55196 0.0000000003
55236 0.0000000003
55323 0.0000000002
55440 0.0000000002
55470 0.0000000002
55500 0.0000000002
55506 0.0000000002
55628 0.0000000002
55680 0.0000000002
55941 0.0000000002
56040 0.0000000002
56064 0.0000000002
56180 0.0000000001
56184 0.0000000001
56215 0.0000000001
56731 0.0000000001
56892 0.0000000001
57151 0.0000000001
57283 0.0000000001
57677 0.0000000001
58240 0.0000000001
58277 0.0000000000
58293 0.0000000000
58318 0.0000000000
58665 0.0000000000
58776 0.0000000000
58818 0.0000000000
58933 0.0000000000
59047 0.0000000000
59119 0.0000000000
59457 0.0000000000
59488 0.0000000000
59712 0.0000000000
59761 0.0000000000
59874 0.0000000000
59878 0.0000000000
60054 0.0000000000
60091 0.0000000000
60141 0.0000000000
60277 0.0000000000
60719 0.0000000000
61276 0.0000000000
61899 0.0000000000
62104 0.0000000000
62352 0.0000000000
62650 0.0000000000
62744 0.0000000000
63198 0.0000000000
63663 0.0000000000
63719 0.0000000000
63799 0.0000000000
64256 0.0000000000
64516 0.0000000000
64719 0.0000000000
65003 0.0000000000
65241 0.0000000000
66180 0.0000000000
66297 0.0000000000
66321 0.0000000000
66355 0.0000000000
66894 0.0000000000
67367 0.0000000000
67879 0.0000000000
68748 0.0000000000
69835 0.0000000000
evaluations raw_y
1 2774723.8339617057
2 2015217.3446865769
3 1806239.9414606383
21 1603472.7925960817
45 1489077.9655617324
60 1464733.0977720295
67 1324727.2997712321
70 1126878.0615259171
111 1081123.7238359828
112 1021325.7868742291
134 949310.3729348219
139 651439.3978119801
171 452610.8736184199
223 399963.3586622477
266 339810.2290056418
284 259621.8894174422
322 154923.0040885782
440 128733.2824527906
544 112969.5835623205
564 51846.4400724963
574 6509.3219693674
730 3620.7382475670
15344 2944.1202540727
15596 2669.8199491223
15862 2104.5973346486
15963 2088.2098553815
15996 2021.9483305164
16025 1992.4492640316
16058 1969.0700629341
16068 1940.8808401574
16110 1937.5946115456
16113 1903.4812348564
16144 1828.4915212716
16323 1823.3452213680
16364 1736.1037713347
16371 1717.8779083638
16380 1696.8390924506
16406 1459.6170016216
16455 1438.4677951721
16477 1345.2696667119
16478 1263.7054375466
16565 1201.0360620471
16630 1199.5927078905
16649 1029.3424798715
16705 1022.3458370529
16826 937.5478581479
16894 775.1154703533
17192 700.4708280052
17243 669.0549349830
17370 637.5934313191
17518 624.2397118635
17538 567.1362122444
17574 564.8374530459
17627 534.3716423292
17646 522.3867301710
17718 456.8977588341
17730 403.9955714938
17766 377.6309104824
18168 364.9930388163
18369 346.3546789614
18403 336.6146249604
18451 335.8926438151
18470 286.5562612345
18549 280.4333802175
18588 230.6460112006
18726 217.9410083146
18813 214.1899052682
18923 206.7515641449
19116 191.0600343873
19247 185.0148178127
19255 181.6572920933
19325 155.7751780752
19582 151.3520095439
19669 141.7530566826
19726 131.5266426053
19773 116.7568156148
19960 114.2338507214
20138 114.2324536960
20225 112.8403432835
20244 104.9948726785
20289 85.9205780681
20428 84.9469614404
20722 78.6385363009
20758 71.6062088775
20776 70.3166348517
20859 68.6103459798
20900 67.6206418794
20945 64.6959531191
20957 64.1127323340
21024 59.3530581208
21116 56.0460993614
21143 54.5001487644
21311 53.1577571965
21340 48.7643241721
21361 47.9197918039
21583 44.7795305114
21629 44.3500864479
21673 43.7736825857
21724 42.9781589751
21728 39.6297914055
21810 36.4162668690
22087 35.4130168192
22149 35.1201813029
22287 31.1947300046
22363 30.5389546922
22439 28.6677643037
22467 24.3085503000
22497 23.5690090074
23078 23.3923035314
23191 23.0492574282
23246 22.7806686401
23347 22.4825150931
23380 22.4340466999
23403 21.6296606489
23486 18.9132359810
23688 17.3016692317
23746 15.4790999781
23927 15.2619232977
23960 14.8248092431
23981 14.7461470963
24099 14.7043667320
24130 14.4068078601
24145 13.5976357147
24167 12.6633917940
24234 12.4972558311
24339 11.8785778692
24571 11.7189847337
24601 11.5218359808
24762 11.5139423487
24774 11.3920447302
24955 10.8104896726
25009 10.4026800974
25099 8.1263253540
25375 7.7800088645
25403 6.0393631635
25833 5.5668518217
25868 4.7691868066
26317 3.3573013134
26580 3.3165589688
27014 3.2807815219
27275 2.9377660717
27305 2.8693065975
27332 2.8627173615
27363 2.4867285250
27368 2.4798525990
27418 2.3685657057
27574 2.2969168855
27577 2.2794040800
27602 1.6749747982
27775 1.6736841240
27777 1.5411294270
27965 1.3697765234
28253 1.3604047393
28335 1.3494713862
28374 1.1814296599
28668 0.9219077148
28714 0.8605994714
28982 0.8374883941
28991 0.7796270209
29057 0.7378852922
29153 0.7358457143
29169 0.7265540532
29182 0.6283601169
29219 0.4079319564
29403 0.3561724137
29975 0.3242699290
30042 0.3233347476
30069 0.2622848154
30287 0.2608206672
30323 0.2161966530
30412 0.1992718840
30456 0.1547129099
31001 0.1507475203
31044 0.1493365074
31130 0.1492284207
31154 0.1463847831
31184 0.1340270890
31315 0.1332193966
31411 0.1327459695
31435 0.0869021795
31546 0.0848325152
31669 0.0825605609
31754 0.0814682545
31810 0.0800859698
31851 0.0791700987
32034 0.0790110898
32109 0.0731844624
32141 0.0729070805
32159 0.0595916130
32252 0.0530441873
32268 0.0491174884
32316 0.0460512849
32437 0.0454344578
32682 0.0428320717
32738 0.0427741732
32801 0.0427715335
32836 0.0412856315
32856 0.0303909850
32988 0.0297709820
33089 0.0283251830
33090 0.0282385589
33131 0.0249523491
33239 0.0218085460
33549 0.0206495436
33601 0.0204152605
33633 0.0191912950
33691 0.0168488007
33747 0.0147692107
33834 0.0130894921
34147 0.0103297644
34198 0.0101050436
34314 0.0094750633
34340 0.0088187478
34545 0.0084990561
34641 0.0081453276
34715 0.0066088456
34723 0.0058240733
34907 0.0053906880
35201 0.0047757525
35232 0.0046769317
35335 0.0046429414
35436 0.0043931847
35797 0.0041505540
35861 0.0034110221
35949 0.0031606295
35992 0.0029838826
36165 0.0026695552
36167 0.0025756509
36365 0.0024998401
36476 0.0024857004
36518 0.0022044660
36771 0.0020037777
36833 0.0017001134
37440 0.0014543237
37447 0.0013567605
37617 0.0013356141
37787 0.0011619342
37825 0.0008325111
38564 0.0008195606
38582 0.0007180127
38610 0.0006160220
39096 0.0005015829
39343 0.0004955537
39456 0.0004904120
39644 0.0004241730
39767 0.0004175670
39792 0.0003449838
40213 0.0002924073
40276 0.0002850630
40319 0.0002674531
40412 0.0002667103
40483 0.0002573754
40488 0.0002022492
40522 0.0001795294
40571 0.0001618011
40611 0.0001513193
40722 0.0001479884
41048 0.0001453169
41212 0.0001433304
41237 0.0001255892
41321 0.0001157628
41328 0.0001023467
41726 0.0001000075
41770 0.0000957412
41791 0.0000797379
42330 0.0000710889
42485 0.0000640013
42508 0.0000613604
42677 0.0000558816
42713 0.0000558353
42723 0.0000538927
43072 0.0000390219
43075 0.0000356174
43251 0.0000341772
43258 0.0000323326
43416 0.0000297635
43579 0.0000294113
43689 0.0000292230
43786 0.0000263222
43860 0.0000224679
43874 0.0000222200
44041 0.0000165688
44363 0.0000159335
44376 0.0000157965
44552 0.0000156107
44572 0.0000155125
44610 0.0000137287
45028 0.0000091368
45245 0.0000078673
45747 0.0000060586
45925 0.0000057679
46178 0.0000050680
46238 0.0000035660
47097 0.0000031939
47610 0.0000031344
47655 0.0000030734
47800 0.0000030173
47910 0.0000028573
47985 0.0000024316
48235 0.0000023035
48272 0.0000022501
48282 0.0000021255
48368 0.0000020973
48467 0.0000019247
48574 0.0000018809
48643 0.0000017275
48724 0.0000016976
48747 0.0000016607
48821 0.0000012399
48873 0.0000011378
48942 0.0000010677
48993 0.0000009526
49329 0.0000009360
49395 0.0000009213
49406 0.0000009120
49500 0.0000008988
49595 0.0000008909
49650 0.0000005818
49824 0.0000005386
50144 0.0000005140
50384 0.0000004870
50602 0.0000004800
50612 0.0000004615
50626 0.0000003360
50715 0.0000003227
50773 0.0000003131
50775 0.0000002988
51333 0.0000002916
51440 0.0000002233
51519 0.0000001932
51661 0.0000001906
52058 0.0000001805
52093 0.0000001742
52299 0.0000001259
52627 0.0000001012
52692 0.0000001010
53139 0.0000001002
53215 0.0000000912
53423 0.0000000777
53610 0.0000000715
53772 0.0000000693
53824 0.0000000679
53855 0.0000000660
53901 0.0000000605
53902 0.0000000586
53919 0.0000000565
53992 0.0000000558
54049 0.0000000526
54135 0.0000000481
54198 0.0000000480
54246 0.0000000410
54340 0.0000000398
54403 0.0000000379
54453 0.0000000299
54505 0.0000000250
54890 0.0000000248
55077 0.0000000206
55444 0.0000000172
55576 0.0000000154
55712 0.0000000113
56190 0.0000000113
56197 0.0000000110
56202 0.0000000110
56303 0.0000000107
56311 0.0000000104
56326 0.0000000102
56369 0.0000000095
56448 0.0000000093
56470 0.0000000089
56522 0.0000000082
56642 0.0000000060
56903 0.0000000055
57291 0.0000000051
57363 0.0000000049
57376 0.0000000034
57694 0.0000000033
57794 0.0000000033
57880 0.0000000032
57891 0.0000000031
57991 0.0000000025
58339 0.0000000018
58402 0.0000000017
58995 0.0000000013
59096 0.0000000013
59175 0.0000000012
59315 0.0000000011
59553 0.0000000010
59613 0.0000000010
59724 0.0000000009
59758 0.0000000009
59770 0.0000000007
60003 0.0000000006
60127 0.0000000006
60757 0.0000000006
60897 0.0000000006
60916 0.0000000006
60943 0.0000000005
60965 0.0000000005
60981 0.0000000005
60982 0.0000000004
61122 0.0000000004
61186 0.0000000004
61236 0.0000000004
61272 0.0000000003
61335 0.0000000003
61427 0.0000000003
61543 0.0000000003
61595 0.0000000002
61906 0.0000000002
62077 0.0000000002
62170 0.0000000002
62631 0.0000000002
62852 0.0000000002
62893 0.0000000002
62912 0.0000000002
62956 0.0000000001
63246 0.0000000001
63293 0.0000000001
63338 0.0000000001
63367 0.0000000001
63519 0.0000000001
64291 0.0000000001
64406 0.0000000001
64839 0.0000000001
64967 0.0000000001
65006 0.0000000001
65099 0.0000000000
65275 0.0000000000
65282 0.0000000000
65308 0.0000000000
65471 0.0000000000
65935 0.0000000000
66349 0.0000000000
66509 0.0000000000
66586 0.0000000000
66622 0.0000000000
66745 0.0000000000
66930 0.0000000000
66964 0.0000000000
67237 0.0000000000
67364 0.0000000000
67675 0.0000000000
67678 0.0000000000
67828 0.0000000000
67873 0.0000000000
68626 0.0000000000
68848 0.0000000000
68939 0.0000000000
69149 0.0000000000
69363 0.0000000000
69747 0.0000000000
69748 0.0000000000
69806 0.0000000000
69825 0.0000000000
69894 0.0000000000
70181 0.0000000000
70390 0.0000000000
70670 0.0000000000
70888 0.0000000000
70934 0.0000000000
70972 0.0000000000
71413 0.0000000000
71419 0.0000000000
71496 0.0000000000
71516 0.0000000000
71622 0.0000000000
71959 0.0000000000
72250 0.0000000000
72296 0.0000000000
72360 0.0000000000
73369 0.0000000000
73390 0.0000000000
73768 0.0000000000
73976 0.0000000000
73997 0.0000000000
74145 0.0000000000
74211 0.0000000000
74387 0.0000000000
74530 0.0000000000
74685 0.0000000000
74852 0.0000000000
75770 0.0000000000
76021 0.0000000000
76376 0.0000000000
76739 0.0000000000
78138 0.0000000000
79678 0.0000000000
evaluations raw_y
1 1966531.6946680162
2 1519076.0335550795
5 1513004.7857861898
16 1500243.5921828151
21 1314830.1955495067
22 1135541.6329085457
36 1053043.3158028177
61 665050.9361047846
94 577595.1361982202
139 576214.9347292091
152 575106.2696565246
157 557214.6801153774
171 543059.0182583361
174 449944.3566211822
195 445969.8299743239
206 409540.7433839278
209 383892.3852948432
226 220867.8605934154
288 214033.5607261808
322 187407.4367250159
324 129183.7961475926
421 120279.0465229400
443 120174.5420696417
455 114533.1226394876
484 110272.2542904512
515 98481.4113551659
524 33337.6157692214
560 30014.4709377411
728 7796.7078534293
972 6454.1297132963
993 4387.1678440442
1065 3827.4149203191
5935 3687.8868213913
6242 3677.3363573844
6286 3596.9795591899
6384 3133.3341817178
6512 2499.1401146690
6543 2181.2815363791
6757 1990.4374095731
7002 1979.4878762317
7059 1930.9863697362
7154 1629.4316990380
7348 1508.4053670497
7466 1402.5573998290
7514 1357.1205550481
7608 1350.5742825407
7684 1320.1733570037
7721 1230.8217785713
7758 1174.6454812616
7838 1156.9194741546
7851 1136.9330882054
7900 972.9139570627
8237 893.9403199037
8246 740.1623901243
8368 689.9428130287
8415 631.0819590126
8981 619.0235341016
9060 587.8481288206
9181 571.6405547360
9203 555.6247476827
9213 546.7049442606
9225 531.2523468163
9229 510.4497487269
9326 479.8717503219
9354 461.3934875913
9467 409.8206087903
9726 402.6801079994
9796 396.8842875281
9859 363.7637977960
9924 347.3303389148
10038 302.5093231151
10232 297.8906121729
10515 260.2906098850
10638 223.0836323507
10847 221.8597997413
10872 217.0632830306
11063 215.1234547432
11071 213.7740693820
11086 212.2794913822
11124 212.2626788698
11129 207.9673441982
11225 207.4132710137
11271 184.7538470686
11304 173.2576277342
11316 155.3456306703
11425 140.5153443632
11548 124.4667084168
11644 122.7647161700
11697 108.2604523291
11881 107.8068227972
12092 106.5969922948
12349 106.4607313209
12380 103.7464379810
12393 84.7058946174
12522 73.8225702904
12641 70.3820775670
12775 69.1378504845
12807 56.3660138050
12993 55.3408716352
13278 52.6212190829
13368 48.7783654679
13452 46.7095287723
13633 45.6703726684
13668 44.6864483989
13691 43.9153799535
13698 43.7503544220
13700 40.0875930093
13794 33.2397620115
13949 32.3129654222
13997 32.2303854160
14005 31.5257987475
14008 30.6516977975
14027 25.5664651500
14510 25.4536732781
14847 25.2368469429
14938 22.5998443746
15174 22.0186194236
15260 21.4690918407
15461 15.9460053532
15493 14.0501431864
15742 13.3756732656
15765 12.7034242612
15878 12.5551815077
15944 12.4278690508
15966 11.6660858920
16075 8.5178175683
16393 7.7384561282
16451 7.4597416205
16571 6.9023667522
16673 6.3346361795
16800 6.2902072602
16946 6.2818277571
16982 5.8492730894
17105 5.4357453705
17296 4.9523609324
17388 4.5181797091
17445 4.5045413048
17520 4.3285236115
17578 4.1827800589
17744 3.8335246550
17789 3.5663070005
17841 3.1027432068
17974 2.8444520822
18096 2.8218312371
18131 2.7611609977
18134 2.7339233147
18172 2.6911097125
18210 2.6900125217
18247 2.3590319464
18279 2.3382218059
18407 2.2516591659
18567 2.1600367227
18574 1.9432524832
18675 1.5805718485
18780 1.3948094759
18873 1.3692716398
19005 1.3563971207
19094 1.3222218448
19099 1.2590067066
19108 1.0973912290
19144 0.9139694936
19243 0.8787487485
19561 0.7174387271
20187 0.5843689355
20307 0.4951676867
20656 0.4054258330
20806 0.3993284167
20821 0.3791629779
20959 0.3680717038
21234 0.3660574154
21295 0.3589121984
21479 0.3318486454
21535 0.3190797009
21583 0.2660904023
21774 0.2616823151
21778 0.2344991812
21924 0.2112285176
22459 0.2008468518
22472 0.1825785589
22666 0.1712457580
22812 0.1451632556
23207 0.1433344841
23320 0.1423983227
23427 0.1359933680
23549 0.1256441304
23647 0.1158294925
23753 0.0862314586
24277 0.0856089345
24424 0.0839643566
24431 0.0836796966
24474 0.0824267909
24660 0.0813396628
24758 0.0803106185
24847 0.0800960102
24861 0.0798879615
24896 0.0787563850
25084 0.0731904537
25091 0.0667601894
25281 0.0656678520
25510 0.0559143403
25549 0.0445235823
25691 0.0428081029
26098 0.0421590915
26187 0.0420283391
26204 0.0415141430
26212 0.0409363924
26356 0.0389819562
26480 0.0348040363
26577 0.0243581859
27271 0.0240777826
27362 0.0235365310
27408 0.0230332377
27451 0.0204619481
27569 0.0174020644
27817 0.0167920650
27848 0.0163988548
27970 0.0158066279
28112 0.0157626156
28115 0.0136854629
28116 0.0134076365
28312 0.0132105630
28401 0.0109494055
28650 0.0097290880
28873 0.0090925613
29007 0.0090736241
29008 0.0087340516
29058 0.0074935879
29220 0.0064696768
29298 0.0046540619
30160 0.0045484192
30169 0.0042237606
30258 0.0029359391
30929 0.0025231513
31143 0.0024952864
31163 0.0024703079
31204 0.0019807819
31794 0.0019233206
31806 0.0016086357
31875 0.0015711419
31974 0.0014465969
31980 0.0013564424
32196 0.0013100595
32216 0.0011594348
32298 0.0011408836
32322 0.0010858452
32326 0.0010631023
32394 0.0009890007
32533 0.0009735267
32725 0.0009135292
32902 0.0009114447
32913 0.0008427847
32926 0.0005984565
33071 0.0005685237
33738 0.0005303592
33806 0.0005276554
33816 0.0005145690
33862 0.0005059294
33928 0.0004919290
34048 0.0004809344
34111 0.0004687581
34116 0.0004636327
34158 0.0004426920
34208 0.0004102237
34327 0.0003766901
34465 0.0003665776
34606 0.0002843588
34635 0.0002802252
34706 0.0002744255
34850 0.0002664564
35093 0.0002587945
35118 0.0002560616
35611 0.0002496093
35707 0.0002407751
35786 0.0002274827
35871 0.0002054986
35889 0.0001970980
36069 0.0001636460
36206 0.0001474321
36500 0.0001463115
36543 0.0001424565
36753 0.0001356956
36757 0.0001332475
36784 0.0001268667
36830 0.0001231292
36844 0.0001112003
37082 0.0000987728
37085 0.0000944046
37156 0.0000909926
37225 0.0000869220
37347 0.0000827685
37372 0.0000809387
37491 0.0000805265
37515 0.0000715226
37625 0.0000685145
37800 0.0000664159
38020 0.0000596589
38182 0.0000594203
38216 0.0000585747
38249 0.0000573547
38335 0.0000544744
38371 0.0000541884
38416 0.0000487244
38449 0.0000476624
38618 0.0000475666
38678 0.0000463058
38773 0.0000418946
38984 0.0000313483
39261 0.0000306577
39278 0.0000301842
39333 0.0000298292
39366 0.0000297995
39425 0.0000294493
39786 0.0000294148
39840 0.0000289587
39955 0.0000250926
39992 0.0000218307
40046 0.0000184721
40129 0.0000158931
41091 0.0000147018
41359 0.0000116073
41438 0.0000115123
41455 0.0000101297
41573 0.0000093247
41692 0.0000081689
41843 0.0000073655
42267 0.0000073647
42542 0.0000072916
42569 0.0000071174
42586 0.0000062968
42713 0.0000059999
42752 0.0000055892
42905 0.0000048049
43065 0.0000047984
43152 0.0000043937
43202 0.0000040047
43267 0.0000034567
43489 0.0000032555
43757 0.0000031031
43860 0.0000029674
44048 0.0000028285
44142 0.0000026968
44149 0.0000026821
44161 0.0000022478
44287 0.0000022241
44376 0.0000020136
44417 0.0000018395
44432 0.0000017529
44877 0.0000017348
44886 0.0000017114
44950 0.0000016902
45169 0.0000014485
45261 0.0000009777
45396 0.0000009324
45790 0.0000009184
45865 0.0000008961
45905 0.0000008924
45968 0.0000008270
46098 0.0000008097
46155 0.0000008015
46160 0.0000007238
46172 0.0000006177
46364 0.0000005840
46421 0.0000005752
46448 0.0000005669
46812 0.0000005163
46824 0.0000005128
46890 0.0000005085
46990 0.0000004953
47067 0.0000004924
47125 0.0000003507
47223 0.0000003126
47350 0.0000003026
47386 0.0000002899
47436 0.0000002750
47758 0.0000002605
47779 0.0000002332
47944 0.0000002277
47960 0.0000002028
48007 0.0000001939
48053 0.0000001763
48512 0.0000001696
48595 0.0000001686
48602 0.0000001003
48808 0.0000000942
49160 0.0000000889
49310 0.0000000886
49323 0.0000000830
49350 0.0000000788
49498 0.0000000549
49760 0.0000000543
49852 0.0000000500
49952 0.0000000446
50473 0.0000000340
50637 0.0000000288
50780 0.0000000270
50958 0.0000000268
50999 0.0000000261
51021 0.0000000257
51062 0.0000000250
51067 0.0000000200
51735 0.0000000196
51776 0.0000000188
51817 0.0000000177
51893 0.0000000166
52047 0.0000000157
52227 0.0000000120
52236 0.0000000119
52326 0.0000000113
52469 0.0000000112
52531 0.0000000111
52544 0.0000000107
52628 0.0000000106
52824 0.0000000102
52847 0.0000000100
52864 0.0000000100
52915 0.0000000068
52999 0.0000000068
53016 0.0000000064
53120 0.0000000062
53137 0.0000000060
53159 0.0000000060
53380 0.0000000059
53529 0.0000000058
53535 0.0000000055
53827 0.0000000049
54072 0.0000000045
54215 0.0000000034
54651 0.0000000029
54835 0.0000000028
54851 0.0000000026
54893 0.0000000026
54935 0.0000000025
55059 0.0000000023
55203 0.0000000019
55297 0.0000000019
55411 0.0000000018
55638 0.0000000018
55639 0.0000000016
55804 0.0000000016
55894 0.0000000015
55916 0.0000000014
55973 0.0000000014
56007 0.0000000013
56065 0.0000000012
56094 0.0000000011
56373 0.0000000011
56504 0.0000000011
56540 0.0000000010
56545 0.0000000008
56673 0.0000000007
56890 0.0000000007
56959 0.0000000007
57228 0.0000000006
57250 0.0000000005
57643 0.0000000005
57827 0.0000000004
57918 0.0000000004
58009 0.0000000004
58023 0.0000000004
58152 0.0000000003
58397 0.0000000003
58733 0.0000000003
58885 0.0000000003
59068 0.0000000002
59163 0.0000000002
59186 0.0000000002
59261 0.0000000002
59871 0.0000000002
59932 0.0000000002
59991 0.0000000002
60015 0.0000000001
60277 0.0000000001
60296 0.0000000001
60326 0.0000000001
60370 0.0000000001
60847 0.0000000001
60851 0.0000000001
61016 0.0000000001
61177 0.0000000001
61388 0.0000000001
61600 0.0000000001
61639 0.0000000001
61792 0.0000000001
62034 0.0000000000
62262 0.0000000000
62345 0.0000000000
62486 0.0000000000
62775 0.0000000000
63013 0.0000000000
63200 0.0000000000
63288 0.0000000000
63392 0.0000000000
63653 0.0000000000
63683 0.0000000000
63738 0.0000000000
64017 0.0000000000
64050 0.0000000000
64114 0.0000000000
64143 0.0000000000
64438 0.0000000000
64441 0.0000000000
64570 0.0000000000
64586 0.0000000000
64697 0.0000000000
64845 0.0000000000
65015 0.0000000000
65290 0.0000000000
65299 0.0000000000
65891 0.0000000000
65969 0.0000000000
66077 0.0000000000
66119 0.0000000000
66123 0.0000000000
66129 0.0000000000
66194 0.0000000000
66238 0.0000000000
66322 0.0000000000
66476 0.0000000000
66562 0.0000000000
66645 0.0000000000
66700 0.0000000000
66755 0.0000000000
66900 0.0000000000
67239 0.0000000000
67260 0.0000000000
67299 0.0000000000
67321 0.0000000000
67601 0.0000000000
67628 0.0000000000
67733 0.0000000000
67750 0.0000000000
67768 0.0000000000
67818 0.0000000000
68289 0.0000000000
68295 0.0000000000
68893 0.0000000000
68953 0.0000000000
69278 0.0000000000
69451 0.0000000000
69576 0.0000000000
69731 0.0000000000
69919 0.0000000000
70007 0.0000000000
70082 0.0000000000
70758 0.0000000000
70882 0.0000000000
70905 0.0000000000
71408 0.0000000000
71538 0.0000000000
72443 0.0000000000
72539 0.0000000000
73354 0.0000000000
73830 0.0000000000
74710 0.0000000000
75487 0.0000000000
76727 0.0000000000
evaluations raw_y
1 3353848.2438626345
2 3242539.7070551217
3 2690373.3868935155
4 2306869.5325827426
5 2089258.5838865931
18 2051414.4763952231
21 1210265.5272914357
56 1163372.0455326883
58 1117855.8848345948
81 1112860.6139728304
95 1053828.1949413822
102 1027911.7364259722
112 1015318.3931347200
127 995230.4038729566
133 981949.1809799185
134 918143.5347677252
140 714596.8907862231
146 694524.3748568633
169 578486.9030232606
207 325371.9162221912
259 311509.6655164317
286 131509.8919863244
468 112053.1989583071
474 93480.1980441856
626 83747.8034547265
1290 60644.2528068793
1355 7401.0663623469
12293 6907.8963804532
12511 6762.2586984049
12632 6344.5708416424
12719 5545.6271260486
12919 4388.0656127837
12991 4165.9270239857
13377 3840.1887789059
13806 3701.6174375269
14049 3650.3665057123
14063 3629.0118998930
14116 3425.3735154109
14139 3381.3644067636
14150 3280.4489018909
14171 3249.8634037301
14209 2679.2761903038
14447 2049.4866199296
14732 1988.8519276675
14811 1972.3609400584
14825 1972.1814773790
14828 1903.3706485274
14846 1809.3837396301
14907 1765.0827948961
14997 1744.0747320079
15018 1708.4789101610
15301 1482.5937469550
15368 1462.1125634361
15405 1432.3703379215
15458 1427.1680785638
15496 1267.8508229194
15517 1252.2393993969
15546 1174.7562834465
15568 1119.4798995011
15678 1038.0706019469
15795 998.6491879779
15922 980.2356358349
16040 977.8106546410
16062 948.5525600143
16065 911.2029009006
16077 876.5069038237
16098 727.3621121562
16302 726.8429119277
16308 701.6723398692
16320 696.1145887115
16352 673.6298865797
16358 672.0954943246
16361 537.3783429394
16494 492.2549911924
16897 412.9073915403
17219 399.3705215555
17312 375.3923082160
17454 358.7260595986
17603 357.1625929069
17613 323.5999104342
17677 299.2069714615
17785 294.4772150138
17880 222.9194976891
17955 214.7208449574
18319 214.2423591833
18531 203.6388276518
18563 200.0174440084
18766 197.7596814126
18865 128.4867421504
19033 128.1906716181
19052 127.8724247747
19054 119.7112887856
19168 119.5610711487
19201 115.6448941156
19324 114.8538923335
19348 113.1566036056
19408 111.7259575175
19528 111.6544217660
19551 110.4636079782
19567 93.3943539212
19813 75.6085638863
20260 71.0551657217
20275 67.8971329898
20296 62.0825755778
20532 62.0184893630
20683 61.1701253518
20706 60.1793421521
20734 58.7917237556
20782 51.3647663615
20848 48.8655726371
20903 47.2887402330
20946 42.4115245481
21106 40.4211076279
21137 39.6122800676
21196 37.2423693492
21256 31.9081945042
21307 30.8683470492
21454 30.0022280036
21528 27.4184040286
21615 26.1795923523
21721 23.4634478899
21739 23.4011397112
21778 23.1524069884
21932 22.9047766449
21948 21.9853277660
22185 21.1011489049
22313 20.0103778502
22336 19.9699047619
22381 18.7485936877
22399 16.3787946741
22446 13.0674890439
22515 11.7957982176
22809 11.7520043562
22874 10.0252992296
23290 8.2069682031
23380 7.8381267954
23391 7.7518644050
23419 7.4851873032
23420 6.8201409586
23709 6.4840793536
23922 6.4390049947
24051 5.1785037617
24436 5.1211624626
24508 4.3014603168
24808 4.2174477621
24979 4.1882636397
25023 3.8744212714
25070 3.5469496131
25289 3.0774856399
25338 2.6814656377
25612 2.6263939585
25641 2.1300796093
26236 2.1135832344
26273 1.4972345130
26618 1.3294393846
27169 1.1889346346
27527 1.1491111862
27763 0.8809180963
27943 0.8355391326
28029 0.7628645700
28249 0.7620199156
28293 0.7261434905
28586 0.7203311746
28810 0.5663221331
28813 0.4934868170
29182 0.4364725457
29184 0.4103964626
29313 0.3875062684
29735 0.2995095388
29815 0.2875309234
30080 0.2782151874
30096 0.2421320553
30293 0.2353042986
30395 0.2156598678
30647 0.1965639259
30702 0.1872827446
30739 0.1818769846
30880 0.1615946754
30991 0.1508408495
31013 0.1497239857
31139 0.1456867707
31237 0.1356577534
31274 0.1181530804
31296 0.1039116452
31498 0.0927053925
31657 0.0832336083
31679 0.0799704615
31883 0.0791170974
32080 0.0781183911
32116 0.0774087669
32155 0.0608480792
32392 0.0474625126
32488 0.0446121406
32634 0.0430426991
33025 0.0429355453
33042 0.0418538534
33421 0.0412109807
33460 0.0411428613
33594 0.0376798843
33607 0.0307418352
33678 0.0305765747
33682 0.0252448793
34027 0.0234182137
34037 0.0222667565
34116 0.0222544815
34563 0.0215507091
34583 0.0211630672
34687 0.0191262189
34799 0.0162811901
34928 0.0157358690
35000 0.0145158641
35110 0.0141262591
35192 0.0113256831
35551 0.0112109366
35622 0.0084637514
35755 0.0083781328
36066 0.0082038169
36262 0.0079048498
36266 0.0052008903
36568 0.0049749546
36648 0.0046634960
37066 0.0046455777
37073 0.0033519410
37606 0.0031526038
37649 0.0028249430
37650 0.0026341128
37652 0.0025061390
37706 0.0024772805
37738 0.0024641468
37784 0.0024084320
37888 0.0024063054
37949 0.0022594695
38149 0.0019490597
38165 0.0017857363
38446 0.0015980129
38614 0.0013897587
38849 0.0012426559
38952 0.0011357753
39201 0.0011177717
39373 0.0011075388
39399 0.0010081447
39493 0.0007979652
39784 0.0007920842
39799 0.0007182570
39815 0.0005681652
40111 0.0005248313
40462 0.0005239548
40513 0.0005187015
40563 0.0005181859
40622 0.0005080485
40635 0.0005060311
40661 0.0004943186
40709 0.0004060046
40974 0.0003999107
40984 0.0003770453
41006 0.0003670585
41032 0.0003429904
41077 0.0002887729
41383 0.0002751597
41441 0.0002711800
41598 0.0002360176
41794 0.0001687654
42554 0.0001569446
42569 0.0001460528
42614 0.0001453626
42736 0.0001368461
42802 0.0001334367
42941 0.0001205493
43074 0.0001041273
43130 0.0000951265
43142 0.0000702880
43794 0.0000579067
43882 0.0000504606
44941 0.0000494707
44955 0.0000358213
45108 0.0000356354
45231 0.0000352683
45274 0.0000326882
45346 0.0000303001
45384 0.0000295415
45578 0.0000295391
45666 0.0000292848
45716 0.0000291591
45726 0.0000259615
46154 0.0000236119
46198 0.0000170583
46374 0.0000167792
46390 0.0000164734
46539 0.0000159437
46620 0.0000158537
46673 0.0000155218
47128 0.0000154142
47176 0.0000134695
47372 0.0000097533
47384 0.0000094042
47524 0.0000091864
47553 0.0000091367
47652 0.0000086922
47752 0.0000082593
47768 0.0000079902
47854 0.0000077685
48012 0.0000073741
48113 0.0000066460
48244 0.0000064516
48554 0.0000062701
48614 0.0000057657
48691 0.0000055632
48746 0.0000053592
48777 0.0000049208
48803 0.0000037618
49564 0.0000035854
49732 0.0000033949
49740 0.0000030497
49850 0.0000027989
50130 0.0000027948
50245 0.0000027173
50310 0.0000026376
50376 0.0000026355
50383 0.0000026056
50411 0.0000020713
50487 0.0000019062
50744 0.0000018754
50747 0.0000018735
50760 0.0000018184
50847 0.0000017616
50909 0.0000016640
51074 0.0000016120
51127 0.0000016076
51177 0.0000016002
51178 0.0000015489
51206 0.0000014859
51261 0.0000014857
51271 0.0000011206
51409 0.0000009375
51568 0.0000009265
51585 0.0000009259
51628 0.0000009248
51688 0.0000009148
51820 0.0000006410
52244 0.0000006359
52437 0.0000005440
52902 0.0000004982
53087 0.0000004500
53301 0.0000004132
53368 0.0000003917
53432 0.0000003817
53521 0.0000003753
53639 0.0000003745
53670 0.0000003334
53786 0.0000003126
53829 0.0000003008
54062 0.0000002979
54064 0.0000002957
54097 0.0000002679
54113 0.0000002035
54373 0.0000001918
54382 0.0000001280
54937 0.0000001228
55065 0.0000001201
55165 0.0000001171
55263 0.0000001079
55325 0.0000001006
55586 0.0000000995
55666 0.0000000867
55983 0.0000000747
55985 0.0000000715
55994 0.0000000575
56064 0.0000000573
56107 0.0000000529
57006 0.0000000440
57164 0.0000000414
57420 0.0000000409
57441 0.0000000397
57505 0.0000000369
57552 0.0000000234
58076 0.0000000217
58416 0.0000000208
58492 0.0000000197
58493 0.0000000165
58593 0.0000000165
58712 0.0000000144
59236 0.0000000113
59324 0.0000000109
59501 0.0000000100
59647 0.0000000093
59753 0.0000000082
60046 0.0000000077
60064 0.0000000072
60166 0.0000000067
60199 0.0000000063
60218 0.0000000060
60261 0.0000000059
60275 0.0000000058
60315 0.0000000057
60365 0.0000000038
60717 0.0000000035
61067 0.0000000030
61694 0.0000000029
61714 0.0000000026
61733 0.0000000022
62003 0.0000000019
62125 0.0000000014
63025 0.0000000013
63156 0.0000000013
63182 0.0000000012
63247 0.0000000012
63287 0.0000000011
63455 0.0000000011
63522 0.0000000009
63557 0.0000000009
63571 0.0000000008
63606 0.0000000006
63647 0.0000000006
64164 0.0000000006
64281 0.0000000005
64385 0.0000000004
64653 0.0000000004
64665 0.0000000003
65165 0.0000000003
65251 0.0000000003
65839 0.0000000002
66047 0.0000000002
66235 0.0000000002
66368 0.0000000002
66407 0.0000000002
66557 0.0000000002
66608 0.0000000002
66720 0.0000000002
66758 0.0000000001
67079 0.0000000001
67313 0.0000000001
67319 0.0000000001
67368 0.0000000001
67402 0.0000000001
67677 0.0000000001
67792 0.0000000001
68408 0.0000000001
68524 0.0000000000
68728 0.0000000000
68968 0.0000000000
69147 0.0000000000
69226 0.0000000000
69285 0.0000000000
69466 0.0000000000
69662 0.0000000000
69767 0.0000000000
69773 0.0000000000
69798 0.0000000000
69854 0.0000000000
69860 0.0000000000
69866 0.0000000000
69884 0.0000000000
70014 0.0000000000
70236 0.0000000000
70931 0.0000000000
71136 0.0000000000
71233 0.0000000000
71506 0.0000000000
71642 0.0000000000
71693 0.0000000000
71705 0.0000000000
71738 0.0000000000
71753 0.0000000000
71847 0.0000000000
71935 0.0000000000
71974 0.0000000000
72024 0.0000000000
72076 0.0000000000
72174 0.0000000000
72355 0.0000000000
72374 0.0000000000
72388 0.0000000000
72549 0.0000000000
72842 0.0000000000
72959 0.0000000000
73108 0.0000000000
73173 0.0000000000
73266 0.0000000000
73380 0.0000000000
73407 0.0000000000
73596 0.0000000000
73989 0.0000000000
73996 0.0000000000
74142 0.0000000000
74302 0.0000000000
74313 0.0000000000
74419 0.0000000000
74850 0.0000000000
75093 0.0000000000
75345 0.0000000000
75816 0.0000000000
76214 0.0000000000
76280 0.0000000000
76290 0.0000000000
76754 0.0000000000
76876 0.0000000000
76915 0.0000000000
77356 0.0000000000
77474 0.0000000000
77949 0.0000000000
78410 0.0000000000
79017 0.0000000000
80142 0.0000000000
81315 0.0000000000
