evaluations raw_y
1 2550.7756883991
3 1927.3255079247
14 1904.4063216864
23 1477.8874031675
25 1199.6309834677
42 1171.6398593136
43 1137.4949643792
44 838.4075881542
56 826.4259871077
67 825.8766986859
71 806.6602539811
78 699.5633846660
83 621.4681034930
95 602.3222694670
99 560.4459448916
133 530.3203481194
139 500.2712429111
148 495.9523364571
173 424.8798364782
183 411.0434644009
220 389.9965897876
240 388.2824201710
248 361.1595937129
286 352.5974657454
325 339.2008630110
353 332.1924443710
377 316.9889180923
408 303.9390501487
410 281.0208621426
430 269.5358858060
458 222.7181776813
491 216.8774537867
554 215.4658012212
573 143.1228463531
1184 140.2102342506
1548 124.8974300678
1718 117.1957805550
2167 115.0927996264
2244 104.4433324466
2246 100.1127152848
2276 96.9093936073
2299 80.6897821316
2312 69.7471970775
2347 61.9844040870
2349 60.1551262650
2358 48.6325997781
2380 46.6721755178
2455 46.1837980200
2460 40.5574237128
2524 39.9439226061
2534 35.9556200380
2563 35.2483744405
2577 32.7016244435
2578 32.4212544725
2582 31.4999333058
2616 31.3660032047
2623 31.3261560313
2625 30.2145216615
2633 27.0158754496
2714 25.8942783527
2734 25.6599113333
2753 25.5726406937
2762 24.8371928581
2778 24.0472260480
2781 23.6072391251
2830 23.2978275824
2833 23.1386699491
2893 22.5282739457
2914 22.5073311837
2919 22.4577915450
2928 22.3227787058
2937 22.2305390786
2954 22.1744066686
2978 21.8576189189
2994 21.6554221149
2998 21.6478571009
3051 21.5364140789
3065 21.4862601822
3066 21.4705183054
3122 21.3963571719
3124 21.3069866532
3134 21.2489256714
3186 21.1242892736
3208 21.1157817244
3227 21.1128015019
3253 21.0277362587
3308 21.0250513495
3327 21.0136955645
3351 21.0081461630
3364 20.9914353760
3366 20.9656482344
3373 20.9510007647
3423 20.9499154086
3479 20.9477191067
3506 20.9362125732
3513 20.9347568899
3524 20.9287927331
3534 20.9255889325
3547 20.9216599401
3553 20.9212756367
3564 20.9174057544
3569 20.9137309300
3601 20.9065112685
3639 20.9034133762
3663 20.9030517823
3664 20.9021895294
3668 20.9020038447
3711 20.9017993236
3722 20.9012767488
3746 20.9008917322
3760 20.8988819248
3780 20.8986218037
3782 20.8982826780
3790 20.8981230069
3834 20.8975037461
3835 20.8966942310
3872 20.8966580397
3879 20.8964977076
3911 20.8956068851
3931 20.8955662200
3949 20.8955202232
3951 20.8952316214
3968 20.8951822077
3982 20.8950705607
3985 20.8948284699
4010 20.8948208755
4034 20.8948012984
4036 20.8947401861
4067 20.8946251612
4095 20.8945226108
4097 20.8945124108
4115 20.8944634994
4161 20.8944574048
4168 20.8944395676
4177 20.8944066445
4184 20.8944001906
4197 20.8943916268
4200 20.8943673148
4208 20.8943146924
4211 20.8942965245
4222 20.8942869452
4258 20.8942791617
4262 20.8942673333
4290 20.8942651485
4317 20.8942456649
4325 20.8941946530
4355 20.8941903069
4381 20.8941828257
4393 20.8941778495
4419 20.8941500953
4475 20.8941416581
4534 20.8941410934
4537 20.8941402283
4556 20.8941391184
4561 20.8941388722
4583 20.8941383982
4589 20.8941282004
4733 20.8941272809
4810 20.8941269483
4841 20.8941263486
4867 20.8941260476
4882 20.8941258441
4908 20.8941258314
4976 20.8941257885
4982 20.8941256648
5007 20.8941256167
5011 20.8941253828
5080 20.8941253388
5092 20.8941253124
5094 20.8941252917
5096 20.8941252892
5102 20.8941252391
5122 20.8941252143
5145 20.8941252137
5189 20.8941251995
5247 20.8941251917
5265 20.8941251637
5272 20.8941251393
5326 20.8941251387
5328 20.8941251371
5357 20.8941251196
5422 20.8941251174
5446 20.8941251107
5465 20.8941251053
5468 20.8941250999
5492 20.8941250995
5517 20.8941250989
5544 20.8941250974
5587 20.8941250969
5589 20.8941250944
5597 20.8941250943
5599 20.8941250893
5742 20.8941250892
5759 20.8941250889
5763 20.8941250888
5780 20.8941250888
5782 20.8941250881
5803 20.8941250877
5804 20.8941250877
5810 20.8941250875
5814 20.8941250871
5821 20.8941250867
5853 20.8941250865
5863 20.8941250864
5876 20.8941250862
5962 20.8941250861
5986 20.8941250861
5995 20.8941250861
6005 20.8941250861
6007 20.8941250859
6010 20.8941250859
6038 20.8941250859
6046 20.8941250858
6049 20.8941250858
6059 20.8941250857
6069 20.8941250857
6097 20.8941250857
6107 20.8941250856
6191 20.8941250856
6204 20.8941250856
6254 20.8941250856
6282 20.8941250856
6283 20.8941250856
6315 20.8941250855
6342 20.8941250855
6346 20.8941250855
6356 20.8941250855
6357 20.8941250855
6375 20.8941250855
6431 20.8941250855
6435 20.8941250855
6449 20.8941250855
6450 20.8941250855
6458 20.8941250855
6470 20.8941250855
6480 20.8941250855
6509 20.8941250855
6538 20.8941250855
6632 20.8941250855
6645 20.8941250855
6650 20.8941250855
6654 20.8941250855
6664 20.8941250855
6677 20.8941250855
6690 20.8941250855
6716 20.8941250855
6723 20.8941250855
6726 20.8941250855
6736 20.8941250855
6738 20.8941250855
6741 20.8941250855
6751 20.8941250855
6793 20.8941250855
6806 20.8941250855
6849 20.8941250855
6861 20.8941250855
6973 20.8941250855
6987 20.8941250855
6989 20.8941250855
6991 20.8941250855
7014 20.8941250855
7020 20.8941250855
7032 20.8941250855
7048 20.8941250855
7055 20.8941250855
7113 20.8941250855
7156 20.8941250855
7180 20.8941250855
7216 20.8941250855
7295 20.8941250855
7305 20.8941250855
7407 20.8941250855
7429 20.8941250855
7495 20.8941250855
7688 20.8941250855
7830 20.8941250855
8843 20.8941250855
15670 20.8941250855
26583 20.3468543921
26634 18.1916399344
26658 17.8879855411
26667 17.5455935334
26672 17.1676240800
26678 17.0916145834
26717 16.5079202474
26730 15.6967770770
26758 14.9415180494
26759 14.6275455558
26964 14.2783836481
27029 13.8468648254
27038 13.8144269949
27041 13.4709140665
27161 13.1723091370
27208 12.9006447956
27282 12.8103265451
27309 12.7348270278
27375 12.6431027066
27378 12.4754386692
27474 12.2774592386
27554 12.2726616293
27644 12.2625527862
27697 12.2119953430
27715 12.1981447778
27740 12.1969340457
27758 12.1950225397
27760 12.1748054813
27761 12.1550615280
27768 12.1506550052
27830 12.1486933533
27831 12.1306566047
27841 12.1092338858
27861 12.1006196209
27909 12.0906282780
27950 12.0840651614
27969 12.0659528242
28051 12.0611452140
28077 12.0318180469
28117 12.0228333673
28146 12.0142720697
28164 11.9924764694
28443 11.9883131885
28453 11.9865705012
28474 11.9862355380
28486 11.9846231486
28502 11.9796287488
28508 11.9666546478
28557 11.9664184396
28558 11.9575970535
28631 11.9560295901
28704 11.9506924441
28732 11.9494315998
28770 11.9485872153
28796 11.9474182918
28817 11.9468691486
28864 11.9454165360
28890 11.9447492443
28946 11.9447059886
28971 11.9426758232
28990 11.9419418758
29035 11.9418360540
29125 11.9412383354
29147 11.9411981714
29181 11.9408158688
29223 11.9407301295
29272 11.9406209728
29284 11.9404972248
29298 11.9403424563
29311 11.9403222952
29352 11.9403052409
29354 11.9402809818
29377 11.9400006391
29392 11.9399367806
29414 11.9398971376
29469 11.9398344674
29472 11.9398005098
29508 11.9397856887
29541 11.9397446501
29625 11.9397321106
29670 11.9396831458
29678 11.9396609913
29700 11.9396472099
29707 11.9396447140
29734 11.9396137870
29771 11.9396063953
29801 11.9395736348
29883 11.9395674028
29909 11.9395613917
29920 11.9395422299
30002 11.9395419485
30004 11.9395331103
30046 11.9395315442
30106 11.9395276400
30139 11.9395274743
30140 11.9395228462
30204 11.9395222465
30229 11.9395201920
30247 11.9395144620
30343 11.9395138892
30413 11.9395134564
30420 11.9395133109
30509 11.9395133067
30510 11.9395126868
30526 11.9395119167
30534 11.9395116470
30572 11.9395113463
30617 11.9395110117
30635 11.9395107496
30671 11.9395106459
30687 11.9395100577
30757 11.9395098014
30784 11.9395097303
30803 11.9395092780
30858 11.9395092376
30870 11.9395091613
30889 11.9395091047
30924 11.9395089998
31030 11.9395089849
31078 11.9395089642
31082 11.9395089318
31133 11.9395089065
31141 11.9395088512
31146 11.9395088134
31180 11.9395087871
31220 11.9395087816
31232 11.9395087433
31335 11.9395087218
31416 11.9395087206
31454 11.9395087174
31512 11.9395087111
31532 11.9395087095
31536 11.9395087090
31552 11.9395087047
31579 11.9395087023
31597 11.9395086960
31633 11.9395086940
31697 11.9395086934
31720 11.9395086930
31752 11.9395086928
31769 11.9395086915
31778 11.9395086908
31796 11.9395086891
31851 11.9395086884
31871 11.9395086879
31895 11.9395086875
31953 11.9395086873
31982 11.9395086865
32051 11.9395086861
32159 11.9395086860
32193 11.9395086859
32238 11.9395086857
32251 11.9395086856
32289 11.9395086855
32299 11.9395086854
32468 11.9395086853
32498 11.9395086853
32507 11.9395086853
32515 11.9395086852
32597 11.9395086852
32598 11.9395086852
32618 11.9395086852
32623 11.9395086852
32675 11.9395086852
32732 11.9395086852
32766 11.9395086852
32773 11.9395086852
32814 11.9395086852
32815 11.9395086852
32818 11.9395086851
32824 11.9395086851
32912 11.9395086851
32925 11.9395086851
32955 11.9395086851
32974 11.9395086851
32989 11.9395086851
33072 11.9395086851
33074 11.9395086851
33122 11.9395086851
33203 11.9395086851
33246 11.9395086851
33263 11.9395086851
33278 11.9395086851
33280 11.9395086851
33288 11.9395086851
33350 11.9395086851
33471 11.9395086851
33498 11.9395086851
33591 11.9395086851
33691 11.9395086851
33714 11.9395086851
33767 11.9395086851
33790 11.9395086851
33796 11.9395086851
33826 11.9395086851
33858 11.9395086851
33907 11.9395086851
33944 11.9395086851
33994 11.9395086851
34049 11.9395086851
34167 11.9395086851
34233 11.9395086851
34458 11.9395086851
35563 11.9395086851
155497 11.3201127339
155751 10.4231017229
156043 9.7749092504
156188 9.6557452715
156202 9.6072823006
156236 9.5249843510
156247 9.3623686551
156273 9.2627583965
156297 9.0867352522
156349 9.0533996752
156419 8.9827959801
156453 8.8702913122
156464 8.8126379243
156473 8.7457999453
156526 8.5967626321
156585 8.5005791653
156658 8.4206972111
156675 8.4005506724
156740 8.2814644499
156783 8.1839308074
156922 8.1757590373
157010 8.1737694793
157063 8.1302099031
157134 8.1093911724
157228 8.1036136539
157393 8.0954474165
157439 8.0802274076
157576 8.0550824374
157596 8.0389509000
157626 8.0232342504
157801 8.0146049280
157869 8.0088232793
157875 8.0035415595
157988 7.9959414109
158160 7.9886316108
158164 7.9880882305
158200 7.9868702728
158221 7.9813438093
158317 7.9793242686
158327 7.9766728362
158360 7.9722570834
158374 7.9693518235
158486 7.9671595261
158693 7.9668683730
158737 7.9667165708
158777 7.9662767387
158778 7.9660340633
158785 7.9647018575
158808 7.9637236071
158816 7.9634318375
158929 7.9627013318
159038 7.9618497598
159104 7.9617098036
159154 7.9614586218
159278 7.9610544599
159279 7.9609663298
159291 7.9608863256
159320 7.9607984171
159331 7.9606666842
159375 7.9605870164
159390 7.9603761796
159446 7.9601278401
159740 7.9601065975
159777 7.9600978586
159814 7.9599379174
159954 7.9599020866
159996 7.9598889847
160059 7.9598745038
160068 7.9598650573
160119 7.9598638708
160143 7.9598510046
160156 7.9598329009
160185 7.9598149777
160228 7.9597934506
160273 7.9597814476
160311 7.9597316259
160573 7.9597141157
160786 7.9597138396
160856 7.9597102991
160863 7.9597073964
160919 7.9597071639
160923 7.9597040380
160924 7.9597039127
160943 7.9597005885
160960 7.9596981119
160983 7.9596968437
160987 7.9596851268
161167 7.9596846111
161336 7.9596798677
161452 7.9596790604
161583 7.9596770117
161595 7.9596761941
161754 7.9596754936
161917 7.9596749733
161997 7.9596749508
162019 7.9596745700
162042 7.9596745373
162050 7.9596736902
162244 7.9596736142
162286 7.9596731473
162448 7.9596731263
162480 7.9596730759
162570 7.9596730333
162618 7.9596729372
162673 7.9596728119
162762 7.9596728101
162784 7.9596726406
163003 7.9596725903
163113 7.9596725695
163123 7.9596725591
163142 7.9596725571
163192 7.9596725536
163207 7.9596725506
163216 7.9596725394
163293 7.9596725042
163438 7.9596724976
163453 7.9596724826
163654 7.9596724790
163655 7.9596724783
163701 7.9596724752
163730 7.9596724742
163775 7.9596724737
163791 7.9596724685
163913 7.9596724666
164009 7.9596724646
164053 7.9596724625
164154 7.9596724625
164273 7.9596724621
164337 7.9596724621
164343 7.9596724615
164382 7.9596724606
164402 7.9596724603
164435 7.9596724589
164489 7.9596724589
164605 7.9596724587
164634 7.9596724583
164700 7.9596724583
164725 7.9596724580
164782 7.9596724579
164800 7.9596724579
164851 7.9596724579
164856 7.9596724577
164871 7.9596724576
164921 7.9596724574
164934 7.9596724571
165160 7.9596724571
165210 7.9596724570
165298 7.9596724569
165351 7.9596724569
165544 7.9596724568
165605 7.9596724568
165662 7.9596724568
165693 7.9596724568
165694 7.9596724568
165757 7.9596724568
165886 7.9596724568
166020 7.9596724568
166090 7.9596724568
166092 7.9596724568
166099 7.9596724568
166310 7.9596724568
166438 7.9596724568
166466 7.9596724568
166525 7.9596724568
166540 7.9596724568
166604 7.9596724568
166646 7.9596724568
166678 7.9596724567
166887 7.9596724567
166948 7.9596724567
166994 7.9596724567
167136 7.9596724567
167176 7.9596724567
167182 7.9596724567
167308 7.9596724567
167345 7.9596724567
167370 7.9596724567
167516 7.9596724567
167517 7.9596724567
167548 7.9596724567
167699 7.9596724567
167875 7.9596724567
167909 7.9596724567
167974 7.9596724567
167986 7.9596724567
168088 7.9596724567
168151 7.9596724567
168299 7.9596724567
168383 7.9596724567
168508 7.9596724567
168838 7.9596724567
169666 7.9596724567
177820 7.9596724567
200004 7.9596724567
evaluations raw_y
1 5370.3178716943
6 3678.2910942426
19 2645.0189060278
37 2408.7102478144
40 1125.8072658738
57 1068.3690912978
61 955.4942301876
63 946.9987921500
73 590.7366485657
108 564.0799031639
125 540.4709564975
138 516.1396269063
140 503.1990607659
143 494.6499464383
152 328.5543206059
243 295.1229517813
262 244.6636795247
267 208.3611684718
310 198.6742959593
443 191.2955666695
587 180.1793618797
607 177.0379909694
1197 169.5839015278
1210 155.4874970414
1336 143.0844120798
1338 142.6591068868
2123 142.4081168961
2283 128.0491593879
4203 119.1991152289
4222 91.9252556698
4276 84.2150065842
4294 73.9920944725
4348 57.7835027971
4494 57.2589438660
4520 56.9767229872
4529 53.3970459459
4535 52.2854111552
4540 49.5493775470
4577 47.6880948198
4583 43.4058712246
4634 42.3326420783
4655 42.2789341659
4659 39.7175920164
4669 39.1295472226
4699 38.2440812111
4703 37.1998671409
4744 36.5916428470
4757 36.1663346516
4785 35.6917583781
4786 35.5167255764
4801 35.4813864019
4811 35.0304238761
4833 34.8853883912
4840 34.7556015800
4854 34.6364359751
4885 34.5490742867
4897 34.1731803790
4900 33.9617048777
4997 33.7323591335
5029 33.5853201923
5119 33.4387582926
5160 33.4123206104
5209 33.3845107867
5210 33.2618165889
5237 33.1066413604
5283 33.1017672521
5303 33.0878184194
5347 33.0850195831
5404 33.0443465350
5430 33.0426942160
5437 33.0269904522
5506 32.9647302759
5564 32.9637182085
5617 32.9606622977
5630 32.9546443791
5631 32.9514989869
5641 32.9395810454
5643 32.9395133292
5664 32.9359530288
5667 32.9325872183
5679 32.9265118285
5697 32.9228773580
5707 32.9163415045
5728 32.9145234795
5744 32.9084323781
5769 32.8973020266
5781 32.8956071542
5786 32.8924421047
5788 32.8848404636
5816 32.8754010948
5839 32.8744551348
5855 32.8722831137
5861 32.8687476458
5869 32.8673235884
5883 32.8659815680
5912 32.8633348821
5933 32.8589879619
5965 32.8583087828
5972 32.8560748504
5982 32.8538696331
5985 32.8533207482
5990 32.8529948052
5999 32.8521513969
6014 32.8520546370
6033 32.8501962864
6057 32.8489359668
6063 32.8468285348
6076 32.8465244874
6080 32.8441006167
6118 32.8407440235
6218 32.8403959436
6230 32.8383107972
6278 32.8380172418
6334 32.8374259872
6338 32.8367685170
6350 32.8358839470
6463 32.8354156957
6478 32.8348868780
6511 32.8345690074
6537 32.8344804370
6590 32.8344513458
6644 32.8343785152
6666 32.8343470511
6680 32.8342756189
6712 32.8342754887
6725 32.8341625975
6771 32.8341381955
6783 32.8340599292
6797 32.8340087718
6836 32.8339752936
6856 32.8339186798
6864 32.8338767900
6871 32.8338684008
6897 32.8338497263
6898 32.8338209551
6912 32.8337956039
6955 32.8337929483
6963 32.8337729791
6964 32.8337216769
7008 32.8337135938
7012 32.8336997037
7020 32.8336984968
7046 32.8336915294
7049 32.8336816268
7064 32.8336510332
7234 32.8336487710
7237 32.8336433191
7240 32.8336407398
7253 32.8336395548
7281 32.8336379353
7288 32.8336328055
7334 32.8336314140
7382 32.8336285614
7407 32.8336283954
7413 32.8336280212
7423 32.8336276965
7429 32.8336263863
7441 32.8336259313
7442 32.8336242357
7460 32.8336231470
7463 32.8336230050
7465 32.8336213830
7491 32.8336189451
7510 32.8336187383
7516 32.8336186443
7551 32.8336186377
7555 32.8336179292
7559 32.8336169916
7591 32.8336164187
7595 32.8336163921
7600 32.8336163833
7611 32.8336153554
7615 32.8336144991
7619 32.8336144838
7653 32.8336144633
7669 32.8336144415
7687 32.8336119592
7688 32.8336112977
7730 32.8336108213
7760 32.8336105069
7790 32.8336076389
7863 32.8336075539
7877 32.8336071824
7915 32.8336070016
7948 32.8336059450
7989 32.8336056916
8006 32.8336051600
8007 32.8336046875
8055 32.8336045917
8056 32.8336044052
8066 32.8336043716
8129 32.8336043640
8162 32.8336040617
8194 32.8336039041
8232 32.8336039001
8245 32.8336038623
8273 32.8336038516
8275 32.8336038294
8277 32.8336037760
8285 32.8336036878
8304 32.8336036252
8388 32.8336036223
8395 32.8336035994
8421 32.8336035899
8428 32.8336035750
8444 32.8336035683
8452 32.8336035674
8455 32.8336035501
8511 32.8336035410
8521 32.8336035369
8540 32.8336035340
8545 32.8336035339
8564 32.8336035317
8588 32.8336035302
8598 32.8336035263
8604 32.8336035240
8605 32.8336035239
8620 32.8336035188
8629 32.8336035169
8653 32.8336035140
8679 32.8336035137
8687 32.8336035104
8713 32.8336035087
8749 32.8336035074
8771 32.8336035054
8792 32.8336035041
8794 32.8336035015
8868 32.8336035015
8891 32.8336035012
8905 32.8336035005
8920 32.8336034999
8952 32.8336034996
8982 32.8336034992
9058 32.8336034989
9099 32.8336034988
9138 32.8336034987
9154 32.8336034986
9171 32.8336034986
9196 32.8336034985
9213 32.8336034985
9264 32.8336034984
9269 32.8336034984
9283 32.8336034984
9296 32.8336034984
9317 32.8336034984
9319 32.8336034983
9338 32.8336034983
9363 32.8336034983
9387 32.8336034983
9435 32.8336034983
9438 32.8336034983
9463 32.8336034983
9480 32.8336034983
9481 32.8336034983
9524 32.8336034983
9532 32.8336034983
9547 32.8336034983
9579 32.8336034983
9592 32.8336034983
9606 32.8336034983
9649 32.8336034983
9655 32.8336034983
9659 32.8336034983
9684 32.8336034983
9686 32.8336034983
9687 32.8336034983
9712 32.8336034983
9719 32.8336034983
9721 32.8336034983
9766 32.8336034983
9774 32.8336034983
9788 32.8336034983
9796 32.8336034983
9827 32.8336034983
9830 32.8336034983
9877 32.8336034983
9885 32.8336034983
9908 32.8336034983
9910 32.8336034983
9936 32.8336034983
9943 32.8336034983
9997 32.8336034983
10022 32.8336034983
10029 32.8336034983
10043 32.8336034983
10051 32.8336034983
10105 32.8336034983
10125 32.8336034983
10138 32.8336034983
10157 32.8336034983
10184 32.8336034983
10197 32.8336034983
10235 32.8336034983
10249 32.8336034983
10266 32.8336034983
10270 32.8336034983
10284 32.8336034983
10433 32.8336034983
10444 32.8336034983
10454 32.8336034983
10456 32.8336034983
11173 32.8336034983
11286 32.8336034983
11395 32.8336034983
13912 32.8336034983
24288 32.8336034983
30416 32.8336034983
84890 29.5476285320
85001 26.8630991845
85018 25.2131539053
85020 24.0999012514
85044 19.5948490427
85226 19.1286713168
85251 17.4856576032
85316 17.2914089335
85324 17.1337934603
85365 15.9589047207
85450 15.1564837347
85456 15.0615501766
85483 14.2544573559
85582 14.1376519518
85626 14.0596771131
85648 13.9966381335
85663 13.8598550330
85790 13.8540545987
85798 13.6860758555
85866 13.5885335547
85895 13.5857132154
85900 13.4590981382
85925 13.1997551380
85938 13.1978747425
86072 13.1575330275
86107 13.1552621711
86134 13.1357405507
86150 13.1213530603
86207 13.1064741128
86218 13.0991642943
86225 13.0291937314
86276 13.0274962217
86371 13.0268361062
86381 13.0267075563
86443 12.9742252593
86574 12.9673773814
86580 12.9595581443
86712 12.9594482920
86736 12.9582765936
86764 12.9552059599
86779 12.9493037998
86796 12.9474084514
86830 12.9467105215
86841 12.9448526992
86892 12.9435519425
86904 12.9420143701
86936 12.9419330225
86944 12.9363087764
87222 12.9361945498
87233 12.9357192527
87320 12.9356813495
87340 12.9353659249
87356 12.9350573868
87471 12.9349505067
87495 12.9349444920
87518 12.9349274726
87546 12.9347291969
87598 12.9346748910
87645 12.9346490086
87710 12.9346459510
87731 12.9346294843
87758 12.9346161773
87850 12.9345972216
87852 12.9345472558
87857 12.9345436934
87959 12.9345228841
87994 12.9345185088
87996 12.9345028342
88050 12.9344950595
88076 12.9344909369
88159 12.9344885364
88166 12.9344879192
88172 12.9344839764
88262 12.9344820812
88267 12.9344807097
88270 12.9344804305
88297 12.9344804231
88310 12.9344786499
88377 12.9344782082
88383 12.9344749577
88385 12.9344745010
88482 12.9344731545
88521 12.9344720107
88563 12.9344708642
88582 12.9344697047
88699 12.9344697024
88726 12.9344695939
88727 12.9344695622
88740 12.9344694623
88768 12.9344694164
88772 12.9344692699
88774 12.9344689736
88794 12.9344689134
88806 12.9344687650
88811 12.9344685388
88833 12.9344684608
88861 12.9344682068
88984 12.9344681276
89018 12.9344679562
89217 12.9344679269
89242 12.9344679110
89276 12.9344678589
89311 12.9344678573
89355 12.9344678476
89365 12.9344678400
89374 12.9344678341
89393 12.9344678266
89427 12.9344678003
89439 12.9344677817
89536 12.9344677804
89548 12.9344677804
89559 12.9344677781
89563 12.9344677570
89723 12.9344677508
89834 12.9344677491
89843 12.9344677488
89851 12.9344677478
89943 12.9344677474
89944 12.9344677468
89982 12.9344677458
89989 12.9344677453
90069 12.9344677442
90088 12.9344677436
90174 12.9344677433
90184 12.9344677431
90232 12.9344677428
90308 12.9344677427
90342 12.9344677427
90344 12.9344677427
90346 12.9344677427
90421 12.9344677427
90438 12.9344677427
90453 12.9344677426
90462 12.9344677426
90486 12.9344677425
90500 12.9344677425
90507 12.9344677425
90508 12.9344677424
90541 12.9344677424
90620 12.9344677424
90634 12.9344677423
90644 12.9344677423
90685 12.9344677423
90730 12.9344677423
90734 12.9344677423
90735 12.9344677423
90787 12.9344677423
90818 12.9344677423
90867 12.9344677423
90900 12.9344677422
90960 12.9344677422
91001 12.9344677422
91021 12.9344677422
91143 12.9344677422
91183 12.9344677422
91193 12.9344677422
91204 12.9344677422
91223 12.9344677422
91356 12.9344677422
91423 12.9344677422
91443 12.9344677422
91456 12.9344677422
91477 12.9344677422
91542 12.9344677422
91597 12.9344677422
91630 12.9344677422
91681 12.9344677422
91701 12.9344677422
91737 12.9344677422
91822 12.9344677422
91830 12.9344677422
91831 12.9344677422
91838 12.9344677422
91870 12.9344677422
91875 12.9344677422
91920 12.9344677422
91981 12.9344677422
91984 12.9344677422
92092 12.9344677422
92186 12.9344677422
92257 12.9344677422
92339 12.9344677422
92397 12.9344677422
92436 12.9344677422
92562 12.9344677422
92581 12.9344677422
93699 12.9344677422
94041 12.9344677422
96333 12.9344677422
104624 12.9344677422
200004 13.9294217615
evaluations raw_y
1 3538.0514273449
6 2428.0860224714
13 1754.9739569496
38 1396.9248270871
44 1391.6348543409
53 1339.2312980342
55 1116.6439125526
61 1072.2006483791
63 969.3071224149
66 854.3579493231
78 678.0368630977
85 616.6800976910
92 558.4868424633
121 503.9822841768
122 487.9443115645
139 398.6969086501
158 372.5090445134
164 344.6586506828
204 327.4014562568
247 317.8209085071
253 312.0329185139
255 264.9779904279
265 263.1421042997
307 233.5058922569
431 222.7066897421
445 220.0705110211
450 213.2666990205
471 202.5881198256
497 202.4621154009
499 194.6874757433
513 170.1157433766
668 135.5948497036
2323 129.0394920994
2566 127.8522461466
2581 117.8570903527
2617 107.2130626192
2714 102.9738495566
2717 95.9935901850
2740 89.3721459752
2758 88.3476559258
2789 87.4885078898
2804 87.2976658212
2812 85.2675776663
2817 83.1069974148
2819 81.7244125303
2828 76.1703994970
2859 68.7769584640
2921 65.9292183769
2945 60.5843656821
2995 58.7007159915
3008 54.8497299838
3018 54.5157121275
3079 53.8935811938
3115 53.0353937345
3130 52.7831111567
3137 52.2127024669
3193 52.1640209788
3194 51.4808775770
3203 51.2030745734
3212 50.8265169440
3244 50.7639796756
3258 50.2154997274
3309 50.1449117917
3320 49.2243405969
3339 48.4913145151
3365 48.2482271505
3371 48.1722241570
3380 47.8734370932
3419 47.7407708702
3421 46.8645185604
3440 46.6457945922
3450 46.3153892688
3458 45.7502817495
3461 45.2634124147
3475 44.8918821550
3490 44.7059665969
3504 44.6784283991
3515 44.4101685405
3521 44.2545908465
3535 43.4777944926
3539 42.8156422901
3614 42.0817204668
3740 41.8594624496
3775 41.6414676625
3832 41.4467443780
3851 41.4156904932
3862 41.3350205553
3867 41.0450727776
4128 41.0373484469
4144 41.0136733574
4164 40.9564465485
4178 40.9384677148
4207 40.8974076567
4213 40.8853232746
4272 40.8766120804
4292 40.8743632071
4300 40.8686790405
4307 40.8470406429
4346 40.8377822879
4391 40.8357495331
4408 40.8332106049
4416 40.8330274931
4417 40.8211361708
4426 40.8171312278
4452 40.8133893230
4488 40.8065867121
4545 40.8059607846
4557 40.8052738493
4564 40.8049837749
4575 40.8026814571
4619 40.8026788675
4633 40.8009474784
4646 40.8007618062
4669 40.8003110133
4680 40.7988556511
4686 40.7986849778
4718 40.7980585342
4721 40.7974921737
4735 40.7965529219
4794 40.7946847341
4936 40.7942987208
4994 40.7941693323
5005 40.7937950564
5082 40.7937829192
5097 40.7936746107
5108 40.7936281877
5110 40.7936065926
5111 40.7935745041
5148 40.7935633030
5163 40.7935488404
5166 40.7935452286
5218 40.7935113621
5234 40.7934985277
5241 40.7933750663
5335 40.7933591552
5355 40.7933579660
5368 40.7933528901
5388 40.7933374897
5393 40.7933298785
5432 40.7933185803
5448 40.7933113973
5450 40.7933082633
5495 40.7933070576
5498 40.7933056719
5507 40.7933032790
5509 40.7932953832
5513 40.7932898073
5625 40.7932849763
5631 40.7932829571
5635 40.7932801055
5639 40.7932783431
5644 40.7932760288
5691 40.7932756151
5694 40.7932751588
5742 40.7932722452
5765 40.7932714788
5766 40.7932709561
5775 40.7932692961
5781 40.7932675632
5819 40.7932672413
5830 40.7932661923
5862 40.7932648736
5894 40.7932636179
5915 40.7932633441
5977 40.7932633176
5983 40.7932631750
5993 40.7932630845
6012 40.7932630614
6027 40.7932624560
6056 40.7932621948
6058 40.7932621753
6073 40.7932621534
6083 40.7932618639
6093 40.7932617623
6121 40.7932615603
6157 40.7932615361
6183 40.7932613369
6185 40.7932613190
6228 40.7932612627
6265 40.7932611442
6270 40.7932610700
6292 40.7932610684
6311 40.7932610609
6324 40.7932610546
6360 40.7932609881
6407 40.7932609479
6409 40.7932609385
6418 40.7932609214
6449 40.7932608964
6481 40.7932608905
6491 40.7932608887
6506 40.7932608849
6509 40.7932608779
6554 40.7932608760
6557 40.7932608750
6563 40.7932608689
6583 40.7932608668
6594 40.7932608590
6625 40.7932608586
6630 40.7932608578
6631 40.7932608525
6685 40.7932608494
6723 40.7932608494
6732 40.7932608490
6737 40.7932608475
6760 40.7932608463
6777 40.7932608457
6845 40.7932608453
6846 40.7932608434
6936 40.7932608433
6941 40.7932608432
6991 40.7932608425
6999 40.7932608424
7057 40.7932608423
7081 40.7932608422
7089 40.7932608419
7144 40.7932608419
7169 40.7932608418
7170 40.7932608418
7189 40.7932608417
7217 40.7932608417
7228 40.7932608417
7278 40.7932608417
7289 40.7932608416
7301 40.7932608416
7306 40.7932608416
7313 40.7932608416
7339 40.7932608416
7341 40.7932608416
7345 40.7932608416
7432 40.7932608416
7445 40.7932608416
7490 40.7932608416
7502 40.7932608416
7514 40.7932608416
7532 40.7932608416
7536 40.7932608416
7540 40.7932608416
7541 40.7932608416
7559 40.7932608416
7612 40.7932608416
7616 40.7932608416
7640 40.7932608416
7641 40.7932608416
7647 40.7932608416
7676 40.7932608416
7686 40.7932608416
7688 40.7932608416
7751 40.7932608416
7754 40.7932608416
7766 40.7932608416
7768 40.7932608416
7777 40.7932608416
7826 40.7932608416
7881 40.7932608416
7918 40.7932608416
7950 40.7932608416
7997 40.7932608416
7998 40.7932608416
8039 40.7932608416
8062 40.7932608416
8136 40.7932608416
8143 40.7932608416
8164 40.7932608416
8167 40.7932608416
8208 40.7932608416
8235 40.7932608416
8244 40.7932608416
8254 40.7932608416
8277 40.7932608416
8555 40.7932608416
9067 40.7932608416
10838 40.7932608416
73076 38.7508533264
73204 29.9395962582
73331 24.2000759424
73386 23.5415867048
73404 22.5652848059
73425 20.7126257182
73458 20.1691608082
73467 20.1083661921
73513 19.5725032151
73563 18.9613748752
73579 15.5254441308
73689 12.5478254972
73808 12.0341133078
73931 11.7202271839
73953 11.6465790801
73967 11.2209395988
73980 10.9602761876
74049 10.2451374852
74052 10.2179576361
74103 10.0861786998
74107 9.8792797052
74351 9.8347829470
74374 9.4147645524
74427 9.0576495148
74451 8.7168618497
74499 8.4528830785
74570 8.4454816461
74662 8.4219916967
74668 8.3418366957
74692 8.3272170853
74732 8.3067681359
74743 8.2578876538
74755 8.2112239587
74769 8.1635212664
74770 8.1359172900
74821 8.1104292878
74956 8.0805180805
75010 8.0763613671
75011 8.0679943522
75042 8.0645575846
75074 8.0616631622
75087 8.0477081306
75105 8.0314143569
75111 8.0077005285
75157 8.0021238960
75182 7.9874372939
75330 7.9843264762
75346 7.9745694108
75458 7.9671057448
75500 7.9668171940
75570 7.9655654028
75605 7.9645659477
75657 7.9642185277
75680 7.9638053587
75691 7.9637004629
75714 7.9635148052
75760 7.9629392240
75772 7.9623445296
75773 7.9620865069
75780 7.9619372579
75803 7.9616726591
75806 7.9610588422
75904 7.9609377857
75927 7.9603680677
76024 7.9602992161
76108 7.9602718011
76136 7.9602220953
76139 7.9599352896
76225 7.9599334244
76254 7.9599030274
76279 7.9598644816
76297 7.9598223076
76404 7.9598050004
76437 7.9598049851
76484 7.9597429016
76597 7.9597383674
76615 7.9597271895
76712 7.9597103226
76715 7.9596947250
76806 7.9596923444
76828 7.9596900033
76902 7.9596846218
76945 7.9596821910
76959 7.9596817487
76980 7.9596810712
76988 7.9596787055
77043 7.9596781459
77090 7.9596775585
77124 7.9596766131
77142 7.9596761208
77173 7.9596757775
77222 7.9596755746
77268 7.9596753699
77282 7.9596752730
77288 7.9596746428
77314 7.9596746331
77319 7.9596744017
77331 7.9596731557
77516 7.9596728745
77615 7.9596728389
77699 7.9596728167
77738 7.9596727924
77749 7.9596727770
77767 7.9596727200
77790 7.9596726981
77819 7.9596726458
77839 7.9596726216
77880 7.9596725893
77954 7.9596725648
78008 7.9596725456
78023 7.9596725449
78041 7.9596725366
78042 7.9596725223
78046 7.9596725159
78050 7.9596725030
78057 7.9596724991
78214 7.9596724980
78222 7.9596724972
78229 7.9596724971
78238 7.9596724940
78240 7.9596724918
78256 7.9596724909
78266 7.9596724818
78325 7.9596724777
78338 7.9596724731
78355 7.9596724702
78406 7.9596724645
78496 7.9596724602
78644 7.9596724597
78662 7.9596724597
78708 7.9596724592
78783 7.9596724589
78786 7.9596724588
78812 7.9596724581
78884 7.9596724580
78889 7.9596724576
78936 7.9596724574
78999 7.9596724574
79010 7.9596724574
79062 7.9596724573
79066 7.9596724573
79094 7.9596724572
79131 7.9596724571
79138 7.9596724571
79162 7.9596724571
79167 7.9596724570
79184 7.9596724570
79209 7.9596724570
79246 7.9596724570
79261 7.9596724569
79292 7.9596724569
79305 7.9596724569
79324 7.9596724569
79373 7.9596724569
79444 7.9596724568
79450 7.9596724568
79487 7.9596724568
79598 7.9596724568
79664 7.9596724568
79680 7.9596724568
79681 7.9596724568
79800 7.9596724568
79802 7.9596724568
79927 7.9596724568
80012 7.9596724568
80065 7.9596724568
80083 7.9596724568
80137 7.9596724567
80266 7.9596724567
80270 7.9596724567
80304 7.9596724567
80345 7.9596724567
80368 7.9596724567
80404 7.9596724567
80473 7.9596724567
80530 7.9596724567
80580 7.9596724567
80606 7.9596724567
80636 7.9596724567
80640 7.9596724567
80650 7.9596724567
80658 7.9596724567
80668 7.9596724567
80739 7.9596724567
80769 7.9596724567
80780 7.9596724567
80817 7.9596724567
80839 7.9596724567
80860 7.9596724567
80865 7.9596724567
80882 7.9596724567
80916 7.9596724567
81144 7.9596724567
81179 7.9596724567
81614 7.9596724567
82542 7.9596724567
93819 7.9596724567
98114 7.9596724567
200016 7.9596724567
evaluations raw_y
1 1817.7973491761
8 1701.1552640029
14 1632.2503332382
15 1112.4553331257
37 1030.0393339228
38 987.1016845949
45 859.4494010601
57 708.1382720137
86 595.6383376229
99 567.7169084778
104 470.6793799374
154 467.7707199223
161 402.7980854503
175 375.3283724722
196 362.2553615484
202 356.9057131922
206 353.7134701584
232 346.5495766144
235 330.9729015661
238 275.3047490761
269 269.0212374727
276 263.9170279323
286 227.3901582962
348 208.8094684287
404 195.5916290263
516 195.1332498054
569 186.4854313430
583 177.4646997003
640 166.1897417693
671 158.2737891550
795 135.3879804643
932 129.8171888995
1474 126.8929045612
1580 115.2798617309
1636 113.0309925976
1646 96.2254106990
1657 95.4884198496
1712 93.3413759618
1721 92.0969474222
1722 84.4765964564
1754 81.0259127507
1756 79.5226072781
1766 77.0594380385
1793 66.9189779750
1798 56.0603352180
1817 54.9379929370
1876 51.8667974800
1900 50.8322812898
1912 48.8662883362
1915 47.1385372304
1964 45.7095776642
1969 43.6384269454
2011 38.8901291789
2037 36.0391916086
2074 35.5206659208
2141 34.2111169152
2167 33.5078126826
2216 33.2274937937
2263 31.8191009457
2303 31.2491671961
2346 31.2357701558
2359 31.0986630417
2363 31.0287441432
2386 31.0152044742
2389 30.7842013555
2398 30.6936519079
2411 30.5780307185
2433 30.1744787673
2450 30.0457386643
2476 29.9360556176
2478 29.9357463131
2509 29.8917692004
2613 29.8512380679
2619 29.8308536789
2621 29.8128794270
2631 29.7885672074
2661 29.7230367577
2689 29.7212453461
2690 29.6117539771
2725 29.5843651066
2726 29.5783026186
2744 29.4987032874
2756 29.4636637499
2792 29.4150626340
2802 29.3691511672
2818 29.2941019757
2884 29.1876174895
2952 29.1634105077
2968 29.1051883911
2998 29.1036977256
3012 29.0145981021
3061 29.0056732686
3094 28.9853278180
3112 28.9722441183
3132 28.9621523844
3158 28.9608776396
3160 28.8998632810
3273 28.8990880341
3296 28.8966815188
3320 28.8878113259
3361 28.8822119726
3373 28.8725604176
3397 28.8670024531
3475 28.8635164942
3501 28.8627594852
3503 28.8614475312
3530 28.8611158144
3569 28.8605666398
3604 28.8601470021
3607 28.8600554432
3610 28.8596534444
3637 28.8579963697
3695 28.8564829314
3723 28.8564091413
3740 28.8562506749
3760 28.8558189541
3775 28.8557200721
3806 28.8556742283
3808 28.8556671883
3809 28.8556313791
3821 28.8552994197
3978 28.8552121404
3979 28.8547705612
4011 28.8547571440
4034 28.8545041963
4045 28.8544436065
4051 28.8543340948
4055 28.8543185505
4066 28.8542613643
4075 28.8542271195
4085 28.8542155153
4102 28.8540989397
4138 28.8540783288
4144 28.8540541406
4147 28.8539618020
4155 28.8539534575
4186 28.8539418875
4211 28.8538960978
4254 28.8538709971
4310 28.8538645172
4320 28.8538587151
4345 28.8538577940
4351 28.8538516317
4367 28.8538514956
4375 28.8538411615
4383 28.8538394718
4385 28.8538371880
4389 28.8538359005
4396 28.8538315241
4400 28.8538233511
4415 28.8538165012
4441 28.8538159626
4470 28.8538097485
4485 28.8538089054
4493 28.8538054766
4531 28.8538051553
4549 28.8538046228
4551 28.8538036008
4568 28.8538027761
4570 28.8538027419
4572 28.8538000427
4596 28.8537984742
4666 28.8537977387
4673 28.8537967832
4683 28.8537967032
4690 28.8537957180
4731 28.8537955162
4763 28.8537953389
4776 28.8537947739
4781 28.8537944528
4806 28.8537944131
4833 28.8537942142
4858 28.8537940349
4861 28.8537939226
4870 28.8537937291
4896 28.8537936626
4904 28.8537934655
4948 28.8537933689
4960 28.8537933317
4962 28.8537933013
4968 28.8537932342
4973 28.8537930346
5006 28.8537928748
5033 28.8537928712
5067 28.8537927994
5189 28.8537926810
5223 28.8537926405
5244 28.8537926350
5284 28.8537926245
5293 28.8537925957
5311 28.8537925533
5440 28.8537925510
5459 28.8537925448
5509 28.8537925390
5529 28.8537925386
5539 28.8537925368
5543 28.8537925361
5546 28.8537925345
5548 28.8537925309
5560 28.8537925274
5570 28.8537925254
5598 28.8537925208
5606 28.8537925151
5649 28.8537925142
5659 28.8537925115
5703 28.8537925108
5731 28.8537925096
5737 28.8537925082
5753 28.8537925079
5778 28.8537925079
5784 28.8537925075
5799 28.8537925072
5801 28.8537925068
5836 28.8537925068
5841 28.8537925065
5868 28.8537925064
5869 28.8537925061
5900 28.8537925058
5908 28.8537925058
5925 28.8537925057
5933 28.8537925053
5954 28.8537925052
5956 28.8537925052
5964 28.8537925052
5999 28.8537925048
6096 28.8537925048
6121 28.8537925048
6125 28.8537925048
6134 28.8537925047
6143 28.8537925047
6164 28.8537925047
6172 28.8537925046
6218 28.8537925045
6272 28.8537925045
6320 28.8537925045
6322 28.8537925045
6385 28.8537925045
6399 28.8537925045
6400 28.8537925045
6407 28.8537925045
6411 28.8537925045
6421 28.8537925045
6427 28.8537925045
6449 28.8537925044
6484 28.8537925044
6488 28.8537925044
6498 28.8537925044
6509 28.8537925044
6518 28.8537925044
6544 28.8537925044
6556 28.8537925044
6599 28.8537925044
6602 28.8537925044
6606 28.8537925044
6625 28.8537925044
6633 28.8537925044
6634 28.8537925044
6649 28.8537925044
6667 28.8537925044
6676 28.8537925044
6692 28.8537925044
6699 28.8537925044
6739 28.8537925044
6777 28.8537925044
6785 28.8537925044
6796 28.8537925044
6832 28.8537925044
6885 28.8537925044
7012 28.8537925044
7083 28.8537925044
26901 25.5804222563
27106 24.9060421133
27194 23.8515286616
27268 23.0528020130
27360 19.5172037347
27561 15.7519654014
27733 12.7153516155
27896 12.4379189352
27934 12.3389123765
28012 11.4678357268
28037 10.9783790624
28064 10.4898201836
28126 10.3240289769
28144 10.1252805856
28151 9.2262472147
28306 9.1293443544
28327 8.8700296399
28360 8.1431533035
28427 7.8451842209
28783 7.8230233329
28832 7.8044495486
28858 7.7159859614
28876 7.7159093310
28877 7.7046599299
28933 7.5411224176
29025 7.4842316708
29104 7.4734157761
29108 7.3948185059
29130 7.3822374599
29335 7.2449908480
29551 7.2261767204
29622 7.1892312894
29666 7.1836145353
29735 7.1678917635
29810 7.1636094642
29814 7.1595497568
29831 7.1343876527
29838 7.1180217604
29872 7.1161220169
30023 7.0867177850
30054 7.0850270698
30069 7.0767754391
30105 7.0540704778
30419 7.0507105539
30729 7.0445567444
30865 7.0366712417
30940 7.0288812758
30954 7.0261042264
30965 7.0259094599
31019 7.0108715117
31041 6.9906424034
31329 6.9835613728
31545 6.9800744694
31567 6.9764728774
31781 6.9700198616
32021 6.9686620352
32098 6.9686544511
32119 6.9678635641
32146 6.9677973548
32203 6.9669960213
32270 6.9659307354
32507 6.9659034431
32649 6.9657991048
32653 6.9657378251
32670 6.9657186893
32679 6.9655930367
32751 6.9655865352
32770 6.9654886589
32845 6.9654405593
32848 6.9652538428
32903 6.9652259812
32957 6.9652242477
33029 6.9650873044
33086 6.9650862957
33096 6.9649748140
33224 6.9649604951
33257 6.9649513144
33263 6.9649221904
33276 6.9649196468
33302 6.9648433237
33601 6.9647997103
33689 6.9647949683
33715 6.9647938085
33818 6.9647871217
33846 6.9647807088
33850 6.9647798834
33855 6.9647741424
33860 6.9647722174
33965 6.9647679273
33997 6.9647675827
34002 6.9647564677
34044 6.9647494894
34046 6.9647492815
34088 6.9647456108
34137 6.9647407466
34174 6.9647378785
34248 6.9647368551
34265 6.9647366392
34286 6.9647340235
34453 6.9647301292
34457 6.9647295107
34555 6.9647236567
34688 6.9647224357
34797 6.9647211210
34812 6.9647193575
34983 6.9647183448
35160 6.9647182210
35227 6.9647178431
35234 6.9647177812
35291 6.9647176916
35358 6.9647174599
35359 6.9647171395
35460 6.9647167904
35482 6.9647161674
35605 6.9647151340
35798 6.9647149580
35909 6.9647147223
35949 6.9647147149
35954 6.9647147124
35993 6.9647146606
36010 6.9647142904
36117 6.9647141219
36147 6.9647140527
36180 6.9647139439
36213 6.9647138628
36353 6.9647137183
36519 6.9647136604
36590 6.9647135959
36706 6.9647135761
36741 6.9647135673
36747 6.9647135310
36797 6.9647135257
36824 6.9647134862
36984 6.9647134700
37058 6.9647134620
37156 6.9647134573
37295 6.9647134540
37305 6.9647134414
37348 6.9647134407
37446 6.9647134348
37501 6.9647134328
37502 6.9647134272
37589 6.9647134244
37696 6.9647134235
37760 6.9647134224
37812 6.9647134189
37880 6.9647134109
37985 6.9647134107
38021 6.9647134094
38054 6.9647134072
38104 6.9647134063
38199 6.9647134055
38233 6.9647134053
38261 6.9647134042
38327 6.9647134038
38379 6.9647134024
38466 6.9647134023
38589 6.9647134019
38717 6.9647134010
38841 6.9647134005
39045 6.9647134005
39081 6.9647134004
39104 6.9647134004
39125 6.9647134004
39182 6.9647134004
39187 6.9647134003
39196 6.9647134003
39199 6.9647134001
39261 6.9647134001
39331 6.9647134001
39335 6.9647134000
39359 6.9647133998
39647 6.9647133998
39836 6.9647133998
39857 6.9647133998
39943 6.9647133997
40001 6.9647133997
40084 6.9647133997
40149 6.9647133997
40263 6.9647133997
40278 6.9647133997
40299 6.9647133997
40437 6.9647133997
40465 6.9647133997
40653 6.9647133997
40777 6.9647133997
40788 6.9647133997
40790 6.9647133997
40912 6.9647133997
41062 6.9647133997
41189 6.9647133997
41225 6.9647133997
41266 6.9647133997
41333 6.9647133997
41334 6.9647133997
41399 6.9647133997
41429 6.9647133997
41473 6.9647133997
41597 6.9647133997
41601 6.9647133997
41673 6.9647133997
41690 6.9647133997
41866 6.9647133997
41902 6.9647133997
41944 6.9647133997
42162 6.9647133997
42202 6.9647133997
42497 6.9647133997
150139 6.3287006619
151015 6.0135410190
151104 5.8186175734
151644 5.6437831788
152152 4.7732117219
152302 4.2850887606
153325 3.9279729595
153468 3.8080360224
153528 3.4436157205
154809 3.1452536400
155296 3.0081081082
155332 2.9661816565
155686 2.9113229115
156131 2.8975393463
156181 2.8519224058
156384 2.3868854575
157668 2.3770016773
157715 2.3015195368
158078 2.2803219406
158771 2.2460710202
158916 2.2358295513
159396 2.2050658286
159635 2.1291052689
161243 2.0952607602
161358 2.0920351167
161839 2.0755214048
161883 2.0469157540
163813 2.0428502687
164131 2.0403096364
164275 2.0322600626
164441 2.0255111030
164664 2.0240980263
164776 2.0206155830
165361 2.0151508252
165625 2.0147863762
166176 2.0120894635
166204 2.0088286077
166646 2.0077025374
166808 2.0056220610
167028 2.0044084462
167315 2.0034176702
167389 2.0028748719
167657 1.9964193649
169331 1.9963559515
169486 1.9954483122
169599 1.9943711833
169790 1.9943123211
170253 1.9942669278
170265 1.9940442228
170366 1.9929383255
170819 1.9925535172
171487 1.9917378979
172565 1.9914087377
172740 1.9912861388
172753 1.9912703058
172999 1.9911249509
173141 1.9911072620
173514 1.9910343248
173544 1.9909761627
173656 1.9909289081
173723 1.9908288839
174132 1.9906244148
174195 1.9904748832
174723 1.9904668121
175131 1.9904220302
175450 1.9904125633
175542 1.9903334008
175751 1.9902987597
175753 1.9902698353
176265 1.9901669960
176580 1.9901551038
176725 1.9901207186
176984 1.9900947304
177503 1.9900842981
177519 1.9900609553
178358 1.9900348499
178374 1.9900333958
178430 1.9900294130
178493 1.9900052129
178756 1.9899923021
178920 1.9899777778
179458 1.9899759165
180271 1.9899743553
180546 1.9899717932
180648 1.9899592058
181438 1.9899448555
182011 1.9899429634
182283 1.9899354617
183118 1.9899348493
183709 1.9899322617
184222 1.9899316589
184458 1.9899284128
184976 1.9899281705
185065 1.9899280214
185174 1.9899254959
185397 1.9899231867
185427 1.9899228681
186302 1.9899228590
186538 1.9899211744
187453 1.9899208315
188019 1.9899208186
188275 1.9899205933
188866 1.9899205607
188942 1.9899203370
188972 1.9899202648
189054 1.9899199330
189116 1.9899192972
189854 1.9899192793
190527 1.9899191963
190595 1.9899191949
190618 1.9899188584
191039 1.9899186809
191393 1.9899186025
191623 1.9899185635
192632 1.9899185508
192650 1.9899184027
193239 1.9899183747
193612 1.9899183279
194204 1.9899183262
194479 1.9899182935
194705 1.9899182918
194907 1.9899182610
195325 1.9899182469
195408 1.9899182160
195607 1.9899182049
196584 1.9899182041
196837 1.9899181980
197080 1.9899181956
197150 1.9899181946
197192 1.9899181759
197388 1.9899181638
197561 1.9899181443
198678 1.9899181432
199113 1.9899181390
199240 1.9899181383
199258 1.9899181382
199352 1.9899181373
199894 1.9899181350
199940 1.9899181346
200112 1.9899181959
evaluations raw_y
1 2468.9389332422
2 2453.5292024286
16 1922.4047722787
18 1555.0661920011
37 1281.2365033741
42 1105.7276476073
45 877.9206652415
55 823.8510379650
62 766.9023518476
78 652.2647236610
103 579.0065612023
139 547.5917261966
143 458.0679676821
217 425.0527811372
246 375.3492094028
273 359.3260088866
277 340.4221516176
287 328.9076572292
289 321.1398868871
301 315.8014369531
308 298.6598047673
309 278.2360521148
371 274.9171079406
399 269.2012686187
410 237.9657184968
415 232.9011360608
451 216.2390369938
578 213.5611564058
606 205.8387731693
618 205.4859899782
629 202.8585091922
635 196.6945800221
636 188.3425994917
689 188.0677330274
762 169.8790510995
763 136.6810211604
1407 133.3207658825
1585 123.2661592067
1617 108.5763016918
1645 90.1500638721
1729 84.3415778536
1800 82.8645217644
1811 74.7088126985
1875 70.6710169571
1898 67.6138139478
1913 66.9147793354
1953 63.2740035551
1975 59.6294420376
1983 56.4202478293
1991 55.9721379482
1996 46.1203940712
2077 45.2805313872
2132 44.7384382584
2138 43.6749187889
2152 39.5439230859
2205 37.6533276334
2252 35.6748817247
2264 35.5589272329
2272 33.9690591006
2291 33.7519387589
2346 32.0935162898
2382 32.0060697423
2476 31.9393124321
2500 31.8589113009
2512 31.4470640410
2537 31.1220116269
2545 30.3319457387
2569 30.2452860964
2570 30.2368451503
2590 30.0763386239
2592 30.0548090438
2596 30.0255024990
2597 29.7558489749
2612 29.5862434375
2617 29.1910603354
2619 29.1474983317
2682 29.0161494182
2696 28.9231618176
2701 28.5703456604
2726 28.5321881329
2729 28.4227964859
2735 27.7997587531
2782 27.3720957428
2807 27.3006163672
2809 27.0283028843
2821 27.0187461112
2882 26.7705466563
2917 26.7383771753
2918 26.7201187010
2920 26.6089836992
2937 26.4536659824
3031 26.3416834547
3034 26.2001704858
3056 26.1928105982
3060 26.1181281913
3092 26.0423451974
3140 26.0155541614
3184 26.0030336012
3213 25.9912420893
3220 25.9893537259
3223 25.9611386163
3226 25.9534270573
3244 25.9429063721
3261 25.9223872718
3317 25.9184868460
3320 25.9176212608
3335 25.9127994919
3343 25.9090362903
3352 25.9057605967
3364 25.9040882075
3379 25.8999851293
3420 25.8953155769
3423 25.8947191887
3437 25.8940755049
3450 25.8920050653
3460 25.8862593920
3480 25.8848424386
3488 25.8847799741
3491 25.8821125972
3513 25.8819121112
3514 25.8808591794
3524 25.8772793727
3534 25.8749158387
3660 25.8744171692
3664 25.8742776428
3668 25.8732510577
3670 25.8729141092
3696 25.8718815959
3711 25.8712462554
3805 25.8710670274
3833 25.8708097976
3834 25.8708011682
3844 25.8707164264
3847 25.8706857033
3863 25.8706791682
3864 25.8704266792
3867 25.8702803326
3879 25.8700660995
3909 25.8698362580
3920 25.8698115783
3922 25.8697220984
3999 25.8696358646
4014 25.8696213040
4022 25.8694873547
4093 25.8694352206
4096 25.8693674586
4126 25.8692814513
4143 25.8692255799
4168 25.8691937399
4172 25.8691220178
4191 25.8691091528
4193 25.8691061017
4201 25.8690946007
4231 25.8690339915
4240 25.8690306355
4261 25.8690249284
4280 25.8690055464
4398 25.8690022278
4421 25.8689984441
4429 25.8689805908
4434 25.8689797168
4454 25.8689784491
4461 25.8689776626
4468 25.8689724130
4478 25.8689606217
4499 25.8689493728
4502 25.8689395068
4589 25.8689371341
4612 25.8689357991
4628 25.8689306246
4671 25.8689293111
4734 25.8689273113
4744 25.8689261527
4765 25.8689251126
4780 25.8689237555
4801 25.8689220515
4810 25.8689212041
4850 25.8689192229
4892 25.8689184513
4905 25.8689176238
4957 25.8689172212
4999 25.8689168265
5005 25.8689166860
5014 25.8689165830
5027 25.8689164696
5070 25.8689164362
5073 25.8689163091
5084 25.8689160955
5119 25.8689160177
5142 25.8689159326
5204 25.8689159236
5205 25.8689158291
5222 25.8689157479
5238 25.8689156302
5247 25.8689156279
5252 25.8689155694
5282 25.8689155310
5285 25.8689155185
5286 25.8689154990
5292 25.8689154551
5353 25.8689154536
5357 25.8689154473
5366 25.8689154385
5369 25.8689154097
5398 25.8689154012
5439 25.8689153946
5446 25.8689153914
5449 25.8689153876
5465 25.8689153852
5471 25.8689153732
5478 25.8689153728
5495 25.8689153642
5496 25.8689153604
5503 25.8689153549
5584 25.8689153530
5590 25.8689153496
5630 25.8689153459
5632 25.8689153447
5650 25.8689153433
5652 25.8689153428
5680 25.8689153422
5694 25.8689153419
5699 25.8689153417
5711 25.8689153416
5715 25.8689153390
5726 25.8689153386
5775 25.8689153367
5830 25.8689153366
5852 25.8689153363
5859 25.8689153355
5866 25.8689153355
5975 25.8689153347
6036 25.8689153344
6068 25.8689153340
6101 25.8689153340
6153 25.8689153338
6163 25.8689153338
6187 25.8689153337
6198 25.8689153336
6273 25.8689153336
6279 25.8689153335
6283 25.8689153335
6305 25.8689153334
6344 25.8689153334
6360 25.8689153333
6377 25.8689153333
6384 25.8689153333
6442 25.8689153333
6457 25.8689153333
6476 25.8689153332
6486 25.8689153332
6532 25.8689153332
6550 25.8689153332
6556 25.8689153332
6566 25.8689153332
6614 25.8689153332
6695 25.8689153332
6700 25.8689153332
6733 25.8689153332
6820 25.8689153332
6830 25.8689153332
6845 25.8689153332
6850 25.8689153332
6875 25.8689153332
6884 25.8689153332
6948 25.8689153332
6961 25.8689153332
6976 25.8689153332
6990 25.8689153332
6993 25.8689153332
7087 25.8689153332
7095 25.8689153332
7120 25.8689153331
7173 25.8689153331
7217 25.8689153331
7311 25.8689153331
7323 25.8689153331
7329 25.8689153331
7359 25.8689153331
7437 25.8689153331
7457 25.8689153331
7461 25.8689153331
7537 25.8689153331
7584 25.8689153331
7697 25.8689153331
7809 25.8689153331
8389 25.8689153331
9471 25.8689153331
31609 25.4979409735
31632 25.0250330249
31690 24.4379279349
31744 24.0360996265
31766 23.9713052853
31768 23.9602224367
31823 23.6793471139
31828 22.7077232529
31870 22.3030017380
31956 22.2447430439
32041 22.1305875829
32062 22.0071906302
32108 21.8739051406
32124 21.7432646789
32149 21.6433961135
32236 21.5444947516
32315 21.5266803865
32337 21.5206983442
32355 21.4929494069
32452 21.4383571264
32485 21.4327498332
32510 21.4318626226
32512 21.4051018327
32513 21.3791166517
32520 21.3537761679
32534 21.3391853030
32537 21.3199173330
32542 21.3117376170
32550 21.2802691828
32640 21.2145948143
32677 21.1800326389
32766 21.1723689918
32883 21.1108354088
32941 21.0739899270
32958 21.0718222260
33013 21.0676444188
33019 21.0479426371
33110 21.0278500967
33154 21.0053385464
33247 20.9699473197
33370 20.9584426487
33411 20.9497345762
33541 20.9458463789
33555 20.9454068393
33559 20.9392718569
33614 20.9286046033
33634 20.9275146924
33666 20.9254654459
33682 20.9217093066
33722 20.9104032904
33805 20.9103933051
33865 20.9091390341
33895 20.9090473429
33905 20.9080776294
33908 20.9022207500
33963 20.9009911855
34128 20.8994459109
34166 20.8981090675
34186 20.8979943849
34284 20.8969473501
34333 20.8967426563
34385 20.8964860131
34391 20.8959556678
34405 20.8958709798
34456 20.8958118891
34479 20.8955723296
34528 20.8950406075
34601 20.8946443012
34748 20.8945630959
34765 20.8944125563
34878 20.8943291302
34954 20.8943217905
34974 20.8943189323
35058 20.8943151358
35078 20.8943061193
35084 20.8942835752
35096 20.8942813035
35140 20.8942578843
35146 20.8942332461
35179 20.8942140807
35185 20.8941950240
35289 20.8941787847
35294 20.8941779630
35304 20.8941732240
35317 20.8941723566
35325 20.8941711690
35329 20.8941697439
35331 20.8941632779
35352 20.8941595295
35418 20.8941591222
35432 20.8941408666
35505 20.8941404523
35522 20.8941363803
35538 20.8941341903
35594 20.8941336283
35624 20.8941318824
35673 20.8941317003
35681 20.8941304685
35686 20.8941294404
35761 20.8941287651
35798 20.8941286850
35848 20.8941265586
35943 20.8941265507
35976 20.8941261093
36045 20.8941258656
36125 20.8941257602
36135 20.8941257557
36141 20.8941256360
36217 20.8941254817
36353 20.8941254488
36403 20.8941254215
36408 20.8941254142
36416 20.8941253207
36456 20.8941252795
36500 20.8941252193
36563 20.8941251931
36589 20.8941251866
36611 20.8941251756
36664 20.8941251468
36727 20.8941251461
36740 20.8941251455
36777 20.8941251251
36804 20.8941251234
36857 20.8941251232
36865 20.8941251064
36928 20.8941251058
36940 20.8941251056
36962 20.8941250967
37003 20.8941250964
37095 20.8941250939
37198 20.8941250934
37214 20.8941250926
37220 20.8941250925
37223 20.8941250908
37253 20.8941250902
37266 20.8941250886
37286 20.8941250885
37387 20.8941250884
37417 20.8941250882
37450 20.8941250881
37520 20.8941250872
37527 20.8941250868
37628 20.8941250864
37675 20.8941250862
37744 20.8941250862
37749 20.8941250861
37768 20.8941250860
37835 20.8941250859
37839 20.8941250859
37850 20.8941250859
37853 20.8941250858
37888 20.8941250858
37962 20.8941250858
37988 20.8941250858
37992 20.8941250857
38003 20.8941250857
38004 20.8941250856
38053 20.8941250856
38064 20.8941250856
38125 20.8941250856
38167 20.8941250856
38207 20.8941250856
38208 20.8941250856
38220 20.8941250856
38252 20.8941250856
38264 20.8941250856
38290 20.8941250855
38360 20.8941250855
38414 20.8941250855
38463 20.8941250855
38510 20.8941250855
38520 20.8941250855
38524 20.8941250855
38556 20.8941250855
38595 20.8941250855
38681 20.8941250855
38687 20.8941250855
38714 20.8941250855
38724 20.8941250855
38731 20.8941250855
38810 20.8941250855
38826 20.8941250855
38834 20.8941250855
38893 20.8941250855
38935 20.8941250855
38938 20.8941250855
39001 20.8941250855
39011 20.8941250855
39041 20.8941250855
39047 20.8941250855
39066 20.8941250855
39091 20.8941250855
39093 20.8941250855
39128 20.8941250855
39136 20.8941250855
39170 20.8941250855
39176 20.8941250855
39242 20.8941250855
39257 20.8941250855
39282 20.8941250855
39365 20.8941250855
39429 20.8941250855
39461 20.8941250855
39531 20.8941250855
39553 20.8941250855
39557 20.8941250855
39802 20.8941250855
39891 20.8941250855
40115 20.8941250855
40276 20.8941250855
42002 20.8941250855
154969 15.7753737548
155078 15.4818840020
155236 14.9553681516
155246 12.3488890422
155325 12.2912140026
155335 11.3865179800
155374 11.0137222693
155420 9.8096355019
155463 9.6555565949
155619 9.0523474330
155636 8.9261796121
155688 8.7941382877
155727 8.1768293263
155753 7.7232238788
155805 7.5346250105
156038 7.2727398724
156146 7.0106935425
156275 6.6944573158
156380 6.6400379290
156487 6.6363533704
156522 6.5387969291
156613 6.4956945145
156618 6.4403289277
156669 6.3112633771
156806 6.2049668893
156916 6.1173444522
157116 6.0387995385
157544 6.0363418263
157553 6.0164752157
157680 6.0137281428
157700 6.0114677599
157708 6.0043319962
157809 5.9932201661
157917 5.9906105301
158033 5.9882195219
158136 5.9843645596
158288 5.9831349400
158305 5.9772502181
158621 5.9754217974
158734 5.9727382261
159065 5.9725145617
159126 5.9720867113
159256 5.9716570143
159322 5.9710039928
159450 5.9708273469
159493 5.9706972388
159828 5.9706829401
159829 5.9706746963
159866 5.9704295581
159896 5.9704196889
159900 5.9704134188
159914 5.9703099048
160085 5.9701976820
160226 5.9701468268
160272 5.9701019112
160397 5.9700727098
160413 5.9700699493
160419 5.9700556206
160491 5.9700465060
160505 5.9699462994
160599 5.9699251752
160609 5.9699130948
160680 5.9699079449
160689 5.9698978648
160706 5.9698639493
160800 5.9698579557
160882 5.9698480288
160887 5.9698385876
161041 5.9698269952
161051 5.9698091435
161190 5.9698006332
161221 5.9697886698
161319 5.9697806648
161368 5.9697804292
161400 5.9697773459
161450 5.9697766535
161621 5.9697759321
161702 5.9697754876
161707 5.9697742482
161714 5.9697689715
161742 5.9697671034
161795 5.9697643608
161965 5.9697621236
162032 5.9697602121
162258 5.9697596719
162383 5.9697583601
162435 5.9697582283
162446 5.9697582257
162475 5.9697581214
162498 5.9697580180
162529 5.9697579604
162549 5.9697576987
162572 5.9697575905
162584 5.9697568264
162626 5.9697564692
162729 5.9697562574
162822 5.9697560560
162842 5.9697558754
162866 5.9697555535
162867 5.9697553376
162971 5.9697550873
163020 5.9697549734
163175 5.9697548621
163283 5.9697548090
163314 5.9697547402
163374 5.9697547369
163399 5.9697547278
163404 5.9697547007
163430 5.9697546830
163453 5.9697546763
163458 5.9697546470
163519 5.9697546329
163560 5.9697546259
163584 5.9697545915
163633 5.9697545913
163668 5.9697545556
163682 5.9697545533
163696 5.9697545326
163706 5.9697545117
163717 5.9697545077
163748 5.9697544940
163790 5.9697544540
163819 5.9697544357
164008 5.9697544280
164071 5.9697544236
164151 5.9697544109
164157 5.9697543911
164214 5.9697543806
164305 5.9697543744
164552 5.9697543726
164573 5.9697543666
164656 5.9697543599
164940 5.9697543570
164947 5.9697543525
164952 5.9697543516
165011 5.9697543515
165090 5.9697543506
165135 5.9697543493
165159 5.9697543467
165515 5.9697543464
165525 5.9697543463
165541 5.9697543463
165554 5.9697543454
165626 5.9697543446
165649 5.9697543444
165845 5.9697543440
165854 5.9697543440
165945 5.9697543439
166009 5.9697543437
166019 5.9697543435
166102 5.9697543435
166124 5.9697543434
166128 5.9697543431
166272 5.9697543430
166275 5.9697543430
166306 5.9697543429
166378 5.9697543429
166409 5.9697543429
166412 5.9697543429
166474 5.9697543428
166527 5.9697543428
166684 5.9697543427
166702 5.9697543427
166748 5.9697543427
166811 5.9697543427
166843 5.9697543427
166890 5.9697543427
166936 5.9697543427
166939 5.9697543426
166987 5.9697543426
167043 5.9697543426
167096 5.9697543426
167198 5.9697543426
167334 5.9697543426
167538 5.9697543426
167670 5.9697543426
167683 5.9697543426
167684 5.9697543426
167706 5.9697543426
167768 5.9697543426
167780 5.9697543426
167891 5.9697543426
167895 5.9697543426
168007 5.9697543426
168011 5.9697543426
168063 5.9697543426
168183 5.9697543426
168240 5.9697543426
168264 5.9697543426
168327 5.9697543426
168502 5.9697543426
168528 5.9697543426
168542 5.9697543426
168577 5.9697543426
168621 5.9697543426
168640 5.9697543426
168700 5.9697543426
168723 5.9697543426
168828 5.9697543426
168833 5.9697543426
168867 5.9697543426
168950 5.9697543426
168972 5.9697543426
169025 5.9697543426
169100 5.9697543426
169287 5.9697543426
169755 5.9697543426
170329 5.9697543426
170912 5.9697543426
200004 5.9697543426
evaluations raw_y
1 5068.3947012517
2 952.9425468777
26 818.1552017202
42 814.7102557608
43 650.0655021346
44 638.2832626827
55 592.5230962694
58 541.6660461012
59 515.2530355822
62 301.8335870333
235 270.4232184217
310 247.2359919313
325 214.5958430394
431 209.9417156905
435 209.2036035832
457 206.8651941487
532 194.8579628531
659 185.7737933530
675 176.5007981458
789 176.0684537551
872 151.6691586102
1208 146.7874321062
1456 146.6892263195
1544 142.1696209185
1870 131.0582146234
1892 128.6879816352
2138 125.4633328886
2139 109.6386517740
2159 103.9964507038
2290 92.7844072347
2305 92.3965492857
2306 88.5831724371
2446 88.3792384888
2457 56.4020921565
2564 55.1128660234
2569 52.4658010112
2606 42.9963323737
2623 42.5194366791
2634 41.1816557325
2659 37.3005006605
2688 36.2717703709
2731 35.9603545915
2737 34.5189281073
2750 32.3337347880
2798 31.3134976967
2801 27.7988818745
2887 27.3180777235
2897 26.7779016369
2903 26.3760880928
2964 26.2686226414
3010 25.3064350100
3017 24.6924539739
3074 24.5062909224
3088 23.7078842109
3099 23.5564599114
3105 23.3901418168
3121 23.1762994553
3140 23.1075245745
3157 22.9856868125
3197 22.9509706050
3202 22.7741826343
3217 22.6145798631
3229 22.4951061678
3243 22.1806902744
3288 21.9380041427
3386 21.9277075392
3392 21.7846690814
3430 21.7124840671
3442 21.5951862344
3474 21.4118604138
3493 21.1776941343
3569 21.1663550544
3594 21.1281114218
3605 21.0962028751
3609 21.0745895930
3645 21.0475659499
3663 21.0286026004
3684 21.0205148767
3688 21.0202703926
3724 20.9668674555
3764 20.8523113703
3798 20.8464066542
3808 20.8383025105
3836 20.8242993419
3856 20.7614511666
3887 20.7361585771
3902 20.7157810524
3934 20.6906807887
3941 20.6894892120
3948 20.6472317270
3986 20.6213593535
4008 20.6146347711
4013 20.5828283836
4014 20.5530048260
4028 20.5492417398
4029 20.5242245687
4033 20.4934067713
4060 20.4681288054
4069 20.4363437229
4082 20.3991222975
4103 20.3065393676
4141 20.3014232591
4142 20.2240104540
4155 20.2146267802
4164 20.2061287405
4196 20.1754837411
4198 20.1349413140
4208 20.1214735031
4211 20.0807969807
4231 20.0126748962
4363 20.0108621387
4376 20.0073359822
4377 19.9747140052
4444 19.9572257634
4465 19.9529799148
4503 19.9400200342
4514 19.9383895672
4526 19.9353472549
4556 19.9348085154
4573 19.9336051460
4586 19.9282458548
4592 19.9255860084
4604 19.9214714357
4621 19.9193967460
4630 19.9153187947
4675 19.9141655444
4717 19.9126072078
4749 19.9117445086
4767 19.9100393704
4786 19.9076851470
4802 19.9074322455
4828 19.9048121953
4866 19.9041223265
4886 19.9038364704
4915 19.9032223367
4922 19.9023762158
4971 19.9016225670
4998 19.9014906418
5067 19.9010680373
5081 19.9008406304
5090 19.9005999555
5113 19.9005871917
5149 19.9005758341
5156 19.9004568865
5162 19.9003433378
5168 19.9003369813
5183 19.9001350409
5198 19.8999932558
5282 19.8998846609
5311 19.8998261006
5327 19.8998213506
5403 19.8997604378
5406 19.8996613395
5451 19.8996602454
5455 19.8995811588
5481 19.8995508239
5509 19.8994825397
5521 19.8994811473
5541 19.8994721726
5559 19.8994302991
5601 19.8994103550
5613 19.8994056602
5614 19.8993505351
5622 19.8993433076
5635 19.8992996191
5688 19.8992901374
5737 19.8992776685
5768 19.8992753026
5772 19.8992572564
5780 19.8992519604
5786 19.8992486991
5800 19.8992468927
5801 19.8992442113
5803 19.8992264854
5804 19.8992184690
5814 19.8992121883
5839 19.8992119683
5842 19.8992066785
5864 19.8991972709
5882 19.8991953110
5889 19.8991853140
5906 19.8991850268
5956 19.8991843909
5969 19.8991792115
5994 19.8991770285
5999 19.8991766489
6006 19.8991766488
6038 19.8991764143
6050 19.8991715069
6141 19.8991708534
6152 19.8991705753
6153 19.8991705119
6168 19.8991702157
6169 19.8991689090
6232 19.8991682587
6249 19.8991679885
6254 19.8991678906
6257 19.8991674703
6270 19.8991669210
6331 19.8991668423
6366 19.8991665974
6392 19.8991664308
6457 19.8991663950
6472 19.8991663612
6476 19.8991663574
6508 19.8991663218
6518 19.8991662962
6520 19.8991662777
6530 19.8991662581
6539 19.8991662509
6549 19.8991661784
6572 19.8991661763
6579 19.8991661521
6608 19.8991661310
6621 19.8991661283
6632 19.8991661038
6638 19.8991660794
6687 19.8991660719
6722 19.8991660664
6749 19.8991660613
6774 19.8991660576
6776 19.8991660503
6821 19.8991660491
6825 19.8991660429
6883 19.8991660407
6949 19.8991660402
6951 19.8991660370
6992 19.8991660364
6994 19.8991660351
6996 19.8991660350
7024 19.8991660343
7028 19.8991660322
7071 19.8991660320
7080 19.8991660305
7106 19.8991660303
7141 19.8991660301
7213 19.8991660299
7228 19.8991660298
7234 19.8991660296
7255 19.8991660295
7289 19.8991660292
7295 19.8991660290
7312 19.8991660289
7383 19.8991660288
7435 19.8991660287
7438 19.8991660286
7456 19.8991660286
7464 19.8991660286
7472 19.8991660285
7526 19.8991660285
7576 19.8991660285
7587 19.8991660285
7617 19.8991660285
7624 19.8991660285
7633 19.8991660284
7644 19.8991660284
7646 19.8991660284
7691 19.8991660284
7693 19.8991660284
7707 19.8991660284
7753 19.8991660284
7773 19.8991660284
7778 19.8991660284
7813 19.8991660284
7825 19.8991660284
7833 19.8991660284
7835 19.8991660284
7837 19.8991660284
7886 19.8991660284
7899 19.8991660284
7912 19.8991660284
7971 19.8991660284
7987 19.8991660284
7995 19.8991660284
8021 19.8991660284
8025 19.8991660284
8030 19.8991660284
8106 19.8991660284
8109 19.8991660284
8111 19.8991660284
8132 19.8991660284
8198 19.8991660284
8243 19.8991660284
8258 19.8991660284
8273 19.8991660284
8293 19.8991660284
8354 19.8991660284
8397 19.8991660284
8420 19.8991660284
8506 19.8991660284
9156 19.8991660284
14489 19.8985275673
14497 19.6226916526
14566 18.4865056319
14704 18.1302889744
14775 18.0586780538
14798 17.7830139096
14810 17.6397680444
14849 17.4249409809
14884 17.1976030429
14986 17.1688444254
15069 16.9478491626
15127 16.9029445965
15165 16.7923695660
15269 16.7877290704
15288 16.7078453492
15307 16.5541513734
15336 16.5304808569
15349 16.4365760259
15394 16.3086134752
15412 16.2032685731
15496 16.1557249953
15655 16.1011434514
15836 16.0690318170
15857 16.0678784769
15878 16.0603898693
15902 16.0479409839
15903 16.0080455833
15937 15.9932251864
15942 15.9843663804
15998 15.9712055743
16040 15.9703152754
16079 15.9600240765
16098 15.9388857069
16267 15.9376035486
16317 15.9347241476
16362 15.9339850771
16365 15.9314596409
16386 15.9311448080
16411 15.9308601848
16420 15.9293742478
16428 15.9262297802
16432 15.9254663296
16578 15.9245238331
16603 15.9245173782
16624 15.9243344021
16625 15.9242400150
16633 15.9232570066
16648 15.9230203973
16669 15.9225178832
16709 15.9223097386
16714 15.9222183366
16718 15.9209769008
16791 15.9209542397
16806 15.9204803428
16862 15.9203363669
16927 15.9201995852
17016 15.9200648320
17083 15.9200199289
17084 15.9199719770
17089 15.9199531009
17100 15.9198619430
17102 15.9198255373
17114 15.9196845393
17216 15.9196810329
17218 15.9196585891
17220 15.9195986521
17229 15.9195659800
17286 15.9195636939
17375 15.9195022078
17385 15.9194694358
17449 15.9194191332
17568 15.9194022336
17605 15.9193787076
17717 15.9193752932
17728 15.9193727167
17767 15.9193715225
17776 15.9193699926
17797 15.9193669469
17823 15.9193663149
17827 15.9193650216
17841 15.9193599177
17857 15.9193566948
17870 15.9193547984
17892 15.9193516906
17937 15.9193486784
17968 15.9193479264
17977 15.9193471571
18086 15.9193470992
18106 15.9193470419
18118 15.9193444709
18150 15.9193436649
18214 15.9193436220
18243 15.9193423891
18273 15.9193417838
18304 15.9193409456
18446 15.9193409184
18474 15.9193406320
18498 15.9193406022
18550 15.9193404560
18554 15.9193402553
18557 15.9193401753
18598 15.9193401541
18612 15.9193401515
18684 15.9193401430
18686 15.9193401291
18712 15.9193401276
18755 15.9193400072
18836 15.9193399686
18853 15.9193399490
18978 15.9193399186
19011 15.9193399159
19058 15.9193398993
19142 15.9193398976
19169 15.9193398940
19260 15.9193398936
19265 15.9193398907
19268 15.9193398889
19304 15.9193398869
19328 15.9193398853
19432 15.9193398829
19452 15.9193398821
19462 15.9193398807
19480 15.9193398806
19509 15.9193398796
19548 15.9193398779
19652 15.9193398772
19772 15.9193398772
19782 15.9193398769
19800 15.9193398769
19801 15.9193398767
19850 15.9193398766
19897 15.9193398763
19972 15.9193398762
20031 15.9193398761
20081 15.9193398759
20137 15.9193398759
20176 15.9193398759
20219 15.9193398758
20315 15.9193398758
20351 15.9193398758
20387 15.9193398757
20431 15.9193398757
20449 15.9193398757
20461 15.9193398757
20496 15.9193398757
20498 15.9193398757
20524 15.9193398757
20681 15.9193398757
20698 15.9193398757
20770 15.9193398757
20790 15.9193398757
20827 15.9193398757
20848 15.9193398757
20904 15.9193398757
20942 15.9193398757
20980 15.9193398757
20993 15.9193398757
21004 15.9193398757
21019 15.9193398757
21103 15.9193398757
21113 15.9193398757
21172 15.9193398757
21208 15.9193398757
21301 15.9193398757
21315 15.9193398757
21410 15.9193398757
21435 15.9193398757
21452 15.9193398757
21466 15.9193398757
21483 15.9193398757
21543 15.9193398757
21600 15.9193398757
21716 15.9193398757
21790 15.9193398757
21895 15.9193398757
22091 15.9193398757
22583 15.9193398757
34878 14.3601103427
35053 12.7694859548
35194 11.8917607594
35308 11.4928840579
35345 11.1537732490
35529 10.7925937925
35578 10.7310619460
35579 10.2094328901
35702 9.9215659018
35888 9.4171764665
35958 9.3060625297
36075 9.2018659431
36130 8.9026164270
36133 8.7505958829
36139 8.7060655892
36215 8.5470590063
36263 8.5215928459
36297 8.4586295370
36330 8.4288521565
36371 8.3556818042
36443 8.3469442971
36484 8.1919289317
36636 8.1748741767
36758 8.1286719375
36910 8.0901575558
36973 8.0690554388
37098 8.0396999401
37328 8.0360252423
37390 8.0310888103
37427 8.0154702653
37467 8.0075842282
37517 8.0018758487
37579 7.9925409339
37682 7.9913188025
37737 7.9882803838
37782 7.9867125665
37783 7.9831485176
37932 7.9819128956
37971 7.9767266297
37996 7.9752844442
38024 7.9751946549
38029 7.9731539520
38064 7.9710040796
38073 7.9683852757
38200 7.9683389628
38307 7.9664302177
38323 7.9660854635
38351 7.9645555749
38459 7.9641738983
38643 7.9639880006
38678 7.9634920213
38721 7.9630716529
38730 7.9619372170
38808 7.9609348189
38975 7.9605021110
39211 7.9603676309
39241 7.9602379418
39401 7.9600793427
39419 7.9600195735
39642 7.9599622018
39736 7.9599461461
39863 7.9598557128
40036 7.9598202063
40087 7.9597924377
40179 7.9597411528
40270 7.9597287303
40365 7.9597248577
40459 7.9597175724
40502 7.9597153192
40506 7.9597108077
40519 7.9597101398
40545 7.9597088555
40552 7.9597013205
40581 7.9596989163
40679 7.9596925827
40716 7.9596903138
40863 7.9596872892
41035 7.9596867298
41090 7.9596853645
41091 7.9596808212
41296 7.9596802477
41326 7.9596798204
41383 7.9596795177
41417 7.9596794994
41419 7.9596781290
41478 7.9596780049
41487 7.9596768696
41519 7.9596752232
41571 7.9596750893
41817 7.9596745214
41845 7.9596743155
41952 7.9596740425
41992 7.9596740099
42038 7.9596738144
42115 7.9596737102
42138 7.9596732687
42140 7.9596732687
42247 7.9596731933
42308 7.9596731045
42340 7.9596731034
42356 7.9596730979
42378 7.9596730540
42384 7.9596730171
42421 7.9596729836
42424 7.9596729596
42483 7.9596729368
42520 7.9596728273
42579 7.9596727665
42718 7.9596726105
43001 7.9596726038
43048 7.9596725713
43054 7.9596725637
43091 7.9596725510
43100 7.9596725217
43131 7.9596725114
43277 7.9596725009
43323 7.9596724943
43396 7.9596724896
43437 7.9596724892
43450 7.9596724768
43618 7.9596724711
43792 7.9596724682
43866 7.9596724674
43869 7.9596724672
43872 7.9596724658
43928 7.9596724638
44075 7.9596724637
44125 7.9596724632
44149 7.9596724625
44180 7.9596724624
44236 7.9596724611
44271 7.9596724610
44347 7.9596724597
44437 7.9596724595
44457 7.9596724591
44479 7.9596724590
44501 7.9596724583
44557 7.9596724581
44674 7.9596724578
44753 7.9596724575
44952 7.9596724574
44980 7.9596724574
45035 7.9596724574
45068 7.9596724573
45081 7.9596724571
45171 7.9596724571
45237 7.9596724569
45458 7.9596724569
45542 7.9596724569
45563 7.9596724569
45593 7.9596724569
45602 7.9596724569
45620 7.9596724568
45643 7.9596724568
45648 7.9596724568
45675 7.9596724568
45691 7.9596724568
45698 7.9596724568
45853 7.9596724568
45907 7.9596724568
45935 7.9596724568
46086 7.9596724568
46130 7.9596724568
46172 7.9596724568
46183 7.9596724568
46245 7.9596724568
46299 7.9596724568
46314 7.9596724568
46339 7.9596724568
46352 7.9596724568
46387 7.9596724568
46409 7.9596724568
46452 7.9596724568
46503 7.9596724568
46519 7.9596724568
46588 7.9596724568
46635 7.9596724568
46697 7.9596724567
46763 7.9596724567
46820 7.9596724567
46897 7.9596724567
46938 7.9596724567
46991 7.9596724567
47157 7.9596724567
47222 7.9596724567
47287 7.9596724567
47334 7.9596724567
47375 7.9596724567
47459 7.9596724567
47509 7.9596724567
47562 7.9596724567
47593 7.9596724567
47622 7.9596724567
47903 7.9596724567
48067 7.9596724567
48302 7.9596724567
48566 7.9596724567
48915 7.9596724567
50239 7.9596724567
172609 7.6264770202
172622 7.1427263078
172920 6.9575442274
173184 6.1578580068
173228 5.6805478140
173774 5.5827552260
174118 5.3708394021
174139 5.1762593905
174309 5.1469448191
174391 4.9286830389
174477 4.8574931443
174521 4.5708629507
174801 4.5677849796
174860 4.4534910506
174960 4.3553955464
175358 4.3016600734
175414 4.2698664010
175684 4.2291795313
175777 4.1740949425
175909 4.1442551855
176059 4.1215143355
176178 4.1187282111
176182 4.1140720944
176278 4.1089424156
176295 4.0985995922
176315 4.0940903167
176371 4.0733697133
176393 4.0679540341
176444 4.0449110839
176704 4.0244377902
176829 4.0173836977
176928 4.0142171289
176978 4.0066048221
177171 4.0040528294
177386 4.0031936425
177467 4.0024445075
177506 4.0022565061
177522 3.9905987646
178115 3.9904983950
178159 3.9897271139
178171 3.9882376981
178191 3.9865756895
178383 3.9860947377
178481 3.9857769915
178486 3.9852678061
178597 3.9848609257
178660 3.9838038815
178938 3.9834863386
179043 3.9832415082
179130 3.9825068246
179185 3.9820196385
179427 3.9818265285
179492 3.9813808720
179567 3.9812761086
179623 3.9811869689
179637 3.9808380029
179929 3.9807602783
179971 3.9804797966
180271 3.9804666543
180353 3.9804269851
180383 3.9804096935
180471 3.9803647285
180586 3.9802004826
180767 3.9801736730
180860 3.9800222126
181622 3.9800061797
181653 3.9799970798
181757 3.9799911525
181758 3.9799653491
181829 3.9799216419
182106 3.9798985766
182400 3.9798956032
182411 3.9798936091
182551 3.9798920733
182621 3.9798718642
183175 3.9798656203
183228 3.9798634368
183248 3.9798568193
183740 3.9798553303
183797 3.9798511935
183877 3.9798509872
183883 3.9798490383
184016 3.9798481169
184041 3.9798460742
184128 3.9798456249
184150 3.9798435024
184258 3.9798419534
184418 3.9798408040
184610 3.9798402705
184895 3.9798402072
184963 3.9798400230
185033 3.9798385440
185282 3.9798384612
185303 3.9798378525
185582 3.9798376012
185752 3.9798372863
186031 3.9798369273
186113 3.9798368798
186260 3.9798368162
186359 3.9798367344
186400 3.9798366747
186584 3.9798366619
186687 3.9798366580
186711 3.9798366295
186720 3.9798365312
186827 3.9798365198
186986 3.9798364476
187038 3.9798363783
187456 3.9798363688
187678 3.9798363622
187690 3.9798363570
187759 3.9798363271
187898 3.9798363212
188081 3.9798363107
188107 3.9798362894
188197 3.9798362812
188460 3.9798362807
188541 3.9798362771
188550 3.9798362768
188579 3.9798362756
188706 3.9798362651
188805 3.9798362631
188827 3.9798362474
189167 3.9798362460
189409 3.9798362447
189549 3.9798362421
189817 3.9798362407
189898 3.9798362397
189914 3.9798362391
189926 3.9798362372
190100 3.9798362348
190391 3.9798362347
190396 3.9798362340
190445 3.9798362334
190501 3.9798362333
190554 3.9798362331
190559 3.9798362324
190605 3.9798362320
190641 3.9798362319
190719 3.9798362308
190949 3.9798362304
191159 3.9798362301
191163 3.9798362300
191237 3.9798362297
191432 3.9798362297
191437 3.9798362296
191741 3.9798362294
191782 3.9798362294
191922 3.9798362294
191987 3.9798362293
191988 3.9798362288
192091 3.9798362288
192445 3.9798362288
192610 3.9798362287
192746 3.9798362287
192775 3.9798362287
192801 3.9798362287
192877 3.9798362287
192878 3.9798362286
193014 3.9798362286
193021 3.9798362286
193078 3.9798362286
193338 3.9798362285
193375 3.9798362285
193453 3.9798362285
193457 3.9798362285
193577 3.9798362285
193859 3.9798362285
193910 3.9798362284
193954 3.9798362284
194048 3.9798362284
194431 3.9798362284
194496 3.9798362284
194513 3.9798362284
194581 3.9798362284
194635 3.9798362284
194688 3.9798362284
194968 3.9798362284
194969 3.9798362284
195081 3.9798362284
195101 3.9798362284
195209 3.9798362284
195618 3.9798362284
195747 3.9798362284
195881 3.9798362284
196036 3.9798362284
196117 3.9798362284
196120 3.9798362284
196278 3.9798362284
196455 3.9798362284
196467 3.9798362284
196527 3.9798362284
196754 3.9798362284
197175 3.9798362284
197654 3.9798362284
197737 3.9798362284
197763 3.9798362284
197804 3.9798362284
197901 3.9798362284
197955 3.9798362284
198060 3.9798362284
198434 3.9798362284
198769 3.9798362284
198861 3.9798362284
198905 3.9798362284
199189 3.9798362284
199355 3.9798362284
199743 3.9798362284
200052 3.9798362284
evaluations raw_y
1 2971.9141871504
2 2541.6689928168
6 1513.8833095921
19 1310.2442448401
24 886.8062708016
34 879.1364680150
37 754.8196258512
53 719.7992054174
59 656.8359224175
82 571.9937382723
104 479.6194243108
158 425.7348988586
173 420.4993249855
177 373.6234870904
178 348.1425854567
215 280.4083989765
257 273.9226494353
288 267.3263670992
297 243.7431822750
384 227.8229230711
395 222.7901240849
436 217.4468227440
438 185.4983716560
462 185.2282644002
623 181.0620135384
654 171.3585519625
655 156.3278446698
1309 142.3888301288
1382 131.4319447095
1429 112.8133980420
1459 107.4509519664
1547 100.6214471678
1549 91.3623003954
1594 86.7785221965
1600 86.4396717527
1605 84.7505210290
1609 74.0756927579
1636 69.1823928184
1668 66.1305319906
1669 53.3156968419
1814 48.5683222321
1828 43.9664289317
1866 43.4278845136
1874 39.4250311659
1925 38.7421110489
1941 37.3251296873
1945 36.8478748247
1957 33.8938806074
2005 33.7843202265
2008 33.5124687135
2024 32.9370876153
2068 32.0364317631
2089 31.7195407634
2123 30.4764150216
2155 30.0461365008
2205 29.2744375543
2234 29.1192149644
2251 28.9234317218
2256 28.6881769469
2268 28.3437219407
2312 28.1996538842
2321 28.1454973960
2358 28.0601832810
2363 27.6879434557
2410 27.5929585799
2418 27.5684222386
2448 27.3596190602
2476 27.2957875980
2564 27.2216248647
2590 27.1125795560
2644 27.0979862282
2664 27.0279593923
2709 26.9954940632
2761 26.9839846109
2765 26.9661662219
2775 26.9343476843
2887 26.9172860204
2946 26.9061872896
2957 26.8973084328
2982 26.8911039009
2995 26.8910749027
3031 26.8900731723
3076 26.8894758207
3085 26.8874844082
3086 26.8844736109
3098 26.8832678323
3105 26.8804318513
3140 26.8773688629
3163 26.8766996067
3169 26.8744140149
3190 26.8733147932
3204 26.8722468109
3212 26.8718421024
3232 26.8715131454
3259 26.8709644224
3262 26.8701232834
3276 26.8699080394
3299 26.8679279298
3357 26.8676117530
3425 26.8675040383
3428 26.8668609521
3445 26.8668535546
3448 26.8665891448
3460 26.8659414063
3465 26.8657102939
3541 26.8656050925
3543 26.8655198276
3547 26.8653164671
3558 26.8652072938
3567 26.8651316551
3572 26.8650730324
3595 26.8649255237
3617 26.8649240282
3626 26.8646920217
3688 26.8646532952
3694 26.8646160268
3717 26.8645245401
3723 26.8644983269
3727 26.8642850996
3815 26.8642731778
3842 26.8642290441
3848 26.8641186966
3887 26.8641016501
3943 26.8640884900
3954 26.8640808240
3976 26.8640589667
3989 26.8640297697
3998 26.8640192964
4022 26.8640065202
4030 26.8640011092
4048 26.8639945112
4051 26.8639822576
4068 26.8639487016
4106 26.8639344824
4117 26.8639324827
4162 26.8639172945
4166 26.8639073976
4233 26.8639061097
4297 26.8639059062
4323 26.8639024760
4325 26.8638977759
4332 26.8638964457
4345 26.8638963183
4361 26.8638935214
4370 26.8638924894
4381 26.8638924886
4388 26.8638889077
4396 26.8638857712
4416 26.8638827761
4443 26.8638798913
4461 26.8638776816
4465 26.8638770986
4483 26.8638758294
4502 26.8638749366
4515 26.8638743326
4564 26.8638738786
4581 26.8638736128
4586 26.8638729014
4595 26.8638721432
4643 26.8638717157
4679 26.8638715483
4691 26.8638709487
4755 26.8638708273
4773 26.8638707313
4804 26.8638703904
4825 26.8638702375
4826 26.8638701950
4837 26.8638701357
4843 26.8638700768
4865 26.8638700719
4866 26.8638700654
4876 26.8638697888
4934 26.8638697684
4942 26.8638696278
4949 26.8638696180
4984 26.8638695620
5001 26.8638694797
5162 26.8638694563
5182 26.8638694433
5224 26.8638694245
5238 26.8638694167
5258 26.8638694110
5259 26.8638694108
5269 26.8638694043
5278 26.8638693962
5291 26.8638693949
5293 26.8638693930
5295 26.8638693912
5308 26.8638693857
5315 26.8638693809
5322 26.8638693790
5342 26.8638693766
5378 26.8638693670
5451 26.8638693669
5468 26.8638693666
5474 26.8638693643
5536 26.8638693614
5548 26.8638693593
5592 26.8638693591
5624 26.8638693588
5629 26.8638693586
5640 26.8638693579
5641 26.8638693575
5656 26.8638693568
5659 26.8638693553
5669 26.8638693549
5740 26.8638693549
5741 26.8638693547
5751 26.8638693547
5765 26.8638693546
5776 26.8638693543
5778 26.8638693539
5791 26.8638693538
5837 26.8638693536
5847 26.8638693534
5851 26.8638693532
5860 26.8638693532
5876 26.8638693531
5897 26.8638693529
5940 26.8638693529
5955 26.8638693528
5978 26.8638693527
5987 26.8638693527
5998 26.8638693527
6007 26.8638693527
6025 26.8638693526
6088 26.8638693526
6105 26.8638693526
6112 26.8638693526
6120 26.8638693525
6130 26.8638693525
6134 26.8638693525
6138 26.8638693525
6156 26.8638693525
6180 26.8638693525
6203 26.8638693525
6268 26.8638693525
6277 26.8638693525
6296 26.8638693524
6376 26.8638693524
6395 26.8638693524
6396 26.8638693524
6397 26.8638693524
6412 26.8638693524
6470 26.8638693524
6487 26.8638693524
6501 26.8638693524
6508 26.8638693524
6519 26.8638693524
6545 26.8638693524
6546 26.8638693524
6567 26.8638693524
6568 26.8638693524
6626 26.8638693524
6667 26.8638693524
6675 26.8638693524
6688 26.8638693524
6697 26.8638693524
6699 26.8638693524
6713 26.8638693524
6741 26.8638693524
6742 26.8638693524
6825 26.8638693524
6849 26.8638693524
6857 26.8638693524
6876 26.8638693524
6905 26.8638693524
6969 26.8638693524
6997 26.8638693524
6999 26.8638693524
7029 26.8638693524
7030 26.8638693524
7058 26.8638693524
7099 26.8638693524
7128 26.8638693524
7173 26.8638693524
7198 26.8638693524
7571 26.8638693524
8407 26.8638693524
28151 26.0587396495
28192 23.5050578266
28235 22.8390763280
28238 20.2882484298
28287 17.9847471978
28306 17.8990403854
28379 16.2662228548
28425 14.9921595266
28433 13.7926475268
28537 13.1410134215
28556 12.0998968943
28656 11.6969651980
28976 11.4729760715
29004 11.3106634131
29036 11.2616927039
29100 11.2422854516
29110 11.0189113943
29162 11.0004518386
29181 10.9920553906
29185 10.8500913587
29226 10.7793984203
29250 10.5788571990
29267 10.3900375111
29271 10.3763434191
29281 10.2759419866
29307 10.1891347307
29343 10.1606106763
29358 9.7162186189
29414 9.3349659365
29693 9.3167387592
29734 9.2401922811
29780 9.1872034754
29874 9.1525340283
29982 9.1102175457
29986 9.1015675547
30012 9.0320989934
30086 9.0186978222
30144 9.0022735116
30251 9.0009783858
30272 8.9897376190
30282 8.9842752549
30314 8.9806358475
30376 8.9745283950
30401 8.9715174501
30488 8.9683250060
30625 8.9671300949
30651 8.9654430156
30654 8.9651136259
30674 8.9635529711
30701 8.9619322899
30702 8.9616441079
30705 8.9615102000
30775 8.9586708665
30818 8.9586259817
30871 8.9582797940
30941 8.9578983734
30967 8.9571302656
30970 8.9562307251
31011 8.9561318415
31123 8.9557406185
31164 8.9556595896
31203 8.9554776637
31228 8.9554342665
31263 8.9553446750
31370 8.9553087343
31377 8.9551822366
31449 8.9550979830
31459 8.9550845204
31467 8.9550425632
31527 8.9549373467
31578 8.9548890074
31613 8.9548546941
31704 8.9548437957
31708 8.9548343824
31718 8.9548156199
31730 8.9548075645
31735 8.9547997054
31873 8.9547746299
31928 8.9547713101
31951 8.9547648797
31970 8.9547639849
32017 8.9547570583
32024 8.9547414894
32045 8.9547409271
32066 8.9547310233
32094 8.9547295973
32098 8.9547205841
32134 8.9547167763
32192 8.9547134586
32204 8.9546987725
32239 8.9546961366
32322 8.9546947582
32332 8.9546947468
32340 8.9546872333
32354 8.9546863546
32431 8.9546793503
32481 8.9546717171
32569 8.9546644183
32573 8.9546615773
32703 8.9546595315
32719 8.9546569760
32730 8.9546487038
32851 8.9546485178
32910 8.9546484247
32914 8.9546455931
32943 8.9546427061
32966 8.9546426352
33051 8.9546400460
33149 8.9546390863
33171 8.9546384448
33177 8.9546377054
33183 8.9546353192
33207 8.9546344842
33326 8.9546341500
33329 8.9546338540
33337 8.9546334988
33401 8.9546332633
33407 8.9546329909
33484 8.9546329150
33485 8.9546325780
33560 8.9546324908
33588 8.9546324389
33599 8.9546322157
33644 8.9546321303
33684 8.9546320606
33737 8.9546320335
33745 8.9546320021
33760 8.9546319970
33767 8.9546318460
33800 8.9546316952
33873 8.9546316941
33901 8.9546316700
33958 8.9546316470
34002 8.9546316402
34008 8.9546316322
34043 8.9546315956
34051 8.9546315675
34106 8.9546315649
34129 8.9546315569
34152 8.9546315545
34165 8.9546315464
34211 8.9546315444
34217 8.9546315378
34256 8.9546315364
34267 8.9546315355
34305 8.9546315263
34334 8.9546315252
34412 8.9546315236
34469 8.9546315224
34496 8.9546315218
34525 8.9546315193
34631 8.9546315174
34711 8.9546315160
34735 8.9546315157
34763 8.9546315157
34888 8.9546315151
34922 8.9546315148
34998 8.9546315146
35093 8.9546315145
35104 8.9546315145
35122 8.9546315144
35138 8.9546315142
35193 8.9546315141
35265 8.9546315141
35301 8.9546315140
35436 8.9546315139
35502 8.9546315139
35515 8.9546315139
35550 8.9546315139
35582 8.9546315139
35642 8.9546315139
35676 8.9546315139
35724 8.9546315139
35728 8.9546315139
35742 8.9546315139
35744 8.9546315139
35765 8.9546315139
35772 8.9546315139
35777 8.9546315139
35806 8.9546315139
35857 8.9546315138
35874 8.9546315138
35929 8.9546315138
35954 8.9546315138
35955 8.9546315138
35963 8.9546315138
36040 8.9546315138
36070 8.9546315138
36100 8.9546315138
36111 8.9546315138
36177 8.9546315138
36211 8.9546315138
36218 8.9546315138
36224 8.9546315138
36227 8.9546315138
36232 8.9546315138
36252 8.9546315138
36281 8.9546315138
36296 8.9546315138
36358 8.9546315138
36434 8.9546315138
36463 8.9546315138
36474 8.9546315138
36524 8.9546315138
36550 8.9546315138
36560 8.9546315138
36601 8.9546315138
36617 8.9546315138
36625 8.9546315138
36729 8.9546315138
36766 8.9546315138
36870 8.9546315138
36929 8.9546315138
36958 8.9546315138
37064 8.9546315138
37097 8.9546315138
37250 8.9546315138
37345 8.9546315138
38268 8.9546315138
123277 8.9546315138
200016 9.9495905709
evaluations raw_y
1 4105.7424633111
2 3516.0365027188
3 2062.3260977960
4 1896.1634397048
15 1834.0967389224
19 1634.1783316513
25 1489.6036410180
37 1387.8565412686
51 703.3388331115
83 639.2675420612
98 507.5941464673
200 418.0182307168
223 388.1657791631
234 384.5691909956
242 383.2263684044
257 379.6192620667
345 363.8404417276
357 326.2389538483
368 324.2846709248
369 310.5134126690
378 300.5443796088
380 292.3045961784
383 285.6623653790
399 260.6688513310
454 259.8106454277
480 249.0286579182
485 214.5179371155
499 205.4503697950
527 191.9273678507
547 178.2716135218
645 174.7504084654
1002 170.9956307332
1019 157.0802209414
1629 154.8263971585
1759 154.0979854065
1833 152.2518140072
1913 144.3628042665
2429 129.8164540661
2721 126.0033744715
2779 122.8372818581
2807 117.1894872707
2830 110.4033808028
2836 95.9378568506
2868 93.2026657868
2930 90.6569175210
2944 87.8509573120
2946 82.1767126030
2960 79.4846301953
2966 73.7996170308
2995 71.8840444791
3012 66.8279508389
3015 65.5931471675
3022 64.6448978939
3037 60.0883279971
3041 57.2725508307
3067 54.8903649970
3074 51.9913558388
3147 51.5916239175
3155 51.3334197371
3169 51.2094088429
3185 50.8679482445
3186 49.7786168597
3199 49.1551701840
3240 49.0482701935
3259 47.5484573097
3285 46.7976206392
3300 45.6149757880
3309 44.7751043797
3315 44.6444929830
3360 44.5857033533
3361 43.9286854203
3384 43.7179998933
3387 43.6436158609
3389 43.1464577454
3424 42.6603516257
3479 42.5471829954
3527 42.4784437914
3542 42.1046495600
3567 42.0165445623
3572 41.8182807215
3596 41.7851815617
3608 41.6580408540
3615 41.6484049821
3633 41.4973383581
3649 41.4759359720
3653 41.4135205019
3670 41.3534149104
3679 41.3264049266
3680 41.2622064518
3688 41.2065956854
3689 41.1944211364
3721 40.9779375042
3756 40.9407604588
3855 40.9349987488
3871 40.9105193664
3913 40.9069975639
3927 40.8960633227
3929 40.8461333310
3961 40.8431311893
3969 40.8362658328
3974 40.8332854268
4036 40.8312039776
4080 40.8286203394
4096 40.8273769111
4097 40.8252960840
4106 40.8212456344
4107 40.8158064041
4109 40.8093482766
4137 40.8087796263
4141 40.8083939346
4147 40.8081502697
4212 40.8067678761
4261 40.8031116489
4264 40.8029020891
4277 40.8026918269
4281 40.8005172535
4298 40.7988953534
4369 40.7987939637
4378 40.7973564332
4491 40.7970369284
4492 40.7957087684
4499 40.7955438871
4501 40.7955152931
4544 40.7953578146
4545 40.7952305038
4546 40.7950533202
4561 40.7948389690
4562 40.7946792580
4568 40.7946606426
4583 40.7946020647
4591 40.7944269296
4610 40.7943047299
4619 40.7942025184
4681 40.7939801518
4710 40.7937690945
4714 40.7936609474
4754 40.7934700816
4841 40.7934282946
4885 40.7933685671
4904 40.7933468308
4956 40.7933366383
4995 40.7933099414
5010 40.7933030683
5037 40.7932890874
5054 40.7932769098
5078 40.7932675006
5135 40.7932597300
5158 40.7932581940
5181 40.7932570228
5182 40.7932551246
5194 40.7932547809
5214 40.7932544504
5228 40.7932526078
5235 40.7932516923
5257 40.7932494243
5311 40.7932491687
5317 40.7932489615
5324 40.7932486438
5327 40.7932467565
5337 40.7932466705
5347 40.7932462431
5353 40.7932449630
5367 40.7932448020
5378 40.7932446383
5380 40.7932445514
5382 40.7932443523
5393 40.7932442123
5404 40.7932439352
5414 40.7932438938
5419 40.7932438735
5425 40.7932436624
5437 40.7932433557
5438 40.7932429897
5460 40.7932426060
5497 40.7932422343
5510 40.7932420938
5517 40.7932420872
5529 40.7932420618
5570 40.7932419327
5601 40.7932418573
5602 40.7932416224
5619 40.7932416041
5624 40.7932415900
5644 40.7932415767
5649 40.7932413732
5680 40.7932412854
5685 40.7932412746
5686 40.7932411068
5720 40.7932409932
5732 40.7932409361
5755 40.7932408757
5789 40.7932408485
5800 40.7932408411
5809 40.7932407988
5813 40.7932407935
5839 40.7932407855
5861 40.7932407704
5883 40.7932407669
5900 40.7932407499
5921 40.7932407462
5935 40.7932407377
5947 40.7932407140
5965 40.7932407093
6008 40.7932407081
6035 40.7932407047
6037 40.7932406981
6043 40.7932406955
6055 40.7932406848
6073 40.7932406808
6087 40.7932406786
6097 40.7932406771
6105 40.7932406727
6124 40.7932406657
6129 40.7932406655
6144 40.7932406617
6150 40.7932406616
6173 40.7932406610
6185 40.7932406568
6192 40.7932406560
6256 40.7932406550
6258 40.7932406503
6357 40.7932406500
6394 40.7932406497
6395 40.7932406492
6397 40.7932406478
6411 40.7932406469
6438 40.7932406468
6450 40.7932406467
6527 40.7932406461
6567 40.7932406460
6601 40.7932406460
6602 40.7932406459
6607 40.7932406458
6626 40.7932406457
6631 40.7932406456
6636 40.7932406456
6638 40.7932406456
6640 40.7932406455
6643 40.7932406454
6656 40.7932406453
6660 40.7932406453
6696 40.7932406452
6714 40.7932406452
6721 40.7932406451
6770 40.7932406450
6814 40.7932406450
6859 40.7932406450
6862 40.7932406450
6869 40.7932406449
6878 40.7932406449
6887 40.7932406449
6933 40.7932406449
6936 40.7932406449
6956 40.7932406449
6964 40.7932406449
6982 40.7932406449
7009 40.7932406449
7027 40.7932406449
7070 40.7932406449
7082 40.7932406449
7083 40.7932406449
7091 40.7932406449
7100 40.7932406449
7141 40.7932406449
7155 40.7932406449
7163 40.7932406449
7173 40.7932406449
7196 40.7932406449
7230 40.7932406448
7276 40.7932406448
7296 40.7932406448
7309 40.7932406448
7321 40.7932406448
7322 40.7932406448
7334 40.7932406448
7374 40.7932406448
7384 40.7932406448
7401 40.7932406448
7420 40.7932406448
7465 40.7932406448
7483 40.7932406448
7485 40.7932406448
7516 40.7932406448
7527 40.7932406448
7572 40.7932406448
7593 40.7932406448
7604 40.7932406448
7611 40.7932406448
7624 40.7932406448
7670 40.7932406448
7808 40.7932406448
7819 40.7932406448
8000 40.7932406448
8024 40.7932406448
12283 28.9272265784
12318 28.5465751932
12366 26.9049804304
12404 24.4774644420
12412 23.3000606288
12420 23.1710602244
12474 22.7350453448
12513 21.1597772505
12599 21.0026980620
12635 20.4073935997
12647 19.5835572505
12651 16.9844688698
12692 16.2597277179
12707 15.6575769762
12722 15.1220900382
12727 14.8083287350
12756 14.2137936670
12785 14.0103020591
12798 13.3531984352
12833 13.1477486588
12876 10.6015389540
13071 10.0244513754
13128 9.8785869329
13196 9.7174069699
13205 9.6889468517
13226 9.6848736572
13227 9.1080733310
13268 9.0584030924
13275 8.3359236904
13614 8.2776647300
13615 8.2269452945
13650 8.1842879618
13665 8.1699960144
13686 8.1632690057
13694 8.1625649388
13711 8.1466463596
13768 8.1428402831
13807 8.1309682420
13810 8.1064793318
13836 8.0947799399
13838 8.0928418970
13864 8.0537661501
13889 8.0225601074
13930 8.0183499256
13936 8.0179938381
13976 8.0135761033
14026 8.0015970201
14054 8.0013157302
14165 7.9964049839
14198 7.9854110262
14249 7.9787853131
14269 7.9785305029
14303 7.9753247551
14536 7.9737793553
14538 7.9704149748
14569 7.9690925325
14614 7.9678893843
14652 7.9672170926
14709 7.9652963127
14745 7.9651352301
14788 7.9644238825
14831 7.9644126625
14861 7.9637521113
14867 7.9635846469
14877 7.9621436159
14989 7.9620476888
15005 7.9613128172
15122 7.9611595207
15123 7.9607390158
15157 7.9604408665
15183 7.9603520690
15221 7.9602816234
15257 7.9600979849
15450 7.9600451619
15461 7.9599978540
15489 7.9599698154
15517 7.9599131912
15551 7.9599094331
15657 7.9598874929
15667 7.9598690817
15672 7.9598383565
15697 7.9598284891
15699 7.9597842696
15721 7.9597822910
15753 7.9597734740
15759 7.9597431096
15818 7.9597282317
15852 7.9597040505
15980 7.9597015624
16033 7.9597013956
16047 7.9596933937
16079 7.9596862000
16244 7.9596820640
16301 7.9596820307
16341 7.9596817994
16351 7.9596815893
16394 7.9596814825
16401 7.9596801652
16419 7.9596797272
16443 7.9596775221
16537 7.9596765854
16546 7.9596763157
16566 7.9596762395
16590 7.9596758821
16607 7.9596756982
16627 7.9596756628
16665 7.9596752915
16751 7.9596750550
16776 7.9596745831
16797 7.9596745509
16829 7.9596744873
16852 7.9596744694
16862 7.9596741832
16919 7.9596741408
16943 7.9596740869
16960 7.9596738503
17023 7.9596737283
17042 7.9596736442
17129 7.9596736180
17132 7.9596736058
17143 7.9596735708
17147 7.9596735539
17192 7.9596735502
17226 7.9596735369
17237 7.9596735025
17262 7.9596735011
17281 7.9596734264
17292 7.9596733025
17385 7.9596733022
17387 7.9596732867
17476 7.9596732754
17527 7.9596731544
17578 7.9596731266
17651 7.9596730132
17758 7.9596729272
17803 7.9596729167
17866 7.9596728594
17966 7.9596728059
17971 7.9596727846
18059 7.9596727603
18096 7.9596727255
18192 7.9596727070
18216 7.9596726900
18256 7.9596726589
18335 7.9596725411
18546 7.9596725321
18566 7.9596724976
18652 7.9596724878
18677 7.9596724870
18776 7.9596724829
18828 7.9596724729
18867 7.9596724711
18948 7.9596724688
18968 7.9596724675
18976 7.9596724668
18985 7.9596724648
19034 7.9596724648
19037 7.9596724641
19068 7.9596724635
19098 7.9596724625
19143 7.9596724622
19152 7.9596724605
19224 7.9596724597
19265 7.9596724597
19266 7.9596724594
19277 7.9596724594
19297 7.9596724589
19355 7.9596724589
19358 7.9596724589
19369 7.9596724587
19376 7.9596724584
19384 7.9596724583
19401 7.9596724583
19423 7.9596724581
19425 7.9596724575
19545 7.9596724574
19576 7.9596724571
19692 7.9596724570
19744 7.9596724570
19753 7.9596724569
19768 7.9596724569
19847 7.9596724569
19857 7.9596724569
19895 7.9596724569
19938 7.9596724568
20068 7.9596724568
20102 7.9596724568
20118 7.9596724568
20153 7.9596724568
20288 7.9596724568
20338 7.9596724568
20384 7.9596724568
20388 7.9596724568
20412 7.9596724568
20501 7.9596724568
20516 7.9596724568
20527 7.9596724568
20541 7.9596724567
20561 7.9596724567
20567 7.9596724567
20658 7.9596724567
20749 7.9596724567
20755 7.9596724567
20776 7.9596724567
20780 7.9596724567
20817 7.9596724567
20847 7.9596724567
20865 7.9596724567
20957 7.9596724567
21030 7.9596724567
21036 7.9596724567
21229 7.9596724567
21273 7.9596724567
21298 7.9596724567
21442 7.9596724567
21532 7.9596724567
22202 7.9596724567
32890 7.8318873761
32931 7.4011423226
33121 7.1658253213
33128 6.9319479422
33230 6.6744603572
33334 6.6322692616
33377 6.4904765563
33399 6.4779139790
33502 6.3663833781
33604 6.3118928015
33645 6.2622047890
33775 6.2514109203
33789 6.1786578951
33953 6.1557198560
33954 6.1436381595
34081 6.1024617589
34090 6.0825812666
34232 6.0803062761
34252 6.0802386736
34333 6.0699165680
34360 6.0693993659
34366 6.0552778074
34400 6.0288230955
34523 6.0095347453
34679 6.0058869587
34705 5.9931721554
34775 5.9927404745
34927 5.9874325200
35127 5.9871342626
35152 5.9828819327
35261 5.9806666469
35349 5.9787714530
35453 5.9775425692
35474 5.9770011646
35476 5.9763666349
35530 5.9755693246
35650 5.9748729549
35686 5.9734646688
35724 5.9733997426
35781 5.9725282873
35895 5.9720972937
35999 5.9720575757
36002 5.9715224330
36059 5.9710455280
36093 5.9707144168
36365 5.9704926935
36477 5.9704283717
36505 5.9703499433
36536 5.9703476054
36569 5.9703218890
36575 5.9702123951
36695 5.9700590532
36903 5.9700510000
36904 5.9699466955
37022 5.9699386451
37079 5.9699366590
37087 5.9699092089
37178 5.9699079992
37213 5.9698792871
37273 5.9698761291
37305 5.9698447132
37384 5.9698199971
37448 5.9698116203
37471 5.9698062938
37540 5.9698011688
37643 5.9697958525
37695 5.9697894711
37815 5.9697858717
37827 5.9697852205
37840 5.9697791804
37879 5.9697786172
37917 5.9697774012
37952 5.9697753969
37969 5.9697749454
37988 5.9697721583
38025 5.9697696978
38081 5.9697691145
38098 5.9697682971
38103 5.9697679387
38186 5.9697641407
38235 5.9697602808
38451 5.9697586285
38541 5.9697584652
38584 5.9697579194
38599 5.9697578777
38613 5.9697578301
38687 5.9697574427
38729 5.9697573180
38772 5.9697572091
38777 5.9697570767
38779 5.9697564065
38815 5.9697563183
38906 5.9697561983
38907 5.9697556757
39090 5.9697555301
39106 5.9697555238
39108 5.9697550409
39343 5.9697550365
39392 5.9697549364
39393 5.9697549024
39434 5.9697546187
39676 5.9697546172
39725 5.9697545775
39762 5.9697545650
39763 5.9697545646
39790 5.9697545523
39872 5.9697544975
39946 5.9697544917
39972 5.9697544717
39981 5.9697544675
40015 5.9697544501
40168 5.9697544396
40194 5.9697544305
40206 5.9697544281
40260 5.9697544137
40299 5.9697544123
40317 5.9697544085
40371 5.9697544030
40396 5.9697543972
40433 5.9697543767
40617 5.9697543727
40670 5.9697543713
40722 5.9697543686
40826 5.9697543605
40840 5.9697543591
40864 5.9697543556
40940 5.9697543548
40949 5.9697543531
41062 5.9697543522
41128 5.9697543516
41213 5.9697543499
41237 5.9697543485
41265 5.9697543472
41360 5.9697543466
41393 5.9697543457
41472 5.9697543456
41502 5.9697543450
41506 5.9697543450
41507 5.9697543447
41561 5.9697543446
41603 5.9697543445
41615 5.9697543444
41677 5.9697543444
41693 5.9697543442
41710 5.9697543441
41726 5.9697543436
41740 5.9697543435
41841 5.9697543434
41861 5.9697543433
41945 5.9697543430
42052 5.9697543429
42232 5.9697543428
42254 5.9697543428
42286 5.9697543428
42362 5.9697543428
42393 5.9697543427
42463 5.9697543427
42560 5.9697543427
42712 5.9697543427
42743 5.9697543427
42756 5.9697543426
42770 5.9697543426
42785 5.9697543426
42917 5.9697543426
42927 5.9697543426
42930 5.9697543426
43067 5.9697543426
43081 5.9697543426
43091 5.9697543426
43109 5.9697543426
43172 5.9697543426
43326 5.9697543426
43408 5.9697543426
43447 5.9697543426
43514 5.9697543426
43543 5.9697543426
43565 5.9697543426
43635 5.9697543426
44032 5.9697543426
44105 5.9697543426
44107 5.9697543426
44118 5.9697543426
44187 5.9697543426
44287 5.9697543426
44347 5.9697543426
44537 5.9697543426
44610 5.9697543426
44678 5.9697543426
44727 5.9697543426
44815 5.9697543426
44873 5.9697543426
44952 5.9697543426
45114 5.9697543426
45176 5.9697543426
45252 5.9697543426
45503 5.9697543426
45684 5.9697543426
46875 5.9697543426
77823 5.9056463800
78032 5.6143472688
78133 5.3881216735
78531 4.9441761005
78799 4.8105161472
78864 4.7974713889
78883 4.7072650046
79015 4.6090888333
79263 4.5797910379
79303 4.4944209862
79416 4.3026443923
79733 4.1696941182
80605 4.1334201361
80694 4.0732324642
81051 4.0470893801
81327 4.0455176035
81407 4.0243531784
81870 4.0231950195
81994 4.0195445251
82109 4.0147654067
82120 4.0143835726
82126 4.0106117466
82294 4.0099355136
82319 4.0077150334
82323 4.0024191344
82328 4.0005205237
82629 3.9970370098
82963 3.9935050808
83152 3.9874479101
83668 3.9869387541
83785 3.9860672351
83868 3.9841296167
84077 3.9840567824
84148 3.9825763606
84735 3.9820185374
84782 3.9808256790
85424 3.9806597529
85576 3.9806224449
85753 3.9804801371
85796 3.9804750244
86038 3.9802929946
86323 3.9802312746
86522 3.9801601819
86642 3.9801583672
86645 3.9801278331
86686 3.9800766677
86765 3.9800583756
87079 3.9799967069
87306 3.9799868597
87887 3.9799586314
88037 3.9799168291
88216 3.9798963882
88314 3.9798941024
88399 3.9798866306
88595 3.9798843323
88605 3.9798799627
88609 3.9798692634
88974 3.9798686601
89126 3.9798585213
89313 3.9798580875
89364 3.9798570135
89408 3.9798565899
89462 3.9798533901
89789 3.9798494494
89891 3.9798475862
90177 3.9798474929
90247 3.9798472501
90319 3.9798472257
90323 3.9798454138
90440 3.9798439386
90580 3.9798438470
90645 3.9798411620
90782 3.9798395121
91288 3.9798394767
91343 3.9798388722
91429 3.9798387270
91436 3.9798380156
91567 3.9798378062
91725 3.9798376279
91809 3.9798372588
92114 3.9798368763
92221 3.9798368553
92444 3.9798368175
92484 3.9798367943
92524 3.9798367928
92526 3.9798367765
92614 3.9798367472
92763 3.9798367154
92821 3.9798364693
93155 3.9798364234
93409 3.9798364149
93425 3.9798363619
93637 3.9798363463
93808 3.9798363244
94000 3.9798363106
94115 3.9798362989
94155 3.9798362974
94174 3.9798362878
94282 3.9798362819
94596 3.9798362787
94601 3.9798362774
94628 3.9798362643
94755 3.9798362629
94770 3.9798362602
94833 3.9798362597
94909 3.9798362534
95015 3.9798362520
95217 3.9798362513
95219 3.9798362446
95447 3.9798362444
95489 3.9798362434
95497 3.9798362423
95549 3.9798362368
95940 3.9798362354
96156 3.9798362340
96473 3.9798362339
96595 3.9798362333
96609 3.9798362325
96631 3.9798362323
96868 3.9798362322
96893 3.9798362321
97071 3.9798362316
97102 3.9798362310
97120 3.9798362308
97133 3.9798362307
97272 3.9798362306
97294 3.9798362299
97496 3.9798362299
97561 3.9798362297
97564 3.9798362296
97605 3.9798362294
97650 3.9798362291
97846 3.9798362291
97947 3.9798362291
98008 3.9798362290
98078 3.9798362290
98323 3.9798362290
98334 3.9798362289
98379 3.9798362288
98641 3.9798362288
98642 3.9798362288
98648 3.9798362287
98709 3.9798362287
99003 3.9798362286
99005 3.9798362286
99027 3.9798362286
99029 3.9798362285
99322 3.9798362285
99438 3.9798362285
99626 3.9798362285
99654 3.9798362285
99737 3.9798362285
99819 3.9798362285
99967 3.9798362284
100126 3.9798362284
100257 3.9798362284
100275 3.9798362284
100389 3.9798362284
100407 3.9798362284
100437 3.9798362284
100480 3.9798362284
100520 3.9798362284
100528 3.9798362284
100529 3.9798362284
100572 3.9798362284
100581 3.9798362284
100615 3.9798362284
100704 3.9798362284
101037 3.9798362284
101134 3.9798362284
101155 3.9798362284
101179 3.9798362284
101518 3.9798362284
101968 3.9798362284
101975 3.9798362284
102073 3.9798362284
102190 3.9798362284
102267 3.9798362284
102282 3.9798362284
102525 3.9798362284
102554 3.9798362284
102639 3.9798362284
102959 3.9798362284
103061 3.9798362284
103076 3.9798362284
103116 3.9798362284
103129 3.9798362284
103482 3.9798362284
103677 3.9798362284
103727 3.9798362284
103902 3.9798362284
104326 3.9798362284
104333 3.9798362284
104412 3.9798362284
104461 3.9798362284
104520 3.9798362284
104881 3.9798362284
104886 3.9798362284
104930 3.9798362284
105058 3.9798362284
105330 3.9798362284
105534 3.9798362284
105577 3.9798362284
105791 3.9798362284
106272 3.9798362284
106992 3.9798362284
200088 764.8315958959
evaluations raw_y
1 3009.3117403402
2 2134.0393312420
3 1926.4229935356
5 1275.8219644495
7 923.4229211207
13 411.3958589618
54 400.3953244976
97 347.9331365957
122 330.1142245230
155 321.9923577876
167 299.9920048723
228 287.7231773655
231 282.8276078935
263 241.6038016203
267 216.1446146558
297 203.2291644913
369 184.0300112265
472 126.3789097552
2759 119.6181316102
2871 109.7654479018
3398 107.5032421824
3402 103.5377403612
3544 95.4696338158
3581 91.7369390407
3606 84.1754665582
3619 82.2055198388
3626 82.1682088017
3658 72.0522955302
3673 69.0625713056
3680 60.7714630866
3803 56.3024911828
3819 56.2601564429
3837 50.4926002657
3885 43.5062403235
3894 43.2831612141
3913 41.5761315805
3921 40.7692105954
3927 40.1250749468
3929 36.5280922379
3939 35.8441950670
3943 34.4856781018
3999 31.6983342988
4031 29.9643777156
4049 29.2318901612
4150 28.3554212717
4156 28.1715884441
4159 27.6719741606
4161 27.5161554424
4189 26.8414579055
4225 26.7562729751
4239 26.4796857495
4303 26.4143933726
4318 26.3486237667
4319 26.3397092596
4327 26.2596470037
4328 25.9296313769
4333 25.8959112037
4337 25.8672560022
4354 25.7992389788
4357 25.6350887964
4371 25.5882158316
4399 25.4472644139
4417 25.2998527314
4433 25.1683875661
4468 25.0587750761
4503 25.0226962022
4514 25.0073366958
4527 24.9507217723
4542 24.8732657801
4549 24.8497614605
4556 24.7063564014
4559 24.6419974482
4574 24.5710996329
4592 24.5424624581
4596 24.5378917584
4613 24.4233696308
4637 24.3205928766
4665 24.2888914710
4672 24.2822868611
4682 24.1923630354
4731 24.0707977051
4742 23.9972501346
4799 23.9533944783
4808 23.9104412272
4819 23.9005234769
4833 23.7448562942
4855 23.6462631652
4870 23.6257142703
4917 23.6128824426
4919 23.6027053858
4925 23.5866603987
4929 23.4573056712
4934 23.4017560494
4959 23.3149626646
5001 23.2825400104
5009 23.2591794905
5021 23.2545541276
5025 23.2504598507
5027 23.2374227166
5030 23.2060386146
5055 23.1917122275
5064 23.1833452130
5092 23.1180600014
5104 23.1138285071
5117 23.0605376969
5196 23.0176352940
5231 23.0107522106
5233 23.0049885253
5252 22.9761933766
5283 22.9698498807
5297 22.9614810117
5310 22.9554071196
5343 22.9518565286
5345 22.9298995703
5418 22.9293883096
5451 22.9256183708
5454 22.9229744451
5474 22.9136476030
5539 22.9035441597
5553 22.8979177253
5703 22.8967819037
5731 22.8954518732
5735 22.8940354834
5782 22.8910113179
5828 22.8897705600
5868 22.8895850224
5874 22.8890731168
5902 22.8880969657
6008 22.8879746338
6058 22.8878028868
6067 22.8876112815
6093 22.8867061431
6097 22.8866530531
6110 22.8866085488
6113 22.8864407260
6123 22.8863002224
6148 22.8862297065
6163 22.8859748118
6196 22.8858602974
6204 22.8858013031
6208 22.8857022058
6222 22.8855621162
6226 22.8854771378
6272 22.8854670510
6286 22.8854558775
6297 22.8852453680
6373 22.8852338644
6381 22.8851909777
6388 22.8851190748
6399 22.8850788421
6431 22.8850631689
6439 22.8847210561
6479 22.8846785456
6503 22.8845850369
6519 22.8845558762
6526 22.8845409333
6544 22.8844260307
6611 22.8843510589
6690 22.8842440801
6717 22.8842407330
6739 22.8842395026
6767 22.8841970833
6821 22.8841628333
6848 22.8841511807
6881 22.8841462012
6903 22.8841090027
6976 22.8841019406
6994 22.8840899348
7012 22.8840881048
7052 22.8840879142
7056 22.8840878593
7068 22.8840855118
7108 22.8840832443
7114 22.8840781251
7140 22.8840700799
7146 22.8840641249
7173 22.8840615533
7177 22.8840581449
7178 22.8840561410
7202 22.8840548763
7231 22.8840529021
7264 22.8840520647
7306 22.8840501007
7349 22.8840475848
7361 22.8840466583
7384 22.8840449949
7392 22.8840438093
7452 22.8840423226
7480 22.8840420659
7485 22.8840410696
7566 22.8840402141
7590 22.8840400794
7689 22.8840398755
7692 22.8840398527
7695 22.8840394917
7708 22.8840394647
7723 22.8840391147
7749 22.8840390266
7756 22.8840389766
7762 22.8840388555
7769 22.8840388342
7807 22.8840387906
7829 22.8840386497
7856 22.8840386213
7865 22.8840385912
7871 22.8840385280
7874 22.8840384426
7903 22.8840384079
7922 22.8840383790
7980 22.8840383463
8009 22.8840383004
8019 22.8840382827
8083 22.8840382634
8089 22.8840382470
8108 22.8840382341
8109 22.8840382251
8119 22.8840382235
8137 22.8840382224
8159 22.8840382081
8166 22.8840381869
8236 22.8840381849
8281 22.8840381758
8352 22.8840381737
8369 22.8840381710
8440 22.8840381705
8448 22.8840381697
8459 22.8840381690
8461 22.8840381689
8485 22.8840381676
8487 22.8840381665
8534 22.8840381660
8545 22.8840381654
8546 22.8840381653
8559 22.8840381652
8574 22.8840381648
8606 22.8840381644
8618 22.8840381643
8645 22.8840381641
8656 22.8840381639
8660 22.8840381637
8671 22.8840381637
8684 22.8840381633
8692 22.8840381633
8708 22.8840381632
8712 22.8840381629
8730 22.8840381628
8761 22.8840381626
8781 22.8840381626
8793 22.8840381626
8800 22.8840381625
8804 22.8840381624
8805 22.8840381623
8828 22.8840381621
8971 22.8840381621
8992 22.8840381620
9040 22.8840381620
9048 22.8840381620
9062 22.8840381619
9082 22.8840381619
9110 22.8840381619
9135 22.8840381619
9230 22.8840381619
9237 22.8840381619
9253 22.8840381619
9259 22.8840381619
9265 22.8840381619
9281 22.8840381619
9289 22.8840381619
9303 22.8840381619
9317 22.8840381619
9343 22.8840381619
9344 22.8840381619
9369 22.8840381619
9370 22.8840381619
9379 22.8840381619
9380 22.8840381619
9395 22.8840381619
9403 22.8840381619
9417 22.8840381619
9430 22.8840381619
9503 22.8840381619
9511 22.8840381619
9516 22.8840381619
9592 22.8840381619
9601 22.8840381619
9603 22.8840381619
9627 22.8840381619
9654 22.8840381619
9732 22.8840381619
9820 22.8840381619
9837 22.8840381619
15074 20.1122523582
15146 19.9629379734
15246 19.5452513545
15333 19.2967969822
15334 18.5280003163
15341 18.0971044570
15359 15.6576105077
15476 15.2133956723
15488 15.1518844320
15521 15.0332054240
15573 14.8498493264
15574 14.7917043907
15630 14.5408623978
15637 14.4344566713
15643 14.2924809335
15661 14.0114986734
15767 13.9348131498
15799 13.9158003269
15815 13.6025779235
15833 13.5560951324
15842 13.4820567757
15860 13.4607552431
15883 13.4572613077
15932 13.3872254258
15954 13.3056221489
16000 13.2292657276
16025 13.1082749299
16063 13.0973670117
16166 13.0814197377
16189 13.0795254363
16219 13.0622387191
16240 13.0618740075
16243 13.0607658643
16256 13.0419290006
16290 13.0170551803
16309 13.0132512711
16335 13.0107964006
16344 12.9897185451
16515 12.9770803343
16522 12.9715375092
16572 12.9691254118
16685 12.9641578507
16735 12.9611670272
16795 12.9577558117
16807 12.9553624969
16831 12.9541323530
16889 12.9519206920
16890 12.9441424211
16948 12.9419887137
17090 12.9406458334
17129 12.9404340730
17141 12.9398557492
17152 12.9387256244
17179 12.9384657050
17206 12.9377296073
17244 12.9376789186
17248 12.9374324323
17288 12.9372259871
17318 12.9368718569
17353 12.9368055948
17354 12.9366235989
17408 12.9365763300
17419 12.9364691350
17430 12.9362176640
17464 12.9361552880
17465 12.9357933150
17494 12.9355284549
17509 12.9355039350
17572 12.9352388081
17624 12.9349871750
17719 12.9347940689
17742 12.9347444851
17881 12.9347380109
17894 12.9346511442
17908 12.9345655306
17984 12.9345547011
18169 12.9345453529
18181 12.9345426964
18239 12.9345264597
18246 12.9345230414
18284 12.9345147628
18331 12.9344929815
18393 12.9344855672
18432 12.9344828083
18486 12.9344811469
18505 12.9344786546
18552 12.9344745145
18619 12.9344711148
18729 12.9344711078
18740 12.9344676836
18843 12.9344673675
18861 12.9344669366
18866 12.9344660400
18937 12.9344657625
18952 12.9344650480
19000 12.9344650140
19008 12.9344649953
19044 12.9344647530
19050 12.9344645486
19080 12.9344643275
19089 12.9344641807
19110 12.9344641424
19148 12.9344638802
19165 12.9344636343
19190 12.9344635047
19238 12.9344634498
19243 12.9344633873
19307 12.9344631569
19375 12.9344631527
19388 12.9344631160
19412 12.9344630964
19426 12.9344629633
19489 12.9344629481
19578 12.9344629265
19596 12.9344628857
19663 12.9344628720
19677 12.9344628657
19688 12.9344628633
19698 12.9344628509
19732 12.9344628258
19743 12.9344627940
19761 12.9344627901
19801 12.9344627865
19832 12.9344627760
19847 12.9344627757
19851 12.9344627602
19911 12.9344627538
19934 12.9344627505
19961 12.9344627324
20063 12.9344627299
20076 12.9344627287
20082 12.9344627255
20099 12.9344627193
20132 12.9344627144
20214 12.9344627137
20324 12.9344627120
20329 12.9344627116
20358 12.9344627109
20362 12.9344627104
20366 12.9344627100
20371 12.9344627100
20372 12.9344627083
20427 12.9344627079
20460 12.9344627077
20537 12.9344627076
20550 12.9344627076
20555 12.9344627070
20583 12.9344627063
20613 12.9344627059
20687 12.9344627059
20700 12.9344627052
20790 12.9344627049
20847 12.9344627048
20882 12.9344627048
20895 12.9344627048
20904 12.9344627048
20911 12.9344627048
20919 12.9344627047
20935 12.9344627047
20970 12.9344627046
20983 12.9344627046
21018 12.9344627045
21096 12.9344627045
21112 12.9344627045
21116 12.9344627045
21117 12.9344627045
21122 12.9344627045
21179 12.9344627044
21331 12.9344627044
21341 12.9344627044
21350 12.9344627044
21378 12.9344627044
21392 12.9344627044
21394 12.9344627044
21402 12.9344627044
21405 12.9344627044
21575 12.9344627044
21639 12.9344627044
21644 12.9344627044
21675 12.9344627044
21703 12.9344627044
21731 12.9344627044
21737 12.9344627044
21837 12.9344627044
21869 12.9344627044
21893 12.9344627044
21902 12.9344627044
21945 12.9344627044
21969 12.9344627044
21975 12.9344627044
21998 12.9344627044
22163 12.9344627044
22174 12.9344627044
22405 12.9344627044
22492 12.9344627044
22658 12.9344627044
37724 11.3497093403
37845 9.3037597584
38094 8.6118372455
38119 7.9522623319
38190 6.8451909044
38331 6.4564395561
38403 6.4360687199
38464 6.3702349241
38498 5.3569816226
38734 4.6193559881
38955 4.5750637418
38987 4.3727872204
39264 4.3577672988
39437 4.3113972962
39466 4.2921979355
39517 4.2863918779
39587 4.2752099642
39636 4.2383878616
39653 4.1410322424
39881 4.1307249243
40040 4.1167709756
40091 4.1143348810
40094 4.1073769640
40097 4.1040211102
40109 4.0737385078
40161 4.0601579140
40171 4.0494432017
40248 4.0351669441
40277 4.0323685831
40317 4.0284585022
40343 4.0264634280
40458 4.0207829974
40507 4.0167964605
40549 4.0157838368
40637 4.0157510340
40708 4.0148015092
40709 4.0124749072
40717 4.0104257139
40745 4.0029154573
40841 4.0010438761
40865 3.9995989823
40917 3.9976547577
41098 3.9970514251
41105 3.9945378680
41113 3.9932808754
41160 3.9917705415
41210 3.9896363774
41225 3.9885317655
41318 3.9849043879
41558 3.9830002624
41763 3.9825041373
41851 3.9824763618
41859 3.9823345873
41906 3.9820561791
41910 3.9810313535
42045 3.9809613393
42147 3.9809126561
42215 3.9806186715
42286 3.9805773167
42323 3.9804713417
42380 3.9803367253
42401 3.9802964892
42457 3.9802843804
42472 3.9802788863
42495 3.9802535498
42517 3.9801821372
42541 3.9800157601
42833 3.9800150891
42843 3.9799860322
42872 3.9799600063
43054 3.9799427673
43076 3.9799346975
43102 3.9799278413
43138 3.9799212534
43202 3.9799051520
43226 3.9798916847
43240 3.9798841285
43384 3.9798718671
43510 3.9798671522
43558 3.9798626874
43777 3.9798551128
43832 3.9798531791
43968 3.9798523802
43982 3.9798513733
44009 3.9798502599
44043 3.9798470640
44180 3.9798469748
44181 3.9798448592
44183 3.9798410814
44333 3.9798409459
44389 3.9798408683
44503 3.9798407809
44527 3.9798396387
44535 3.9798390034
44560 3.9798389467
44678 3.9798388303
44697 3.9798385528
44701 3.9798383925
44747 3.9798376142
44851 3.9798375945
44887 3.9798375677
44973 3.9798374468
45046 3.9798372377
45145 3.9798371939
45211 3.9798370427
45254 3.9798370028
45281 3.9798369047
45305 3.9798368191
45311 3.9798366740
45375 3.9798364400
45746 3.9798364368
45790 3.9798364326
45821 3.9798364267
45860 3.9798364179
45980 3.9798363360
46078 3.9798363190
46150 3.9798362848
46303 3.9798362804
46408 3.9798362670
46483 3.9798362651
46497 3.9798362633
46523 3.9798362621
46541 3.9798362586
46581 3.9798362569
46597 3.9798362413
46825 3.9798362394
47105 3.9798362382
47128 3.9798362378
47130 3.9798362329
47395 3.9798362323
47551 3.9798362320
47631 3.9798362310
47681 3.9798362298
47816 3.9798362297
47975 3.9798362294
48106 3.9798362291
48311 3.9798362290
48383 3.9798362289
48443 3.9798362289
48459 3.9798362288
48477 3.9798362288
48568 3.9798362287
48579 3.9798362286
48592 3.9798362286
48785 3.9798362286
48817 3.9798362285
48857 3.9798362285
49027 3.9798362285
49173 3.9798362285
49253 3.9798362284
49297 3.9798362284
49342 3.9798362284
49490 3.9798362284
49509 3.9798362284
49532 3.9798362284
49661 3.9798362284
49735 3.9798362284
49749 3.9798362284
49858 3.9798362284
49920 3.9798362284
50054 3.9798362284
50107 3.9798362284
50108 3.9798362284
50186 3.9798362284
50249 3.9798362284
50304 3.9798362284
50423 3.9798362284
50424 3.9798362284
50640 3.9798362284
50716 3.9798362284
50896 3.9798362284
50920 3.9798362284
50930 3.9798362284
51066 3.9798362284
51134 3.9798362284
51308 3.9798362284
51468 3.9798362284
51589 3.9798362284
51994 3.9798362284
163243 3.8570669626
163475 3.8515395874
163607 3.7804285409
163905 3.5391950556
164278 3.3619504351
164618 3.1095482081
164779 3.1064014876
165013 3.0090753623
165116 2.6834787690
166571 2.6620759938
166619 2.5820488019
167152 2.5770452789
167408 2.4005805861
168057 2.3785700442
168064 2.3532766394
168251 2.2912356657
168961 2.2463891707
169214 2.2321790030
169453 2.1759686256
170111 2.1198522152
170873 2.1070401901
170901 2.0996543329
170949 2.0669217624
172516 2.0540419947
173619 2.0495912085
173664 2.0460779167
173997 2.0370096781
174666 2.0366490470
174770 2.0313270646
174929 2.0183053530
176454 2.0145956482
176663 2.0084845468
177123 2.0055344284
177722 2.0045327568
178116 2.0021953954
178362 2.0010948639
178710 2.0000778957
178838 1.9993060155
179210 1.9985204752
179250 1.9945081294
181009 1.9941934073
181186 1.9941372512
181321 1.9939590046
181403 1.9937562676
181419 1.9930278680
181474 1.9926215593
181745 1.9918835364
182886 1.9918467674
183388 1.9914399834
183846 1.9912534783
184030 1.9911164025
184090 1.9910974217
184113 1.9910404948
184285 1.9908916959
184603 1.9908125729
184804 1.9907525874
185508 1.9907362155
185544 1.9905518195
185728 1.9905292052
185871 1.9904138744
186888 1.9903798966
186963 1.9903348355
186991 1.9903190552
187061 1.9902982937
187184 1.9902909577
187235 1.9902884601
187253 1.9902648357
187299 1.9902160456
187615 1.9901962410
187798 1.9901034415
188720 1.9900798253
188844 1.9900743922
188938 1.9900704747
189051 1.9900194003
190209 1.9900169753
190336 1.9900063035
190384 1.9899942013
190479 1.9899650060
191610 1.9899630720
191884 1.9899549493
192778 1.9899505571
192848 1.9899445050
192878 1.9899431472
193662 1.9899398435
193687 1.9899369760
194270 1.9899357520
194335 1.9899331015
194686 1.9899315931
194897 1.9899290946
195276 1.9899283257
195438 1.9899250052
195820 1.9899232553
196639 1.9899230464
197119 1.9899225930
197614 1.9899218310
198106 1.9899209424
198423 1.9899202116
198703 1.9899199983
199563 1.9899199329
199817 1.9899193492
199827 1.9899193401
199951 1.9899191017
200052 1.9899223056
evaluations raw_y
1 2052.3986488842
2 1802.5009818415
3 1241.3517522503
14 967.1224503397
18 896.0056698386
27 645.0041538729
54 622.3526226061
78 547.8283746339
81 513.2712106429
83 502.5138922844
96 406.5369886375
130 396.6563408252
139 381.1988802126
170 340.6259284444
218 295.6134558584
257 289.3196211686
269 284.5153139332
270 268.1402181819
292 189.0617124524
518 176.8290417266
690 174.0417561959
1176 162.6643655108
1248 159.8468428316
1338 157.1931276031
1406 153.6378606966
1674 147.4084152583
1704 146.9873706541
1733 134.2340484568
1794 114.8234048160
1863 107.3841136866
1915 104.9321427301
1916 99.9584242609
1917 97.8924377254
1960 87.7980572987
2017 87.0201501200
2038 83.2186624953
2058 80.9276608420
2114 79.1884348033
2117 71.6501500641
2128 70.4941326877
2141 69.5732316346
2147 66.5664803794
2165 66.3585659620
2187 59.3064474285
2320 57.8169122041
2365 57.5826509112
2393 57.3355467786
2402 55.8633749434
2437 55.7764540307
2446 55.1637954390
2477 54.8232601555
2485 54.7944695513
2558 54.7504460149
2569 54.1059344623
2572 54.0395892522
2582 53.8151207403
2654 53.7454951573
2686 53.6496259956
2704 53.6093294719
2724 53.5373772565
2740 53.5242702470
2756 53.4579970921
2771 53.4265515572
2772 53.3812901621
2781 53.3155221835
2827 53.1938679244
2856 53.1757856998
2869 53.1721757688
2877 53.1409623704
2885 53.1103936443
2890 53.0409464034
2906 53.0382377237
2921 52.9875650268
2935 52.9698262158
2939 52.9647038026
2966 52.9604146787
3025 52.9588502924
3051 52.9393685451
3066 52.8711415252
3134 52.8709732881
3138 52.8414389696
3174 52.8348404343
3232 52.8348347010
3237 52.8270557926
3247 52.8157353086
3260 52.8010875939
3287 52.7983923843
3314 52.7922152913
3355 52.7809869676
3391 52.7791319472
3393 52.7759057278
3397 52.7734193490
3407 52.7690246673
3441 52.7674253327
3454 52.7657919938
3458 52.7635151106
3464 52.7599792807
3494 52.7592509907
3511 52.7555691897
3537 52.7535650888
3550 52.7528459259
3551 52.7511840393
3565 52.7477522649
3576 52.7477451863
3587 52.7437825477
3595 52.7431592059
3674 52.7411431947
3685 52.7392014244
3777 52.7384407229
3835 52.7381701054
3837 52.7379932409
3842 52.7375480165
3870 52.7374639801
3879 52.7372546495
3886 52.7369849367
3890 52.7366102311
3901 52.7366026741
3923 52.7359957150
3936 52.7355514946
3937 52.7352725493
3959 52.7345646758
4030 52.7342387732
4106 52.7341875663
4113 52.7340618667
4123 52.7340610064
4125 52.7340486212
4145 52.7339743310
4161 52.7339187371
4198 52.7339147650
4211 52.7339133648
4249 52.7338420462
4262 52.7337079343
4265 52.7336608148
4276 52.7335827859
4299 52.7335379847
4310 52.7334719886
4314 52.7334396507
4329 52.7334110659
4332 52.7333614655
4335 52.7333524012
4340 52.7333493055
4349 52.7331722680
4384 52.7331292277
4393 52.7331113545
4407 52.7330848716
4416 52.7329921306
4460 52.7329808029
4474 52.7329669127
4475 52.7329498126
4479 52.7329359765
4481 52.7329196438
4507 52.7328960191
4526 52.7328879724
4530 52.7328765339
4537 52.7328709319
4551 52.7328525101
4558 52.7328284586
4581 52.7328165350
4593 52.7327997219
4608 52.7327606513
4641 52.7327496490
4683 52.7327465427
4691 52.7327408606
4694 52.7327263638
4705 52.7327210812
4717 52.7327156305
4732 52.7327128395
4737 52.7327113303
4751 52.7327041205
4766 52.7326963221
4794 52.7326889124
4823 52.7326832360
4846 52.7326814642
4875 52.7326789419
4884 52.7326758311
4890 52.7326731710
4898 52.7326712365
4951 52.7326686617
4959 52.7326683607
4979 52.7326679900
4980 52.7326664417
4991 52.7326657154
5038 52.7326650978
5050 52.7326649026
5082 52.7326633689
5127 52.7326631228
5129 52.7326626386
5149 52.7326623222
5159 52.7326609447
5186 52.7326607865
5214 52.7326596082
5314 52.7326593026
5351 52.7326589557
5406 52.7326588608
5450 52.7326585386
5503 52.7326584814
5525 52.7326584583
5530 52.7326584488
5570 52.7326584312
5575 52.7326584051
5618 52.7326583828
5658 52.7326583827
5659 52.7326583686
5709 52.7326583472
5717 52.7326583426
5720 52.7326583331
5764 52.7326583265
5773 52.7326583174
5786 52.7326583090
5827 52.7326583064
5849 52.7326583021
5857 52.7326583005
5880 52.7326582966
5906 52.7326582953
5953 52.7326582947
5959 52.7326582942
5997 52.7326582935
6007 52.7326582918
6035 52.7326582904
6037 52.7326582902
6041 52.7326582885
6101 52.7326582881
6110 52.7326582880
6140 52.7326582879
6141 52.7326582874
6182 52.7326582869
6183 52.7326582863
6214 52.7326582857
6230 52.7326582857
6240 52.7326582857
6241 52.7326582857
6244 52.7326582855
6263 52.7326582854
6274 52.7326582853
6275 52.7326582852
6282 52.7326582852
6293 52.7326582852
6296 52.7326582851
6366 52.7326582850
6434 52.7326582850
6450 52.7326582849
6469 52.7326582849
6485 52.7326582848
6495 52.7326582848
6513 52.7326582848
6518 52.7326582848
6535 52.7326582848
6551 52.7326582847
6559 52.7326582847
6567 52.7326582846
6701 52.7326582846
6713 52.7326582846
6741 52.7326582846
6798 52.7326582846
6855 52.7326582846
6866 52.7326582846
6881 52.7326582846
6909 52.7326582846
6914 52.7326582846
6928 52.7326582846
6938 52.7326582846
6968 52.7326582846
7027 52.7326582846
7046 52.7326582846
7081 52.7326582846
7082 52.7326582846
7085 52.7326582846
7111 52.7326582846
7112 52.7326582846
7120 52.7326582846
7130 52.7326582846
7141 52.7326582846
7162 52.7326582846
7169 52.7326582846
7255 52.7326582846
7273 52.7326582846
7282 52.7326582846
7291 52.7326582846
7301 52.7326582846
7313 52.7326582846
7324 52.7326582846
7345 52.7326582846
7352 52.7326582846
7365 52.7326582846
7367 52.7326582846
7392 52.7326582846
7421 52.7326582846
7425 52.7326582846
7459 52.7326582846
7626 52.7326582846
7698 52.7326582846
7725 52.7326582846
7849 52.7326582846
8580 52.7326582846
9230 52.7326582846
13834 52.7326582846
43064 52.7326582846
58145 37.6455157256
58233 30.0825852921
58421 27.9499084948
58426 24.0951317426
58572 22.6322162722
58608 21.8406757146
58624 20.7510347593
58635 20.4496223622
58655 19.9391880095
58668 19.0362481685
58689 18.2775510840
58696 17.8606085494
58755 17.4094939034
58818 17.3677796906
58830 17.3231176041
58841 17.2974709148
58849 16.3784010669
58870 15.0411453306
59006 14.4021068646
59041 14.1169352149
59100 13.8703373364
59136 13.7617232880
59168 13.6529209331
59255 13.4431188376
59274 13.3353792391
59320 13.2928875850
59395 13.1962948858
59478 13.0718648099
59767 13.0503404668
59787 13.0287986156
59890 13.0217710514
59898 13.0104112261
59928 13.0055651639
60003 12.9967311722
60064 12.9811931211
60089 12.9721273212
60132 12.9652975635
60168 12.9652712355
60205 12.9622415974
60213 12.9616141105
60234 12.9581449337
60246 12.9476363229
60357 12.9475116439
60386 12.9467804093
60400 12.9465852215
60408 12.9427060814
60528 12.9401841977
60601 12.9396574483
60615 12.9384589109
60651 12.9380823604
60729 12.9370045180
60802 12.9365560062
60845 12.9359259831
60894 12.9357507552
60920 12.9354883138
60977 12.9352306852
61106 12.9352299088
61150 12.9352192273
61152 12.9351764964
61155 12.9351658815
61159 12.9350804125
61165 12.9350567423
61191 12.9349349063
61264 12.9349286306
61272 12.9348897062
61278 12.9348733088
61284 12.9348564755
61293 12.9348225147
61298 12.9347774887
61334 12.9347360755
61398 12.9346929868
61407 12.9346693082
61421 12.9346469145
61433 12.9346026364
61444 12.9345820895
61462 12.9345425243
61567 12.9345210811
61635 12.9345199697
61646 12.9345077697
61710 12.9345020158
61745 12.9344966633
61821 12.9344949275
61830 12.9344947625
61849 12.9344818343
61882 12.9344778696
61951 12.9344761997
62000 12.9344722968
62096 12.9344700850
62159 12.9344696245
62168 12.9344692293
62199 12.9344691378
62210 12.9344670627
62325 12.9344668280
62332 12.9344664930
62354 12.9344658474
62388 12.9344655087
62396 12.9344654210
62402 12.9344652060
62429 12.9344648230
62444 12.9344647921
62473 12.9344639881
62631 12.9344637882
62638 12.9344636453
62689 12.9344634787
62719 12.9344633551
62772 12.9344633521
62786 12.9344633317
62788 12.9344633061
62789 12.9344632522
62834 12.9344632008
62839 12.9344631108
62846 12.9344630724
62865 12.9344629746
62888 12.9344629362
62967 12.9344628887
63012 12.9344628568
63041 12.9344628471
63054 12.9344628287
63101 12.9344628027
63107 12.9344627804
63172 12.9344627484
63293 12.9344627373
63374 12.9344627308
63376 12.9344627259
63454 12.9344627190
63484 12.9344627138
63735 12.9344627122
63737 12.9344627097
63841 12.9344627097
63849 12.9344627093
63851 12.9344627092
63871 12.9344627091
63884 12.9344627087
63901 12.9344627078
63922 12.9344627076
63949 12.9344627072
63998 12.9344627059
64111 12.9344627055
64217 12.9344627055
64220 12.9344627054
64259 12.9344627054
64265 12.9344627053
64299 12.9344627053
64311 12.9344627051
64321 12.9344627049
64365 12.9344627047
64419 12.9344627046
64579 12.9344627046
64585 12.9344627046
64593 12.9344627046
64643 12.9344627046
64688 12.9344627045
64724 12.9344627045
64727 12.9344627045
64747 12.9344627044
64783 12.9344627044
64949 12.9344627044
64958 12.9344627044
64970 12.9344627044
64981 12.9344627044
65057 12.9344627044
65262 12.9344627044
65337 12.9344627044
65358 12.9344627044
65383 12.9344627044
65396 12.9344627044
65434 12.9344627044
65647 12.9344627044
65672 12.9344627044
65677 12.9344627044
65724 12.9344627044
65810 12.9344627044
65825 12.9344627044
65833 12.9344627044
65902 12.9344627044
65925 12.9344627044
65978 12.9344627044
65980 12.9344627044
65992 12.9344627044
66040 12.9344627044
66099 12.9344627044
66184 12.9344627044
66194 12.9344627044
66195 12.9344627044
66328 12.9344627044
66392 12.9344627044
66882 12.9344627044
66911 12.9344627044
67070 12.9344627044
67400 12.9344627044
67411 12.9344627044
67689 12.9344627044
68642 12.9344627044
69916 12.9344627044
77912 12.9344627044
82493 12.9344627044
95552 12.9344627044
121688 12.4454454398
121717 11.9415727303
121786 11.3484157674
121863 10.4815822046
121946 10.3996609365
122049 9.9733138685
122053 8.5694807061
122094 8.4918772110
122190 8.4026460377
122242 8.2686143615
122260 7.7715938416
122321 7.2756256842
122378 7.1107262451
122489 6.9964845174
122553 6.7059603579
122725 6.6870036286
122789 6.5176326068
122875 6.5004581288
122968 6.4690154665
122979 6.3237126536
123116 6.3050853234
123145 6.2689384937
123194 6.2266543962
123206 6.1561637760
123259 6.1236630772
123586 6.1232597558
123642 6.0834851018
123681 6.0693782852
123722 6.0535146741
123767 6.0450223783
123887 6.0310238930
123944 6.0280632400
123982 6.0166240729
124179 6.0111678199
124254 6.0103682591
124256 6.0069783000
124267 6.0065829831
124270 6.0051351072
124307 6.0034449195
124370 6.0008313055
124400 5.9960255823
124420 5.9955109609
124548 5.9852454854
124930 5.9830452758
124971 5.9818880361
125013 5.9817678361
125025 5.9800763481
125037 5.9792413494
125073 5.9785265719
125124 5.9780878585
125162 5.9773247501
125181 5.9754002206
125305 5.9750796131
125392 5.9750754478
125411 5.9747963333
125475 5.9743525990
125595 5.9735855899
125708 5.9726841391
125738 5.9718816269
125945 5.9718284314
125963 5.9716182554
126188 5.9716022038
126207 5.9715407340
126220 5.9712323012
126260 5.9712053241
126273 5.9711768935
126296 5.9711343241
126300 5.9710714889
126311 5.9710330785
126357 5.9710279076
126382 5.9709007532
126392 5.9708569895
126402 5.9706770621
126436 5.9706630406
126440 5.9706500933
126459 5.9706077907
126465 5.9705393039
126507 5.9704902128
126582 5.9703800027
126630 5.9703142479
126650 5.9701707685
126700 5.9701634991
126787 5.9701097297
126792 5.9700585000
126990 5.9699796074
127062 5.9699317153
127138 5.9698943736
127179 5.9698871235
127235 5.9698762121
127271 5.9698718502
127304 5.9698597359
127336 5.9698363315
127442 5.9698319254
127479 5.9698277976
127480 5.9698206416
127501 5.9698009509
127645 5.9697938548
127874 5.9697886415
127920 5.9697830354
127949 5.9697820471
127962 5.9697753442
128033 5.9697720938
128106 5.9697674106
128228 5.9697637110
128404 5.9697623839
128496 5.9697606809
128616 5.9697590582
128733 5.9697584419
128735 5.9697584403
128955 5.9697571408
129152 5.9697569679
129176 5.9697564948
129288 5.9697564764
129312 5.9697561210
129337 5.9697561186
129348 5.9697553793
129492 5.9697553596
129574 5.9697551173
129588 5.9697549674
129738 5.9697548668
129757 5.9697548609
129760 5.9697546231
129979 5.9697546222
130003 5.9697546045
130047 5.9697545830
130156 5.9697545641
130180 5.9697545204
130291 5.9697544972
130296 5.9697544849
130303 5.9697544612
130310 5.9697544533
130368 5.9697544304
130448 5.9697544288
130459 5.9697544243
130501 5.9697544207
130540 5.9697544096
130570 5.9697544091
130587 5.9697544090
130596 5.9697544030
130598 5.9697543970
130674 5.9697543949
130685 5.9697543773
130756 5.9697543656
130769 5.9697543643
130779 5.9697543625
130919 5.9697543620
130938 5.9697543589
130972 5.9697543571
131022 5.9697543558
131092 5.9697543541
131124 5.9697543540
131165 5.9697543502
131264 5.9697543497
131279 5.9697543465
131454 5.9697543455
131574 5.9697543454
131641 5.9697543448
131785 5.9697543444
131807 5.9697543441
131918 5.9697543441
131944 5.9697543439
131997 5.9697543436
132000 5.9697543436
132001 5.9697543434
132044 5.9697543431
132079 5.9697543431
132133 5.9697543430
132220 5.9697543430
132235 5.9697543429
132335 5.9697543429
132358 5.9697543428
132365 5.9697543428
132422 5.9697543428
132489 5.9697543428
132494 5.9697543427
132559 5.9697543427
132699 5.9697543427
132759 5.9697543427
132774 5.9697543427
132807 5.9697543427
132847 5.9697543427
132853 5.9697543427
132914 5.9697543426
132943 5.9697543426
133048 5.9697543426
133120 5.9697543426
133153 5.9697543426
133279 5.9697543426
133382 5.9697543426
133401 5.9697543426
133444 5.9697543426
133452 5.9697543426
133481 5.9697543426
133522 5.9697543426
133677 5.9697543426
133691 5.9697543426
133778 5.9697543426
133886 5.9697543426
133953 5.9697543426
134053 5.9697543426
134068 5.9697543426
134117 5.9697543426
134142 5.9697543426
134284 5.9697543426
134366 5.9697543426
134467 5.9697543426
134477 5.9697543426
134533 5.9697543426
134543 5.9697543426
134578 5.9697543426
134605 5.9697543426
134648 5.9697543426
134772 5.9697543426
134792 5.9697543426
134857 5.9697543426
134982 5.9697543426
135109 5.9697543426
135127 5.9697543426
135145 5.9697543426
135308 5.9697543426
135415 5.9697543426
135467 5.9697543426
135624 5.9697543426
135725 5.9697543426
135898 5.9697543426
136011 5.9697543426
136206 5.9697543426
136330 5.9697543426
136941 5.9697543426
137044 5.9697543426
144569 5.9697543426
153860 5.9697543426
200040 5.9697543426
evaluations raw_y
1 8370.4107500190
2 5167.5919038523
3 4132.4357669278
4 3631.7861436242
16 3314.2879906066
21 2031.2162249791
38 1754.0292821376
45 1658.6778104237
46 1554.2899041218
51 1363.9284077645
61 969.4908445999
75 957.1975730542
83 818.8142919201
86 584.0377100961
114 526.0263796827
142 510.6970079606
192 434.8188530669
220 431.6096812861
271 376.0835417366
284 354.8176381461
294 326.1123108819
361 308.6614210434
372 269.8754936270
462 247.4502396189
463 232.4113512420
501 201.2396857862
645 190.1185428984
710 189.7323047854
828 188.5667161510
864 175.9347375673
1206 142.8119857132
1860 142.3159084847
2558 115.9979746513
3204 113.2993570538
3340 88.6419931093
3505 75.2740713537
3523 70.0664955102
3538 63.8374039615
3599 62.2514793686
3601 59.4956182516
3625 42.3905905016
3727 40.4362557146
3733 39.6650103215
3758 38.6497918138
3759 35.8891719422
3761 35.7056250394
3790 34.1702577620
3821 33.9133240160
3828 33.1491587529
3841 32.1772538522
3877 30.9184788154
3890 30.8160019970
3902 30.7854340969
3916 29.4856104019
3925 29.1321935506
3929 28.2305375049
3955 28.1655186870
3964 27.5432904382
3997 27.4990212056
4025 27.4930077673
4030 27.3127743596
4121 27.2891050773
4126 27.2110937329
4136 27.0871892503
4142 26.9632038842
4154 26.6897326581
4169 26.6214969000
4187 26.3133357148
4342 26.2929051717
4359 26.2243287417
4400 26.1734312178
4420 26.1006559919
4444 26.0920971194
4460 26.0909710890
4464 26.0890461855
4470 26.0221174210
4491 26.0176038464
4505 26.0004374989
4550 25.9852294731
4589 25.9847993737
4591 25.9654927534
4602 25.9395091001
4614 25.9358602109
4644 25.9310722540
4658 25.9278102702
4667 25.9223328265
4689 25.9210367247
4698 25.9167226958
4712 25.9143795002
4745 25.9092236692
4789 25.9076806659
4811 25.9038733816
4832 25.9017497111
4835 25.8993480080
4847 25.8989636562
4850 25.8989019820
4864 25.8979454239
4887 25.8956949268
4898 25.8956766066
4900 25.8919659429
4908 25.8909949899
4918 25.8889222223
4940 25.8873751452
4957 25.8869607256
4970 25.8822346068
4997 25.8808767778
5048 25.8800738093
5079 25.8798064625
5120 25.8776519957
5148 25.8773910261
5156 25.8763532379
5162 25.8754946797
5183 25.8749395357
5189 25.8748257552
5221 25.8740912063
5240 25.8731885882
5265 25.8724399575
5274 25.8720177875
5334 25.8717942106
5337 25.8712704260
5366 25.8712289654
5368 25.8706521211
5449 25.8705274334
5456 25.8702038096
5524 25.8701481449
5533 25.8700867044
5546 25.8698898070
5552 25.8696931759
5575 25.8695830642
5576 25.8695511499
5602 25.8694483362
5624 25.8694164961
5631 25.8692971399
5643 25.8692007894
5670 25.8691825126
5690 25.8691573847
5692 25.8690961024
5776 25.8690689852
5805 25.8690615467
5838 25.8690523556
5875 25.8690269127
5896 25.8690110474
5907 25.8690080375
5920 25.8690002542
5926 25.8689830436
5932 25.8689797488
5944 25.8689591424
6047 25.8689540415
6055 25.8689538332
6110 25.8689514155
6124 25.8689487021
6125 25.8689469526
6154 25.8689421903
6165 25.8689360057
6194 25.8689346957
6212 25.8689330444
6221 25.8689306360
6229 25.8689299173
6233 25.8689297642
6235 25.8689273212
6244 25.8689258712
6261 25.8689221457
6316 25.8689217987
6329 25.8689213279
6336 25.8689204511
6357 25.8689196539
6385 25.8689172029
6474 25.8689159531
6582 25.8689157502
6645 25.8689157360
6706 25.8689157021
6717 25.8689156281
6733 25.8689155998
6758 25.8689155935
6785 25.8689155431
6799 25.8689154966
6808 25.8689154828
6810 25.8689154574
6822 25.8689154550
6829 25.8689154504
6841 25.8689154410
6848 25.8689154222
6858 25.8689154086
6883 25.8689154077
6899 25.8689154075
6912 25.8689154055
6923 25.8689154043
6931 25.8689154002
6948 25.8689153940
6950 25.8689153922
6954 25.8689153910
6958 25.8689153568
7014 25.8689153560
7032 25.8689153524
7096 25.8689153490
7142 25.8689153455
7146 25.8689153452
7181 25.8689153435
7199 25.8689153424
7217 25.8689153404
7237 25.8689153387
7264 25.8689153378
7278 25.8689153367
7284 25.8689153366
7374 25.8689153358
7376 25.8689153358
7382 25.8689153354
7414 25.8689153353
7448 25.8689153352
7462 25.8689153349
7474 25.8689153349
7476 25.8689153347
7502 25.8689153342
7507 25.8689153341
7541 25.8689153340
7564 25.8689153338
7588 25.8689153338
7603 25.8689153337
7610 25.8689153336
7616 25.8689153336
7625 25.8689153336
7663 25.8689153335
7695 25.8689153334
7712 25.8689153334
7727 25.8689153333
7782 25.8689153333
7803 25.8689153333
7820 25.8689153333
7840 25.8689153333
7850 25.8689153333
7858 25.8689153332
7862 25.8689153332
7883 25.8689153332
7886 25.8689153332
7889 25.8689153332
7911 25.8689153332
7919 25.8689153332
7923 25.8689153332
7925 25.8689153332
7936 25.8689153332
7942 25.8689153332
7973 25.8689153332
7996 25.8689153332
8007 25.8689153332
8073 25.8689153332
8084 25.8689153332
8109 25.8689153332
8111 25.8689153332
8124 25.8689153332
8134 25.8689153332
8161 25.8689153332
8169 25.8689153332
8176 25.8689153332
8180 25.8689153332
8185 25.8689153332
8199 25.8689153332
8232 25.8689153332
8274 25.8689153332
8298 25.8689153332
8360 25.8689153332
8386 25.8689153332
8391 25.8689153332
8401 25.8689153332
8425 25.8689153332
8430 25.8689153332
8435 25.8689153332
8453 25.8689153332
8481 25.8689153332
8485 25.8689153331
8561 25.8689153331
8571 25.8689153331
8593 25.8689153331
8602 25.8689153331
8608 25.8689153331
8642 25.8689153331
8714 25.8689153331
8734 25.8689153331
8772 25.8689153331
9150 25.8689153331
9290 25.8689153331
12825 25.5906614297
12846 23.6247146591
12872 23.3990301618
12873 23.1084102264
12882 21.8865361185
12922 20.0931509887
13179 19.3619511819
13213 18.5940510323
13331 18.2652726187
13369 17.6393914967
13385 17.3387939724
13404 16.8830136415
13540 16.8281977483
13541 16.8084571701
13543 16.5403760363
13587 16.4906501554
13599 16.4279364159
13658 16.3919518742
13733 16.3875599325
13762 16.3572474574
13808 16.2685967358
13879 16.1817094328
13903 16.0738422297
13997 16.0334902954
14050 16.0225526519
14087 16.0113846028
14127 15.9853118218
14205 15.9837167304
14246 15.9835876427
14250 15.9513366543
14387 15.9507830028
14401 15.9473251534
14405 15.9445691999
14482 15.9408346382
14491 15.9331866306
14506 15.9309903292
14657 15.9277546873
14722 15.9266142839
14727 15.9260764801
14758 15.9244892957
14785 15.9244344201
14822 15.9224297992
14842 15.9217797465
14931 15.9214964525
14994 15.9214000927
15012 15.9208233427
15031 15.9205642439
15068 15.9204458710
15106 15.9201295607
15162 15.9200419277
15190 15.9200075488
15197 15.9199820729
15199 15.9198396796
15218 15.9198334780
15226 15.9197771538
15265 15.9197579056
15270 15.9196337078
15397 15.9196272133
15398 15.9194836462
15546 15.9194707614
15554 15.9194553399
15601 15.9194414869
15660 15.9194014169
15802 15.9194012523
15818 15.9194003824
15840 15.9193866972
15849 15.9193849009
15865 15.9193660661
16037 15.9193644722
16060 15.9193640014
16079 15.9193593364
16084 15.9193556797
16162 15.9193534761
16198 15.9193523114
16206 15.9193509812
16215 15.9193496869
16218 15.9193471973
16377 15.9193457114
16393 15.9193441281
16469 15.9193440348
16497 15.9193430829
16508 15.9193430579
16523 15.9193429506
16531 15.9193419028
16617 15.9193418884
16680 15.9193415008
16691 15.9193412132
16703 15.9193409478
16712 15.9193408624
16715 15.9193408313
16789 15.9193408134
16830 15.9193405720
16876 15.9193403168
17042 15.9193402731
17047 15.9193402398
17086 15.9193401327
17097 15.9193401204
17116 15.9193400779
17187 15.9193400632
17225 15.9193400438
17233 15.9193400339
17242 15.9193400245
17274 15.9193399942
17281 15.9193399424
17386 15.9193399337
17418 15.9193399294
17450 15.9193399135
17505 15.9193399059
17580 15.9193399013
17585 15.9193398989
17629 15.9193398981
17651 15.9193398962
17668 15.9193398908
17764 15.9193398890
17788 15.9193398881
17798 15.9193398871
17799 15.9193398849
17831 15.9193398829
17883 15.9193398820
17926 15.9193398803
17943 15.9193398803
17950 15.9193398802
17985 15.9193398802
18005 15.9193398802
18010 15.9193398794
18038 15.9193398793
18052 15.9193398787
18070 15.9193398784
18086 15.9193398779
18103 15.9193398777
18117 15.9193398777
18122 15.9193398773
18202 15.9193398769
18275 15.9193398769
18282 15.9193398769
18321 15.9193398767
18330 15.9193398765
18340 15.9193398765
18362 15.9193398763
18390 15.9193398763
18420 15.9193398760
18536 15.9193398760
18553 15.9193398760
18560 15.9193398759
18583 15.9193398759
18614 15.9193398758
18680 15.9193398758
18742 15.9193398758
18791 15.9193398758
18794 15.9193398758
18819 15.9193398758
18820 15.9193398758
18858 15.9193398758
18860 15.9193398758
18865 15.9193398758
18867 15.9193398758
18877 15.9193398757
18884 15.9193398757
18913 15.9193398757
18950 15.9193398757
18964 15.9193398757
18997 15.9193398757
19008 15.9193398757
19025 15.9193398757
19034 15.9193398757
19049 15.9193398757
19054 15.9193398757
19069 15.9193398757
19081 15.9193398757
19159 15.9193398757
19164 15.9193398757
19175 15.9193398757
19180 15.9193398757
19232 15.9193398757
19236 15.9193398757
19266 15.9193398757
19304 15.9193398757
19324 15.9193398757
19339 15.9193398757
19359 15.9193398757
19409 15.9193398757
19447 15.9193398757
19449 15.9193398757
19450 15.9193398757
19494 15.9193398757
19528 15.9193398757
19540 15.9193398757
19607 15.9193398757
19636 15.9193398757
19678 15.9193398757
19712 15.9193398757
19735 15.9193398757
19744 15.9193398757
19826 15.9193398757
19839 15.9193398757
19854 15.9193398757
19875 15.9193398757
19930 15.9193398757
20042 15.9193398757
20155 15.9193398757
20255 15.9193398757
20289 15.9193398757
20383 15.9193398757
21510 15.9193398757
28666 15.9193398757
150876 11.5244911038
150885 11.3964076665
151177 9.1999865203
151531 8.3089032440
151532 7.7353127422
151813 7.5670859585
151855 7.4736774187
151870 6.6491099571
151929 5.7137680928
152026 4.9863201956
152293 4.9795609658
152369 4.4914596150
152378 4.2432850652
152684 4.1151649709
152799 4.1087283439
152850 4.0099636369
152935 3.8287117267
153096 3.5450624963
153161 3.5276367584
153384 3.4024875644
153644 3.3057737097
153929 3.2530857316
153949 3.2146611902
154011 3.1960040550
154329 3.1461244473
154463 3.1338039962
154583 3.1216767735
154834 3.1204375333
154839 3.1142247274
154957 3.1022381094
154999 3.0718430820
155124 3.0661654991
155267 3.0626780704
155306 3.0617946350
155374 3.0612129977
155387 3.0604541775
155467 3.0499369539
155484 3.0407694769
155508 3.0343081325
155585 3.0297647584
155689 3.0146399654
155973 3.0112887854
156230 3.0062630059
156240 3.0012856968
156641 2.9977507997
157085 2.9955035212
157320 2.9948793008
157498 2.9948206337
157508 2.9947236184
157549 2.9927055696
157637 2.9921590907
157769 2.9914923692
157790 2.9903512145
157874 2.9900008045
157961 2.9893251923
158168 2.9892328596
158226 2.9884943588
158333 2.9879021684
158508 2.9867898211
158908 2.9867508248
158911 2.9857511140
159782 2.9856874553
159859 2.9856671126
159889 2.9856012378
160026 2.9854915757
160070 2.9854688226
160076 2.9854319849
160087 2.9852931485
160729 2.9852895945
160806 2.9852727456
161129 2.9852559632
161259 2.9852103518
161502 2.9851977932
161794 2.9851977820
161810 2.9851698184
162081 2.9851572777
162106 2.9850976197
162645 2.9850272994
162762 2.9850084969
163195 2.9849821091
163345 2.9849674687
163835 2.9849612518
163994 2.9849365462
164179 2.9849283228
164375 2.9849064349
164599 2.9849036171
164865 2.9848995075
165186 2.9848978714
165338 2.9848972476
165377 2.9848941916
165537 2.9848859112
165766 2.9848856371
165889 2.9848854579
165916 2.9848847714
166033 2.9848809250
166943 2.9848803159
167073 2.9848802987
167123 2.9848798442
167151 2.9848796045
167263 2.9848794466
167298 2.9848792349
167403 2.9848789449
167462 2.9848786747
167546 2.9848785788
167614 2.9848784847
167657 2.9848784591
167799 2.9848782095
167841 2.9848781676
167872 2.9848781313
167891 2.9848780868
167917 2.9848779547
168051 2.9848778287
168115 2.9848777020
168462 2.9848776683
168540 2.9848774870
168796 2.9848774065
169000 2.9848773944
169105 2.9848773861
169140 2.9848773192
169383 2.9848773055
169561 2.9848772710
169948 2.9848772633
170024 2.9848772577
170075 2.9848772559
170096 2.9848772422
170109 2.9848772420
170161 2.9848772326
170257 2.9848772147
170367 2.9848772014
170430 2.9848771971
170650 2.9848771858
171052 2.9848771825
171184 2.9848771793
171692 2.9848771771
171706 2.9848771768
171955 2.9848771766
172086 2.9848771766
172225 2.9848771754
172356 2.9848771752
172357 2.9848771746
172575 2.9848771735
172785 2.9848771732
172906 2.9848771732
172989 2.9848771731
173011 2.9848771725
173117 2.9848771725
173128 2.9848771724
173396 2.9848771723
173443 2.9848771718
173672 2.9848771718
173723 2.9848771717
173745 2.9848771717
174007 2.9848771716
174200 2.9848771716
174292 2.9848771716
174397 2.9848771715
174575 2.9848771715
174579 2.9848771715
174582 2.9848771714
174811 2.9848771714
174848 2.9848771714
174968 2.9848771714
175167 2.9848771714
175404 2.9848771714
175408 2.9848771713
175490 2.9848771713
175634 2.9848771713
175718 2.9848771713
175798 2.9848771713
176020 2.9848771713
176038 2.9848771713
176331 2.9848771713
176658 2.9848771713
176667 2.9848771713
176874 2.9848771713
177000 2.9848771713
177150 2.9848771713
177267 2.9848771713
177405 2.9848771713
177471 2.9848771713
177654 2.9848771713
177727 2.9848771713
177743 2.9848771713
177868 2.9848771713
178124 2.9848771713
178307 2.9848771713
178310 2.9848771713
178415 2.9848771713
178464 2.9848771713
178526 2.9848771713
178537 2.9848771713
178586 2.9848771713
178628 2.9848771713
178812 2.9848771713
178827 2.9848771713
178835 2.9848771713
178851 2.9848771713
178940 2.9848771713
179022 2.9848771713
179139 2.9848771713
179242 2.9848771713
179341 2.9848771713
179361 2.9848771713
179478 2.9848771713
179539 2.9848771713
179728 2.9848771713
179965 2.9848771713
180235 2.9848771713
180368 2.9848771713
180394 2.9848771713
180738 2.9848771713
181589 2.9848771713
187143 2.9848771713
200088 384.4025582738
evaluations raw_y
1 2631.5143186392
2 1701.3297630222
7 1208.4157364489
22 910.7272335087
39 903.6552627615
43 882.4411804213
47 854.7227316428
48 830.1550825431
50 731.4965823644
62 714.7668145045
63 504.1573579597
120 422.9578390975
156 418.5799267562
157 415.3304788193
204 401.4385371760
251 398.5442894154
283 352.8399628537
284 352.7225315327
290 327.9818798693
336 301.2807388371
352 280.8513588952
384 264.7514348491
410 260.9681363888
438 229.3540606166
495 226.2120178812
499 223.6808456291
512 215.6441376431
520 190.2132264585
567 184.3679558911
573 182.6501059294
634 179.2724050910
677 160.8341182042
1036 148.6545340645
1525 148.0601693160
1732 140.1930709756
1900 128.5616959214
2154 127.8463272490
2191 123.5259870332
2194 111.8473837379
2219 103.9174159463
2257 96.5818387632
2281 81.1126703452
2344 80.9034851442
2349 74.4369200987
2374 74.1006739125
2390 70.4773317422
2426 67.6853373414
2456 65.4384216856
2496 65.1319735297
2508 64.0477954706
2535 60.3300246747
2540 59.9988256324
2570 56.4803275503
2598 54.1523343080
2608 52.5933277947
2641 51.8478971872
2661 51.7930064069
2662 49.9255252628
2670 48.6801356162
2728 48.1430998454
2747 47.9674984642
2763 47.3597301680
2782 45.4496761681
2857 45.0841209463
2868 44.1933310713
2886 44.1006713407
2939 43.6144034174
2962 43.4854960252
2970 43.0958491869
3033 43.0063809516
3038 42.9741948154
3085 42.7835604685
3101 42.6484924450
3124 42.3501387953
3145 41.7091362187
3165 41.5890294169
3178 41.5828037183
3181 41.4376685898
3259 41.4202009845
3276 41.1787002602
3348 41.0830708476
3493 41.0098138635
3507 40.9666034165
3543 40.9546621007
3577 40.9139954860
3608 40.9135518255
3627 40.8849040747
3639 40.8765132946
3647 40.8564786791
3661 40.8528463424
3680 40.8347417586
3691 40.8332073687
3724 40.8239860505
3746 40.8197470624
3751 40.8194814044
3765 40.8157957994
3774 40.8107573229
3775 40.8085228467
3817 40.8043388692
3838 40.8036769973
3855 40.8031861365
3866 40.8021512888
3869 40.8020666286
3942 40.8011646806
3946 40.8004917746
3949 40.8002224996
3960 40.7994269107
3973 40.7990292082
3984 40.7977320926
3987 40.7975538585
3999 40.7968108320
4024 40.7960859469
4046 40.7960819252
4069 40.7956072779
4086 40.7949772010
4139 40.7946157226
4216 40.7937039867
4331 40.7937021743
4336 40.7936228748
4348 40.7936109519
4408 40.7935733412
4429 40.7935505975
4439 40.7935415026
4449 40.7935270644
4452 40.7934763245
4479 40.7934393473
4493 40.7933874428
4511 40.7933717740
4539 40.7933605555
4555 40.7933568595
4561 40.7933292717
4615 40.7933144948
4666 40.7933060248
4680 40.7933009074
4691 40.7932985064
4704 40.7932933893
4730 40.7932885968
4757 40.7932845903
4778 40.7932791898
4810 40.7932788705
4819 40.7932769268
4839 40.7932738840
4847 40.7932721876
4856 40.7932718807
4864 40.7932698514
4873 40.7932691399
4892 40.7932686269
4908 40.7932675331
4942 40.7932675241
4952 40.7932672795
4975 40.7932663731
4986 40.7932657506
4999 40.7932650525
5096 40.7932647111
5127 40.7932641395
5128 40.7932640331
5147 40.7932639218
5160 40.7932638679
5167 40.7932637188
5170 40.7932631550
5252 40.7932630963
5258 40.7932630149
5269 40.7932628796
5271 40.7932627472
5312 40.7932623564
5334 40.7932622701
5375 40.7932621588
5392 40.7932621210
5405 40.7932620963
5438 40.7932620959
5441 40.7932619902
5468 40.7932619771
5469 40.7932619536
5486 40.7932619354
5493 40.7932618928
5497 40.7932618780
5500 40.7932617397
5529 40.7932617100
5558 40.7932616413
5570 40.7932616244
5578 40.7932616059
5597 40.7932615735
5629 40.7932615604
5633 40.7932615589
5637 40.7932614706
5648 40.7932614008
5696 40.7932613953
5705 40.7932613615
5709 40.7932613450
5713 40.7932613307
5715 40.7932612753
5753 40.7932612575
5775 40.7932611956
5835 40.7932611676
5841 40.7932611308
5845 40.7932611161
5854 40.7932610757
5912 40.7932610356
5936 40.7932610078
5961 40.7932609870
5967 40.7932609723
5970 40.7932609567
5989 40.7932609282
6028 40.7932609044
6046 40.7932609040
6064 40.7932608913
6091 40.7932608807
6134 40.7932608781
6159 40.7932608727
6177 40.7932608715
6182 40.7932608711
6188 40.7932608643
6219 40.7932608596
6246 40.7932608595
6251 40.7932608548
6263 40.7932608540
6268 40.7932608534
6269 40.7932608534
6275 40.7932608493
6278 40.7932608492
6299 40.7932608480
6304 40.7932608475
6318 40.7932608462
6337 40.7932608455
6364 40.7932608455
6425 40.7932608450
6509 40.7932608440
6528 40.7932608440
6562 40.7932608432
6626 40.7932608430
6640 40.7932608428
6641 40.7932608427
6649 40.7932608424
6673 40.7932608423
6724 40.7932608420
6781 40.7932608418
6837 40.7932608418
6841 40.7932608418
6871 40.7932608418
6892 40.7932608418
6922 40.7932608417
6958 40.7932608417
6978 40.7932608417
6997 40.7932608417
6998 40.7932608416
7003 40.7932608416
7012 40.7932608416
7087 40.7932608416
7093 40.7932608416
7106 40.7932608416
7128 40.7932608416
7130 40.7932608416
7143 40.7932608416
7159 40.7932608416
7174 40.7932608416
7177 40.7932608416
7181 40.7932608416
7195 40.7932608416
7234 40.7932608416
7252 40.7932608416
7262 40.7932608416
7279 40.7932608416
7285 40.7932608416
7313 40.7932608416
7358 40.7932608416
7385 40.7932608416
7403 40.7932608416
7418 40.7932608416
7429 40.7932608416
7469 40.7932608416
7483 40.7932608416
7491 40.7932608416
7504 40.7932608416
7528 40.7932608416
7541 40.7932608416
7546 40.7932608416
7666 40.7932608416
7674 40.7932608416
7676 40.7932608416
7692 40.7932608416
7740 40.7932608416
7778 40.7932608416
7805 40.7932608416
7813 40.7932608416
7815 40.7932608416
7864 40.7932608416
7924 40.7932608416
7948 40.7932608416
8381 40.7932608416
8452 40.7932608416
12755 35.2532042009
12853 27.5966055240
13084 27.1398980622
13102 27.0742401960
13108 25.3268907447
13216 24.8717317847
13320 24.1992281344
13360 24.1314774877
13377 23.9383305495
13397 22.7083109740
13403 22.2936547402
13588 22.0646660924
13608 22.0548916430
13629 21.9503544856
13685 21.8631837205
13698 21.6975967684
13732 21.2328556801
13848 21.1736374003
13943 21.0992662105
14019 21.0939036006
14099 21.0542348217
14147 21.0490706166
14176 21.0185435208
14214 21.0149967800
14242 21.0116059769
14244 20.9728326521
14317 20.9634933029
14331 20.9577838575
14355 20.9429945917
14374 20.9402620010
14379 20.9327276994
14457 20.9230537567
14496 20.9195022597
14530 20.9175024190
14554 20.9096716405
14619 20.9031169229
14816 20.9025665141
14830 20.9016976147
14840 20.9016338128
14865 20.9007993890
14870 20.9007054482
14886 20.8990591502
14892 20.8982592275
15051 20.8975515403
15092 20.8973537536
15102 20.8964327074
15134 20.8961912736
15177 20.8956602820
15178 20.8953123277
15278 20.8946846318
15461 20.8946780117
15531 20.8946137004
15579 20.8945463195
15646 20.8945361764
15690 20.8944763536
15708 20.8944507539
15745 20.8943722425
15777 20.8943705689
15782 20.8943582751
15791 20.8943449166
15792 20.8943309707
15820 20.8943149126
15856 20.8942161973
15876 20.8942111910
16002 20.8941925901
16104 20.8941777676
16133 20.8941755735
16140 20.8941576033
16216 20.8941545081
16368 20.8941465029
16384 20.8941431170
16487 20.8941403094
16495 20.8941397266
16518 20.8941387244
16586 20.8941382695
16592 20.8941371421
16594 20.8941345772
16610 20.8941336462
16739 20.8941327330
16772 20.8941325178
16813 20.8941320738
16838 20.8941320649
16867 20.8941318672
16918 20.8941316937
16934 20.8941315893
16958 20.8941312655
16995 20.8941311812
17124 20.8941310873
17127 20.8941309975
17181 20.8941308026
17225 20.8941305756
17271 20.8941305413
17281 20.8941305093
17309 20.8941304804
17394 20.8941304185
17418 20.8941304116
17428 20.8941303838
17436 20.8941303627
17439 20.8941303523
17444 20.8941303265
17458 20.8941302798
17522 20.8941302562
17524 20.8941302543
17552 20.8941302535
17582 20.8941302238
17599 20.8941302035
17655 20.8941301985
17697 20.8941301965
17704 20.8941301627
17741 20.8941301513
17765 20.8941301476
17952 20.8941301422
18010 20.8941301410
18085 20.8941301330
18135 20.8941301311
18230 20.8941301304
18322 20.8941301291
18375 20.8941301290
18382 20.8941301268
18413 20.8941301266
18466 20.8941301261
18508 20.8941301254
18546 20.8941301251
18630 20.8941301247
18723 20.8941301245
18817 20.8941301243
18838 20.8941301241
18865 20.8941301239
18872 20.8941301238
18890 20.8941301237
18976 20.8941301237
18985 20.8941301237
19058 20.8941301237
19065 20.8941301236
19096 20.8941301235
19155 20.8941301235
19157 20.8941301235
19184 20.8941301234
19213 20.8941301234
19303 20.8941301234
19351 20.8941301234
19386 20.8941301234
19473 20.8941301234
19513 20.8941301234
19532 20.8941301233
19684 20.8941301233
19701 20.8941301233
19714 20.8941301233
19747 20.8941301233
19754 20.8941301233
19842 20.8941301233
19864 20.8941301233
19937 20.8941301233
19963 20.8941301233
19968 20.8941301233
19973 20.8941301233
20010 20.8941301233
20116 20.8941301233
20141 20.8941301233
20195 20.8941301233
20222 20.8941301233
20285 20.8941301233
20344 20.8941301233
20364 20.8941301233
20406 20.8941301233
20434 20.8941301233
20458 20.8941301233
20509 20.8941301233
20522 20.8941301233
20542 20.8941301233
20655 20.8941301233
20780 20.8941301233
21006 20.8941301233
21180 20.8941301233
30038 17.7400716069
30087 17.0923716397
30277 14.7724190931
30429 13.6707400241
30510 13.3368991566
30576 12.5186291274
30628 12.1615223483
30686 10.7319579660
30942 10.5500754471
30969 10.4970330370
30993 10.3048639526
30996 10.2440914422
31029 10.0536665409
31087 10.0460286944
31108 9.7101458541
31185 9.5263307914
31188 9.3897669874
31194 9.2242084229
31273 8.9680309903
31545 8.7729553341
31664 8.7212385158
31666 8.6962407412
31724 8.6207875403
31767 8.5399707765
31784 8.4986295583
31903 8.3686604776
32223 8.3050041490
32234 8.2857525836
32311 8.2563855960
32322 8.2277379564
32592 8.1649558348
32779 8.1513741316
32856 8.1298695897
32887 8.1134411145
32965 8.0759529136
33033 8.0706838446
33054 8.0538190326
33159 8.0422044070
33203 8.0411674230
33240 8.0317726420
33276 8.0138217500
33387 8.0135293639
33426 8.0121434099
33487 8.0076193656
33526 8.0016989369
33552 7.9889050532
33952 7.9863634810
34050 7.9856251429
34089 7.9845462351
34113 7.9814859999
34166 7.9753535205
34310 7.9733408690
34437 7.9725036738
34556 7.9712623146
34585 7.9700765408
34710 7.9672234892
35114 7.9656768158
35336 7.9643847596
35425 7.9634735049
35492 7.9628549784
35512 7.9626468403
35646 7.9620476279
35719 7.9620397421
35739 7.9615872943
35820 7.9614783105
35837 7.9609194883
36060 7.9606160789
36112 7.9605598557
36148 7.9605306476
36170 7.9604365423
36233 7.9603315992
36270 7.9602680500
36292 7.9601801367
36449 7.9600989129
36530 7.9600861335
36550 7.9599864112
36575 7.9598829367
36833 7.9598796248
36848 7.9598404969
36894 7.9597871472
37041 7.9597861949
37085 7.9597815322
37095 7.9597555849
37234 7.9597412813
37237 7.9597232192
37366 7.9597222127
37377 7.9597092420
37465 7.9597029599
37610 7.9597024140
37617 7.9596999454
37660 7.9596988915
37691 7.9596954086
37717 7.9596825586
37869 7.9596803955
38078 7.9596803071
38112 7.9596802177
38135 7.9596779958
38233 7.9596771592
38261 7.9596767815
38275 7.9596750499
38404 7.9596750156
38480 7.9596743099
38686 7.9596741169
38731 7.9596739219
38828 7.9596737358
38990 7.9596735685
39077 7.9596733320
39097 7.9596730990
39294 7.9596730365
39355 7.9596729607
39455 7.9596728625
39565 7.9596728056
39603 7.9596727040
39707 7.9596727020
39719 7.9596726740
39763 7.9596726028
39875 7.9596725966
39989 7.9596725846
40053 7.9596725709
40136 7.9596725561
40141 7.9596725267
40202 7.9596725222
40230 7.9596725205
40260 7.9596724949
40572 7.9596724920
40573 7.9596724920
40590 7.9596724836
40594 7.9596724831
40642 7.9596724823
40644 7.9596724801
40645 7.9596724798
40658 7.9596724738
40826 7.9596724720
40836 7.9596724694
40841 7.9596724649
41156 7.9596724621
41217 7.9596724617
41341 7.9596724613
41355 7.9596724611
41371 7.9596724603
41500 7.9596724603
41503 7.9596724596
41528 7.9596724593
41570 7.9596724593
41594 7.9596724593
41595 7.9596724590
41649 7.9596724584
41744 7.9596724582
41823 7.9596724579
41867 7.9596724573
42035 7.9596724573
42124 7.9596724573
42156 7.9596724572
42243 7.9596724572
42260 7.9596724572
42326 7.9596724571
42364 7.9596724570
42481 7.9596724569
42806 7.9596724568
42917 7.9596724568
42967 7.9596724568
43200 7.9596724568
43284 7.9596724568
43290 7.9596724568
43581 7.9596724568
43656 7.9596724568
43663 7.9596724568
43668 7.9596724568
43692 7.9596724568
43741 7.9596724568
43804 7.9596724568
43866 7.9596724568
43955 7.9596724568
43963 7.9596724568
43976 7.9596724568
44043 7.9596724568
44143 7.9596724567
44228 7.9596724567
44242 7.9596724567
44303 7.9596724567
44400 7.9596724567
44447 7.9596724567
44570 7.9596724567
44626 7.9596724567
44656 7.9596724567
44677 7.9596724567
44746 7.9596724567
44790 7.9596724567
44807 7.9596724567
44823 7.9596724567
44858 7.9596724567
44873 7.9596724567
44910 7.9596724567
45021 7.9596724567
45171 7.9596724567
45184 7.9596724567
45333 7.9596724567
45350 7.9596724567
45563 7.9596724567
45701 7.9596724567
45850 7.9596724567
46348 7.9596724567
46711 7.9596724567
77460 7.6690786786
77792 7.4906608510
77917 7.2020489639
78149 7.0888182466
78520 7.0515905490
78597 7.0097065956
78599 6.9620120727
78610 6.8933552716
78725 6.7254844497
78795 6.6706794527
78801 6.6601535828
78895 6.6080464634
78985 6.5999683472
79008 6.5347403490
79120 6.5016596139
79137 6.2710155360
79744 6.2480699839
79908 6.2064154214
80112 6.2008808150
80178 6.1983130718
80188 6.1811843446
80339 6.1729077228
80365 6.1512753326
80375 6.1287827026
80549 6.1062016834
80635 6.0706614096
80713 6.0639721049
80865 6.0570825390
81076 6.0420403959
81086 6.0414110458
81130 6.0334021576
81292 6.0232891792
81403 6.0129708567
81407 6.0125947268
81487 6.0012572480
81776 5.9985479517
81899 5.9924448548
82152 5.9922578143
82261 5.9913486394
82325 5.9896127335
82350 5.9888166404
82387 5.9872802371
82402 5.9853130941
82636 5.9841424241
82842 5.9805392452
82906 5.9797497819
82979 5.9791805776
83025 5.9760654626
83308 5.9758243843
83359 5.9747957590
83483 5.9744025061
83550 5.9733399567
83621 5.9733026691
83749 5.9729693070
84098 5.9726385952
84116 5.9720449088
84212 5.9709396108
84927 5.9708724491
85140 5.9707362507
85162 5.9704839822
85259 5.9702694966
85701 5.9700588109
86021 5.9699599616
86534 5.9699378809
86592 5.9698824594
87006 5.9698557782
87473 5.9698218391
87579 5.9698216025
87601 5.9698184791
87867 5.9698176337
87871 5.9698066259
88023 5.9698049219
88232 5.9698012665
88419 5.9698000623
88492 5.9697905399
88497 5.9697848687
88539 5.9697803268
88694 5.9697750462
89098 5.9697745955
89190 5.9697733536
89275 5.9697723400
89287 5.9697707844
89343 5.9697675317
89437 5.9697652224
89462 5.9697648666
89743 5.9697638778
89780 5.9697631802
89785 5.9697606474
90072 5.9697605377
90109 5.9697602202
90145 5.9697596736
90203 5.9697586849
90296 5.9697573184
90410 5.9697572832
90479 5.9697563043
90729 5.9697562422
90833 5.9697561025
90985 5.9697560604
91010 5.9697559275
91074 5.9697558377
91089 5.9697556005
91174 5.9697555684
91322 5.9697553230
91336 5.9697551927
91437 5.9697551270
91620 5.9697550767
91701 5.9697549708
91743 5.9697549140
91871 5.9697548793
91994 5.9697548783
92109 5.9697547688
92309 5.9697547389
92358 5.9697547335
92414 5.9697545950
92657 5.9697545784
92711 5.9697545659
92751 5.9697545288
92877 5.9697545022
93000 5.9697544652
93393 5.9697544395
93450 5.9697544234
93597 5.9697544110
93764 5.9697544033
93897 5.9697543902
94064 5.9697543834
94115 5.9697543799
94286 5.9697543690
94326 5.9697543687
94357 5.9697543671
94541 5.9697543650
94561 5.9697543631
94665 5.9697543627
94691 5.9697543568
94976 5.9697543559
95044 5.9697543544
95204 5.9697543535
95209 5.9697543534
95239 5.9697543504
95437 5.9697543498
95522 5.9697543495
95734 5.9697543486
95791 5.9697543482
95800 5.9697543461
95916 5.9697543461
95919 5.9697543453
96413 5.9697543449
96483 5.9697543449
96591 5.9697543435
97013 5.9697543434
97041 5.9697543434
97120 5.9697543433
97293 5.9697543433
97325 5.9697543433
97374 5.9697543432
97441 5.9697543432
97684 5.9697543431
97727 5.9697543429
97913 5.9697543429
98005 5.9697543428
98079 5.9697543428
98130 5.9697543428
98343 5.9697543428
98351 5.9697543427
98509 5.9697543427
98692 5.9697543427
98958 5.9697543427
98961 5.9697543426
99067 5.9697543426
99221 5.9697543426
99330 5.9697543426
99581 5.9697543426
99726 5.9697543426
99766 5.9697543426
99847 5.9697543426
99859 5.9697543426
100042 5.9697543426
100053 5.9697543426
100107 5.9697543426
100213 5.9697543426
100268 5.9697543426
100301 5.9697543426
100492 5.9697543426
100614 5.9697543426
100676 5.9697543426
100811 5.9697543426
100934 5.9697543426
100940 5.9697543426
101002 5.9697543426
101075 5.9697543426
101088 5.9697543426
101104 5.9697543426
101458 5.9697543426
101488 5.9697543426
101641 5.9697543426
101650 5.9697543426
101693 5.9697543426
101811 5.9697543426
101848 5.9697543426
102010 5.9697543426
102036 5.9697543426
102038 5.9697543426
102211 5.9697543426
102353 5.9697543426
102387 5.9697543426
102416 5.9697543426
102454 5.9697543426
102640 5.9697543426
102891 5.9697543426
102986 5.9697543426
103003 5.9697543426
103007 5.9697543426
103290 5.9697543426
103620 5.9697543426
103673 5.9697543426
103926 5.9697543426
103995 5.9697543426
104452 5.9697543426
105049 5.9697543426
105824 5.9697543426
176930 5.0569782583
177031 4.8561882861
177636 4.0065073527
178611 3.7593623061
178653 3.4469468809
179288 3.0095510132
180449 2.7771842532
180633 2.7636203963
181134 2.6871399122
181697 2.6620970308
181752 2.4746114029
182189 2.3862136028
182886 2.3736470439
182960 2.3062030968
183657 2.2878657716
184212 2.2757130384
184436 2.2476585689
184793 2.1403932825
185619 2.1361158118
186544 2.1333454413
186643 2.0600120014
188019 2.0575565151
188128 2.0441387603
188433 2.0265626926
190115 2.0247148000
190406 2.0163657256
191028 2.0120640712
191335 2.0090964292
191407 2.0030375342
192475 2.0022951568
192585 1.9978080091
193995 1.9963253658
194813 1.9957634978
195279 1.9950913913
195519 1.9946398917
195634 1.9926452529
197390 1.9922222236
197800 1.9919903351
198436 1.9916723360
198752 1.9915276658
199415 1.9915254248
199474 1.9914539933
199776 1.9912848736
199934 1.9907554071
200136 1.9935075270
evaluations raw_y
1 4606.7635530112
2 3655.1132685422
6 2246.2545107987
18 2028.3917220251
29 1779.2552774292
30 1776.7462407177
31 1739.6721834146
33 1501.2200568638
60 1457.3641572846
73 1320.3557103762
88 1003.4218997325
108 958.4219452373
110 817.8939977958
115 806.2340497762
123 684.0248040744
129 602.0872647324
141 482.6750559501
152 445.1735154343
254 337.6896821734
395 313.3653661538
398 313.3466928956
416 286.6814066924
418 286.0915569121
426 276.5675227591
427 272.5520765887
429 252.2239261941
452 234.1002187109
468 198.5032650049
533 177.3265828246
707 166.3516880641
960 163.3887174250
1167 158.4717447319
1245 155.5531743571
1306 148.6920001723
1356 138.9937687028
1817 128.0470513999
1865 99.6201280378
1956 99.5591514371
1970 94.8758987300
2015 93.1938168330
2019 87.1261496012
2038 78.7169831813
2050 76.4056204677
2055 68.4732332177
2132 66.3708064661
2138 63.1548466645
2149 55.4763160009
2334 54.9486351330
2379 53.7979632016
2439 51.3636166143
2462 51.0159062662
2485 50.8417651519
2573 50.3917705421
2584 50.1148166654
2597 49.6944307103
2633 49.6103500547
2647 49.1181819700
2715 49.0882240478
2725 48.9530276605
2737 48.8739954517
2796 48.8395751999
2833 48.7101251025
2847 48.5880198318
2864 48.2207743831
2908 48.2063241156
2934 47.8330631259
2948 47.6865062717
2980 47.4949206038
3006 47.4505109523
3020 47.3219982568
3052 47.2449789373
3122 47.1572704376
3213 47.1481202343
3218 47.0480921695
3238 47.0468832354
3241 47.0354743662
3244 46.9876732699
3247 46.9734594969
3269 46.9627884014
3288 46.9284175554
3298 46.8884067849
3326 46.8867439501
3379 46.8856226394
3384 46.8777682282
3387 46.8494647861
3413 46.8481326679
3443 46.8396290966
3482 46.8269462575
3501 46.8157265140
3507 46.8140471767
3508 46.7997960383
3603 46.7884248127
3630 46.7854040972
3651 46.7843551082
3662 46.7840186229
3664 46.7831668197
3673 46.7823500096
3675 46.7774047799
3677 46.7751732778
3720 46.7737598134
3771 46.7731400020
3782 46.7728287383
3801 46.7725365393
3802 46.7710981315
3808 46.7679014580
3884 46.7660696528
3955 46.7653508782
3985 46.7648345180
4001 46.7646923512
4009 46.7644745186
4040 46.7641975748
4077 46.7641767974
4084 46.7636606960
4161 46.7636432009
4176 46.7636061775
4183 46.7635164544
4199 46.7634998867
4231 46.7634226694
4266 46.7634181950
4276 46.7633758860
4281 46.7633572858
4287 46.7633379343
4291 46.7633157861
4297 46.7632819642
4310 46.7632423743
4327 46.7631909908
4427 46.7631866988
4437 46.7631585330
4454 46.7631482789
4459 46.7631324872
4470 46.7631264831
4479 46.7631259708
4489 46.7630758295
4589 46.7630640579
4611 46.7630578517
4634 46.7630578268
4635 46.7630401935
4650 46.7630361562
4681 46.7630337796
4692 46.7630211889
4721 46.7630199690
4765 46.7630148650
4778 46.7630135704
4840 46.7630127101
4927 46.7630123555
4937 46.7630115706
4940 46.7630115266
4944 46.7630114321
4947 46.7630109062
4950 46.7630103029
4957 46.7630099824
4974 46.7630096608
4975 46.7630087870
4998 46.7630083107
5085 46.7630079378
5087 46.7630077218
5089 46.7630074429
5114 46.7630072260
5118 46.7630069152
5119 46.7630065649
5133 46.7630064839
5166 46.7630063160
5170 46.7630062554
5187 46.7630061236
5214 46.7630059517
5254 46.7630059073
5262 46.7630057031
5322 46.7630056961
5328 46.7630056909
5330 46.7630056381
5339 46.7630056152
5349 46.7630055493
5386 46.7630055123
5391 46.7630054821
5401 46.7630054260
5416 46.7630053750
5440 46.7630053681
5443 46.7630053598
5455 46.7630053053
5510 46.7630052917
5525 46.7630052841
5529 46.7630052409
5560 46.7630052388
5590 46.7630052055
5606 46.7630051818
5638 46.7630051764
5660 46.7630051668
5665 46.7630051540
5732 46.7630051419
5747 46.7630051416
5751 46.7630051394
5765 46.7630051388
5776 46.7630051351
5791 46.7630051323
5825 46.7630051275
5865 46.7630051209
5874 46.7630051194
5939 46.7630051179
5995 46.7630051167
6002 46.7630051160
6010 46.7630051155
6016 46.7630051149
6075 46.7630051131
6114 46.7630051119
6138 46.7630051110
6154 46.7630051095
6236 46.7630051091
6280 46.7630051091
6284 46.7630051091
6313 46.7630051090
6328 46.7630051090
6361 46.7630051089
6362 46.7630051088
6392 46.7630051088
6400 46.7630051088
6417 46.7630051087
6437 46.7630051087
6439 46.7630051086
6463 46.7630051086
6544 46.7630051086
6553 46.7630051085
6573 46.7630051085
6575 46.7630051085
6576 46.7630051085
6587 46.7630051085
6602 46.7630051085
6605 46.7630051085
6614 46.7630051085
6639 46.7630051085
6657 46.7630051085
6711 46.7630051085
6730 46.7630051085
6736 46.7630051085
6751 46.7630051085
6764 46.7630051085
6769 46.7630051085
6834 46.7630051085
6843 46.7630051085
6857 46.7630051085
6881 46.7630051085
6892 46.7630051085
6953 46.7630051085
6956 46.7630051085
6961 46.7630051085
6967 46.7630051085
6991 46.7630051085
7000 46.7630051085
7016 46.7630051085
7021 46.7630051085
7050 46.7630051085
7059 46.7630051085
7071 46.7630051085
7073 46.7630051085
7103 46.7630051085
7127 46.7630051085
7153 46.7630051085
7167 46.7630051085
7210 46.7630051085
7211 46.7630051085
7227 46.7630051085
7250 46.7630051085
7258 46.7630051085
7261 46.7630051085
7321 46.7630051085
7355 46.7630051085
7384 46.7630051085
7528 46.7630051085
11339 36.3497839037
11670 35.1417417381
11681 33.6272082627
11700 31.0796487118
11785 30.8016067085
11827 27.4679800011
11857 24.2312249992
11885 22.4292296979
11933 21.4226015721
11936 20.0806131639
11982 19.4389870668
12003 19.3680481997
12025 18.9008297191
12039 17.5856979835
12068 16.7736236702
12112 14.7904877204
12144 14.1429511191
12169 13.4880695405
12221 13.1217464081
12245 12.8766941065
12404 12.3102414497
12484 12.0070165879
12530 11.8766372627
12538 11.6915038309
12558 11.6510497332
12581 11.1272342456
12597 11.0522502340
12652 10.7920061448
12657 10.7191970348
12664 10.5935652598
12748 10.5289660781
12777 10.3230238472
12792 10.3173954534
12825 10.2530632990
12844 10.1131214433
12875 10.0444580473
13011 9.9725725124
13069 9.8634726754
13083 9.7911458746
13133 9.7186749614
13198 9.7121780117
13200 9.6653473112
13290 9.6380499956
13298 9.5611141097
13307 9.5128627201
13382 9.5110565006
13399 9.4279267443
13455 9.3817725256
13601 9.3633388379
13615 9.3508936550
13649 9.2054476258
13828 9.1990640510
13829 9.1881864220
13864 9.1769995922
13873 9.1402056340
13895 9.1121931253
13923 9.1093554085
13954 9.1028980344
14048 9.0488693777
14108 9.0369087734
14180 9.0292801476
14184 9.0144512628
14210 9.0031049006
14294 8.9973129530
14336 8.9927122390
14353 8.9856313369
14365 8.9784956595
14389 8.9731335695
14500 8.9729976071
14516 8.9707315054
14553 8.9703166221
14558 8.9700424766
14560 8.9691329213
14576 8.9687631343
14620 8.9665568846
14628 8.9645060668
14635 8.9630556205
14697 8.9621641523
14771 8.9591263775
14861 8.9590032758
14892 8.9586098813
14900 8.9572210486
14925 8.9570365303
14979 8.9568062141
15005 8.9567588323
15097 8.9564541409
15141 8.9563273588
15162 8.9561884058
15181 8.9560040205
15234 8.9556848221
15256 8.9553631691
15301 8.9552940813
15362 8.9552126282
15398 8.9551253028
15426 8.9550805101
15501 8.9550692315
15506 8.9550078540
15508 8.9549759697
15509 8.9549187943
15582 8.9548343215
15682 8.9548062100
15734 8.9547907804
15745 8.9547901027
15755 8.9547786069
15760 8.9547728549
15772 8.9547329658
15791 8.9547320282
15793 8.9547121453
15831 8.9546947719
15965 8.9546862612
15981 8.9546792587
15985 8.9546720149
15997 8.9546679630
16016 8.9546676478
16029 8.9546546360
16155 8.9546535233
16165 8.9546518141
16190 8.9546479759
16231 8.9546472915
16252 8.9546459673
16264 8.9546412053
16337 8.9546401192
16345 8.9546398693
16357 8.9546390667
16377 8.9546384363
16412 8.9546376905
16427 8.9546370239
16451 8.9546362443
16459 8.9546355898
16519 8.9546351850
16572 8.9546347542
16604 8.9546342346
16620 8.9546338011
16638 8.9546335610
16712 8.9546332753
16739 8.9546330311
16767 8.9546327995
16774 8.9546321941
16923 8.9546321466
16926 8.9546320969
16943 8.9546319895
16993 8.9546318706
17051 8.9546318598
17102 8.9546318278
17114 8.9546317841
17119 8.9546317680
17157 8.9546317304
17159 8.9546316837
17189 8.9546316626
17223 8.9546316405
17291 8.9546316329
17327 8.9546316275
17330 8.9546316027
17354 8.9546316012
17360 8.9546315848
17399 8.9546315773
17442 8.9546315731
17453 8.9546315695
17473 8.9546315630
17475 8.9546315536
17534 8.9546315501
17537 8.9546315473
17554 8.9546315426
17567 8.9546315381
17573 8.9546315308
17658 8.9546315306
17686 8.9546315272
17699 8.9546315245
17761 8.9546315233
17800 8.9546315221
17835 8.9546315214
17837 8.9546315213
17849 8.9546315212
17852 8.9546315210
17865 8.9546315206
17884 8.9546315206
17903 8.9546315202
17926 8.9546315194
17934 8.9546315182
17937 8.9546315178
17964 8.9546315174
17972 8.9546315168
18009 8.9546315160
18028 8.9546315157
18078 8.9546315157
18083 8.9546315151
18169 8.9546315147
18307 8.9546315146
18387 8.9546315145
18391 8.9546315144
18419 8.9546315144
18439 8.9546315143
18448 8.9546315141
18536 8.9546315141
18541 8.9546315141
18558 8.9546315140
18573 8.9546315140
18590 8.9546315140
18619 8.9546315140
18692 8.9546315140
18725 8.9546315140
18749 8.9546315140
18797 8.9546315139
18868 8.9546315139
18872 8.9546315139
18907 8.9546315139
18967 8.9546315139
19005 8.9546315139
19018 8.9546315139
19040 8.9546315139
19088 8.9546315139
19109 8.9546315139
19150 8.9546315139
19208 8.9546315139
19263 8.9546315139
19269 8.9546315139
19274 8.9546315138
19287 8.9546315138
19311 8.9546315138
19404 8.9546315138
19407 8.9546315138
19418 8.9546315138
19461 8.9546315138
19472 8.9546315138
19479 8.9546315138
19671 8.9546315138
19715 8.9546315138
19723 8.9546315138
19819 8.9546315138
19840 8.9546315138
19925 8.9546315138
19926 8.9546315138
19962 8.9546315138
20039 8.9546315138
20047 8.9546315138
20109 8.9546315138
20208 8.9546315138
20361 8.9546315138
20400 8.9546315138
20609 8.9546315138
20690 8.9546315138
21494 8.9546315138
22094 8.9546315138
54844 8.5902174214
54847 6.7733344265
55094 6.4307742053
55393 6.2414685975
55435 5.9858244103
55545 5.8707636418
55584 5.7285912577
55602 5.6550131163
55636 5.5687634183
55676 5.5372444568
55710 5.5369466092
55791 5.4497528636
55902 5.3311724962
56003 5.3055120331
56031 5.3011446548
56066 5.2964656131
56112 5.2476442950
56128 5.2022802228
56248 5.1618210918
56278 5.1548975878
56299 5.0915548543
56375 5.0621787357
56588 5.0556116224
56603 5.0528459736
56647 5.0493775885
56728 5.0466149890
56759 5.0405954895
56780 5.0369743089
56788 5.0258002420
56845 5.0201943151
56897 5.0117379054
57111 5.0109365033
57185 5.0062749341
57220 5.0060000399
57288 4.9985914669
57407 4.9947969802
57408 4.9895498403
57519 4.9872718906
57585 4.9818091687
57800 4.9810890413
57923 4.9804820956
58005 4.9801638030
58048 4.9794705271
58059 4.9792594994
58075 4.9775858697
58185 4.9774908991
58395 4.9770077540
58443 4.9767634916
58462 4.9763110177
58482 4.9762460272
58546 4.9762295098
58559 4.9762112194
58599 4.9755968231
58728 4.9754804517
58767 4.9754623409
58794 4.9754493367
58827 4.9753081709
58848 4.9752797717
58875 4.9751736409
58943 4.9750939925
59146 4.9750721345
59210 4.9750419316
59271 4.9749653984
59337 4.9749289960
59487 4.9748973217
59562 4.9748807202
59715 4.9748595278
59803 4.9748535331
59834 4.9748489301
59923 4.9748373150
59977 4.9748345732
60017 4.9748266467
60127 4.9748154888
60235 4.9748125049
60296 4.9748112014
60323 4.9748109853
60545 4.9748093517
60669 4.9748048542
60744 4.9748029491
60801 4.9748011052
61021 4.9748008945
61036 4.9748001563
61127 4.9748000286
61136 4.9747991652
61154 4.9747986656
61193 4.9747983981
61317 4.9747982698
61327 4.9747980525
61334 4.9747978457
61430 4.9747974296
61487 4.9747974006
61495 4.9747966604
61660 4.9747964956
61719 4.9747963725
61807 4.9747962188
61827 4.9747960308
61859 4.9747959919
61990 4.9747958739
62044 4.9747957820
62065 4.9747955958
62172 4.9747955615
62188 4.9747954941
62269 4.9747954823
62309 4.9747954433
62435 4.9747954339
62484 4.9747954278
62492 4.9747954183
62524 4.9747953859
62534 4.9747953765
62624 4.9747953745
62646 4.9747953717
62652 4.9747953540
62672 4.9747953411
62740 4.9747953406
62761 4.9747953374
62782 4.9747953310
62863 4.9747953278
62908 4.9747953265
62966 4.9747953207
63080 4.9747953159
63178 4.9747953077
63220 4.9747953053
63388 4.9747953046
63392 4.9747953032
63503 4.9747953026
63511 4.9747953012
63517 4.9747952943
63708 4.9747952938
63721 4.9747952927
63728 4.9747952917
63795 4.9747952916
63886 4.9747952907
63918 4.9747952895
64000 4.9747952894
64029 4.9747952893
64076 4.9747952887
64094 4.9747952876
64194 4.9747952875
64300 4.9747952869
64304 4.9747952867
64534 4.9747952866
64536 4.9747952865
64637 4.9747952865
64665 4.9747952864
64685 4.9747952862
64825 4.9747952859
64859 4.9747952859
64888 4.9747952859
64992 4.9747952859
65045 4.9747952858
65061 4.9747952858
65070 4.9747952858
65124 4.9747952858
65131 4.9747952857
65132 4.9747952857
65183 4.9747952857
65209 4.9747952856
65251 4.9747952856
65440 4.9747952856
65458 4.9747952856
65472 4.9747952856
65494 4.9747952856
65574 4.9747952856
65579 4.9747952855
65587 4.9747952855
65650 4.9747952855
65690 4.9747952855
65785 4.9747952855
65791 4.9747952855
65920 4.9747952855
65943 4.9747952855
66100 4.9747952855
66207 4.9747952855
66244 4.9747952855
66258 4.9747952855
66265 4.9747952855
66277 4.9747952855
66278 4.9747952855
66431 4.9747952855
66441 4.9747952855
66483 4.9747952855
66498 4.9747952855
66549 4.9747952855
66655 4.9747952855
66657 4.9747952855
66743 4.9747952855
66846 4.9747952855
66864 4.9747952855
67064 4.9747952855
67072 4.9747952855
67177 4.9747952855
67253 4.9747952855
67327 4.9747952855
67379 4.9747952855
67465 4.9747952855
67531 4.9747952855
67628 4.9747952855
67714 4.9747952855
67798 4.9747952855
67801 4.9747952855
67825 4.9747952855
67838 4.9747952855
67919 4.9747952855
67991 4.9747952855
67999 4.9747952855
68115 4.9747952855
68164 4.9747952855
68347 4.9747952855
68353 4.9747952855
68491 4.9747952855
68598 4.9747952855
68724 4.9747952855
68795 4.9747952855
69020 4.9747952855
73909 4.9747952855
200040 4.9747952855
evaluations raw_y
1 2241.1695358563
2 1190.7390768777
14 939.8165177609
20 881.9238350373
29 797.6074781201
32 727.0457026166
34 704.2051117019
37 648.3105748301
41 575.0354174294
45 436.6118382382
135 417.3327173499
140 411.3817324111
163 346.2908958513
187 247.5053710569
286 220.1757695642
300 199.9248648593
342 196.0841357828
589 182.0823347435
614 163.2076112369
954 157.3372420317
1089 147.8794204207
1111 143.5508086168
2857 138.9234953791
2890 136.2587988955
2910 130.1053525045
2925 103.5547098073
3096 102.1672263933
3101 97.5382333775
3115 93.6326201465
3119 76.5917861096
3202 76.1986444682
3205 65.5792335669
3258 65.1909287578
3268 63.6609340793
3297 58.4023169909
3374 58.0994192439
3382 55.7474234591
3384 54.8123826279
3411 54.5694828836
3434 53.7109803417
3456 52.4087063832
3503 52.1492025655
3561 52.1307332431
3583 50.8807609826
3675 50.5988855269
3714 50.5620586892
3731 50.2721962740
3758 50.1460709632
3791 50.1326081611
3804 50.0827719184
3807 49.9308548271
3837 49.7691114900
3864 49.5855156708
3956 49.5116805564
3970 49.4893533309
3996 49.4734489938
4001 49.3370559333
4044 49.2949596477
4052 49.2324860906
4112 49.1086522469
4128 49.1058115874
4134 49.0227486787
4162 48.9627536919
4173 48.9413837345
4213 48.8780253766
4241 48.8716852588
4350 48.8581367573
4354 48.8187149271
4358 48.8054042047
4497 48.8046394800
4507 48.8017627027
4516 48.7951017407
4526 48.7919582653
4576 48.7883518948
4592 48.7831001055
4597 48.7786954238
4599 48.7737029463
4611 48.7728019373
4624 48.7716907676
4683 48.7696144776
4699 48.7673111398
4712 48.7659401920
4772 48.7656832792
4786 48.7640853091
4788 48.7633863540
4825 48.7601692002
4850 48.7588043269
4861 48.7579832080
4901 48.7578461494
4911 48.7575426813
4936 48.7571132715
4938 48.7564838935
4966 48.7562400904
4987 48.7557068290
5053 48.7556667921
5055 48.7552031887
5074 48.7551613823
5075 48.7551601371
5098 48.7551516782
5113 48.7550459177
5119 48.7550299729
5121 48.7548254976
5127 48.7548039369
5137 48.7545508738
5143 48.7545337664
5151 48.7544671536
5155 48.7544459062
5158 48.7542543871
5187 48.7541887345
5195 48.7541498623
5233 48.7541346680
5245 48.7540437658
5292 48.7540046616
5303 48.7539956852
5308 48.7539450427
5310 48.7539395042
5318 48.7538391977
5325 48.7537720441
5329 48.7536972057
5397 48.7536722242
5429 48.7536644966
5437 48.7536559057
5454 48.7536396969
5457 48.7535907455
5483 48.7535793112
5515 48.7535526472
5533 48.7535509201
5544 48.7535441874
5546 48.7535207886
5567 48.7535201741
5569 48.7535034427
5570 48.7534876187
5590 48.7534854428
5593 48.7534817863
5606 48.7534546186
5657 48.7534336971
5703 48.7534190947
5716 48.7534081409
5735 48.7534051488
5747 48.7533807408
5781 48.7533391769
5796 48.7533310419
5799 48.7533088133
5910 48.7532902447
5915 48.7532435444
5961 48.7532364149
5969 48.7532272670
6020 48.7532135450
6026 48.7531968689
6030 48.7531771187
6037 48.7531663823
6046 48.7531610330
6058 48.7531287161
6069 48.7531188526
6079 48.7531116927
6095 48.7531012530
6121 48.7530827147
6163 48.7530744670
6164 48.7530714532
6167 48.7530700779
6181 48.7530604335
6187 48.7530518150
6191 48.7530148637
6212 48.7530104097
6230 48.7529839735
6241 48.7529818285
6340 48.7529674006
6350 48.7529601387
6354 48.7529462411
6382 48.7529420732
6385 48.7529297533
6386 48.7529182320
6387 48.7529121191
6422 48.7529027893
6438 48.7528855405
6500 48.7528749123
6512 48.7528737122
6562 48.7528696754
6565 48.7528652905
6619 48.7528603158
6635 48.7528575401
6662 48.7528545995
6724 48.7528536978
6744 48.7528528737
6755 48.7528522848
6770 48.7528514630
6834 48.7528489959
6871 48.7528489570
6882 48.7528483120
6901 48.7528480803
6910 48.7528474203
6912 48.7528464398
6926 48.7528455484
6940 48.7528454936
6969 48.7528453814
6970 48.7528452136
7027 48.7528444862
7047 48.7528440119
7058 48.7528439909
7133 48.7528438394
7140 48.7528436114
7167 48.7528435330
7179 48.7528435225
7182 48.7528432309
7193 48.7528432063
7210 48.7528431686
7224 48.7528429877
7277 48.7528429743
7286 48.7528429044
7314 48.7528428083
7342 48.7528427954
7378 48.7528427930
7381 48.7528426527
7405 48.7528426180
7418 48.7528426029
7420 48.7528425305
7463 48.7528425215
7468 48.7528424723
7495 48.7528424464
7523 48.7528424398
7534 48.7528424310
7540 48.7528423990
7555 48.7528423856
7601 48.7528423650
7611 48.7528423476
7633 48.7528423282
7657 48.7528423237
7708 48.7528423091
7723 48.7528422956
7783 48.7528422936
7787 48.7528422932
7798 48.7528422903
7812 48.7528422760
7858 48.7528422749
7866 48.7528422748
7870 48.7528422746
7882 48.7528422712
7925 48.7528422709
7934 48.7528422708
7936 48.7528422684
7941 48.7528422661
7947 48.7528422650
7958 48.7528422630
7982 48.7528422625
8005 48.7528422623
8009 48.7528422595
8039 48.7528422591
8081 48.7528422578
8114 48.7528422578
8117 48.7528422558
8139 48.7528422558
8145 48.7528422556
8151 48.7528422552
8163 48.7528422550
8214 48.7528422549
8220 48.7528422549
8248 48.7528422547
8257 48.7528422546
8258 48.7528422546
8276 48.7528422545
8282 48.7528422545
8287 48.7528422544
8289 48.7528422541
8307 48.7528422539
8312 48.7528422535
8354 48.7528422534
8394 48.7528422534
8429 48.7528422534
8439 48.7528422532
8503 48.7528422531
8557 48.7528422531
8569 48.7528422531
8584 48.7528422531
8587 48.7528422531
8591 48.7528422530
8596 48.7528422530
8612 48.7528422530
8634 48.7528422530
8668 48.7528422530
8690 48.7528422530
8704 48.7528422530
8721 48.7528422529
8722 48.7528422529
8792 48.7528422529
8819 48.7528422529
8825 48.7528422529
8835 48.7528422529
8863 48.7528422529
8871 48.7528422529
8874 48.7528422529
8885 48.7528422529
8890 48.7528422529
8898 48.7528422529
8905 48.7528422529
8925 48.7528422529
8942 48.7528422529
8953 48.7528422529
8966 48.7528422529
8997 48.7528422529
9023 48.7528422529
9066 48.7528422529
9082 48.7528422529
9090 48.7528422529
9100 48.7528422529
9182 48.7528422529
9242 48.7528422529
9255 48.7528422529
9264 48.7528422529
9267 48.7528422529
9289 48.7528422529
9304 48.7528422529
9341 48.7528422529
9422 48.7528422529
9440 48.7528422529
9455 48.7528422529
9519 48.7528422529
9572 48.7528422529
9622 48.7528422529
9631 48.7528422529
9669 48.7528422529
10100 48.7528422529
10145 48.7528422529
10541 48.7528422529
13368 48.7528422529
27013 48.7528422529
41812 45.5540299468
41857 45.5527691567
41890 36.7961655138
42046 35.6275796535
42059 33.2079143712
42090 29.6102485503
42177 28.1594579418
42223 24.9319568636
42247 23.5790079714
42297 22.7000567355
42311 22.2563080436
42322 20.2291614001
42347 19.7832274411
42436 19.1002748824
42482 19.0161427709
42539 18.3904591626
42545 18.3339889312
42571 18.2126542600
42603 17.5311801381
42652 17.1604375511
42760 16.9678850290
42826 16.8624700072
42839 16.5930845216
42917 16.4469930245
42962 16.4436632179
42963 16.2273542757
43073 16.1783181045
43130 16.1548229023
43172 16.0660678875
43232 16.0007456729
43261 15.9847076012
43288 15.9816396614
43447 15.9775222156
43454 15.9689308588
43541 15.9622011493
43561 15.9590807890
43614 15.9570037644
43660 15.9469004458
43797 15.9425844057
43800 15.9409726468
43810 15.9409355190
43826 15.9403489702
43828 15.9349201896
43908 15.9318419013
43956 15.9293085547
44024 15.9289305001
44049 15.9275405339
44054 15.9257190499
44077 15.9240810600
44128 15.9240190356
44150 15.9234935701
44179 15.9233932630
44189 15.9221136230
44209 15.9219262927
44288 15.9213583661
44345 15.9206545314
44414 15.9204281828
44429 15.9203668372
44513 15.9200075577
44525 15.9199564537
44562 15.9198446036
44571 15.9197080460
44681 15.9197000855
44693 15.9195468859
44813 15.9195463320
44821 15.9194934295
44857 15.9194860718
44890 15.9194790971
44948 15.9194666337
44953 15.9194599783
44965 15.9194583008
44978 15.9194424140
45021 15.9194370980
45023 15.9194176170
45025 15.9194072632
45095 15.9194017999
45112 15.9193851909
45293 15.9193800898
45310 15.9193694658
45362 15.9193677569
45364 15.9193641668
45386 15.9193592470
45424 15.9193545667
45434 15.9193532202
45490 15.9193470227
45762 15.9193462680
45763 15.9193461471
45783 15.9193450322
45790 15.9193428160
45914 15.9193419506
45968 15.9193416620
46079 15.9193412704
46149 15.9193408931
46206 15.9193407560
46209 15.9193405875
46259 15.9193404873
46262 15.9193403842
46309 15.9193403804
46329 15.9193403170
46414 15.9193403044
46430 15.9193402987
46435 15.9193402814
46439 15.9193402380
46456 15.9193402061
46469 15.9193401983
46472 15.9193401693
46489 15.9193401490
46490 15.9193401190
46503 15.9193400758
46527 15.9193400688
46599 15.9193400636
46606 15.9193400531
46651 15.9193400183
46652 15.9193400106
46656 15.9193400086
46658 15.9193400012
46678 15.9193399590
46778 15.9193399529
46829 15.9193399451
46894 15.9193399424
46901 15.9193399336
46920 15.9193399336
46927 15.9193399147
47013 15.9193399111
47042 15.9193399100
47049 15.9193399100
47060 15.9193399082
47068 15.9193399073
47078 15.9193399057
47081 15.9193399018
47093 15.9193399006
47103 15.9193398994
47145 15.9193398991
47151 15.9193398908
47245 15.9193398840
47314 15.9193398826
47350 15.9193398814
47357 15.9193398813
47368 15.9193398813
47381 15.9193398808
47433 15.9193398806
47450 15.9193398805
47459 15.9193398803
47507 15.9193398790
47528 15.9193398785
47581 15.9193398782
47628 15.9193398776
47631 15.9193398773
47809 15.9193398771
47818 15.9193398771
47838 15.9193398771
47842 15.9193398770
47845 15.9193398767
47858 15.9193398765
47865 15.9193398764
47877 15.9193398764
47888 15.9193398763
47905 15.9193398763
47932 15.9193398762
47942 15.9193398761
47983 15.9193398760
47989 15.9193398760
48017 15.9193398760
48037 15.9193398759
48116 15.9193398758
48336 15.9193398758
48337 15.9193398758
48361 15.9193398758
48373 15.9193398758
48468 15.9193398758
48471 15.9193398757
48505 15.9193398757
48556 15.9193398757
48621 15.9193398757
48628 15.9193398757
48664 15.9193398757
48684 15.9193398757
48710 15.9193398757
48734 15.9193398757
48764 15.9193398757
48767 15.9193398757
48941 15.9193398757
48944 15.9193398757
49001 15.9193398757
49003 15.9193398757
49014 15.9193398757
49029 15.9193398757
49054 15.9193398757
49067 15.9193398757
49101 15.9193398757
49165 15.9193398757
49273 15.9193398757
49296 15.9193398757
49423 15.9193398757
49444 15.9193398757
49477 15.9193398757
49510 15.9193398757
49511 15.9193398757
49543 15.9193398757
49678 15.9193398757
49868 15.9193398757
49876 15.9193398757
50005 15.9193398757
50116 15.9193398757
50209 15.9193398757
50326 15.9193398757
50609 15.9193398757
51031 15.9193398757
51389 15.9193398757
52088 15.9193398757
136757 13.9428609193
136795 13.8525472669
136872 10.1304646456
136949 9.9369352806
136990 9.8309156153
137074 9.6228672558
137167 8.3202658619
137220 6.8218190023
137378 6.3086812275
137479 6.1755440399
137550 6.0653910662
137672 5.9884832654
137685 5.7077791793
137843 5.4781474788
137905 5.4747460373
138083 5.4634036789
138099 5.3975672584
138151 5.3242807958
138300 5.2782205529
138301 5.1949034701
138358 5.1842748989
138598 5.1790480390
138608 5.1358374237
138656 5.0690348666
138657 5.0539402451
138871 5.0477524915
138968 5.0432974819
138988 5.0255578992
139170 5.0171607362
139173 5.0098908818
139264 5.0095459521
139378 5.0094037739
139384 5.0086307332
139427 5.0025295474
139502 4.9975462986
139506 4.9960514328
139552 4.9959729470
139608 4.9925303009
139733 4.9917388770
139734 4.9891177440
139779 4.9885053752
139789 4.9869748740
139844 4.9865516422
139930 4.9864987512
139966 4.9854463554
140084 4.9834995938
140124 4.9829733366
140304 4.9819189012
140374 4.9813927486
140503 4.9797334783
140549 4.9775602723
140746 4.9774863034
140764 4.9772666650
140796 4.9772020406
140799 4.9765076293
140805 4.9764684410
140917 4.9764553937
140928 4.9761082601
141043 4.9759491046
141120 4.9757887090
141240 4.9757032085
141290 4.9756668171
141299 4.9754078370
141402 4.9753924817
141502 4.9753756164
141556 4.9753317649
141562 4.9751767071
141683 4.9750784178
141770 4.9750714710
141893 4.9749641680
142038 4.9749637879
142039 4.9749612791
142048 4.9749364844
142136 4.9748980843
142201 4.9748827550
142230 4.9748802906
142273 4.9748645683
142275 4.9748619891
142319 4.9748521035
142393 4.9748491583
142475 4.9748478088
142543 4.9748423736
142562 4.9748324123
142592 4.9748321251
142625 4.9748221529
142662 4.9748205454
142689 4.9748164659
142714 4.9748113857
142834 4.9748107724
143016 4.9748086713
143028 4.9748065933
143064 4.9748063707
143197 4.9748045894
143294 4.9748041285
143379 4.9748036746
143381 4.9748028311
143383 4.9748027029
143400 4.9748013422
143418 4.9748011707
143421 4.9748006859
143509 4.9748003627
143532 4.9747988382
143606 4.9747986665
143630 4.9747979865
143723 4.9747978785
143762 4.9747975483
143785 4.9747972225
143818 4.9747971095
143824 4.9747970463
143837 4.9747969871
143845 4.9747968860
143857 4.9747967289
143866 4.9747966029
144115 4.9747965341
144119 4.9747961717
144153 4.9747960277
144169 4.9747959855
144284 4.9747956844
144452 4.9747956211
144562 4.9747955471
144716 4.9747955091
144741 4.9747955086
144745 4.9747954779
144750 4.9747954763
144791 4.9747954239
144873 4.9747953941
144969 4.9747953585
145023 4.9747953529
145211 4.9747953447
145229 4.9747953271
145300 4.9747953261
145325 4.9747953225
145357 4.9747953206
145438 4.9747953201
145443 4.9747953134
145544 4.9747953129
145559 4.9747953021
145843 4.9747953005
145847 4.9747952931
145969 4.9747952923
146154 4.9747952921
146162 4.9747952910
146227 4.9747952898
146316 4.9747952893
146386 4.9747952887
146423 4.9747952886
146435 4.9747952882
146453 4.9747952877
146493 4.9747952876
146528 4.9747952875
146594 4.9747952872
146634 4.9747952871
146650 4.9747952870
146664 4.9747952868
146676 4.9747952866
146690 4.9747952864
146739 4.9747952864
146828 4.9747952864
146833 4.9747952863
146834 4.9747952863
146888 4.9747952862
146931 4.9747952862
147010 4.9747952862
147019 4.9747952861
147025 4.9747952860
147029 4.9747952859
147097 4.9747952858
147134 4.9747952857
147327 4.9747952857
147349 4.9747952856
147420 4.9747952856
147530 4.9747952856
147568 4.9747952856
147671 4.9747952855
147674 4.9747952855
147726 4.9747952855
147763 4.9747952855
147806 4.9747952855
147878 4.9747952855
147932 4.9747952855
147946 4.9747952855
148004 4.9747952855
148063 4.9747952855
148082 4.9747952855
148084 4.9747952855
148337 4.9747952855
148442 4.9747952855
148471 4.9747952855
148498 4.9747952855
148565 4.9747952855
148638 4.9747952855
148650 4.9747952855
148756 4.9747952855
148769 4.9747952855
148931 4.9747952855
148983 4.9747952855
149114 4.9747952855
149196 4.9747952855
149299 4.9747952855
149354 4.9747952855
149502 4.9747952855
149531 4.9747952855
149617 4.9747952855
149690 4.9747952855
149718 4.9747952855
149731 4.9747952855
149769 4.9747952855
149859 4.9747952855
149884 4.9747952855
150010 4.9747952855
150050 4.9747952855
150304 4.9747952855
150445 4.9747952855
150587 4.9747952855
151096 4.9747952855
153928 4.9747952855
194887 4.5065550562
194933 4.4604302308
194995 4.2980618179
195151 4.1769016924
195156 3.6401900845
195470 3.5672113349
195509 3.5048781250
195535 2.9463556898
195602 2.8108106316
195610 2.7102983315
195692 2.6539427583
195871 2.3453238963
195896 2.1685937251
195993 1.9300202116
196219 1.6640568960
196462 1.6110855236
196644 1.3999282792
196801 1.2720054355
197555 1.2703145389
197721 1.2500105440
197825 1.2163241069
197874 1.2051033989
198018 1.1952930769
198120 1.1713632288
198229 1.1548009993
198346 1.1509475310
198362 1.1377991645
198398 1.1128721321
198616 1.0965155838
198744 1.0764251963
198834 1.0458920495
199517 1.0453477127
199542 1.0326105410
199585 1.0256429152
199862 1.0144455643
199930 1.0135536728
200016 1.0722718424
evaluations raw_y
1 3935.5711175222
2 3637.6349478170
3 1748.2130517830
20 1437.1518193813
31 1231.7126779715
38 1084.4736442521
43 1074.1186832695
45 1018.7503705560
51 970.0780238540
69 853.4766406520
71 760.3228812769
77 695.9042551811
86 686.5666309902
87 604.2109898933
98 528.6669956884
131 493.5178802981
134 343.8904777400
225 338.7905696053
267 309.8024210311
286 281.3520006508
293 248.6679695267
360 240.7729104245
397 227.9271902139
440 219.6070826145
442 217.1582496909
444 198.8156409764
504 180.2053444702
670 171.1027036791
1539 163.3934671631
1614 163.0326605388
1622 151.2245169430
2329 141.4811951415
2707 141.2568410524
2764 133.2264924430
2806 131.3314079250
2821 125.9797632377
2823 121.9987615363
2833 117.7060250142
2896 111.6798304482
2944 111.6410129574
2946 109.9631919866
2962 105.8176535772
2986 105.2742829340
3003 100.5958162670
3024 89.5262196024
3033 86.7790895290
3074 80.8674374044
3088 80.4010814115
3089 79.8346173539
3106 76.2861043403
3115 73.8506926863
3120 68.0244432509
3133 67.8211743747
3187 66.6965315197
3194 61.4273231549
3274 59.5714796945
3314 58.5524263878
3323 58.1438818715
3355 57.3466659276
3396 56.5231402753
3405 56.4874724802
3407 56.2329013838
3420 56.0859939175
3423 55.9117073544
3428 55.0012065268
3469 54.4135594430
3532 54.3479325063
3541 54.0486680802
3548 53.6403949633
3563 53.2546215033
3577 53.2072103852
3591 53.1503285304
3624 52.9711371040
3626 52.7626696689
3690 52.7106007215
3735 52.6112444472
3768 52.6042020897
3787 52.5251394717
3840 52.4936413252
3847 52.3972914026
3855 52.3314643959
3880 52.2217011255
3891 52.1935451623
3901 52.0702543922
3903 52.0578714711
3950 51.9089346005
3974 51.8301136603
3975 51.7057635453
3992 51.6754119925
4000 51.5466534704
4020 51.4653837795
4027 51.4163174654
4036 51.3078892645
4088 51.3045786898
4185 51.1331745477
4217 51.1329131666
4233 50.9617088431
4266 50.9368345123
4305 50.9057784003
4399 50.8940644811
4406 50.8649458938
4421 50.8321189037
4436 50.8218978879
4458 50.7981653564
4467 50.7767313554
4543 50.7693654407
4579 50.7653050303
4624 50.7560203235
4684 50.7559809794
4685 50.7506081891
4725 50.7480859635
4797 50.7478252795
4836 50.7472604643
4857 50.7472398180
4864 50.7467234164
4865 50.7463190717
4882 50.7449674158
4914 50.7447221272
4969 50.7446353633
4978 50.7444460200
4986 50.7439424457
5038 50.7437129897
5067 50.7436500118
5073 50.7436240271
5079 50.7435393952
5089 50.7434867204
5099 50.7434378701
5113 50.7433744203
5115 50.7433007982
5135 50.7432449164
5153 50.7431150866
5205 50.7430454749
5215 50.7430243987
5227 50.7430042428
5229 50.7429737811
5250 50.7429503221
5261 50.7429437728
5268 50.7429325844
5272 50.7429132704
5305 50.7428816270
5319 50.7428721606
5365 50.7428544515
5424 50.7428508617
5438 50.7428468884
5442 50.7428387921
5492 50.7428325875
5522 50.7428300082
5538 50.7428279703
5557 50.7428276974
5561 50.7428225292
5577 50.7428204880
5618 50.7428192317
5620 50.7428182961
5629 50.7428170599
5632 50.7428153039
5643 50.7428149363
5663 50.7428141043
5695 50.7428120345
5745 50.7428120312
5773 50.7428103129
5840 50.7428101501
5872 50.7428093165
5928 50.7428091111
5929 50.7428089292
5930 50.7428089058
5951 50.7428084337
5963 50.7428083199
5965 50.7428074855
6016 50.7428072620
6065 50.7428069873
6076 50.7428068504
6089 50.7428065799
6117 50.7428064064
6258 50.7428063248
6272 50.7428061935
6317 50.7428061845
6340 50.7428061695
6345 50.7428061281
6377 50.7428061048
6403 50.7428060796
6406 50.7428060726
6412 50.7428060647
6437 50.7428060582
6458 50.7428060441
6469 50.7428060299
6498 50.7428060190
6552 50.7428060160
6573 50.7428060118
6574 50.7428060045
6592 50.7428059979
6627 50.7428059975
6651 50.7428059957
6661 50.7428059929
6675 50.7428059911
6677 50.7428059903
6687 50.7428059899
6735 50.7428059872
6817 50.7428059859
6839 50.7428059854
6864 50.7428059846
6867 50.7428059833
6878 50.7428059831
6993 50.7428059830
7022 50.7428059826
7035 50.7428059825
7041 50.7428059823
7050 50.7428059821
7087 50.7428059820
7089 50.7428059819
7093 50.7428059819
7102 50.7428059817
7122 50.7428059817
7148 50.7428059816
7150 50.7428059816
7174 50.7428059815
7205 50.7428059815
7213 50.7428059815
7219 50.7428059815
7225 50.7428059814
7234 50.7428059814
7263 50.7428059814
7285 50.7428059813
7354 50.7428059813
7359 50.7428059813
7370 50.7428059813
7388 50.7428059813
7389 50.7428059813
7419 50.7428059813
7432 50.7428059813
7504 50.7428059813
7510 50.7428059813
7513 50.7428059813
7647 50.7428059813
7657 50.7428059813
7669 50.7428059813
7672 50.7428059812
7685 50.7428059812
7700 50.7428059812
7756 50.7428059812
7791 50.7428059812
7794 50.7428059812
7811 50.7428059812
7826 50.7428059812
7852 50.7428059812
7865 50.7428059812
7891 50.7428059812
7916 50.7428059812
7925 50.7428059812
7961 50.7428059812
8004 50.7428059812
8069 50.7428059812
11597 48.4502643096
11628 46.2040394933
11647 33.0056019777
11840 31.7586052265
11868 31.5622822133
11887 28.5114120010
11909 26.7542711758
12102 25.7017759036
12124 24.9685179204
12126 24.9301198033
12180 24.7281339399
12191 23.8912607412
12193 23.7461649604
12200 23.3153920432
12235 23.0115258464
12280 22.0996939523
12409 21.7180598118
12446 20.4459301491
12738 20.3984042683
12771 20.3515226203
12797 20.2805240133
12830 20.2117616566
12879 20.2019410239
12923 20.1984745981
12976 20.1008957591
13037 19.9904518627
13198 19.9756389211
13256 19.9533355184
13308 19.9347237252
13453 19.9281859726
13568 19.9263169869
13601 19.9259212332
13619 19.9248453547
13625 19.9236003264
13628 19.9206282408
13633 19.9191390132
13691 19.9162649515
13731 19.9156871247
13735 19.9123477073
13759 19.9085694431
13840 19.9065069844
13869 19.9051954757
14009 19.9041275063
14023 19.9039763317
14026 19.9026047017
14143 19.9017614996
14181 19.9010332875
14234 19.9004396937
14325 19.8999382258
14416 19.8998811804
14432 19.8997472103
14520 19.8995941193
14650 19.8995879557
14714 19.8994827689
14765 19.8993333374
14828 19.8993122658
14902 19.8992904186
14951 19.8992865294
14954 19.8992662007
14963 19.8992607197
14999 19.8992375228
15060 19.8992243066
15092 19.8992131041
15145 19.8992130044
15184 19.8992074578
15196 19.8992048761
15198 19.8992010485
15242 19.8991927342
15297 19.8991918910
15318 19.8991869152
15364 19.8991830832
15465 19.8991795915
15484 19.8991752256
15507 19.8991738988
15559 19.8991735991
15610 19.8991715331
15669 19.8991709526
15725 19.8991700759
15794 19.8991694885
15819 19.8991694823
15841 19.8991678895
15892 19.8991675916
15895 19.8991675179
15948 19.8991674813
15957 19.8991673805
15969 19.8991669859
15984 19.8991669549
16006 19.8991668176
16017 19.8991667436
16065 19.8991666310
16079 19.8991665711
16107 19.8991664721
16178 19.8991664170
16241 19.8991663652
16266 19.8991663499
16270 19.8991663482
16276 19.8991663100
16281 19.8991662857
16312 19.8991662683
16366 19.8991662015
16476 19.8991661610
16489 19.8991661560
16493 19.8991661432
16514 19.8991661303
16515 19.8991661200
16574 19.8991660997
16582 19.8991660993
16640 19.8991660725
16731 19.8991660555
16779 19.8991660544
16788 19.8991660479
16894 19.8991660469
16933 19.8991660436
16952 19.8991660405
16970 19.8991660405
16978 19.8991660382
17008 19.8991660376
17089 19.8991660376
17092 19.8991660353
17160 19.8991660327
17260 19.8991660324
17279 19.8991660324
17295 19.8991660322
17311 19.8991660321
17345 19.8991660308
17382 19.8991660303
17430 19.8991660301
17463 19.8991660300
17466 19.8991660297
17522 19.8991660296
17578 19.8991660296
17595 19.8991660293
17602 19.8991660289
17697 19.8991660288
17742 19.8991660287
17878 19.8991660287
17890 19.8991660287
17917 19.8991660286
17950 19.8991660285
17975 19.8991660285
17979 19.8991660285
18081 19.8991660285
18089 19.8991660285
18094 19.8991660285
18129 19.8991660285
18151 19.8991660285
18187 19.8991660285
18212 19.8991660284
18287 19.8991660284
18328 19.8991660284
18370 19.8991660284
18387 19.8991660284
18414 19.8991660284
18423 19.8991660284
18438 19.8991660284
18490 19.8991660284
18516 19.8991660284
18571 19.8991660284
18575 19.8991660284
18777 19.8991660284
18797 19.8991660284
18858 19.8991660284
19028 19.8991660284
19122 19.8991660284
19149 19.8991660284
19254 19.8991660284
19406 19.8991660284
19771 19.8991660284
27386 19.1732284069
27393 18.8349878300
27461 12.8886405613
27601 11.8569855767
27684 10.3618231476
27972 9.9146859776
28078 9.1007224449
28095 8.7069831298
28167 8.2898789509
28427 8.1187738050
28484 7.7718086858
28680 7.6833672882
28694 7.6629113345
28726 7.5745071458
28762 7.5550065321
28764 7.3705435941
28873 7.3248270567
28902 7.3160959014
28918 7.2666123082
28989 7.1808165346
29159 7.1035237986
29405 7.0987888482
29414 7.0780638449
29420 7.0554511544
29438 7.0546096874
29543 7.0434320764
29630 7.0426894443
29681 7.0160061143
29773 6.9884916149
29822 6.9870001097
30031 6.9826753363
30146 6.9732604740
30544 6.9714731450
30648 6.9697316504
30832 6.9683948424
30892 6.9682091030
30922 6.9673806976
30973 6.9671644731
31049 6.9667004734
31157 6.9666716922
31293 6.9663779199
31340 6.9663253306
31377 6.9661982125
31419 6.9656594139
31424 6.9655925282
31616 6.9654837456
31684 6.9654357674
31690 6.9653186796
31738 6.9651758478
31807 6.9650845041
31855 6.9649632163
32103 6.9648406957
32456 6.9648294340
32476 6.9648064934
32632 6.9648014674
32645 6.9647811604
32729 6.9647703281
32738 6.9647686697
32787 6.9647480043
32991 6.9647428501
32997 6.9647348035
33131 6.9647240601
33527 6.9647239638
33534 6.9647211967
33647 6.9647210672
33655 6.9647182905
33677 6.9647178114
33689 6.9647174685
33848 6.9647171612
33878 6.9647165966
34023 6.9647158132
34249 6.9647157936
34274 6.9647152924
34396 6.9647149270
34413 6.9647148671
34440 6.9647144232
34465 6.9647141524
34607 6.9647140982
34648 6.9647139833
34678 6.9647139067
34716 6.9647137073
34864 6.9647136953
35126 6.9647136547
35149 6.9647135932
35181 6.9647135584
35351 6.9647135478
35426 6.9647135359
35431 6.9647135345
35440 6.9647135058
35491 6.9647134745
35595 6.9647134678
35668 6.9647134643
35726 6.9647134611
35780 6.9647134579
35799 6.9647134535
35805 6.9647134513
35814 6.9647134447
35815 6.9647134440
35887 6.9647134422
35909 6.9647134385
35941 6.9647134228
36050 6.9647134207
36059 6.9647134169
36145 6.9647134168
36150 6.9647134125
36207 6.9647134125
36241 6.9647134113
36264 6.9647134104
36290 6.9647134083
36432 6.9647134083
36433 6.9647134052
36489 6.9647134049
36535 6.9647134047
36585 6.9647134044
36631 6.9647134030
36729 6.9647134028
36829 6.9647134021
36835 6.9647134021
36883 6.9647134020
36889 6.9647134019
36905 6.9647134018
36911 6.9647134014
36935 6.9647134008
36975 6.9647134006
36983 6.9647134003
37352 6.9647134003
37393 6.9647134002
37394 6.9647134001
37538 6.9647134000
37588 6.9647134000
37629 6.9647134000
37694 6.9647133999
37719 6.9647133999
37744 6.9647133999
37795 6.9647133999
37845 6.9647133998
37856 6.9647133998
37882 6.9647133998
37973 6.9647133998
38005 6.9647133997
38103 6.9647133997
38128 6.9647133997
38210 6.9647133997
38274 6.9647133997
38442 6.9647133997
38545 6.9647133997
38613 6.9647133997
38631 6.9647133997
38669 6.9647133997
38696 6.9647133997
38711 6.9647133997
38860 6.9647133997
38885 6.9647133997
38912 6.9647133997
39000 6.9647133997
39033 6.9647133997
39115 6.9647133997
39155 6.9647133997
39212 6.9647133997
39230 6.9647133997
39320 6.9647133997
39356 6.9647133997
39384 6.9647133997
39402 6.9647133997
39405 6.9647133997
39429 6.9647133997
39461 6.9647133997
39506 6.9647133997
39534 6.9647133997
39615 6.9647133997
39625 6.9647133997
39636 6.9647133997
39660 6.9647133997
39684 6.9647133997
39686 6.9647133997
39702 6.9647133997
39843 6.9647133997
39909 6.9647133997
40045 6.9647133997
40060 6.9647133997
40165 6.9647133997
40315 6.9647133997
40390 6.9647133997
63993 6.8865858674
64031 6.8448650110
64131 6.7792658156
64205 6.6049676893
64620 6.5572498049
64793 6.4980523392
64968 6.4531502699
65146 6.3286646953
65196 6.3010622145
65348 6.1996072143
65505 6.1486109341
65822 6.0952065206
66290 6.0931705589
66413 6.0677625813
66571 6.0321336530
66993 6.0238198859
67256 6.0237646707
67341 6.0173517186
67370 6.0043599903
67426 6.0030454804
67543 6.0021471316
67780 5.9983369187
67832 5.9922975793
67939 5.9829523836
68729 5.9803946836
68893 5.9802689656
68904 5.9802476915
68926 5.9798501057
68930 5.9794125119
68957 5.9770973619
69170 5.9753604736
69201 5.9747461589
69409 5.9726842773
69747 5.9726082646
69862 5.9722962176
69887 5.9721631293
69975 5.9717506033
70222 5.9713470778
70437 5.9713107134
70504 5.9710389345
70629 5.9709876642
70722 5.9707578747
70994 5.9705168054
71275 5.9704931759
71326 5.9703727941
71418 5.9703313004
71595 5.9702067910
71711 5.9701217393
71892 5.9700709138
72032 5.9700417405
72059 5.9699993346
72148 5.9699489341
72351 5.9699479278
72541 5.9698886015
72748 5.9698798388
72998 5.9698640896
73171 5.9698574515
73302 5.9698517159
73314 5.9698378359
73337 5.9698325620
73401 5.9698166930
73490 5.9698046158
73635 5.9698001231
73697 5.9697934215
73938 5.9697880287
74106 5.9697826642
74449 5.9697797639
74481 5.9697782867
74518 5.9697726345
74594 5.9697726164
74737 5.9697725157
74820 5.9697719279
74821 5.9697703287
74866 5.9697647964
74951 5.9697644548
75046 5.9697642030
75099 5.9697606801
75635 5.9697605997
75638 5.9697588672
75746 5.9697575765
75882 5.9697574792
75921 5.9697573563
76030 5.9697572368
76123 5.9697569520
76179 5.9697569176
76190 5.9697561097
76218 5.9697556402
76321 5.9697555753
76631 5.9697555504
76733 5.9697554352
76794 5.9697554073
76825 5.9697550945
76900 5.9697547564
77282 5.9697547228
77632 5.9697547014
77639 5.9697545296
78024 5.9697545017
78418 5.9697544561
78584 5.9697544550
78589 5.9697544365
78677 5.9697544004
78947 5.9697543882
79273 5.9697543840
79284 5.9697543740
79462 5.9697543707
79669 5.9697543695
79718 5.9697543667
79774 5.9697543652
79819 5.9697543649
79900 5.9697543645
80010 5.9697543634
80157 5.9697543623
80175 5.9697543607
80280 5.9697543563
80441 5.9697543562
80454 5.9697543527
80546 5.9697543524
80739 5.9697543524
80775 5.9697543511
80954 5.9697543510
80981 5.9697543500
80982 5.9697543493
81059 5.9697543481
81122 5.9697543481
81135 5.9697543470
81315 5.9697543460
81401 5.9697543454
81670 5.9697543454
81677 5.9697543451
81761 5.9697543437
82134 5.9697543437
82382 5.9697543435
82468 5.9697543433
82568 5.9697543432
82653 5.9697543432
82708 5.9697543432
82784 5.9697543431
82832 5.9697543430
82971 5.9697543430
83023 5.9697543430
83135 5.9697543429
83206 5.9697543428
83316 5.9697543428
83478 5.9697543428
83554 5.9697543427
83615 5.9697543427
83818 5.9697543427
83872 5.9697543427
83893 5.9697543427
84001 5.9697543427
84077 5.9697543427
84188 5.9697543426
84275 5.9697543426
84656 5.9697543426
85077 5.9697543426
85359 5.9697543426
85447 5.9697543426
85506 5.9697543426
85512 5.9697543426
85592 5.9697543426
86006 5.9697543426
86080 5.9697543426
86199 5.9697543426
86529 5.9697543426
86614 5.9697543426
86654 5.9697543426
86966 5.9697543426
87238 5.9697543426
87296 5.9697543426
87349 5.9697543426
87519 5.9697543426
87595 5.9697543426
87617 5.9697543426
87674 5.9697543426
87731 5.9697543426
87910 5.9697543426
88096 5.9697543426
88223 5.9697543426
89038 5.9697543426
146667 5.6656562351
146695 5.5947479056
147140 5.3013201426
147282 4.9305844091
147879 4.3058128384
147929 4.0757710654
149609 3.9510059436
149980 3.8410629398
150104 3.8376758972
150854 3.8338722088
150881 3.7048853353
151568 3.6721479782
151660 3.5896784740
151882 3.4987942664
152680 3.4636969578
152795 3.3741535294
153200 3.1970682438
154864 3.1904825906
154958 3.1712370528
155322 3.1532155007
155342 3.1330615365
155644 3.1293650738
155692 3.1075759444
156234 3.0793485695
156842 3.0777937423
156946 3.0494618999
157901 3.0441470199
158035 3.0424409941
158090 3.0399310180
158454 3.0266514974
158747 3.0211269706
159034 3.0024114910
160354 2.9995113291
161075 2.9981238547
161768 2.9947046844
162210 2.9939749466
162601 2.9928635641
163165 2.9921336979
163610 2.9916636378
163626 2.9911057689
164277 2.9903723563
164506 2.9896133490
164598 2.9877979352
165870 2.9876960444
165979 2.9876536607
166091 2.9876174195
166223 2.9873943925
166305 2.9860651820
167532 2.9859738970
168318 2.9859589914
168459 2.9856500895
169151 2.9854907920
169241 2.9854305078
169948 2.9853019257
170335 2.9852026824
171113 2.9851460066
171743 2.9851246701
171809 2.9850812852
172009 2.9850343483
172270 2.9850200300
172600 2.9850096940
173129 2.9849891220
173450 2.9849752835
173693 2.9849671513
173782 2.9849631221
173910 2.9849529525
174139 2.9849484202
174788 2.9849452206
174950 2.9849421194
175072 2.9849405167
175076 2.9849329953
175391 2.9849289202
175535 2.9849245885
175772 2.9849223380
175818 2.9849217234
175856 2.9849172833
175969 2.9849151938
176116 2.9849150717
176310 2.9849142451
176403 2.9849078027
176501 2.9849052284
176624 2.9849012100
176652 2.9848993484
176820 2.9848982228
177659 2.9848976631
177735 2.9848972873
177811 2.9848938122
177877 2.9848917040
178200 2.9848901082
178425 2.9848863528
179033 2.9848861958
179323 2.9848860642
179457 2.9848858738
179463 2.9848845150
179558 2.9848844931
179780 2.9848841892
179935 2.9848835288
180461 2.9848829102
180467 2.9848817421
180831 2.9848816144
181064 2.9848808272
181086 2.9848806118
181309 2.9848804149
181538 2.9848793343
182707 2.9848790408
183319 2.9848787058
183337 2.9848782277
183895 2.9848781711
184029 2.9848781664
185042 2.9848781162
185394 2.9848780964
185461 2.9848779521
185560 2.9848779099
185590 2.9848778295
185900 2.9848777562
186396 2.9848776240
186814 2.9848776105
186870 2.9848775373
187403 2.9848774933
187624 2.9848774618
187789 2.9848773574
188051 2.9848773330
188762 2.9848773220
188894 2.9848773044
188920 2.9848773016
189192 2.9848772832
189505 2.9848772604
189654 2.9848772570
190546 2.9848772564
190579 2.9848772522
190798 2.9848772415
191323 2.9848772284
191426 2.9848772242
191811 2.9848772207
192191 2.9848772138
192290 2.9848772064
192548 2.9848771994
193123 2.9848771975
193340 2.9848771958
193415 2.9848771908
194360 2.9848771899
194393 2.9848771840
194471 2.9848771836
194664 2.9848771817
195617 2.9848771816
195738 2.9848771815
195782 2.9848771806
195850 2.9848771805
195922 2.9848771804
195938 2.9848771760
197138 2.9848771758
197247 2.9848771749
197383 2.9848771746
197485 2.9848771744
197595 2.9848771739
198299 2.9848771736
198418 2.9848771732
198515 2.9848771729
199048 2.9848771726
199660 2.9848771725
199724 2.9848771724
200016 2.9848771743
