evaluations raw_y
1 1463761.6662178915
18 1404930.8514414432
35 1072642.4518571992
37 1069268.0684784064
49 893584.5919133003
51 790009.5480068700
82 711810.7038566750
111 621751.9095515166
113 350323.6423701753
228 342809.5176907740
305 324994.1045945262
306 304603.0258162746
307 258874.4070450063
393 239772.6215002340
440 209282.5551007506
444 167380.4824467812
491 154144.5239628509
2360 145820.2549477773
2536 117930.4972879364
2743 95585.6732174046
2770 73023.6575703176
2964 61457.5438273672
3000 43174.5530478150
3259 42663.0698869637
3334 40550.3189327963
3363 35589.4662729962
3387 32452.9415819113
3437 29019.3045045378
3465 26231.7919874922
3562 20956.5020454376
3712 19191.8328580932
3789 8057.1863423525
4184 7204.6448675560
4472 6301.4880657090
4669 6295.8690517869
4698 4459.7022009047
4963 2796.3474608586
5069 1577.2423962223
5592 1554.2731425158
5762 1329.9088568119
6034 1286.3569666875
6130 1075.1911436077
6357 1044.7237845997
6428 999.4749467406
6462 847.7339028047
6485 820.0558925814
6709 750.2227266929
6901 553.7936951070
7089 433.6101057534
7280 401.2031951912
7701 389.6047530991
7746 372.1262678029
7752 352.4434172777
8009 350.8395003693
8076 305.8533958284
8145 295.9886931916
8296 273.3521275063
8320 246.9995792080
8508 232.4960052573
8525 210.7976694348
8696 199.0599630375
8849 190.0578383254
8905 185.1710371778
9172 184.3102285388
9203 174.5724239057
9280 166.6737751084
9482 150.1880730727
9696 148.5370371751
9785 138.5265648455
9814 131.4185624848
10033 126.9704678229
10060 126.1612169116
10080 119.8581387050
10301 101.9322435201
10322 89.5164603585
10437 79.4335174347
10683 71.6290123497
10998 68.4406439264
11104 66.7707090738
11182 65.9308770472
11206 63.7890439328
11348 62.8010726518
11403 62.7270688322
11404 59.3232447778
11448 58.2915565070
11559 53.5013938322
11609 53.2030692579
11769 52.8643442369
11897 49.5760825141
12149 49.1983535735
12166 48.3529648236
12233 48.0197589685
12282 47.2140353176
12321 47.1129895082
12329 46.9604549498
12392 45.9546763284
12479 44.8286258366
12517 43.0315168939
12726 42.9785588707
13027 42.6831232687
13077 41.8774028695
13258 41.4921759157
13268 41.3225604232
13351 40.9304955334
13446 40.2384719856
13615 40.1391043592
13674 40.0593091534
13691 40.0581052627
13787 39.9738474564
13803 39.9414159969
13819 39.8143955373
13855 39.7650233062
13865 39.5381783101
13882 39.3865061539
13935 39.1282916632
14190 39.0488347665
14258 39.0349957832
14313 38.9588887365
14339 38.7902589890
14420 38.6945010495
14613 38.5576368461
14892 38.5022253985
14927 38.4896747179
14984 38.4696853851
15032 38.4494353594
15036 38.3681636038
15149 38.3508641576
15201 38.3034102015
15377 38.2977974381
15416 38.1190200656
15625 37.9709440350
16224 37.9588152493
16236 37.9300579306
16688 37.8304785770
17286 37.7611620034
18519 37.6817752417
19110 37.4761914812
19942 37.4527629473
19996 37.3250871484
20703 37.2927261927
20819 37.2392607385
21105 37.1747091197
21706 36.9745577540
23265 36.7456787841
24214 36.6643292258
24648 36.5616384420
25057 36.5190183785
25102 36.2880119809
25484 36.1637180157
25616 36.0862924245
25782 36.0521538885
25920 35.7787159365
26063 35.6376893261
26675 35.6262678349
26787 35.5997233713
26821 35.4884388139
27432 35.4450514085
27476 35.4265020280
27488 35.3786893984
27582 35.2663293496
27681 35.2556563148
27945 35.1127855773
28204 35.1123251722
28414 35.0466845183
28505 34.9774473909
28528 34.9622704395
28638 34.9288445859
28805 34.8205233657
29311 34.7269347595
30131 34.6444675644
30737 34.6178053925
30761 34.5621035977
31151 34.5479536270
31747 34.5422096256
31815 34.4376754969
31941 34.2985178466
32017 34.2699625577
32204 34.1805672305
32348 34.1611717468
32646 34.1158073794
32807 34.1018100640
32880 33.9351237174
33466 33.9344326923
33504 33.9063017309
33557 33.8773280307
34506 33.7548149623
34803 33.7518936258
34896 33.7340020783
35410 33.6198248406
35681 33.5485410373
37095 33.4915700864
37208 33.4473897764
37339 33.4200604544
37449 33.3185352920
37561 33.2396945609
37693 32.8716855767
37975 32.8243805992
38394 32.8087534395
39120 32.7881184178
39499 32.4737830050
40265 32.4515796008
40389 32.3269951823
40677 32.2698343005
40977 32.2527646792
41021 32.1909660977
41361 32.0782198125
41404 32.0136104368
42685 31.9424764492
42836 31.9224615795
42894 31.8985961494
43211 31.8592992843
43399 31.8411138900
43671 31.8287404469
43781 31.7281757866
44395 31.6567201005
46103 31.5463208894
46253 31.5417495786
46462 31.4842517025
46555 31.4298407751
46995 31.4127822921
47048 31.3097874847
47122 31.1644290226
47480 31.1563983449
47560 31.1007100299
47650 31.0893686541
48140 31.0528332967
48196 30.9691428957
48710 30.9010252862
49853 30.8317885314
49995 30.8206979382
50131 30.7925381964
50361 30.6311568842
50640 30.5854266085
50844 30.4966525340
51184 30.4430393584
51764 30.2861940515
52622 30.2771593163
53000 30.2372343721
53466 30.2231527176
53511 30.1672268909
53624 30.1137595769
53748 30.1046979000
53764 29.9971190720
53977 29.9265422585
54165 29.9049266269
54236 29.8934847176
54522 29.8063535322
54569 29.7938162150
54653 29.7621227118
54769 29.7140605737
54841 29.7001653603
55448 29.6677594640
55707 29.6130337140
55817 29.5879379663
56397 29.5161432213
56461 29.4202531046
56694 29.3772915915
57461 29.3242214888
58366 29.2138537557
58588 29.1948753873
58791 29.1146314289
59009 29.0795958036
59221 29.0624435922
59388 28.9496645125
60013 28.8947116175
60367 28.8775980944
60518 28.8058246457
60768 28.7731943840
60865 28.7628643481
60976 28.7603443389
60996 28.7528813971
61159 28.7076090683
61323 28.6627243941
62223 28.6251319072
62232 28.5410658207
63216 28.4939466000
64360 28.4851716369
64545 28.4529075050
64689 28.3452089168
64808 28.2755525978
64847 28.2019994049
65500 28.1981827285
65702 28.1879327561
65727 28.1571148587
65794 28.1152647608
65819 28.0373929846
66239 27.9005178247
66289 27.8995487959
66882 27.8618422765
67071 27.7195681568
68453 27.6926927016
68604 27.6357113021
69601 27.5200309395
69636 27.5078048733
69647 27.4965110761
70138 27.4431174805
70406 27.3771126858
70443 27.3697283702
70947 27.3105485696
71039 27.3099626226
71409 27.2761739523
71488 27.2022943129
71670 27.2015448233
71949 27.2008786927
72251 27.1277990556
72469 27.1134191631
72984 27.1130576002
73045 27.0714146896
73487 26.9461408132
73844 26.9317576354
74100 26.9124052917
74305 26.8331385835
74551 26.8301428456
75296 26.7729662728
75378 26.7580919278
75628 26.7490190803
75774 26.6169194354
76399 26.6146430215
76586 26.5501971813
77593 26.4640134316
77665 26.3267280226
78692 26.2295869607
79438 26.2197370548
79496 26.1355715412
79645 26.1258460818
79960 26.0731949592
80125 25.9408659115
81112 25.8075371141
81565 25.7948355169
81641 25.7883781184
81992 25.7863729865
82114 25.7571888231
82153 25.6786958003
82250 25.5758776941
82976 25.5733288566
83054 25.4701688191
83940 25.4180995122
84180 25.3963138852
84512 25.3882051830
84744 25.2664621467
85143 25.1982771185
85802 25.1603838740
85823 25.1215083897
85926 25.1139946632
85949 25.0470181967
86393 25.0038537694
86615 24.9603551356
86795 24.8767987565
87648 24.8148544038
88782 24.7841801048
89075 24.7244668539
90455 24.6682368728
90601 24.6582777280
90641 24.5772376016
90889 24.4097082141
91816 24.3703669713
91980 24.2924808104
92171 24.2572647281
92555 24.2011686401
92887 24.2007386339
93159 24.1382375565
93636 24.1308760889
93648 24.0483952173
94342 24.0425997851
94444 24.0270145511
94521 24.0212838762
94528 24.0045699579
94627 23.9611686028
94628 23.8832855773
94661 23.8118140590
94663 23.8062421498
94879 23.7082565956
95197 23.6951432091
95328 23.6937256859
95365 23.6672564316
95508 23.6349776083
95573 23.5840268077
96298 23.5760165817
96956 23.5556627941
97041 23.5288793096
97054 23.5099079923
97307 23.3704962217
97793 23.3560491589
98934 23.3439995577
99467 23.2909712712
99554 23.2850478074
99660 23.2712357040
99856 23.2363247343
99877 23.2078457867
99907 23.1122101685
99961 23.1049531332
100179 23.0994201684
100268 23.0712201721
100373 23.0711090440
100375 22.9990978445
100407 22.9893280217
100674 22.9645006190
100798 22.9285168420
100861 22.9198103298
101128 22.8704780755
101219 22.8505180747
101324 22.8060116842
101666 22.7717079545
101702 22.7696281420
101906 22.7406489149
102239 22.7372498120
102260 22.7371426554
102507 22.7056258704
102660 22.7013399736
102672 22.6797222984
103293 22.6794352405
103400 22.6118932161
104072 22.5577962792
104359 22.4700172573
105620 22.4536255776
106006 22.4502893099
106010 22.3665656304
106419 22.2893457892
106460 22.2205000188
106671 22.2051556159
106765 22.1729919020
107303 22.1662635241
108864 22.0658088579
108906 22.0352562070
108908 22.0340126158
108979 21.8969907121
109130 21.8471615779
110030 21.8429393799
110210 21.7785835996
110433 21.7233779287
110566 21.7030340046
110939 21.6852179536
111010 21.6487930543
111083 21.6393593312
111272 21.6321349729
111286 21.6084330791
111316 21.5612480683
111323 21.5494179394
111537 21.5306187198
112075 21.5289108507
112087 21.4553765217
112247 21.4049479197
112668 21.3858578897
112759 21.3856362164
112792 21.3850810617
112816 21.2978449615
112988 21.2952517512
113089 21.2898286972
113155 21.2618031457
114269 21.2314964231
114522 21.2312232495
114717 21.1989605519
114975 21.1757055226
115015 21.1372327300
115300 21.0966272737
115374 21.0229150651
115950 20.9612598692
116020 20.9252952073
116165 20.9185682165
116319 20.8933038986
116653 20.8830109102
116747 20.8693133181
116981 20.8573358984
117177 20.8507419772
117186 20.8251577396
117287 20.8184829632
117368 20.8019091957
117496 20.7517405924
117659 20.7141576862
117964 20.6891232569
118083 20.6196714508
118335 20.5313905972
118852 20.5014581577
119068 20.4455675850
119313 20.4339159565
120049 20.4256749853
120235 20.2973976842
121004 20.2789903328
121071 20.1999548500
121228 20.1216485641
121805 19.9895743518
122908 19.9681496658
122996 19.9518957546
123128 19.8897077668
123488 19.8547878414
123598 19.8013767002
124159 19.6888750352
124741 19.6632701776
125764 19.6396612643
125835 19.6007289739
125997 19.5024660231
126842 19.4924728043
126873 19.4894009415
127135 19.4306978117
127268 19.3131935888
127868 19.3024807394
128002 19.2897946913
128081 19.2860844176
128195 19.2138214867
128324 19.2038404371
128640 19.1998072257
128700 19.1823308941
128740 19.1606582060
128758 19.1078368463
128942 19.0874424395
129096 19.0666516952
129296 19.0602421101
129593 19.0556876657
129728 18.9567886607
130757 18.9207537753
131015 18.9061315400
131312 18.8972293682
131411 18.8105650039
131469 18.7882345240
131671 18.7769763945
131870 18.7654144630
131880 18.7427717767
131925 18.7346601016
132041 18.7227662691
132155 18.6716746303
132283 18.6579511225
132585 18.6128941038
132606 18.5781213535
132717 18.5587731061
132765 18.5355418409
133102 18.4853376604
134276 18.4201915463
134330 18.4008846593
134525 18.3183445692
134945 18.2915659768
135386 18.2796248339
135514 18.1997765853
135944 18.1316839682
136059 18.1226664835
136089 18.0123079291
137815 18.0072753118
138108 18.0072593035
138126 17.9835612497
138187 17.9096677106
138926 17.8690616498
139210 17.8093376091
139292 17.7964400292
139374 17.7580824630
139454 17.7401575974
139508 17.7198907301
139546 17.6820045431
140157 17.6796876269
140236 17.6649831418
140252 17.6187420831
141039 17.5266921790
141046 17.4563234747
142292 17.3883115455
143129 17.3697628915
143308 17.3186421235
143481 17.2654441858
143692 17.1335383627
144273 17.1086202398
144354 17.1046659408
144439 17.1000164572
144613 17.0453386300
144652 16.9994498636
144825 16.9845378654
144897 16.8895964617
145589 16.8773788304
145727 16.8666887335
145917 16.8564810146
146105 16.8249153154
146245 16.8192613920
146310 16.7857418854
146503 16.7629703154
146611 16.7523622843
146660 16.7087841556
146769 16.6284058717
148782 16.4655162737
150032 16.4523693636
150421 16.4357575544
150493 16.4255321795
151193 16.4189510150
151526 16.2849966218
151854 16.2840002993
152074 16.2787051011
152146 16.2715677724
152363 16.1927643980
152434 16.1079724751
152582 16.0872935888
152897 16.0571195259
153092 16.0435848887
153277 16.0370811945
153299 16.0246758954
153335 15.9459328389
153407 15.9217473053
154429 15.7980459815
154867 15.7442585683
154950 15.7116188218
155361 15.6924787781
158650 15.6834017106
158768 15.6108463624
158899 15.5932260063
159148 15.5139055037
159195 15.4429919617
159204 15.4035312631
159364 15.3698055344
159407 15.2965848916
159484 15.1934348229
160536 15.1574743232
160608 15.1439587073
160738 15.1148771433
160750 14.9542753245
161129 14.9082732527
161230 14.8743536632
161614 14.8185457463
161702 14.8037285688
161869 14.7500440420
162037 14.6189922975
163757 14.5423343908
164006 14.3830426124
164421 14.3451624929
164460 14.3377994381
164805 14.2614361660
165741 14.2294854294
165770 14.2004560664
166410 14.1975364061
166704 14.1894425949
166967 14.1276719489
167572 14.1163627173
167931 14.1101683571
168041 14.0962756641
168294 14.0121164326
168411 13.9818036942
168548 13.9499858070
168652 13.8639103481
168892 13.8496097338
169194 13.8386903500
169244 13.7983945991
169493 13.7830803585
169775 13.7735320656
170099 13.6262900349
171060 13.5694756328
171539 13.5609266582
172071 13.5490370132
172099 13.5273268432
172131 13.5265113392
172456 13.4766206610
172836 13.4340099765
172910 13.4256219706
172968 13.4134814104
173311 13.3619552058
173485 13.3557706259
174332 13.3358054339
174373 13.3021150329
174616 13.2037493934
175626 13.1677073017
175772 13.1579613970
175833 13.1011539446
176134 13.0819402482
176221 13.0436553672
176799 13.0307225448
176830 13.0054840023
176903 12.9888695251
177017 12.9597983063
177205 12.8670046047
177704 12.8454154317
179367 12.8120888173
179626 12.7293618468
179824 12.7102602275
180023 12.6746915324
180055 12.6138132178
180190 12.5943074787
180573 12.5772763949
180691 12.4690083004
181103 12.3623334428
181494 12.3536234062
181775 12.3359771877
181933 12.2651689534
182252 12.2530206106
182348 12.1808521922
182771 12.1514772732
183225 12.1495726928
183405 12.0959483858
183658 12.0828656811
183853 11.8923917991
185211 11.8853273647
185247 11.8440426710
185288 11.7945592891
185522 11.7860412023
185676 11.6617918520
185812 11.6528822106
186237 11.6276728356
186392 11.6176906549
186445 11.5780753026
186860 11.5346815475
186930 11.5323234014
187292 11.5141142274
187388 11.4967679751
187900 11.4917465357
188053 11.4845667708
188296 11.4239567454
188367 11.4128371812
188485 11.3628578545
188488 11.3501238123
190015 11.3176730287
190260 11.2915619566
190355 11.2229970915
190417 11.1852187235
190423 11.0833522643
191338 11.0452578439
191752 10.9552105771
192083 10.9069575770
192706 10.8772689871
192787 10.7933025335
193113 10.7863970956
193136 10.7504997345
193194 10.7454718508
193320 10.7356027968
193383 10.7097642774
193574 10.6900425219
193864 10.6765887189
193883 10.6488963131
193924 10.6408035004
194623 10.6161752274
194737 10.6141513299
195093 10.5543945479
195150 10.5504111045
195727 10.5058301685
196038 10.4763038631
196174 10.4756345802
196519 10.4178555053
196632 10.3067018215
196935 10.2486562218
197131 10.1904087654
197314 10.1734396323
197515 10.1626110270
197950 10.1587976000
198943 10.1152327406
199089 10.0342766607
199824 9.9957178774
200165 9.9200969668
200835 9.8940375276
201359 9.8200490242
201389 9.7331372712
201660 9.6857754277
202236 9.6496370410
202278 9.6456226676
202326 9.6359052030
202415 9.5915607593
202750 9.5482465412
203009 9.5350934671
203101 9.5035840246
203582 9.4465250505
203711 9.4231714056
203999 9.4149732805
204029 9.4037045539
204067 9.3609454513
204736 9.3492885836
204978 9.3485918224
204983 9.3414898482
205195 9.2937354271
205622 9.2188579566
205742 9.1542971497
206192 9.1251980958
207412 9.1219925581
207580 9.0224705161
207694 9.0004133972
207739 8.9834177079
208374 8.9498824512
208485 8.9104892390
209534 8.8644120619
209830 8.8547657447
209937 8.7993501399
209955 8.7852055625
210198 8.7387348074
210373 8.6910516192
210412 8.5869168768
211655 8.5677122070
211963 8.5320088111
212887 8.5053034179
213534 8.4766681928
213585 8.3815825446
213963 8.2540291677
214724 8.2169879176
214925 8.1367973981
215174 8.1026424368
215597 8.0739050950
215749 8.0681136425
215756 8.0097196298
215780 8.0086831396
215897 8.0065808946
215912 7.9702587136
216169 7.9396861643
216236 7.8944915407
216438 7.8222933109
216839 7.8084695060
217084 7.7922691218
217284 7.7825318560
217437 7.7308168653
218003 7.7045967912
218283 7.6970488836
219164 7.6646133658
219310 7.6607931899
219429 7.6152841538
219578 7.5047444910
219965 7.4997987354
219970 7.4304018243
220065 7.3999660877
220205 7.2969616759
221094 7.2803714230
221408 7.2622960193
221457 7.1295464426
221752 6.9844331938
223106 6.8901527305
223424 6.8721815759
223729 6.8519325464
223936 6.8249403041
223978 6.8033672382
224286 6.7914616477
224561 6.7751276126
224661 6.7585488879
224680 6.7375232926
224892 6.6912322428
224898 6.6588948988
225062 6.6418942003
225327 6.5973068871
225422 6.5941012793
225956 6.5317723028
226705 6.4178724892
226725 6.4101548538
228100 6.4009093820
228110 6.3557513903
228193 6.3491341644
228212 6.2897960978
228546 6.2710414310
229171 6.2460194557
229295 6.2207525584
229409 6.1810072491
230010 6.1108229968
230109 5.9910666839
230782 5.8350920180
231685 5.8279106358
231849 5.7419287953
232482 5.6752099543
232688 5.6751155839
232868 5.5913674670
232911 5.5873489092
232942 5.5734537959
233027 5.4863699182
233476 5.4352494440
233951 5.4346456246
233983 5.4286554714
234187 5.4089752610
234197 5.3723302277
234305 5.3056466074
234885 5.2743423896
235496 5.2245522654
235690 5.1747363781
236371 5.1589047725
236631 5.0735480457
236991 5.0724522056
237087 5.0699013962
237190 5.0320223652
237459 4.9862780324
237657 4.9666433512
238150 4.9192511821
238732 4.9152608906
239552 4.9108682757
239757 4.9053324948
239822 4.7374749459
240569 4.6085870656
240880 4.5333929666
241579 4.4325106684
242695 4.3268208940
244037 4.3252651077
244142 4.2915427489
244553 4.2380752118
244773 4.2296085699
245490 4.1598224753
245670 4.1091595566
245751 4.0410618573
245968 4.0263722034
246074 4.0005035828
246644 3.9776774517
246674 3.9288524820
246858 3.8925083390
246904 3.8828693814
248072 3.8727298834
248178 3.8070453434
248291 3.7533320449
248354 3.7042836478
248629 3.6943257114
249167 3.6671576555
249229 3.6399265900
249268 3.5585700267
249549 3.5531094255
249916 3.5409720963
250200 3.5202038822
250851 3.4758926613
251107 3.4745681970
251112 3.4553844346
251215 3.4270704073
251230 3.2996981512
253243 3.2637481343
253312 3.2413596096
253624 3.2208705055
253636 2.9687305244
254793 2.9603170863
255121 2.9187888394
255152 2.9175219604
255408 2.9064315052
255569 2.8743342208
256020 2.8497884516
256172 2.8033245001
256219 2.7514353060
256710 2.5938083984
257826 2.5874110770
257865 2.4426198246
258982 2.4141866178
259342 2.4036449876
259427 2.3946017875
259468 2.3426410563
259779 2.3415032368
259893 2.3101228637
260259 2.2948816777
260517 2.2450313808
260704 2.2413837248
260724 2.1419901150
261415 2.1217627731
261821 2.1025711785
262160 1.9971329381
263054 1.9833745171
263207 1.9675683160
263261 1.9397323312
263398 1.9343607698
263461 1.8547791259
263982 1.8063928771
264577 1.7126525921
265858 1.6343331046
266900 1.6157801511
267067 1.6054150512
267097 1.5198512546
267257 1.4961578567
267305 1.4893073715
267808 1.3999949366
268947 1.3029648092
269214 1.2194974719
270094 1.2144882989
270154 1.1984894886
270561 1.1840548302
270600 1.1138244363
270728 1.0858328501
270884 1.0799249603
271004 1.0797754015
271188 1.0766670502
271207 1.0444020013
271597 1.0147488877
271623 1.0068114244
271871 0.9898624754
271992 0.9817414530
272121 0.9580299546
272180 0.9344277446
272303 0.9334425314
272323 0.8523289946
272457 0.8465272063
273531 0.8437012380
274129 0.8155381762
274202 0.8140650394
274248 0.7840961838
274411 0.7713738059
274669 0.7683085868
274866 0.7662808104
274884 0.7203062221
275734 0.7037652526
275767 0.6642345332
276509 0.6333487696
276916 0.6251635722
277026 0.6076776668
277408 0.5901031295
277885 0.5887712309
278013 0.5606660173
278306 0.5469439153
278445 0.5151182448
278793 0.5129596147
279085 0.5045997115
279378 0.5033703507
279573 0.4940800089
280161 0.4932925540
280345 0.4638611201
280620 0.4606481130
280801 0.3976864959
281963 0.3916572158
282128 0.3761088468
282200 0.3013403754
283371 0.2969614062
283552 0.2803956697
283553 0.2771882185
283639 0.2734000489
283811 0.2596057807
283931 0.2584767344
284505 0.2487680256
285451 0.2299156099
286099 0.2037427289
286475 0.2009366896
286579 0.2001113707
286625 0.1827266423
286667 0.1614933808
287006 0.1604361998
287321 0.1497391298
287687 0.1436199984
287702 0.1355643051
288269 0.1201537629
288692 0.1012323033
289058 0.1007326189
289644 0.0937723241
289703 0.0819950558
290010 0.0818301371
290665 0.0759466914
291337 0.0749233347
291528 0.0695038329
291838 0.0555393676
292602 0.0538086205
292826 0.0493086007
293152 0.0473763693
293507 0.0463508752
293717 0.0460528318
293732 0.0448697879
293749 0.0436333181
293756 0.0385189886
293891 0.0378841565
294326 0.0350269593
294429 0.0349061611
294593 0.0336785019
294609 0.0328903534
294724 0.0327466857
294738 0.0309778487
294742 0.0289723313
295138 0.0288478306
295146 0.0282478740
295187 0.0278439556
295372 0.0256681640
295465 0.0250202291
295571 0.0233013145
295665 0.0221810458
296055 0.0204392018
296251 0.0201175683
296301 0.0201157973
296656 0.0188911768
296690 0.0187025434
296877 0.0183377121
296935 0.0163156162
297362 0.0160234032
297491 0.0154744996
297495 0.0131475904
297945 0.0114477203
297986 0.0106597225
298351 0.0074924139
299186 0.0071969041
299462 0.0065407940
299478 0.0064715842
299671 0.0059387934
299825 0.0047952805
300185 0.0045269692
300351 0.0038727364
300705 0.0038025288
300852 0.0034135872
301217 0.0033998466
301264 0.0033675417
301294 0.0028019121
301540 0.0027022991
301735 0.0025975639
301943 0.0024668155
302019 0.0024091099
302326 0.0022915009
303155 0.0022100024
303342 0.0019323798
303643 0.0016996813
303783 0.0015705286
303857 0.0011847782
304327 0.0010680159
304494 0.0010077617
304520 0.0009117138
304653 0.0006196491
305623 0.0005619186
305681 0.0005562813
305872 0.0005480887
305927 0.0005178151
305989 0.0004080833
306287 0.0003650014
306581 0.0002919844
306691 0.0002907122
306704 0.0002799122
306832 0.0002228960
306918 0.0002177935
306942 0.0002114189
307291 0.0001823771
307297 0.0001603044
307551 0.0001399112
307788 0.0001336851
307862 0.0001212567
307954 0.0001148245
308072 0.0001082104
308134 0.0001051159
308135 0.0000973554
308186 0.0000899319
308224 0.0000679122
308404 0.0000617047
308648 0.0000610987
308762 0.0000524345
308851 0.0000490020
309082 0.0000439541
309269 0.0000388972
309288 0.0000362149
309539 0.0000320244
309667 0.0000288935
310031 0.0000245683
310294 0.0000232675
310490 0.0000214728
310748 0.0000207696
310774 0.0000207370
310775 0.0000171560
310898 0.0000147554
311194 0.0000140480
311438 0.0000131416
311464 0.0000128604
311486 0.0000120927
311491 0.0000112649
311535 0.0000080109
312052 0.0000069322
312188 0.0000061131
312298 0.0000057719
312797 0.0000055968
312826 0.0000055959
312860 0.0000049162
312952 0.0000046010
313194 0.0000032901
313544 0.0000032645
313859 0.0000031032
314105 0.0000026701
314356 0.0000026624
314400 0.0000023140
314428 0.0000022533
314492 0.0000021365
314597 0.0000016449
314783 0.0000015983
314835 0.0000014964
314997 0.0000012668
315071 0.0000012015
315314 0.0000011631
315358 0.0000011452
315521 0.0000011294
315552 0.0000007123
315962 0.0000006903
316211 0.0000004993
316556 0.0000004279
316754 0.0000003766
316820 0.0000003435
316835 0.0000003001
317187 0.0000002964
317340 0.0000002213
317357 0.0000002088
317456 0.0000002048
317496 0.0000001735
318036 0.0000001640
318076 0.0000001152
318130 0.0000000932
318645 0.0000000926
318891 0.0000000900
318955 0.0000000778
319068 0.0000000747
319235 0.0000000622
319278 0.0000000573
319524 0.0000000529
319604 0.0000000522
319666 0.0000000508
319700 0.0000000457
319712 0.0000000422
319804 0.0000000350
320071 0.0000000325
320089 0.0000000311
320207 0.0000000205
320728 0.0000000190
320823 0.0000000164
320885 0.0000000156
321001 0.0000000153
321145 0.0000000144
321202 0.0000000122
321446 0.0000000109
321480 0.0000000094
321875 0.0000000087
321897 0.0000000069
321918 0.0000000059
322580 0.0000000059
322588 0.0000000056
322747 0.0000000054
322980 0.0000000045
323195 0.0000000041
323238 0.0000000038
323239 0.0000000035
323464 0.0000000028
323652 0.0000000028
323760 0.0000000023
323967 0.0000000020
323976 0.0000000016
324106 0.0000000014
324556 0.0000000014
324577 0.0000000012
324831 0.0000000012
324962 0.0000000012
324987 0.0000000012
325082 0.0000000011
325331 0.0000000010
325358 0.0000000010
325410 0.0000000009
325412 0.0000000009
325501 0.0000000008
325577 0.0000000008
325627 0.0000000007
325633 0.0000000006
325683 0.0000000006
325899 0.0000000005
325917 0.0000000005
326089 0.0000000005
326232 0.0000000004
326280 0.0000000004
326433 0.0000000004
326512 0.0000000003
326784 0.0000000003
326843 0.0000000003
326872 0.0000000003
326981 0.0000000002
326990 0.0000000002
327004 0.0000000002
327013 0.0000000002
327326 0.0000000002
327368 0.0000000002
327521 0.0000000001
327830 0.0000000001
327923 0.0000000001
327971 0.0000000001
328373 0.0000000001
328473 0.0000000001
328616 0.0000000001
328823 0.0000000001
328933 0.0000000001
329029 0.0000000000
329118 0.0000000000
329203 0.0000000000
329359 0.0000000000
329367 0.0000000000
329370 0.0000000000
329670 0.0000000000
329941 0.0000000000
330095 0.0000000000
330115 0.0000000000
330528 0.0000000000
330681 0.0000000000
330691 0.0000000000
330910 0.0000000000
330968 0.0000000000
331332 0.0000000000
331435 0.0000000000
331467 0.0000000000
331744 0.0000000000
331837 0.0000000000
332045 0.0000000000
332103 0.0000000000
332144 0.0000000000
332206 0.0000000000
332546 0.0000000000
332565 0.0000000000
332667 0.0000000000
332671 0.0000000000
333028 0.0000000000
333147 0.0000000000
333156 0.0000000000
333222 0.0000000000
333342 0.0000000000
333353 0.0000000000
333669 0.0000000000
333723 0.0000000000
333742 0.0000000000
333989 0.0000000000
334029 0.0000000000
334051 0.0000000000
334103 0.0000000000
334240 0.0000000000
334696 0.0000000000
334731 0.0000000000
335151 0.0000000000
335185 0.0000000000
335461 0.0000000000
335518 0.0000000000
335993 0.0000000000
336828 0.0000000000
337077 0.0000000000
337268 0.0000000000
337379 0.0000000000
337473 0.0000000000
337655 0.0000000000
337849 0.0000000000
338046 0.0000000000
338200 0.0000000000
338493 0.0000000000
338697 0.0000000000
339014 0.0000000000
339924 0.0000000000
341789 0.0000000000
341950 0.0000000000
evaluations raw_y
1 2347408.6862227656
2 1567678.5773989065
3 1473432.5457762503
6 1107429.2236153139
16 886121.2968502063
23 658540.9607681143
75 657057.0662438080
116 411872.2783011966
216 403010.2197254613
232 342733.8880492217
268 310055.3860390473
293 307752.5580642275
314 276383.5609772841
326 270267.8299646120
366 254107.9942322786
382 239035.6637225570
436 210688.4602383885
463 194351.3759608177
513 178941.4076097686
544 144860.2957097561
2144 112311.1228308406
2146 108571.4572201556
2572 85763.0304700446
2620 77519.8610461231
2667 71683.8845412226
2775 71494.1684507667
2820 40884.9907810289
3116 29197.3026021379
3119 26440.2707475882
3253 24892.4573050513
3280 14701.0511779202
3500 13547.6861122825
3605 12896.7869635456
3691 11254.3958839094
3758 9750.6655288703
3852 5452.5905855004
4202 5367.4000657996
4323 4408.3286973915
4461 3864.8894777225
4467 3836.2993084533
4576 2772.9457584215
4643 2749.6972310529
4842 2740.6326964446
4862 1812.3200168122
5075 1607.3394464456
5286 1503.8700811095
5333 1485.2332989709
5416 1076.9831055866
5747 1048.3781247163
5842 946.5150600517
5958 943.5894355172
6080 732.4202736002
6150 654.4098722726
6683 479.2867727681
7250 358.2408391029
7560 278.5392438895
7853 269.6402560307
7984 266.0909662530
8000 231.7890415671
8132 197.0773679833
8202 185.1353996705
8287 149.0747966167
8534 144.4876023472
8687 138.9675583030
8989 129.7506533274
9003 116.0702266937
9066 111.6370759419
9106 110.0272070667
9127 107.4687200692
9261 106.2169629639
9357 103.0497157845
9453 83.9581162446
9801 78.6927964618
9958 78.5090427481
9969 72.6707938780
10070 70.5604927148
10197 67.3702432308
10374 65.4231356584
10515 60.1847180029
10737 59.9116752748
10790 58.7003145104
10856 55.7570031945
11106 52.3285927213
11148 49.2411646899
11358 48.9496577495
11441 48.2716419038
11588 47.5817843057
11650 47.4097585306
11684 46.5032830719
11720 45.9265377594
11738 45.7667175240
11751 45.4627257526
11796 45.0275476078
11836 44.5401142014
11936 43.3684348233
12191 42.9857838274
12261 42.0348928299
12415 41.8338863436
12460 41.0233230991
12760 40.9368838298
12778 40.4283738465
12827 40.2150528131
12947 40.1713036671
13057 40.1095075531
13188 39.7435596809
13356 39.6163173038
13451 39.6060980711
13549 39.4786401504
13579 39.4537271729
13631 39.2400359354
13756 38.7329474686
14249 38.7078156671
14482 38.6815463896
14513 38.6402560039
14708 38.6073086920
14743 38.4810036900
14821 38.2115626966
15378 38.0948191410
15547 37.9740881311
15831 37.9354866144
15987 37.9339055559
16094 37.9290862860
16365 37.9052606586
16374 37.8379977243
16517 37.8369343532
16575 37.7632075373
17320 37.7085797136
17410 37.6867276311
17508 37.6418742661
17887 37.6410443031
17911 37.6295533379
18047 37.5494432431
19090 37.3254472590
20365 37.2840869156
20720 37.1889333176
20862 37.0556101166
20979 37.0427956377
21064 36.9626320072
21328 36.9254245211
21717 36.7333733031
22368 36.7293141783
22393 36.6344708309
22597 36.5566102012
23272 36.5278392959
23820 36.3501527881
24661 36.3286553758
24873 36.3087787113
24944 36.1329404579
24956 36.0308855140
25072 35.9802080824
25256 35.9742435365
25305 35.9705428608
25594 35.9391586597
25616 35.7451654641
25621 35.6509804734
26881 35.6016943591
27138 35.4124203430
27519 35.3874134223
27526 35.3671054606
27802 35.2265852183
27804 35.1673575880
28178 35.0941879265
28390 35.0414085309
28476 35.0300756150
28522 34.9346755765
29337 34.9320301105
29651 34.9295992069
29760 34.8699238173
29832 34.7373184390
29953 34.6892252805
30220 34.5134693556
30597 34.4885210422
30696 34.4752400851
30766 34.4129332261
31036 34.3596560649
31115 34.2548293573
31235 34.1443268157
31476 34.1027986728
31677 34.0238733189
31822 34.0210943521
32085 33.8774326496
32265 33.8636363448
32849 33.8525646573
32979 33.8364496524
33088 33.7559299948
33862 33.7353860380
34021 33.6798581810
34136 33.6634817759
34235 33.6568306821
34286 33.6151796227
34332 33.5289415160
34633 33.5146127362
34789 33.4485617416
34973 33.4047486501
35071 33.3439799398
35261 33.2257622606
35692 33.1730326132
37331 32.8342229537
38161 32.7846231904
38662 32.6659666533
38936 32.6448668337
39117 32.3416732817
39846 32.3263015458
39883 32.2401043536
39999 32.2311711185
40048 32.1396938710
40477 32.0481810821
41639 31.9952998634
42189 31.9453006669
42328 31.8797690077
42546 31.7990821718
42901 31.6457137538
43776 31.5026089832
44077 31.4899794676
44925 31.4893722219
44997 31.4780572709
45083 31.4153675566
45169 31.3924852114
45219 31.3885460869
45346 31.2801153350
45392 31.2164162798
46074 31.2012749802
46213 31.1107020033
46616 31.0550364220
47107 31.0035378619
47231 30.9549916684
47695 30.8762968672
48009 30.7951248468
48086 30.7821290244
49143 30.7108520176
49214 30.6804812062
49388 30.5460817652
49448 30.5323848138
50440 30.4979391707
50801 30.3593325774
51904 30.3126816058
51910 30.1988714499
52381 30.1060740753
52460 30.0963073248
52485 30.0817723173
52642 30.0407372510
52643 29.9674022665
53949 29.8968908259
54219 29.8793369150
54265 29.8369734735
54458 29.8362655909
54510 29.7667963858
54697 29.6618437166
54901 29.5401788038
56502 29.4928179472
56603 29.4345827684
56676 29.4305104953
56818 29.3764194571
56868 29.3617180845
57032 29.2591626479
57273 29.1912502692
57668 29.1127536759
57723 29.0841610058
58045 29.0675188827
58128 29.0376490504
58327 29.0072102943
58493 28.8499991418
60183 28.8093225666
60424 28.7243087599
60542 28.7078839893
60583 28.6376242882
60988 28.5993456051
61032 28.5577409846
61196 28.5314171537
61369 28.5309505707
61718 28.5262916885
61827 28.5222692955
61892 28.5004287581
61925 28.4608458906
62042 28.4427185605
62133 28.4062396805
62311 28.2839106814
63183 28.2517796944
64374 28.2503672875
64480 28.1614372401
64597 28.0641285049
64963 27.9405329199
65401 27.9376595308
66688 27.7149635403
67334 27.6704553861
67394 27.5558784762
67896 27.5538926885
68445 27.5082129146
68467 27.4993152427
68542 27.4092056417
68756 27.3938971165
68880 27.3626729375
68927 27.3439012895
69141 27.3355935729
69267 27.2632988140
69279 27.2216475140
69462 27.1393480669
69900 27.1333174876
69902 27.0913892760
70061 26.9875280962
71091 26.9792769015
71270 26.9420655789
71374 26.8286008324
72918 26.7774072706
73119 26.7506745124
73139 26.7394849688
73540 26.7022301050
73610 26.6953998906
73823 26.6758449260
74614 26.6507790832
74668 26.4953513331
75009 26.4724655580
75278 26.4395536866
75495 26.4237310104
75584 26.3858610745
75872 26.2855896098
76244 26.2654376965
77295 26.2191281884
77661 26.2139145939
78519 26.1647008338
78542 26.1131031435
78949 26.0049940899
79188 25.8799642499
79805 25.7574088384
80038 25.6929108812
80062 25.6688994323
80165 25.5981482172
80362 25.4391660902
81991 25.4280222204
82080 25.3897114580
82244 25.3742413300
82307 25.3590322967
82486 25.3428412004
82651 25.3196879603
82652 25.3185071715
82780 25.3053858065
82831 25.2568656980
82872 25.2140724020
83055 25.2054613985
83186 25.2010785033
83255 25.1860839262
83269 25.1705927507
83282 25.1470871882
83452 25.1114105546
83943 25.0747743798
84041 25.0671540088
84872 24.9932134299
85699 24.9520939189
86184 24.8958787128
86186 24.8772996135
86514 24.8073502725
87245 24.7490562479
87268 24.6720149620
88315 24.6546057104
88752 24.4826342732
89184 24.3612924115
90930 24.3284134098
91311 24.3057528440
91411 24.2734195720
91818 24.2706934153
91938 24.2114284446
92205 24.1636411584
92345 24.1351005102
92472 24.1039576135
92559 24.0961229823
92630 24.0904667477
92720 24.0745101431
92784 24.0324030800
92885 24.0151029001
92887 23.9357782066
93194 23.8276701394
93921 23.7711695068
93975 23.7532499757
94150 23.7114001097
94498 23.6979650837
94547 23.6887783724
94709 23.5405497248
95578 23.3391979558
97134 23.3050808054
97654 23.2956455971
98406 23.1839709015
98577 23.0802790845
99310 23.0548424319
99363 22.9700647273
99432 22.9264460139
100036 22.8214567558
100142 22.7979599132
100287 22.7760309183
100526 22.7693939579
100530 22.7621148543
101046 22.7495587684
101187 22.7398322698
101240 22.6197185023
101595 22.5506636055
103096 22.5442430263
103721 22.2676847139
104759 22.1860542908
105219 22.1700529372
105493 22.1447932886
105711 22.0892118727
106019 21.9383173382
106847 21.9242810728
107350 21.8484938950
107535 21.8108236628
107892 21.7976307053
108016 21.7670385905
108034 21.7639935494
108270 21.7213672521
108555 21.6364452543
108875 21.6215855790
108963 21.6019779933
109439 21.5923187152
109498 21.5495223875
109614 21.5377799558
109680 21.4946488350
110366 21.4505746902
110451 21.4349947992
110735 21.4299432546
110861 21.4215024052
111034 21.3546116295
112688 21.3370018045
112771 21.2479045880
113498 21.1154053900
113761 21.0920987784
113826 20.9349051063
114514 20.8979906746
114591 20.8960732876
114846 20.8358134872
114958 20.8130615642
115043 20.7547986034
115554 20.6548773431
116363 20.5116910270
117053 20.4995453993
117126 20.4434663282
117591 20.4174455641
117997 20.4023771186
118320 20.3920133681
118385 20.3680442906
118433 20.3468014440
118473 20.3066590560
118638 20.2375598464
119129 20.1643697389
120360 20.0828287900
120985 20.0419263570
121094 20.0209524033
121431 20.0051943908
122787 19.9564540248
123114 19.6841976895
124452 19.6465564075
124560 19.6293792530
124614 19.5826113265
124629 19.5261284971
124784 19.5134394139
125136 19.4761937236
125446 19.4452141351
125534 19.3247381128
126287 19.2684278936
126906 19.2650614747
126935 19.2148937000
127038 19.0750512913
127842 19.0341586418
128255 19.0175385505
128285 18.9136636577
130659 18.8589974507
131136 18.8517358459
131263 18.8490995120
131299 18.7867832571
131447 18.7266843906
131596 18.6580339174
132035 18.6011362177
132295 18.5675036434
132402 18.5637651666
132429 18.5375987827
132539 18.5217697541
132960 18.4899255573
132964 18.4739240217
133061 18.4710020620
133082 18.3831568378
133283 18.3619423481
133542 18.3470424720
133586 18.3225905244
134706 18.2993608724
134800 18.2824903830
134822 18.2728565782
135041 18.2158849276
135855 18.2026863951
136264 18.1113476774
136746 18.0654549180
137515 18.0245617041
138529 17.9304625323
138705 17.8565935540
140402 17.7736273920
140497 17.6575243498
141210 17.6217490312
141225 17.5976817438
141312 17.5496014890
141475 17.5144730147
141702 17.5067286125
141723 17.4702625827
141767 17.4521823554
141815 17.4340712246
141993 17.3566883450
142080 17.3093583031
142708 17.1970328668
142899 17.1786657652
143052 17.1751308029
143164 17.1253145631
143430 17.1057641963
143814 17.0801940456
143936 17.0501073067
145075 16.9727773629
146310 16.9579791772
146340 16.8668046138
146393 16.7914709283
146775 16.7901653262
147477 16.7521550293
147711 16.7392981479
147826 16.6665686299
148216 16.6562167332
148299 16.6407797695
148415 16.5205385419
148572 16.4965775739
148843 16.4965712163
149052 16.4911273663
149088 16.4903987866
149290 16.3367846821
150086 16.2866265331
150293 16.2793526590
150624 16.2787731595
150630 16.1649431721
150688 16.1615418954
151662 16.1538300210
151795 16.0671814715
152009 16.0147771990
152140 15.9831099302
152204 15.9750053651
152382 15.9437651862
152501 15.8749641467
153253 15.8196122185
153849 15.8023740712
154035 15.7711553428
154354 15.7203300876
154413 15.7007070482
154750 15.6429310664
155221 15.6072486545
155843 15.5126356381
156793 15.4845198433
157260 15.4349558528
157353 15.4164822828
157866 15.3646858502
158014 15.3392331347
158085 15.2724441369
158537 15.2474962508
158666 15.2149938774
158827 15.1813410850
158905 15.1510201640
159214 15.0295713756
159578 14.9556961726
159919 14.8964650288
160141 14.8902252672
160301 14.8652112548
160619 14.8033755569
161297 14.7443156716
161745 14.6495200636
162541 14.6305628885
162714 14.4998694621
163723 14.4888191294
163824 14.4325622933
165673 14.3405743268
166001 14.3039168273
166448 14.2807508599
166697 14.1154638271
167143 14.0749100550
167647 14.0074222525
168095 13.9783140036
168193 13.9608456646
168466 13.9024751420
169042 13.8122199189
169333 13.7983824597
169587 13.7677927960
170102 13.7270130007
170283 13.7246146330
170470 13.6813379125
170992 13.6681305066
171034 13.6664943412
171124 13.6182137078
171132 13.5772802211
171589 13.5196164119
171948 13.5171112352
172664 13.5038996914
172810 13.4949504055
172822 13.4571612345
173109 13.3777907887
173739 13.3474121844
174196 13.3139679655
176023 13.1328869001
176990 13.0365442516
177666 13.0146506171
178473 12.9771188897
178767 12.9341088096
178789 12.9240724934
179051 12.8667716720
179154 12.8584853570
179563 12.5956402980
180635 12.5745963984
180867 12.4103826422
181252 12.2784136754
182541 12.1916619962
183317 12.1703781281
183743 12.1374652166
183780 12.1292943082
183982 12.0846967486
184298 11.9824980525
184733 11.9167317965
185908 11.8937705704
186097 11.8094015024
187142 11.8067125234
187205 11.6589375041
187412 11.6150309296
187542 11.5823573498
187779 11.5364961996
187874 11.5184362283
187986 11.4749604349
188071 11.4674324341
188100 11.4583508423
189199 11.3526221491
189736 11.2789842387
190302 11.2143293133
190305 11.1959922579
190326 11.1776140074
190760 11.1720403774
190928 11.1618959711
191002 11.1350417583
191009 11.1282642384
191049 11.0666998372
191144 11.0430594739
191165 10.9937525985
191375 10.8786130144
192312 10.8757696701
192504 10.8489108392
192976 10.8257947529
193330 10.7520199438
193770 10.7240346398
193986 10.6613861732
194103 10.6251901203
194826 10.6233891238
195226 10.6081565988
195587 10.5838097826
195829 10.5141706296
195912 10.5056042992
196042 10.4227898527
196326 10.4042338482
196447 10.3880292342
196836 10.3695633897
197137 10.3041461612
197307 10.2748931763
197696 10.2093710831
197830 10.1584600592
197914 10.1427756847
198170 10.0824003196
198764 10.0808040773
198765 9.9882520451
198950 9.9059497531
199183 9.8989465285
199696 9.8749764943
200239 9.8482313106
200498 9.8413619980
201015 9.8376858814
201157 9.7418460991
201158 9.6743025112
201489 9.5488619814
202087 9.4962333978
202338 9.4333261078
202874 9.4263534955
202982 9.3744948427
203058 9.3266862566
203329 9.2997766537
204739 9.1994122529
204958 9.1143305683
205328 9.0995190758
206025 9.0935715932
206438 9.0074940840
206671 8.9223600923
206922 8.8906127350
207003 8.8777187153
207297 8.7984937232
208129 8.7400667712
208145 8.6799479649
208757 8.5141799016
209010 8.4562570238
210412 8.4162093537
210460 8.3942390704
210645 8.3418741017
210840 8.3323568324
210908 8.2313267230
211284 8.1528976176
211623 8.1037279928
211749 8.0838003143
211781 8.0807893269
211886 8.0632347643
212128 8.0318136551
212309 8.0248301635
212410 8.0220295161
212547 7.9093927043
213457 7.8953707780
214164 7.8667789345
214184 7.7463775119
215343 7.6963659449
215532 7.6676057152
215898 7.5525848992
215905 7.5421726367
215939 7.4974935022
216447 7.4643330736
217289 7.4600758516
217616 7.3474300380
218805 7.3433845227
218816 7.2498433218
219279 7.1869636628
219449 7.1627051743
220157 7.1468625812
220280 7.1091201528
220378 6.9973209680
220762 6.9663492068
222239 6.9344990199
222360 6.8942042246
222362 6.8336484904
222579 6.8294632221
222833 6.6968986248
223165 6.6523402344
223592 6.5775928513
223644 6.5767376719
223972 6.5753245122
224065 6.5229531147
224396 6.5050002017
224443 6.4921360339
224596 6.4868211712
224825 6.4852087447
225006 6.4714882429
225367 6.4199192353
225434 6.3557297691
225558 6.3455800572
225652 6.1921629852
226695 6.1818088482
227006 6.1573619219
227209 6.1045179777
227352 6.0773715756
228134 6.0281877416
228693 5.9755541967
228841 5.9562700256
229028 5.8650181915
229550 5.8310871494
230185 5.8081025654
230230 5.7438799713
230556 5.6382727608
231443 5.6070453746
231538 5.5670530509
231598 5.5199098017
232332 5.4623546818
232724 5.3429931653
233585 5.3172250738
233678 5.3031392069
233765 5.2837316119
234300 5.2622589029
234336 5.2480757095
234513 5.1893409184
235780 5.1568404141
235904 5.0636805673
236236 4.9946572373
236761 4.8907534328
237473 4.8790629940
237818 4.8412469599
237997 4.7119757030
239126 4.7012864809
239198 4.6994888540
239525 4.6767174813
241669 4.5670775981
241816 4.5278650800
242210 4.3988302841
242786 4.3987027419
242845 4.3524039251
243001 4.2239265943
243174 4.2105512189
243204 4.0590494472
244456 3.9231036252
245278 3.8121973085
245800 3.7598024712
246375 3.7207122481
246904 3.6672835239
247545 3.6660879993
247708 3.5531271436
248160 3.5480114254
248331 3.5458173546
248388 3.5014609956
248632 3.4490008176
248730 3.3853494494
249763 3.3846541791
250595 3.3665989240
250900 3.3589341107
251012 3.3008078885
251393 3.2803932445
251519 3.2489114124
251614 3.2438042394
251625 3.1701253017
252048 3.1203748143
252152 3.0883224791
252347 3.0619912863
252633 2.9676625972
253166 2.9335547974
253523 2.9298260574
253575 2.9196426548
253722 2.9168665743
253805 2.9141393364
253944 2.8940296764
254314 2.8892054759
254607 2.8303779294
254724 2.8003589980
255441 2.7926918676
255894 2.7743809045
256074 2.7275861122
256414 2.6569616817
257099 2.5809800225
257339 2.5290826817
257884 2.4900986090
258494 2.3900084834
258985 2.3734609189
259370 2.3623007662
259395 2.3584319422
259464 2.3301850974
259779 2.3065779621
259810 2.2093841331
260638 2.0951170027
261263 2.0444533093
262402 2.0139289778
262473 1.9747702047
262527 1.8527294101
262989 1.7554961998
263535 1.7540725145
263801 1.7099400294
264132 1.6930452770
264244 1.6880863465
264284 1.5782021099
265944 1.5166361168
266219 1.4342834883
266659 1.4021548219
266749 1.3642710453
267135 1.3316393184
267401 1.3001088224
267597 1.2374038710
267639 1.2364412386
267946 1.2040597605
267963 1.1176132602
268755 1.1171394798
268840 1.1071379974
269015 1.1070984239
269231 1.1065313848
269247 1.0896519839
269275 1.0815663041
269416 1.0660513174
269566 1.0523614345
269638 1.0425231233
269697 1.0250008334
270079 1.0153365242
270218 1.0063011894
270353 1.0034126113
270366 0.9929573959
270458 0.9637812840
270597 0.9579610732
270706 0.9519214015
271302 0.9021984418
272043 0.8633023652
273341 0.8427900389
273799 0.8024322717
274124 0.7938737911
274225 0.7850616003
274240 0.7800931932
274316 0.7632931351
274473 0.7428152940
274762 0.7158858572
275013 0.6799689605
275871 0.6548264847
276143 0.6347107978
276318 0.6335930783
276346 0.6213480486
276370 0.6203209985
276524 0.6096650650
276749 0.6086421819
276809 0.6020716554
276813 0.5996307139
276829 0.5969453683
276942 0.5805703594
277340 0.5804579882
277384 0.5466400395
277418 0.5324195016
277694 0.5133924674
277884 0.5075684622
278203 0.4995863789
278548 0.4643347659
279132 0.4288175529
279532 0.4214473736
280224 0.3999638675
281294 0.3450912945
282694 0.3121119606
283232 0.3102255947
283283 0.3042897964
283479 0.2748980993
284064 0.2682989807
284620 0.2515571703
285596 0.2329415048
285719 0.2246300136
285837 0.2213402550
286016 0.1958320298
286315 0.1660110438
287342 0.1574267526
287476 0.1344994794
288170 0.1233285492
288599 0.1204764282
288710 0.1151836023
288990 0.0964188087
289632 0.0961379139
289652 0.0920127363
289893 0.0907841645
289916 0.0884951405
290034 0.0875277272
290065 0.0843204253
290193 0.0823461639
290281 0.0786156819
290329 0.0736716660
291688 0.0704134367
291942 0.0637712802
292889 0.0573142738
292976 0.0553798004
293091 0.0496149201
293362 0.0430783861
293577 0.0418068855
293746 0.0369168707
293988 0.0330609994
294783 0.0327638557
294845 0.0314987509
295045 0.0292115474
295095 0.0245274798
295159 0.0241422128
295527 0.0212819781
295886 0.0187081247
295942 0.0185372072
296329 0.0175464366
296538 0.0147632148
296961 0.0145106745
297163 0.0132500863
297358 0.0126993140
297440 0.0120485606
297572 0.0105177769
297687 0.0102989928
297738 0.0101421089
297989 0.0094369694
298101 0.0094076654
298389 0.0086419736
298422 0.0063893678
298872 0.0053033965
299228 0.0047743701
299524 0.0037716967
300368 0.0037166540
300437 0.0033154995
300471 0.0031020054
300669 0.0024938488
301015 0.0021212006
301584 0.0020970870
301598 0.0020614400
301605 0.0020075327
301608 0.0014337360
302103 0.0013738510
302373 0.0012016890
302479 0.0010399262
302646 0.0010384184
302676 0.0009671452
302813 0.0009407999
303043 0.0008983933
303100 0.0008404127
303173 0.0008275022
303274 0.0007469592
303543 0.0007285940
303651 0.0006730577
303841 0.0006288802
303940 0.0005399854
304063 0.0005303786
304265 0.0004879920
304344 0.0004359955
304373 0.0004277321
304377 0.0004261878
304472 0.0003767251
304524 0.0003466660
304706 0.0003079701
304868 0.0003044481
305270 0.0002799127
305355 0.0001758320
305980 0.0001513629
306184 0.0001385276
306274 0.0001166853
307249 0.0001135739
307404 0.0001129098
307491 0.0001058942
307504 0.0000970109
307531 0.0000869578
307588 0.0000788439
307825 0.0000605510
308321 0.0000529159
308488 0.0000508435
308579 0.0000482153
308702 0.0000367433
308838 0.0000351914
309122 0.0000340699
309126 0.0000299163
309720 0.0000259679
309849 0.0000248496
309887 0.0000202308
310108 0.0000189749
310115 0.0000158270
310493 0.0000138282
310586 0.0000128981
310725 0.0000123733
310759 0.0000089911
310967 0.0000087052
311336 0.0000084992
311390 0.0000082079
311458 0.0000075488
311551 0.0000066453
311683 0.0000059844
311863 0.0000059023
311904 0.0000056480
312157 0.0000056475
312196 0.0000043412
312216 0.0000026947
312732 0.0000024996
312963 0.0000022594
313352 0.0000020027
313538 0.0000015992
313960 0.0000011908
314506 0.0000009461
315062 0.0000007504
315293 0.0000007382
315301 0.0000006687
315345 0.0000005608
315490 0.0000004589
315700 0.0000004468
315846 0.0000003527
316036 0.0000003467
316107 0.0000003461
316119 0.0000002945
316169 0.0000002206
316404 0.0000001902
316867 0.0000001812
316910 0.0000001663
316968 0.0000001631
317082 0.0000001530
317187 0.0000001419
317315 0.0000001390
317354 0.0000001350
317361 0.0000001300
317398 0.0000001270
317408 0.0000001187
317452 0.0000001168
317560 0.0000001144
317695 0.0000001079
317717 0.0000001053
317724 0.0000000981
317798 0.0000000861
318146 0.0000000840
318162 0.0000000806
318167 0.0000000793
318223 0.0000000669
318326 0.0000000537
318603 0.0000000507
318776 0.0000000474
318973 0.0000000442
319134 0.0000000319
319603 0.0000000306
319750 0.0000000282
319767 0.0000000277
319806 0.0000000197
320017 0.0000000187
320079 0.0000000158
320207 0.0000000148
320448 0.0000000145
320587 0.0000000136
320749 0.0000000129
320756 0.0000000124
320853 0.0000000115
320889 0.0000000110
321171 0.0000000108
321203 0.0000000096
321261 0.0000000093
321286 0.0000000092
321288 0.0000000075
321406 0.0000000070
321493 0.0000000070
321555 0.0000000048
321655 0.0000000044
322009 0.0000000039
322012 0.0000000030
322597 0.0000000026
323091 0.0000000026
323124 0.0000000023
323294 0.0000000022
323318 0.0000000020
323477 0.0000000019
323688 0.0000000018
323704 0.0000000017
323793 0.0000000013
323903 0.0000000011
323957 0.0000000011
324349 0.0000000010
324364 0.0000000010
324419 0.0000000009
324476 0.0000000008
324505 0.0000000008
324559 0.0000000006
324781 0.0000000006
324876 0.0000000005
324943 0.0000000005
325064 0.0000000004
325349 0.0000000004
325547 0.0000000003
325671 0.0000000003
325750 0.0000000003
325861 0.0000000003
326242 0.0000000002
326311 0.0000000002
326475 0.0000000002
326489 0.0000000002
326611 0.0000000002
326712 0.0000000001
326904 0.0000000001
327189 0.0000000001
327342 0.0000000001
327682 0.0000000001
327694 0.0000000001
327773 0.0000000001
327786 0.0000000001
327815 0.0000000000
328318 0.0000000000
328790 0.0000000000
329221 0.0000000000
329361 0.0000000000
329505 0.0000000000
329929 0.0000000000
329964 0.0000000000
330052 0.0000000000
330125 0.0000000000
330162 0.0000000000
330301 0.0000000000
330352 0.0000000000
330356 0.0000000000
330380 0.0000000000
330460 0.0000000000
330567 0.0000000000
330619 0.0000000000
330793 0.0000000000
330845 0.0000000000
330846 0.0000000000
330881 0.0000000000
331206 0.0000000000
331268 0.0000000000
331378 0.0000000000
331544 0.0000000000
331687 0.0000000000
331941 0.0000000000
331949 0.0000000000
332145 0.0000000000
332337 0.0000000000
332709 0.0000000000
332774 0.0000000000
333130 0.0000000000
333138 0.0000000000
333532 0.0000000000
333600 0.0000000000
333742 0.0000000000
333760 0.0000000000
334032 0.0000000000
334135 0.0000000000
334241 0.0000000000
334312 0.0000000000
334558 0.0000000000
334657 0.0000000000
334668 0.0000000000
334792 0.0000000000
334895 0.0000000000
334932 0.0000000000
335002 0.0000000000
335019 0.0000000000
335128 0.0000000000
335166 0.0000000000
335374 0.0000000000
335915 0.0000000000
335942 0.0000000000
336139 0.0000000000
336394 0.0000000000
336517 0.0000000000
336674 0.0000000000
336904 0.0000000000
336925 0.0000000000
337166 0.0000000000
337932 0.0000000000
339944 0.0000000000
evaluations raw_y
1 656179.0343199553
16 620063.3076812312
20 573524.8971706550
24 526289.5490220530
65 488732.1456686911
73 412371.5507451885
92 392484.3175919038
101 382407.5848241397
109 372897.8161021934
112 240609.3479217937
232 204693.3108938708
265 200249.3116636899
269 156833.1203388795
357 132578.2715123945
521 94037.6180535014
2143 74653.7036679272
2156 62006.1156837086
2246 52561.1879494876
2413 46928.5040268954
2538 42227.9069825780
2592 33912.0467599916
2622 33494.6674748318
2859 29068.8012206287
2901 19143.7909205401
3083 18755.6657093340
3223 16534.8783916665
3242 15949.4779576531
3282 13661.6283418702
3378 12325.5578741688
3490 11706.3572514181
3530 11021.7339478997
3578 10165.2068061897
3625 9281.9581170512
3629 8750.4626323313
3696 8224.1525769858
3705 6311.8558364299
3886 5092.9314632612
3962 3466.7355451293
4169 3459.4590966425
4277 3188.3642301365
4415 2768.9784799349
4591 2656.1661845857
4869 2510.2916869996
4883 2276.2039827692
4986 2244.7450316103
5279 1418.1654339449
5723 1208.1022187485
5913 1198.4668563551
5915 1146.2857059938
5996 1004.6658634496
6061 914.3630064859
6183 511.9205970345
6415 389.3030621963
6887 324.2897837642
6957 311.5238891321
7010 294.9870747876
7090 251.7050015873
7621 219.1653457503
7772 200.5253161477
7952 178.1088992978
8034 174.2332299644
8105 155.3254103320
8254 149.1607917910
8292 128.3593530328
8411 118.1179947225
8681 106.2013187510
8708 93.7988352870
9050 84.7322939343
9188 79.9925553857
9350 79.0500151509
9427 77.0213655916
9493 75.9082631583
9508 72.8561236383
9584 63.4711932463
9759 58.3912366908
10414 55.8321611144
10441 51.4758327659
10748 50.4008803313
10771 50.0065125576
10820 49.8348292569
10943 49.6479068675
11015 49.0688032380
11028 47.6297608874
11086 47.3955632600
11118 47.0285805494
11134 45.5104373635
11446 45.2254639731
11454 44.3344522899
11891 43.4321891869
11918 43.2483919592
11938 42.8144575312
12093 41.8340148147
12142 41.6041785957
12185 41.1315516135
12399 41.0238076938
12481 41.0037923359
12488 40.9705434128
12580 40.8271234459
12697 40.6891898910
12726 40.6679766878
12744 40.6540422687
12762 40.3732280086
12815 40.2685962839
12933 40.1868795871
13025 40.1624756615
13028 40.0099143465
13138 39.9071294026
13173 39.8037434528
13342 39.7696780149
13382 39.7531143380
13666 39.7464341637
13763 39.7378207265
13821 39.7300069122
13859 39.5389014597
14106 39.4606027029
14151 39.4597809715
14216 39.4566563449
14312 39.3920536443
14329 39.3916781612
14338 39.3605710099
14397 39.3526806222
14440 39.3190446158
14472 39.2391432396
14803 39.1848164892
15129 39.1532979881
15407 39.1487022391
15429 39.0661451644
15677 39.0578528579
15727 39.0548390704
15781 39.0384438165
15876 39.0174579444
15917 38.9929588131
16142 38.9895775019
16149 38.9880910229
16318 38.9845255256
16989 38.9144925319
17316 38.9078848521
18265 38.8438978758
18483 38.8006888700
18706 38.7974930935
18810 38.7511014445
19261 38.6668585748
19422 38.5211227684
20394 38.5036606786
20912 38.4184885562
21105 38.3278648458
21803 38.3190922486
22269 38.3130852169
23012 38.1544026287
23089 38.1368467093
23225 38.1259134128
23406 38.1060196440
23442 38.0821933848
23522 37.9547257641
23625 37.9444157143
23634 37.9421512710
23654 37.9357553534
23690 37.7945256016
23806 37.7794847166
23872 37.6789100211
23987 37.6082976236
24154 37.4547491026
24440 37.4429779387
24483 37.4088039189
24594 37.3485051816
24822 37.3177535624
25172 37.1791414418
25366 37.1758631561
25416 37.1350976927
26049 37.0243741240
26563 36.9623650053
26714 36.8986246276
27558 36.8968566534
27740 36.8338552971
27755 36.8240040450
27936 36.8090707638
27952 36.8063233294
28080 36.5870011479
28847 36.5048805292
29139 36.4279672213
29318 36.3186997507
29393 36.2521638333
29608 36.2481247285
29612 36.0393698399
31153 36.0060632061
31307 35.8445097503
32151 35.8228808592
32198 35.6502443081
32728 35.4036830901
33332 35.3361677846
33500 35.3246373227
33785 35.2698623829
34024 35.2635791309
34108 35.2619787878
34110 35.1690508819
34390 35.0753250540
34903 34.9560017347
35906 34.9117493638
36134 34.8899388155
36240 34.8602461834
36296 34.7697760246
36702 34.6705710236
36757 34.5943360344
37442 34.5519437883
37592 34.4735019532
38441 34.4271906880
38493 34.3938541947
39378 34.3422691620
40047 34.3058705949
40167 34.2824685431
40171 34.1399577057
40487 34.1114496428
40681 34.0086269973
41708 33.9701715057
41819 33.9417228724
41925 33.9185795926
41992 33.9075042669
42036 33.8785314042
42167 33.8343784277
42185 33.7924504709
42261 33.7009629365
42651 33.6668294079
42809 33.5739570130
43570 33.5292052667
43915 33.5023366065
44154 33.4192682952
45121 33.3607660905
45136 33.2818643810
45212 33.2281410244
45819 33.1524965712
46257 33.1387452320
46466 33.0578725913
46831 33.0480191379
46881 33.0311735108
46957 32.9780043905
46989 32.9124485871
47039 32.8940396061
47235 32.8886419684
47435 32.8696048994
47474 32.8466434714
48107 32.8371487775
48306 32.8025260512
48502 32.7520451668
48552 32.6944151187
48745 32.6711004513
48956 32.5815832225
50143 32.4876487316
50213 32.4825281287
50384 32.4725203652
50815 32.4630684959
50855 32.3645638009
51071 32.3350039433
51188 32.3210260382
51456 32.3116920807
51583 32.2028118900
52016 32.0419051583
52798 32.0362562744
53454 32.0288235859
53648 32.0142857773
53979 32.0116509143
54141 31.9629073716
54315 31.7810572189
54996 31.7678020388
55191 31.7302680240
55225 31.7000650219
55384 31.6211775036
55562 31.5958563616
55638 31.5423376823
55671 31.5099333937
56160 31.4964980351
56187 31.4408268491
56232 31.4370549242
56286 31.3816988207
56347 31.3756569116
56502 31.3294511622
56644 31.3231383757
56651 31.3126642298
56848 31.3015380854
56868 31.2910945150
57294 31.2822376505
58842 31.2345880414
59175 31.2268981896
59194 31.1764376842
59380 31.1761993414
59668 31.0592257423
59889 31.0323285039
60195 31.0190695014
60444 31.0103749585
60490 30.9998877863
60499 30.9682648623
60587 30.8592723032
60919 30.8486842483
61030 30.8382276954
61495 30.8156356717
61534 30.8021670581
61569 30.6102231679
62421 30.5064716405
62689 30.4723625280
62783 30.4715160687
62804 30.3814428262
63515 30.3783715567
63569 30.2930322407
64129 30.2716278815
64523 30.2313419458
64693 30.2198186909
64814 30.2102182332
64942 30.2003287266
65063 30.1344604422
65290 30.1164295278
65415 30.0619818129
65560 30.0202147617
65620 29.9833352041
65963 29.9813844432
65978 29.8982243409
66639 29.8812950531
66734 29.8667842350
66764 29.8044507102
67537 29.7602589961
68293 29.7596419683
68556 29.7409854118
68588 29.7182524766
68599 29.5928382745
68999 29.5031707646
69194 29.4738054554
69350 29.4549924791
71088 29.3808697053
71175 29.3763892003
71332 29.2692248557
71458 29.1433970563
72156 29.0324177115
72195 28.9746361468
73008 28.9529938572
73047 28.9141266213
73102 28.8548366432
73362 28.8346268695
73528 28.7199953317
73758 28.6002967709
75466 28.5374514361
75664 28.4532787334
76000 28.4373495721
76036 28.3417291009
76407 28.3333016437
76597 28.3310562225
76803 28.2903381414
76945 28.2690599666
77042 28.2108366892
77454 28.1672543678
77625 28.1204877134
78063 28.1065220779
78228 28.0081712623
78879 27.9960302550
78891 27.9874932834
79022 27.9381128533
79072 27.9380942732
79116 27.8804371415
79344 27.8410021822
79806 27.6373577069
81012 27.5626601489
81860 27.4505230931
82535 27.4087674228
82865 27.4002735844
83064 27.3519141424
83439 27.3492941501
83564 27.2684185422
83966 27.2609079609
83996 27.2332159760
84029 27.2239972450
84073 27.1371049954
84384 27.1181995857
84627 27.1162388988
84776 27.1123153100
84896 27.0813560891
85170 27.0573286806
85679 27.0063266642
85949 26.8956574367
86253 26.8650490360
87193 26.7931706058
87262 26.7521921594
88125 26.6838421499
88208 26.6213589926
89246 26.5179171100
89297 26.4827940918
89472 26.4711836298
89696 26.3240338900
89825 26.3075629450
90621 26.2468449715
90757 26.2400823463
90761 26.2212641064
90858 26.1727718066
91133 26.0885661441
91897 26.0641732208
91950 26.0363423705
91979 25.9782101762
92621 25.9459457526
92674 25.9007057152
92813 25.8099418838
93363 25.7849333895
93562 25.7664536148
93696 25.6994888044
94388 25.6695452054
94756 25.6378054851
95218 25.5861169274
95859 25.5202357757
96253 25.4971693265
96606 25.4451174457
96731 25.4384237159
96846 25.3960581362
96898 25.3702156699
97644 25.1332844067
100137 25.0165674405
100165 25.0116834946
100380 24.9994905932
101473 24.9882755054
101574 24.8805408837
102235 24.8164710781
102705 24.8009485555
102774 24.6505229060
103082 24.6260309420
103564 24.6246855133
103824 24.5532925015
103907 24.4955651115
104175 24.4830823539
104506 24.4785388082
104508 24.4705003418
104560 24.3853150138
104912 24.3660713967
105056 24.3354438810
105195 24.3236875037
105331 24.3181360740
105657 24.2142501036
106835 24.1345463033
107197 24.0712567225
107724 24.0564721989
107830 24.0551095443
107836 23.9989402708
108044 23.9505777482
108299 23.9491491549
108464 23.9266211857
108590 23.9071609110
108854 23.8440101899
109148 23.7320687385
110700 23.6498279023
110794 23.6259850384
111113 23.5564486316
111684 23.5095895871
111920 23.4515776735
112306 23.3969147029
112720 23.3323314007
113015 23.3158930770
113099 23.2524093758
113551 23.2466798557
113975 23.1693238975
113976 23.1649552194
114151 23.1001351026
114777 22.9887904380
115323 22.9082408004
115776 22.8700867052
116162 22.6968847805
118094 22.6797677635
118224 22.6714520773
118238 22.6289552172
118401 22.6030486425
118412 22.5938085739
118447 22.5309350481
118723 22.5141520695
118818 22.4379102573
118927 22.4082068788
119084 22.4057767148
119141 22.3454123614
119791 22.3169777722
119805 22.2783347355
119990 22.2586219848
120355 22.2578607453
120470 22.2423474982
120846 22.2079473233
120888 22.2049396866
121293 22.1192528428
121588 22.0375688123
123312 21.8770547877
123517 21.8473030995
123886 21.6594267594
125656 21.6067319497
125688 21.5734962647
125817 21.5531178454
126113 21.5456000658
126208 21.5032189959
126263 21.4972452904
126334 21.4559733996
126833 21.3632084682
127955 21.3439281284
128337 21.3311411623
128821 21.3166805657
128837 21.3117806282
128897 21.2380931185
128956 21.1178314092
129898 21.0992835078
130206 20.9688520448
130940 20.9500582798
130952 20.9210119399
131737 20.8773875674
131799 20.8415996743
131958 20.7240617711
133535 20.7131809374
133589 20.6958292550
133737 20.6613232545
134077 20.6040285100
134318 20.5595887019
134427 20.5541454827
134541 20.5312297442
134744 20.4740183679
134745 20.4547377326
134767 20.4217270375
135051 20.3479500922
135401 20.3452918137
135425 20.3286975706
135667 20.2873139870
135886 20.2125884823
135977 20.1977685307
136013 20.1418334280
137846 20.1262291178
137984 20.1156462289
138269 19.9639365390
139190 19.7985275817
141355 19.7490617108
141734 19.6894634122
141871 19.6301640555
141919 19.4743861284
143985 19.4360838553
144241 19.2923357371
144670 19.2612512701
144697 19.2089822190
145122 19.2073680371
145308 19.1660770532
145345 19.1131931006
145844 19.1110740057
145845 19.0877889826
145846 19.0541276468
145988 19.0494073449
146188 19.0021760325
146282 18.9949751965
146543 18.9945653104
146892 18.9703440708
147243 18.9150069770
147337 18.8400586766
147680 18.8076137990
147905 18.7405277533
148448 18.6396231317
149341 18.6395693177
149501 18.6188397310
149715 18.6165247950
149839 18.4996505933
149924 18.4917812912
150540 18.4598175106
150897 18.4546070982
150934 18.4433642745
151022 18.4027793675
151379 18.3316838830
151473 18.2930676462
151485 18.2742129278
151771 18.2704553067
154228 18.2440810344
154530 18.2292754965
154573 18.1329037326
154727 18.1247640274
155003 17.9019851996
155783 17.8932472431
155980 17.8298133427
156257 17.8264441668
156975 17.7717286474
157266 17.7272999612
157653 17.6618296095
157740 17.6031436381
158020 17.5222400080
158064 17.5161205841
158088 17.4009443167
158451 17.3708502609
158511 17.3660556158
158796 17.3443082178
158855 17.2839388356
158927 17.2099922820
159102 17.0433380022
160530 16.9525559452
160890 16.9422792540
162006 16.9370431564
162367 16.7930280579
163654 16.7006958954
163727 16.6004561834
163832 16.5614763818
163929 16.5428245123
164248 16.4685336163
164657 16.4384023778
165135 16.3781563543
165240 16.3624016429
165270 16.3174538095
165876 16.2889420926
166095 16.2606192008
166197 16.2450149737
166227 16.2197240608
166463 16.1540617762
166896 16.1244793014
167052 16.0793644197
167713 16.0679255211
167718 16.0284558508
168865 15.9962495460
169095 15.9936778563
169142 15.9885000583
169229 15.9638299911
169299 15.9547557482
169324 15.9484262206
169414 15.9173027602
169483 15.7889728487
169858 15.7505029951
170296 15.7500059855
170356 15.6712703513
170978 15.6164653596
172100 15.5887050841
173248 15.4768379313
173977 15.4563967267
174105 15.4484948063
174242 15.2727964436
174324 15.2051722033
175068 15.1799528534
175335 15.0687497390
176490 15.0659462351
176514 14.9927076952
176630 14.9367004522
176788 14.9219152324
176957 14.8920279639
177131 14.8707589112
177321 14.8443872266
177490 14.8068440687
177519 14.7986658390
177685 14.7899758681
177750 14.7713230436
177856 14.7613965671
177958 14.7309923975
178227 14.6942824317
178680 14.6834153023
178682 14.6639556238
179986 14.6272052883
180565 14.5929163821
181938 14.4630309277
182163 14.4353354151
182247 14.3894426428
182262 14.2050390140
183416 14.1586069799
183653 14.0904792720
183900 14.0125958258
183937 14.0101774949
184336 13.9667975951
185087 13.9438474867
185327 13.8980440199
185713 13.8355743544
186031 13.7990121060
186289 13.7902703059
186292 13.7835985068
186418 13.7395443731
186539 13.7253184884
186832 13.6797329166
186911 13.6097268874
187429 13.6000255023
187785 13.5566927062
187833 13.5025742986
188117 13.4505692148
189521 13.4301125693
189556 13.3398717077
189977 13.2998207740
190401 13.2499910769
190452 13.2290293423
190882 13.2183459351
190990 13.1992424176
191319 13.1318188235
192009 13.1103685096
192620 13.0910051273
192929 13.0689860215
193114 13.0622017634
193289 13.0291903576
193498 13.0245287284
193695 12.8854871986
194670 12.8847080202
194721 12.7845631276
194880 12.7538068578
194910 12.6941472075
195150 12.6883668349
195177 12.6847287740
195240 12.5901811946
195383 12.5766540211
196023 12.4851896381
196240 12.4335035942
196873 12.3558835920
197964 12.3021651606
198350 12.2143642446
198823 12.1856313001
198930 12.1441853549
200522 12.0436252538
200706 12.0424989801
200954 11.9481095058
201083 11.9473515508
201264 11.9270123191
201770 11.9236673304
202149 11.8993653542
202191 11.8945638615
202319 11.7957604226
202341 11.6421730540
203133 11.5992989734
204241 11.5929727496
204345 11.5853552869
204426 11.5228055873
204642 11.4617034360
205023 11.4452324482
205443 11.4199451790
205476 11.3357994745
205781 11.2423255180
206401 11.1979582127
207338 11.1951929592
207551 11.1655938418
208072 11.0854947614
208535 11.0722531970
208731 11.0307845483
209189 11.0155640668
209267 10.9654111530
209289 10.9226770066
209400 10.9076604399
209810 10.8899742893
209999 10.8807047701
210103 10.8462641640
210134 10.8358359409
210327 10.7256792344
210442 10.7123851008
210597 10.6665052668
210646 10.6189872092
210973 10.5203361500
210978 10.5157133061
211948 10.5001772906
212256 10.4195773102
213252 10.3742893595
213353 10.3398035140
213568 10.2917084212
213581 10.2030684860
213951 10.1320661863
215263 10.1012451820
215288 10.0666468412
215708 10.0414725286
215836 10.0034361763
216612 9.9075848908
216889 9.8617044012
217227 9.7301049483
217540 9.6677497119
217821 9.6597172033
218296 9.6276292558
218638 9.5542213475
219035 9.4570950853
219502 9.3765860128
220207 9.3438465093
220840 9.3225666029
220931 9.3203184115
220936 9.2459086254
221474 9.2331087674
221817 9.1976910065
221871 9.1604293202
222077 9.1318990205
222259 9.0695181215
224111 8.9988292197
224162 8.9360582148
225294 8.9306378293
225552 8.8667780335
226671 8.8461367984
226681 8.7898002124
226972 8.7055678806
227022 8.6590831013
227233 8.6344898122
227454 8.6257667766
227608 8.4896484044
228261 8.4659232755
228271 8.4541978900
228317 8.4295473563
228764 8.3806912909
229212 8.3453073122
229634 8.3070071380
229681 8.2491335592
230157 8.2229044119
230345 8.1953236759
230380 8.1883302371
230414 8.1212360592
230612 7.9385563443
231903 7.9204647003
231939 7.9120861372
232444 7.8876943395
232452 7.8796523637
232491 7.8721987057
232546 7.8698885959
232672 7.7819449809
232907 7.7722861074
233621 7.7536682406
233719 7.6843652037
233817 7.6663545685
233946 7.6610370761
234375 7.6390365821
234402 7.6212916995
234545 7.5669771016
234833 7.5578681989
234850 7.5354178009
234880 7.5296988417
235152 7.4659139286
235328 7.4560350677
236303 7.3953022619
236563 7.3824787422
236749 7.3466299309
236832 7.3288228426
236991 7.2620419178
237296 7.2309979403
237780 7.1767263159
239714 7.0831175688
240065 6.8853506041
240589 6.8758320232
241351 6.8425953546
241390 6.8410340986
241481 6.6741051221
241918 6.5277093582
243695 6.4695519250
243967 6.4627190700
244166 6.4557948378
244276 6.4058484970
244514 6.2657143690
245229 6.2501748474
245343 6.2406862229
245477 6.1775464129
245711 6.1715357663
245777 6.1505637220
245822 6.1308863548
245850 6.0396308953
246191 6.0243750223
246325 6.0207458472
246338 6.0070845228
246367 5.9735872003
246883 5.9577478815
247581 5.8441332599
248316 5.7794375852
249921 5.6413335359
249960 5.6407047705
250058 5.6351054190
250203 5.6204141028
250418 5.5453953927
250751 5.2855565605
252849 5.2735492054
252952 5.1123307118
253554 5.0880877474
253614 5.0818254142
253751 5.0743475250
253960 4.9343711091
254088 4.8539615418
254433 4.8503061342
254593 4.8250862123
254814 4.6600358551
258097 4.6002724436
258342 4.5128756548
259053 4.4496847014
259124 4.2967866814
259375 4.2113861245
260660 4.2004287852
260751 4.1610237735
260872 4.1380510450
260985 4.1120349539
261069 4.0825234165
261305 4.0223230564
261382 3.9367814470
261764 3.9223931180
262790 3.7758407507
263207 3.7285204244
263866 3.7108978329
264141 3.7023561258
264324 3.6807878108
264426 3.6739756572
264587 3.6280621633
264971 3.6039715085
265008 3.5869455303
265269 3.5690123644
265416 3.5670865844
265433 3.4791895257
265810 3.4416476933
267099 3.3798555949
267224 3.3667744538
267260 3.3427777496
267454 3.1766589459
268455 3.1662215659
268574 3.1523540313
268784 3.0899000501
268825 3.0395087241
269135 3.0383139622
269152 3.0275971401
269247 3.0242743905
269427 3.0200156664
269484 2.9761356288
269636 2.9632055535
269694 2.9577715053
269779 2.8924400196
270008 2.8340488922
270036 2.8021403526
270562 2.7867596949
270717 2.7595748041
270879 2.6896147853
271437 2.6755132568
271936 2.6506981949
272489 2.5874757782
273310 2.5840286428
273416 2.4890325462
273707 2.4413592385
274084 2.4314151695
274516 2.3326362766
275060 2.3217287231
275134 2.2098893997
275682 2.1719983426
275900 2.0679342117
277640 2.0525113067
277795 1.9844913997
277859 1.9784072205
278124 1.9518602392
278393 1.9328727515
278549 1.8946447610
278577 1.8660851161
279577 1.8415241669
279699 1.8211035302
280274 1.7718635512
281048 1.7254330800
281223 1.7206262026
281303 1.7202694745
281496 1.7135488422
281519 1.6999293122
281561 1.6086395197
281839 1.5855554877
282353 1.5613974011
282505 1.5102257240
282932 1.4949634864
284339 1.4498674978
284685 1.4442941250
284805 1.4229778285
284903 1.3698507677
284924 1.3388633048
284981 1.2764541909
285236 1.2559495901
285317 1.2344389220
285362 1.2285576674
285966 1.2039078668
286010 1.1462969721
286023 1.1283812718
286136 1.1271269105
286431 1.1219246026
286526 1.1064618820
286536 1.0859162866
287079 1.0692807447
287205 1.0540974362
287292 1.0300208338
287574 0.9950562537
288131 0.9935306500
288337 0.9878231047
288346 0.9607595550
289802 0.9215543664
289951 0.9043533022
290134 0.9007455083
290152 0.8991108906
290371 0.8228132685
290644 0.7896368934
291127 0.7423636026
291328 0.7421055855
291501 0.7285432791
291687 0.7059733173
291749 0.6651761183
292306 0.6603971668
292918 0.6286847540
292984 0.6245893595
293427 0.5969033601
294709 0.5698200464
294827 0.5551447027
295064 0.5514823443
295200 0.5458119939
295206 0.5424222795
295229 0.5083629408
295305 0.4913113415
295373 0.4894102992
295509 0.4755771903
295666 0.4664394549
295717 0.4590265137
295765 0.4537369891
296091 0.4433942584
296367 0.4345404357
296435 0.4163867570
296595 0.3882084739
297451 0.3664343294
297860 0.3499892380
297947 0.3402884461
298274 0.3349773269
298301 0.3305636399
298334 0.3096514088
298558 0.3028291175
299489 0.2698845772
300340 0.2615498868
300885 0.2597477709
301054 0.2482844185
301182 0.2465788695
301252 0.2406140824
301354 0.2298629752
301397 0.2220250973
301672 0.2193287752
301688 0.2058386733
302063 0.1902207501
302292 0.1861533266
302407 0.1858894495
302481 0.1725544135
302641 0.1720855496
302838 0.1680478570
302960 0.1577383716
303128 0.1541798213
303226 0.1525206543
303328 0.1496933663
304103 0.1402904148
304193 0.1374824556
304231 0.1355904090
304334 0.1212033998
305039 0.1174878321
305147 0.1170352951
305186 0.1141129083
305428 0.1129498706
305521 0.1114878909
305580 0.1095794731
305646 0.1042392871
306671 0.0981977564
306817 0.0891895141
307502 0.0832262688
307612 0.0776271378
307619 0.0688723455
308656 0.0530259972
309538 0.0501644451
309881 0.0463532369
310356 0.0446802147
310465 0.0436169505
310529 0.0401637836
310640 0.0368003301
310927 0.0364812102
310944 0.0345997613
311077 0.0338217402
311257 0.0261551483
311940 0.0260843284
312212 0.0252550215
312227 0.0251492077
312271 0.0242611985
312311 0.0218652800
312357 0.0192092702
312452 0.0188238654
312635 0.0167371550
313002 0.0165487426
313159 0.0153849073
314189 0.0151606294
314292 0.0151441034
314338 0.0151036669
314369 0.0149559899
314625 0.0145626014
314639 0.0123799817
314755 0.0115365262
314850 0.0100279097
314873 0.0077300734
315429 0.0076666650
315449 0.0067085078
315824 0.0065711602
315925 0.0055450164
316178 0.0054388024
316189 0.0053879188
316454 0.0053400067
316490 0.0050862812
316711 0.0047873133
316814 0.0041664261
317103 0.0040213287
317131 0.0039967065
317166 0.0039151403
317174 0.0030856887
317778 0.0026350885
318171 0.0026075616
318248 0.0024811649
318372 0.0022483226
318766 0.0019850653
318779 0.0019553104
318895 0.0017393399
319090 0.0015977440
319433 0.0012718211
319651 0.0012449937
319686 0.0011744767
319796 0.0010886659
320023 0.0010758691
320094 0.0010561522
320212 0.0009915234
320364 0.0009108557
320378 0.0007906844
320518 0.0007549816
320833 0.0006637816
320896 0.0006552433
321150 0.0005469067
321362 0.0004921355
321523 0.0004397979
321628 0.0003867853
322070 0.0002752182
322768 0.0002544697
323366 0.0002335052
323429 0.0002219205
323575 0.0002094709
323591 0.0002044781
323817 0.0002028052
323922 0.0001840870
324013 0.0001816552
324034 0.0001794880
324060 0.0001742433
324157 0.0001732843
324232 0.0001719137
324245 0.0001570477
324376 0.0001491136
324452 0.0001478139
324453 0.0001397245
324501 0.0000890627
324725 0.0000694121
325237 0.0000674306
325316 0.0000653329
325449 0.0000516623
325818 0.0000439529
325897 0.0000382083
325942 0.0000268796
326298 0.0000261909
326501 0.0000197545
326629 0.0000193385
326827 0.0000189483
327111 0.0000168113
327228 0.0000162706
327371 0.0000160611
327418 0.0000156740
327519 0.0000118905
327928 0.0000097778
328382 0.0000096091
328757 0.0000095616
328760 0.0000088589
328935 0.0000078109
328964 0.0000060482
329121 0.0000060192
329237 0.0000058531
329256 0.0000047910
329555 0.0000041577
329620 0.0000039730
329690 0.0000039197
329803 0.0000036533
329811 0.0000032646
330010 0.0000031505
330087 0.0000026937
330314 0.0000022691
330397 0.0000019601
330651 0.0000017735
331033 0.0000017284
331034 0.0000016395
331408 0.0000015875
331514 0.0000015808
331533 0.0000014269
331567 0.0000013322
331576 0.0000010761
331636 0.0000009730
331996 0.0000009727
332070 0.0000009171
332231 0.0000008465
332326 0.0000007050
332832 0.0000006961
332890 0.0000006412
332905 0.0000006392
332939 0.0000006094
333058 0.0000005938
333077 0.0000005719
333138 0.0000004371
333198 0.0000003918
333389 0.0000003354
333576 0.0000003027
333671 0.0000002750
333914 0.0000002702
334005 0.0000002611
334035 0.0000002512
334066 0.0000001906
334170 0.0000001802
334435 0.0000001614
334477 0.0000001245
334736 0.0000001200
334748 0.0000001180
335114 0.0000001128
335156 0.0000001022
335362 0.0000000845
335460 0.0000000609
335789 0.0000000548
335840 0.0000000547
336034 0.0000000541
336232 0.0000000503
336245 0.0000000501
336286 0.0000000390
336590 0.0000000333
336924 0.0000000315
337434 0.0000000257
337515 0.0000000242
337606 0.0000000237
337679 0.0000000187
338004 0.0000000175
338164 0.0000000172
338221 0.0000000101
338696 0.0000000076
339105 0.0000000075
339157 0.0000000054
339415 0.0000000038
339761 0.0000000031
339856 0.0000000031
340250 0.0000000027
340364 0.0000000023
340626 0.0000000017
340750 0.0000000015
341068 0.0000000012
341151 0.0000000010
341372 0.0000000009
341589 0.0000000008
341597 0.0000000008
341717 0.0000000006
341809 0.0000000006
342032 0.0000000005
342183 0.0000000005
342275 0.0000000003
342489 0.0000000003
342987 0.0000000003
343085 0.0000000003
343104 0.0000000003
343113 0.0000000003
343206 0.0000000002
343241 0.0000000002
343321 0.0000000002
343609 0.0000000002
343627 0.0000000002
343809 0.0000000001
344033 0.0000000001
344301 0.0000000001
344335 0.0000000001
344344 0.0000000001
344457 0.0000000001
344958 0.0000000001
345103 0.0000000000
345309 0.0000000000
345468 0.0000000000
345555 0.0000000000
345629 0.0000000000
345676 0.0000000000
345950 0.0000000000
345953 0.0000000000
346416 0.0000000000
346442 0.0000000000
346502 0.0000000000
346526 0.0000000000
346569 0.0000000000
347178 0.0000000000
347200 0.0000000000
347258 0.0000000000
347271 0.0000000000
347513 0.0000000000
347578 0.0000000000
347698 0.0000000000
347824 0.0000000000
347881 0.0000000000
347887 0.0000000000
347898 0.0000000000
347970 0.0000000000
348011 0.0000000000
348019 0.0000000000
348076 0.0000000000
348081 0.0000000000
348101 0.0000000000
348127 0.0000000000
348134 0.0000000000
348159 0.0000000000
348179 0.0000000000
348233 0.0000000000
348370 0.0000000000
348434 0.0000000000
348954 0.0000000000
348992 0.0000000000
349002 0.0000000000
349062 0.0000000000
349073 0.0000000000
349110 0.0000000000
349295 0.0000000000
349357 0.0000000000
349541 0.0000000000
349588 0.0000000000
349611 0.0000000000
349952 0.0000000000
350126 0.0000000000
350339 0.0000000000
350367 0.0000000000
350464 0.0000000000
350534 0.0000000000
350573 0.0000000000
350706 0.0000000000
350979 0.0000000000
351051 0.0000000000
351114 0.0000000000
351134 0.0000000000
351294 0.0000000000
351659 0.0000000000
351714 0.0000000000
351811 0.0000000000
351913 0.0000000000
352160 0.0000000000
352163 0.0000000000
352247 0.0000000000
352324 0.0000000000
352677 0.0000000000
352821 0.0000000000
353145 0.0000000000
353248 0.0000000000
353470 0.0000000000
353889 0.0000000000
354675 0.0000000000
356459 0.0000000000
357720 0.0000000000
evaluations raw_y
1 2567575.7030911501
3 1876594.5548485185
6 1212558.0926964809
8 691992.8159696033
22 614276.0258071023
59 575405.5565072659
91 534558.0211746738
92 407193.2595012644
93 305053.6566343603
114 299403.2032505722
174 289453.3812807970
185 266125.3537770683
209 260594.8906412938
298 235299.1631644617
307 164378.1307519136
365 151523.4489075957
487 147000.7268199383
661 141293.6730425928
1695 132321.9394105436
1916 126261.9246729266
1964 88439.8045989062
1973 78591.2921546658
2279 46713.5773788952
2446 23473.7501037385
2707 21772.1374667349
3009 20041.0383408118
3040 16434.7173714342
3056 14858.8326724870
3103 13971.9711395056
3225 12991.8981578521
3251 10988.6980791456
3314 8484.0811088270
3346 7302.2591921316
3407 6208.4678220241
3543 5290.1806391804
3641 5209.5061410827
3723 5093.6751170396
3742 4780.9676813660
3747 3129.8318152644
3816 2764.3162384608
4320 2719.1905441676
4329 2163.5152893349
4344 2096.4907242318
4582 1815.7932011448
4583 1676.3335745008
4705 1559.0183675586
4722 1509.6344624485
4766 1274.0289137042
4841 901.6923977776
4996 830.7488605387
5036 715.2659151229
5050 701.5722870888
5066 633.4319372431
5195 556.2598592347
5399 538.6511843406
5534 473.5671058666
5546 423.6091761771
5600 395.9222211555
5610 389.4954662064
5785 352.2822621606
5879 329.3827620619
5978 283.1536614890
6132 258.5639416275
6178 254.4480826152
6267 246.7146817614
6309 188.7238078326
6635 185.9288522814
6650 175.7959803944
6728 141.2251607389
6997 137.1403721919
7020 132.0444122832
7069 121.0562197290
7170 113.0936703786
7176 110.4706581361
7341 93.3435409455
7586 85.4463412417
7802 82.2978833626
7889 78.9055921884
7952 77.5860649891
8015 75.6869729262
8165 72.4080281951
8228 69.1540179024
8261 65.8033577132
8375 65.7984108397
8420 64.1928408925
8444 63.6301875847
8463 62.4891447245
8521 61.3148131083
8548 54.0503366739
8903 53.3532673201
8982 50.7463696129
9228 50.2881199788
9242 49.3290283861
9379 49.2589582678
9406 47.4494256715
9577 45.4259678059
9701 45.3424454876
9726 44.6363837600
9893 44.0563743838
9899 43.3392424350
9907 42.3823564163
10163 41.5245057880
10306 41.0619254949
10493 40.9683168822
10507 40.9577565552
10524 40.6730427501
10603 40.6045709193
10704 40.2499738360
10796 40.2220050102
10820 40.1771887640
10861 40.0438258132
10904 40.0368596747
11001 39.8532280440
11020 39.5996925621
11086 39.5729596771
11094 39.4394406774
11234 39.4126161891
11236 38.9951899743
11467 38.9841032208
11629 38.9212858497
11711 38.8465225421
11726 38.6983721899
11944 38.6564045934
12005 38.6261064469
12022 38.5717011307
12051 38.4906342066
12232 38.4630044173
12261 38.4360716104
12272 38.3781363638
12354 38.3419749563
12392 38.3322747899
12495 38.3278509442
12521 38.2897569168
12547 38.2496142079
12557 38.2418685643
12608 38.2052126858
12737 38.1152530531
12839 37.9873839897
13589 37.9713790553
13681 37.9575543304
13924 37.9436943788
13943 37.9108280280
14329 37.8722033466
14534 37.8617520820
14659 37.8492433400
14904 37.8214778223
17805 37.4357665503
18313 37.3471038975
18369 37.3093816275
18411 37.2892527179
18457 37.2746699494
18573 37.2701612389
18597 37.2690067364
18622 37.0703561162
19311 36.8288317671
19377 36.8176697606
19397 36.8126433686
19556 36.6540634801
19790 36.5351052159
20597 36.4604238679
20631 36.3388148855
20962 36.2802123419
21103 36.2750367489
21817 36.2715774474
22120 36.2037746552
23390 36.0939375588
25052 36.0597540698
25156 36.0195397904
25332 35.2015443807
26418 35.1583688812
26665 34.8825593691
27190 34.8207863434
27289 34.7675754817
27366 34.7536180848
27534 34.7192961255
27643 34.6943315507
27791 34.6125093042
27883 34.5749954168
28061 34.4920021709
28344 34.4474170619
28610 34.4365203176
28612 34.1736334694
28921 34.0880701178
29937 33.8721952000
30055 33.7890098325
30833 33.6937191813
31139 33.6802199593
31172 33.6488843170
32267 33.6062823822
32284 33.4610938034
32814 33.4352043446
32829 33.3887335448
32988 33.2515402289
33518 33.1997531066
33555 33.1710489675
33802 33.1443690487
33938 33.1262126799
34320 33.0135103163
35021 32.8926499548
35685 32.8884383067
35760 32.8120504582
36008 32.7992213980
36431 32.6387379838
37936 32.6153077492
38091 32.5274550980
38159 32.5239628141
38213 32.4930429033
38257 32.4354969619
38309 32.4317924009
38568 32.3801286434
38724 32.3681287121
38776 32.1655514133
38794 32.1478133040
39084 32.0939092169
39274 32.0927821202
39634 31.9309826817
40396 31.8673128509
40526 31.7685056000
40983 31.7473461208
41492 31.7264133114
41582 31.6642686647
42002 31.5944284101
42277 31.5444880660
42389 31.5213157498
42552 31.4692629206
42958 31.3921765761
43546 31.2959240265
44054 31.2564855181
44144 31.2405220070
44249 31.1202096925
45137 31.1034218767
45880 31.0941852220
45916 31.0707684621
46179 31.0318258105
46333 30.9977549343
46436 30.8681023252
46979 30.8677103547
47043 30.7939132359
47100 30.7353818960
47430 30.6755095782
47560 30.6406494773
47903 30.6340199071
48036 30.6160609643
48061 30.4913887667
48598 30.4289076567
48732 30.3861896507
49005 30.3527922260
49503 30.1733187528
50856 30.0914155268
51493 30.0774118565
51529 30.0031254123
51684 29.9628278095
52145 29.9353888856
52227 29.9255070348
52353 29.9072727746
52479 29.8738844750
52593 29.8591369333
52654 29.8553507581
52674 29.8241597545
52685 29.8228504355
52758 29.7908963329
52795 29.7672438841
52809 29.7252632516
52813 29.6698303723
52962 29.6265080634
53111 29.5394201077
53391 29.5286905606
53613 29.4184350141
54502 29.3920715064
54667 29.3657966243
54897 29.2546059532
55335 29.2089733277
56180 29.1350366221
56277 29.1316876273
56391 29.0204126228
57163 28.9614273953
57556 28.9591468759
57755 28.8844522168
57820 28.8820764205
58070 28.8785358435
58213 28.8594949137
58591 28.7804211154
59253 28.7367362731
59352 28.6404644468
59953 28.5851948385
60068 28.5664416118
60382 28.5265394192
60420 28.4192318259
61839 28.2466064963
62035 28.2386993445
62183 28.1944844921
62943 28.0826746150
63214 27.9207347144
63798 27.9148822033
63915 27.8851437392
64090 27.7874743426
64491 27.7509598076
64772 27.6458385281
65390 27.6119968113
65580 27.5994525685
65863 27.5587986418
65982 27.5293135005
66228 27.4987318213
67372 27.4542819130
67452 27.4081008148
68113 27.3825051394
68129 27.3798466442
68319 27.2782752600
68623 27.2310957414
68772 27.1233527365
69185 26.9802030715
69862 26.9687301101
69952 26.9387246947
70092 26.9212240430
70147 26.8144670434
70362 26.8039371756
70377 26.7818930570
70883 26.7795547897
71042 26.7378147743
71236 26.6801572998
71474 26.6697253863
71550 26.6598434665
71560 26.6285688392
71766 26.5920764211
71821 26.5667341177
72075 26.5654666802
72094 26.5322283850
72423 26.4037054847
73184 26.3726573664
73294 26.3524148483
73839 26.3466246030
74183 26.3450583476
74292 26.2993124568
74326 26.2234491729
74894 26.1809074661
75145 26.0735962182
75642 25.9796924074
75807 25.9482665271
76565 25.9223556588
76775 25.8130379347
77393 25.7698840807
77958 25.7365546967
78060 25.6274582120
78194 25.6156300870
78529 25.6020422094
78751 25.5579591297
78919 25.5174009183
79145 25.5092269361
79176 25.4599306308
79784 25.4486896259
79788 25.4208586726
80091 25.3783791513
81085 25.2924132466
81156 25.2918444102
81631 25.2582669859
81744 25.2097887752
81763 25.1810039517
81819 25.0800169196
82118 25.0723549943
82603 25.0417662000
83484 25.0038539110
83903 24.9835989733
83906 24.7809755614
83922 24.7484170514
84330 24.7425104334
84827 24.7259368210
85118 24.6000502907
86071 24.4939708722
86312 24.4752483779
86525 24.4295596564
86632 24.3450502870
87283 24.3260153227
87423 24.2034849484
88108 24.1740838586
88198 24.1420605046
88623 24.1203572776
88816 23.9848940465
89178 23.9526400101
89704 23.8899777903
89936 23.8572418869
90330 23.8409581012
92040 23.7798170213
92200 23.6398605196
92578 23.6244854906
92993 23.5852769879
93357 23.5839982188
93364 23.5235733980
93471 23.4142426005
93789 23.3997982772
94100 23.3993516833
94102 23.3716797653
94104 23.3469769664
94168 23.3393531437
94220 23.2798674937
94259 23.2682444817
94610 23.2297008787
94929 23.2241350955
95094 23.1746013471
95625 23.1528493916
95848 23.0883145789
97225 23.0737060425
98037 23.0310797163
98087 23.0171876641
98108 22.9974371467
98223 22.9776306913
98239 22.8717778245
98356 22.8268276214
98388 22.7271144776
98730 22.7087439373
99215 22.6925151262
99517 22.6352945150
99691 22.6091258030
99966 22.5858139646
100004 22.5729980139
100009 22.5696007306
100185 22.5608711413
100337 22.5523199271
100559 22.5475623824
100697 22.5349439220
100846 22.5284465949
100888 22.5051658693
101501 22.4817833332
101833 22.4460847441
102005 22.3129516367
102387 22.3129452755
103351 22.2766115634
103361 22.2697961944
103372 22.2326193646
103729 22.1928811603
103753 22.1895067774
103840 22.1627375924
103847 22.1509654718
103860 22.1327586679
104137 22.1207000320
104167 22.0724376782
104301 22.0660098127
104391 22.0492823805
104843 22.0139655429
104964 21.9250905479
105496 21.9239736200
105541 21.8378041389
105663 21.8064822145
106392 21.8052364948
106613 21.7903561930
106993 21.7686639781
107170 21.6807334745
107657 21.6518998799
107686 21.6157320386
107949 21.5687394011
108309 21.5599189490
108821 21.3493425405
109683 21.3184121697
110099 21.2692804080
110272 21.2670340037
110351 21.2667036882
110389 21.1559384536
110851 21.1169610218
111005 21.0910173667
111203 21.0584636332
112296 20.9239570437
112487 20.8963633029
112587 20.8041117486
113136 20.7985616937
113178 20.7661475719
113310 20.6939739411
113761 20.6613866719
113779 20.5861312032
115402 20.5841387293
115810 20.5604270573
115831 20.5448034946
116131 20.4800888408
116379 20.4529269625
116568 20.4233177164
116649 20.4223478007
116671 20.3465748011
116978 20.2989570763
117235 20.2272301285
117250 20.2073333302
117364 20.2035505077
117418 20.2018850863
117582 20.1558866971
117822 20.1391088058
118301 20.1342865178
118449 20.0951048333
118548 20.0679833459
118558 20.0343102101
119039 19.9395101352
119381 19.9303490701
119740 19.8538788842
120670 19.7575846094
121637 19.7442394673
121816 19.6970471101
122143 19.6935191389
122171 19.5544615035
122723 19.5335969031
122903 19.4980433203
123314 19.4920907460
123348 19.4747074410
123379 19.4431277931
123534 19.4123869766
123603 19.3096664649
124722 19.2633224703
124866 19.2625613832
125041 19.2484846150
125291 19.2041520687
125334 19.1142157469
126264 19.0333786746
126674 19.0331455082
126954 18.9967071101
127092 18.9538050137
127205 18.8894149683
127451 18.8203096460
127511 18.7891960093
128009 18.7776323284
128331 18.7686610004
128578 18.7546917066
128696 18.7097553973
128771 18.6516151511
128873 18.6403561130
129027 18.6335422529
129412 18.6244735258
130582 18.6184087327
130659 18.5619335102
130715 18.5609109824
130728 18.4859260594
130810 18.4413978584
131021 18.4020819768
131062 18.3698294022
131281 18.3596931139
131315 18.3388807053
131906 18.3022832260
132385 18.2318427658
134097 18.2075823371
134134 18.1277103506
134325 18.0876200417
134670 18.0194149492
135033 18.0153979411
135132 17.9702006753
135301 17.9637176188
135341 17.8800441180
135438 17.8560955525
135569 17.8215573733
135799 17.7538224086
136183 17.7024001223
136789 17.6982819907
136892 17.6673801856
136943 17.6655550716
137074 17.5695742281
137713 17.5474294946
137872 17.5451012200
138726 17.4794489000
139106 17.4754649576
139152 17.3640422473
139223 17.2969740103
139227 17.2607339996
139395 17.2321716510
140115 17.2209505957
141006 17.2033646390
141153 17.1096598087
141602 17.0974271193
141974 16.9728612167
142627 16.9586729911
142820 16.9413983592
143142 16.7877400181
143263 16.7567937091
143881 16.7440737875
143952 16.6560467893
144235 16.6511546437
144512 16.6288691398
144648 16.6110355133
144680 16.6097310450
144839 16.5331302812
145398 16.4935531828
145984 16.4068712466
146840 16.3885752447
146921 16.3361805438
147522 16.3280308853
147553 16.2390923644
148098 16.1191914524
148732 16.0266190738
149192 15.9581059901
149530 15.9518870967
150872 15.9478998414
151038 15.9432117160
151073 15.8973470809
151186 15.8679571701
151253 15.8390501823
151270 15.8204627280
151316 15.7794673335
151449 15.7582576048
151613 15.7406413973
151806 15.7317011710
152071 15.7036886107
152124 15.6709334296
152458 15.6599984894
152479 15.6299417114
152580 15.5980287148
152582 15.5129165218
152775 15.4752984836
152979 15.4337344983
153308 15.3809251604
153553 15.3622700734
154409 15.3006985943
154704 15.2278666532
156137 15.2135995849
156173 15.1249474413
157050 15.1230413801
157340 14.9740677019
158096 14.9281509015
158830 14.8663354033
159438 14.8618303060
159459 14.7910547941
159866 14.6627508829
160182 14.6366664577
160731 14.6026691873
160842 14.5964308592
161074 14.5364844594
161243 14.5306739122
161470 14.4613928641
162595 14.4245648901
162686 14.3552930908
163559 14.3082098895
163578 14.2558098328
163705 14.1996796748
164411 14.1936649446
164412 14.1386714003
164568 14.0784105514
164737 14.0722488831
164743 14.0565600491
164903 14.0172959069
164971 13.9575570111
165580 13.9465982690
165846 13.9435999173
166117 13.9325346230
166576 13.8039479615
167449 13.7109739880
168575 13.5839163029
169311 13.5797229182
169620 13.4157296583
170968 13.3771988165
171059 13.3664847433
171251 13.3356720184
172412 13.2092830847
173153 13.1662007918
173261 13.1258886850
173309 13.1096884286
173359 13.0865364159
173537 13.0737826470
173717 13.0521717058
173741 12.9974578377
174095 12.9870064501
174149 12.9401793068
174566 12.9304785629
174701 12.8928556146
174824 12.8508098008
175369 12.8486150225
175375 12.8186877357
175550 12.7293456351
176369 12.6505807457
177176 12.6397983416
177634 12.5857018820
178166 12.4478786911
178586 12.3937659799
179044 12.3636675179
179167 12.3559568422
179295 12.2960696614
179556 12.2282610069
179608 12.2005711878
179956 12.1999649252
180000 12.1797189137
180047 12.1335089489
180085 12.1266740278
181122 12.1165204631
181125 12.0957165770
181134 12.0810152447
181356 12.0062684156
182503 11.8752868048
183400 11.8635513943
183808 11.8463986894
183997 11.8354737667
184083 11.7128974806
184783 11.5907328818
185494 11.5780107331
185711 11.5446906229
185815 11.5350834473
186357 11.4945179320
187002 11.3061017263
188517 11.3007771044
188642 11.2636879329
188696 11.2076286520
188777 11.0680658632
189340 11.0641950359
189793 11.0414633041
189974 11.0234054393
190049 11.0081623860
190200 10.9874619403
190397 10.9018169252
190926 10.8102102572
191564 10.7792886112
191643 10.7129739709
191992 10.6840902446
192573 10.6632892502
192712 10.6143542723
192971 10.5723059866
193611 10.5669448228
193845 10.4954621972
194249 10.4636602532
194623 10.4466556094
194712 10.4451304733
194815 10.4128013533
194894 10.3949789189
195006 10.3475248879
195142 10.3421707269
195425 10.3015542618
196970 10.2412003563
197350 10.2169492927
197380 10.1977209032
197521 10.1846056627
197718 10.1233658456
197746 10.0852121893
198424 10.0088157461
198436 9.9937895510
198747 9.9207978218
199012 9.9125549330
199290 9.8127476192
199633 9.7742288693
200943 9.6843195504
201692 9.6765093811
201841 9.6487645881
202140 9.4952714892
202938 9.4617860144
203996 9.4428473903
204126 9.3221435307
204389 9.3154324993
204391 9.2836230358
204407 9.2666045336
204571 9.2663767672
204603 9.1596204444
204944 9.1272002288
205087 9.0400423158
205146 9.0322624932
205760 9.0311006630
206832 8.9885432393
206912 8.9677641021
207159 8.9064576501
207276 8.8114154284
207495 8.7822119967
207639 8.7618117308
207818 8.7318431784
208080 8.6817797544
208085 8.6804156410
208230 8.6773463756
208333 8.6686847831
208363 8.6509406441
208406 8.6498705290
208574 8.6351409344
208720 8.5610865427
208902 8.5361748979
208903 8.5272179222
210430 8.4941656794
210446 8.4664849510
210453 8.4417323789
210864 8.4179435534
210906 8.4121781815
210926 8.3452157317
211388 8.2698088490
212422 8.2686203387
212439 8.2162426953
212514 8.2136522470
212617 8.1543773738
212875 8.1237022946
213305 8.0661288230
215136 7.9335984081
215530 7.9265561547
215598 7.9036975527
216279 7.8827620981
216738 7.7711525953
216980 7.7677976302
217440 7.7242240074
217641 7.6092697363
217934 7.4881164725
218408 7.4711056648
218940 7.4098046312
219399 7.2595112653
220658 7.1992207627
221086 7.1901116074
221100 7.1360627249
221321 7.1236946632
221335 7.0440992276
221552 7.0171816239
221914 6.9633618216
222306 6.9339243813
222508 6.9203860113
222965 6.9171015918
223040 6.8284868801
223095 6.8045273692
223216 6.7843404539
223547 6.7339143349
224063 6.6880111578
224931 6.5995310116
225377 6.5574618707
225521 6.5082316286
225698 6.5076605402
225903 6.4199497951
226405 6.3969071308
227498 6.3317706718
227598 6.3013047446
227788 6.2911757901
227812 6.2478005216
228188 6.2102254498
229677 6.1844309431
229710 6.1385966064
229745 6.1217597719
229787 6.0945650249
230528 5.9670563858
230612 5.9566597947
230680 5.8339892471
230942 5.8103902100
231155 5.8005463548
231193 5.7986211589
231512 5.7056091739
231628 5.6770763014
231839 5.6603559926
231962 5.6519248839
232058 5.6324099630
232128 5.6254345489
232264 5.5376659936
232611 5.4427095015
233643 5.4154678949
233893 5.3707634920
234182 5.3485177889
234363 5.2749123139
234756 5.2427601764
235879 5.1863491135
235973 5.1728544045
235989 5.1553193175
236526 5.1487994659
236588 5.0114106453
237257 4.9812031703
237331 4.8735896801
238222 4.7666123392
238858 4.7654082932
238965 4.6188082119
239516 4.4443159289
241009 4.3767278407
241321 4.3571071932
241514 4.2963583399
241661 4.1765185839
242114 4.1707480584
242123 4.1612038737
242134 4.1575690595
242207 4.1492355058
242242 4.1488724793
242340 4.1420832505
242435 4.1045077523
242698 4.1028919670
242861 4.0150644656
243113 4.0065782627
243870 4.0038135117
243940 3.9332190306
244349 3.8440308964
245590 3.8022189822
246242 3.7626762532
246316 3.7092666607
246414 3.6971414774
246584 3.6831076558
246745 3.6664261785
246751 3.6587866817
247001 3.5683689292
247441 3.5573659673
247661 3.5507198433
247675 3.5120560817
247857 3.5036488971
247892 3.4908947079
247978 3.4898491889
247992 3.4072718404
248643 3.3552181669
250549 3.3487243689
251542 3.2824725021
251973 3.1849152772
252032 3.1568948544
252211 3.1138848946
252449 3.0595161694
252545 2.9898499286
252727 2.9239638722
252851 2.8145597994
253398 2.7639194817
253595 2.7526221879
253804 2.7280878545
253916 2.7113160721
253917 2.6873945415
254136 2.6711340035
254205 2.6690696719
254338 2.6652283486
254478 2.6042567618
254614 2.5641349074
256765 2.5508224220
257344 2.5267164619
257476 2.5190545178
257507 2.5161019524
257611 2.4541685818
257773 2.3382296862
258115 2.3353959974
258172 2.3221370297
258186 2.3181420164
258251 2.2827279397
258278 2.2122141151
258413 2.1011979293
258893 2.1001491150
258962 2.0914931532
259008 2.0855948396
259143 2.0543932224
259192 2.0539665752
259367 2.0036304128
259902 1.9788260615
260061 1.9321847851
260230 1.9228094636
260273 1.9143345727
260675 1.8892947243
260893 1.8527907167
261202 1.8395742228
261797 1.7522621897
262455 1.7193043114
263268 1.6447799210
263803 1.6190982212
264062 1.5705526731
265306 1.5568160070
265479 1.5151461990
265863 1.5028283949
265928 1.4981899312
265938 1.4929967634
265971 1.4720923301
265996 1.4558139582
266111 1.3959180586
266229 1.3411329874
266248 1.3143493384
266334 1.2644559279
267122 1.2088918910
268629 1.1927126365
268935 1.1544827295
269809 1.1346539171
269871 1.1041894186
269932 1.1005300573
269945 1.0259770741
270025 0.9725121630
270185 0.9631177557
270319 0.9583565543
270486 0.9422028124
270668 0.9350668704
270869 0.8855615865
270928 0.8539043179
272152 0.8271032999
272461 0.7459741762
273174 0.7432708340
273296 0.7097471300
273554 0.6948508383
274043 0.6585288842
274947 0.6561475965
274975 0.6152645179
275497 0.5945548185
275926 0.5872226757
276147 0.5676311802
276152 0.5357716760
276846 0.4991191376
277351 0.4988385344
277428 0.4848820558
277607 0.4743102243
277613 0.4657887267
278070 0.4162714226
278562 0.4104801035
278682 0.4017723924
278939 0.4007568166
279275 0.3959754786
281458 0.3739027715
281526 0.3724254365
281557 0.3671100374
281648 0.3586420258
281759 0.3387630070
281838 0.3231243929
281927 0.2820921869
282233 0.2790636687
282254 0.2637665937
282545 0.2626527184
282722 0.2467378391
283007 0.2464640611
283140 0.2406643362
283183 0.2383009733
283454 0.2271878569
283907 0.1811008197
284961 0.1734110330
285100 0.1667766370
285194 0.1526559569
285536 0.1472030305
285756 0.1439124586
285857 0.1427961700
285929 0.1324763890
286112 0.1221891227
286138 0.1109104159
287479 0.1046347123
287666 0.0982996293
287765 0.0923777089
288361 0.0914336362
288468 0.0896942772
288491 0.0890453520
288533 0.0870400527
288541 0.0776419432
288627 0.0770808281
288734 0.0763937331
288830 0.0763442723
288948 0.0689805587
289000 0.0674819144
289309 0.0624646896
289486 0.0564441046
289926 0.0526443650
290600 0.0483886815
290645 0.0480201651
290761 0.0416003175
290939 0.0409121283
291162 0.0380273119
291450 0.0376366860
291707 0.0351432687
291958 0.0335386808
291970 0.0318427529
292144 0.0302888701
292367 0.0284187784
293094 0.0281304567
293256 0.0267284245
293477 0.0230560380
293908 0.0221573494
294306 0.0204219519
294635 0.0203582357
294796 0.0185309376
294837 0.0178730831
294931 0.0161049407
294992 0.0159230371
295118 0.0125016572
295704 0.0114392773
295948 0.0113258955
296292 0.0113204358
296472 0.0110135332
296616 0.0106035894
296680 0.0098645536
296795 0.0087554704
296824 0.0080133836
296845 0.0064729768
297294 0.0064617156
297311 0.0064471158
297313 0.0060426788
297569 0.0059092136
297599 0.0058157695
297636 0.0053684080
297893 0.0053636916
297963 0.0046274978
298216 0.0044913129
298516 0.0043584893
298520 0.0041934653
299017 0.0039336074
299077 0.0037228336
299079 0.0031995876
299164 0.0029660865
299384 0.0026602082
299888 0.0025008587
299932 0.0022560027
300188 0.0018817687
300204 0.0017665461
300929 0.0015313256
301340 0.0013160092
301628 0.0011643822
302006 0.0009952641
302235 0.0009898845
302299 0.0009510537
302402 0.0009030899
302501 0.0006968937
303128 0.0006666464
303222 0.0006623759
303710 0.0005935501
303762 0.0005788844
303833 0.0005154551
303918 0.0004416931
304129 0.0004380642
304195 0.0004257622
304291 0.0004202655
304298 0.0004163451
304306 0.0003870097
304334 0.0003722878
304436 0.0003438529
304465 0.0003402848
304475 0.0003366618
304508 0.0003246761
304572 0.0002951763
304822 0.0002928157
304853 0.0002134049
305028 0.0002046289
305151 0.0002014677
305255 0.0001702065
305293 0.0001549289
305575 0.0001277059
305804 0.0001191198
305859 0.0001182090
305916 0.0000962412
306178 0.0000943178
306316 0.0000886322
306411 0.0000800961
306847 0.0000772565
306861 0.0000716613
306900 0.0000573355
307073 0.0000519329
307155 0.0000457289
307407 0.0000453661
307535 0.0000448429
307538 0.0000434810
307571 0.0000366051
307600 0.0000324590
307690 0.0000279016
307874 0.0000267124
308168 0.0000223924
308363 0.0000201725
308462 0.0000169268
308812 0.0000159918
309033 0.0000140313
309045 0.0000130758
309070 0.0000095198
309395 0.0000067307
310017 0.0000066314
310344 0.0000056934
310453 0.0000055031
310748 0.0000047877
310796 0.0000046476
310828 0.0000045387
310908 0.0000043461
310923 0.0000036120
311105 0.0000033602
311289 0.0000029161
311484 0.0000023600
311754 0.0000022266
311814 0.0000013076
312803 0.0000010600
312890 0.0000009004
313057 0.0000008552
313225 0.0000008419
313389 0.0000007534
313573 0.0000006667
313635 0.0000006449
313896 0.0000006406
313910 0.0000005852
313917 0.0000005829
314100 0.0000004705
314272 0.0000004520
314278 0.0000004339
314309 0.0000004119
314346 0.0000003678
314422 0.0000003351
314441 0.0000002921
314527 0.0000002661
314635 0.0000002289
314868 0.0000002056
315409 0.0000002025
315692 0.0000001898
315707 0.0000001728
315792 0.0000001640
315933 0.0000001546
315979 0.0000001441
316077 0.0000001408
316101 0.0000001380
316204 0.0000001012
316267 0.0000000859
316452 0.0000000837
316643 0.0000000740
316743 0.0000000685
316773 0.0000000575
316959 0.0000000515
317002 0.0000000507
317003 0.0000000440
317022 0.0000000436
317296 0.0000000416
317322 0.0000000410
317339 0.0000000407
317362 0.0000000374
317384 0.0000000347
317397 0.0000000333
317442 0.0000000282
317866 0.0000000262
317900 0.0000000223
317964 0.0000000222
318079 0.0000000207
318242 0.0000000174
318504 0.0000000140
318724 0.0000000103
319037 0.0000000089
319187 0.0000000061
319725 0.0000000055
319791 0.0000000048
320221 0.0000000047
320229 0.0000000046
320344 0.0000000042
320461 0.0000000041
320512 0.0000000039
320536 0.0000000037
320599 0.0000000033
320617 0.0000000029
320709 0.0000000025
320723 0.0000000025
320798 0.0000000021
320860 0.0000000020
320876 0.0000000020
320994 0.0000000019
321401 0.0000000016
321591 0.0000000013
321697 0.0000000013
321786 0.0000000012
321789 0.0000000012
321835 0.0000000011
321918 0.0000000011
321959 0.0000000010
321997 0.0000000009
322010 0.0000000008
322196 0.0000000008
322254 0.0000000007
322427 0.0000000007
322446 0.0000000006
322453 0.0000000005
322558 0.0000000005
323052 0.0000000004
323178 0.0000000003
323279 0.0000000003
323283 0.0000000003
323319 0.0000000003
323415 0.0000000003
323537 0.0000000003
323694 0.0000000003
323713 0.0000000002
323994 0.0000000002
324011 0.0000000002
324090 0.0000000002
324147 0.0000000002
324217 0.0000000001
324466 0.0000000001
324607 0.0000000001
324771 0.0000000001
324850 0.0000000001
325008 0.0000000001
325074 0.0000000001
325172 0.0000000001
325175 0.0000000001
325198 0.0000000001
325318 0.0000000001
325380 0.0000000000
325497 0.0000000000
325667 0.0000000000
325745 0.0000000000
325851 0.0000000000
326190 0.0000000000
326252 0.0000000000
326335 0.0000000000
326450 0.0000000000
326452 0.0000000000
326912 0.0000000000
326935 0.0000000000
327101 0.0000000000
327372 0.0000000000
327462 0.0000000000
327466 0.0000000000
327589 0.0000000000
327688 0.0000000000
327698 0.0000000000
328061 0.0000000000
328126 0.0000000000
328168 0.0000000000
328215 0.0000000000
328456 0.0000000000
328610 0.0000000000
328804 0.0000000000
328979 0.0000000000
329091 0.0000000000
329100 0.0000000000
329149 0.0000000000
329229 0.0000000000
329262 0.0000000000
329429 0.0000000000
329609 0.0000000000
329826 0.0000000000
329931 0.0000000000
330042 0.0000000000
330433 0.0000000000
330454 0.0000000000
330477 0.0000000000
330555 0.0000000000
330850 0.0000000000
330872 0.0000000000
331076 0.0000000000
331273 0.0000000000
331493 0.0000000000
331634 0.0000000000
331784 0.0000000000
331872 0.0000000000
331991 0.0000000000
332241 0.0000000000
332361 0.0000000000
332541 0.0000000000
332559 0.0000000000
332852 0.0000000000
333042 0.0000000000
333196 0.0000000000
333324 0.0000000000
333494 0.0000000000
333522 0.0000000000
333835 0.0000000000
334000 0.0000000000
334337 0.0000000000
335139 0.0000000000
335508 0.0000000000
336031 0.0000000000
337414 0.0000000000
339055 0.0000000000
evaluations raw_y
1 651645.3402859957
17 610935.3667395040
35 604853.4737125982
61 515883.0375474163
82 422774.5871505722
86 417288.9453518752
91 399463.2666858720
102 342561.7516097148
107 287272.8836546167
125 277679.7086957663
177 265051.2027256799
178 260897.5137066334
205 157197.3090760818
299 86529.6802250322
2384 75982.8003440491
2484 66616.5842552573
2496 47281.1916627656
2721 38035.1814081174
2741 31976.3864807142
2950 24666.5595781122
3286 24196.0744536868
3301 12900.1592013122
3505 10845.1676640944
3703 9006.0403179358
3713 8534.8954701330
3780 7651.9078303035
3800 7579.7699535062
3842 5714.1514561875
4000 5255.3647318636
4181 5150.3726208122
4182 3783.3960337205
4220 3379.6433416812
4446 2372.5618864641
5020 2185.9167925682
5044 1374.6310011097
5130 1299.9597015918
5271 1046.7511125677
5273 963.8711859357
5380 938.7456041750
5440 853.0106510555
5492 804.0001556503
5678 651.5812924178
5789 519.7600687783
6054 496.8272978208
6139 494.5601360380
6151 474.3781071488
6203 427.8826298111
6445 387.0959618435
6506 342.0639620134
6535 340.6833749423
6551 295.1330234182
6630 288.6216996407
6645 287.9439168981
6689 248.3017360865
6906 246.3280075943
6941 237.9625527500
6944 237.0430389362
7033 231.7197407720
7051 229.0946336905
7070 189.2035852587
7259 187.4237979886
7313 164.8737897701
7460 158.0128964645
7487 155.9140648842
7612 146.1348517717
7688 144.5839986072
7790 142.8170767871
7792 138.6227760762
7829 117.1454390132
7944 108.6158098783
8129 94.5012359594
8148 94.2938108868
8191 93.2297583162
8422 83.0818479287
8538 76.2341416782
8586 72.7991899808
8709 71.4584197715
8781 70.6510914815
8938 69.6451067788
8951 68.1048128325
9177 67.5125960972
9195 66.5350909873
9220 61.4998291214
9317 60.0084768872
9491 59.8291137701
9508 59.5212883363
9555 58.9601906304
9604 58.8826799463
9609 58.7980300363
9627 57.3816217915
9687 56.9966504917
9794 52.7908769916
9897 50.6694469486
9914 49.3488026365
10031 49.1203923584
10063 48.4939512692
10197 47.8590954657
10257 47.2518084563
10326 46.5690571858
10368 46.4283126276
10516 44.5148014591
10630 44.2120900513
10697 43.9558420067
10715 43.5209580456
10921 42.2027905012
10964 41.6471887502
11178 40.5970804648
11541 40.1054154369
11804 39.6472238764
11952 39.6060969806
12021 39.2351834638
12297 39.1876624253
12421 39.0588551691
12542 38.9311422991
12762 38.8486422987
12821 38.8463963937
12827 38.8168415917
12845 38.7841349790
12885 38.7504637268
12930 38.7104464738
13053 38.5936021928
13130 38.5781150349
13400 38.5517570262
13581 38.4815695270
13582 38.3905284858
13932 38.3868662877
13938 38.3747125815
14105 38.3479681850
14116 38.3087318457
14126 38.2714572699
14560 38.2422848090
14928 38.2196439765
15512 38.2193370327
15603 38.2151421493
15692 38.1931634638
15795 38.1592233407
16095 38.1156933261
16617 38.0951995328
17704 38.0003846262
19442 37.8145180914
19758 37.6791228535
19802 37.6352825482
20143 37.5526418139
20203 37.2615356572
20584 37.1422751418
21419 36.9564000485
21539 36.7257061658
21868 36.6363051647
23046 36.4528266510
23972 36.2606050739
24053 36.2350313674
24800 36.1891861170
24801 36.0234339595
25049 36.0090505071
25207 35.9905208570
25301 35.9707675272
25582 35.9606572247
25589 35.8601660484
25869 35.8418483979
26108 35.8130680357
26277 35.7630360489
26416 35.7402849443
26541 35.7102587651
26544 35.6990342133
26566 35.5980029482
26896 35.5252336952
26992 35.5050862063
27661 35.4366823342
28469 35.4129484850
28555 35.3282149492
28680 35.2470588632
28821 35.1599075819
28846 35.1411099475
28939 35.0813145790
29193 34.9752078581
29284 34.9156090329
29427 34.8811204016
29533 34.8613690974
29578 34.8412584665
29704 34.8303897000
29752 34.7152586486
29931 34.7026147386
30023 34.6960728276
30045 34.5646594021
31023 34.5577730779
31405 34.5519864943
31584 34.4894096185
31729 34.4617060787
31802 34.4296065206
31840 34.4188794167
32014 34.4032197520
32041 34.3344416458
32560 34.3270557618
32578 34.1599833084
32669 34.0252277878
33686 33.9899801604
33888 33.9793491150
33983 33.9419678535
33991 33.8735029358
34011 33.8083991194
34183 33.7070334389
34349 33.6679584652
34709 33.6426887527
35035 33.6156547683
35045 33.5961786011
36043 33.5195414745
36381 33.1090892564
38230 33.0824215985
38398 33.0152163582
38528 32.9790097331
38620 32.8995674037
39175 32.8892945652
39281 32.8448160459
39542 32.8347834960
39599 32.8100141820
39737 32.6688752498
41024 32.6206932902
41320 32.5769301823
41534 32.5744969215
41650 32.4568419486
41669 32.3756018325
42176 32.3165753429
42400 32.2939637209
42539 32.2641059800
42575 32.2555962634
42674 32.2533369570
42946 32.2244382686
43069 32.2222142570
43158 32.1458543279
43255 32.0825092272
43412 31.9595120213
43452 31.8727900123
44901 31.7749226466
45023 31.7348021778
45311 31.6885120162
45491 31.4892404992
47212 31.4568502821
47281 31.3400558619
47420 31.2710691190
47615 31.2420326011
47735 31.1788134586
47789 31.1549759082
47997 31.1455506215
48022 30.9714015648
48842 30.9361012994
49240 30.8974310902
49449 30.8629918674
49612 30.8123130012
49847 30.6953662550
50706 30.6402360874
50763 30.6383620925
50939 30.6160487113
51577 30.5578391397
51642 30.4761745231
52179 30.4135025635
52687 30.3616996095
52897 30.3547304237
53030 30.2791533678
53073 30.2053571649
53439 30.1942147018
53599 30.1630011067
53673 30.1487669578
53929 30.0337000236
54201 30.0252162311
54748 29.9656050201
55387 29.9612322569
55587 29.9022603017
56192 29.8365465617
56912 29.6951693936
57327 29.6344407156
57697 29.4841199721
58171 29.4296372855
58525 29.3757400189
58559 29.3193948016
59317 29.2095754295
59483 29.1052116094
60341 29.0746723268
60616 29.0730317785
60656 29.0466840971
61140 29.0227231216
61207 28.9674506877
61571 28.9578616489
61625 28.9398758618
61661 28.9064789575
61936 28.8963431821
62083 28.8456099526
62347 28.7449245122
62527 28.7082374895
62953 28.5689959438
64584 28.5219075344
64732 28.5147429270
64869 28.4634475156
64911 28.2590142531
66223 28.1906954023
67091 28.1632865522
67153 28.0577124181
67566 28.0200710170
67588 28.0040471390
67693 27.9346961286
68309 27.9270581879
68438 27.8617475457
69236 27.7674640802
70469 27.6536443219
71162 27.5557531176
71445 27.5317715444
71741 27.5251707140
71862 27.3620943482
73309 27.3423587612
73469 27.3097873954
73528 27.2862583251
73540 27.2693020605
73560 27.2654377641
73699 27.2346814959
73796 27.1829203599
74042 27.1263343318
74068 27.1198185831
74247 27.1078695890
74348 27.0928308359
74451 27.0176443903
74455 26.9942253105
75161 26.9803886899
75232 26.9485450728
75519 26.8913611075
76166 26.8684742058
76263 26.8135770963
76435 26.7747416629
76483 26.5569593864
78438 26.5525141602
78588 26.5126564015
78690 26.3942003541
78874 26.3658883342
78922 26.2498005538
80010 26.2246932281
80814 26.1807616183
80967 26.1229738949
81027 26.1083197599
81314 26.0906871936
81503 26.0861929741
81644 26.0427648918
81834 26.0053985752
82112 25.9578646587
82384 25.8756340820
82817 25.8670152338
83010 25.8299856798
83299 25.7732336010
83440 25.7695799250
83712 25.6924000704
84458 25.5731060775
85129 25.5385716279
85642 25.5248751968
86393 25.4492129500
86493 25.3707985272
86598 25.1949915159
87908 25.1842299155
88008 25.1275158316
88803 25.1243668421
88830 25.0803186939
89392 25.0058836177
89778 24.9913529336
89817 24.9520026884
89912 24.9476132464
90131 24.8363980523
90644 24.7005007616
91319 24.6947526793
91782 24.5769055560
92409 24.4729841878
93342 24.4524698390
93435 24.4217620774
93544 24.3051297249
93974 24.2917159597
95619 24.2611089293
95699 24.2519485400
95730 24.1781531556
95803 24.0260364326
96663 23.9905759587
96765 23.9729280808
96847 23.8630755920
97457 23.8279659947
97977 23.8242372694
98024 23.8159037922
98159 23.7755157418
98211 23.7485944283
98267 23.7451473061
98398 23.7214417509
98568 23.6895239000
98573 23.6592079081
98830 23.6055181751
99481 23.6005637182
99503 23.4595718865
99876 23.4267568791
100318 23.4212647928
100416 23.4108865841
100701 23.4045149286
100911 23.3221385140
101063 23.2893475578
101295 23.2753008388
101411 23.2359131378
101590 23.1774469812
102359 23.1618585525
102520 23.1308831878
102564 23.1048158904
102770 22.9787736788
103707 22.9719634420
103974 22.9328017261
104154 22.8387419822
105219 22.7712480975
105733 22.6678816536
106201 22.6212428957
106247 22.6120990572
106444 22.5951219466
106503 22.4855244117
107010 22.4758275966
107114 22.4369016408
107635 22.4314661534
107703 22.4146697049
107780 22.3335295394
109015 22.2825304032
109610 22.2361150104
110049 22.1545605699
110496 22.0952928977
110612 22.0897460973
110799 21.9729939763
110801 21.9603639205
111085 21.9349197116
111352 21.9063163114
111592 21.8611464942
111671 21.8105925915
111903 21.8010436199
112104 21.7882140282
112451 21.7169188337
112492 21.7129822641
113081 21.6506664604
113377 21.6125650895
113552 21.5802208698
115301 21.5716829918
115453 21.5344772576
115765 21.4596147825
116036 21.4423341714
116342 21.4394016824
116422 21.3952698616
116488 21.2323967229
117063 21.1586906975
117117 21.0454492036
118235 20.9755631806
118584 20.9721752257
119166 20.8731577088
119667 20.8690676293
119861 20.8574157199
120033 20.8498178852
120371 20.7195725079
120868 20.7138898916
121469 20.6778938989
121499 20.6682405766
121506 20.6317341939
121651 20.6236540932
121783 20.6213556582
121819 20.6129550098
121909 20.5612168805
122311 20.4397159972
122499 20.4386542701
123199 20.3955241666
123416 20.3898346777
123452 20.3549929266
123462 20.3526615500
123474 20.2878742381
123745 20.2546486818
124192 20.2527109694
124272 20.2467894330
124338 20.1917638227
124488 20.1290966744
124565 20.1016984088
125042 20.0473822590
127006 20.0424016492
127116 20.0162883450
127432 20.0128910417
127511 19.8972155354
127935 19.8526983398
128088 19.8493009745
128129 19.8335788141
128173 19.7400043004
128325 19.7298731037
128359 19.6432964556
128718 19.6248933575
128800 19.5562422230
129196 19.5490653021
130244 19.5438633430
130491 19.4892587705
130578 19.4789661890
130722 19.4530500941
130775 19.3388240946
130830 19.3288576456
131044 19.3167470114
131414 19.2666782928
131650 19.1631965047
132793 19.1361127421
134322 19.0358897353
134755 19.0054367816
134934 18.9365272659
135083 18.9053130021
135204 18.8466088686
135523 18.8309373135
135602 18.8266506815
135633 18.8126355824
135939 18.7892745377
135961 18.7768381676
136150 18.7284129140
136487 18.7283494271
136490 18.6948317427
136841 18.6511889358
137028 18.6302890041
137117 18.5900868064
137473 18.5739496037
137639 18.5561946951
137916 18.5285081835
138048 18.4319458575
139172 18.4006714720
139203 18.3730982018
139281 18.3605037745
139598 18.2958968614
139962 18.2889948360
140039 18.2799383650
140589 18.0950517837
141956 17.9473954071
143554 17.9078119362
144141 17.8239818253
144255 17.8133677303
144449 17.6468799036
144836 17.6418659769
144926 17.5538426584
145331 17.4942641384
145746 17.4814994850
145911 17.4439610505
146116 17.4274334862
146313 17.4002963142
146419 17.3617667112
146429 17.3574949846
147560 17.2841206749
147622 17.2547819302
148698 17.1531260746
148892 17.0623502733
149052 17.0396390170
149068 17.0220188069
149672 16.9734407574
149676 16.8498150460
150264 16.8078990471
151094 16.7928522822
151491 16.7556133818
151766 16.7411523727
152240 16.5885807492
154084 16.5676904892
154087 16.5293722004
154252 16.4432122126
154615 16.3993753872
155031 16.3639007634
155053 16.3423609857
155186 16.3116308415
155806 16.2655452806
155946 16.2289733104
156489 16.2183450093
156519 16.1797628761
156753 16.0765574141
157148 16.0729220072
157258 16.0563132937
157300 16.0447667080
157634 16.0398840328
157755 15.9988909563
157998 15.9633733259
158078 15.9603033606
158321 15.9573234168
158371 15.9230053895
158421 15.8043605750
158877 15.7691525110
159305 15.7639282253
159365 15.7140820186
159998 15.6710981922
161364 15.6268459579
161423 15.5853723952
161581 15.5597741084
162203 15.5201357743
162495 15.4192699401
163334 15.4172695502
163386 15.3555667867
163436 15.1353124765
164480 15.1155387389
164614 15.1026807184
165015 15.0894781618
165318 15.0465705948
165354 14.9977390746
165680 14.9405034048
166257 14.8937120273
166962 14.8263006704
167223 14.7784041330
167863 14.7353531574
168008 14.7025872257
168698 14.6606994672
169198 14.6160082359
169810 14.5743398659
169868 14.4923198921
170762 14.4406385712
170855 14.4164954390
170922 14.4152614051
170980 14.2972904476
171124 14.2573556023
171949 14.2360644358
172070 14.2220027377
172090 14.1631878224
172255 14.1103535737
172980 14.0288609988
173033 14.0081843919
173501 13.9871674383
173746 13.9853149353
173869 13.9421808495
173934 13.8223263414
174927 13.7538132235
175104 13.6835380474
176040 13.6766955420
177033 13.6477453245
177518 13.5029710019
178221 13.4864940177
178499 13.4197588930
178922 13.3216027552
179748 13.2711622447
179813 13.2454559578
180556 13.0990679017
180849 13.0538320637
182429 12.9524776033
182917 12.9204911734
182931 12.9001841550
183074 12.8832052409
183145 12.7455821398
184331 12.7146810218
184361 12.7006624301
184516 12.6786060621
185690 12.6284262810
185717 12.6040516494
185817 12.5787845735
186283 12.5716672245
186318 12.5688241571
186337 12.4878010492
186411 12.4322304508
186806 12.3983780937
186900 12.3899742586
187359 12.3504939461
187678 12.3077720137
187727 12.2325924223
187773 12.2068785781
188402 12.0933981262
189818 12.0624837717
189860 11.9365535710
190754 11.8774691183
191531 11.8683759683
191673 11.8664135254
191721 11.8201804429
191731 11.7651174297
192117 11.7587949067
192135 11.7472263010
192179 11.6398004985
192630 11.6159822612
192730 11.6072196333
192747 11.6015856901
193179 11.5931027847
193264 11.5756566225
194812 11.3459887617
195346 11.2660237343
195547 11.2529841646
196458 11.2070950346
196547 11.1929143846
196649 11.1851780703
196993 11.1378341414
197383 11.1356085909
197420 11.0399996448
197559 10.9985206257
198273 10.9713843347
198275 10.9629546376
198696 10.9404633310
199029 10.8735041508
199724 10.8634242245
200003 10.7775000214
200441 10.7519798291
200693 10.7342021076
201024 10.6937098351
201302 10.6935480570
201628 10.6500862358
201904 10.5921414286
201928 10.5895471975
202099 10.5700697622
202166 10.5380072145
202231 10.4904162479
202326 10.4679516559
202693 10.4286275764
202780 10.3115791082
203164 10.3113447843
203993 10.2363413476
204224 10.1987145421
204698 10.1730244111
204916 10.1642663127
205091 10.1005978656
205288 10.0771301443
205308 10.0752605276
205737 10.0419022103
206045 9.9938868968
206117 9.9746090989
206187 9.9579438957
207293 9.9079925676
207294 9.9040867657
207314 9.8995817586
207538 9.8853748604
207592 9.8756564902
207658 9.8604743735
207709 9.8384025361
207968 9.8377982424
207982 9.7171021904
208305 9.6832913570
208476 9.6681308152
208555 9.6674428315
208779 9.6465790154
208808 9.6001131203
209002 9.5787205273
209062 9.5703378641
209170 9.5093849284
209329 9.5053903097
209738 9.4783338433
210041 9.4134334004
210727 9.3209480914
211862 9.2835228693
212715 9.2509242129
212899 9.2506940263
213190 9.2144035031
213203 9.1745214829
213377 9.0988374060
213445 9.0436108274
214075 9.0093487745
214703 8.9060967483
216006 8.7478842209
217229 8.7310622279
217489 8.7043518742
217742 8.5936606044
218046 8.5122023317
218363 8.5089044137
218761 8.3901954758
219327 8.3693818396
219385 8.2980359664
220082 8.2748492095
220308 8.2606045138
220454 8.2260509873
220561 8.1965389339
220861 8.1802983407
220878 8.1557909932
221010 8.1354453584
221300 8.1041238523
221312 8.0611183057
221447 8.0481498369
221926 7.9205598863
222357 7.8187622584
222577 7.8068403125
223164 7.7854063578
223260 7.7017290074
223489 7.6885680616
223520 7.6749256166
223796 7.6503888472
223835 7.6380968410
224070 7.6183701753
224354 7.5560956657
224524 7.5278765101
224663 7.5271732872
224888 7.5110436234
224912 7.4441441077
225460 7.4142025168
226109 7.4127987630
226387 7.4050917260
226421 7.3961750266
226656 7.3805214417
226679 7.3458483349
226890 7.3167868017
227272 7.2948911937
227424 7.2878996842
227462 7.1708598389
227927 7.1101061905
228316 7.0496276452
229065 7.0368545725
230338 6.9066656272
230766 6.8708059972
230891 6.8650784012
230950 6.8424733405
231424 6.8368530711
231575 6.7306308080
231820 6.6979499233
232293 6.6670625873
232498 6.6617701333
232608 6.6587732621
232655 6.6425873867
233090 6.6265339604
233167 6.6053559314
233785 6.5598114478
233990 6.4277517569
234393 6.3366987928
235693 6.2869357880
236199 6.2688586289
236415 6.2554202362
237027 6.1797283129
237117 6.1751353975
237243 6.1133958538
237986 6.0526231350
238130 6.0406313509
238147 5.9695825631
238569 5.8754838417
239046 5.8258273921
239235 5.7827868642
239358 5.7649378500
239777 5.7083241332
240777 5.6651552633
240884 5.6579627531
241304 5.6347575417
241345 5.5963016123
241603 5.5661729530
241946 5.5630732564
242187 5.5341359042
242275 5.4740436546
242656 5.4535595481
242951 5.4323577757
243038 5.3808305755
243607 5.2107747036
244958 5.2053036328
245226 5.1661874752
245431 5.1462860659
245573 5.0974594314
245622 5.0706933221
246195 5.0419623536
246324 4.9559354908
246599 4.9457557383
247245 4.9433108813
247552 4.9325583836
247807 4.7944216075
247973 4.7917628860
248376 4.7839358332
248390 4.7571876975
248603 4.7542258477
248804 4.7349321938
248866 4.6812083985
249287 4.6722509400
249471 4.6345306363
249529 4.6252860050
249571 4.5589810339
251443 4.4775974654
251515 4.4767021771
251816 4.4662334590
251909 4.4461874010
252527 4.3996219215
252763 4.3125697013
253593 4.2044271025
254034 4.1691564251
254280 4.0981227299
254364 4.0422303950
254556 4.0371483667
254820 3.9995848596
255077 3.9814569687
255247 3.9601722460
255740 3.8709073135
256631 3.8580328697
256679 3.8400384271
256718 3.8389974584
256885 3.8040301952
257140 3.7279534260
257280 3.7144124887
257302 3.7015520192
257707 3.6182841183
257832 3.5811880132
257903 3.5244952703
259584 3.4943317210
259764 3.4621881144
259873 3.4156429593
259896 3.3299585535
260404 3.3168815242
260464 3.2289043120
260856 3.1422237960
261031 3.1196089596
261065 3.1127665233
261226 3.0580050114
261296 3.0275868897
261584 2.9630073092
262378 2.9476034597
262467 2.8870783498
262645 2.8721651920
263072 2.8351837915
263479 2.8176894793
263526 2.8071670195
263750 2.7707559609
264622 2.7392652554
264943 2.7250514773
265025 2.6999997484
265471 2.6373976093
266059 2.6208789588
266063 2.6091574859
266089 2.5907922518
266135 2.5881552092
266265 2.5772506286
266286 2.5304715684
266404 2.5069817679
266520 2.4630202489
266634 2.4490490653
266667 2.4339356864
267206 2.4295728925
267555 2.4093540869
267891 2.3502582341
268053 2.3325008977
268352 2.3088291843
268402 2.2597235732
268752 2.2281827207
268877 2.1896199149
269140 2.0682541222
269341 2.0657739718
269344 2.0644246999
269354 2.0454975773
269423 2.0445770870
269559 1.9823907097
269664 1.9464788276
269791 1.8705407517
270696 1.8695158823
270970 1.7905581092
271482 1.7818968166
271505 1.7629391127
271999 1.7403125550
272047 1.7329473558
272177 1.7311236009
272389 1.7170017990
272450 1.6485594881
272704 1.6387764997
273650 1.6257991107
273743 1.4971881398
274468 1.4900209164
274697 1.4824650826
275013 1.4369855743
275198 1.4219031643
275651 1.3277108170
276164 1.3264126492
276226 1.2634555462
276477 1.2438002560
276838 1.2284219568
276864 1.2150902611
276946 1.2097472021
277259 1.1806168557
277356 1.1429691802
277410 1.1248180906
277518 1.0957198369
277878 1.0940185145
278671 1.0497990083
278991 1.0000849586
279476 0.9996238650
279617 0.9621051805
279667 0.9220552467
279839 0.9004752523
280333 0.8797733235
281487 0.8011553343
282098 0.7558220186
282440 0.7123805096
282826 0.6955029908
283173 0.6444585854
284051 0.6439491958
284198 0.6412562674
284244 0.6389617568
284279 0.6344587156
284586 0.6288375465
284618 0.5816845277
285078 0.5778441556
285323 0.5694098999
285379 0.5364208755
285984 0.5226974323
286013 0.5211816995
286052 0.5164452272
286088 0.5074837294
286259 0.4806416641
286584 0.4762503288
286703 0.4616573585
287088 0.4437027866
287502 0.4358160059
287919 0.4080241714
288074 0.4073745268
288319 0.4037781650
288548 0.4020876382
288574 0.3871085537
288633 0.3848818988
288636 0.3814425657
288730 0.3664344578
288913 0.3634545723
288952 0.3541447906
289071 0.3302853241
290242 0.3297022059
290294 0.3128074591
290600 0.3034856228
291416 0.2623401831
292642 0.2449858731
292731 0.2345032244
292808 0.2205137963
293103 0.2066664546
293247 0.1932182279
293606 0.1927635634
293620 0.1817599644
294084 0.1675853700
294878 0.1523214685
295183 0.1389616018
295912 0.1297825531
296531 0.1197242149
296685 0.1133899022
297489 0.1129707316
297582 0.1122608248
297811 0.1033174898
297856 0.0933395070
298268 0.0833628883
298329 0.0780120975
299329 0.0775574506
299427 0.0659842618
299792 0.0629451617
299833 0.0553595972
300188 0.0511005864
300429 0.0499329521
300584 0.0495639843
300765 0.0415532917
301891 0.0405493667
303122 0.0386217445
303308 0.0383982039
303379 0.0336758301
303425 0.0300850985
304008 0.0241796628
304192 0.0229473005
304365 0.0192085241
304624 0.0190136716
304670 0.0164266322
305012 0.0160317314
305234 0.0159381437
305363 0.0155853997
305467 0.0154061902
305475 0.0154033663
305505 0.0136752558
305555 0.0112822896
305596 0.0086305530
306183 0.0079630966
306391 0.0077840796
307149 0.0064718961
307163 0.0059939560
307311 0.0055264044
307579 0.0050556431
308265 0.0048593443
308406 0.0037222497
308717 0.0034525543
308919 0.0031595510
308970 0.0030561351
309071 0.0028834644
309110 0.0025797302
309186 0.0024644144
309237 0.0023118833
309271 0.0018435394
309370 0.0016466521
309902 0.0015287589
310101 0.0012683322
310299 0.0009924271
310544 0.0009207740
310712 0.0009106091
310747 0.0007483946
311339 0.0007164800
311387 0.0006033832
311938 0.0004091737
312544 0.0003193633
313248 0.0003035981
313256 0.0002681320
313673 0.0002584600
313946 0.0002334505
313972 0.0001899375
314108 0.0001779789
314241 0.0001687388
314342 0.0001665444
314603 0.0001584109
314801 0.0001331513
314857 0.0000981224
315622 0.0000881483
315819 0.0000825075
315909 0.0000730199
316362 0.0000698020
316533 0.0000624433
316557 0.0000602046
316559 0.0000489290
316902 0.0000455992
317208 0.0000424615
317232 0.0000410062
317350 0.0000388453
317461 0.0000321970
317499 0.0000294746
317609 0.0000285914
317645 0.0000282768
317801 0.0000227395
317869 0.0000213219
318071 0.0000208280
318163 0.0000204427
318181 0.0000194495
318212 0.0000147548
318456 0.0000146546
318527 0.0000136517
318546 0.0000124294
318624 0.0000111887
318734 0.0000105458
318899 0.0000099613
319081 0.0000084419
319558 0.0000075690
319579 0.0000066641
319694 0.0000064752
320115 0.0000061973
320120 0.0000059505
320147 0.0000056142
320163 0.0000054839
320240 0.0000054047
320277 0.0000048482
320287 0.0000046175
320302 0.0000036810
320795 0.0000033734
320827 0.0000031496
321051 0.0000024646
321138 0.0000020340
321370 0.0000018218
321567 0.0000014586
321863 0.0000011763
322060 0.0000011040
322119 0.0000010942
322145 0.0000008926
322354 0.0000008821
322367 0.0000007941
322370 0.0000007430
322684 0.0000005973
322787 0.0000005270
323280 0.0000005034
323357 0.0000004466
323367 0.0000004413
323446 0.0000003539
323504 0.0000002926
323786 0.0000002634
324064 0.0000002537
324440 0.0000002452
324466 0.0000002202
324496 0.0000002004
324744 0.0000001971
324853 0.0000001962
324884 0.0000001675
324950 0.0000001626
324954 0.0000001265
325045 0.0000001253
325336 0.0000001180
325408 0.0000000886
325616 0.0000000817
325724 0.0000000733
325756 0.0000000667
325880 0.0000000655
326054 0.0000000592
326564 0.0000000551
326813 0.0000000522
326841 0.0000000478
326875 0.0000000461
326904 0.0000000453
326913 0.0000000437
326972 0.0000000413
326983 0.0000000371
327387 0.0000000336
327488 0.0000000290
327605 0.0000000282
327714 0.0000000245
327998 0.0000000217
328068 0.0000000186
328135 0.0000000168
328359 0.0000000151
328432 0.0000000150
328486 0.0000000140
328518 0.0000000113
328945 0.0000000088
329184 0.0000000085
329299 0.0000000077
329405 0.0000000076
329413 0.0000000055
329804 0.0000000044
330462 0.0000000040
330511 0.0000000032
330620 0.0000000031
330735 0.0000000030
330772 0.0000000026
330893 0.0000000024
330912 0.0000000021
331173 0.0000000019
331191 0.0000000018
331552 0.0000000017
331572 0.0000000017
331577 0.0000000015
331656 0.0000000013
331837 0.0000000011
332128 0.0000000010
332142 0.0000000008
332412 0.0000000007
332433 0.0000000006
332587 0.0000000005
332710 0.0000000003
333252 0.0000000003
333256 0.0000000003
333636 0.0000000002
333893 0.0000000002
333898 0.0000000002
333907 0.0000000002
333911 0.0000000002
333922 0.0000000002
334287 0.0000000001
334379 0.0000000001
334435 0.0000000001
334557 0.0000000001
334568 0.0000000001
334723 0.0000000001
335007 0.0000000001
335183 0.0000000001
335209 0.0000000001
335226 0.0000000001
335551 0.0000000000
335669 0.0000000000
335751 0.0000000000
335763 0.0000000000
336031 0.0000000000
336212 0.0000000000
336213 0.0000000000
336323 0.0000000000
336385 0.0000000000
336589 0.0000000000
336943 0.0000000000
337000 0.0000000000
337077 0.0000000000
337089 0.0000000000
337337 0.0000000000
337426 0.0000000000
337588 0.0000000000
337892 0.0000000000
337936 0.0000000000
338091 0.0000000000
338309 0.0000000000
338323 0.0000000000
338515 0.0000000000
338654 0.0000000000
338746 0.0000000000
338891 0.0000000000
338961 0.0000000000
339029 0.0000000000
339241 0.0000000000
339528 0.0000000000
339529 0.0000000000
340016 0.0000000000
340161 0.0000000000
340185 0.0000000000
340368 0.0000000000
340496 0.0000000000
340588 0.0000000000
341060 0.0000000000
341187 0.0000000000
341268 0.0000000000
341669 0.0000000000
341741 0.0000000000
341900 0.0000000000
343075 0.0000000000
343271 0.0000000000
343917 0.0000000000
344636 0.0000000000
346404 0.0000000000
evaluations raw_y
1 1638604.7082070422
3 1103941.7539066107
20 888227.4948557289
21 835073.4723035899
26 632348.0383785674
46 518201.0358705232
137 401334.4855319873
174 275666.0364405040
265 236177.5813106200
303 230948.0518575282
323 230576.5625641549
354 198729.9054269418
385 141166.2371284506
489 123087.0158899575
711 115342.8729146240
2088 86211.2744465953
2513 77534.0386742811
2598 69118.7044973504
2600 66418.9907512896
2680 51141.5384961184
2726 48661.0260790270
2775 47572.7416765594
2810 41542.4516788631
2836 39451.0723817325
2909 32040.2492047078
3132 31222.1821147752
3137 28399.4581888665
3153 26772.7120214643
3154 18895.2816113736
3234 10733.6734700288
3434 8396.9648729714
3557 7631.7001982210
3847 6122.3515417436
3910 5067.6481449097
3971 5027.0956497494
4039 4801.3337987399
4055 4485.0456399644
4182 3889.3966496150
4222 2876.3108524523
4392 2699.2648306614
4492 2392.8254083734
4495 2375.2098113958
4830 2215.1016413903
4951 1834.3001366835
5059 1559.6994760554
5192 1149.8774674130
5344 1141.0217242707
5412 928.7844109661
5579 907.6542246617
5650 893.7421790444
5694 892.9577594897
5709 861.0208993477
5784 659.4589529547
5999 658.0163099747
6016 582.7123325105
6245 513.3310006043
6277 450.1555851916
6418 433.5046962145
6483 397.8284740038
6659 392.4326928936
6760 337.4150029064
6858 265.9305132367
6960 259.8997123798
7006 242.8721492215
7215 228.7931257689
7413 206.1835123468
7592 190.9561757002
7782 186.0813158479
7800 169.7481689156
7838 166.2645416843
7958 150.6579697615
8070 145.3934277653
8140 127.1016388776
8416 125.2859006730
8483 114.5299534906
8594 114.3016182819
8671 99.2964240387
8926 87.5838999763
9104 82.4595056243
9272 76.3968869799
9405 68.5724058080
9511 64.9720355490
9736 61.6307748702
9849 56.2423127409
10078 55.7716307846
10176 55.2404640017
10214 54.5260044632
10404 53.3876697816
10475 53.0876272031
10543 51.3665903338
10720 50.0573898937
10751 49.4251443283
10837 49.3398381148
10844 47.9188444292
10879 47.2325637120
10886 47.2243091814
10948 46.8022548908
11111 45.8002174625
11257 45.7695841393
11311 44.6455958818
11424 44.4569943673
11537 44.0955002690
11538 43.4030593202
11611 42.8655337570
11712 42.6263405090
11825 42.5481619792
11833 42.4730333512
11859 41.8747786357
11921 41.3615164466
11934 41.3106982938
11990 41.2262144731
12010 41.2029580447
12021 40.8835944418
12099 40.3402254464
12277 40.2060172220
12392 39.9104446794
12567 39.8309588263
12614 39.7213834449
12679 39.5315039275
12805 39.4745738088
12911 39.0241824524
13092 38.8316877633
13436 38.7729143993
13536 38.6253383493
13662 38.5044805487
13727 38.4486623487
13906 38.4413347816
13919 38.3873069311
13993 38.3431630220
14067 38.3132066059
14135 38.2931841397
14301 38.1837746240
14498 38.1776539144
14598 38.1704430988
14827 38.0776549896
15111 38.0132474803
15572 37.9239933048
15873 37.9103623973
16264 37.8558454797
18988 37.5309947141
19692 37.4471531251
19739 37.3947704715
20226 37.2461299942
20479 37.0949146278
20505 37.0398813277
20629 36.9850824291
20806 36.9376741617
20903 36.9089940292
21001 36.8684624912
21018 36.8623346126
21075 36.8432463615
21165 36.7938009800
21337 36.5973883836
21956 36.5667629189
21991 36.5534840209
22144 36.5469415142
22384 36.4812700260
22580 36.4691037283
23394 36.3674430551
24034 36.3503252704
24668 36.2522047490
25122 36.1939418628
25423 35.7697257695
26263 35.6496703340
26423 35.5884870841
26584 35.5710146601
26730 35.5259159446
26913 35.5061628723
27351 35.3544308643
27606 35.2272717663
28674 35.1767072246
29049 35.0981188975
29238 34.9556390616
29646 34.7951776580
29903 34.7383846036
30058 34.6880487258
30195 34.6433911383
30262 34.5946364707
30369 34.5631625616
30483 34.4972502466
30619 34.4721545506
30653 34.4185322598
30663 34.4069098671
30735 34.3431104286
30794 34.3431086445
30886 34.3059766243
31050 34.1836109745
31383 34.1187597715
31626 34.0575024517
31878 33.9139509598
32861 33.8032359937
33187 33.6265563539
34350 33.5505909844
34628 33.5280501120
34632 33.4386958726
35227 33.3825152402
35435 33.3201264549
35611 33.2902504082
35803 33.1126297350
36612 33.1053451844
36624 33.0808670782
37096 33.0270607007
37255 33.0137302673
37281 32.9774476741
37630 32.9522535827
38233 32.9287604940
39352 32.7863183282
39514 32.7834015349
39604 32.6844496686
39833 32.6605403615
39897 32.4819446342
40014 32.3552014864
40977 32.2684362434
41075 32.1903727926
41238 32.1671021681
41475 32.1330987230
41515 32.0867752874
41570 31.8558993959
41810 31.8502799971
42262 31.8352229332
42308 31.8102055244
42443 31.7576345422
42821 31.7439360998
42920 31.7265253685
43151 31.6589793876
43800 31.5931737957
43834 31.5737357077
43904 31.4714172715
44776 31.4224192523
45020 31.3122278732
45231 31.2116184587
45664 31.0193818622
46890 30.8953829676
48043 30.8641897745
48222 30.7767917965
48271 30.7018149809
48857 30.6402899750
49152 30.5902978657
49519 30.5865870158
49545 30.5592140172
49711 30.4708459947
49891 30.3800162716
50180 30.3368905730
50472 30.3090938499
50742 30.1654016341
51349 30.1648866997
51501 30.1187673119
51545 30.1069961092
51877 30.0245768365
53846 29.8752317996
53875 29.8122883395
54095 29.7869173004
54223 29.7257423736
54610 29.6946239137
54771 29.6266606170
54879 29.6251500314
54944 29.6196767649
55106 29.6002117755
55204 29.4269257318
55657 29.4069469641
56187 29.3871897206
56542 29.3841518754
56929 29.3662705414
57144 29.3088203436
57490 29.2325702653
57964 29.1693086265
58571 29.1067081274
59295 29.0020054177
60002 28.9684408753
60032 28.9421936296
60851 28.8388028177
60955 28.8209734887
61322 28.7709806110
61335 28.7448225967
61342 28.6854025269
61405 28.6300443310
61849 28.5888008115
61990 28.4924269240
62026 28.4112920353
62194 28.3896545547
62322 28.3148470191
62567 28.2755871043
63396 28.1576530265
63619 28.1554280469
64241 28.1088961251
64320 28.1004949791
64331 27.9575928674
65263 27.7987229109
66998 27.7787917559
67062 27.6496491878
67347 27.6482279352
67403 27.6415762883
67505 27.6171628682
67667 27.5801269308
67752 27.5403878088
67809 27.5287833176
67916 27.4693022175
68144 27.4556909257
68358 27.3784339180
68653 27.3611671409
71178 27.2955907819
71545 27.1341162236
71934 26.9751558493
72040 26.9395897252
72186 26.9044504115
72820 26.8705888657
72844 26.8240555921
73200 26.8183328863
73306 26.7443555118
73353 26.7097705117
73401 26.6962694568
73949 26.6864928063
74647 26.6269864146
74696 26.5776604534
75054 26.5682249916
75086 26.5644627337
75103 26.5337796325
75110 26.4950238342
75278 26.4461515367
75503 26.3593381242
76647 26.3237149652
76751 26.3177310348
76825 26.3143501735
76999 26.2110144510
77494 26.1637719478
77532 26.1393706766
77545 26.0710913943
78004 25.9887354940
78656 25.9603711188
79070 25.9400237565
79152 25.7860512274
79278 25.7817112056
79571 25.7101613118
80806 25.6181692904
81024 25.5698448137
81575 25.5532248542
81669 25.5398074061
81707 25.4402339303
81928 25.4348293806
82304 25.3403013936
82551 25.3395704401
84003 25.3356056789
84112 25.2834728448
84395 25.2119544116
84935 25.1852717916
85300 25.1476949752
85346 25.1327085119
85565 25.0705209830
85633 25.0569610146
85719 25.0114538060
85747 24.9985385101
86106 24.9827786727
86146 24.9142841543
86245 24.9019776721
86371 24.8706423321
86697 24.8409038322
86873 24.8195909244
86888 24.7986541238
87204 24.7632723854
87262 24.7596664232
87389 24.7095854518
87395 24.6371395634
87651 24.6126345755
88187 24.6088965152
88225 24.6058657617
88343 24.5931533158
88382 24.5716895173
89248 24.5607855700
89351 24.4970941077
89793 24.4609738361
89881 24.4305143910
90829 24.3486562494
90907 24.3324487242
91127 24.3100166335
91413 24.2638807171
91442 24.1617812981
92939 24.0278246837
93214 23.9469060519
93318 23.9189766504
93465 23.9112428848
93620 23.9041183885
93817 23.7812979331
94446 23.7808345209
94619 23.7548502521
94769 23.5073422839
95925 23.4905664442
96110 23.4612412590
96166 23.4321253618
97102 23.3854387652
97111 23.3017535567
97153 23.2840701617
97266 23.1965478443
98119 23.1775544210
98359 23.1361530344
98623 23.0822326482
98641 22.9873014241
100191 22.9138685725
100275 22.8907824017
100855 22.8883820723
101323 22.8595924406
101574 22.8350970426
101744 22.7535856796
102288 22.7429635316
102321 22.7348172990
102487 22.7293137531
102547 22.7181758974
102784 22.6604041007
102938 22.5472470541
103086 22.5165220268
103153 22.5023679145
104005 22.4994178445
104415 22.4680030813
104438 22.3917134685
104893 22.3344780084
104952 22.2401257662
105299 22.1917052508
105355 22.1741803194
105402 22.1100320055
105548 22.0579694157
107170 22.0521652525
107231 22.0478399938
107322 21.9855916384
107384 21.9395253828
107386 21.9281369883
107583 21.9160732089
107592 21.8810450735
107594 21.7224949651
107703 21.7165425647
108050 21.6890170902
108616 21.6240092695
109068 21.6170168755
109318 21.5458724501
109357 21.4506551889
109967 21.4455459567
110176 21.4362470550
110265 21.4185942936
110354 21.3894547020
110664 21.3435310012
110725 21.2565227311
111585 21.2515460174
112284 21.1598260746
112458 21.1107659792
112475 21.0959006741
113182 21.0509437553
113622 21.0080992921
113868 20.8400276401
114297 20.8317004806
115974 20.8018334774
116411 20.7854447224
116591 20.7760961191
116686 20.7738886871
116691 20.7701100411
116814 20.7234638903
116852 20.7166522965
116887 20.7164559089
116895 20.6543569556
116924 20.6157769043
117115 20.5169741537
117145 20.5040622110
117400 20.4852579328
117440 20.4263535825
117458 20.3781649104
118545 20.3450842670
119300 20.2750214045
119929 20.2432114031
120020 20.2080415449
120028 20.0430133921
120555 19.9226812246
121067 19.9141082213
121243 19.9043715130
121306 19.8525522742
122873 19.7584670317
123596 19.7454623524
123883 19.7204188287
124185 19.5817536264
124771 19.5148856393
124772 19.4611557003
125171 19.4598967954
125664 19.4451487793
126074 19.3094232469
126356 19.2974581296
126510 19.2289119242
126905 19.1992417814
127154 19.0741043689
127621 19.0393139518
127928 19.0376959521
128550 19.0295623215
129324 19.0235244452
129935 18.9975921418
130127 18.9255416861
130302 18.8689917040
130411 18.8285806976
130539 18.7333195288
131161 18.7077521367
131202 18.6295342566
131398 18.4924880672
132474 18.4706264662
132610 18.4611656791
134137 18.4513054839
134202 18.4434186778
134268 18.3433762570
134384 18.3096456383
134710 18.3065557386
134803 18.1538230414
135054 18.1502609181
135571 17.9572897348
136687 17.9294820624
136922 17.8955744353
136926 17.8927289259
137067 17.8257329960
137147 17.7939552863
137708 17.7440782752
138102 17.7315423605
138151 17.7188629269
138331 17.7000521447
138661 17.6552380778
138700 17.6227809328
139297 17.6116420117
139370 17.5797893776
139445 17.5774413707
139700 17.5768401003
139810 17.5649282121
139811 17.5543877717
139822 17.5226399593
140369 17.5074958588
140556 17.4781857677
140638 17.4257387796
140663 17.4068103607
142711 17.2963289024
142769 17.2854736379
143126 17.1587967879
143127 17.0786956257
144061 16.9837919542
144579 16.9068935590
145074 16.8902602132
145174 16.8459760996
145222 16.6941520753
145501 16.6923472914
145538 16.6579942876
146173 16.6554211779
146275 16.5468950562
146472 16.5025830761
147443 16.4700900401
147939 16.4618214050
147987 16.4319296890
148324 16.3875695492
148345 16.3823677862
148450 16.3412169408
148630 16.3198562287
149086 16.3136335241
149100 16.2245989618
149386 16.1942750844
149434 16.1625183450
149776 16.0768802361
150297 16.0672559969
150473 16.0507930129
150634 16.0014138179
150829 15.9442144284
151302 15.8941125076
151412 15.8856663800
151863 15.8806788147
152167 15.8602378260
152202 15.7583371818
153381 15.7291921350
153469 15.7185862213
153558 15.6541679558
153574 15.6343014862
153632 15.5937222204
153994 15.5905386334
154023 15.5727507931
154390 15.5333441615
154464 15.5138625326
154537 15.4215469662
155501 15.3874215836
156334 15.3102409639
156629 15.2997552436
156833 15.2806107981
156834 15.2777796521
156901 15.2271353211
157117 15.2254291050
157136 15.2141949779
157633 15.1837539841
157675 15.1731467746
157686 15.1310704294
158413 15.0572436721
158858 14.9710587006
159786 14.9365562152
160226 14.8049929337
161150 14.8049425436
161216 14.8007232615
161265 14.7778263719
161347 14.7402842740
161414 14.5427471378
162004 14.5414121655
162092 14.5125613624
162290 14.5064152320
163158 14.3358039058
164904 14.1256417451
165344 14.0747854055
165469 14.0218452482
165725 13.9807793197
166147 13.9437153539
166260 13.9258121885
166766 13.8655473594
167275 13.8426458682
167468 13.7733470524
167573 13.7521874191
167829 13.7194395400
168631 13.6732743227
168795 13.6663872564
168831 13.5948681464
169328 13.5497754669
169482 13.4211762028
169739 13.3854535237
169995 13.3620394262
170515 13.3447241520
170885 13.2572961243
171295 13.2466410308
172138 13.2033358623
172977 13.1665917548
173389 13.1086469823
173415 13.0677718124
173727 13.0497256246
173907 12.9637007217
173919 12.9131344685
175205 12.9033996489
175238 12.8953314476
175385 12.8604342900
175543 12.8540694909
175673 12.8495441904
175891 12.8207707098
176020 12.7433746495
176128 12.7300112299
176389 12.6698961169
176464 12.6671976905
176915 12.6558675429
177156 12.6522117399
177210 12.6509473693
177591 12.6443416360
178163 12.5828797677
178202 12.4956651344
178580 12.4100747496
179262 12.3936083999
179760 12.3585150926
179831 12.2887552497
180263 12.2413272888
180662 12.2242903749
180999 12.2070208511
181372 12.1759371270
181617 12.1478586212
181667 12.0869605048
181872 12.0442799394
182741 12.0215303559
183291 11.9815465716
183511 11.8386502292
184282 11.8178531043
184405 11.6854836195
184831 11.6493283479
184850 11.6302599043
184948 11.5939417722
185078 11.5716641289
185139 11.4819847412
186003 11.4542588133
186046 11.4532337540
186104 11.4228725302
186227 11.3259455488
187923 11.2592192266
188183 11.1098023222
188987 11.1026614805
189254 11.0747107608
189409 11.0505662437
189462 11.0141488988
189636 11.0090872060
189740 10.9601471346
189917 10.9223298667
190541 10.8842224740
190560 10.8549468440
190788 10.7610100904
191826 10.7342984557
191996 10.7179364783
192122 10.7135530515
192403 10.7114211540
192409 10.7079773916
192621 10.7076273345
192971 10.6928841659
193241 10.6154948403
193988 10.5803074626
194091 10.5423573721
194198 10.4586743271
194471 10.3210965314
195543 10.3023265736
195759 10.1590835322
196823 10.1520658769
197141 10.1405637638
197161 10.1226935645
197202 10.1137816939
197237 10.0342985446
197252 10.0290934656
197386 10.0182894793
197486 10.0126408914
197934 9.9942408478
198239 9.9780302492
198273 9.9705129338
198550 9.9536817451
198625 9.9427371032
198693 9.9198500593
198873 9.8722719265
199084 9.8471604331
199248 9.8371135807
199451 9.7145572034
200790 9.6567162715
201064 9.6325908375
201071 9.6141217995
201290 9.5419105458
202122 9.5252671530
202520 9.4954964146
202649 9.4244652110
202809 9.4162409167
202852 9.3491142994
202917 9.3332871814
202923 9.3283087521
203161 9.3232213671
203237 9.3222355519
203265 9.1919660158
204522 9.1894229785
204617 9.1775695834
204847 9.1335673623
205166 9.0785597171
205267 9.0346371578
205472 9.0067571209
205524 8.9999019322
205699 8.9893101568
205729 8.9656349441
206327 8.9460874593
206518 8.9197926999
206545 8.8585685649
206771 8.8419698905
206917 8.8335504561
206999 8.8171255771
207132 8.8044774667
207336 8.8020237147
207362 8.7574857349
207550 8.7542794511
207758 8.7251781428
208520 8.7091834821
208835 8.7026009817
208901 8.6642280690
208934 8.5600203657
209350 8.5298330037
209818 8.5209773300
209977 8.4203999537
210879 8.3944354064
211215 8.3638436946
211469 8.3390816645
211493 8.2965696819
211641 8.2205513447
212355 8.1671346494
212554 8.0780773992
213123 8.0759543067
213261 8.0556427650
213373 8.0337312993
214085 7.9684018804
214730 7.8815555081
215464 7.8591687213
215593 7.8141871041
216091 7.7514445126
216194 7.7147287408
216916 7.6467599111
217485 7.6453834206
217603 7.6423626244
217896 7.5988972137
218370 7.5788752164
218489 7.5235431435
218593 7.4622672890
218887 7.4460019610
219051 7.4439676764
219301 7.4362799517
219399 7.4070085730
219458 7.3969842032
219528 7.3303564199
219970 7.2441981596
220223 7.2241898714
221071 7.2195264111
222414 7.0761744736
223060 7.0244508839
223290 7.0005792381
223362 6.9433076738
223869 6.9269678034
223874 6.8404974428
224093 6.7325884132
224870 6.6525959014
225263 6.6268448887
225296 6.6045638760
225311 6.5744809695
225392 6.5078847352
226041 6.4198438779
226670 6.4024893155
226753 6.3536832513
226933 6.3347977156
226942 6.3314025025
227014 6.3274171543
227223 6.3025387442
227617 6.2925473867
227989 6.2703857300
228025 6.2341287604
228357 6.2036668247
228990 6.1936767575
229155 6.1636787540
229397 6.1050476306
229655 6.0353852118
229976 6.0109459496
231257 5.9468624559
231504 5.8761068461
231543 5.8298316898
231619 5.8059630263
231689 5.7145605838
232029 5.6668965974
232588 5.6437992302
232947 5.5905680020
233016 5.5902571905
233246 5.5026703897
233448 5.4980079430
233496 5.4193673935
234255 5.3991225779
234261 5.3517258043
234379 5.3421863050
234562 5.2894082257
234776 5.2792970713
234800 5.2722350144
235145 5.2085707001
235172 5.1794428834
235362 5.1221673210
235542 5.0848303731
235768 5.0270597413
236403 4.9958024175
237229 4.9941121124
237240 4.9908499162
238383 4.9395003117
238619 4.9031197010
238907 4.8833069857
239254 4.8272445841
239341 4.6389195806
240396 4.5667597342
240862 4.5605384738
240910 4.5527069564
241042 4.4492693866
241650 4.3731903631
242315 4.3053557191
244108 4.2976166139
244148 4.1682169259
244212 4.1114178754
244981 4.1085097362
245334 4.0845519568
245508 4.0742125676
245771 4.0339601980
245803 3.9657564808
245931 3.9033780059
246097 3.8916850739
246396 3.8410820598
246977 3.8072980972
247306 3.7671288266
247353 3.7365166425
247464 3.7132278644
247698 3.6889277797
248624 3.6796803534
249332 3.6677579852
249391 3.6530117738
249448 3.5584048659
249823 3.5522584137
249892 3.5436117867
249906 3.5242058373
249961 3.4813807919
250034 3.4387516931
250464 3.3556059460
251248 3.3147384935
251365 3.2899212466
251739 3.2282785167
252387 3.2203495848
252605 3.2178511760
252643 3.1911593271
252682 3.1292942500
252973 3.0714220595
253276 3.0279288121
253437 3.0068638027
253541 3.0060157407
254293 2.8629679279
254358 2.8313115158
256380 2.8276442115
256461 2.6646709925
257446 2.5828122279
257986 2.5317218383
258279 2.3735959878
260034 2.3306742268
260354 2.3271754486
260536 2.2313371624
260838 2.1337821102
261053 2.1009726144
261277 2.0932488897
261293 2.0737103282
261340 2.0685293978
261360 2.0238309540
261512 1.9371465475
261867 1.9270559476
262034 1.8978982620
262200 1.8445276504
262454 1.7983945382
263883 1.7791580259
265005 1.7150954677
265399 1.6602053303
265558 1.6536825000
265818 1.5639039934
266170 1.5342829018
266222 1.4786918701
266277 1.4639113766
266462 1.4572325068
266631 1.4329397255
266836 1.4124891092
267064 1.4120013280
267068 1.3986449422
267136 1.3962842047
267164 1.2679567524
267233 1.2403574709
268128 1.1535045444
268260 1.1465364769
268664 1.1317734120
268959 1.1236650847
269086 1.1205208583
269119 1.0838187650
269251 1.0804132374
269350 1.0644166779
269398 1.0153135434
269572 1.0151205909
269971 1.0054982802
270316 0.9998256800
270896 0.9459733427
270944 0.9390737687
271001 0.9345551348
271137 0.9319176224
271452 0.9190051728
271907 0.8437998988
272072 0.8365988439
272368 0.8317418205
272403 0.7889259369
273283 0.7710319379
273394 0.7652301285
273639 0.7596036395
273919 0.7366413437
274016 0.7168029615
274037 0.7167901660
274186 0.7145822312
274346 0.6962512662
274397 0.6382909827
274751 0.6359344583
276869 0.6316335916
277045 0.6170563427
277074 0.6168407862
277097 0.5975476763
277147 0.5436646010
277888 0.5355218566
278230 0.5153235907
278239 0.5099767804
278254 0.4999265019
278768 0.4871720595
279009 0.4791520209
279201 0.4738032729
279460 0.4707446838
279976 0.4454487633
280171 0.4224319278
280576 0.4051846856
280650 0.3861152753
280935 0.3619577688
281061 0.3592628096
281352 0.3574191364
281366 0.3571729333
281447 0.3190229246
281696 0.3067190515
282423 0.2939540347
283416 0.2693675753
284013 0.2679364465
284392 0.2433351926
285071 0.2253626794
285409 0.2243399799
285469 0.2214415710
285522 0.2105475033
285572 0.1946830096
285922 0.1565096737
286636 0.1538450175
286908 0.1287985215
287766 0.1195734895
288361 0.1101570694
288829 0.0956161655
288939 0.0916948389
289084 0.0903081355
289091 0.0853695975
289685 0.0808710315
289925 0.0727493335
290334 0.0697546154
290622 0.0637335234
290633 0.0604358926
290937 0.0577122032
291453 0.0551396839
291960 0.0546227049
292379 0.0481158347
292512 0.0445724541
292641 0.0403970728
292986 0.0363670601
292994 0.0319693354
293142 0.0318477638
293254 0.0276208987
294134 0.0251069428
294486 0.0227804249
294740 0.0207674021
294984 0.0177325948
295235 0.0123928324
296152 0.0114743239
296173 0.0108652697
297526 0.0106281566
297598 0.0102451075
297824 0.0099788651
297893 0.0090662842
298097 0.0089887218
298217 0.0083639128
298231 0.0079709621
298424 0.0057115142
298625 0.0054870302
299058 0.0053265515
299091 0.0049487352
299238 0.0047579420
299328 0.0038187206
299820 0.0031431022
300146 0.0029653088
300473 0.0023849401
300625 0.0023434126
300723 0.0020211701
301145 0.0019296010
301150 0.0016282684
301272 0.0015284963
301406 0.0013744423
301456 0.0013593273
301700 0.0011989087
301786 0.0011892791
301809 0.0010219135
301942 0.0009628319
301972 0.0007269743
302609 0.0007268125
302671 0.0006175004
302972 0.0003879590
303718 0.0003613853
303835 0.0002665371
304672 0.0002129412
304832 0.0001905988
305015 0.0001897692
305169 0.0001747338
305343 0.0001596018
305483 0.0001556706
305642 0.0001267930
305762 0.0001234802
306333 0.0001168212
306380 0.0001132413
306918 0.0001113780
307338 0.0000996408
307427 0.0000965987
307428 0.0000865746
307652 0.0000752326
307893 0.0000593553
308170 0.0000563483
308222 0.0000476522
308253 0.0000456567
308412 0.0000408659
308558 0.0000402792
308591 0.0000400386
308629 0.0000379582
308749 0.0000346057
308796 0.0000289840
308863 0.0000230991
309011 0.0000202349
309614 0.0000188432
309732 0.0000164038
309858 0.0000142479
309927 0.0000137116
310044 0.0000135729
310083 0.0000110550
310204 0.0000101489
310307 0.0000093349
310507 0.0000077168
310704 0.0000069805
310979 0.0000060911
310999 0.0000052679
311269 0.0000045544
311608 0.0000045060
311616 0.0000044912
311635 0.0000039934
311677 0.0000037633
311802 0.0000028327
312121 0.0000020984
312448 0.0000018181
312851 0.0000017784
312882 0.0000016026
312953 0.0000014486
313099 0.0000014158
313126 0.0000013146
313149 0.0000012256
313217 0.0000010864
313495 0.0000009394
313711 0.0000009341
313810 0.0000009261
313851 0.0000008684
313893 0.0000008528
313918 0.0000008197
314036 0.0000007264
314057 0.0000006933
314125 0.0000006745
314153 0.0000006215
314301 0.0000005824
314319 0.0000004242
314951 0.0000003874
315097 0.0000003116
315631 0.0000002708
315855 0.0000002146
315970 0.0000002097
316115 0.0000002006
316192 0.0000001738
316276 0.0000001619
316283 0.0000001525
316616 0.0000001484
316618 0.0000001037
317078 0.0000000958
317158 0.0000000941
317189 0.0000000867
317314 0.0000000517
317846 0.0000000510
317908 0.0000000496
317976 0.0000000487
318100 0.0000000462
318310 0.0000000454
318375 0.0000000449
318388 0.0000000418
318448 0.0000000349
318515 0.0000000329
318690 0.0000000286
318931 0.0000000265
318971 0.0000000258
319112 0.0000000249
319126 0.0000000214
319158 0.0000000212
319355 0.0000000203
319499 0.0000000175
319752 0.0000000166
319888 0.0000000165
319996 0.0000000156
320017 0.0000000123
320055 0.0000000119
320288 0.0000000114
320316 0.0000000101
320330 0.0000000093
320685 0.0000000083
320725 0.0000000072
320878 0.0000000068
320879 0.0000000054
321042 0.0000000046
321139 0.0000000045
321165 0.0000000045
321495 0.0000000034
321749 0.0000000029
321978 0.0000000026
322029 0.0000000025
322059 0.0000000021
322172 0.0000000020
322455 0.0000000017
322656 0.0000000016
322685 0.0000000015
322945 0.0000000015
323125 0.0000000012
323154 0.0000000011
323255 0.0000000010
323374 0.0000000010
323375 0.0000000009
323379 0.0000000009
323557 0.0000000008
323586 0.0000000008
323792 0.0000000007
323793 0.0000000007
323803 0.0000000006
323906 0.0000000005
324183 0.0000000005
324189 0.0000000005
324278 0.0000000005
324612 0.0000000004
324653 0.0000000004
324687 0.0000000004
324697 0.0000000004
324739 0.0000000003
325066 0.0000000002
325169 0.0000000002
325381 0.0000000002
325664 0.0000000002
325946 0.0000000001
326261 0.0000000001
326579 0.0000000001
326710 0.0000000001
327064 0.0000000001
327086 0.0000000001
327092 0.0000000001
327391 0.0000000000
327857 0.0000000000
328173 0.0000000000
328199 0.0000000000
328314 0.0000000000
328695 0.0000000000
328903 0.0000000000
329167 0.0000000000
329254 0.0000000000
329391 0.0000000000
329497 0.0000000000
329583 0.0000000000
329663 0.0000000000
329776 0.0000000000
329828 0.0000000000
329830 0.0000000000
329883 0.0000000000
329886 0.0000000000
330102 0.0000000000
330289 0.0000000000
330418 0.0000000000
330573 0.0000000000
330811 0.0000000000
330891 0.0000000000
330950 0.0000000000
330988 0.0000000000
331076 0.0000000000
331216 0.0000000000
331272 0.0000000000
331433 0.0000000000
331532 0.0000000000
331579 0.0000000000
331655 0.0000000000
331775 0.0000000000
332008 0.0000000000
332032 0.0000000000
332084 0.0000000000
332151 0.0000000000
332240 0.0000000000
332575 0.0000000000
332785 0.0000000000
332790 0.0000000000
332853 0.0000000000
333160 0.0000000000
333163 0.0000000000
333480 0.0000000000
333636 0.0000000000
333705 0.0000000000
333815 0.0000000000
333991 0.0000000000
334016 0.0000000000
334531 0.0000000000
334541 0.0000000000
334640 0.0000000000
334692 0.0000000000
335026 0.0000000000
335089 0.0000000000
335193 0.0000000000
335702 0.0000000000
335980 0.0000000000
336133 0.0000000000
336876 0.0000000000
338749 0.0000000000
339127 0.0000000000
evaluations raw_y
1 2402631.9687304962
2 1482206.7364930804
3 1446776.7561516403
4 1210377.2473220124
7 791261.7131069610
38 628067.1889967154
73 518154.5848835047
86 424962.4360375507
98 318834.2524928769
177 253198.6132537590
262 226587.6865443561
283 148548.3890704105
359 146214.0693316842
370 138949.6581356409
548 135606.2933293563
2069 130956.1024968502
2196 116885.4525839694
2254 98122.2362544711
2466 80860.8639824427
2531 68764.5118698541
2620 66182.7903856587
2641 42977.4370307954
2693 34116.3483842857
2787 31407.9278804514
2869 26745.3663733473
2873 24729.2326104911
2979 18558.1044630728
3287 17867.7768547433
3329 16087.5298980127
3477 14605.1177039440
3514 8658.6349609762
3767 6308.4147147662
3965 5769.6301161262
4002 4808.3406295098
4051 4484.3158217256
4153 4376.3274018297
4235 3981.0966256283
4455 3475.6641755308
4473 3449.3609032644
4521 3151.3488084340
4591 3091.3184030174
4612 2282.3954277679
4641 2042.0116331434
4938 1292.1831217274
5125 1049.6107219397
5457 1024.6802373522
5536 988.3850951720
5603 901.4921561182
5652 787.1834389570
5786 694.3612571413
5958 656.2767007485
6226 608.2995301822
6365 503.7801150986
6628 464.5539627497
6755 390.9499878016
7222 353.7824426111
7288 334.2657118196
7336 333.1831037791
7382 321.9878904400
7452 290.0789253386
7601 260.6774419827
8186 240.8322447424
8343 228.8259444955
8687 223.0496618518
8689 213.7584175759
8697 209.8434898381
8719 197.9634592415
9144 193.2306503612
9146 187.5069561420
9332 176.9140470192
9409 171.0994717653
9663 167.4284880562
9672 161.1502320053
9977 158.8249682975
9985 155.1915179875
10022 137.3184696201
10689 135.5419152148
10816 134.4566859211
10902 133.9391399847
10960 132.9466344700
11004 130.7850359968
11290 130.3826034153
11440 129.8699259522
11441 128.0154725922
11528 127.9948410985
11621 126.4859828434
11775 124.3006940277
11857 121.6038613867
11982 121.3472983504
12171 117.5100417317
12186 117.3888753560
12449 116.6981165069
12494 114.9481196547
12736 114.9112193267
12925 112.6475414760
13133 112.2148617750
13265 110.9851988872
13299 109.9768766615
13783 109.1831274834
13807 108.8588899722
14159 108.3386743469
14282 107.8464693817
14387 106.7503586187
14836 106.2005047585
14872 106.1813055985
14985 106.1150753916
15011 106.1069710472
15422 106.0924594787
15592 104.8510856908
16198 103.8086442393
16247 103.6200292918
16327 103.2218268194
16686 103.0492116618
16798 102.3529698572
17219 102.2246383235
17379 102.0566070194
17579 101.9285866220
17593 101.8278129748
18171 101.8009480955
18213 101.5767727694
18446 101.5150316114
18470 101.4795054200
18689 101.3047695704
18759 101.2483562412
18829 101.1281098580
19201 100.9774624582
19205 100.9579299667
19465 100.8345625677
19545 100.7661174452
20071 100.4495786774
20307 99.4432075116
22556 99.4108930971
23057 99.2429829064
23188 98.9635171940
23226 98.5796365016
23314 98.5550274959
23482 97.6263603769
24281 97.3040931556
24495 97.2476443691
24571 97.1716272172
24631 96.8642204311
24686 96.5796080445
24995 96.5731499544
25340 96.3817011661
25730 96.2440991727
25879 96.0696206908
26028 95.8790018360
26849 95.7475460305
26896 95.6649590375
27014 95.6490358041
27167 95.4542344826
27534 95.2709926503
27878 94.6870395376
28065 94.6178335465
28272 94.6002937269
28345 94.3821823541
28678 93.9922589900
29031 93.9258966549
29235 93.8885273570
29402 93.8622806423
29441 93.6755491275
29475 93.6676981981
29583 93.6220348971
29607 93.5072246281
29702 93.2727482664
30091 93.1100093017
30719 93.0939740191
30770 93.0654751636
30782 93.0006129577
30970 92.8668609423
31098 92.8182037319
31124 92.7055992688
31145 92.6891847691
31150 92.6568233498
31266 92.6340198732
31295 92.5710324707
31341 92.5164236222
31415 92.4672031924
31638 92.4236422920
31825 92.3050194733
32133 92.2792183506
32492 92.0728715720
32807 92.0597861951
32822 91.9957150299
32841 91.9829446006
33199 91.8160827007
33674 91.7423795417
33742 91.7276612565
35328 91.2903730126
35952 91.2864842293
35992 91.2801807038
36024 91.2379559813
36211 91.2009089999
36304 91.1371362476
36399 91.1054472333
36547 90.7791904471
36753 90.6174150464
36850 90.6145482140
36989 90.4216655472
37239 90.3068427368
37299 90.2761181984
37611 90.2549018422
37760 90.2296898439
37795 90.0442925401
39021 89.8601566314
39377 89.6366328039
39702 89.0306954866
40295 88.8702727823
40510 88.5838112974
40554 87.1329284548
41059 87.0499588844
41703 84.5142952978
41938 76.5263226598
44090 76.0403271611
44635 73.3496341368
44764 71.0454819363
44955 70.4352570523
44990 65.8291952029
45104 61.4793432527
45251 61.2533696208
45445 55.2000023175
45569 53.0101715261
45921 49.6217634401
46072 47.9482861478
46188 44.0923721149
46396 43.3502842633
46848 42.3629754560
46895 40.5719127947
47213 39.8825636628
47308 39.4955408052
47391 39.1132483056
47438 38.5230016144
47525 38.3086737010
47623 38.0278041559
47716 37.7864240917
47771 37.6696000227
47848 37.4289536135
47864 36.5780119411
48380 36.4393155768
48393 36.3129220511
48411 36.2996046290
48496 36.1309135735
48507 35.5781803081
48533 35.2731357167
48852 34.8053667447
49064 34.5520995490
49111 34.4704945019
49416 34.3631675699
49718 34.2699446413
49830 34.0700936589
49998 33.9723183841
50157 33.9000513025
50606 33.7997304719
50843 33.7121458280
51119 33.6593692185
51459 33.6546209187
51578 33.5723535859
52133 33.5552675829
52231 33.5171808728
52464 33.4928097222
52626 33.4768054083
52773 33.4753005402
52845 33.4602424966
53037 33.4321468323
53115 33.4214920746
53198 33.3948849075
53939 33.3945653098
54180 33.3573395840
54879 33.2170903652
56396 33.1454276467
56831 33.1454020589
57173 33.1037102849
57379 32.9809748270
57741 32.9041968011
58409 32.8974970725
58617 32.8342965591
58816 32.8077501543
58929 32.6742110193
59224 32.5891854402
59493 32.5062197239
59509 32.5054546400
60026 32.4564771073
60948 32.3689482436
61144 32.3452972772
61180 32.3372481384
61208 32.2513710867
61361 32.2221271411
61486 32.2220306051
61617 32.2109551320
62087 32.2005381279
62132 32.1769120815
62148 32.0023255673
62599 31.9962948009
62677 31.9743843001
62726 31.8979119657
63100 31.7706276074
64419 31.7324200251
64697 31.6969970151
65241 31.5197275259
65430 31.3632117535
65800 31.3337557106
66121 31.3161796105
66207 31.2779749156
66356 31.2588279195
66395 31.1071611626
66730 31.0435666123
67793 31.0430739592
68757 31.0236544418
68791 30.9128972007
68881 30.8953052647
68948 30.8688723426
69482 30.7742907586
69770 30.7117436254
69836 30.6219195666
70686 30.5684233968
70967 30.5437377800
71344 30.4297779036
71742 30.3414562209
71865 30.3082618453
72446 30.2429931292
72579 30.2168247664
72906 29.9134985148
74441 29.8260032165
74747 29.7799673563
74921 29.7582858493
75009 29.7121433141
76841 29.6528788355
77091 29.5890107502
77354 29.5474971648
77364 29.5380687867
77512 29.5262822744
77645 29.4254471125
77751 29.3442992768
78146 29.3301754510
78561 29.2861897024
78827 29.2157230897
79418 29.2089033134
79510 29.1727833677
79915 29.0996589412
80055 29.0711799751
80306 29.0702361787
80695 28.8847074950
81054 28.8028021186
81653 28.7990415131
82120 28.6901333639
83098 28.6744632937
83107 28.5970598247
83266 28.5880125232
83351 28.5101048497
83820 28.4697946243
84474 28.4650447042
84793 28.3945497687
84801 28.3778647027
85053 28.3533323548
85230 28.2908383446
85325 28.2665660611
85743 28.1420889295
86085 28.0949058574
86281 28.0469840197
86535 28.0157635609
86544 27.9906334191
86622 27.8980764200
87301 27.7881321280
87460 27.7597532070
87796 27.6668190182
88610 27.5446425362
89537 27.4876450720
90183 27.4687860474
90211 27.4297384299
90691 27.3741645191
90867 27.3334820608
91075 27.2389023443
91321 27.1217884481
92034 27.1146069503
92201 27.0081735112
93579 27.0030071830
93892 26.9930342754
94027 26.9210119056
94104 26.8946694543
94300 26.7934541352
95588 26.7913957343
95627 26.6897328536
95870 26.5590559090
97011 26.5544887418
97045 26.5350270224
97060 26.4900910655
97127 26.4269594730
97858 26.3474819827
97905 26.3301409752
98012 26.2005468532
98437 26.1880893159
98689 26.1735046013
98708 26.1504906212
98752 26.1027498337
99371 26.0406188687
99821 26.0008552192
100258 25.9710271411
100359 25.9430120772
100711 25.9424504360
101056 25.9403484166
101213 25.8993541842
101258 25.8388659048
101380 25.8064419577
101759 25.7338698557
101939 25.7314655780
101980 25.6960147470
101989 25.6954487638
102317 25.6158367161
103142 25.5903355824
103520 25.5686219970
103691 25.5028588253
103787 25.4630040842
103815 25.4536670868
104340 25.3332437273
105494 25.2684780678
105774 25.1823162870
106204 25.1771126528
106385 25.1670626955
106460 25.1552388767
106733 25.1484197854
106744 25.1373059649
106786 25.0751495929
106845 25.0255563083
107075 25.0086130105
107755 25.0036006476
108185 25.0019621183
108277 24.9838552734
108563 24.9728683700
108686 24.9607208201
108780 24.6658592763
110145 24.6593600734
110190 24.6330581575
110227 24.6289834321
110276 24.5562808991
110366 24.4696237300
110936 24.4691378858
110975 24.4382621762
111019 24.4032169217
111102 24.3327169427
111471 24.2979378064
111532 24.2766860497
111900 24.2662654089
112052 24.2605891790
112786 24.1632244872
113520 24.1380541653
113531 24.0785313775
113647 24.0743302570
113964 23.9902455148
114090 23.9696554801
114415 23.9203959963
115680 23.8996390027
115931 23.8756626451
116111 23.7131392402
116179 23.6870995061
116333 23.6850984918
116375 23.6762121013
116658 23.6575581780
116663 23.5713296913
116841 23.4694900938
117548 23.3922386442
117648 23.3535833091
118428 23.3489860514
119152 23.2911625064
119928 23.1748546895
119997 23.0988989352
120000 23.0337723554
120261 22.9875307956
120734 22.9401975624
120846 22.9325118460
121938 22.8761405222
122166 22.7931777839
122391 22.7915470338
122393 22.7880114230
122493 22.7533470349
122495 22.7006421828
122723 22.7000054841
123216 22.6404047957
123463 22.5673153787
123951 22.5647327598
124145 22.5479008898
124167 22.5211295319
124196 22.5201089011
124552 22.4501140270
124778 22.4414533045
124875 22.4278754973
124901 22.3776906612
124961 22.3387598413
125380 22.3032622643
125546 22.2504154613
125700 22.2173598366
126460 22.2061177510
126546 22.1488903793
126702 22.1124968917
127525 22.1009573131
128425 22.0719306193
129306 21.9643283218
129605 21.9251362807
129970 21.8986151152
130059 21.8530076297
130122 21.8373209810
130402 21.7138846445
130700 21.6957789303
130726 21.5958003088
131157 21.5220174458
131235 21.4489231411
132999 21.3883516567
133235 21.2780694030
133810 21.2332503824
134106 21.1985141910
134373 21.1683397592
134374 21.1648160420
134418 21.1422014691
134440 21.1298910669
134606 21.1157690634
134683 21.0619563289
134834 21.0464486896
134842 21.0088378341
135068 20.9606650390
136098 20.9221270694
136350 20.8702154753
136417 20.8180264546
136533 20.7716757510
136774 20.7318322916
137312 20.7278845933
138100 20.7154253757
138252 20.5375818223
138471 20.5001806180
139676 20.4936798659
140112 20.4677075006
140220 20.4516243842
140278 20.4446555247
140325 20.4067755841
140511 20.2901252390
140802 20.2514830413
141076 20.2091564851
141140 20.2081501903
141288 20.1860587135
141339 20.0908647964
141453 20.0823425153
142976 20.0366173861
142986 19.9580663234
143250 19.9434306891
143735 19.8887394437
144687 19.5704309015
145952 19.5462014524
146056 19.4793304547
146184 19.4522530243
146540 19.4007797078
147745 19.3980680638
148040 19.3956912052
148118 19.3887298713
148137 19.3782493996
148155 19.3438345339
148312 19.2804374260
148363 19.2440643487
148806 19.2436614891
149447 19.2339738145
149703 19.1936217949
149964 19.1927945156
149969 19.1611823007
150134 19.1084582480
150430 19.0895250466
150442 19.0286683711
151060 18.9416930919
151881 18.9341535369
152194 18.9176766657
152260 18.8828156334
152361 18.7710005682
152859 18.7572523577
153527 18.7385977755
153689 18.6698359908
154030 18.6495736302
154075 18.5968273474
154177 18.5873722647
154348 18.5842275973
154419 18.4889554970
154513 18.4860520390
154616 18.4724977505
154645 18.4630845913
154818 18.4146765333
154830 18.4140204945
154932 18.3610624477
155047 18.3557639063
155060 18.2993382699
155166 18.2584037169
156009 18.1823828273
156456 18.1749646658
156650 18.1074484418
157026 18.1039838009
157131 18.1005976135
157440 18.0841784947
157472 18.0813432743
157538 18.0679119299
157992 18.0443689506
158145 17.9220190226
158466 17.9181000781
159557 17.9000513403
159577 17.8633206545
159702 17.8444170561
159794 17.8365199000
159861 17.8266218152
159915 17.7682332682
160286 17.7636755574
160296 17.7105809133
160628 17.6071503604
160659 17.5373107842
162367 17.3610179791
164283 17.3573667717
164423 17.3490952776
164452 17.2102098349
164583 17.2017284023
164919 17.1299846144
164975 17.0756771421
165477 17.0688318177
165504 16.9995171112
165636 16.9614185995
165805 16.9430820064
165857 16.8952341485
166321 16.8231068282
166687 16.8045834042
167032 16.7184710151
167388 16.6779296219
167542 16.5723362370
167674 16.5721433990
168331 16.5697724389
168584 16.4824749234
168796 16.4374042842
169065 16.4369802752
169120 16.3028996844
170606 16.2287825913
170718 16.1712934140
171218 16.1049620857
171688 16.0886833201
171886 16.0737677482
172429 16.0049354128
172672 15.9752427320
172903 15.9514358036
173396 15.8874746459
174300 15.8412607006
174461 15.8058248006
174710 15.7520481797
175151 15.7492975730
175264 15.7480778511
175378 15.6837679871
175720 15.6007840090
175892 15.5406101987
176783 15.5084422853
177091 15.4934698329
177486 15.4427954382
177495 15.3943463864
178247 15.2977859194
178872 15.2801970776
179026 15.1982010308
179884 15.1770948735
179976 15.1704907392
180083 15.1576482195
180135 15.1068717630
180157 15.0847685303
180509 15.0824506470
181073 15.0373826175
181093 14.9761784366
182346 14.9616319890
182740 14.9369129178
182741 14.9315005625
182751 14.8662188035
182824 14.7882825828
183138 14.7356056240
183737 14.6844696567
184115 14.6167150365
184149 14.6149329015
184583 14.4809191516
185151 14.4787490333
185207 14.4759870487
185223 14.4192023890
185271 14.3926602193
185816 14.3916449221
185833 14.3529734125
185901 14.3240488459
185960 14.3177990548
186173 14.2163356129
187459 14.1768314271
187962 14.1360592056
188296 13.9732253694
189406 13.9703746177
189856 13.8925582354
190657 13.8283671388
190918 13.8195690936
191096 13.7267340737
191602 13.6550646782
191608 13.6046835199
192212 13.5514219201
192374 13.5413204319
192457 13.5392831590
192678 13.3854928545
193016 13.3232753250
194420 13.2113851018
194595 13.2113243967
194673 13.2047418290
194777 13.1293500551
194959 13.0816173360
195303 12.9958498778
195504 12.9930093950
195620 12.9789766827
196034 12.9579058559
196179 12.9148691523
196327 12.8485146487
196624 12.8399636154
196674 12.8048756277
196709 12.7916185587
197015 12.7888455389
197076 12.7374996835
197370 12.7362369975
197404 12.6979582257
197433 12.6975883518
197646 12.6356101754
197716 12.6087048610
197994 12.5311331541
199284 12.4815407633
200175 12.3695861002
200656 12.3498940901
201038 12.2998460454
201183 12.2670302645
201198 12.2208849604
201748 12.1971579033
202233 12.0330395333
203184 12.0150288363
204326 12.0105595743
204462 11.9638260466
204664 11.9198274076
204680 11.8797837650
204756 11.8262167332
205132 11.6906346805
205244 11.6603337303
205688 11.5762197160
206113 11.5708753310
206561 11.5232869894
206675 11.4904857388
206809 11.4673561379
207199 11.3980111820
207323 11.3961697881
208233 11.3146163845
209458 11.3105509707
209566 11.2225365863
209833 11.2161543252
209846 11.0945797922
210664 11.0413250587
210800 10.9998008532
211325 10.9592427459
211639 10.9238762565
211668 10.9162506560
211718 10.8301809930
213723 10.7923300543
213836 10.7598036346
213967 10.7469907527
214046 10.6679986083
214891 10.6506457110
215074 10.6409202118
215083 10.6029690946
215181 10.5622820144
215353 10.4875242608
215485 10.4609454889
215826 10.3925138286
216488 10.3612345356
216682 10.3127716297
216712 10.3079861499
216807 10.2817639636
216946 10.2562714865
217132 10.2547408631
218088 10.1178615875
218260 10.0968049744
218751 10.0799328854
218812 10.0370143837
219318 10.0354323545
219698 9.9183874609
220434 9.9028252102
220437 9.8526490353
220491 9.8067714376
220504 9.7195713767
220814 9.7003456288
221343 9.6872558370
221582 9.6848894762
221763 9.6582803613
221818 9.6217295498
221939 9.6174478365
221949 9.5446914349
222940 9.5340560695
223246 9.4479136931
223784 9.4465414573
223847 9.4413855221
224075 9.3745784089
224267 9.3622226769
224380 9.3243913192
225168 9.2606205376
225736 9.2137564193
226666 9.0617244753
227004 9.0029076444
227880 8.9588512860
228110 8.9486098392
228295 8.8900526926
228406 8.8408725065
228694 8.7412862810
228971 8.7099661393
229834 8.6375722628
229924 8.5798987358
230088 8.5691346143
230225 8.5243608319
231016 8.4151427186
231223 8.4138790630
231576 8.3847452279
231904 8.3597475715
231927 8.3133067491
232009 8.1946452640
232972 8.1923214213
233033 8.1528988269
233111 8.0628069919
233137 8.0404635127
234457 8.0155255676
234930 7.9200799624
235132 7.7974456631
237289 7.7489146517
237310 7.5518211702
237399 7.4877269210
238186 7.4405157374
238332 7.3908063115
238359 7.3063346055
239163 7.2784704103
239216 7.1885534025
239593 7.1233851317
239694 7.1024422336
239946 7.0255254050
241027 6.9493564130
242394 6.8212281638
243865 6.7939168028
244026 6.6644851318
244439 6.6604231874
245072 6.6602943862
245341 6.5993874094
245415 6.5694700118
245966 6.4454532063
246330 6.4132951299
246956 6.3482743168
247116 6.3457504769
247614 6.0641457555
249193 6.0487380634
249340 6.0137731966
249405 5.9205295736
249949 5.9024553552
249957 5.8926922677
250096 5.7974230550
250145 5.7932123362
250515 5.7507574749
250885 5.7349166674
250886 5.7229153785
251015 5.6920661655
251392 5.6120334712
251663 5.5455941547
252545 5.5127152327
252584 5.5040698337
252642 5.4851815047
252717 5.4286224643
252816 5.4015831341
253221 5.4005098960
253295 5.3977629813
253541 5.3854777140
253575 5.3819820721
253718 5.2752113307
254452 5.2596797096
254534 5.2576754302
254640 5.2432215071
254711 5.2364850453
254986 5.1810057135
255053 5.1765747808
255171 5.1737970403
255211 5.1663736801
255373 5.1590738448
255537 5.1307382553
257187 5.0395271821
257225 5.0177559623
257522 5.0106087268
257939 4.9267982880
258725 4.7333605633
259409 4.6847384900
259706 4.6736708298
259731 4.6384110606
259833 4.5985900424
260053 4.5913424695
260487 4.4886605024
261352 4.4236724895
261862 4.3916310378
261984 4.3776014792
262027 4.2769550661
262084 4.2127227608
262902 4.1829908751
262932 4.1712594933
263213 4.0296934923
264222 4.0273408851
265000 4.0178420348
265093 3.9699712474
265288 3.9616133620
265413 3.9566093496
265725 3.8395549935
266002 3.7729507443
266981 3.7247608707
267321 3.6460825874
267540 3.5674165302
267923 3.4464638754
268877 3.3888684336
268882 3.3692395917
269022 3.3597016347
269098 3.3450050060
269219 3.3367770953
269371 3.2623635579
269455 3.2414459951
270037 3.2243979819
270396 3.1287015702
272087 3.0368132698
272260 3.0017251646
272577 2.9626140086
272625 2.8980733864
273338 2.8964374758
273409 2.8938388182
273440 2.8019720592
273639 2.7358380383
274027 2.7266633926
274091 2.7228943338
274108 2.7167342586
274301 2.6760249487
274421 2.6600511117
274635 2.6498827555
274674 2.6395244016
274778 2.5854594018
275211 2.5633849607
275312 2.5472084140
275319 2.5248551915
275460 2.5041252207
277008 2.4845800501
277049 2.4095063210
277077 2.3949682309
277828 2.3351344436
279022 2.3302700625
279050 2.2578339530
279064 2.2432711735
280120 2.2301768437
280342 2.1235092027
281458 2.1038266333
281509 2.0602463662
281625 2.0215929966
282445 1.9628069206
283043 1.8908802290
283661 1.8781838925
283890 1.8560241105
283913 1.8337019519
284102 1.7974081004
284136 1.7828873500
284232 1.7349981715
284354 1.6624244440
284517 1.6475253844
284807 1.5710882230
285609 1.5104368948
286124 1.5060959083
286246 1.4951858795
286493 1.4057055785
287294 1.3839356421
287682 1.3580673637
287932 1.3288427409
288119 1.2861798956
288419 1.1820743916
288971 1.1805599663
289084 1.1750369331
289119 1.1069411134
289628 1.0824091521
290165 1.0517475842
290231 1.0297404207
290432 0.9551258427
291202 0.9446686886
291972 0.9339610828
292138 0.9264788726
292214 0.8649519918
293132 0.7794472472
293577 0.7690654354
293740 0.7616850492
294476 0.7274182681
294949 0.6897414439
295455 0.6848226417
296121 0.6483415970
297174 0.6178463589
297255 0.5669991677
297705 0.5328521377
298187 0.5148870080
298524 0.5132284080
298576 0.4893980049
298893 0.4876192298
298895 0.4759835095
298899 0.4563648953
298951 0.4496109365
299640 0.4279026266
299676 0.4182418943
299753 0.4077069935
300395 0.4021130709
300544 0.3981029454
300603 0.3942748011
300649 0.3928213967
300654 0.3920642219
300713 0.3835838910
300764 0.3835519929
300852 0.3772668885
300915 0.3530162358
301024 0.3419359704
301145 0.3401594752
301328 0.3332746101
301334 0.3161893643
301648 0.2981171919
301952 0.2878563341
302060 0.2779587806
303099 0.2677618192
303259 0.2540664240
304399 0.2338691251
305001 0.2105337386
305218 0.2091963670
305310 0.2047244501
305686 0.1867669529
306336 0.1773210218
306531 0.1739220943
306553 0.1649520686
306653 0.1564864096
306814 0.1398898417
307182 0.1384559787
307202 0.1374690238
307308 0.1354190083
307309 0.1166518270
307467 0.1128693999
308846 0.1072398806
309050 0.0917888824
309616 0.0854584117
310130 0.0735182270
310337 0.0658235453
311069 0.0608151478
311092 0.0541523095
312027 0.0487760307
312722 0.0484007329
313015 0.0475708402
313044 0.0419973311
313306 0.0402294456
313532 0.0383584709
313543 0.0333222677
313979 0.0321054160
314002 0.0282758928
314072 0.0271151209
314122 0.0269884058
314157 0.0231277275
314494 0.0227762954
314630 0.0218015356
314749 0.0217676236
314801 0.0179637098
315606 0.0173178183
315654 0.0167447196
316046 0.0137237430
316283 0.0132308938
316488 0.0130875239
316808 0.0094569896
317668 0.0091750692
318121 0.0085044350
318158 0.0076805639
318607 0.0075438306
318860 0.0073088692
318935 0.0062630712
318990 0.0061204002
319060 0.0059665303
319161 0.0056147343
319367 0.0055437521
319672 0.0050427695
319778 0.0048528195
319881 0.0035448999
319988 0.0034601336
320757 0.0029418813
320872 0.0028346979
321046 0.0026488585
321133 0.0026137119
321143 0.0025040575
321251 0.0024781312
321317 0.0022884727
321486 0.0017229273
322019 0.0014540963
322036 0.0013633728
322047 0.0012359703
322785 0.0009010210
323372 0.0007766383
323586 0.0007440232
323593 0.0007218949
323632 0.0006628573
324039 0.0006540954
324070 0.0006059185
324083 0.0005313362
324114 0.0004100508
324602 0.0003564042
324715 0.0003063523
324827 0.0002525556
325322 0.0002297482
325691 0.0002208061
325715 0.0002139658
325793 0.0001687428
325815 0.0001610550
325940 0.0001408662
326028 0.0001161956
326367 0.0000931789
326544 0.0000845515
326916 0.0000748948
327301 0.0000699709
327348 0.0000591117
327561 0.0000498741
328007 0.0000453993
328081 0.0000383403
328228 0.0000350851
328238 0.0000284428
328399 0.0000235402
329167 0.0000220066
329205 0.0000211136
329209 0.0000191826
329228 0.0000180296
329347 0.0000157915
329731 0.0000141762
330012 0.0000132651
330013 0.0000127666
330122 0.0000124979
330132 0.0000112498
330140 0.0000091425
330648 0.0000083963
330668 0.0000079901
330727 0.0000060597
331324 0.0000058675
331390 0.0000052059
331470 0.0000044576
331506 0.0000044420
331595 0.0000039602
331823 0.0000039025
331838 0.0000035974
331863 0.0000030824
332281 0.0000030456
332355 0.0000028968
332378 0.0000026764
332398 0.0000025543
332450 0.0000024028
332505 0.0000021761
332532 0.0000020952
332597 0.0000020479
332650 0.0000020170
332697 0.0000018561
332710 0.0000017924
332736 0.0000015969
332791 0.0000013146
332894 0.0000011849
333228 0.0000010890
333269 0.0000009632
333716 0.0000008873
333804 0.0000007012
334033 0.0000006627
334242 0.0000006431
334247 0.0000006265
334279 0.0000005797
334370 0.0000005753
334606 0.0000005193
334789 0.0000004450
334804 0.0000004195
334895 0.0000004032
335034 0.0000003969
335180 0.0000003515
335190 0.0000002365
335600 0.0000002257
335627 0.0000002224
335690 0.0000002069
335736 0.0000001854
335940 0.0000001615
336173 0.0000001394
336537 0.0000001300
336667 0.0000001072
336691 0.0000001037
336921 0.0000000786
337389 0.0000000749
337590 0.0000000608
337706 0.0000000594
337780 0.0000000552
337839 0.0000000503
337993 0.0000000445
338252 0.0000000422
338291 0.0000000297
338690 0.0000000297
338716 0.0000000290
338721 0.0000000279
338792 0.0000000271
338828 0.0000000211
339242 0.0000000178
339431 0.0000000164
339432 0.0000000153
339521 0.0000000148
339645 0.0000000130
339686 0.0000000126
339812 0.0000000124
339872 0.0000000109
339955 0.0000000107
339999 0.0000000104
340002 0.0000000101
340054 0.0000000090
340085 0.0000000088
340117 0.0000000086
340202 0.0000000077
340293 0.0000000066
340400 0.0000000066
340497 0.0000000065
340658 0.0000000059
340827 0.0000000052
340901 0.0000000044
341246 0.0000000041
341508 0.0000000036
341549 0.0000000033
341581 0.0000000027
341805 0.0000000023
341967 0.0000000023
342126 0.0000000021
342208 0.0000000021
342212 0.0000000018
342274 0.0000000015
342293 0.0000000015
342330 0.0000000013
342651 0.0000000012
342770 0.0000000010
342771 0.0000000009
343196 0.0000000008
343266 0.0000000008
343313 0.0000000006
343693 0.0000000005
343889 0.0000000005
343935 0.0000000005
344015 0.0000000004
344061 0.0000000004
344118 0.0000000003
344336 0.0000000003
344554 0.0000000003
344730 0.0000000003
344762 0.0000000003
344806 0.0000000002
345243 0.0000000002
345460 0.0000000002
345604 0.0000000002
345620 0.0000000002
345633 0.0000000001
345745 0.0000000001
345748 0.0000000001
345859 0.0000000001
345911 0.0000000001
345954 0.0000000001
346086 0.0000000001
346244 0.0000000001
346321 0.0000000001
346339 0.0000000001
346406 0.0000000001
346613 0.0000000001
346903 0.0000000001
346968 0.0000000001
347141 0.0000000000
347287 0.0000000000
347370 0.0000000000
347459 0.0000000000
347477 0.0000000000
347614 0.0000000000
347654 0.0000000000
347655 0.0000000000
347790 0.0000000000
347838 0.0000000000
348058 0.0000000000
348081 0.0000000000
348144 0.0000000000
348199 0.0000000000
348216 0.0000000000
348638 0.0000000000
348692 0.0000000000
348866 0.0000000000
348899 0.0000000000
349002 0.0000000000
349266 0.0000000000
349324 0.0000000000
349437 0.0000000000
349573 0.0000000000
350007 0.0000000000
350273 0.0000000000
350341 0.0000000000
350660 0.0000000000
350752 0.0000000000
350824 0.0000000000
351194 0.0000000000
351209 0.0000000000
351368 0.0000000000
351406 0.0000000000
351474 0.0000000000
351574 0.0000000000
351608 0.0000000000
351786 0.0000000000
351794 0.0000000000
351879 0.0000000000
352007 0.0000000000
352021 0.0000000000
352035 0.0000000000
352095 0.0000000000
352133 0.0000000000
352191 0.0000000000
352269 0.0000000000
352281 0.0000000000
352677 0.0000000000
352739 0.0000000000
352803 0.0000000000
353089 0.0000000000
353174 0.0000000000
353220 0.0000000000
353676 0.0000000000
353754 0.0000000000
353893 0.0000000000
354120 0.0000000000
354374 0.0000000000
354419 0.0000000000
354891 0.0000000000
354964 0.0000000000
355143 0.0000000000
355275 0.0000000000
355663 0.0000000000
356053 0.0000000000
356539 0.0000000000
358540 0.0000000000
358718 0.0000000000
evaluations raw_y
1 1072178.0172292683
3 756179.7740498990
16 479893.6773928771
73 412134.4008663138
95 300738.4890405627
120 273879.7082948112
177 224317.7138412398
277 192225.8257164999
287 153793.7155337782
312 130937.3837979095
373 113415.8219787677
466 93997.7237280191
1733 71397.6769074321
1887 71097.9825970175
2190 68912.6329276525
2237 66284.5053043094
2244 44563.8484036542
2293 43219.0018470861
2432 33957.1478149536
2505 18609.0080896434
2866 12873.6699480831
3074 8611.5653039267
3112 5766.9744473916
3250 5747.5337858873
3275 4703.0098677203
3672 4570.2213395342
3802 4208.5780449257
3842 3501.3935572732
3908 2645.3453917135
4353 2384.3095645183
4393 2294.6795737249
4428 1624.4401177908
4523 1520.2533151984
4560 1486.1648149733
4780 1399.5676024610
4817 1193.5232957908
4994 1088.7422266344
5010 966.1920606814
5256 784.3202263641
5333 732.0882733794
5498 720.3232274761
5565 422.1507521408
6122 406.8782027649
6325 307.0121626415
6922 229.7398792160
7208 223.4265642000
7255 194.1565394790
7515 189.7875598449
7561 176.1060205797
7615 172.2784013629
7711 168.3231558299
7831 138.4053650456
7983 129.4012533576
8234 128.2962367980
8315 120.6396307243
8338 105.4890321444
8556 102.0985980715
8559 100.1835516367
8586 95.5718097320
8707 95.1958675374
8744 94.4832653704
8793 89.9005643732
8899 80.0509185040
8909 73.1651250492
9046 72.2647103636
9152 70.6192271762
9171 67.0904614422
9391 66.3026466884
9490 65.2642349248
9561 61.0541261595
9564 58.4048804265
9591 56.0051210720
9970 54.8688491451
10052 54.0250574472
10165 52.0556517662
10196 50.9333751783
10199 50.4272429854
10268 49.5029399083
10284 48.4555143623
10402 48.0259178865
10549 47.7017883689
10758 46.8988864653
11050 46.7086450940
11056 46.5271936636
11103 45.7055715192
11270 44.8918149724
11292 42.2199510974
11530 41.9349375147
11549 41.1467131311
11751 40.9694529913
11872 40.8975061299
11997 40.5286530902
12031 40.3655275357
12098 40.2353182246
12245 39.9989897557
12293 39.9509479447
12313 39.9295140318
12323 39.8351904083
12392 39.5905720264
12466 39.4197154768
12467 39.2550734151
12555 38.8758307767
12825 38.8125407527
12913 38.6738497961
13059 38.6510252919
13292 38.6243974835
13301 38.6003257490
13412 38.5226778363
13462 38.5161213851
13493 38.4481797364
13552 38.4396956948
13576 38.3876313009
13594 38.3801521758
13599 38.3445303655
13635 38.2590245288
13835 38.1930856249
13953 37.9454800557
14395 37.9234845210
14556 37.8903679118
14754 37.8798284982
14930 37.8640423670
15067 37.7544438124
16192 37.7173479460
16416 37.6139377525
16466 37.5978599533
16779 37.5481422862
16836 37.5089265296
17002 37.4717679306
17125 37.3825849004
17595 37.2965549107
19147 37.2931553325
19433 37.2717541664
19658 37.1545511122
20173 37.0846643391
20372 36.8550792664
20574 36.8486493889
20648 36.8194076822
20724 36.7881918347
21207 36.7599507109
21406 36.7519344377
21420 36.6727191904
21652 36.4765973130
21745 36.2845126274
22051 36.2744482658
22127 36.2499854724
22765 36.1373037824
22787 36.0859085189
22796 36.0342028679
23161 36.0188949349
23336 35.9194313145
23422 35.9158356682
23643 35.6942888501
24376 35.6594385469
24397 35.6582818042
24454 35.4870925298
24879 35.4743217980
25309 35.4688094355
25458 35.3763146841
25521 35.3387081763
25546 35.3324501358
25589 35.2006411139
25649 35.1341522375
25845 35.1046571560
26175 34.8703397043
26931 34.6015551550
28674 34.3298130500
29217 34.2272872551
29610 34.1332344237
30321 34.1100352956
30356 34.1005665802
30457 33.9946047500
30470 33.9920845297
30638 33.9884742396
30658 33.9353500385
30806 33.8609580058
31679 33.6563868416
32146 33.6345959341
32339 33.5937631719
32555 33.5636982239
32650 33.4904108266
32831 33.4467616851
33226 33.3406098271
33260 33.2862714670
34624 33.2540204319
35566 33.2080828461
35712 33.0834549247
35783 32.8265787869
37340 32.8096314485
37778 32.7879190709
37795 32.7856139410
37866 32.7296048353
37968 32.6614242154
37983 32.6290866819
38171 32.5555153222
38284 32.4674717844
38336 32.4265719831
38339 32.4122653734
38528 32.3690509973
38715 32.3353392560
38734 32.2984046219
38901 32.2247781240
39050 32.1998123779
39550 32.1053685661
40539 32.0721981216
40969 31.8897484735
41496 31.8256796256
41515 31.7126008435
43015 31.6774465416
43578 31.6103166766
43611 31.5571083820
43626 31.4901954520
43708 31.4436257185
44111 31.3215459336
44618 31.2642348401
44678 31.2427220725
44943 31.1802574870
44959 31.0986515023
45041 31.0910886869
45207 31.0893384092
45485 31.0828601339
45669 30.9580884656
47073 30.7799263611
47137 30.6744050182
47652 30.5441229680
48347 30.4474285924
49007 30.4156009958
49028 30.2690870784
49976 30.1622936733
50332 30.1371985749
50433 30.1106733981
50943 30.0118782044
51242 29.9027313886
51310 29.9019443195
51603 29.8473326312
51760 29.7810905956
51948 29.7776497364
52294 29.7588966975
52295 29.6704362195
52991 29.6635622521
53398 29.5876811065
53665 29.5406245107
54550 29.5225123878
54784 29.4756517767
55119 29.4530607965
55180 29.4412062959
55382 29.3865664874
55413 29.3667319125
55519 29.2788523816
55669 29.2553637252
55717 29.1693347750
56449 29.0148241121
56969 28.9769933019
57172 28.8175795572
57786 28.7969266381
57976 28.7865391506
58189 28.7336493441
58325 28.7194222910
58388 28.7168474193
58500 28.7117952936
58542 28.6632865761
58584 28.5859870594
59101 28.5623313660
60353 28.4980183427
60422 28.4322383714
60585 28.4321532798
60762 28.4018160732
60946 28.3809612558
61027 28.2708648807
61176 28.2182693716
61752 28.2088056839
61839 28.1754366130
61870 28.1620400655
61891 28.1550984019
62133 28.1249309880
62340 28.0239416966
63011 27.9819814728
64329 27.9812766614
64363 27.7393378940
64955 27.7053534217
65240 27.6966435109
65349 27.6944013427
65515 27.6848879477
65532 27.6833483171
65620 27.5956100320
65623 27.5622026386
65703 27.5530777938
65754 27.5417545562
65762 27.4623149086
65897 27.4363880465
66125 27.3814785018
67524 27.3631686024
67632 27.3623806802
67849 27.3269410944
67873 27.1883578491
68344 27.1850528570
68361 27.1718683111
68426 27.1616923652
68447 27.1323053778
68674 27.1256410626
69012 27.0527631620
69034 27.0357599839
69130 27.0342506309
69226 26.9842455022
69607 26.8785907823
71286 26.8400120034
71377 26.8282101819
71598 26.7632681757
71635 26.6624188632
71914 26.6459656160
73431 26.5933744249
73438 26.5762931950
73911 26.4607213712
74418 26.3750807472
74742 26.2659209233
74750 26.2502408181
74814 26.2229321855
75208 26.2128365535
75229 26.1687845226
75322 26.1582470979
75386 26.0968913817
75400 26.0825819678
75536 25.9912634440
75697 25.9214497163
75890 25.8939160077
76125 25.8887064349
76253 25.8697840027
76795 25.8478630960
76891 25.8270480389
77378 25.7662081357
77447 25.7389677882
77959 25.7028160104
78232 25.5996126194
79245 25.4035399510
80613 25.2888028820
80915 25.2747167905
81170 25.1990345986
82015 25.0510270037
83265 25.0068653194
83670 24.8475808410
83744 24.8033179760
84747 24.7987870054
84772 24.7898822759
84829 24.7107386185
85487 24.6808842807
85659 24.6611359810
85907 24.5373071344
86343 24.5011583015
86847 24.3823818464
87100 24.3767547332
87597 24.3473924723
88074 24.2778496881
88750 24.1029951303
89570 24.0586502614
89674 23.9666866417
89934 23.8770094050
90207 23.7996869906
90652 23.7474070992
91801 23.6965138606
91827 23.6781705127
91951 23.6258954307
92219 23.6052476409
92606 23.5765338103
93131 23.4676985454
93505 23.4620685668
94014 23.3797326655
94227 23.3577589213
94856 23.3458535812
95009 23.3446429939
95076 23.2837578886
95215 23.2544609801
95757 23.2219622996
95798 23.1756888246
96321 23.1412386134
96370 23.0952216361
96495 23.0794693548
96534 23.0591476777
96837 23.0239684824
96960 23.0152124739
96975 22.9683977438
97571 22.9280860647
97691 22.9061776312
97811 22.8787920134
97904 22.8743141436
98423 22.8137080584
98470 22.8052521933
98535 22.7340377633
98585 22.7046881001
99201 22.6104893870
99303 22.5121465527
101079 22.4878544252
102138 22.4781862635
102226 22.4296598779
102292 22.4278747784
102357 22.3122969330
102891 22.2918831926
102933 22.2606194911
103010 22.1906612809
103118 22.1843481403
103510 22.1329998520
103766 22.0567134798
104078 22.0373184911
104525 22.0172035883
104694 22.0094975983
104712 22.0087217920
104780 21.9834501785
104817 21.9792918159
104821 21.9274686052
104929 21.8882492214
105076 21.8862285187
105127 21.8768172737
105390 21.8011721544
106621 21.7899470240
106886 21.7652158476
107017 21.7295201461
107033 21.7248787796
107166 21.7072426727
107194 21.6223739841
107740 21.5890313346
107790 21.5249159420
107985 21.5134855796
108011 21.4292115811
108014 21.3977540803
108601 21.3883541845
108859 21.3829728465
109173 21.3382624465
109446 21.3054020351
109850 21.1943453347
110118 21.1460394691
110834 21.1400863233
111590 21.1385540919
111789 21.1199196956
112489 20.8911607125
113139 20.8843156763
113277 20.8787235670
113289 20.8351398970
113301 20.8064975180
113455 20.7817120797
113632 20.6745710344
113918 20.6657468954
113927 20.6626047471
114071 20.6308271657
114208 20.6182427037
114473 20.5826695582
115062 20.5776326681
115401 20.5175059777
116143 20.3769711775
117376 20.3397207995
117434 20.2280428173
118050 20.2256344111
118064 20.1351168927
118495 20.0923464219
118629 20.0923278070
119074 20.0830374667
119093 19.9743974631
119561 19.9575331474
119607 19.9240535787
119746 19.8893489260
119798 19.8837929295
120179 19.8805561625
120280 19.7759036200
120814 19.7181563918
121175 19.7163739555
121181 19.7062341955
121234 19.6777972764
121572 19.6695190749
121764 19.6425157853
121795 19.6211381309
121843 19.5758107053
122028 19.5652589375
122088 19.5303359513
122461 19.4939048831
122682 19.4844304928
123224 19.4835976703
123268 19.4658738541
123313 19.4505177671
123314 19.4000991977
123535 19.3759969692
123761 19.3377517700
124467 19.3199572826
124722 19.2715612247
125010 19.2528934079
125337 19.2358192684
125569 19.0793600008
128379 19.0630664219
128422 18.9174516691
128730 18.8142559935
129071 18.7448680961
129123 18.6859968975
129265 18.6777004774
129402 18.6768806993
129438 18.6676070005
129527 18.6390264326
129744 18.5744234159
130027 18.5346402861
130279 18.5011688444
130611 18.4868595352
130786 18.4808826488
130877 18.4416123302
130887 18.4182601238
130939 18.3894772316
131201 18.3202989249
131794 18.2418371675
133917 18.0086785069
134551 17.9949348513
135070 17.9299384286
135207 17.9196063632
135800 17.9012400984
135919 17.8789856504
135973 17.7552785577
137488 17.6732429652
137813 17.6158132826
138010 17.6052282054
138057 17.5689125784
138667 17.5628315105
138978 17.5415253049
139543 17.4264166558
140262 17.4208008355
140725 17.4179717526
140846 17.3413024218
141029 17.3338856221
141069 17.2352217826
141185 17.2170000114
141345 17.0621039142
141863 17.0199285965
142118 17.0162275866
142174 17.0040846661
142246 16.9371244443
142441 16.9015359420
142780 16.8990054156
142842 16.8731219152
142893 16.8505726818
143389 16.7547367112
144288 16.7378295975
145026 16.7097305389
145332 16.5483175531
145910 16.5442264420
145954 16.4345083457
146069 16.3886265977
146197 16.3390571836
147431 16.3277263537
147517 16.1930677458
147993 16.1790867021
148098 16.1330857221
148622 16.0624702450
149302 15.9717463527
149488 15.8793581110
150322 15.8778661025
150530 15.8095187261
150635 15.7035728191
150877 15.6220522194
151940 15.5824456247
152700 15.4484992161
154817 15.4167716621
154902 15.4159020724
155055 15.2935778235
155424 15.2840233524
155803 15.2808166168
155892 15.2347183181
155958 15.2022558001
156047 15.1283248176
156081 15.0881941967
156629 15.0638291250
156803 15.0195852698
157039 15.0121981792
157061 15.0038310869
157107 14.9979742662
157163 14.9758864418
157173 14.9275838957
157361 14.8737962089
158005 14.8427537053
160279 14.7857554440
160621 14.6587837911
161129 14.6582792567
161218 14.6565041638
161513 14.5962191551
161570 14.5723287847
161642 14.5539289649
161735 14.3718006059
162339 14.3582112377
162625 14.3313807512
162690 14.3270616303
162799 14.3262752420
162872 14.3066355943
162877 14.2763904620
162988 14.2231968859
163163 14.1666793305
163257 14.1379404884
163807 14.0773796650
166046 13.9228293165
166869 13.8206214191
167400 13.6170232031
168083 13.5669553066
168135 13.5117016578
168413 13.4646936942
168994 13.4563300827
169422 13.4493219172
169531 13.4309536304
169731 13.4162845760
169947 13.3012285452
170517 13.1222618687
172304 13.0958077386
172626 13.0671157723
172682 13.0558743367
173206 13.0043288734
173272 12.9862665935
173354 12.9559417786
173529 12.8520818091
174485 12.7973248990
175070 12.7856465392
175246 12.7704467160
175334 12.7608117096
175378 12.6955945624
175640 12.6291410058
176426 12.5972657553
176669 12.5768524186
177108 12.5140574727
177410 12.5113549440
177889 12.3992425084
178928 12.3883559482
179070 12.3224214651
179134 12.3206764508
179136 12.2128803987
180184 12.2074758238
180354 12.1002001616
181220 12.0724261289
181396 12.0615960383
181748 12.0310240131
181802 11.9048822960
181908 11.8297403488
182082 11.7922275066
182803 11.7630292071
182957 11.7627621571
183050 11.7063514954
183307 11.6505383760
183339 11.6469898110
183518 11.6275512016
183611 11.5563938458
183900 11.5304718249
184083 11.4976266042
184331 11.4849194028
184967 11.4785098267
185120 11.4622209216
185173 11.3974105065
185766 11.3862529956
185818 11.3287567148
186827 11.3129402927
187064 11.3029953414
187338 11.2824947403
187475 11.2368521986
187645 11.1298855404
187744 11.0464769463
188008 11.0234234354
188295 10.9642634271
188575 10.9612334320
188863 10.9215899342
189255 10.9147873639
189278 10.8972169438
189833 10.8604180825
189877 10.8225027298
190032 10.8111001310
190140 10.7469210147
190248 10.6833948428
190332 10.6816537888
190669 10.6277748595
190836 10.5913227906
190849 10.5377495898
191213 10.5375078176
191505 10.5006776500
191625 10.4563080585
192127 10.4185089371
192224 10.3547005919
192845 10.3483486822
193001 10.2848911836
193868 10.1171716650
195265 10.0838163622
195488 10.0238502106
195747 10.0205456228
196083 9.9971509173
196282 9.9641576586
196476 9.9451783717
196799 9.7909272249
197047 9.7709045879
197994 9.6545710247
199606 9.6381252129
199795 9.6302178637
199843 9.6134909532
199856 9.5477934413
200052 9.4841317529
200142 9.4705604107
200779 9.4195316206
200786 9.3732095094
200881 9.2912942646
201363 9.2244886500
201718 9.2148209828
202114 9.2122530447
202255 9.1918559771
202390 9.1348688652
202688 9.0645411278
203064 9.0538457898
203391 8.9989443685
203595 8.9459870431
204383 8.9336695269
204626 8.9181007509
204773 8.9043064951
204862 8.8584301908
205076 8.8505230108
205177 8.8223813135
205564 8.8206211439
205576 8.7861084489
205914 8.7446403433
205973 8.7361639114
206177 8.7339813004
206635 8.7290463399
206672 8.7205438565
206756 8.6977491787
206794 8.6549793279
206836 8.6514610774
207014 8.6229715349
207042 8.5846856753
207302 8.5727305805
207371 8.5545980670
207589 8.5049979419
207620 8.4995819844
207905 8.4086762243
208439 8.3427106250
209215 8.2444188104
209918 8.2415596320
210856 8.2318434772
210970 8.1385155417
211569 8.1375918601
211597 8.0476962537
212854 7.8950362223
213183 7.8855225286
213574 7.8096489053
214858 7.7867005869
215159 7.6554044515
215612 7.5117747147
216261 7.4918450386
216342 7.4024529305
217446 7.3311023349
218356 7.2703146718
218417 7.2209837844
218433 7.2192350422
218688 7.1361491045
219194 7.1196929479
219411 7.0541156632
219445 6.9699947563
219805 6.9423379767
220878 6.8830932491
221326 6.8460314101
221551 6.8311569824
221726 6.8124418182
222088 6.7503548376
222431 6.7284489352
222474 6.7009444572
222948 6.6766372633
223004 6.6403087199
224098 6.5602426683
224418 6.5559597831
224535 6.5215996031
224730 6.5002225292
224827 6.4035552553
225643 6.3982726935
226122 6.3619830057
226241 6.2616127980
226920 6.2604698545
226927 6.2402889223
227064 6.2032975371
227126 6.1839890053
227231 6.1663748724
227682 6.1342597056
228033 6.0935835903
228141 6.0709976276
228674 5.9735646083
228940 5.9498710521
229948 5.8917706531
230066 5.8079460199
230717 5.7258730046
231262 5.7173376799
232312 5.6973151273
232366 5.6842208972
232493 5.6756871000
232625 5.6713549287
232689 5.6621722582
232967 5.5721126932
233096 5.5620120468
233393 5.5358786617
233628 5.5180535179
233766 5.5103977908
233790 5.5073488337
233885 5.3554173101
234724 5.3018149909
235982 5.2248294576
236064 5.1826155921
236754 5.1709441445
236930 5.1635363087
237270 5.1207245373
237453 5.0190623493
237478 5.0027898731
238326 4.9861540738
238434 4.9651023070
238463 4.9237113251
238518 4.8013716517
239551 4.7352204147
240310 4.7009837264
240359 4.6457092823
240500 4.6272118494
240545 4.5960344303
241172 4.5331789969
241232 4.5217985738
241405 4.4982134797
241675 4.4637875524
242535 4.4127076293
243020 4.3621679257
243117 4.2815441503
243409 4.2758233006
243429 4.2486145478
243566 4.1909505026
243755 4.1873608075
243837 4.1660088488
244136 4.0574161313
244655 4.0146937749
245156 3.9781977560
245692 3.9608667378
246366 3.9468756272
246565 3.9152202744
247064 3.9087355763
247466 3.8202153757
248181 3.7943444445
248215 3.7552901172
248583 3.6398101477
249261 3.6136117796
249474 3.6101652656
249834 3.5754946668
250228 3.5293940928
250419 3.5278688426
250536 3.4643290860
250592 3.4424372517
250968 3.4365256647
251381 3.3851037283
252148 3.3600310069
252280 3.3430491382
252620 3.3345879845
252695 3.2987090050
252703 3.2004030877
252955 3.1985574375
252968 3.1350515636
252991 3.0596438075
253908 3.0590131848
253964 2.8777231905
255191 2.8662810539
255384 2.8549461216
255617 2.8420452973
255721 2.7910554338
256059 2.6763369990
256646 2.6552207385
256745 2.6461550577
257200 2.4958260549
258274 2.4213788194
259474 2.3424863256
259525 2.3007743219
259878 2.2932990522
259964 2.2546261197
260135 2.1846594668
260835 2.0571891650
260837 2.0323257275
260960 2.0025905484
261597 1.9356142287
261619 1.8853638321
262138 1.7674956859
264151 1.7093000349
264385 1.6773200896
264453 1.6607482983
264547 1.6584748620
264711 1.5656589677
264779 1.5359521541
265098 1.4450289706
265179 1.4023956020
265666 1.3799504546
266120 1.3672315680
266341 1.3462065189
266435 1.3385899700
266728 1.3063525592
266748 1.2792354435
267763 1.1995711633
268262 1.1712466014
268557 1.1672476701
268674 1.1349392563
268853 1.1095020198
268918 1.1051807996
268929 1.0676142762
269158 1.0656256276
269468 1.0259664763
269524 1.0241097259
269711 0.9989003845
270800 0.9532246542
271161 0.9336414727
271200 0.9026623498
271405 0.8972194895
271803 0.8945041842
271989 0.8414523301
272388 0.8281060779
272434 0.7965062185
272857 0.7562527892
273680 0.7477277684
273821 0.7376424432
274081 0.6507641321
274314 0.6276530957
275432 0.6209957457
275906 0.6111906652
275937 0.5865028095
275982 0.5571676593
276123 0.5481086298
276235 0.5355319185
276397 0.5350738196
276500 0.5233993398
277016 0.4945728880
277673 0.4905892974
277727 0.4644711903
278634 0.4456970763
279643 0.4273500508
279738 0.4032416634
279762 0.3926795586
280130 0.3906926039
280159 0.3688833926
280203 0.3446739458
280659 0.3442292050
280828 0.3300319252
281046 0.3297411649
281233 0.3174850226
281278 0.3101870128
281565 0.3079172953
281574 0.3073591640
281590 0.2986262534
281760 0.2731032790
282117 0.2695561275
282198 0.2604498713
282608 0.2488369906
283098 0.2391467968
283608 0.2350432013
283808 0.2186757883
284131 0.2166435443
284422 0.1885351538
285978 0.1862751759
286065 0.1761334038
286384 0.1588619614
286821 0.1532511075
286955 0.1398178076
287105 0.1364793270
287168 0.1330620556
287376 0.1276062122
287417 0.1269811966
287426 0.1149882200
287542 0.1033647941
287804 0.1017982191
287998 0.0928198574
288201 0.0884979501
288358 0.0820130836
288860 0.0748451527
288919 0.0743591574
289254 0.0677436938
289400 0.0659423219
289511 0.0586629156
290046 0.0579029321
290191 0.0576705591
290277 0.0576647719
290971 0.0521964370
291134 0.0517048623
291299 0.0515871573
291390 0.0471534552
291456 0.0405656580
291905 0.0362250673
292518 0.0353147410
292560 0.0346132199
292911 0.0320771898
292916 0.0272214092
293247 0.0260378752
293268 0.0248572077
293618 0.0239204901
294640 0.0223588037
294702 0.0197596741
295203 0.0183264349
295241 0.0134637978
295744 0.0118670967
296270 0.0115454766
296438 0.0111484098
296560 0.0091705338
297342 0.0079571445
297530 0.0077207266
298304 0.0071133937
298344 0.0062651127
298639 0.0052310639
298746 0.0051843613
298913 0.0048168438
299008 0.0041394978
299624 0.0039275489
300081 0.0037437716
300153 0.0036757941
300204 0.0021780356
300559 0.0019907434
300800 0.0018679963
301136 0.0016015439
301457 0.0013903952
301617 0.0012492380
301848 0.0012202864
301939 0.0011332327
302022 0.0011145114
302031 0.0010645849
302038 0.0010593966
302128 0.0009449745
302278 0.0006910855
303493 0.0006182712
303507 0.0005932553
303559 0.0005742407
303807 0.0005673093
303909 0.0004624544
303988 0.0004191808
304398 0.0003833621
304407 0.0003821047
304490 0.0003402517
304900 0.0003265209
304958 0.0002913446
305009 0.0002681797
305185 0.0002543043
305260 0.0002429984
305325 0.0002318738
305414 0.0002089207
305420 0.0002045855
305568 0.0001978429
305591 0.0001951877
305636 0.0001727157
305737 0.0001606345
305841 0.0001445723
306082 0.0001359752
306208 0.0001144054
306435 0.0001083346
306487 0.0000944678
306554 0.0000874353
306652 0.0000859582
306762 0.0000746659
307178 0.0000649193
307226 0.0000609840
307534 0.0000480126
307950 0.0000415408
308054 0.0000397649
308197 0.0000397018
308201 0.0000334427
308308 0.0000293165
308729 0.0000226177
309063 0.0000203435
309228 0.0000188132
309396 0.0000162239
309523 0.0000132279
309825 0.0000108442
309988 0.0000097402
310273 0.0000074479
310591 0.0000071023
310846 0.0000066675
310870 0.0000066212
310904 0.0000055681
311064 0.0000053193
311094 0.0000042196
311146 0.0000041462
311482 0.0000033691
311549 0.0000027898
312096 0.0000025978
312263 0.0000024960
312309 0.0000024262
312514 0.0000022033
312601 0.0000017141
312905 0.0000015874
313058 0.0000013750
313245 0.0000013241
313339 0.0000010807
313519 0.0000010252
313789 0.0000008578
313905 0.0000007649
314151 0.0000006511
314712 0.0000005796
314789 0.0000005238
314899 0.0000005214
314984 0.0000005164
314989 0.0000005152
315147 0.0000004345
315179 0.0000003755
315510 0.0000003015
315544 0.0000002791
315603 0.0000002730
315728 0.0000002686
315733 0.0000002530
315863 0.0000002376
315889 0.0000002267
315945 0.0000002222
315993 0.0000002072
316067 0.0000001617
316250 0.0000001386
316468 0.0000001360
316665 0.0000001213
316795 0.0000001112
317027 0.0000000780
317534 0.0000000768
317579 0.0000000537
318064 0.0000000500
318240 0.0000000378
318534 0.0000000356
318573 0.0000000321
318908 0.0000000227
319270 0.0000000201
319452 0.0000000198
319648 0.0000000175
319837 0.0000000156
319929 0.0000000128
319998 0.0000000110
320153 0.0000000089
320486 0.0000000086
320619 0.0000000085
320648 0.0000000084
320778 0.0000000059
320861 0.0000000059
320884 0.0000000056
321205 0.0000000055
321509 0.0000000041
321694 0.0000000038
321863 0.0000000034
321911 0.0000000032
321976 0.0000000032
322060 0.0000000029
322234 0.0000000025
322431 0.0000000025
322516 0.0000000023
322539 0.0000000018
323075 0.0000000018
323158 0.0000000017
323324 0.0000000014
323651 0.0000000013
323728 0.0000000012
323738 0.0000000010
323875 0.0000000008
323883 0.0000000008
323983 0.0000000007
324276 0.0000000006
324339 0.0000000006
324387 0.0000000005
324466 0.0000000005
324713 0.0000000005
324734 0.0000000005
324820 0.0000000004
324837 0.0000000003
324968 0.0000000003
325310 0.0000000002
325689 0.0000000002
325700 0.0000000002
325779 0.0000000002
326378 0.0000000001
326409 0.0000000001
326576 0.0000000001
326667 0.0000000001
326669 0.0000000001
326785 0.0000000001
326817 0.0000000001
327426 0.0000000001
327758 0.0000000000
327859 0.0000000000
327976 0.0000000000
328114 0.0000000000
328207 0.0000000000
328339 0.0000000000
328439 0.0000000000
328637 0.0000000000
328705 0.0000000000
328763 0.0000000000
328889 0.0000000000
328936 0.0000000000
328961 0.0000000000
329464 0.0000000000
329716 0.0000000000
329853 0.0000000000
329923 0.0000000000
330175 0.0000000000
330234 0.0000000000
330726 0.0000000000
330786 0.0000000000
331163 0.0000000000
331200 0.0000000000
331220 0.0000000000
331283 0.0000000000
331544 0.0000000000
331668 0.0000000000
331833 0.0000000000
331943 0.0000000000
331948 0.0000000000
331989 0.0000000000
332288 0.0000000000
332505 0.0000000000
332547 0.0000000000
332694 0.0000000000
333207 0.0000000000
333216 0.0000000000
333569 0.0000000000
333623 0.0000000000
333886 0.0000000000
334279 0.0000000000
334419 0.0000000000
334707 0.0000000000
335184 0.0000000000
335580 0.0000000000
337331 0.0000000000
337764 0.0000000000
evaluations raw_y
1 2185167.1263990435
3 1836057.0998654384
4 1195958.3647251842
8 1189318.3399526877
10 710789.7594567284
19 556546.2260222377
49 493445.8019396895
55 446164.7491009246
86 429643.3237907105
104 341659.1064153868
163 296406.3234626165
193 228110.9635977403
208 211147.3589563593
235 178692.5121477994
309 170957.0288872121
384 162645.9072178532
388 152156.1573952290
414 95853.3071979245
553 94022.0284675879
671 93868.1144369123
2229 74950.2573289685
2332 62691.2435217424
2390 59595.3752223241
2478 45967.5098592973
2762 45608.1955066226
2792 30010.1747778114
2937 28733.2663290782
2964 21792.6585884854
3064 21592.1923478303
3066 19468.6207590251
3110 18398.7983080735
3219 18078.9560078250
3274 17345.3705587077
3313 16873.6881180880
3320 15953.6562018658
3322 13681.8643740571
3379 13368.0761072446
3420 12213.5464379113
3499 10939.0618187365
3563 10082.2185488797
3595 9378.2587290875
3605 8294.4153275978
3618 4440.9298927573
3776 4325.5065219968
3951 2717.5561964156
4116 1690.3854129754
5223 1391.1327458107
5367 1370.3125595869
5446 1275.1079287187
5551 1076.9537378812
5596 958.5963486277
5689 879.7997804840
5702 854.0341859338
5918 798.3544979426
5930 742.8563559703
5964 629.4362742855
6066 605.5039729759
6182 507.9732964636
6649 493.0415452235
6685 486.9747017066
6735 464.6267927573
6827 447.2620330676
6851 415.2490041605
6979 414.4517309884
7097 395.7464430777
7139 299.9350556752
7542 282.0563644878
7686 256.6839358218
7792 256.1589766577
7844 242.9189299687
7944 218.7727621526
8620 196.5745753048
8811 189.9032183850
9006 187.1602362639
9246 165.9885342468
9424 143.6196204351
9688 135.7129428572
9968 134.2122264222
9972 121.5129751534
10018 100.9560436920
10257 98.7466401580
10262 97.3658301562
10466 96.3606284640
10509 95.9068504047
10553 95.0021140631
10566 88.8847222924
10602 82.0490154061
10813 79.8333556437
10865 79.3808717438
10937 68.6781208491
11096 68.3274870590
11152 67.3295411342
11159 65.7655954951
11247 64.0390847565
11410 60.5544464889
11605 60.0358595236
11615 59.0520898448
11692 57.1628800566
11706 57.0506879785
11746 54.6446346837
11888 53.9947582407
11932 52.6143287368
11971 52.3744474315
12045 52.1666587398
12171 51.0125967126
12202 50.7462716580
12253 50.3243214223
12272 45.8038286884
12653 45.5722477526
12809 44.9694375146
12830 44.4035414910
12846 44.1712074494
12894 43.6324799411
13006 43.5763081341
13226 43.4969384998
13229 42.8893365011
13345 42.8382380272
13370 42.3121392925
13403 42.2634246424
13421 42.2496711854
13432 42.2442201152
13519 41.7988306380
13533 41.5112431715
13591 41.4420069149
13635 41.2548380864
13759 41.1963970584
13817 40.6669616344
13905 40.6244439925
14074 40.5392448906
14190 40.5340810558
14247 40.5165864694
14251 40.4518953260
14304 40.2151135323
14466 40.1710792796
14516 39.9472815419
14554 39.8781912923
14724 39.7000058655
14822 39.6478868066
14912 39.6110560574
15039 39.5344906681
15127 39.5162265197
15185 39.3960216561
15205 39.3745859192
15279 39.3521036706
15335 39.1777087316
15597 39.1629128304
15688 39.1107980876
15803 38.9737877167
16400 38.9714439821
16457 38.9422209775
16745 38.9039239293
17077 38.8668859005
17123 38.8360982552
17367 38.8339032214
17533 38.8223713934
20689 38.6648178207
21144 38.4633298049
21366 38.2924649068
21413 38.2317052854
22268 38.2095728507
22335 38.1185039568
22575 37.8475710103
25181 37.8214754685
25205 37.7815041830
25231 37.6704060424
25237 37.6635947875
25327 37.6612995796
25399 37.5433361802
25432 37.5199315447
25553 37.4562330166
25581 37.2585477010
25634 37.2159700451
25889 37.1925899337
25896 36.9987312275
26090 36.9413987998
26302 36.9251819882
26387 36.9064586930
26465 36.8885539313
26562 36.7387229015
27424 36.6890502346
27508 36.5977554639
27745 36.5480569837
27896 36.4638401780
28191 36.4281996200
28192 36.4180731382
28352 36.3317267330
29134 36.2481380599
29256 36.2353106553
29324 36.2338499570
29501 36.0225559447
29897 35.9472911394
30229 35.9047864147
31116 35.8815166745
31292 35.8458228749
31490 35.7070757860
31536 35.6165478765
31700 35.6163875728
32306 35.5900203737
32349 35.4886051262
33285 35.3896253959
33335 35.2910223135
33611 35.2786883057
33817 35.2170940638
33847 34.8905745335
35321 34.8473383327
35925 34.7991148337
36105 34.7550352564
36533 34.7066665057
36849 34.4707776265
37480 34.4355009578
37483 34.3492630829
37756 34.2003072587
38006 34.1998667565
38248 34.1726997484
38378 34.1042587303
38547 33.9805244759
38769 33.9541929661
39185 33.8652051411
39518 33.8514858749
39838 33.8429450707
40146 33.7574226841
41144 33.6744145963
41334 33.4801304969
42071 33.4741454218
42164 33.4566164191
42243 33.4379883979
42314 33.3498317872
42452 33.3362256304
42607 33.3122129030
42685 33.2379393671
42720 33.1961012861
43227 33.1386041878
43498 33.0324640645
43962 32.9763777167
43974 32.8579575401
44558 32.8196929816
44676 32.8161296331
45040 32.8053910819
45287 32.7873256277
45305 32.6839778569
45526 32.5538338156
45912 32.5413234587
47325 32.5336764211
47435 32.4963741733
47696 32.4875677843
47928 32.3783248549
48070 32.3585361432
48155 32.2131357760
48678 32.1438422453
49834 32.0283871857
50369 32.0072109025
50559 31.9603608799
50875 31.9472001505
51026 31.8291956873
51115 31.7961184606
51570 31.7026625028
51684 31.5927402353
52109 31.4379562946
52484 31.2946251589
53709 31.2914290136
53871 31.2905893203
54034 31.1203452800
54746 31.0761761923
54761 30.9957142857
55343 30.9933073730
55434 30.9752627357
55463 30.9671931937
55614 30.9121341880
55713 30.9033078241
55870 30.8636564196
56510 30.6756939288
57278 30.6664634038
57446 30.6169576010
57586 30.6067627032
57955 30.5092681593
58411 30.5087016284
59955 30.2498287995
61091 30.2289922507
61408 30.1642996053
61449 30.1639731294
61610 30.1418700982
61822 30.1333127438
61905 30.0732821526
62056 30.0333737341
62105 30.0175088402
62223 30.0121699110
62267 29.9116200305
62914 29.8760850565
63170 29.8030615315
63663 29.7485844755
63770 29.7043265743
63922 29.6833320519
64148 29.6403680274
64167 29.5601119796
64369 29.4752458762
65346 29.3102428036
66195 29.2876971449
66960 29.2404901116
67227 29.2382716310
67273 29.2204605019
67572 29.1989079497
67715 29.0985920950
67827 29.0862452474
67978 29.0648407899
68460 29.0360870341
68803 29.0114202798
68856 28.9987766970
68944 28.8082585681
69083 28.8052419293
69717 28.6892924060
71152 28.6849664161
71404 28.5237110026
71994 28.3858311068
72491 28.3813626398
72606 28.3509729693
72859 28.2615330431
72939 28.2402706410
72964 28.1612836265
73348 28.1603340970
73399 28.1450800083
73712 28.1042374466
74065 28.0269333475
74207 27.9885093814
76173 27.8996309307
76402 27.8789921257
76563 27.8778712228
76661 27.8368332949
76664 27.8013405770
76786 27.7924769942
76834 27.7456340943
76857 27.6465546742
77103 27.5209135066
77598 27.4850490701
78171 27.4292498202
78520 27.4009333865
79926 27.3710315143
79959 27.3239498490
80496 27.1859211547
80788 27.1100454674
81357 26.9960014305
81960 26.9487003427
82184 26.9213088500
82311 26.8647038664
82623 26.8227788900
82744 26.8087717787
82934 26.7416655673
84349 26.6602540795
84481 26.6277200064
84579 26.5230834857
85161 26.4950013169
85667 26.3547042221
87198 26.2673410243
88145 26.2526888790
88602 26.2195448650
88971 26.1971738582
88988 26.1529774064
89089 26.1196277617
89453 26.0935069756
89500 26.0158343099
89650 25.9138369598
89988 25.7949431334
90923 25.6831326153
91296 25.6737439284
91371 25.6091586447
91505 25.5814289680
91568 25.5608174595
91915 25.5202937814
91946 25.5077167356
92359 25.4985616255
92974 25.2680001184
94324 25.1827992717
94395 25.1252402960
94894 25.0881256712
95292 24.9540537281
95629 24.9172868962
96506 24.9091368244
96789 24.8589388236
97246 24.8521096598
97272 24.7862934699
97459 24.7541577985
98014 24.7237358310
98195 24.6937629958
98741 24.5827124687
98905 24.5782918761
99022 24.5321993167
99978 24.5196548581
100132 24.4690956509
100323 24.4338289732
100619 24.4059583326
101201 24.3669796118
101263 24.3569124246
101297 24.3567921055
101370 24.3465122701
101485 24.2750660545
101622 24.2479460069
101933 24.2420909610
102293 24.2289417852
102319 24.1464454750
102663 24.1287663190
102910 24.0640842257
103193 24.0519797184
103300 23.9944818740
103831 23.9815772889
103835 23.9490857662
103875 23.9478311151
104280 23.9365933638
104385 23.9078470566
104558 23.8650334823
104641 23.7828606427
105628 23.7380542861
105736 23.6899692993
106066 23.6634292789
106251 23.6564096582
106323 23.6256366531
106375 23.5929982452
107562 23.5328565359
108188 23.4209091442
108890 23.3507564951
109125 23.2634418533
110340 23.2255487493
110582 23.2081141755
110588 23.1882694633
111017 23.1853963136
111070 23.1603809031
111108 23.1586039890
111109 23.0667999312
111389 23.0058208987
111767 22.9466016292
112413 22.8616272875
112887 22.7897830873
113639 22.7864661731
113703 22.7112832393
114286 22.6808514691
114544 22.6255616495
114583 22.5667043887
114919 22.4538041694
117296 22.3715628914
117399 22.2849194876
117418 22.2675261740
117875 22.2554200848
118033 22.2546127017
118078 22.2518730521
118096 22.2144181382
118117 22.1849422642
118220 22.1420185071
118263 22.1063239115
118652 22.0881947160
118809 22.0678784058
118947 22.0369293917
119138 22.0146953699
119599 21.9268512531
119985 21.8803619370
120352 21.8614676176
120466 21.8364829858
120475 21.8117617022
120684 21.8077139748
120925 21.7869591233
121003 21.7259438429
121754 21.6026578280
123138 21.5375565283
123441 21.4857178103
123778 21.3951357829
124443 21.3923836369
125353 21.3856968719
125484 21.2513305169
125773 21.1409788608
125823 21.1328245163
125945 21.0791133441
126080 21.0434947513
126734 21.0432875536
126819 21.0281133926
126826 20.9695900034
127018 20.9556818048
127104 20.8381136471
128371 20.8267448352
129125 20.7899427729
129379 20.7708375390
129397 20.7111501363
129475 20.6565745292
130009 20.5475008120
130087 20.5468441856
130148 20.5208121561
130327 20.4997926209
130532 20.4045882803
130655 20.3637603940
131059 20.3293227236
131958 20.2938754687
132063 20.2375688517
132543 20.2193540168
132672 20.1850461892
133878 20.1255799965
134013 20.0841346337
134416 20.0380262636
134981 19.9727774545
135062 19.9534604542
136442 19.8945944983
136622 19.8944123096
136921 19.8746888707
137006 19.8279864658
137054 19.8175054708
137117 19.8002470719
137536 19.7242076904
137946 19.6912557122
138117 19.6785567153
138366 19.6530062186
138488 19.6116189455
139114 19.5977371186
139168 19.5679171469
139908 19.5522467202
140006 19.5210053612
140138 19.4909772550
140172 19.4560187028
140287 19.4447868556
140402 19.4306855234
140564 19.4152295087
140596 19.3876014912
140785 19.3584534902
140841 19.3062391032
141115 19.2737802671
141312 19.2000197022
142158 19.1689240212
142276 19.1134273610
143075 19.0992647022
143495 19.0831041895
143782 19.0128721016
143942 18.9465894141
144174 18.9370116538
144683 18.8517282585
144929 18.7753908349
144950 18.7464617177
145366 18.5715773450
147414 18.5054721207
147593 18.4670028451
147872 18.4004126387
148929 18.3150057759
149448 18.2328093252
150222 18.1147578410
150775 18.1032807166
150965 18.0960114237
151106 18.0424902840
151214 18.0321043345
151427 18.0227826816
151486 18.0218045796
151530 17.9824057892
151712 17.9666120597
151874 17.9304549461
151964 17.9189235456
151989 17.8851423545
152100 17.8659242925
152152 17.8622288735
152579 17.8342474117
152592 17.7987134034
152880 17.6246267308
154370 17.6195543871
154545 17.5188527925
154837 17.4413118226
155333 17.3366116027
156783 17.3071615848
157046 17.1953309302
157843 17.1650585950
158232 17.1297999618
158523 17.0666781384
158592 16.9691661083
159463 16.9518122638
159564 16.9107364086
159667 16.7699993964
160232 16.6711191771
160641 16.5966856603
160846 16.5789646509
161322 16.5184797569
161845 16.4400883466
162176 16.4390209034
162328 16.3456110729
162506 16.2498738451
163091 16.2288235429
163272 16.2079354608
163530 16.1232892780
164821 16.0917718603
165001 16.0433198047
165333 16.0177641740
165495 16.0156037256
165566 15.9420561900
165993 15.9337721966
166144 15.8233769325
166559 15.7930165247
166935 15.7908436413
167108 15.7674275616
167197 15.7623383289
167205 15.7204271717
167292 15.7001935484
167508 15.6885067228
168346 15.6702006142
169065 15.6636324787
169163 15.6532972047
169394 15.6206152724
169547 15.5330502855
170859 15.4002495013
171064 15.2947200423
171672 15.2789988789
171839 15.2536139895
171943 15.1757412897
172464 15.1615880388
172624 15.1388464144
173051 15.1119813425
173357 15.0694419150
173835 15.0635563176
173974 15.0483381947
174079 14.9913385459
174115 14.9751418581
174232 14.8755918586
176190 14.8621486187
176250 14.7795049942
177360 14.7309907192
177396 14.7243687438
177412 14.7035273465
177709 14.6232124879
177797 14.6102257443
177978 14.5496026368
178376 14.5308779208
179113 14.3771585954
180040 14.2870459802
180250 14.2851009319
180418 14.2010378304
180642 14.1654500419
180915 14.1067572070
180938 14.0598942684
181377 14.0456552163
181422 14.0214832867
181486 13.9899340727
181586 13.9846318687
181701 13.9345433503
182164 13.9085811820
182478 13.8742167553
183449 13.7909222493
183575 13.7743772198
183903 13.7327681131
184034 13.6905324127
184201 13.6702915149
185029 13.6219157174
185330 13.5821269493
185848 13.5617073742
185982 13.4887017260
186020 13.4589752882
186955 13.4387654822
187116 13.3470314930
187166 13.3467786682
187969 13.3271079510
188156 13.2770949313
188219 13.2616105188
188220 13.2293615370
188481 13.2088882740
188512 13.1981401319
188551 13.1519514265
188573 13.1476203938
188860 13.0981020386
188993 13.0812861716
189054 13.0576536436
189086 13.0510143860
189124 13.0022865280
189162 12.9959243024
189776 12.9601364078
191740 12.9186665181
192662 12.8714766933
192859 12.8385634659
193053 12.8218888722
193122 12.7958710540
193179 12.7635385039
193187 12.7228616898
193191 12.6699397422
193199 12.6364790904
193388 12.6079027052
193416 12.5649879232
193479 12.4986002381
193691 12.4765309315
194115 12.4332602282
194271 12.3895421768
194321 12.3894747215
194769 12.3678057317
194786 12.2599385946
195665 12.2530963117
195706 12.1744752218
195744 12.1523614873
195881 12.1198277852
196486 12.1183804524
196658 12.1153102726
196721 12.1086911998
196838 12.0595593157
196992 12.0334526856
197318 11.9453481652
197444 11.9407735097
197471 11.9013296950
198489 11.8866862148
198726 11.6501368891
200066 11.6335799846
200100 11.6179787437
201273 11.5771101808
201426 11.4580088824
201579 11.4552309739
201582 11.2836619655
202698 11.2627876628
202822 11.2506757747
203000 11.1674285634
203410 11.0960382924
203988 11.0671352647
204059 10.9887770980
204215 10.9699752051
205127 10.9566310157
205213 10.8794645365
205279 10.8663873275
205601 10.7949169214
205701 10.7771802688
205949 10.7270475265
206209 10.6991291984
206350 10.6614647351
206817 10.6202752247
208140 10.5312347925
208379 10.4835715083
208391 10.3976640200
209484 10.3887746559
209686 10.3569295672
209804 10.3316867754
209828 10.3100385898
209949 10.2649094601
210179 10.2328415194
210637 10.1996267529
210867 10.1986816775
211210 9.9340827650
211797 9.9314097933
212001 9.9175215814
212180 9.9122492871
212228 9.9091838595
212388 9.8734286361
212960 9.7912947021
213917 9.6780504856
215806 9.6285130911
215961 9.5657888718
216244 9.4764801232
216382 9.2613042746
217106 9.2538704727
217330 9.2461493368
217512 9.2419940102
217611 9.2211186183
217724 9.2202352943
217793 9.1296374500
217862 9.1027599876
217874 9.0924852334
218128 9.0914285570
218290 9.0574598894
218655 9.0419453715
218679 9.0196468920
219151 9.0121819058
219281 8.9830534411
219637 8.9448752937
219935 8.9237566034
222217 8.8377864947
222991 8.8225517305
222998 8.8221053501
223377 8.7168311472
223440 8.6519867710
223883 8.6510553062
224038 8.6328723200
224079 8.5886398823
224106 8.5798179096
224166 8.5734553996
224313 8.5250717984
224335 8.5168629530
224520 8.4977223584
224521 8.4834933399
224796 8.4520662162
224866 8.4104012075
224980 8.3350326334
225780 8.3116358641
225874 8.2511318331
226032 8.2325228169
227156 8.2140028604
227514 8.1850938193
227752 8.1229025138
228133 8.1086812752
228188 8.0638025468
228583 8.0580766472
228632 7.8515404408
229095 7.8445562174
231075 7.8334289585
231083 7.6555750278
231531 7.6500859679
231865 7.6406602510
231939 7.6356912110
231964 7.5637391717
232155 7.5288616807
232329 7.5003878920
233155 7.4856286347
233420 7.4569843752
233522 7.4376026516
233680 7.3717309177
234095 7.3604814692
234227 7.3598053035
234313 7.3501178367
235414 7.3403509108
235452 7.3116869194
235492 7.2527032304
235540 7.2451940546
235577 7.1729851534
236084 7.1367695399
236218 7.0417617049
237467 6.9486358753
237558 6.9192172074
237708 6.8790035587
237777 6.8568445391
237881 6.8422643403
238170 6.7707765043
238215 6.6728038955
238941 6.6655059003
239384 6.6459905119
239488 6.5867700099
240225 6.5626513971
240377 6.5306101995
240471 6.5145424663
240693 6.5106574649
240706 6.3873211829
241946 6.3502789820
243158 6.2798432592
243809 6.2299038459
244784 6.1598912364
244881 6.1287783912
245618 6.0999973876
245658 6.0742510133
245926 6.0389129789
246163 5.9724900606
246229 5.9571321066
246394 5.9014669109
247179 5.8436303819
247331 5.7180515852
247860 5.6946474303
248385 5.6916403445
248399 5.6632677358
248420 5.5842899664
248422 5.5793217920
248599 5.5386415759
248730 5.4977076764
248904 5.4915489893
249013 5.4205626743
249667 5.3923008869
249720 5.3739886451
250198 5.3520485096
250236 5.3008647318
250633 5.2882874276
250675 5.2626862828
251084 5.2613911105
251094 5.2562283143
251122 5.2559920361
251176 5.2542351104
251246 5.2427841116
251269 5.2087465855
251412 5.1728081190
252246 5.1315739427
252757 5.0789932200
253528 5.0348756626
253964 5.0278063782
254097 5.0210455000
254225 4.8993688094
255615 4.8856060761
255752 4.7677525255
256168 4.7651829954
256234 4.7328258871
256370 4.7273127888
256760 4.7235823764
257024 4.5689285609
257313 4.5296370852
257359 4.5094747281
257594 4.4916179730
257954 4.4884929165
258171 4.4196606809
258577 4.2665447998
259170 4.2114291147
259463 4.1516905549
259599 4.1457766562
259963 4.1424691580
260069 4.1300283041
260276 4.0940645033
260664 4.0410607443
260763 4.0380194669
260772 4.0091205959
260883 3.9811578269
261301 3.9496251279
261767 3.8511896247
262091 3.8098839496
263627 3.7808367189
263857 3.7665408769
263930 3.7046307857
263961 3.6370019729
264018 3.6214753199
264343 3.5472896540
264427 3.5453415386
265082 3.5290730054
265430 3.4368071137
265447 3.4224219637
265594 3.3221592682
265646 3.2844437137
266394 3.2311225994
267569 3.1095335139
268013 3.0542406539
268104 3.0355763739
268186 3.0283505004
269474 2.9596901015
269702 2.9319726993
270050 2.9007035371
270169 2.9000963281
270202 2.8949905395
270415 2.7998372526
270587 2.7794338933
270600 2.7064195540
270870 2.6632387553
271026 2.5909231355
271094 2.5625743232
271212 2.5616372092
271266 2.5475131797
271524 2.5184902390
271716 2.5013100296
271719 2.4813535327
271973 2.4765437653
272040 2.4003117120
272588 2.3602306734
273094 2.3521043199
273300 2.2569222005
274419 2.1603615091
274534 2.1209655421
275522 2.0364813680
275804 2.0193080636
275854 2.0186090467
275875 1.9332095093
276131 1.9319830628
276411 1.8571670301
276630 1.7686291974
277556 1.7550810352
277588 1.7463310784
277946 1.7220623776
278367 1.6490737668
278759 1.5905208401
279514 1.5243518996
279935 1.5145320052
280140 1.4960757373
280562 1.4711029267
280707 1.4588676483
280783 1.4507372511
280876 1.3985753005
280970 1.3596977279
281158 1.3593846184
281247 1.3512153740
281290 1.3278106933
281535 1.2773891444
281702 1.2510993649
281841 1.2198269136
282243 1.2077985977
282268 1.1870914147
282834 1.1489670871
283023 1.1411619075
283381 1.1249092488
283396 1.0781551567
284058 1.0770270967
284281 1.0764145530
284467 1.0148794789
284794 1.0141359675
285006 0.9980983823
285330 0.9798793680
285799 0.9458208304
286049 0.9419819564
286191 0.9211629286
286450 0.9168817671
286520 0.9034872482
286623 0.8838372542
287071 0.8833583149
287180 0.8790756432
287214 0.8089078476
287760 0.8061379234
287847 0.7919679213
287859 0.7903716001
288136 0.7871450965
288181 0.7789915633
288470 0.7558082643
288518 0.7433551393
288579 0.7308198517
288952 0.7260344297
288964 0.7090696215
289183 0.7013590276
289279 0.6920241592
289372 0.6833563106
289714 0.6792075567
290289 0.6563848259
291427 0.5910964771
292252 0.5758856759
292295 0.5680380169
292404 0.5386718613
292659 0.5386216590
292694 0.5341817353
292855 0.5332078054
292904 0.5242532850
292906 0.5132724438
293060 0.5024886262
293217 0.4944510957
293285 0.4895551829
293343 0.4828256062
293583 0.4781447247
293595 0.4428063016
293966 0.4406367362
294895 0.4403803717
294938 0.4105575179
295780 0.3996441605
295792 0.3724712487
296067 0.3381468927
296438 0.3364951716
296708 0.3242255270
296835 0.2882351686
298365 0.2623034371
298884 0.2558637679
298987 0.2482066983
299018 0.2234179749
299692 0.2176113080
299957 0.1937691545
300316 0.1932378598
300609 0.1839207625
300714 0.1808515350
300823 0.1716698705
301448 0.1690792699
301703 0.1596824905
301840 0.1473221268
302045 0.1405521093
302318 0.1396717974
302429 0.1287049047
302883 0.1173216092
303146 0.1136558350
303286 0.1114511600
303339 0.0928690976
304338 0.0914923191
304635 0.0911681367
304645 0.0898650525
304646 0.0828815361
304807 0.0810354906
305088 0.0755281057
305094 0.0753912150
305152 0.0734170184
305359 0.0680646463
305825 0.0659102882
305838 0.0560541853
306340 0.0507976411
306746 0.0456468684
307392 0.0411203044
307499 0.0408980370
307619 0.0398305266
307646 0.0397681025
307658 0.0351258374
307894 0.0315081241
308184 0.0310331895
308253 0.0291088564
308751 0.0287351067
308764 0.0256258757
308794 0.0255703752
308951 0.0255074649
308968 0.0246082768
309069 0.0233175682
309249 0.0216724311
309857 0.0208986394
309973 0.0187180742
310055 0.0183681667
310193 0.0178327398
310287 0.0168493628
310493 0.0161078988
310716 0.0146212785
312247 0.0136737540
312272 0.0116525242
312859 0.0098027343
312864 0.0086219577
313279 0.0085962971
313757 0.0076922559
313862 0.0070698269
314534 0.0068660557
314651 0.0061780216
315358 0.0053247707
315677 0.0053090763
315750 0.0047332236
315900 0.0042849286
315905 0.0040026271
316154 0.0039652938
316226 0.0038110770
316324 0.0034743979
316687 0.0029621289
316768 0.0027789535
316771 0.0019799022
317490 0.0016889602
317781 0.0015677752
317808 0.0012824891
318058 0.0011364499
318407 0.0009717258
318587 0.0009678352
318624 0.0009087189
318625 0.0009069771
318644 0.0006041690
319316 0.0006018007
319545 0.0005415312
319635 0.0005038997
319789 0.0004707677
320085 0.0004111686
320104 0.0003619016
320280 0.0003557206
320376 0.0003285810
320458 0.0002931043
320558 0.0002840836
320575 0.0002410386
320623 0.0002274652
321104 0.0002152480
321164 0.0001690986
321561 0.0001642446
321583 0.0001441226
321736 0.0001236537
321785 0.0001215045
321876 0.0001191420
321959 0.0001053636
322107 0.0000914143
322338 0.0000907172
322348 0.0000863834
322379 0.0000670188
322960 0.0000587790
323077 0.0000502092
323426 0.0000373299
323616 0.0000284706
324425 0.0000282779
324572 0.0000258722
324632 0.0000229715
324728 0.0000203660
324735 0.0000202518
324806 0.0000132256
325281 0.0000130458
325408 0.0000110477
325669 0.0000108639
325784 0.0000107011
325788 0.0000083271
326101 0.0000079316
326217 0.0000070307
326455 0.0000041959
327087 0.0000040372
327227 0.0000031857
327392 0.0000031511
327634 0.0000030643
327793 0.0000030593
327811 0.0000026161
328023 0.0000023462
328128 0.0000016033
328280 0.0000012824
328584 0.0000011156
329172 0.0000009567
329496 0.0000009412
329507 0.0000008262
329527 0.0000007552
329672 0.0000007301
329716 0.0000007283
329745 0.0000006613
329756 0.0000006319
330063 0.0000005242
330118 0.0000005045
330200 0.0000004466
330256 0.0000004303
330279 0.0000004254
330367 0.0000003879
330577 0.0000003611
330630 0.0000003238
330690 0.0000003200
330696 0.0000002185
331262 0.0000002155
331264 0.0000001959
331294 0.0000001957
331398 0.0000001757
331553 0.0000001680
331668 0.0000001652
331672 0.0000001572
331873 0.0000001178
332224 0.0000001175
332360 0.0000000768
332729 0.0000000679
332732 0.0000000657
332746 0.0000000583
333201 0.0000000577
333267 0.0000000545
333271 0.0000000524
333324 0.0000000504
333334 0.0000000435
333361 0.0000000405
333487 0.0000000353
333671 0.0000000284
334137 0.0000000210
334439 0.0000000209
334443 0.0000000189
334557 0.0000000156
334700 0.0000000132
334992 0.0000000126
335018 0.0000000118
335161 0.0000000114
335198 0.0000000100
335305 0.0000000099
335321 0.0000000090
335539 0.0000000089
335580 0.0000000070
335649 0.0000000069
335716 0.0000000068
335938 0.0000000058
336125 0.0000000050
336360 0.0000000045
336451 0.0000000039
336618 0.0000000039
336714 0.0000000039
336792 0.0000000032
336825 0.0000000031
336904 0.0000000024
337004 0.0000000024
337294 0.0000000024
337359 0.0000000019
337499 0.0000000018
337831 0.0000000016
338016 0.0000000016
338028 0.0000000014
338267 0.0000000010
338569 0.0000000008
338706 0.0000000008
338971 0.0000000008
338985 0.0000000007
339093 0.0000000006
339463 0.0000000006
339574 0.0000000005
339933 0.0000000004
339947 0.0000000004
340034 0.0000000004
340038 0.0000000004
340082 0.0000000004
340117 0.0000000003
340152 0.0000000003
340213 0.0000000003
340501 0.0000000003
340603 0.0000000002
341347 0.0000000002
341448 0.0000000001
341819 0.0000000001
341930 0.0000000001
342205 0.0000000001
342210 0.0000000001
342310 0.0000000001
342319 0.0000000001
342504 0.0000000001
342534 0.0000000001
342563 0.0000000001
342873 0.0000000001
343090 0.0000000000
343344 0.0000000000
343724 0.0000000000
343740 0.0000000000
343749 0.0000000000
343985 0.0000000000
344098 0.0000000000
344108 0.0000000000
344253 0.0000000000
344397 0.0000000000
344561 0.0000000000
344619 0.0000000000
344658 0.0000000000
344748 0.0000000000
344773 0.0000000000
345366 0.0000000000
345386 0.0000000000
345394 0.0000000000
345576 0.0000000000
345716 0.0000000000
345734 0.0000000000
345920 0.0000000000
346075 0.0000000000
346118 0.0000000000
346126 0.0000000000
346332 0.0000000000
346552 0.0000000000
346695 0.0000000000
346702 0.0000000000
346831 0.0000000000
346951 0.0000000000
347053 0.0000000000
347259 0.0000000000
347260 0.0000000000
347308 0.0000000000
347924 0.0000000000
347933 0.0000000000
348035 0.0000000000
348165 0.0000000000
348228 0.0000000000
348475 0.0000000000
348792 0.0000000000
349044 0.0000000000
349158 0.0000000000
349170 0.0000000000
349207 0.0000000000
349252 0.0000000000
349331 0.0000000000
349445 0.0000000000
349516 0.0000000000
349527 0.0000000000
349537 0.0000000000
349613 0.0000000000
349625 0.0000000000
349639 0.0000000000
349789 0.0000000000
350027 0.0000000000
350068 0.0000000000
350534 0.0000000000
350552 0.0000000000
350610 0.0000000000
350922 0.0000000000
351180 0.0000000000
351495 0.0000000000
351722 0.0000000000
351807 0.0000000000
352016 0.0000000000
352017 0.0000000000
352194 0.0000000000
352232 0.0000000000
352915 0.0000000000
353022 0.0000000000
353186 0.0000000000
353660 0.0000000000
354285 0.0000000000
356315 0.0000000000
356687 0.0000000000
evaluations raw_y
1 2144617.3487440944
4 1333006.7412048306
24 883377.7958323811
32 768731.0400256630
49 704794.6769159421
78 669273.3983811130
109 646913.3299665374
130 569896.0836109830
140 557482.1464824931
159 422069.1944599823
172 387422.6026937691
230 289742.5982630897
269 287025.1176016238
300 205634.3469328128
309 197392.4304916760
430 173653.8707951107
2270 166541.5547613534
2385 85830.8549678792
2656 79446.3552105638
2708 66346.3570925970
2742 61894.8167139230
2795 49159.3229278014
3039 42257.8396784379
3082 39712.4060210151
3121 35434.2490007601
3169 30840.3072143496
3216 29036.4690383279
3317 21998.4418495537
3390 21111.5953071509
3392 21049.7364726965
3445 20111.6007714484
3558 19976.0706976780
3585 18341.3041484621
3657 16821.0245328081
3662 16390.4886740339
3749 10000.4216113998
3802 9988.9334350971
3973 6425.4496139705
3989 4806.9857644260
4322 4124.2231583713
4509 3667.3587526847
4630 3504.3537261436
4633 3234.9493789142
4674 2736.0884709820
4940 2080.5897774298
5122 1937.5089334742
5137 1098.3042899458
5629 752.2478968555
5821 732.8969398585
5859 730.4269523523
5873 704.6189469785
5976 582.8524603339
5993 526.2386054382
6332 464.3585376625
6633 435.8285390344
6658 349.9983674970
6672 337.4571319726
6755 316.2901574135
6946 298.4859366589
7030 275.7540491909
7132 249.5113746987
7211 224.5630416874
7240 223.4787552701
7266 196.7016415212
7368 180.9069759347
7469 176.8979326836
7616 140.8577451130
8092 137.9394544636
8243 134.2061668944
8258 128.3457061868
8310 112.9421002045
8572 109.6793998770
8615 97.9924503611
8705 84.8093720836
8900 83.8224563544
9000 77.3153609539
9348 75.3773207149
9389 71.3891054291
9522 69.2147508980
9569 64.8088670751
9579 62.0543407079
9694 59.1459873888
9859 57.0739439727
9876 56.9429678146
10002 55.1619172707
10038 52.5892565638
10126 52.3779040322
10250 51.7738138804
10337 50.5741495571
10358 50.3802907027
10479 49.8321539167
10527 49.3763420523
10529 46.9006975284
10817 45.8282399096
11019 44.4118009139
11020 44.2577228057
11264 42.5610893985
11437 42.1300776125
11693 41.9344116730
11714 41.4793800194
11997 41.2001032908
12103 41.1940843453
12198 40.8941945463
12283 40.3395614978
12366 39.5998933597
13110 39.2956375802
13259 39.1037838876
14716 39.0919550129
14757 39.0344413994
15395 38.9623228795
15695 38.9184437058
16206 38.7068689498
16611 38.7044685387
16633 38.6936390344
16723 38.6769090582
16978 38.6445079050
16980 38.5949995829
17196 38.4526767836
17322 38.4479765576
17507 38.4247064857
17661 38.3470656799
17729 38.2935643877
17775 38.2520183353
18421 38.2180592814
18563 38.1759887847
19739 38.1695224288
19863 38.1637620849
20228 38.0810239867
20450 37.9961978101
20737 37.9950161706
21046 37.9079401467
21092 37.8810568948
21385 37.5617993585
21583 37.3315156177
22250 37.0888899763
23181 37.0522947580
23314 37.0370112198
23492 37.0080325269
23500 36.9611299395
23629 36.8087376661
23836 36.7393487495
24404 36.7137514084
25993 36.6618337749
26337 36.6001640797
26522 36.3285284893
27354 36.2914562344
27359 36.1881409818
27425 36.1760896027
27497 36.1694298690
27529 36.1508697977
27556 36.0133138384
27766 35.9989226350
27835 35.8721522353
28000 35.7429278684
28070 35.6282022178
28642 35.6153303938
28877 35.4907927209
28903 35.4710389450
29603 35.3052007000
29826 35.2687557202
30002 35.2591603661
30040 35.2208073421
30327 35.2206623759
30411 35.2075306791
30647 35.1792642006
30937 35.1472023002
31506 35.1015744002
31652 35.0848242862
31800 35.0794049242
32477 34.9255014583
32776 34.9081238736
32885 34.8890087933
33020 34.8350998843
33053 34.8187212654
33073 34.8037445980
33086 34.7271056105
33416 34.6047028638
33490 34.5653687369
33849 34.5541841871
33863 34.5457242906
34002 34.5389042941
34029 34.4785034948
34336 34.4409044940
34950 34.2801638036
35083 34.2528571460
35757 34.1812897262
35801 34.1693486284
36479 34.1191197474
36637 34.0810978099
36906 34.0609277692
37219 34.0508955653
37346 34.0257287425
37363 33.8930680751
37583 33.8548626947
37816 33.8205781808
38054 33.8109026779
38275 33.7970198496
38689 33.7181722662
38728 33.6930820380
38886 33.6843086779
38940 33.6682942168
38943 33.6195134726
39189 33.5451447629
39309 33.5056891173
39332 33.4714729587
39398 33.3769723077
39649 33.3715804450
39832 33.3684257916
39917 33.3497704058
39963 33.2601180833
40233 33.2491849710
40282 33.1982408554
40673 33.1588986765
40957 33.0874594191
41721 33.0362131582
41837 32.9746406861
42256 32.8682352195
43622 32.8188705211
44683 32.8043430598
44949 32.7348351550
45023 32.4889237950
45921 32.3789655316
46242 32.3036275621
46260 32.3008912322
46282 32.2573198116
46335 32.1713119093
46454 32.1403916795
46759 32.0790123426
46993 32.0411365945
47022 32.0331140175
47031 32.0281379590
47060 31.9060097690
47429 31.8455337054
48349 31.8012197814
48763 31.7972499109
48900 31.7278739185
48984 31.6793679023
49300 31.6655066530
49414 31.5608863346
49970 31.4707668441
50684 31.4516075904
51252 31.3836160123
52330 31.3459227686
52647 31.3300624234
53026 31.0384611132
53746 30.9533328689
53809 30.7855113378
54561 30.7731109178
54712 30.7449063309
54775 30.7126061995
54827 30.7081431908
55129 30.6458691537
55303 30.5531227208
55381 30.5396938256
55662 30.5382824498
55915 30.4978892128
56381 30.3962669343
56946 30.3092727928
57711 30.2862756796
57802 30.2615818210
58273 30.2612424365
58285 30.2548772308
58529 30.2010645553
58655 30.1703029335
58835 30.1641529765
58884 30.1543950597
59173 30.1122366680
59259 30.0560460718
59438 30.0137360719
59628 29.9996333055
59642 29.9940305752
59785 29.9781904672
59830 29.9336707291
60042 29.8912828221
60164 29.8657561811
60243 29.8518170124
60475 29.8458585616
60695 29.8214280242
60840 29.8115929983
61143 29.7911361726
61229 29.7076654258
61329 29.6727298880
63038 29.5897123812
63366 29.4917132983
63609 29.4505933996
63654 29.4253723052
63728 29.4035777776
63767 29.3942717190
64039 29.3632891344
64277 29.3411942424
64420 29.3162932571
64507 29.2940341138
64739 29.2624683034
64991 29.2035565708
65156 29.1822414529
65263 29.1270949548
65692 29.1198339909
65736 29.0539370338
66197 29.0314923943
66925 28.9832365288
67097 28.8977165599
67559 28.7895064437
67612 28.7289542026
67869 28.7013453452
68137 28.6130268289
69168 28.5117626850
69215 28.4958951523
69970 28.4725454961
70108 28.4189680247
70324 28.4001633088
70428 28.3759725762
70816 28.2589174862
71200 28.2563126186
71247 28.1866638870
71595 28.1795282002
71726 28.0243122643
73737 27.9988500846
74007 27.8461605652
74259 27.7628882517
75095 27.7568431025
75205 27.6388550698
75333 27.6337084612
75425 27.5344085104
75553 27.4709209629
76513 27.3051455969
77491 27.2489924067
78304 27.2158329047
78343 27.0754088532
79045 26.9718150964
79869 26.9208234273
80051 26.8847763119
80201 26.8670771138
80254 26.8055353916
80638 26.8014458323
80814 26.7750568915
80912 26.6657044907
81938 26.6528899635
82159 26.6205801571
82205 26.5647487059
82567 26.5490508611
83560 26.4718088894
84014 26.4683697600
84758 26.4542753609
84817 26.4034626409
85124 26.3373256699
85209 26.1105701848
87812 26.1067369411
87856 26.0617735899
87995 26.0561247636
88205 26.0560376385
88304 26.0364558901
88306 25.9159217085
88649 25.8141678340
88746 25.7284535250
88754 25.7184674699
88969 25.6451705029
89315 25.5943219719
89897 25.5433332868
90164 25.5110140685
91280 25.4572925540
91627 25.3818692568
91765 25.3536766526
91807 25.2882691337
92469 25.2821240958
92568 25.2752730644
92659 25.1706765888
94722 25.1197653346
94792 24.9627576979
95056 24.8464389818
95539 24.8108547409
96146 24.7380468124
96659 24.6360510049
97545 24.6033882372
97790 24.5039240872
98132 24.4998654992
98402 24.4301574909
98957 24.4162383715
99038 24.3653413407
99781 24.3248009346
99873 24.2564393550
100706 24.2200527304
100975 24.2089110035
101312 24.1881779207
101470 24.1783636823
101508 24.1776384441
101517 24.1610894284
101592 24.1509114551
101734 24.1095530949
101861 24.0524457262
103447 24.0489140196
103944 24.0261598884
104036 23.8371965135
104816 23.8076128249
104926 23.7786289056
105022 23.7349426746
105290 23.7214509233
105307 23.6976968952
105327 23.6468003991
105486 23.6137651659
105701 23.6000125689
105840 23.5874351006
106064 23.5512166084
107353 23.4871941285
107800 23.4630635753
107828 23.4331308576
108050 23.2483770780
108572 23.1784341149
109159 23.1710875415
109573 23.1122807345
109930 23.0266419289
110672 23.0012269924
111322 22.9841578398
111881 22.9598778538
111907 22.9432067329
111924 22.8989982801
112254 22.8768620350
112273 22.8325265833
112287 22.8220045901
112482 22.7557923925
112645 22.7104085294
112666 22.6079105299
113189 22.6028732259
113926 22.5942193516
114084 22.5280339937
114273 22.5181022205
114419 22.5089989201
114512 22.4677300565
114899 22.4378053242
115095 22.4073272153
115363 22.3936680826
115367 22.3591605979
115468 22.3572116290
116285 22.2603225124
116288 22.2233466494
117255 22.0919931725
117410 22.0828992875
117809 22.0505974698
118482 21.9948030512
118878 21.8479750893
119155 21.8352006092
120277 21.6839409388
121188 21.6729097570
121575 21.6399247795
121619 21.5719718553
121873 21.5431608725
122005 21.4045721459
122408 21.3760544183
122439 21.3464191068
122504 21.3201850604
122518 21.2667897152
122993 21.2258678171
123302 21.1936248213
123817 21.1446402145
123871 21.1003808653
124702 21.0692689261
125558 21.0577814830
125763 20.9992242757
125793 20.9918168612
125982 20.9280920942
126752 20.9072371829
127059 20.9004399488
127091 20.7937380302
127094 20.6941707739
127733 20.6759078789
128086 20.6750616499
128534 20.6493762090
128635 20.4631911832
128785 20.4484113603
129712 20.4361265346
129735 20.4330894753
129879 20.4226368744
129935 20.4093925218
130591 20.2632852933
131069 20.2543566690
132398 20.0733710496
132879 19.9564400987
133514 19.9422391289
133628 19.8356798762
134080 19.8318287421
134289 19.8219346177
134506 19.8170115732
134519 19.7558346840
134780 19.7450980076
134812 19.7104147858
134987 19.6952098158
135009 19.6193799628
135516 19.6070201956
135542 19.5816396363
135636 19.5415769094
136299 19.4341398549
138375 19.3884720433
138428 19.3871314273
138492 19.2936677516
138528 19.2916980494
138815 19.2405318254
138816 19.2189931172
138924 19.2184820970
138944 19.1854037786
139018 19.1551955212
139241 19.0534373777
140033 19.0452904124
140200 19.0292051230
140202 18.9003500062
141555 18.8740943209
143023 18.8740517509
143190 18.8507058424
143274 18.8263827332
143313 18.8263508363
143402 18.7495461780
143447 18.7221678089
143488 18.7131970165
143517 18.6703176469
143554 18.6621470461
143572 18.5777683574
143848 18.5730740932
143933 18.5705744190
143949 18.4756062062
144170 18.4739691286
144547 18.4328980379
145230 18.4041317054
145423 18.3956880959
145531 18.3583560151
145689 18.2138875769
146531 18.1969809756
147151 17.9707955981
148034 17.9703168046
148280 17.8474107162
148908 17.7572655880
149245 17.7568378978
149958 17.6902469833
150370 17.6507666281
150446 17.5744137811
151470 17.5635470682
151502 17.2979046936
152231 17.2494054468
152756 17.2217523666
153384 17.1452908377
153439 17.0910350457
153675 17.0622816278
153919 17.0213122021
154718 16.9088945920
154977 16.8486879485
155607 16.7062433434
156355 16.6906770607
156712 16.6537013100
156780 16.6441704137
156839 16.5771606162
157234 16.5227016049
157686 16.4876919005
157989 16.4636505451
158433 16.4091035633
159153 16.3897241675
159315 16.3189563389
159573 16.2443987479
159670 16.2405620935
159981 16.1695854003
160994 16.1100523629
162153 16.1023373451
162677 16.0345924208
162848 15.9871800145
163103 15.9820112014
163164 15.9307438633
163330 15.9273242517
163455 15.9271837970
163485 15.9124148753
163544 15.9009912854
163575 15.8881841607
163583 15.8820310967
163664 15.8737549565
163668 15.8355806840
163681 15.8149894537
163725 15.7971384324
163733 15.7283075888
164241 15.7146643397
164388 15.5937906256
164661 15.5748948241
164743 15.5061517015
165704 15.3733577879
166584 15.3283347836
166851 15.3141586651
167584 15.2361475060
167848 15.2272692225
168003 15.1476414495
168876 15.1165875091
169859 15.0633062098
170491 15.0109694328
171079 15.0002224436
171134 14.9566071949
171311 14.9454779211
171376 14.7974579530
171489 14.7542783386
171689 14.7062780532
172405 14.6562173344
172979 14.6544703922
173149 14.6356364607
173191 14.6113282058
173340 14.4996045476
173546 14.4697685423
173707 14.4300258284
173720 14.4271535444
173801 14.4256986546
173848 14.3594720918
173992 14.3454080041
173998 14.3114059712
174232 14.3040355430
174254 14.2201778661
174419 14.1645492275
174614 14.0959929256
175046 14.0670950678
175141 14.0552070961
175823 14.0523941421
176572 13.9466654285
177623 13.9173553047
177973 13.8695427256
178910 13.8014733016
178915 13.7361384003
179642 13.7046923827
179875 13.6085366890
180023 13.6001305890
180395 13.5323197236
180875 13.4921549017
180887 13.4718199741
181014 13.4688465823
181103 13.4043817685
181609 13.3346903898
182784 13.2912640856
183769 13.2845032950
183812 13.2373025424
183869 13.1244381779
184847 13.1106663212
185212 13.0826528043
185365 13.0229347573
185493 13.0164912781
185824 13.0141959820
186020 12.9406049122
186449 12.9384417206
186496 12.9330113773
186590 12.9159893445
186685 12.8633998826
186763 12.8501224422
187241 12.8312484457
187256 12.8211630556
187301 12.7734593655
187668 12.7513261811
187791 12.7285048567
188290 12.5080590338
189741 12.4801609944
189807 12.3105875680
190860 12.3049306538
191003 12.3043040202
191144 12.2756333005
191267 12.2440705693
191279 12.2319044197
191850 12.2200586604
191943 12.1922558438
192007 12.1354043879
192019 12.1273515241
192177 12.0787630272
192343 11.9832409017
192731 11.9522118020
192784 11.9435171500
192942 11.8650540174
193150 11.8544765773
193674 11.8329233828
193826 11.8226101764
194561 11.7983372323
195017 11.7774329399
195182 11.7077123338
195644 11.6992561702
195855 11.6709650626
196040 11.6473911197
196234 11.6266055380
196275 11.5689728559
196549 11.4530403209
198655 11.4207829340
199698 11.3700615846
199755 11.2485256414
200309 11.0924194202
200858 11.0521686889
201246 11.0153426804
201423 11.0020976867
201468 10.8855726785
201670 10.8394868793
201910 10.8242065130
202008 10.7806709648
202079 10.5991837914
203328 10.5982822803
203656 10.5257612446
203991 10.5253685547
204056 10.5208857355
204092 10.4801798746
204281 10.3249910586
204668 10.2592170838
205279 10.2091443266
206080 10.1920188720
206139 10.1573483958
206192 10.1365746525
206317 10.1101846716
206573 10.0694474953
206604 10.0517003887
206748 9.9338484943
208000 9.9152052739
208175 9.8415201142
209602 9.8137028898
209782 9.7872667670
210016 9.7533762002
210062 9.7163534214
210464 9.6218889976
210883 9.5648931736
211427 9.5402419496
211528 9.4677797797
211643 9.4337896566
212079 9.4181742828
212201 9.4122526046
212236 9.4088904971
212248 9.3835293633
212444 9.3696825536
212457 9.2832836919
212697 9.2413413542
213004 9.1826272335
213713 9.1557281917
214232 9.1366168115
214383 9.0163073900
216007 9.0083251221
216242 8.9104270652
216417 8.8770717337
216542 8.8692640295
217176 8.8105252200
217590 8.7705451553
217996 8.7473444101
218805 8.7410964764
218885 8.6551254768
219073 8.6526936351
219125 8.6436556081
219579 8.5950748858
219802 8.5365169519
220122 8.5086248096
220377 8.4464149580
220378 8.4146315221
221208 8.3499012100
221405 8.3231958627
221470 8.2793903541
221486 8.2757731353
221629 8.2622642681
221741 8.2459765391
221891 8.2098287813
221892 8.1278793108
223086 8.0936030286
223428 7.9490534874
223825 7.8730042671
225923 7.8149516773
226077 7.7833654227
226418 7.7645369617
226666 7.7563833900
227015 7.6871224554
227305 7.6470503251
227445 7.6446454517
227551 7.5812230973
227758 7.5538702046
227769 7.4879983745
227854 7.4323051235
228008 7.4091867449
228329 7.2730783594
229150 7.2656209215
229423 7.2476473691
229478 7.1880546842
229528 7.1856421924
229648 7.1727173189
229940 7.1551657075
230001 7.0770094386
230893 6.9558135817
232437 6.9086174147
232801 6.7757245337
233618 6.7525078731
233738 6.7463956301
233789 6.7454227020
233805 6.7092252203
233860 6.6668127036
233960 6.6593797157
234609 6.6015646132
235908 6.5356946818
235954 6.5019946695
236007 6.4404454017
236076 6.4380684849
236274 6.3601107019
236611 6.3575759646
236705 6.2552973315
236744 6.1622505345
237948 6.1563786567
237975 6.1355931860
238095 6.1111071043
238124 6.1070327617
238322 6.0172040908
239138 5.9523134179
239457 5.8854274820
239472 5.8591341219
239675 5.8538656651
239842 5.8499399332
239928 5.8492155108
240034 5.8422271871
240058 5.8286061765
240389 5.7429330628
240762 5.7338345337
240975 5.6910164191
241940 5.6624454276
242170 5.6256719998
242241 5.5738285487
242936 5.5510137323
243014 5.5408003554
243242 5.5241650400
243909 5.4115223253
244622 5.3888387093
244710 5.3746843339
244744 5.3280341112
246402 5.3228504497
246411 5.2485018910
246474 5.2239946485
246590 5.2229203859
246873 5.1570986748
246918 5.1252844628
247030 5.0779964375
247086 5.0667878847
247127 4.9866330592
247402 4.9679460086
247495 4.9649706912
247549 4.9439117243
247671 4.9338550060
247786 4.8255285124
249254 4.8202303685
249267 4.7966370091
249312 4.7315663212
249648 4.6702390625
250228 4.6533532646
250330 4.6340138917
250385 4.6104599505
250665 4.6008141736
250682 4.5811521706
250857 4.5642332627
250901 4.5459658950
250933 4.4780937733
251337 4.4471610614
251456 4.4043097164
251732 4.3850257180
251994 4.3525409153
253471 4.3041817191
254399 4.3002766886
254733 4.2607798285
254892 4.2475322990
254899 4.2298499968
255048 4.1435199598
255525 4.0836978752
255630 3.9785200879
255763 3.9657749310
255843 3.9399819514
255959 3.8957835591
256513 3.8869316285
257022 3.8819137094
257247 3.8721357853
257396 3.8413448472
257446 3.8154984664
257767 3.8013854312
257820 3.7029349439
257902 3.7025640865
257909 3.6644308818
258260 3.6459154588
258362 3.5797940462
258665 3.5593179790
259290 3.3796317590
260743 3.3547883228
261109 3.3478692417
261429 3.2649004917
261470 3.2441843966
262022 3.2130844490
262381 3.1554548499
262777 3.1350947390
262850 3.1179388519
262902 3.0585249735
262909 3.0542999099
263015 3.0382567390
263266 3.0134279617
264537 2.9882376967
264824 2.9837445365
264846 2.9505345433
265113 2.8995626746
265140 2.8954263846
265194 2.8672601584
265290 2.7738672214
265663 2.7314654842
265741 2.7040151228
266186 2.6970837971
266317 2.6842502643
266323 2.6799770645
266353 2.6270522359
266411 2.5961250025
266457 2.5452471184
266691 2.5202506716
267492 2.5198189268
267867 2.4467560907
268134 2.4207874671
269481 2.2943940437
270437 2.1979976818
270629 2.1236063755
270946 2.0830019637
271877 1.9731863309
272222 1.9268377526
272501 1.8718221156
273049 1.8388347049
273491 1.8296719548
273696 1.7621849934
273780 1.7557264239
273856 1.7160623045
274083 1.6576669460
274087 1.6265450694
275071 1.5745752169
275836 1.5521122986
276028 1.5354105721
276193 1.5338637125
276216 1.5096968860
276416 1.4931769827
276577 1.4069399740
277106 1.3752332287
277139 1.3708152954
277189 1.3407587393
277226 1.2671945913
277463 1.2594930478
277713 1.2285133492
277752 1.2226025862
277798 1.1789002775
277977 1.1682550862
278501 1.1664571555
278539 1.1624934374
278667 1.1552959558
278684 1.1542086278
278779 1.1387147191
278894 1.1301806006
278946 1.1254637466
278947 1.1235888851
279101 1.1076839055
279235 1.0906122486
279659 1.0496788758
280088 1.0478964905
280191 1.0395716270
280555 1.0222956343
280882 0.9923237075
281394 0.9472544533
282545 0.9303849442
282659 0.9297011602
282669 0.9223233729
282714 0.8914053547
282731 0.8670585834
283290 0.8489930418
283422 0.8476895811
283451 0.8176386962
283583 0.7925923966
284096 0.7787963570
284323 0.7556601954
284581 0.7428002403
284806 0.7313258411
284839 0.7153955567
285446 0.7076490515
285531 0.6814613346
286593 0.6721875808
286762 0.6689525600
287239 0.6588102893
287391 0.6427883822
287528 0.6344454611
287718 0.6158262597
287782 0.6143510369
287801 0.5732761578
287948 0.5495139291
288572 0.5262343300
288623 0.5138432739
288630 0.4887218228
289095 0.4747320383
289406 0.4724825771
289575 0.4481460960
289949 0.4036741699
290806 0.3905939946
291601 0.3817146085
291773 0.3548886208
291823 0.3165154694
292116 0.3056924420
292230 0.2959199468
292882 0.2874123873
293152 0.2862568838
293282 0.2655120697
293650 0.2243081505
294492 0.2175518499
294731 0.2132058463
294780 0.1971325568
294794 0.1965680447
295767 0.1863360136
295897 0.1701610367
296211 0.1685105792
296694 0.1513420711
296865 0.1469768612
297271 0.1251227375
298226 0.1247378880
298297 0.1093125062
299150 0.1012107431
299177 0.0920217595
299693 0.0848314932
300346 0.0823379994
300580 0.0818407264
301246 0.0796392008
301752 0.0739664383
302075 0.0729004475
302162 0.0727396184
302502 0.0671783254
302563 0.0633373213
302588 0.0571073037
303276 0.0568938047
303353 0.0500791727
303440 0.0493005453
303573 0.0433607947
303719 0.0414771651
303889 0.0411048881
304152 0.0378148436
304543 0.0356966564
304570 0.0353728314
304689 0.0342845150
304792 0.0317359843
304909 0.0282703007
305207 0.0250414490
305235 0.0220888539
305756 0.0216080428
305791 0.0212983417
305844 0.0185854353
306180 0.0168419253
306985 0.0159951793
307055 0.0150396956
307629 0.0145627382
307657 0.0135502965
307683 0.0121688966
307734 0.0119393716
308330 0.0102361834
308403 0.0089957344
308527 0.0085203495
308866 0.0077559768
309016 0.0072284478
309246 0.0069368981
309668 0.0061646908
309818 0.0059719379
310255 0.0042561625
310972 0.0038822750
311029 0.0037762185
311108 0.0035107622
311218 0.0028279327
311686 0.0025121014
311872 0.0021141111
312217 0.0021089982
312728 0.0020453384
312771 0.0015607805
312913 0.0013498761
313320 0.0012359713
313517 0.0012299639
313543 0.0012148391
313665 0.0012021624
313678 0.0010761867
313703 0.0010094739
313830 0.0009834727
313901 0.0009252086
313917 0.0008149546
314313 0.0007515101
314359 0.0007291979
314472 0.0006394176
315087 0.0006338521
315131 0.0006038771
315292 0.0004794159
315666 0.0004253116
315711 0.0003448442
316062 0.0003225395
316216 0.0002939865
316272 0.0002845188
316376 0.0002764172
316461 0.0002647771
316575 0.0002399883
316677 0.0002138507
316735 0.0002055799
316764 0.0001887689
316839 0.0001804560
316996 0.0001516776
317050 0.0001423978
317251 0.0001423415
317347 0.0001395690
317576 0.0001243375
317666 0.0001198352
317845 0.0001039357
318155 0.0000910426
318259 0.0000791666
318263 0.0000756150
318562 0.0000728390
318678 0.0000703487
318805 0.0000637539
318840 0.0000634908
318985 0.0000611089
319005 0.0000604988
319127 0.0000432942
319315 0.0000368642
319572 0.0000342980
319646 0.0000342950
319765 0.0000336927
319784 0.0000287348
320122 0.0000261925
320391 0.0000217233
320630 0.0000209665
320735 0.0000196018
320753 0.0000179714
320838 0.0000172030
321092 0.0000138731
321278 0.0000117225
321900 0.0000083401
322381 0.0000080720
322515 0.0000077511
322628 0.0000071744
322718 0.0000069297
322871 0.0000066383
322887 0.0000065972
323026 0.0000056611
323266 0.0000055674
323328 0.0000053039
323475 0.0000049304
323476 0.0000035328
323790 0.0000032465
324002 0.0000029624
324332 0.0000023450
324547 0.0000019663
324603 0.0000012739
325432 0.0000011311
325436 0.0000010325
325464 0.0000010273
325707 0.0000009885
325742 0.0000009435
325830 0.0000008677
325866 0.0000008360
325901 0.0000007152
325980 0.0000006945
325990 0.0000006518
326227 0.0000005508
326427 0.0000005302
326531 0.0000004290
326708 0.0000004053
326750 0.0000003977
326891 0.0000003491
327068 0.0000003321
327293 0.0000002830
327386 0.0000002613
327404 0.0000002424
327536 0.0000002266
327743 0.0000001950
327871 0.0000001674
327949 0.0000001659
328123 0.0000001444
328210 0.0000001313
328290 0.0000001277
328414 0.0000001038
328425 0.0000000967
328861 0.0000000909
329015 0.0000000747
329220 0.0000000682
329611 0.0000000600
329981 0.0000000468
330252 0.0000000465
330274 0.0000000411
330297 0.0000000351
330497 0.0000000348
330534 0.0000000344
330564 0.0000000341
330631 0.0000000339
330643 0.0000000313
330664 0.0000000310
330706 0.0000000308
330735 0.0000000277
330757 0.0000000249
330905 0.0000000248
330956 0.0000000220
331064 0.0000000210
331110 0.0000000135
331386 0.0000000126
331457 0.0000000113
331872 0.0000000093
332142 0.0000000091
332262 0.0000000083
332297 0.0000000075
332423 0.0000000062
332682 0.0000000055
332881 0.0000000053
332971 0.0000000043
333023 0.0000000039
333107 0.0000000036
333160 0.0000000033
333379 0.0000000030
333621 0.0000000026
333651 0.0000000018
334014 0.0000000014
334438 0.0000000010
334666 0.0000000009
334913 0.0000000007
335341 0.0000000007
335374 0.0000000006
335482 0.0000000006
335548 0.0000000005
335748 0.0000000005
335838 0.0000000004
336184 0.0000000004
336373 0.0000000004
336393 0.0000000003
336644 0.0000000003
336924 0.0000000002
336966 0.0000000002
336994 0.0000000002
337052 0.0000000002
337213 0.0000000002
337285 0.0000000001
337380 0.0000000001
337623 0.0000000001
337798 0.0000000001
337859 0.0000000001
337897 0.0000000001
337909 0.0000000001
337934 0.0000000001
338026 0.0000000001
338101 0.0000000001
338396 0.0000000001
338440 0.0000000000
338682 0.0000000000
338704 0.0000000000
338844 0.0000000000
339129 0.0000000000
339218 0.0000000000
339230 0.0000000000
339421 0.0000000000
339681 0.0000000000
339862 0.0000000000
339870 0.0000000000
340223 0.0000000000
340561 0.0000000000
340709 0.0000000000
341287 0.0000000000
341375 0.0000000000
341670 0.0000000000
341711 0.0000000000
342074 0.0000000000
342184 0.0000000000
342249 0.0000000000
342407 0.0000000000
342410 0.0000000000
342495 0.0000000000
342719 0.0000000000
343232 0.0000000000
343282 0.0000000000
343417 0.0000000000
343579 0.0000000000
343640 0.0000000000
344030 0.0000000000
344134 0.0000000000
344236 0.0000000000
344279 0.0000000000
344417 0.0000000000
344474 0.0000000000
344626 0.0000000000
344638 0.0000000000
344778 0.0000000000
345045 0.0000000000
345082 0.0000000000
345114 0.0000000000
345176 0.0000000000
345724 0.0000000000
346013 0.0000000000
346227 0.0000000000
346934 0.0000000000
347300 0.0000000000
348994 0.0000000000
349701 0.0000000000
evaluations raw_y
1 957394.9286882241
11 829795.3667932425
16 763642.3043569645
18 489070.7769673762
62 462407.2895836229
88 418108.6931025152
89 405062.1727690852
123 338276.4659481024
134 270816.2007489419
172 183197.1745403772
272 124715.7656497532
357 106578.9424488026
1958 83714.7649756639
2136 70818.8895352465
2183 48743.1822747102
2380 41054.3079144744
2516 32126.8900125779
2564 30999.8468196019
2601 30372.6338697462
2639 26837.2690158418
2721 24821.2898997055
2780 19315.5267274943
2884 18677.6572905657
2914 16592.1043691249
2918 15332.9302338201
3127 14310.3563382116
3149 11345.1572230861
3331 10658.6728839876
3342 10287.1218894039
3393 9016.5586422819
3421 8353.9214524057
3471 6013.5843701530
3553 4770.7628183594
3617 4356.7924092948
3835 3433.9591538244
3884 3351.0373306981
4023 3259.7049120494
4036 3104.4797831114
4073 2908.3000423584
4077 2304.0965562455
4163 1653.3332126824
4413 1422.3824567939
4554 1413.0927363143
4679 1393.9886737688
4700 1104.0386726364
4804 1013.5514123894
4823 934.7168235971
4872 917.8016228636
4963 917.5704062809
5037 856.7380021860
5100 666.5052192394
5218 616.0062895956
5405 543.8015081762
5458 464.4571763599
5727 368.9755141161
5750 322.5395657675
5821 312.2593364678
5916 267.3855046475
6464 263.1330853791
6525 236.7533820824
6698 218.0458650192
6889 166.2012784053
7138 150.5006854721
7340 128.5886570854
7529 127.7819720057
7562 127.5469683383
7672 114.5672676538
7681 114.1219914211
7818 109.2319822616
7994 90.5812696962
8141 87.4471290405
8244 86.3499363782
8292 85.4395373719
8294 78.1783881051
8365 75.1397162054
8591 74.2535883178
8625 73.5539706430
8837 68.2254125826
9013 68.0286184773
9028 67.7795034767
9031 65.2685047903
9066 64.3002959172
9096 63.1666596962
9208 61.4966798192
9255 58.6156315669
9508 57.6908357418
9512 53.4850798245
9601 51.6373301772
9693 51.0390007801
9783 50.8023278927
9876 49.1654184316
10026 48.1547663908
10137 47.1542421997
10138 46.2336672746
10256 45.3367209148
10286 45.0094922291
10507 44.3371388658
10554 44.1625313491
10634 44.1050040043
10680 43.5048385299
10742 43.2437930627
10770 42.8219029840
10876 42.5508319135
10934 41.7074117277
11074 41.0312545267
11422 40.4497082578
11916 39.8898672360
12129 39.8808420281
12217 39.8699992719
12260 39.7979896324
12295 39.7365131023
12302 39.4647175500
12519 39.4633040253
12545 39.3932313297
12564 39.3418356900
12657 39.1767067520
12717 39.1305087915
12989 38.9123962456
13200 38.7610738062
13698 38.7333693866
13752 38.6675082530
13954 38.5825886976
14155 38.5553331401
14179 38.5392510077
14446 38.5372735727
14668 38.3674051014
15255 38.3370468932
16343 38.2627459838
17110 38.2438732515
17391 38.1667999424
17710 38.0915593475
17733 38.0315003099
17933 38.0000367933
17949 37.9312089539
18136 37.7284627826
19179 37.6842549661
20032 37.6461740882
20080 37.5585487636
20202 37.4624201248
20377 37.3851215212
20635 37.3492467049
20647 37.2970689355
20672 37.1898439203
20911 37.1346377025
21247 37.1078313184
21323 37.0734279218
21371 37.0534059774
21385 37.0493261393
21391 37.0279567205
21484 36.9391586178
22116 36.8134956719
22310 36.7492854834
23069 36.6804967025
24217 36.6703556783
24687 36.6595195695
24705 36.6175058277
24752 36.5810090430
24869 36.5662764106
24900 36.2566923547
25157 36.2440250010
25204 36.1940295157
25258 36.0589769640
25524 36.0024187243
25965 35.9638468227
26160 35.8284001822
26577 35.6648539832
26730 35.6442315226
26872 35.5908065435
27127 35.5696794343
27208 35.5169854441
27612 35.5140558927
27710 35.5094420091
27745 35.4900000377
27885 35.3924427874
28350 35.3803336594
28522 35.3800999433
28562 35.3362202791
28575 35.2462622839
28789 35.1928298562
28887 35.1595576137
29232 35.1417609465
29319 35.0608081451
29417 35.0181399271
29621 35.0136447954
29733 34.9354020211
30063 34.8542723023
31073 34.7497865661
31232 34.6225463849
32138 34.5168651201
32439 34.4802948403
32468 34.4535345058
33122 34.3650405041
33284 34.3469100372
33382 34.2661993728
33491 34.1899407152
33734 34.1066411464
34055 34.1039266952
34082 33.9795988428
34111 33.9210067155
35025 33.7783899973
35755 33.6487557138
35932 33.6389531201
36242 33.4464244611
36993 33.4168340127
36997 33.4159380464
37135 33.4076450528
37158 33.3197888131
37182 33.3193896311
37254 33.2906287280
37600 33.2816703208
37657 33.2624647425
37845 33.2590601699
37863 33.2307748794
38157 33.2301717517
38211 33.1778023599
38254 33.1396153974
38397 33.1351556508
38492 33.1262819299
38713 33.0860371554
38789 33.0305255334
38928 33.0138811056
39101 32.9774534280
39817 32.9687993149
39984 32.9642392629
40076 32.9390463371
40504 32.8728181842
40523 32.8061122940
40882 32.6809944752
42170 32.6151952253
42338 32.5644390672
42619 32.5436992700
42964 32.4057818361
43501 32.3208824015
43825 32.1937281293
44017 32.1157202030
44555 32.0025565174
44594 31.9919066116
44915 31.9284869252
45314 31.8865023650
45512 31.7922174927
46122 31.7555840942
46803 31.7450983342
46991 31.7049561956
47025 31.6435465257
47203 31.5962879557
47360 31.5751075230
47479 31.5700783734
47489 31.4420987630
48306 31.4311839439
49537 31.3322539467
49707 31.1525050674
50328 31.0868158646
50885 31.0863067099
50889 30.9386756099
51286 30.9107314030
51447 30.9077152774
51533 30.8773043656
51656 30.7698856964
52048 30.7232831744
52553 30.7158407417
52825 30.7008764109
52911 30.6802509529
53000 30.6793649659
53018 30.6011095406
53313 30.4650586204
55329 30.4519868952
55399 30.3675662245
55662 30.2838212881
55751 30.1753079095
55879 30.1477696469
55955 30.1400605980
56423 30.1193898132
56463 30.0998906089
56593 29.9617853858
57053 29.9419148994
57111 29.8762476286
57534 29.8191137844
57793 29.8025886993
57873 29.7723859205
57911 29.7718440980
58050 29.6980652332
58683 29.6806184299
58747 29.6022194983
59211 29.5682533134
59321 29.5194219033
59841 29.5045552382
59950 29.4877253943
59992 29.4463390191
60683 29.3854031560
60856 29.3621780150
61141 29.3499251901
61242 29.3401174946
61312 29.2386494081
61468 29.1895670767
61929 29.0625824862
63237 28.9248554503
63977 28.8916282130
64094 28.8633474945
64149 28.7240577067
65407 28.7029100667
65733 28.7005409619
65796 28.6544594362
65944 28.6351434593
66164 28.5374415820
66277 28.5062797373
66280 28.4996346251
66578 28.4840933012
66712 28.4037882283
66722 28.3960583361
66765 28.3862840856
66956 28.3744530970
67077 28.3135809354
67294 28.3111369575
67508 28.3109035648
67583 28.2281387349
67894 28.2262093529
68840 28.1265145347
68856 28.1128415825
69506 27.9830208833
69878 27.9386992174
70056 27.9373691675
70076 27.8981006192
70079 27.8113391728
70515 27.7209809885
70716 27.7015529105
70863 27.6761691443
70864 27.6449330946
71125 27.5911468608
71506 27.4913799007
71920 27.3231922229
72257 27.2986595338
73061 27.2395075593
73491 27.2094112775
73797 27.1685326985
73853 27.1548119534
74621 27.1095489040
74908 26.9502247558
76542 26.9114569899
76866 26.8760230698
76972 26.8640801256
77400 26.8205900377
77434 26.8050810977
77674 26.7940631253
77732 26.7930406825
77753 26.7379057070
77774 26.7123941473
77906 26.6691014216
77960 26.5883344853
78022 26.5855248711
78158 26.4849117344
78409 26.4239961140
78978 26.3906860360
79226 26.3129202498
79993 26.2765836696
80501 26.2709806879
80967 26.1911026236
81329 26.1872095274
81366 26.1837506000
81396 26.1501914348
81867 26.0799603896
81945 26.0303753734
82265 26.0091510553
82278 25.9644122942
83801 25.7754931665
84157 25.7522619888
84259 25.6857832115
84355 25.6635927063
84628 25.6522892719
84675 25.6293953488
84867 25.5959920182
84980 25.5833903935
85028 25.5651019806
85071 25.5408538584
85142 25.5324895541
85324 25.4786802124
85430 25.4053131597
85587 25.3908156865
86237 25.3842742240
86981 25.3239205842
87266 25.2851047464
87719 25.1967584283
88364 25.1903673278
88856 25.1606244509
89175 25.1420613371
89308 25.0958586459
90016 24.7963572993
91157 24.7517265633
91370 24.7511361902
91387 24.7437255168
91412 24.6285253095
91506 24.5185457855
91849 24.5117447131
91879 24.4265425546
92792 24.3891292314
93284 24.3805720188
93774 24.3408376246
94363 24.2778306882
94365 24.2682212958
94631 24.2501519864
94735 24.1796787099
95334 24.1418355059
95639 24.1354068408
95743 24.1028995912
95776 24.0930770449
96320 23.9843474916
96422 23.9555998802
96782 23.9168457213
96857 23.8604601680
97468 23.7766227785
98031 23.7756400454
98155 23.7697762227
98342 23.7156299637
98562 23.7134606208
98695 23.7059551802
98719 23.4808963150
99666 23.4769885983
100184 23.4385376859
100550 23.3897578433
100733 23.3132117933
101591 23.2916347079
101945 23.2617128330
102252 23.2104375885
102338 23.1731973375
102626 23.1582136921
103210 23.1147808758
103264 23.0770668001
103578 23.0260966287
103658 23.0023796806
103790 22.8874340095
103893 22.8691593509
104241 22.8253406344
104789 22.7817130005
105714 22.7138573825
105823 22.6974526873
105948 22.6869527638
106147 22.6298464946
106193 22.6169768765
106900 22.5240582252
107321 22.4994735046
107782 22.4628294641
108170 22.3202340825
108791 22.2949709694
109554 22.2801623596
109655 22.2622744331
109661 22.2571589231
109692 22.2394460786
109743 22.2297155706
109744 22.1695119364
109843 22.1657099951
109913 22.1588486361
109976 22.1553466606
110264 22.1488262774
110728 22.0974591564
111044 22.0846839668
111188 21.9757606045
111311 21.9684027690
111614 21.9344051535
111891 21.9201796219
112014 21.7720875892
112639 21.7697284074
112944 21.6444135417
113163 21.6246242668
114696 21.5965526303
114944 21.5801820604
115397 21.4997859514
115537 21.4984385361
115550 21.4695929753
115914 21.2329097684
116523 21.2018667048
116905 21.1909486953
117361 21.1596064338
117535 21.1377800219
117571 21.0976168903
117579 21.0453753112
118719 20.9829079021
118992 20.9305793574
119509 20.9234611222
119629 20.8322905702
119652 20.7984552364
119771 20.7944560612
120375 20.7248567639
120568 20.7213894783
120774 20.6526805810
121344 20.6313814804
121353 20.6252476602
123303 20.5891014976
123305 20.3803023772
124046 20.2929872534
124265 20.2880787953
124375 20.2829663189
124824 20.2763632288
125105 20.2416043158
125126 20.2225718126
125250 20.1702347600
125399 20.1636880748
125695 20.1483007900
125873 20.0782731487
126755 20.0584684175
127569 19.9310452101
128701 19.8175454315
129482 19.7058980021
130570 19.6960909416
130804 19.5910488771
131540 19.5851657660
131567 19.5571082369
131615 19.5197475941
131795 19.3725834664
133137 19.3255755118
133252 19.2592094134
133680 19.2504024725
133749 19.2115328705
133873 19.1158449393
133987 19.0924660227
135595 19.0278682634
135741 19.0194068066
135746 18.9891213001
135980 18.9209069971
136197 18.8312969909
137077 18.7159398846
137195 18.7021607636
137232 18.6270129273
137462 18.6122954892
137494 18.5875763274
137736 18.5570053955
138076 18.5522133033
138386 18.5507431484
138429 18.4715061371
138974 18.4529571657
139007 18.3722945911
139383 18.3256769035
140359 18.2655722765
140515 18.1418988307
142894 18.0837613276
142908 18.0593679968
143074 17.9693123818
143193 17.9456024865
143217 17.9107445888
143297 17.8653118324
143623 17.7671050916
144264 17.7430399712
144581 17.7397277883
144647 17.7004421714
144825 17.6180224355
145049 17.5098445829
146144 17.4646305951
146316 17.4373699749
146585 17.3328409185
146615 17.3222820681
146695 17.3208774535
146714 17.2032930054
146864 17.1677524787
147597 17.1411531865
147663 17.1019617375
148014 17.0555044496
148425 16.9812770462
148949 16.9516645834
149428 16.9069573625
150522 16.8993667126
151034 16.8505888229
151278 16.8457606295
151287 16.8453631091
151342 16.6797563774
151639 16.6300873926
152154 16.5770930876
152272 16.5635580668
152536 16.5540948072
152591 16.4889847009
153115 16.4153772001
153768 16.3664130322
153846 16.3540807405
154246 16.2904925921
154642 16.2210934058
155361 16.1612512691
155730 16.1299534895
156078 16.0224177198
156460 16.0013048741
156466 15.9953975341
157490 15.9131346228
157799 15.9130180434
158216 15.8747858600
158351 15.8459477734
158711 15.7523655465
158741 15.6954306656
159611 15.6698870861
159698 15.6294276121
160420 15.5830807551
160435 15.5069397420
160639 15.4911027581
160655 15.4862903931
160746 15.4580004207
160933 15.4460211701
161003 15.3736664509
161230 15.3361309733
161308 15.2946601150
161430 15.2794370220
162773 15.2354354786
162954 15.0945708815
163935 15.0869337457
164148 15.0221307119
164532 14.9525356487
165072 14.8745881778
165370 14.8686297417
165578 14.8527611737
165835 14.8483080883
166010 14.8441850008
166027 14.8198860685
166079 14.8082153594
166113 14.7747756787
166229 14.7663419684
166632 14.7059710640
166717 14.5927089515
168188 14.4427874647
169237 14.4291245325
169291 14.3901263218
169770 14.2295414053
170032 14.2096754372
171086 13.9561592723
172291 13.8594858672
173063 13.8573356134
173256 13.8254964754
173288 13.7649130359
173423 13.7617790284
173472 13.7580300928
173571 13.7081310732
173606 13.6953992308
173642 13.6228878020
173761 13.5786006147
174308 13.5287253954
175139 13.4841221293
175827 13.3980225505
176593 13.3271174110
176922 13.3045971935
177021 13.2362097517
177327 13.2344507984
177367 13.1786673070
177811 13.1449216151
177843 13.1127395150
177880 13.0480673732
177965 13.0443689856
177992 13.0210729628
178268 13.0156650284
178426 12.9847666622
178470 12.9833107029
178967 12.9628558843
180219 12.8727348896
181086 12.8723294028
181573 12.8617795052
181615 12.8544559689
181671 12.7560570041
182046 12.6445008117
182556 12.5824898238
182708 12.5311048238
182909 12.5276382035
183258 12.4762404601
183552 12.4354710534
183698 12.4315963856
183871 12.3973997869
183916 12.3897636294
183945 12.3310655742
183962 12.3132792721
184050 12.2981071769
184372 12.2647802398
184634 12.2609057749
185010 12.1333539062
185516 12.1030491348
186769 12.0191476312
187356 11.9226589641
187941 11.8764503271
188874 11.8002965147
189208 11.7936831296
189440 11.7933753702
189443 11.7667250154
189450 11.6376471567
189898 11.6158731675
190246 11.5507050144
190748 11.4379298273
190768 11.4025995252
191471 11.3546720113
191683 11.3187975588
191782 11.3033022452
191866 11.2943749206
191994 11.2898653806
192060 11.2875322575
192201 11.2394989595
192303 11.2257911747
192438 11.2248662959
192520 11.2237598909
192692 11.1969025960
192743 11.1786854269
193145 11.1473716813
193307 11.1452606641
193406 11.1015533811
193440 11.0807280946
194346 10.9722850666
195689 10.9593083623
195691 10.9514737219
195692 10.9311718413
195781 10.9237673330
196181 10.9071589240
196330 10.7112317759
197387 10.6884927154
197652 10.6754924902
197769 10.6318908851
197844 10.6294584808
198067 10.6139771741
198316 10.5924702166
198321 10.5555872340
198337 10.5487544740
198562 10.4944685448
198758 10.4784945956
198766 10.4132564068
199369 10.4011431853
199834 10.3350193798
200566 10.3054652986
200790 10.2184445060
201140 10.0732329560
201950 10.0396135225
202100 10.0291261924
202110 9.9468177226
203128 9.8997698402
204402 9.8455900654
204599 9.7560576038
204618 9.7235161064
204979 9.7224124336
204995 9.7042939695
205183 9.6572011638
205349 9.6511366892
205361 9.6416988268
205541 9.6203290304
206130 9.5770468039
207512 9.5468707765
208101 9.5389454919
208189 9.3999378552
208692 9.3733435713
209457 9.3191488124
209598 9.2278140209
209978 9.1583432579
210860 9.1288628301
211217 9.0999848136
211698 9.0830029243
211704 8.9862754188
211712 8.9086781883
212368 8.8240288275
213084 8.8195141850
213389 8.7583665725
213593 8.7455328479
213926 8.6900545767
214207 8.6604113808
214434 8.6158968584
214484 8.5684714964
215019 8.5653341522
215124 8.5468445717
215170 8.5051936395
215223 8.4848115970
215433 8.4773466600
215585 8.4343275269
216045 8.4195474922
216076 8.3678031663
216153 8.3459366443
216427 8.3182004123
217616 8.3175785879
217618 8.3033162016
217942 8.1799871975
218081 8.0754019104
218385 8.0597032006
218890 8.0304504906
219172 7.9735070623
219188 7.8823298549
220125 7.7719683860
221500 7.7039963924
221668 7.6905131846
222050 7.6660324322
222216 7.5743550590
223240 7.5478421018
223287 7.5257062071
223395 7.4959404424
223838 7.4731381764
224068 7.4546744699
224140 7.4469941883
224144 7.4095297912
224274 7.4015839344
224436 7.3751776766
224654 7.3543241372
224715 7.3074731854
224852 7.2519659366
225166 7.2498399616
225207 7.1864314175
225451 7.1779460020
225578 7.1495841934
225867 7.0605556843
227830 7.0494039844
227994 6.9658211255
228029 6.9518692113
228743 6.9057634127
229036 6.8796784114
229174 6.8648938355
229182 6.8253818589
229357 6.8186216290
229368 6.7344880241
229591 6.6777602880
229863 6.6766373872
230789 6.6051787788
231082 6.5921221393
231487 6.5176826180
232016 6.4202182712
232466 6.3931531923
233280 6.2949706358
233945 6.2734567348
234130 6.2072650456
234547 6.2020871464
234552 6.1315942374
234751 6.0724602799
235390 6.0139916058
235673 6.0034133448
235937 5.9979752194
235973 5.9269619971
236395 5.8805749138
236595 5.8251410331
238111 5.7782803483
238222 5.7071633061
238667 5.6687197180
238860 5.5436545031
239121 5.5372890242
239549 5.5227533986
239637 5.4871200441
240087 5.3714231412
240354 5.1815685394
242403 5.1608368998
242711 5.1382710329
242773 5.1031208122
242949 5.0656747748
243252 5.0090489537
243600 4.9851117862
243739 4.9303776539
243825 4.9071594684
243963 4.9067893956
244100 4.8593682451
244143 4.8549370197
244421 4.8479154174
244529 4.7617334478
245519 4.7228927409
246141 4.6886351766
246165 4.6301067486
246686 4.6003436947
246878 4.5638360587
247299 4.5403593533
247564 4.5375588900
247727 4.4553111738
247991 4.4503340976
248563 4.3598357858
249079 4.3444795516
249413 4.3171339405
249438 4.3139090037
249440 4.3105074403
249746 4.2955838503
249778 4.2552158576
249801 4.1904430337
250189 4.1314176662
251008 4.1128111190
251111 4.0059585489
251790 3.9837539384
251927 3.9349394326
252304 3.8320652893
252837 3.8288414671
252869 3.8114358402
252964 3.7328902998
253129 3.7052819736
253181 3.6265025723
253639 3.5602002839
254487 3.5396765274
254669 3.5316584159
254795 3.5060975868
255455 3.4967762257
255632 3.4743470219
255679 3.4618418988
255702 3.4563410805
255748 3.4507896983
255818 3.4291797505
255820 3.4216487552
255933 3.4178561525
256104 3.3906449424
256250 3.3893112383
256368 3.3270905611
256452 3.2658235212
256737 3.2598446207
257022 3.1992829438
257265 3.1774040820
257437 3.1457008633
257563 3.1214724428
258098 3.0683169225
258099 3.0487576923
258548 3.0461345173
258554 3.0381903297
258600 3.0296598187
258684 2.9908199543
258960 2.9871582554
259204 2.9779973382
259442 2.9345923028
259720 2.9029364815
259978 2.8983696800
260317 2.8496828023
260958 2.7871289292
261248 2.7700186708
261406 2.7144554602
261722 2.6894187213
262264 2.6726897995
263034 2.5650049868
263222 2.5428017485
264181 2.5168407171
264305 2.4986674066
264444 2.4742193737
264471 2.4643336997
264545 2.3119515186
264762 2.2948206692
265382 2.2770031046
265424 2.2632104740
265958 2.2532163791
266888 2.2375262638
266914 2.1555106296
266926 2.1168132713
267293 2.0845379913
267431 2.0660662272
267588 2.0617395288
267778 1.9655053507
268071 1.8731334493
268180 1.8142030647
268714 1.7789701763
269498 1.7522877441
269515 1.7518282662
269789 1.7480676121
269792 1.7392729431
269971 1.6600528564
270020 1.6525608172
270248 1.6138946063
270299 1.5766256788
270431 1.5739756720
270496 1.5012692299
270781 1.4718871428
271018 1.4717397539
271115 1.4356005331
271308 1.4028568868
271546 1.3779638799
271563 1.3699839995
271906 1.3306902803
272278 1.3062025664
272585 1.2776560220
272773 1.2516539134
272957 1.2295334824
273073 1.2028432471
273254 1.1725305462
273402 1.1495916543
274753 1.0903162061
276123 1.0836222931
276312 1.0666645624
276800 1.0515380887
276873 1.0240440314
276947 1.0112691457
277070 0.9512976233
277701 0.9479028697
277713 0.9299878997
277938 0.9127911441
278162 0.8792932895
278416 0.8280699115
278777 0.8139783869
279246 0.8130903315
279362 0.7695282672
280910 0.7580662591
280925 0.7274949166
281087 0.7046913386
281664 0.6796796158
281760 0.6722418229
281847 0.6462605412
282028 0.6367373060
282194 0.6258340292
282212 0.6194404206
282354 0.6061934343
282561 0.5866957562
282623 0.5758090263
282908 0.5747911513
282962 0.5740333081
283127 0.5665047145
283160 0.5664697402
283188 0.5664639272
283273 0.5645113089
283352 0.5413456770
283399 0.5256082233
283455 0.5213210662
283502 0.5112316261
283996 0.4930171330
284095 0.4703595375
284702 0.4693980714
285266 0.4508808678
285509 0.4440325676
285819 0.4386617346
285850 0.4253697769
286000 0.4252190439
286261 0.4242048633
286472 0.4134518936
286480 0.4103631944
287036 0.3986726362
287405 0.3897796443
288005 0.3685423318
288206 0.3527194932
288576 0.3480216324
288618 0.3428350748
288640 0.3325092059
288678 0.3194778880
288832 0.3183612911
288849 0.3106945257
288947 0.3049862430
289031 0.3039519393
289203 0.3021968081
289433 0.2968569551
289527 0.2966750324
289616 0.2819684405
289804 0.2718707932
290549 0.2584463243
290936 0.2557844762
290939 0.2483895052
290976 0.2459705071
291162 0.2168099101
292205 0.2118462886
292239 0.1992374673
293041 0.1725242677
293126 0.1591130081
293946 0.1585160551
294111 0.1479403565
294233 0.1466791719
294483 0.1409270616
294515 0.1364310878
294827 0.1358344079
294900 0.1355559972
294920 0.1323938502
294925 0.1272949050
294947 0.1192088224
295007 0.1166570619
295271 0.1117037141
295763 0.0950045673
295987 0.0915412734
296367 0.0897784263
297393 0.0895156823
297453 0.0895063386
297595 0.0841363246
297797 0.0809578340
297853 0.0808846684
297873 0.0798153964
298167 0.0759135320
298417 0.0734054386
298499 0.0691040219
298522 0.0687942116
298759 0.0657384282
298785 0.0644722188
298827 0.0633602301
299035 0.0616913892
299043 0.0610431717
299177 0.0537784995
299194 0.0532303376
299658 0.0506581268
299767 0.0499288171
299800 0.0495623637
299807 0.0483938427
300122 0.0459447746
300169 0.0364329334
300923 0.0299984075
301784 0.0254941141
302386 0.0253136281
302578 0.0236927718
302680 0.0182031745
302971 0.0169437548
304058 0.0152932531
304407 0.0149584009
304658 0.0145896430
304686 0.0144877588
304696 0.0143068052
304713 0.0143007690
304725 0.0102480456
305645 0.0098794276
305831 0.0095021528
305984 0.0092815740
305990 0.0078699580
306222 0.0070497591
306450 0.0063188954
306706 0.0055533913
306787 0.0052529917
306855 0.0047097433
307096 0.0045936005
307165 0.0034262416
307536 0.0029122775
307642 0.0027623498
307678 0.0025312578
308445 0.0022953762
308615 0.0022429642
308713 0.0017612978
308970 0.0012402082
309647 0.0010275942
310058 0.0009174962
310155 0.0009044285
310287 0.0008882265
310404 0.0008319738
310453 0.0007629680
310528 0.0007441650
310606 0.0007227333
310656 0.0006244893
310796 0.0005493974
310917 0.0005362527
311051 0.0005312489
311224 0.0004597070
311524 0.0004393594
311642 0.0003474951
311760 0.0003162356
312004 0.0002725007
312131 0.0002655222
312384 0.0002428303
312413 0.0002099964
312678 0.0001946553
312819 0.0001919139
313098 0.0001817478
313118 0.0001706671
313133 0.0001314498
313543 0.0001278325
313644 0.0001246438
313668 0.0001050337
313700 0.0001002256
313809 0.0000786375
314244 0.0000750335
314416 0.0000717377
314501 0.0000676392
314599 0.0000635655
314628 0.0000531003
315157 0.0000506657
315173 0.0000461384
315307 0.0000405057
315606 0.0000400181
315661 0.0000268670
316061 0.0000264279
316325 0.0000249007
316469 0.0000227963
316516 0.0000216855
316759 0.0000196530
317173 0.0000186461
317194 0.0000118946
317554 0.0000090547
318272 0.0000078589
318275 0.0000078282
318548 0.0000076768
318741 0.0000067782
318763 0.0000066334
318787 0.0000059271
318841 0.0000053632
318857 0.0000046805
319033 0.0000033195
319887 0.0000030834
319939 0.0000026847
320080 0.0000026562
320342 0.0000022874
320436 0.0000022145
320438 0.0000021308
320484 0.0000017227
320742 0.0000017198
320793 0.0000011917
321150 0.0000011104
321526 0.0000009227
321612 0.0000008890
321691 0.0000008463
321716 0.0000008244
321838 0.0000007294
322045 0.0000006585
322055 0.0000006350
322235 0.0000004625
322513 0.0000004568
322775 0.0000003979
322841 0.0000003685
322931 0.0000003395
323041 0.0000003184
323470 0.0000002956
323511 0.0000002715
323591 0.0000001958
323697 0.0000001955
323742 0.0000001743
324056 0.0000001564
324090 0.0000001547
324171 0.0000001419
324331 0.0000001397
324487 0.0000001354
324498 0.0000001264
324544 0.0000001252
324780 0.0000001155
324876 0.0000001002
325233 0.0000000884
325258 0.0000000826
325336 0.0000000653
325481 0.0000000555
325739 0.0000000431
325829 0.0000000423
325830 0.0000000309
326450 0.0000000213
326480 0.0000000190
326845 0.0000000141
327406 0.0000000139
327410 0.0000000132
327423 0.0000000131
327465 0.0000000127
327589 0.0000000119
327671 0.0000000116
327752 0.0000000093
328121 0.0000000063
328344 0.0000000061
328604 0.0000000058
328688 0.0000000054
328769 0.0000000049
328861 0.0000000044
329085 0.0000000042
329136 0.0000000039
329237 0.0000000030
329300 0.0000000024
329673 0.0000000023
329828 0.0000000022
329911 0.0000000019
329952 0.0000000018
330117 0.0000000018
330281 0.0000000017
330472 0.0000000016
330699 0.0000000013
330728 0.0000000009
331044 0.0000000008
331374 0.0000000007
331431 0.0000000007
331630 0.0000000005
332236 0.0000000005
332256 0.0000000005
332302 0.0000000005
332410 0.0000000004
332494 0.0000000004
332505 0.0000000003
332531 0.0000000003
332735 0.0000000003
332738 0.0000000003
332801 0.0000000002
333090 0.0000000002
333196 0.0000000002
333234 0.0000000002
333266 0.0000000002
333648 0.0000000001
333657 0.0000000001
333806 0.0000000001
334063 0.0000000001
334070 0.0000000001
334084 0.0000000001
334150 0.0000000001
334366 0.0000000001
334777 0.0000000001
334829 0.0000000001
334945 0.0000000000
335191 0.0000000000
335324 0.0000000000
335365 0.0000000000
335679 0.0000000000
335812 0.0000000000
336179 0.0000000000
336301 0.0000000000
336323 0.0000000000
336539 0.0000000000
336620 0.0000000000
336647 0.0000000000
336700 0.0000000000
336721 0.0000000000
336938 0.0000000000
336969 0.0000000000
337064 0.0000000000
337085 0.0000000000
337124 0.0000000000
337312 0.0000000000
337407 0.0000000000
337449 0.0000000000
337532 0.0000000000
337687 0.0000000000
337704 0.0000000000
337975 0.0000000000
338020 0.0000000000
338239 0.0000000000
338267 0.0000000000
338513 0.0000000000
338529 0.0000000000
338580 0.0000000000
338744 0.0000000000
338872 0.0000000000
338873 0.0000000000
338922 0.0000000000
339070 0.0000000000
339203 0.0000000000
339314 0.0000000000
340104 0.0000000000
340108 0.0000000000
340154 0.0000000000
340213 0.0000000000
340344 0.0000000000
340901 0.0000000000
340914 0.0000000000
340987 0.0000000000
341114 0.0000000000
341322 0.0000000000
341570 0.0000000000
342016 0.0000000000
342598 0.0000000000
342640 0.0000000000
342742 0.0000000000
343242 0.0000000000
343616 0.0000000000
343633 0.0000000000
343682 0.0000000000
344607 0.0000000000
344801 0.0000000000
344942 0.0000000000
345644 0.0000000000
346245 0.0000000000
347525 0.0000000000
349722 0.0000000000
evaluations raw_y
1 1367192.1407491171
2 1195677.6523435798
6 542571.0911236565
17 305553.5200383304
33 302024.9622420105
107 273721.8864256113
122 248358.0952602005
166 186378.6485666819
199 173914.4529982234
277 95298.7292947986
410 82437.5914562751
415 58399.5806280951
1572 40404.3246663006
2244 32159.7317418945
2322 28642.0349334900
2663 27065.4570284581
2682 21605.4511787986
2764 9076.0225400521
3217 7704.6729138123
3416 7373.7423743570
3454 7052.2698352569
3609 5931.5926555830
3637 5233.3441689652
3664 5190.1234614025
3685 5137.1733878854
3710 4518.1149026059
3864 4331.5590950994
4029 3735.2335388842
4057 3107.2981425525
4116 2499.6743737713
4221 2460.8468208322
4248 1943.1670240582
4478 1792.5792341088
4588 1764.0736193087
4620 1745.9394432855
4621 1703.0183668619
4674 1429.7012610421
4704 1384.5646690352
4822 1252.1594369937
4914 871.8499649729
5135 869.9313690505
5211 809.3242916247
5361 802.6172758356
5470 771.9360928772
5493 750.2161909657
5505 686.1769330488
5532 632.9051100878
5634 600.9476615173
5701 498.4921479028
5914 461.4394960761
6007 453.2421181679
6399 432.9479276713
6498 417.2776507378
6565 401.8050296164
6597 388.2504260352
6728 373.3219306116
6766 329.1030614918
6778 315.5711843164
7025 308.1242374452
7139 273.9687943067
7156 264.2153014035
7234 248.1137857632
7323 227.0670368132
7680 219.1634645589
7813 191.0957459438
8433 166.4612753858
9357 160.6383444182
9435 159.4394639752
9444 153.4440363607
9505 120.8386455275
9798 118.9420533330
9853 103.6252304703
9923 97.2361408185
10076 78.6114358640
10202 76.9575590083
10253 74.8939563978
10426 73.7941239538
10457 72.0177700771
10675 69.2986990224
10681 68.2639486789
10911 66.2473976176
10931 62.7834042114
10995 60.3485983293
11016 57.4315543150
11111 55.9668509872
11509 55.0883305937
11535 53.2785632096
11666 52.4815784751
11726 48.3269198397
12027 46.8254124264
12124 46.7064441315
12256 46.3749472795
12381 46.0725255615
12400 45.3641549808
12509 45.2960789409
12543 44.5702415482
12574 44.0741910297
12584 42.9276097362
12677 42.3477618767
12821 42.3037597603
12862 41.9833065373
12920 41.3263641375
13072 41.1296676484
13189 41.0722515290
13282 40.4420878020
13399 39.9821671159
13668 39.4362341602
13907 39.2896389566
14005 39.1887074944
14051 39.0560083192
14191 39.0436213694
14418 39.0122675288
14469 38.8601804531
14557 38.8286818190
14600 38.7873088564
14674 38.7824678165
14696 38.7595903989
14740 38.6419216030
14827 38.6279735950
14908 38.6076446972
14920 38.5954860191
14927 38.5247585180
14940 38.4009785532
15384 38.3650962470
15452 38.3614671495
15573 38.3498127124
15587 38.3173284539
15697 38.3047314071
15881 38.2927440938
15915 38.2677538549
16047 38.2146259366
16709 38.0358091769
19335 37.5901186243
20245 37.3873845652
20653 37.3681601604
20781 37.3132422995
20926 37.0646609407
22234 37.0464782885
22292 37.0061880041
22321 36.8920890965
22516 36.8559119542
22836 36.8464217755
22957 36.6904704560
23109 36.6636470711
23378 36.6628407822
23748 36.6254382449
23760 36.4291095991
23782 36.3578111927
24274 36.3466528564
24324 36.2392808720
24419 36.0810644674
26079 36.0243575650
26256 35.9296706365
26290 35.8024806663
26909 35.5469237809
27313 35.5359436107
28582 35.1228284474
29930 35.1140089920
30169 35.0494277040
31479 34.8960813893
31952 34.8010061638
32025 34.7405078160
32054 34.7011192342
32080 34.4694471129
32446 34.4307534864
32542 34.3781029218
32614 34.2649908952
33116 34.1931502291
33291 34.0359957283
33828 34.0334260134
33903 33.9475606684
34199 33.9372831417
34237 33.9062339086
34260 33.7873976253
34818 33.7806889025
34848 33.7668805519
35204 33.7663767535
35223 33.7281037039
35380 33.6793383498
35466 33.6631666560
35869 33.6306253357
35912 33.6284042966
36088 33.5765794793
36107 33.5719498845
36575 33.5505048237
36864 33.5499800131
36971 33.5422164365
37097 33.5134946953
37133 33.5034960712
37169 33.4990846365
37271 33.4543096595
37596 33.3149434820
37696 33.3114627576
37936 33.3070115900
37939 33.2022212389
38094 33.0845484159
38538 33.0355916596
38885 32.9939359320
39228 32.8186830010
39861 32.7781872214
40108 32.6997762138
40575 32.5799024751
41189 32.5794684640
41195 32.4508784123
41252 32.4315956389
41852 32.4161867365
42338 32.3981235323
42339 32.3514728732
42397 32.2241175865
42648 32.1794831055
42713 32.1616613279
43376 32.1611523126
43379 32.1463307292
43463 32.0789989286
43630 31.9688243526
44549 31.8636185715
44638 31.8532328163
45184 31.8181055542
46450 31.6477091739
47087 31.5843952665
47171 31.4904057622
47270 31.4074081529
48293 31.3568879028
48495 31.3297401589
48619 31.1587815701
48644 31.0740702080
50128 31.0391588198
50328 30.9419628596
50381 30.8849337259
50643 30.8768717633
50735 30.8178679892
50834 30.8087645043
50899 30.7885953892
50988 30.7718992919
51190 30.7544407292
51277 30.7368252574
51329 30.7131338672
51466 30.6853857582
51489 30.6196541320
51789 30.6069121187
52193 30.5932732277
52359 30.5629844369
52757 30.5326554951
52766 30.4888324918
52788 30.4804002636
53044 30.4334470023
53151 30.3467728576
53481 30.3362876928
54570 30.2540019987
54990 30.2167489256
55292 30.1279524556
55488 30.1258089400
55513 30.1119762006
55643 30.0203517743
56009 30.0143192287
56272 30.0090852873
56281 29.9255326654
56762 29.8973368434
57319 29.8960368307
57556 29.8295434312
57746 29.7040202951
58498 29.6745863828
59184 29.6428359379
59232 29.5044825262
59509 29.4925652799
59585 29.4709565744
59880 29.4056979976
60137 29.3994138405
60283 29.2789554625
60661 29.2174125996
61295 29.2121762084
61310 29.1698172914
61636 29.1541832486
61851 29.1299422107
61872 29.0545007626
62132 28.9970958785
62632 28.9632167363
62971 28.9253620559
63259 28.9205961715
63341 28.9037480442
63346 28.8923240394
63384 28.8679392719
63604 28.8423361225
63901 28.7905881165
63958 28.7337637658
64109 28.7117611959
64323 28.6820937887
64618 28.6623819867
64825 28.6404783699
65130 28.5761969446
65752 28.5247830712
66267 28.5010336151
66442 28.4581496379
66463 28.4111483917
66768 28.3297713645
67071 28.3288815334
67366 28.3042320096
67402 28.2872403000
67575 28.2491832696
67581 28.2351828769
67588 28.2241154415
67674 28.1779416546
67681 28.1562207169
67791 28.1538076223
67825 28.1328241005
68008 28.0510122831
68766 28.0503728755
69035 28.0311230122
69059 28.0040474467
69222 27.9377762971
69580 27.9072730850
70306 27.9043321393
70969 27.8767452361
71118 27.8379650018
71317 27.7752063750
71505 27.7667017295
71639 27.7164147727
71864 27.6938758936
72222 27.6188694011
72895 27.5047839593
73788 27.3512016928
74618 27.3153279035
74639 27.1852482580
75384 27.1464391985
75685 27.0646444147
75712 27.0163222603
76327 26.9134138030
77583 26.8373934371
77938 26.8270114631
77991 26.8168438300
78086 26.7950171961
78097 26.7811380171
78197 26.7006149995
78290 26.6880109454
78647 26.6699510528
78801 26.6550885403
79024 26.6165125652
79237 26.5696183697
79243 26.5450417165
79265 26.5163189075
79313 26.5023386059
79487 26.4785087903
79691 26.4081278077
79996 26.4011567982
80197 26.3271377126
80843 26.2384674193
80986 26.2381548151
81433 26.2301795790
82358 26.1872598642
82465 25.9609664249
83523 25.9107602155
84327 25.9025516417
84332 25.8987325382
84390 25.8677573341
84410 25.8357226786
84466 25.8260327527
84484 25.6957651051
84916 25.6392538144
85302 25.6235980926
85404 25.5431165935
86653 25.5036445796
86839 25.4980379936
86922 25.4885640909
87207 25.4525112103
87360 25.4340586706
87769 25.3914983677
88066 25.3470656991
88125 25.2466712661
88712 25.2145921961
88718 25.1840111491
88992 25.1596667245
89036 25.1417726568
89065 25.1103726306
89134 25.0361054614
90095 24.9212476783
90998 24.8501546426
91360 24.8121474141
91496 24.7814693000
91569 24.7297673892
91818 24.7183804213
92245 24.6883041409
92285 24.6601161036
92456 24.6586748177
92502 24.5202125048
92929 24.4996644045
93073 24.4873744138
93422 24.4320991798
93883 24.4117753944
94017 24.3557414034
94300 24.3555503482
94784 24.3100186964
95285 24.2298638714
95581 24.1254075741
97599 23.9701502736
97959 23.8045426192
98257 23.7693299494
98351 23.7549436526
98650 23.7046988850
98741 23.7017782272
98929 23.6488309494
98966 23.6339426173
98995 23.5928211867
99290 23.5521628982
100558 23.5407320993
100594 23.5326898116
100738 23.4786579026
100756 23.4532013115
101045 23.4059804181
101069 23.3141021817
101535 23.2078718097
102555 23.0478720838
103052 23.0296803427
103087 22.9448772555
103841 22.9317991365
103861 22.8934555480
104815 22.8139897233
104985 22.7659347194
105384 22.7084318627
105983 22.6174280047
106334 22.6057637930
106560 22.6053326587
106797 22.5062248888
107417 22.4985465088
107449 22.4940976469
107542 22.4799150972
107886 22.4680373470
108021 22.4599991888
108181 22.4027398495
108442 22.3579665925
109236 22.2972563586
109350 22.2120071451
110239 22.0940364384
110976 22.0800170372
111200 22.0622426816
111212 22.0196857464
112002 21.9807464867
112090 21.9155976793
113044 21.8814672379
113117 21.7811841428
113972 21.7592996609
114152 21.7473864192
114303 21.6437725712
114744 21.5796305432
114931 21.5576805239
115070 21.5321219126
115112 21.4586369160
115361 21.4255835128
115568 21.3927774734
115657 21.3881300057
115816 21.3303183962
115998 21.3239634624
116031 21.2840658168
116420 21.2349605903
116966 21.1982842620
117136 21.1961206276
117158 21.1037992700
118208 21.0916672022
120424 21.0625957053
120442 20.9542918185
120542 20.9448895436
120796 20.8853734650
120928 20.6614714416
121820 20.5514850179
122113 20.4207124610
123028 20.4100441626
123100 20.2644612204
124349 20.1816745393
124912 20.1444719526
125128 20.1213949992
125463 20.0911055034
125662 20.0846317263
125732 20.0564431836
126441 20.0302023496
126448 19.9884328381
126559 19.9641667887
126703 19.9622323886
126753 19.9333564343
126873 19.9048763069
127047 19.8410988294
127347 19.8043532819
127469 19.7929298700
127741 19.7909897013
127744 19.7522569783
128668 19.6131376162
129686 19.5980750082
130942 19.5678995476
131035 19.5341132209
131072 19.5318168568
131108 19.4804560256
131198 19.4167833929
131270 19.3986256498
131393 19.3096852618
132100 19.2918892937
132160 19.2870384741
132276 19.2838564034
132486 19.0781997312
133225 19.0486246203
133286 18.9811581935
133746 18.9751168736
134111 18.9567928861
134189 18.9475336852
134332 18.8928547534
134519 18.7817463257
136553 18.7637441469
136852 18.6952921199
136964 18.5875046970
137471 18.5177435743
137613 18.4164862330
138166 18.3848798082
138433 18.3251547202
138779 18.2791603915
138857 18.2315077112
139122 18.1885594442
139988 18.1304633433
140319 18.1110516491
140877 18.1077334573
140992 18.0929151403
141000 18.0773683672
141205 18.0672540247
141231 18.0004755845
141738 17.9938869646
141960 17.9895463187
142007 17.9199274487
142439 17.8389201493
142958 17.8267211606
143051 17.8263786688
143272 17.7923020071
143664 17.7605353623
143689 17.7584461533
143742 17.6960340399
143949 17.6572304417
144054 17.5700438959
144153 17.5588940602
144670 17.5269949465
144811 17.5248725635
145199 17.4915694378
145488 17.4269113466
147716 17.3254950901
147926 17.3012010659
148073 17.2932047070
148376 17.2033822189
148573 17.1653896099
149041 17.1454223492
149122 17.1417891129
149385 17.0955184481
149423 17.0743634845
149455 17.0731058631
149540 17.0530762984
149916 17.0467115898
149970 16.9815928930
150914 16.9747108582
151084 16.9679444050
151137 16.9620719536
151222 16.9576192394
151250 16.9376044675
151324 16.8388796485
152283 16.7976082422
152300 16.7751765597
152367 16.7322703867
152636 16.7109990035
152794 16.7049231764
152934 16.6695019946
153301 16.6691679284
153448 16.6158795748
153809 16.6083714631
154017 16.5732489861
154375 16.5627704327
154622 16.5385991883
154649 16.5113209496
154849 16.4404507953
154999 16.3953535103
156743 16.3773780805
158294 16.3522575236
158316 16.2952018479
158322 16.2186859428
158486 16.1807310108
158535 16.1221324814
159425 16.1017378749
159512 16.0144285200
159777 16.0071958722
159793 16.0048360426
159931 15.9228567691
159992 15.8810563386
161544 15.7252561449
162170 15.6538358003
162596 15.6350871117
162679 15.5760087441
162743 15.5447944308
163043 15.5260420288
163364 15.4353764941
163595 15.4331541339
163772 15.3990126708
163854 15.3658388812
164107 15.3514915559
164111 15.3230874864
164251 15.3097948710
164705 15.2871084271
164780 15.2542255209
165240 15.2522444293
165280 15.2372911446
165373 15.2185912319
165466 15.2182209964
165610 15.1602614602
166016 15.1033328380
167958 14.9946615279
168386 14.9898345973
168747 14.9478593104
168869 14.8681118080
168903 14.7984900896
168937 14.7754370696
168975 14.7610623627
170004 14.7362252284
170029 14.7259889632
170143 14.6849671545
170175 14.6537349016
170279 14.6331543075
170630 14.5673529134
171048 14.5648420687
171049 14.4887578973
171237 14.4746042503
171535 14.4307288066
171741 14.2929093117
172520 14.2852604938
173578 14.2341434081
173797 14.1929221125
174180 14.0401904830
174477 13.9509728410
175202 13.7649502209
176228 13.7191084052
176663 13.6985536094
176687 13.5645119306
177847 13.5566550188
178075 13.5233941303
178097 13.4735262991
179972 13.4294246604
180127 13.3882411101
180154 13.3765026325
180337 13.3310825171
180369 13.2853488315
181305 13.2083599037
181409 13.1555496864
182139 13.1284638103
182386 13.0375660828
182579 13.0205052439
183100 12.9887494908
183145 12.9115677989
183312 12.9005654345
183598 12.8797279231
183615 12.8785561378
183658 12.7999158154
184043 12.7858650619
184090 12.7493391113
184111 12.6755559444
184546 12.6364413818
185661 12.5585674605
185884 12.3452221571
187741 12.2353985996
188565 12.1895642271
188624 12.1313435099
189040 12.0479248029
189664 12.0394355456
189736 11.9895847409
190764 11.9386543366
191248 11.9038165509
191406 11.8549886638
191723 11.7779357377
191867 11.7489704902
192510 11.7302695106
192714 11.7246198698
193048 11.6526681541
193087 11.6476226304
193203 11.5786877571
193569 11.5666682177
193870 11.5182724114
193913 11.5060268171
194028 11.4983991627
194037 11.4867133577
194144 11.4788495019
194221 11.4591174263
194291 11.4570432859
194316 11.4187823724
194341 11.3816771258
194430 11.2837244803
195229 11.2665342635
195262 11.2301924047
195362 11.2294585211
196769 11.1286245079
196975 11.1195525659
197020 11.1110283842
197467 11.1101708045
197509 10.9467522405
197612 10.9168741160
198051 10.8383299032
198481 10.8285484336
198532 10.8265957032
198699 10.7008395357
199314 10.6985914667
199501 10.6319680156
200332 10.6230592134
200540 10.6191390626
200558 10.6002330149
201121 10.5362865060
201793 10.5215699311
201811 10.5167673698
201994 10.4151112455
202118 10.3469208196
202520 10.3351564368
202634 10.2948611363
202752 10.2227606964
203017 10.1567247094
203479 10.1546279040
204172 10.1199415542
204646 10.0872130226
204915 10.0510636697
205413 10.0283392494
205570 10.0249610442
205742 10.0227388435
205785 10.0123354515
205895 9.9857013635
205927 9.9115213320
206121 9.8818085487
206651 9.6861770918
209324 9.6769253806
209549 9.6289719601
209793 9.5270524306
210216 9.4975026929
210275 9.4321701128
210386 9.4088126088
210495 9.3864816106
210547 9.2165362884
211853 9.1970625317
211947 9.0948090720
212081 9.0933202343
212410 9.0293141328
212744 9.0164242037
212812 8.9713675864
212917 8.7818496496
213751 8.7595356397
214053 8.6275834834
215661 8.3854698765
216598 8.3106784885
216680 8.3053105451
217608 8.2885832226
217624 8.2500377624
217711 8.1863877249
218019 8.1751443658
218133 8.0804715274
218606 8.0764091241
219183 8.0481672886
219929 8.0430598662
220000 7.9669514285
221094 7.9451396917
221175 7.9268598307
221292 7.8156173544
221684 7.8078014490
221740 7.7052537327
222194 7.6871724423
222724 7.6798921981
222810 7.6635228223
222919 7.6553897001
222944 7.6324490130
223288 7.5664882412
223384 7.5586000933
223913 7.5569730399
224400 7.5549732309
224430 7.4586709028
224738 7.4467936876
225270 7.4012032390
225437 7.3701739227
225519 7.3591722678
225558 7.3326888944
226140 7.2952393942
226412 7.1502742528
227602 7.1073064727
227652 7.0195212710
228205 6.9941386603
228572 6.9173326716
228613 6.8909650997
228759 6.8620142294
228815 6.8345416840
229453 6.8339805297
229472 6.7846405590
229494 6.7747710096
229726 6.7232381713
229781 6.5920855737
230350 6.5080283347
231109 6.4536504210
231124 6.4456913110
232118 6.4417706964
232335 6.3116573538
232483 6.3106014814
232871 6.2598543859
232962 6.2387586802
233228 6.2280426354
233274 6.1660239024
233430 6.0809831463
233845 6.0598634909
234210 6.0293309851
235321 5.9632923751
235490 5.9158977910
235746 5.8846189007
237201 5.8590183083
237255 5.7377783269
237493 5.6867456915
237505 5.6547562011
238292 5.6392160252
238314 5.6324455625
238325 5.5857283454
238707 5.4665655415
239226 5.4035173623
239900 5.3701794964
240006 5.3341213040
240172 5.3150454689
240236 5.3017478890
240368 5.2892754117
240727 5.2599426650
240829 5.1890573803
241321 5.1844811282
241688 5.1295043143
241951 5.0390819317
242457 4.9858682391
243465 4.9297849480
243538 4.8959592314
243766 4.8661413784
243971 4.8390099860
244511 4.7981546320
244707 4.7464672456
245843 4.7454398817
245857 4.6465648895
245915 4.6212412967
247622 4.6070591803
247724 4.6029712450
247756 4.5580335466
247830 4.5460892146
248111 4.5384786063
248139 4.4623238167
248309 4.4376616536
248471 4.4238852859
248545 4.3886862189
248553 4.3585056118
248727 4.3457772162
249020 4.3261127171
249463 4.3079330254
249676 4.2914989569
249836 4.2671671454
249999 4.2118660516
250072 4.1491951062
250154 4.1418580404
250216 4.1356554160
250377 4.0315051528
251347 3.9949348283
251493 3.9866600033
251727 3.9607541339
251780 3.8181047020
253482 3.5435024227
254492 3.4720694309
255070 3.4687759214
255099 3.4446394786
255190 3.4360614746
255231 3.3666046185
255387 3.3472756116
255664 3.2965786031
255702 3.2642717715
256234 3.2572879927
256349 3.2212547080
256487 3.2079055597
256731 3.1915550621
256856 3.1676588926
256899 3.1479328322
256905 3.1354883744
257218 3.1271163180
257224 3.0655606386
257320 2.9586914976
260033 2.9366602232
260291 2.9322065187
260395 2.9045251706
260420 2.7516221164
260636 2.7045576296
261928 2.6559352345
262190 2.5398570234
262303 2.4940867324
262441 2.3840507680
262587 2.3698749742
263133 2.3392089299
263298 2.2646218334
263589 2.2146031073
264078 2.1952960691
264136 2.1526264521
264231 2.1345474363
264266 2.1169985085
264301 2.0649198732
264529 2.0094376846
265536 1.9360911697
266579 1.8821899327
267089 1.8555991924
267311 1.8351657048
267533 1.8199217768
267624 1.8056835591
267654 1.7643419941
267655 1.7066642017
268030 1.6654351561
268242 1.6039354638
268768 1.5903122181
269148 1.5809470843
269637 1.5216973141
269768 1.4995973952
270167 1.4489469072
270363 1.4421425767
270541 1.4375275357
270583 1.3966331324
270858 1.3479684747
271349 1.3195980830
271746 1.3186006928
271990 1.2328322286
272440 1.2242701405
273341 1.2045211364
274189 1.1434179651
274329 1.1128110310
274455 1.0922615922
274681 1.0450760235
275196 1.0073643745
275407 0.9697203111
275534 0.9521514655
275738 0.9475276075
275973 0.9330867158
276734 0.9182029136
277052 0.8858352516
277255 0.8581873563
277508 0.8157152637
277906 0.8059297917
277933 0.7834885095
278277 0.7552079813
278432 0.7395593797
278652 0.7382588547
278765 0.7327300227
278777 0.7177054695
279176 0.7048956862
279379 0.6952231917
279609 0.6748113265
279982 0.6139275604
281032 0.6056186001
281067 0.5969916960
281163 0.5726031823
281403 0.5665158650
281505 0.5470748748
282016 0.5437693499
282145 0.5354424769
282480 0.4873355260
283153 0.4864856152
283359 0.4776918380
284460 0.4703412752
284789 0.4406891110
285001 0.4371357797
285034 0.4130579499
285143 0.4087168229
285271 0.3637193450
285930 0.3595737164
286061 0.3462236045
286209 0.3328966085
286444 0.3203583597
286562 0.3107216037
286639 0.2937249815
287290 0.2936614245
287344 0.2602428220
290091 0.2282552318
290281 0.2200344496
290320 0.2171976506
290484 0.2166266571
290485 0.2147998809
290572 0.2002682475
290679 0.1974584531
290685 0.1961481215
290724 0.1895042984
290736 0.1792177442
290839 0.1658315734
291845 0.1576818955
291981 0.1486831462
292131 0.1326732666
292344 0.1265666105
292439 0.1094591943
293477 0.1022356011
293962 0.1006006359
294057 0.0986763230
294343 0.0887369095
294537 0.0869287584
294756 0.0828860965
294960 0.0768611843
295051 0.0750726883
295139 0.0737306482
295469 0.0688696922
295567 0.0677144491
295944 0.0492636423
297222 0.0480016889
297600 0.0474732236
297769 0.0397085002
298063 0.0375069157
298225 0.0372785821
298631 0.0336974207
298925 0.0321736732
299439 0.0309558125
299517 0.0287132897
299551 0.0232521431
300172 0.0230566341
300252 0.0223780490
300331 0.0207073846
300435 0.0155650995
301747 0.0143463499
302799 0.0133859736
303129 0.0087212936
303930 0.0077601128
304238 0.0077371016
304326 0.0060976047
304605 0.0049146601
304989 0.0045722743
305029 0.0044914014
305113 0.0028270953
305820 0.0027306929
305846 0.0025198160
305919 0.0023346766
305969 0.0023189772
306013 0.0021455900
306099 0.0020427483
306301 0.0018997628
306517 0.0017136442
306526 0.0016108285
306576 0.0012930509
307137 0.0012169435
307256 0.0008206094
307637 0.0007795122
307898 0.0007383147
308041 0.0007166224
308067 0.0007007349
308232 0.0005811546
308241 0.0005412910
308413 0.0004926881
308467 0.0004694458
308568 0.0004187380
308625 0.0003882191
309477 0.0003606050
309528 0.0002952385
309619 0.0002712166
309856 0.0002711089
309872 0.0002501185
309939 0.0002386985
309973 0.0001998724
310016 0.0001555417
310462 0.0001420489
310678 0.0001404356
310825 0.0001188171
310963 0.0001021086
311351 0.0000994070
311356 0.0000796056
311569 0.0000732208
311798 0.0000578612
311803 0.0000559734
311830 0.0000537818
311861 0.0000517801
312036 0.0000481105
312237 0.0000432283
312453 0.0000311510
312666 0.0000249336
312981 0.0000212631
313460 0.0000151701
314040 0.0000138207
314294 0.0000131142
314318 0.0000112521
314631 0.0000094664
314642 0.0000092307
314937 0.0000081898
315079 0.0000079443
315229 0.0000077354
315273 0.0000070737
315308 0.0000052376
315507 0.0000050981
315575 0.0000043442
315727 0.0000038723
315933 0.0000038096
315938 0.0000030989
316588 0.0000025988
316780 0.0000024627
316884 0.0000023849
316907 0.0000022763
316954 0.0000018455
317429 0.0000017127
317577 0.0000014102
317790 0.0000008981
318185 0.0000008762
318314 0.0000008322
318420 0.0000007648
318529 0.0000007035
318646 0.0000006458
318755 0.0000006425
319009 0.0000004911
319268 0.0000003801
319540 0.0000003099
319757 0.0000002526
320060 0.0000001751
320525 0.0000001723
320788 0.0000001633
320792 0.0000001278
320905 0.0000001125
321132 0.0000001011
321389 0.0000000929
321511 0.0000000921
321801 0.0000000725
322046 0.0000000712
322085 0.0000000688
322207 0.0000000681
322403 0.0000000680
322506 0.0000000586
322574 0.0000000548
322602 0.0000000512
322970 0.0000000448
323045 0.0000000399
323198 0.0000000368
323404 0.0000000328
323546 0.0000000289
323809 0.0000000252
323857 0.0000000174
324206 0.0000000161
324365 0.0000000153
324542 0.0000000137
324544 0.0000000128
324623 0.0000000126
324688 0.0000000112
324804 0.0000000102
325027 0.0000000099
325118 0.0000000090
325179 0.0000000058
325420 0.0000000044
326071 0.0000000043
326149 0.0000000038
326423 0.0000000037
326444 0.0000000036
326486 0.0000000025
326670 0.0000000023
326725 0.0000000022
327087 0.0000000019
327198 0.0000000018
327204 0.0000000017
327305 0.0000000014
327378 0.0000000013
327466 0.0000000011
327519 0.0000000011
327835 0.0000000010
328189 0.0000000010
328393 0.0000000008
328673 0.0000000008
328734 0.0000000008
328783 0.0000000007
328850 0.0000000007
328898 0.0000000006
328918 0.0000000006
328919 0.0000000006
328949 0.0000000005
328970 0.0000000005
329085 0.0000000005
329090 0.0000000005
329116 0.0000000005
329138 0.0000000005
329151 0.0000000005
329232 0.0000000004
329415 0.0000000003
329476 0.0000000002
329671 0.0000000002
329707 0.0000000002
329711 0.0000000002
329846 0.0000000002
329931 0.0000000001
330518 0.0000000001
330803 0.0000000001
330950 0.0000000001
331063 0.0000000001
331205 0.0000000001
331461 0.0000000001
331625 0.0000000001
331727 0.0000000000
332047 0.0000000000
332102 0.0000000000
332143 0.0000000000
332215 0.0000000000
332265 0.0000000000
332360 0.0000000000
333014 0.0000000000
333097 0.0000000000
333280 0.0000000000
333558 0.0000000000
333990 0.0000000000
334093 0.0000000000
334565 0.0000000000
335074 0.0000000000
335124 0.0000000000
335357 0.0000000000
335430 0.0000000000
335454 0.0000000000
335604 0.0000000000
335626 0.0000000000
335640 0.0000000000
335818 0.0000000000
335970 0.0000000000
336341 0.0000000000
336373 0.0000000000
336673 0.0000000000
337096 0.0000000000
337163 0.0000000000
337338 0.0000000000
337465 0.0000000000
337703 0.0000000000
338196 0.0000000000
338476 0.0000000000
338681 0.0000000000
338860 0.0000000000
339029 0.0000000000
339119 0.0000000000
339526 0.0000000000
339631 0.0000000000
339953 0.0000000000
340657 0.0000000000
341495 0.0000000000
343727 0.0000000000
evaluations raw_y
1 866247.3942974348
2 779487.3645550164
3 701830.3701427224
8 464145.7907896544
33 378771.6635298648
41 375448.8505319157
57 301085.0532992824
82 271182.3806648221
157 208703.3193305150
182 161816.8113571533
221 158067.5045522242
244 117889.7904924778
283 79974.4827026683
392 66616.6987031806
555 41267.7325822781
2466 28794.4746165101
2605 27316.7718485145
2694 23579.2235439907
2711 21812.3075388793
2893 20776.1431673948
2987 19255.3577900120
3126 6313.0582525500
3687 6285.4591453532
3772 6216.6249537801
3783 5034.6502961546
3876 4519.2374366667
4131 4410.1559024208
4239 4351.3875509707
4248 4026.5031579192
4257 3615.6036086518
4322 2211.9911149958
4505 1813.5803391654
4860 1768.3194835245
4890 1598.2152471835
4902 1585.0009315399
4968 1580.6855549923
4979 1220.3778397213
5100 1205.1370518618
5218 1192.0957988055
5264 1161.6903563636
5422 857.7946309781
5592 754.7075075938
5669 722.0496660728
5670 574.4149876991
6258 527.0308820042
6557 524.6146748692
6599 522.6894502594
6635 479.6204627844
6780 458.3875502848
6788 416.3865890843
6834 403.5698023033
7057 368.0907176010
7161 360.3747163529
7266 345.8499392130
7333 329.7086068761
7360 318.9684869301
7454 293.7784725543
7645 286.9872859574
7868 262.6787094659
8235 239.8539426016
8684 238.8033346576
8815 228.0244885720
9170 218.2619035905
9272 209.4964383958
9400 207.3494354537
9482 205.9789640378
9492 198.0879506928
9695 182.7177690074
9756 180.4985750001
9987 173.1883931608
10509 165.4572126445
10937 160.7515988887
11031 158.8680388620
11213 150.6949595438
11662 149.0503465779
11740 148.9254046260
11985 147.3695834841
12235 147.0701952915
12255 144.4506573404
12296 142.7694162880
12510 142.3470912160
12570 135.9843630571
12665 135.4833125496
13008 134.5992924837
13028 133.6355359919
13114 132.1977654090
13243 128.3373493771
13842 125.8126352711
14004 124.6775720476
14231 122.4619789684
14474 121.4084894985
14991 120.7380647234
15457 119.4891800691
15569 118.8373702309
15669 118.2687628802
15713 118.1213418976
16146 117.6150889577
16421 117.2086425821
16439 116.7520314000
16727 115.5936862844
17000 115.1011258226
17232 115.0072604237
17389 114.9278656383
17614 113.7326094395
17813 113.2930115873
17971 112.2678040870
18945 111.0263913837
19624 110.2324108533
19870 109.7673745157
20416 108.6693078277
20548 108.6256264046
21492 108.2732627093
21634 107.8549942362
21966 107.7476455055
21982 106.7116484280
22083 106.6876186399
22101 106.1689089297
22201 106.0742915953
22322 105.9236229349
22398 105.8859144243
22421 105.3613713216
22501 104.6659828603
22640 104.4997469606
23127 104.0597215282
23405 103.5616677307
23813 103.3227252495
24348 103.1041784038
25106 102.8188885052
25346 102.7573385721
25439 102.6671618094
25634 102.5522987868
26374 102.4879864894
26521 102.4281954296
26552 102.2479312917
26676 101.8928936612
27193 101.6265349452
27507 101.4749298708
27961 101.4597931279
27974 101.0164872016
28170 100.4342317955
30136 100.2941722545
30570 100.2879020391
30819 100.0146274392
31000 99.6860181822
31134 99.3337309462
31166 99.2571443133
31381 99.1884095019
31550 98.8920822608
31704 98.8884579182
31980 98.6214238014
32760 98.5160827184
32813 98.3960358700
33322 98.3909854285
33398 98.3597341927
33438 98.2180253247
34108 98.2160521846
34258 98.1870968693
34365 98.1313229672
34552 98.1154175762
34890 97.9734200815
35225 97.7681068167
36202 97.7565767146
36360 97.6768660212
36447 97.6759979442
36609 97.5899769023
37016 97.5293073523
37102 97.5244330745
37168 97.3709952969
39050 96.6319822093
40265 96.4327107114
40685 95.7133527660
41466 95.5892020491
41613 95.5233458382
41662 95.4638496223
41715 95.3910220073
41795 95.3179266834
41823 95.1863784330
42001 95.1321845614
42046 95.1054261827
42069 95.0872941885
42129 95.0079020309
42187 94.9010406629
42322 94.8140501058
42363 94.7579479987
42688 94.5969739748
42806 94.4442501451
43789 94.4230602378
43820 94.4214773228
43901 94.3914865739
44022 94.3700234372
44037 94.3461532224
44088 94.3417798458
44237 94.3379090365
44269 94.2704503659
44271 94.2538589748
44306 94.2176024753
44498 94.2102539351
44708 94.1995551326
44789 94.1773195466
44868 94.1444327448
45188 94.1415480227
45394 94.0880229821
48004 93.9686531185
48890 93.8778124391
49269 93.2320916732
49564 92.9830320127
50358 92.9820377334
50928 92.8639425929
51418 92.8198331127
51479 92.8034699803
51542 92.4752258860
52369 92.0272889807
52919 91.9775904649
53108 91.8961134507
53143 91.7525072803
53152 91.6626361884
53329 91.3305935512
53710 91.2763290824
53795 91.1230981510
54138 91.0604425652
54336 91.0488047320
54403 90.9827959623
54584 90.8702700318
55191 90.8208844706
55486 90.7895212132
55833 90.7815532545
55856 90.7289607738
56503 90.6951109846
56651 90.6663790054
57640 90.6449415502
57833 90.6396877510
57957 90.4706656547
58111 90.4570912752
58210 90.3978496135
58449 90.3974351388
58987 90.3795785543
59028 90.3380679528
59038 90.2821688526
59230 90.2585131168
59508 90.2443988241
59641 90.1592912363
59865 90.1568443791
61184 89.9033696019
61247 89.8526334634
62232 89.6593710302
62781 89.5749451394
63218 89.5301304382
63570 89.5085109678
63571 89.3520835963
63595 89.1641417496
63638 89.0756388281
64120 89.0153977590
64871 88.9737446896
64938 88.7146419395
65341 88.5547710718
65920 88.3654221861
67319 88.3238383629
68151 88.2756882831
68384 88.2257856545
68569 88.0111967626
68912 87.8604246161
68920 87.7268023715
69345 87.6462708412
69541 87.2958912045
69571 87.2139855247
69682 87.1007145437
69984 87.0576701898
70320 86.9240335378
70573 86.9062000797
70613 86.8789080605
70679 86.8496348784
70970 86.6940835298
70988 86.5782359322
71596 86.5510103736
71613 86.5465009045
71671 86.5216689596
71698 86.5057205012
71820 86.3882381507
71880 86.3832228283
71897 86.3771828869
72206 86.3732246506
72717 86.1954832999
73384 86.1541960391
73416 85.9914328248
74513 85.8284560823
76469 85.8178435324
76789 85.7878635239
76929 85.7852726222
77137 85.5400967264
77441 85.5214775587
77658 85.3423411729
78892 85.3285836306
78955 85.2997534372
79266 85.2211987157
79277 84.9586732949
79462 84.8436408246
80201 84.7819433433
80551 84.4702860829
80688 84.4131934827
80791 84.3808911467
81768 84.2973477409
81818 84.0650997151
82040 83.9698092292
82287 83.9339388763
82364 83.8684433836
82368 83.6749976643
82655 83.5802678188
82924 83.5768504666
82979 83.5192141855
83428 83.4949229368
83690 83.4564418424
83780 83.2021899314
84019 83.0795164934
84782 83.0293258420
85100 82.9081315888
85297 82.7562766740
85440 82.5703180803
85620 82.4195707070
86326 82.3140373038
86870 82.2536583735
86973 82.1228723024
87179 82.0191134619
87556 81.9836946942
87733 81.9507611283
87820 81.8763949016
87947 81.8536262515
88266 81.8080134219
88571 81.7633094834
88882 81.7288869803
89362 81.7179768242
89446 81.5931532868
90032 81.5766778302
90590 81.5182108699
90835 81.5087579275
91361 81.4462854666
92871 81.4410601630
93799 81.2915911204
94183 81.2105823896
94337 81.1552254053
94463 81.0974563715
94557 81.0643290763
94999 81.0575763878
95149 81.0146470064
95218 81.0117447363
95263 80.7753787504
95528 80.7156086574
95981 80.6524968112
96070 80.5952182951
96110 80.5575936516
96219 80.5535995414
96237 80.5434303430
96338 80.5103617100
96407 80.4452787712
96693 80.2021516150
99224 80.1528005018
99909 80.0696031480
100349 79.8159243999
100889 79.7801731158
101025 79.6599621953
101169 79.6549758428
101239 79.6145753872
101359 79.5017652459
101417 79.4058681451
101740 79.3625710644
101750 79.3049806370
101911 79.1675084635
102112 79.1452979803
103441 78.9834115360
103594 78.8744383888
104135 78.8543112112
104298 78.7454973791
104482 78.6802636553
104834 78.6712692880
106284 78.6219211053
106535 78.5999909104
106570 78.5860385503
106611 78.5781037139
106704 78.4001204191
106726 78.2533881555
106832 78.2246858064
107039 78.1967600009
107055 78.1066193049
107244 78.0759147376
107247 78.0571889816
107537 77.7697407834
109089 77.7594047153
109157 77.7509301508
109297 77.7317740885
109370 77.6696805849
109412 77.5337433750
109527 77.5216135767
109532 77.4844120831
109570 77.3617220762
109735 77.3472710453
110284 77.3096958759
110298 77.3010691821
110365 77.2794964141
110635 77.2624020752
110766 77.2365844563
110912 77.1626861453
110927 77.1283733661
111114 77.1003684523
111252 77.0825355408
111626 77.0820673883
111658 77.0027092432
111935 76.9496612165
112136 76.9087904512
112277 76.9004992853
112475 76.8804576657
112919 76.6359529381
115161 76.5310695777
115448 76.5284377980
115871 76.5208941866
116314 76.3741694363
116524 76.2473627954
117370 76.2338852338
117585 76.1056067134
117610 76.1016138755
117763 75.9848707189
118075 75.7557358997
118380 75.6393555319
118383 75.5708729049
119367 75.4197608198
119606 75.2024915774
119631 75.1211388424
120255 75.1152015369
120266 75.0612343009
120537 74.8317076057
120545 74.7124432884
121622 74.6790377725
121664 74.6618756439
121780 74.6292568714
121799 74.6162229595
121843 74.5788361820
121944 74.5309403367
122101 74.4274859607
122350 74.3758218904
122482 74.3121937635
123632 74.2856628357
124289 74.2216600888
124599 74.1525082279
124957 74.0002240355
126093 73.9694933190
126112 73.9539227126
126233 73.9168912592
126320 73.8984598847
126466 73.8406611636
126640 73.8327325795
126957 73.7857274739
127017 73.7024734152
127520 73.5845542763
128043 73.5342890563
128491 73.5172559675
128524 73.5104036813
128595 73.4979275516
128598 73.4505081066
129355 73.4155772624
129504 73.3905404827
129780 73.3413007475
131147 73.3147706372
131205 73.2175021046
131421 73.2022757083
131473 73.1556243223
132006 73.1468999061
132824 73.1364231147
133092 72.9081109117
133159 72.9028567297
133593 72.7697338855
133714 72.6935872145
134001 72.5869868250
134040 72.5849954715
134106 72.2907508129
134797 72.2563685217
134851 72.1541580766
135665 72.1294445771
135689 72.1029981147
135805 72.0296529675
135866 71.8416965310
138322 71.4832666863
139414 71.3802438666
139736 71.2689630002
140013 71.0409645829
140252 70.8441065346
141055 70.8318030104
141279 70.6613403495
141912 70.6477577845
141991 70.4912154351
143133 70.2279059220
143338 70.1371977031
143561 70.0879021131
143705 70.0358119878
143834 70.0208948406
143971 70.0103028892
143988 69.9533649545
144061 69.9475245558
144122 69.9133464375
144371 69.8535440052
144701 69.8444279747
144737 69.8387247098
144826 69.7488153474
145546 69.6687988091
146687 69.6561699286
146984 69.6199987825
147104 69.6161611770
147145 69.5160197427
149014 69.3266916634
149755 69.2377608408
149842 69.1067344391
149944 69.0949994365
150316 68.9939091669
151094 68.9206424194
151489 68.9080115107
151698 68.9066796100
151706 68.7616688832
151918 68.7592447281
152033 68.7465039948
152278 68.6893104433
152438 68.6462873753
152820 68.5945386571
152958 68.5786814090
153036 68.4808787553
153240 68.3887791918
153800 68.3021165171
153894 68.2983285842
153899 68.2507595763
154020 68.1106676780
154348 68.1040049261
154490 68.0128021425
154697 67.9126915058
155363 67.8700705051
155571 67.7912824909
155746 67.7686832729
155773 67.6130956910
156074 67.5671807981
156342 67.5602686178
156416 67.5081909348
156692 67.3992676903
157694 67.3330033755
158292 67.2720857541
158673 67.1465106473
159226 67.1238351658
159687 66.8796020873
159790 66.7570134354
159876 66.5662764197
160149 66.5004217489
160477 66.4041365584
160563 66.2613587746
160622 65.9662070244
160726 65.9546221627
160764 65.8163337851
160801 65.5619665800
160952 65.2844144992
161015 64.7180859836
161070 63.3530324753
161223 62.7484343699
161904 56.2079139457
164419 45.5072443817
164716 33.6252070881
164748 31.6561459097
165209 26.4053498743
165464 25.2898650255
165631 23.4137962939
165723 23.2520155603
165746 22.0163132329
165772 20.4981097415
165948 14.1351971688
166043 11.9740397557
167111 11.6319425293
167236 11.5753451221
167332 11.0559726107
167339 10.6033570096
167355 7.9804827570
167367 7.7100449699
167575 6.5947236954
167974 5.2733604479
168009 4.7890259205
168117 4.5496251772
168204 4.4466641271
168207 4.0663900952
168414 3.7598202423
169116 3.4503668422
169130 3.4486323636
169183 2.5651552561
169610 2.1233201018
169913 1.7006209442
170069 1.1897654883
170491 1.0798677441
170809 0.6554791043
171697 0.5607644548
171756 0.5576844700
171866 0.5309867786
171930 0.4888244655
171968 0.3632714910
172426 0.3356793803
172506 0.2825885752
172603 0.2501464132
172656 0.1830378383
173031 0.1610734501
173545 0.1531153870
173562 0.1168289857
173950 0.0969611534
174074 0.0728287030
174324 0.0593869682
174889 0.0575447586
174907 0.0524127413
175007 0.0428563993
175076 0.0426977492
175198 0.0390220862
175290 0.0317386268
175586 0.0307382519
175734 0.0295494529
175746 0.0259181050
175876 0.0235095956
176099 0.0222302206
176322 0.0186172693
176400 0.0156876001
176668 0.0132512397
176704 0.0123988546
176900 0.0106108528
177310 0.0075399720
177782 0.0063616488
177857 0.0061554358
178038 0.0061390424
178191 0.0060815667
178217 0.0057361754
178268 0.0039454349
178366 0.0038400264
178371 0.0036312022
178616 0.0032622621
178686 0.0031889246
178919 0.0028746092
179116 0.0027988677
179241 0.0024759374
179389 0.0023799315
179449 0.0022733112
179454 0.0021188224
179457 0.0020746376
179680 0.0020361546
179731 0.0019976095
179751 0.0017624539
180068 0.0017150509
180114 0.0015154365
180203 0.0015134324
180224 0.0013391570
180333 0.0012217593
180374 0.0011258711
180500 0.0011076471
180748 0.0009775612
180898 0.0007591476
181042 0.0006351999
181145 0.0006336308
181558 0.0005869645
181600 0.0005858834
181831 0.0005299914
181931 0.0005132519
182349 0.0004776500
182489 0.0004292022
182615 0.0003777832
182632 0.0003727930
182649 0.0003510858
182706 0.0003483944
182758 0.0003084172
182856 0.0002926638
182859 0.0002750045
182935 0.0001919298
183199 0.0001601544
183496 0.0001588224
183529 0.0001438816
183666 0.0001433435
183693 0.0001310229
183741 0.0001209332
183752 0.0001188962
183853 0.0001161550
183876 0.0001124180
183992 0.0000921479
184488 0.0000778902
184517 0.0000663598
185028 0.0000570064
185153 0.0000493187
185352 0.0000458283
185400 0.0000425117
185427 0.0000387558
185597 0.0000280029
185810 0.0000278852
185844 0.0000277140
185976 0.0000219300
186400 0.0000182626
186625 0.0000163182
186783 0.0000128059
187215 0.0000114302
187356 0.0000098986
187509 0.0000061157
188347 0.0000042492
188887 0.0000039242
189012 0.0000039031
189033 0.0000037737
189085 0.0000032636
189140 0.0000029177
189167 0.0000028927
189404 0.0000024841
189504 0.0000024574
189570 0.0000024263
189603 0.0000023695
189716 0.0000022361
189736 0.0000018529
189905 0.0000017060
190007 0.0000016248
190119 0.0000007817
191433 0.0000007374
191592 0.0000006846
191822 0.0000006358
191901 0.0000005312
192278 0.0000004675
192345 0.0000004587
192454 0.0000004391
192512 0.0000004257
192513 0.0000003731
192672 0.0000003439
192697 0.0000003427
192722 0.0000003418
192732 0.0000002761
192960 0.0000002582
193277 0.0000002159
193485 0.0000002132
193512 0.0000002007
193635 0.0000001836
193755 0.0000001697
193880 0.0000001683
193954 0.0000001670
194060 0.0000001664
194064 0.0000001595
194437 0.0000001501
194478 0.0000001365
194894 0.0000001357
194908 0.0000001313
195086 0.0000001270
195217 0.0000001227
195299 0.0000001224
195362 0.0000001215
195467 0.0000001207
195513 0.0000001188
195572 0.0000001176
195582 0.0000001166
195870 0.0000001163
195944 0.0000001159
196043 0.0000001153
196088 0.0000001127
196322 0.0000001121
196359 0.0000001100
197138 0.0000001092
197179 0.0000001088
197309 0.0000001087
197475 0.0000001085
197546 0.0000001079
197602 0.0000001067
197747 0.0000001062
197751 0.0000001052
198208 0.0000001049
198620 0.0000001048
198627 0.0000001048
198727 0.0000001043
198799 0.0000001039
198840 0.0000001038
199007 0.0000001036
199168 0.0000001033
199350 0.0000001030
199577 0.0000001029
199763 0.0000001027
199784 0.0000001026
199832 0.0000001023
200137 0.0000001021
200383 0.0000001017
200518 0.0000001011
201232 0.0000001010
201864 0.0000001009
201956 0.0000001002
202131 0.0000000996
202516 0.0000000989
202913 0.0000000985
203191 0.0000000980
203916 0.0000000972
204801 0.0000000971
204873 0.0000000965
207497 0.0000000931
207675 0.0000000916
207878 0.0000000886
207997 0.0000000810
209297 0.0000000778
209338 0.0000000740
209592 0.0000000730
209634 0.0000000691
209758 0.0000000686
209772 0.0000000605
209781 0.0000000561
211248 0.0000000443
211571 0.0000000439
211884 0.0000000394
211965 0.0000000392
212181 0.0000000386
212350 0.0000000370
212414 0.0000000280
212697 0.0000000274
212746 0.0000000261
212857 0.0000000259
213096 0.0000000200
213355 0.0000000141
214038 0.0000000122
214588 0.0000000113
214671 0.0000000110
214678 0.0000000104
214740 0.0000000090
214959 0.0000000089
215062 0.0000000081
215082 0.0000000068
215421 0.0000000067
215556 0.0000000051
215737 0.0000000047
215897 0.0000000042
216055 0.0000000034
216088 0.0000000029
216428 0.0000000026
216547 0.0000000023
216670 0.0000000021
216840 0.0000000020
216957 0.0000000019
216990 0.0000000016
217096 0.0000000016
217215 0.0000000014
217484 0.0000000012
217546 0.0000000012
217773 0.0000000011
217786 0.0000000010
217894 0.0000000007
217925 0.0000000006
218152 0.0000000006
218239 0.0000000005
218553 0.0000000005
218557 0.0000000005
218695 0.0000000005
218723 0.0000000004
218741 0.0000000004
218764 0.0000000004
218800 0.0000000004
218816 0.0000000003
218897 0.0000000003
219071 0.0000000003
219178 0.0000000002
219454 0.0000000002
219523 0.0000000002
219573 0.0000000002
219612 0.0000000002
219661 0.0000000002
219869 0.0000000002
219916 0.0000000002
220039 0.0000000001
220201 0.0000000001
220243 0.0000000001
220581 0.0000000001
220654 0.0000000001
220737 0.0000000001
220975 0.0000000001
221141 0.0000000001
221211 0.0000000000
221364 0.0000000000
221409 0.0000000000
221554 0.0000000000
221695 0.0000000000
221743 0.0000000000
221836 0.0000000000
222226 0.0000000000
222476 0.0000000000
222536 0.0000000000
223051 0.0000000000
223215 0.0000000000
223296 0.0000000000
223494 0.0000000000
223609 0.0000000000
223669 0.0000000000
223821 0.0000000000
223894 0.0000000000
224118 0.0000000000
224444 0.0000000000
224502 0.0000000000
224540 0.0000000000
224589 0.0000000000
224936 0.0000000000
225176 0.0000000000
225561 0.0000000000
225805 0.0000000000
225817 0.0000000000
225892 0.0000000000
225984 0.0000000000
226260 0.0000000000
226263 0.0000000000
226436 0.0000000000
226598 0.0000000000
226792 0.0000000000
227054 0.0000000000
227385 0.0000000000
227456 0.0000000000
227719 0.0000000000
227810 0.0000000000
227955 0.0000000000
227996 0.0000000000
228029 0.0000000000
228047 0.0000000000
228090 0.0000000000
228272 0.0000000000
228309 0.0000000000
228364 0.0000000000
228457 0.0000000000
228649 0.0000000000
228776 0.0000000000
229104 0.0000000000
229136 0.0000000000
229206 0.0000000000
229253 0.0000000000
229412 0.0000000000
229759 0.0000000000
230276 0.0000000000
230869 0.0000000000
232684 0.0000000000
evaluations raw_y
1 1762261.9794066332
2 698270.0230537134
12 520899.9467401808
32 486749.6836656000
82 390682.5546210607
102 367834.4796499365
137 218277.2614438846
298 217676.2933054994
300 166212.5768130578
404 141863.2854444235
476 101500.8537733618
697 94978.3000883191
1980 79734.9722964743
2343 54124.0947251796
2440 36148.8925731811
2590 34372.7057819993
2623 29368.5178287914
2753 27814.9329676117
2776 20980.1636167736
2882 19214.6519553454
2885 19182.4348149986
3041 15664.0794887995
3100 13598.1263009791
3139 12821.5532293979
3225 8162.6629558146
3350 7338.4676763294
3516 6688.9507516351
3599 5806.8563517881
3777 4390.9115201672
3885 3298.8008551269
4148 2686.6300815685
4151 2541.8541741693
4195 2038.1823484291
4466 1662.5781454033
4540 1570.3746537966
4640 1552.3092348061
4678 1400.7736835025
4683 1070.3889125441
4856 892.9059654059
5363 874.3398442570
5423 832.1175991258
5507 722.3270465231
5523 628.9106911769
5525 597.8291374564
5779 575.3042700232
5934 539.1588805934
6097 492.5370531992
6105 454.9356601367
6279 424.4660050487
6334 407.6690033346
6525 345.0261307002
6591 329.2888257060
6779 301.5878252410
6942 283.2459432395
7090 266.6099101764
7169 262.5120039889
7221 204.8742823311
7621 192.7644445604
8317 170.3366501289
8360 153.0082982448
8496 151.6841019164
8555 144.7509471429
8656 133.1770445331
8663 120.8884823001
8776 114.3619630721
8937 101.4911118252
9309 100.2422064842
9318 94.5781251378
9348 91.3206136084
9383 90.0117474953
9417 86.0235240343
9491 77.2239415500
9547 75.5834704915
9693 71.0491263400
9742 69.9622578840
9817 69.6470306021
9850 69.4207669581
9897 67.6208306897
9938 64.3585968938
9982 63.3945584743
9996 62.5283973678
10223 59.7055145136
10250 59.5509496933
10289 58.6694516046
10326 53.1767338237
10487 52.4669455304
10791 52.3926836754
10827 52.2745918132
10860 51.2891643458
10977 51.1612748184
10978 49.7247406196
11053 49.2874022204
11063 49.2013878779
11111 48.8890575409
11260 47.0841349122
11357 46.0258995787
11501 45.7954183107
11524 45.7504681756
11556 45.3134206449
11581 44.9689724023
11582 43.8940671503
11651 43.5782746466
11844 43.4068618791
11908 43.3299937692
11955 42.8745264622
11956 41.9810812053
12241 41.3865546526
12261 41.0173952912
12309 40.2087972918
12493 39.8381411580
12838 39.7462911318
12898 39.6706599331
12999 39.6037574987
13068 39.2722157635
13273 39.0203358377
13429 38.5989281698
13491 38.5952661511
13594 38.5933319980
13643 38.4897674691
13730 38.4171637802
13935 38.2853863353
14346 38.2101161079
14442 38.1823040038
14469 38.0555542381
14759 38.0502539417
14818 37.9982492379
14879 37.9497101387
14913 37.8959813219
15010 37.8943420033
15100 37.8869273941
15102 37.8620414229
15289 37.8408676274
15376 37.7582781085
15544 37.7439114135
15566 37.7422726301
15653 37.7230251451
15754 37.6926462167
15785 37.6682697777
16120 37.6634678765
16164 37.6341381905
16287 37.6325262633
16335 37.6210879078
16441 37.5493126028
16918 37.5334016492
20329 37.4407686654
20485 37.3471501383
20668 37.3353103357
20703 37.3281218000
20744 37.1805752398
20769 36.9772069975
21541 36.6417681356
21929 36.5289470516
22603 36.5136900490
22614 36.5110946615
22658 36.4901166313
22692 36.3535011748
22804 36.3324074722
22870 36.2074553436
23065 36.1088851575
23450 36.0489967762
23458 35.9909590640
23504 35.8099641575
24861 35.5675493056
25806 35.5252641706
25951 35.2631243193
26076 35.2577108066
26260 35.2051331148
26466 35.0876041578
26925 35.0524599976
27094 35.0124703516
27327 34.8072532122
27662 34.7903724251
27818 34.7476400758
28032 34.6215232556
29580 34.5426891046
29856 34.5410298469
29974 34.4796083326
30149 34.4767386260
30169 34.3216319080
30285 34.1629139487
30432 34.1467881102
31124 34.1314724616
31649 33.9174399023
33043 33.8688614698
33312 33.6552133272
33439 33.4248962486
33977 33.4147847717
34224 33.3500329949
34408 33.2783139437
34609 33.2684156982
34667 33.0548843342
35135 33.0547378683
35456 32.9872283689
35605 32.8438808156
35624 32.8039935249
35926 32.6424165272
36547 32.6424114069
36557 32.6390864474
36662 32.6116759410
36925 32.5314771857
37033 32.5090604702
37052 32.3847016795
37321 32.3044056849
37883 32.2800277848
38057 32.2399646292
38167 32.2340394522
38350 32.1994061690
38436 32.1185155512
39197 32.0983951386
39317 32.0983725975
39632 32.0379092951
39664 31.9852729132
39922 31.9606851875
40399 31.9365153994
40447 31.8247748047
41862 31.7711880947
41984 31.7566583390
42419 31.7566025461
42471 31.5295752968
42574 31.4950530233
42906 31.4844610889
43166 31.4792222763
43181 31.3852296853
43710 31.3446377769
44098 31.3360804103
44156 31.2720520347
44162 31.1862822043
44288 31.1857003605
44558 31.1518381881
44677 31.0568977163
44902 31.0404136862
44963 31.0195459216
45307 30.9080868329
45418 30.8344224769
45849 30.8338033499
45853 30.8194074377
45996 30.7922373469
46032 30.7893108050
46044 30.7662013618
46050 30.7531991537
46071 30.7275792347
46146 30.6324881373
46157 30.6016299210
47243 30.4557120182
48722 30.2697695779
49633 30.1737979115
50690 30.1485389688
51069 29.8677323364
51668 29.8588202549
51737 29.8286406964
51831 29.7205965488
51888 29.7054059512
52344 29.6999356342
52651 29.6362360298
52682 29.5585797306
52783 29.5449812470
53980 29.5392621276
54036 29.4728988151
54195 29.4591774067
54201 29.3985958828
54229 29.3496593181
54324 29.3281827066
54484 29.2520219963
55350 29.1933526184
55781 29.1898375824
56126 29.0743881566
56943 29.0210691216
57016 29.0080708069
57034 28.9754311503
57230 28.8319652611
57811 28.8307179355
57851 28.7727196695
58037 28.6597895304
58267 28.6591296973
58382 28.6245408560
58393 28.5660614851
58777 28.5596754219
58843 28.4994812617
58864 28.4330789015
59477 28.3740332010
59616 28.3289578782
60509 28.2452325859
61200 28.2020690608
61735 28.0904846795
62086 28.0836505439
63807 27.9976402373
64028 27.9173301099
64584 27.7626524296
64639 27.7489266699
64815 27.7297118731
65174 27.6915297212
65208 27.6386766043
65447 27.6300884606
66037 27.4470879020
66550 27.4360756419
66589 27.4203652222
66605 27.4149482653
66731 27.3132056799
67012 27.2144731229
67913 27.2028904062
68675 27.1423135038
69290 27.1326432279
69331 27.0946910858
69412 27.0914295545
69537 27.0239932654
69811 26.9267903592
70063 26.9225602927
70071 26.8978709580
70245 26.8383434855
70369 26.8127392960
70403 26.8074280496
70575 26.7960787735
70628 26.7709569810
70817 26.7154747898
72026 26.5943458185
72561 26.5739068939
72642 26.5483250547
72732 26.5146071332
73174 26.4154342229
73208 26.2613165045
74592 26.1600552932
74717 26.1075078508
74924 26.0869874331
74984 26.0646285569
75242 26.0127413283
75291 25.9974117277
75763 25.8855140012
76086 25.8158841331
78521 25.8076041976
78866 25.6508612601
78987 25.6176286877
79040 25.6104330506
79466 25.4904806701
80360 25.4110313414
80484 25.3968770182
80559 25.3695152896
80695 25.3621954993
80992 25.3024184350
81108 25.2089890630
81455 25.1815378775
81638 25.0682998213
83043 25.0612689354
83211 24.9871123995
83413 24.9859983126
83489 24.9231758001
85052 24.8660382747
85135 24.8340058360
85288 24.8024461423
85467 24.7054320048
85611 24.6823733947
85717 24.5239562696
85966 24.5081826690
86173 24.5079748931
86254 24.4819199413
86389 24.4737975866
86520 24.3997377981
86555 24.3762468902
86796 24.3497948865
87260 24.3378153632
87544 24.3228663359
87618 24.3147942204
88087 24.2997907569
88092 24.2521051820
88171 24.2491658908
88432 24.1816843446
88712 24.1274039760
89004 24.0979729132
89054 24.0905849944
89164 24.0444837503
89244 24.0265598962
89508 23.9582030453
89730 23.9374585394
89859 23.9319771021
90537 23.9117317332
90782 23.8907715410
90894 23.8441213111
91048 23.8162166573
91393 23.7419851175
91881 23.6865653864
92103 23.6448199240
92195 23.5910102897
92379 23.4909231469
92997 23.4068765134
93395 23.3964322029
93615 23.2322762111
95610 23.2014608250
95858 23.1511995438
95918 23.1130987428
96140 23.0757463625
96340 22.8863272460
97150 22.8748445446
97300 22.8573239635
97380 22.8386651320
97468 22.7984825971
97665 22.7835175413
97749 22.6628795903
98994 22.5931005359
99146 22.5678482584
99329 22.4574530998
100496 22.4308952037
101030 22.3910290290
101153 22.3847897827
101245 22.3648297919
101451 22.3036192073
102241 22.2536789203
102395 22.2420913136
102539 22.2112629791
102835 22.1704157094
102926 22.1249340795
103129 22.0461310472
104219 22.0303002450
104639 21.9788909983
104815 21.8810343785
105039 21.8638409919
105104 21.8535881423
105216 21.6689443198
106177 21.6596085584
106648 21.6379137138
106970 21.6224550205
107018 21.5950373376
107111 21.5469323828
107721 21.4897755090
107859 21.3933650919
108723 21.2314888068
109926 21.0794545405
109998 21.0109656367
110302 20.9995063376
110624 20.9917075651
110717 20.9733498797
110951 20.9190087119
111066 20.8401473822
111410 20.7658459070
112191 20.7469687110
112219 20.7181279014
112382 20.6775919660
112475 20.6700305269
112547 20.6149172883
112675 20.5394903414
113055 20.5126605058
113923 20.4166392771
115089 20.2637288680
115318 20.2399016876
115520 20.2039834019
115860 20.1845688645
115927 20.1814087904
115938 20.1811074549
115958 20.1505347295
115964 20.1064267180
116165 20.0987965564
116261 19.9922173892
116813 19.9442819994
116817 19.9252539529
117161 19.9231186723
117281 19.9007728881
117315 19.8555369114
117334 19.8370552556
117389 19.8368897933
117980 19.7769688209
118453 19.7370909358
118567 19.7236510350
119303 19.7202363409
119455 19.7132455075
119476 19.6851210050
119633 19.6584848743
119639 19.6574943348
119698 19.6170274179
119707 19.6104194877
119805 19.6043724028
119853 19.5896811686
119955 19.5773625935
120019 19.5517410481
120122 19.5359608190
120538 19.4758100304
121211 19.4655715881
121235 19.4491842912
121438 19.4209063552
121546 19.3845615706
121803 19.3729287602
122250 19.3728884567
122438 19.3691603649
122583 19.3588344491
122982 19.3041116253
123289 19.2263981323
123533 19.1661970461
125005 19.0852300156
125394 18.9960547903
125417 18.8876173596
126392 18.8677154760
126466 18.8599311216
127071 18.7534532283
127355 18.6707861124
128728 18.5834220977
128865 18.5752288067
129090 18.5711858999
129182 18.5353054866
129338 18.5157248434
129419 18.5114051537
129764 18.4640770711
130045 18.3065373400
130575 18.2973755522
130942 18.2952230545
131428 18.2382820628
132402 18.1732955817
132852 18.0863039945
132925 18.0179875173
133433 17.9890093345
133776 17.9693663135
134287 17.9664958097
134388 17.9222062798
134778 17.9082337465
134810 17.8859422901
134826 17.8732053269
134840 17.7815573326
134970 17.7642020437
137202 17.7128838070
137489 17.6247073471
137847 17.6225134338
138077 17.5712892656
138094 17.4733792690
138726 17.4365307867
139423 17.3820084271
139466 17.3767405899
139806 17.2826818815
139918 17.2728519044
140591 17.2210953537
140895 17.1920315057
140944 17.1228768292
141249 17.1172216778
141386 16.9839205875
141690 16.8943555883
142726 16.8613158393
143021 16.8389480957
143165 16.8297256223
143232 16.8024004582
143434 16.7992674316
143602 16.7688484401
143709 16.7482112370
144028 16.7409033501
144141 16.7252307898
144411 16.7116963047
144542 16.6329325856
144865 16.6258356622
145014 16.5547775180
145505 16.5245750962
146383 16.5232507815
146485 16.5028229487
146564 16.3938701412
147072 16.3160673637
147740 16.2353977722
148113 16.2164105634
148257 16.2127942951
148301 16.1229228716
148490 16.1117388591
148667 16.0891863721
148827 16.0170724591
149166 15.9754248236
150557 15.9515321768
150603 15.8698123467
150950 15.7993592333
151211 15.7811933314
151256 15.7597348387
151475 15.7156969832
151615 15.6611170914
151768 15.6432306180
151888 15.6354063115
152015 15.6156089207
152044 15.5532755193
152258 15.5272069032
152604 15.5254199138
153098 15.4994221239
153420 15.4806757831
153429 15.4760580402
153666 15.3938790138
155474 15.3416535165
156205 15.2870214788
156375 15.1555608489
156901 15.0152817971
157014 14.9976470933
157065 14.9368705013
157536 14.9234215862
157639 14.9065624007
157996 14.9049753869
158161 14.8960064865
158358 14.8827498387
158362 14.8235298169
158374 14.7670438514
158833 14.7427714176
159165 14.7397918430
159290 14.7376636117
159653 14.6450316698
159897 14.6449872964
159903 14.6362307295
160065 14.5412400619
161310 14.4389464511
162096 14.3643670450
162986 14.3462319074
163071 14.2907806707
164528 14.2485140824
164538 14.2144807290
164587 14.1627946998
164978 14.1316019926
165259 14.0691710540
165270 13.8498594235
165945 13.8342274043
165990 13.7462727270
166094 13.6703245347
166843 13.6593473120
167264 13.6287777497
167395 13.6057319471
167516 13.5583114001
168352 13.5009722959
168527 13.4881873012
169194 13.4857139595
169298 13.4501622514
169562 13.4411738487
169651 13.3182026345
170417 13.2889409369
170845 13.1554412314
171210 13.1542837709
171346 13.0358576854
171585 12.9825379225
172149 12.9585711278
172210 12.9136312110
172381 12.8108801946
172735 12.7705430075
173694 12.7607769118
174002 12.7522864891
174133 12.6655975554
174711 12.5991923834
174797 12.5893065813
174849 12.5818379112
174943 12.4951357403
175500 12.4644693454
175659 12.4583484755
176159 12.4442557241
176161 12.4390200315
176290 12.4276727222
176367 12.4227644040
176389 12.3753824742
177144 12.3417655355
177687 12.3027608638
178113 12.2996896370
178214 12.2014986800
178445 12.1867558527
178528 12.1608834989
178827 12.1578964149
179262 12.1521811300
179562 11.9375229502
179903 11.8442548159
180332 11.7716064679
180345 11.7320078666
180739 11.7231625002
181093 11.7096982024
181107 11.6748950149
181262 11.6548868586
181264 11.6246361445
182000 11.6232653274
182379 11.6070299664
182536 11.4835606560
183196 11.4161821125
183476 11.2747665746
184375 11.2299804621
185320 11.1855559782
185331 11.1412010088
185600 11.0921848204
185798 10.9693195939
186528 10.9469646138
186776 10.9444081249
186778 10.8737349896
186992 10.8352167868
187028 10.7537802331
187955 10.7324050143
187963 10.7058701981
188061 10.7019404675
188103 10.6909567357
188184 10.6747472441
188571 10.6567909257
188997 10.6545174206
189239 10.6354331743
189870 10.6066800174
189873 10.5335947258
190155 10.3940637158
190668 10.3869653688
190921 10.3834252135
191074 10.3412649957
191109 10.3307512501
191347 10.3267816313
191349 10.3056568335
191359 10.2932616869
191475 10.2827223055
191778 10.2309352171
191819 10.2197283821
192206 10.1991987137
192220 10.1919194176
192347 10.1136594433
193044 10.0934285008
193048 10.0591140628
193824 10.0450182651
193977 10.0138192465
194072 10.0076188573
194225 9.9757931370
194235 9.9753757810
194265 9.9729608138
195049 9.9600762820
195106 9.9025101134
195671 9.7827173898
196366 9.6617651678
197076 9.6029365349
197437 9.5936885259
197501 9.5473846192
197770 9.5083601647
197772 9.3698604684
199772 9.3604114349
199816 9.3508216352
199920 9.2532874991
200410 9.2156235681
200420 9.1818925454
200448 9.1329325624
201012 9.0813516076
201330 9.0675136453
201376 9.0432297101
201618 9.0429221209
201752 9.0150189016
201823 8.9547594929
202101 8.9476978392
202378 8.9396787211
202484 8.8961926175
202487 8.8708544783
202741 8.8667301837
202974 8.8540442812
203017 8.8360062556
203202 8.7658124088
203448 8.7458940079
203513 8.6934242135
204069 8.6157511126
204467 8.6127037392
204592 8.5590295889
204645 8.5473979685
204668 8.5233681952
204690 8.5177175739
204845 8.5013073677
205110 8.4757472605
205195 8.3950621832
205464 8.3793421582
205661 8.3498070596
206637 8.3495618486
206801 8.2269706481
207764 8.1763677188
207881 8.1744278900
208157 8.1718447411
208413 8.1599177969
208445 8.1366373709
208569 8.1130320881
208888 8.1090921370
208902 8.0818687129
208997 8.0263563711
209879 8.0037073193
210417 7.8967922749
211510 7.7536719425
211785 7.6683581268
211883 7.6413703592
212184 7.6265416254
212626 7.6212260984
212697 7.6158773788
212972 7.3704745244
214664 7.3517647071
214851 7.2960793264
214857 7.2588890576
215251 7.1778867166
215263 7.0924110848
215750 7.0735890071
215860 7.0621559121
215896 7.0385625212
215965 7.0165783902
216065 6.9371109824
216375 6.8750264270
218556 6.8698592522
218777 6.7942285625
218912 6.6899702832
219254 6.6812865830
220336 6.4435781608
221755 6.3504527452
221852 6.3471925822
222059 6.3246125821
222086 6.1779510629
222641 6.1725775370
222693 6.1139164627
223147 6.0876146628
223266 6.0414575266
223363 5.9986907211
223625 5.9879745386
224166 5.9482631770
224776 5.9477540719
225323 5.8822666135
225346 5.8584291637
225425 5.8072377736
225486 5.7960910180
225513 5.7927021108
226285 5.7262397949
226461 5.7168818432
226512 5.6598886431
226920 5.6511703711
227091 5.6222238147
227241 5.5850049147
227382 5.5741892590
227485 5.5516507338
227499 5.5421899961
227626 5.5073026076
227650 5.5023593282
227707 5.4856904027
227951 5.4027956220
228137 5.3638494252
229055 5.3144825642
229137 5.2102580202
229216 5.1919218271
230121 5.1301971586
231012 5.1068955786
231055 4.9650517963
231749 4.8270392585
231905 4.7922535525
232736 4.7578893956
232889 4.7493714608
233007 4.6659235337
233471 4.6111118726
233576 4.6097703357
233779 4.5979391361
233826 4.5793045134
233955 4.5537430541
234105 4.5134166403
234630 4.5032720876
235020 4.4301616193
235724 4.4097070390
236141 4.3173081083
237078 4.2681636446
238286 4.2235741828
238497 4.2072458470
238552 4.1530965142
238947 4.1506515046
239073 4.1272782774
239320 3.9819322425
239560 3.9599079783
239967 3.9189673926
240311 3.8846791698
240699 3.8720566113
240740 3.8051953570
241161 3.7108541734
242136 3.7072248572
242164 3.7046385853
242181 3.6240352878
244036 3.6205640920
244294 3.6192118905
244379 3.5994457090
244479 3.5581618504
244491 3.5347306662
244698 3.4729280011
244964 3.4621536403
244972 3.4480070748
245015 3.2990286254
245559 3.1826876590
246838 3.1393807046
247561 3.0827691037
247642 3.0232554654
248427 2.9403935831
248555 2.8592230205
249145 2.8216556114
249352 2.8167875083
249647 2.8111591939
249728 2.8066738950
249729 2.8000274705
249743 2.7903726226
249745 2.7903415880
249789 2.7416105829
249898 2.7124813355
250070 2.6902999932
250098 2.6256927749
250159 2.5606526776
250186 2.5374977935
250909 2.5242590386
250943 2.4959241600
250989 2.4722821437
251959 2.4201820632
252227 2.3949485295
252243 2.3888483602
252409 2.3879433208
252712 2.3456635153
252788 2.3326265760
253671 2.3229673587
254080 2.3100414608
254139 2.2575948077
254294 2.1423762160
255299 2.1076618022
255411 2.1048629506
256068 2.0555173541
256287 2.0106654229
256690 1.9433761048
257090 1.9225196318
257216 1.8853804591
257635 1.8472908164
258106 1.8230684540
258536 1.7785939099
258838 1.7345022483
258902 1.7101748179
259115 1.7044265986
259335 1.6906942474
259354 1.6666017435
259379 1.6174135827
259382 1.5480947735
260417 1.5437940022
260706 1.4837284419
260970 1.4644123376
261478 1.4540969623
261959 1.4363141650
261993 1.3726963300
262123 1.3660541868
262204 1.3406407793
262339 1.3223152606
262590 1.2723915885
263040 1.2643842021
263050 1.2477723990
264030 1.1814844078
264387 1.1807844281
264570 1.1629567895
264630 1.1543652690
264713 1.1268154518
264729 1.1085543473
264858 1.0735490683
265037 1.0460355288
265075 1.0452365807
265422 1.0120906260
265838 1.0042159335
266273 0.9663637700
266732 0.8909478694
267477 0.8872036230
267897 0.8714641693
268031 0.8692549604
268039 0.8131359988
268061 0.7633729720
268430 0.7470921032
269014 0.7079762132
269219 0.6781058952
269233 0.6708383967
269361 0.6683926739
269449 0.6389203485
269652 0.6332130829
270031 0.6280797152
270314 0.6168135112
270347 0.6091514829
270862 0.5962644720
271005 0.5484032088
272584 0.5187788914
272641 0.5161587959
272822 0.4801310913
273047 0.4549998206
273913 0.4112816921
274752 0.4050799078
275096 0.3989075182
275581 0.3769208960
275659 0.3567658550
277055 0.3147207153
277184 0.3135995521
277398 0.2928063380
277591 0.2914990565
277671 0.2588310974
278445 0.2422924538
278510 0.2404548523
278790 0.2248071827
278964 0.2184294766
279379 0.2093259316
279439 0.1982844371
279882 0.1977151036
279905 0.1967136455
280222 0.1950397023
281017 0.1863714201
281102 0.1848450104
281156 0.1719497303
281202 0.1637330785
281351 0.1615209002
281360 0.1548638502
281447 0.1445481026
281799 0.1300823244
282141 0.1296217174
282842 0.1085137231
282885 0.1015987324
283146 0.1005607540
283486 0.1004474174
283993 0.0985645834
284130 0.0976089683
284210 0.0950146904
284294 0.0898312498
284512 0.0876318751
284609 0.0649441342
285226 0.0626495265
285545 0.0614373845
285566 0.0609582467
285758 0.0597079951
285885 0.0569000105
286118 0.0565098301
286163 0.0536735351
286309 0.0501665551
286560 0.0480449487
287148 0.0462934230
287302 0.0435453667
287360 0.0400164793
287399 0.0392682655
287600 0.0316579331
288410 0.0311537671
288415 0.0302057539
288480 0.0286294765
288481 0.0240403012
288675 0.0238398289
288707 0.0234039310
288823 0.0224065799
289014 0.0204377251
289869 0.0203630700
290127 0.0198809578
290491 0.0193268666
290643 0.0172410112
290884 0.0157659647
290911 0.0147135694
290944 0.0136229683
291395 0.0103562693
291731 0.0095115429
292141 0.0089178197
292336 0.0083521786
292398 0.0082205706
292439 0.0074669357
292444 0.0071258872
292801 0.0070609655
293024 0.0054694508
293310 0.0054336650
293359 0.0041771985
293821 0.0034916278
294086 0.0027278552
294766 0.0025821123
295401 0.0019531699
295664 0.0012109862
296823 0.0011842954
296835 0.0011380538
296859 0.0011360062
297060 0.0008752347
297229 0.0006716636
297695 0.0005568536
297709 0.0005324058
298020 0.0005211727
298161 0.0004254337
298370 0.0003712510
298492 0.0003351070
298699 0.0003318145
298791 0.0003107690
298906 0.0003053693
298964 0.0002828640
299024 0.0002728499
299071 0.0002704903
299083 0.0002231810
299153 0.0001646669
299303 0.0001236567
300199 0.0000925554
300509 0.0000858635
301011 0.0000664576
301142 0.0000599577
301322 0.0000544793
301423 0.0000507431
301624 0.0000444399
301695 0.0000342524
302004 0.0000299850
302140 0.0000289802
302166 0.0000215445
302543 0.0000183860
303273 0.0000178932
303329 0.0000142045
303579 0.0000080940
304703 0.0000064352
304984 0.0000060703
305038 0.0000048568
305052 0.0000035699
306253 0.0000035695
306285 0.0000033952
306290 0.0000028105
306477 0.0000027322
306531 0.0000023163
306667 0.0000021179
306766 0.0000021087
306815 0.0000016498
307075 0.0000014845
307298 0.0000010689
307525 0.0000010687
307695 0.0000008774
308089 0.0000008590
308171 0.0000007980
308205 0.0000007816
308361 0.0000007727
308374 0.0000007566
308486 0.0000006798
308511 0.0000006476
308556 0.0000005864
308840 0.0000005730
308853 0.0000005384
308990 0.0000005196
309050 0.0000004585
309110 0.0000004485
309288 0.0000004126
309334 0.0000002786
309888 0.0000002768
309996 0.0000002090
310461 0.0000001856
311152 0.0000001787
311176 0.0000001269
311324 0.0000001071
311738 0.0000001060
312142 0.0000001044
312171 0.0000000950
312180 0.0000000794
312184 0.0000000746
312245 0.0000000706
312364 0.0000000589
312737 0.0000000509
312907 0.0000000495
312986 0.0000000462
313018 0.0000000448
313092 0.0000000388
313228 0.0000000285
313493 0.0000000257
313545 0.0000000251
313690 0.0000000187
313953 0.0000000158
314430 0.0000000145
314596 0.0000000144
314604 0.0000000138
314684 0.0000000132
314696 0.0000000095
314954 0.0000000091
315044 0.0000000079
315265 0.0000000061
315608 0.0000000056
315852 0.0000000049
316367 0.0000000040
316605 0.0000000031
316954 0.0000000024
317090 0.0000000022
317523 0.0000000019
317543 0.0000000018
317586 0.0000000018
317698 0.0000000014
318087 0.0000000013
318245 0.0000000012
318426 0.0000000011
318498 0.0000000010
318534 0.0000000009
318629 0.0000000009
318815 0.0000000007
319214 0.0000000007
319234 0.0000000007
319259 0.0000000006
319307 0.0000000006
319456 0.0000000005
319541 0.0000000005
319564 0.0000000004
319604 0.0000000004
319763 0.0000000003
320047 0.0000000003
320113 0.0000000003
320122 0.0000000002
320407 0.0000000002
320420 0.0000000002
320676 0.0000000001
320763 0.0000000001
320900 0.0000000001
321008 0.0000000001
321301 0.0000000001
321360 0.0000000001
321552 0.0000000001
321572 0.0000000001
321862 0.0000000000
322117 0.0000000000
322146 0.0000000000
322350 0.0000000000
322394 0.0000000000
322473 0.0000000000
322676 0.0000000000
322767 0.0000000000
322854 0.0000000000
323118 0.0000000000
323120 0.0000000000
323319 0.0000000000
323370 0.0000000000
323553 0.0000000000
323605 0.0000000000
323673 0.0000000000
323694 0.0000000000
323807 0.0000000000
323812 0.0000000000
324236 0.0000000000
324288 0.0000000000
324444 0.0000000000
324783 0.0000000000
324795 0.0000000000
325103 0.0000000000
325133 0.0000000000
325139 0.0000000000
325264 0.0000000000
325267 0.0000000000
325582 0.0000000000
325707 0.0000000000
325795 0.0000000000
325894 0.0000000000
325986 0.0000000000
326224 0.0000000000
326489 0.0000000000
326580 0.0000000000
326733 0.0000000000
326869 0.0000000000
326878 0.0000000000
326928 0.0000000000
326948 0.0000000000
327208 0.0000000000
327505 0.0000000000
327811 0.0000000000
327851 0.0000000000
327907 0.0000000000
328569 0.0000000000
328760 0.0000000000
328858 0.0000000000
328903 0.0000000000
328973 0.0000000000
329105 0.0000000000
329209 0.0000000000
329313 0.0000000000
329531 0.0000000000
329538 0.0000000000
329564 0.0000000000
329829 0.0000000000
329856 0.0000000000
329890 0.0000000000
330174 0.0000000000
330232 0.0000000000
330345 0.0000000000
330601 0.0000000000
330648 0.0000000000
330818 0.0000000000
331103 0.0000000000
331326 0.0000000000
331510 0.0000000000
331683 0.0000000000
331964 0.0000000000
332671 0.0000000000
333542 0.0000000000
335267 0.0000000000
evaluations raw_y
1 1864442.8947158689
2 1398746.7865483195
13 1138480.7718930165
21 1094521.0004636070
29 1008974.5757804994
40 842695.5382653801
41 840662.6272484012
81 677604.9575128900
103 657571.8648923141
107 512147.8084813980
129 451257.4475143462
171 323337.1534300200
173 314446.1483659298
202 269552.1761141919
336 239876.9068473699
362 222844.7202628730
367 177159.9439638289
381 138276.6099271648
454 92742.1565866517
2587 67338.7665002016
2766 34941.4754146326
3166 29116.1993842910
3177 26788.5555261331
3218 25818.7458166190
3309 18617.5769743350
3407 17502.4171359744
3428 17261.3754794003
3450 12831.1175349324
3493 12657.0541324380
3591 6430.0262161727
3700 6407.2590903239
3767 6239.7363585753
3779 4177.9888185214
4219 3339.0046051370
4665 3022.4397788439
4679 2888.3957346653
4695 2563.7603810730
4790 2226.4487239180
4845 2157.1155071713
4856 1294.9595487566
5391 1006.2386191344
5401 817.1013534419
5713 754.6022650780
5760 743.5868349223
5808 734.2491990109
5831 704.8732381738
5866 591.6105593802
6023 536.1185768029
6241 343.4165293564
6742 331.9030931463
7124 266.8180932036
7540 209.3773994684
7762 198.7826731567
7980 188.9048586223
8611 178.1101930700
8745 177.6064005273
8925 170.5235176429
9003 159.2636458660
9005 152.0597551191
9084 147.2892822076
9220 141.2564865318
9307 121.1286086437
9636 111.8108367411
9639 109.2998533371
9769 101.8048579551
9835 99.6472753525
9861 93.0660960449
10006 88.2899232182
10191 84.9212622566
10272 82.8796906259
10555 81.2187919186
10569 77.7845441895
10574 77.4523071957
10666 63.1139584631
10920 56.2024624248
11261 54.6421931472
11411 52.8535848019
11501 51.8156870466
11584 51.1234993361
11784 48.7830677643
11902 46.3630291525
12094 46.0155096677
12203 45.7965179171
12228 45.2431464465
12286 44.7796683633
12425 43.8524580555
12522 43.3939820156
12634 42.9170144082
12673 42.2946836039
12861 42.2401520724
12879 41.8464276512
12880 41.2530082685
13185 41.1846539723
13233 41.1403529590
13248 41.1009503281
13352 41.0761274950
13413 40.8600307117
13476 40.3383653597
13731 40.3218228712
13762 40.0735873597
13822 39.8494382761
14088 39.7323369618
14197 39.6802572654
14242 39.5659131528
14401 39.5504224560
14423 39.5442053146
14502 39.4370147064
14654 39.3867351347
14734 39.2974086594
14937 39.2441630157
14951 39.2216764730
15071 39.2216598773
15211 39.2165950430
15218 39.1695865702
15304 39.1395155091
15346 39.1334335011
15364 39.1182096458
15440 39.1120577130
15497 39.0965718814
15582 39.0762085925
15641 39.0322162753
15734 39.0310381222
15936 38.9884044936
16567 38.9737454837
16678 38.9519284365
16709 38.9467987674
16978 38.9274450774
16980 38.9210401869
17088 38.8857821071
17211 38.8778422038
17281 38.8727295120
17377 38.8295310169
18743 38.7694204732
19400 38.7660133885
20170 38.5376584296
20344 38.5051782061
22396 38.3225355994
22757 38.3037362011
22829 38.0918812051
23067 38.0720473563
23128 37.8132365081
23837 37.7045374906
23970 37.6893351997
24860 37.5670209897
25286 37.3707837903
25463 37.3428611593
25978 37.3150200040
26375 37.2707128997
26409 36.9977332414
26526 36.9563465007
26790 36.8505151584
27242 36.8352751649
27433 36.8146262299
27436 36.7896548986
27443 36.6925421404
27645 36.6390982865
27696 36.5953423441
27755 36.5850592903
28429 36.5806475006
28561 36.5801529809
28670 36.4867974772
28971 36.4729206758
28995 36.4236547017
29136 36.3707248257
29439 36.3365951738
29536 36.0190163979
30755 36.0102580828
30810 35.9798131587
31298 35.9648090772
31395 35.8851962681
31529 35.7562337491
31668 35.6799477950
32324 35.6651822527
32518 35.6297651791
32695 35.6268416920
32854 35.3505444123
33396 35.3293465359
33469 35.2545028488
34075 35.2051856483
34253 35.0512301819
34433 35.0465648091
34518 34.9436628526
35197 34.8575537212
35240 34.8553756159
35836 34.8449324902
36169 34.7966030174
36894 34.7115562317
37238 34.4523023849
38197 34.4139110640
38442 34.4044801514
38475 34.3587874009
38496 34.3245022321
38728 34.1868492496
39488 34.0735646342
40025 34.0181927423
40124 33.9541081680
40565 33.9531365107
40839 33.9109106885
40868 33.8985555759
40956 33.8062999044
41420 33.7837240516
41824 33.7797348394
41895 33.6057538975
42827 33.5747647836
43013 33.5422749215
43201 33.5351778306
43761 33.4747905125
43908 33.3509597972
44110 33.2620702614
44504 33.2492057133
44653 33.1930539966
44835 33.1073953731
45042 32.9773155616
45616 32.9721577528
46264 32.9585820924
46942 32.9407658965
47086 32.9007643295
47123 32.8874357989
47214 32.8142025944
47375 32.7942139892
47468 32.7134157709
47769 32.6729955694
47793 32.6444354427
48088 32.6151789090
48101 32.5572462268
48481 32.5317375014
48639 32.5058332851
48964 32.3950068789
49443 32.3543384455
49829 32.3163653838
49870 32.2890294770
50073 32.2550032369
50082 32.1959677094
50620 32.1713266239
50669 32.1516562182
50732 32.1451373561
50735 32.0283552968
51095 31.9349219487
51566 31.9337546851
52405 31.8669308267
52925 31.8594020917
53087 31.8557963721
53118 31.7536205884
53412 31.6475236178
53639 31.6242598767
53660 31.5960909291
53821 31.5654517205
53960 31.5247321730
54588 31.4519630652
54909 31.4342927003
54916 31.4136188812
54928 31.2240451570
56269 31.1688283302
56305 31.0609945336
57611 31.0214133719
57877 30.8777034289
58898 30.8491300131
59237 30.7858913026
59332 30.7424968122
60407 30.7151272909
60439 30.7023255792
60556 30.6310390953
60771 30.5144460967
60924 30.4689109233
61605 30.4485767805
61872 30.4152207844
61915 30.4045622795
61989 30.3400426707
62247 30.3369469536
62402 30.2920231168
62459 30.2714472379
62460 30.2119079994
62734 30.2109902604
63024 30.1890395745
63029 30.1218209384
63275 30.1202944239
63346 30.0355783145
63863 29.9378051321
64448 29.8796263704
64512 29.7520838991
66141 29.7128769847
66642 29.6325474333
67001 29.6247838703
67095 29.5655479431
67214 29.5324351659
67254 29.5082768564
67384 29.4884334728
67584 29.3748504710
68864 29.3631995117
69438 29.2516491121
69544 29.2148952764
70048 29.1515466131
70427 29.1331755199
70481 29.1259565581
70524 29.0965620824
70760 29.0821550495
70812 29.0751010678
70857 28.9454955766
70993 28.9297476196
71309 28.8500486302
71952 28.8390728216
72920 28.8330578664
73081 28.7874568433
73338 28.7172986842
73994 28.7149589581
74028 28.6688207362
74063 28.6211223048
74081 28.5739656995
74838 28.5571433947
74957 28.5441291336
74986 28.5184718141
75154 28.4725962169
75180 28.3956508909
75339 28.3465193208
75578 28.3147389209
75693 28.2242699287
76805 28.2190988376
77160 28.1504270653
77243 28.1203374340
77527 28.0354071367
77739 28.0095148460
77988 27.9611138877
78467 27.8978052766
78694 27.8915963888
79859 27.8828021009
80171 27.8128810725
80634 27.7172677721
80687 27.7067771032
80701 27.6687659199
80952 27.6029424201
81158 27.5190669813
81188 27.4629578591
81847 27.3879007809
82748 27.3660680622
83015 27.2414764762
83387 27.2097232827
83495 27.2042570553
84181 27.1015710008
84401 27.1012715073
84739 27.0929355600
85014 27.0312188469
85147 26.9304550311
85405 26.8998281343
85430 26.8904145306
85644 26.8606341534
85761 26.8355266207
85936 26.8098457952
86226 26.7516498607
86371 26.7127375332
86391 26.7109685241
86793 26.7089732800
86867 26.6972124301
86896 26.6428200758
87037 26.6194775404
87124 26.6054574626
88151 26.6049160760
88521 26.5738068772
88646 26.5311383198
88707 26.4651617648
88961 26.4648468520
89338 26.4504342954
89348 26.3792817262
90433 26.2731137709
90748 26.2473770958
91185 26.1905430923
91492 26.1711593102
92301 26.1585630212
92681 26.0750240825
92715 25.9971340594
93301 25.9081405657
93432 25.9079688364
93563 25.8428559897
93852 25.8150880998
93951 25.7764244098
93998 25.6693228614
94336 25.6137275130
95156 25.5842339353
95530 25.5459221567
95595 25.5275814348
95762 25.5089201190
96072 25.5014760446
96205 25.4351951634
96389 25.4256236983
96741 25.3618963626
96843 25.2577174740
98074 25.1678020350
98376 25.1373596073
98549 25.0969257933
99223 25.0736125750
99266 24.9049825252
100070 24.8713863461
100100 24.8396920820
100134 24.8259914776
100508 24.7710593844
101678 24.7529509655
102047 24.7270761486
102118 24.6859680154
102474 24.6590889746
102475 24.6361492101
102723 24.6196015095
102837 24.4894680257
103372 24.4258808610
103628 24.3855116285
103789 24.3151427283
103824 24.2742305908
104026 24.1611924504
104848 24.1266742253
105127 24.1207376738
105980 24.1028750318
106132 24.1020059054
106259 24.0883199872
106361 24.0810527128
106411 24.0114430138
106763 23.9891941362
106905 23.9383206703
107115 23.9322091775
107125 23.8543310109
107351 23.8398347632
107383 23.8161900566
107429 23.7876464745
107477 23.7317919041
108498 23.6837177468
108783 23.6265692218
109228 23.6043351776
109429 23.5735786890
109776 23.5641247364
109918 23.5624749125
110102 23.5078768283
110408 23.5037114499
110695 23.4241432244
110986 23.4128707740
111877 23.2704705296
112466 23.2117032353
112873 23.1094936902
112950 23.0690059346
113259 23.0128829565
114082 22.9373263643
114689 22.8521148986
114709 22.7224421895
115435 22.5940730528
115763 22.5486508201
116350 22.4273238995
117298 22.3513233849
117326 22.2908786560
118140 22.2609430142
118840 22.2539670684
119252 22.2125998198
119284 22.1966144885
119748 22.1152980584
119853 22.0796589028
119909 21.9440769563
120037 21.9121154313
120585 21.9085423800
121176 21.8545543758
121353 21.7859814806
121764 21.6734861530
121808 21.6670629904
122268 21.5765383362
122909 21.5444966602
123312 21.5049101074
123364 21.5004389907
123513 21.4201329807
124081 21.3696946263
124714 21.3607804234
124960 21.3337948748
125385 21.2248302130
125508 21.1786189506
126055 21.1658548819
126675 21.0710822291
126975 21.0664629104
127313 21.0647959188
127436 21.0570903237
127476 21.0310025881
127928 20.9426070477
128213 20.8836663925
128496 20.8165692728
129247 20.7961142213
129494 20.7827794193
130204 20.7417901312
131067 20.7188404217
131231 20.7037155417
131359 20.5905816279
131466 20.5361948638
131585 20.4387413172
131702 20.3101208320
132885 20.3039220904
133254 20.2939089129
133289 20.1618961320
134164 20.1346771898
134198 20.1105520848
134380 20.0942146218
134383 20.0743313032
134390 20.0344675448
134405 19.9768606706
134586 19.9309066339
135231 19.8829249001
135467 19.8575823649
136224 19.8298695465
136270 19.7676963739
136382 19.7368088363
136586 19.7132332478
136593 19.6537971571
136639 19.5896803145
137752 19.5816950409
137948 19.5638700350
138456 19.4961247720
139229 19.3895905986
139402 19.2911139356
139679 19.2505247239
140141 19.1966733592
141762 19.1668938747
142060 19.1366812830
142186 19.1341510404
142242 19.0412570633
142317 18.9521734078
142351 18.8931568273
143001 18.8641765647
144760 18.7088344382
145494 18.6584000029
145644 18.6309050392
145753 18.5517320171
145773 18.5296368693
145980 18.5291911571
146290 18.5112537765
146336 18.4094141848
146924 18.2976585516
147388 18.2864025740
147552 18.2467066407
147886 18.2313604612
148090 18.2103583963
149268 18.1033955292
149431 18.0987936578
149767 18.0729898107
150013 18.0344083924
150268 18.0277353621
150423 18.0176274242
150508 17.9252457022
151773 17.9023572075
152399 17.8684580239
152407 17.8461254057
152464 17.8026314665
152782 17.7763972142
152943 17.6358083431
153110 17.6251874123
154399 17.5878419841
154841 17.5501808700
154862 17.5186460411
154873 17.4811690021
154947 17.4719170555
155431 17.3927477244
156376 17.3345606772
156633 17.2819352346
157178 17.2549317803
157289 17.2505895633
157303 17.2494372323
157423 17.2004264080
157686 17.1663194361
157789 17.1431450897
157951 17.0963191365
158517 17.0961819840
158556 16.9859306300
159286 16.9522181625
159597 16.9170083505
159786 16.8706222293
161403 16.8146700521
161442 16.7434336417
161642 16.6844473023
162382 16.6739834079
162715 16.6600882168
162759 16.6124957410
162970 16.5905371775
163045 16.5501034645
163402 16.5471941935
163518 16.5388088853
163560 16.5050902000
163621 16.4708840276
163709 16.4703160809
163922 16.3838526277
164339 16.3710937679
164724 16.3688012357
164812 16.3418627494
164884 16.3410339880
164937 16.2991655910
165384 16.2636935533
165821 16.2323684336
165928 16.2274598731
166795 16.1649964891
166968 16.1017972690
167660 16.0253069508
168002 16.0101388295
168023 15.9723202330
168055 15.9439196931
168249 15.9402201457
168305 15.8472645080
168354 15.8315818464
168402 15.7974046873
168524 15.7086888392
170032 15.5526769809
170575 15.5437490059
171616 15.5342038213
171829 15.4519173455
172208 15.4115031184
172625 15.3777090039
172794 15.3497683104
172809 15.3456062629
172846 15.2685244833
172918 15.2496932151
174184 15.1130034710
174768 15.0043074991
175478 14.9944096921
175636 14.9723152454
175660 14.8948863614
176189 14.8563439183
176366 14.8172823184
176472 14.7486611275
176688 14.7240221227
176760 14.6903921338
177026 14.6577237274
177352 14.6157306665
177506 14.6120584164
177664 14.5764629874
177740 14.5323595073
178467 14.5294722184
178517 14.5240773533
178626 14.4992541129
178855 14.4711322563
178930 14.4282606847
179590 14.4227398892
180205 14.4031578668
180664 14.3716585960
180745 14.3268284196
181200 14.2045500516
181719 14.1457790771
181795 14.1192151056
182032 14.0755681952
182904 13.9644290183
183077 13.9606916481
183321 13.8589466779
183848 13.7642376817
184723 13.6891176375
185389 13.5586455153
186216 13.5194156384
186329 13.4370750475
186449 13.4328122996
186911 13.4124933775
187060 13.3934902819
187224 13.3672947193
187307 13.3642952588
187342 13.2596704779
187826 13.2335106358
188190 13.2329298075
188400 13.2284731660
188415 13.2139416346
188540 13.1919188806
188640 13.1411564003
188768 13.1182763099
188878 13.0794583584
189514 13.0664345223
189609 13.0527244510
190051 12.9976207118
190309 12.9554983060
190455 12.9367614681
190845 12.8861986834
191901 12.8690725435
192395 12.7497193258
192678 12.7473032078
192915 12.7409746206
193585 12.7014894442
193641 12.6873476336
193763 12.6126327438
194218 12.5867854673
194894 12.5477176735
195512 12.5253671710
195607 12.4311448293
195828 12.4239383901
196348 12.4122371009
196443 12.3770156386
196485 12.3531444763
197704 12.2538351516
197891 12.2177733128
198079 12.2133440168
198425 12.1946639381
198730 12.1244241959
198918 12.0573694876
199002 12.0413421769
199114 12.0341073471
199224 12.0296700425
199285 12.0279636861
199334 12.0024447203
199526 11.9312882401
199635 11.8617563062
199768 11.8493579983
199853 11.8320979718
199932 11.8004171829
200111 11.7702338574
200138 11.7592541531
200477 11.7305800516
200919 11.6539870724
201073 11.6358151400
201191 11.5814473210
201357 11.5500548393
201688 11.5445509578
201741 11.4678754847
202893 11.4372821801
203035 11.4366180588
203151 11.3392971252
203604 11.3268422907
203824 11.2939199398
204100 11.2481235036
204281 11.2431918368
204344 11.2149456293
205069 11.1640583590
205193 11.0804972856
206388 11.0529365788
206518 10.9185701728
208087 10.9131623851
208233 10.7957773280
208659 10.7114722819
209341 10.6151536758
209678 10.5527882778
209917 10.5301733874
210391 10.5107527274
210482 10.4580242001
210660 10.3994214302
211390 10.3035594650
211597 10.2811400644
211698 10.1529858700
214396 10.1165117315
214568 9.9295989977
214955 9.8152060602
215579 9.7933682568
215915 9.7227693676
217187 9.7079543835
217216 9.6809976765
217223 9.6721200571
217242 9.6138143371
217435 9.5885690104
217610 9.5560919575
217892 9.5209912279
217936 9.5004591305
218093 9.4607104025
218573 9.4406039992
218882 9.4300658667
218886 9.4039946168
219515 9.3699349053
220142 9.3503376628
220149 9.3320200861
220499 9.3095445249
220596 9.2280794610
221071 9.2278471936
221284 9.2170219105
221440 9.2087333265
221449 9.1957356473
221649 9.1895470171
222067 9.1848955611
222415 9.1313681915
222765 9.1140728452
222776 9.1023669345
222921 9.0626981769
223158 8.9310981079
223927 8.8750899470
224317 8.7484345696
225104 8.6781042847
225704 8.6322958546
226209 8.6203927148
226212 8.5501424177
226270 8.5283585994
226334 8.5191601259
226623 8.5123209424
226821 8.4989911199
226871 8.4898153497
226889 8.4737666428
226937 8.4686567045
227164 8.3922338160
227541 8.2913395982
228325 8.2601274272
228927 8.2596288078
229354 8.2568266458
230012 8.0931938404
231320 8.0090762664
231391 7.9374290143
231635 7.9069227929
231717 7.8945533058
231740 7.7780256765
232012 7.7669206662
232254 7.7343597933
232592 7.7271568600
232713 7.7118761719
232804 7.7026583668
232808 7.6440702410
232907 7.6362502102
233085 7.6230318061
233098 7.5905059351
233359 7.5293262766
233683 7.4742204949
233931 7.3974522569
234401 7.3589100813
234737 7.3460637394
234750 7.3132180315
234812 7.3003304405
235109 7.2444699233
235610 7.1990587773
236484 7.1817840287
236628 7.1397231163
237032 7.1106597125
237419 7.0864291791
237887 6.9568854660
238499 6.9355208533
238713 6.9055293781
239395 6.8887150585
239513 6.7414193401
240304 6.7346391152
240309 6.7281879125
240470 6.6787832489
240561 6.6489787585
240770 6.6391801585
241059 6.6270829688
241141 6.6178798519
241222 6.5002502601
241958 6.4463960179
242085 6.3928351903
242940 6.3545636524
243191 6.3281363258
244086 6.3075401518
244724 6.2982596625
245310 6.2551343588
245529 6.2113662616
245546 6.1497775728
245651 6.1014067658
246231 6.0658742537
246317 6.0553593267
247284 6.0350079656
247287 5.9894852498
247713 5.8871350606
247762 5.8689539510
248093 5.8045816127
248926 5.7651677842
249176 5.7376386990
249190 5.6598743041
249916 5.6092978214
250261 5.5791356254
250682 5.5434920015
250749 5.5260847689
250904 5.4591622234
251096 5.3877308251
251187 5.2411660650
252164 5.2326379552
252856 5.2290994693
252982 5.2049573999
253438 5.1929744800
253443 5.1466668551
253813 5.0768843918
254100 5.0746862872
254581 5.0741223325
254672 5.0352621453
255439 5.0335052876
255688 4.9032669091
256296 4.8447848416
256781 4.7940992992
257366 4.7454210793
257723 4.7193070968
257874 4.6795191337
257903 4.6031157149
257971 4.5384425705
259227 4.4312501216
259593 4.3552104403
260241 4.2826686649
260744 4.2462353308
260852 4.2320678670
261263 4.1206692741
262417 4.1042856127
262667 4.0750491609
262789 4.0008986659
262905 3.9142305482
263617 3.8499051656
263673 3.8306231532
264490 3.8162464451
264531 3.7553825672
264825 3.6504676949
266814 3.6435219308
266912 3.6347946845
266988 3.5038258830
267183 3.4810592574
267197 3.4611445662
267460 3.4414598530
267703 3.4391223972
267758 3.3922030150
268059 3.3502308226
268063 3.3474927487
268139 3.2874746224
268722 3.2533260512
269072 3.2418840748
271009 3.1428882814
271197 3.1185608841
271288 3.0603191668
271638 3.0397661585
271649 3.0124087020
271860 2.9616434485
271964 2.9595773373
271987 2.9184988301
272115 2.8216015355
272887 2.8118829283
273059 2.7473296803
273496 2.7212070382
273724 2.7185243919
273735 2.6608601237
273798 2.5561842230
273828 2.4412742702
274519 2.4271616541
274739 2.4157841742
275467 2.3853673332
275517 2.3298294533
275606 2.3145637414
275813 2.2934435195
276032 2.2858393980
276217 2.2625293619
276248 2.2089003071
276292 2.1803160541
276475 2.1578716679
277492 2.0552669747
277869 2.0258463792
278278 2.0094360544
278322 1.9687436876
278396 1.9543103936
278574 1.9488266872
279703 1.9214234815
279995 1.9114326473
280657 1.8802171006
280746 1.8786195657
280840 1.8680144545
280873 1.8355044519
280896 1.8344198120
281004 1.8206605292
281629 1.8012590052
281930 1.7749751965
282159 1.7367336298
282745 1.7274257564
282775 1.7098416790
282840 1.6827542367
282906 1.6660420476
283460 1.6264228244
283915 1.6191657847
283979 1.5554670571
284167 1.5517906528
284871 1.5501693169
284911 1.5366513090
284917 1.4778429947
285426 1.3834288849
285506 1.3651216997
285909 1.3355338225
285966 1.3298722998
286039 1.3060495533
286051 1.2587126500
287233 1.1667874951
287765 1.1267318253
287888 1.0948920704
289513 1.0376031735
289750 1.0007733312
289869 0.9771971012
290551 0.9402076289
290625 0.8892050360
292128 0.8826123388
292997 0.8579093232
293238 0.8511808410
293362 0.7943266892
293499 0.7571794930
293857 0.7503219050
294084 0.7500242970
294097 0.7198140944
294376 0.7061223510
294503 0.6833995939
294579 0.6684690873
294744 0.6531626538
295084 0.6396716269
295453 0.6132033835
295474 0.6093460242
295747 0.6004677833
295857 0.5930788207
295994 0.5602213147
296705 0.5564515049
297439 0.5510197630
297656 0.5457402132
297747 0.5059734162
298153 0.4880349159
298363 0.4870035092
298453 0.4714763665
298771 0.4550027084
298787 0.4472787951
299245 0.4440917755
299280 0.4168009604
299416 0.4064096013
299525 0.3922060392
299896 0.3918199883
300108 0.3704390726
300332 0.3658159481
300534 0.3590691872
300766 0.3576012666
301375 0.3449602829
301433 0.3208942385
302454 0.3125261813
302958 0.2938339865
303074 0.2909976915
303649 0.2846692247
303678 0.2752929134
303785 0.2751370613
303876 0.2523273115
303923 0.2485483378
304583 0.2344643760
304601 0.2104400650
304711 0.1996371387
304771 0.1826219146
305660 0.1825079990
306003 0.1785626448
306057 0.1679551139
306089 0.1609301152
306842 0.1366954737
309164 0.1360496571
309410 0.0963259267
310085 0.0910684663
310145 0.0784173289
310659 0.0780854350
310781 0.0728636946
310980 0.0708590386
311028 0.0607835724
311483 0.0596956537
311545 0.0521431021
311875 0.0475501021
311990 0.0457850943
312217 0.0403033956
312248 0.0380729287
312623 0.0313489267
313089 0.0283928958
313108 0.0242157313
313459 0.0210126929
313705 0.0209678670
313816 0.0207456349
313862 0.0206507510
313942 0.0205424181
313952 0.0193539391
314013 0.0143048409
314322 0.0135878265
314659 0.0123379609
314660 0.0104286323
314824 0.0092864568
315086 0.0085726352
315683 0.0072350272
316358 0.0067333925
316532 0.0054385890
317801 0.0048084853
317816 0.0046131357
317949 0.0043997164
318014 0.0043802339
318102 0.0042107641
318228 0.0041819541
318471 0.0039104080
318564 0.0038618232
318597 0.0037654872
318600 0.0032522250
318797 0.0030231116
318901 0.0029051173
319096 0.0026846308
319458 0.0026493049
319737 0.0025915001
319780 0.0021356860
319849 0.0020857888
319891 0.0020112997
319929 0.0018702828
320230 0.0018453192
320328 0.0013880439
320528 0.0012980616
320530 0.0011523599
320824 0.0011380571
320856 0.0009720742
321156 0.0008472436
321743 0.0008065945
321944 0.0004459883
323152 0.0004431255
323259 0.0004310701
323473 0.0003827618
323497 0.0003761475
323646 0.0003428868
323688 0.0003141160
323868 0.0002378121
324337 0.0002377189
324358 0.0002312803
324438 0.0002166829
324666 0.0002008344
324914 0.0001736625
324931 0.0001422409
325480 0.0001298151
325524 0.0001293628
325687 0.0001239440
325836 0.0001105316
325883 0.0001084652
325976 0.0001080602
326050 0.0001032533
326063 0.0001014486
326188 0.0000958206
326275 0.0000814571
326347 0.0000784423
326355 0.0000593592
326589 0.0000554682
326833 0.0000464730
326989 0.0000439694
327148 0.0000413192
327413 0.0000400914
327426 0.0000374348
327497 0.0000352524
327629 0.0000347322
327731 0.0000341013
327733 0.0000308629
327830 0.0000295846
327919 0.0000261069
327933 0.0000208517
328171 0.0000198583
328223 0.0000164433
328464 0.0000164323
328485 0.0000126423
328960 0.0000120269
329005 0.0000105914
329024 0.0000100776
329214 0.0000094458
329267 0.0000076855
329446 0.0000076385
329659 0.0000047501
330524 0.0000045650
330714 0.0000036884
330789 0.0000034459
330879 0.0000030755
331038 0.0000028125
331269 0.0000025676
331363 0.0000025387
331410 0.0000022132
331616 0.0000018699
331952 0.0000018633
332205 0.0000016573
332456 0.0000016071
332517 0.0000014668
332560 0.0000014276
332656 0.0000013138
332724 0.0000012478
332761 0.0000012144
332791 0.0000011490
332994 0.0000011000
333011 0.0000010685
333149 0.0000010538
333159 0.0000010468
333192 0.0000008360
333259 0.0000007504
333305 0.0000007301
333503 0.0000006602
333689 0.0000005809
334042 0.0000005139
334143 0.0000003362
334498 0.0000002583
335074 0.0000002260
335079 0.0000001886
335840 0.0000001754
335944 0.0000001628
336016 0.0000001539
336228 0.0000001275
336424 0.0000001113
336634 0.0000000973
336660 0.0000000804
336955 0.0000000622
337337 0.0000000595
337463 0.0000000555
337715 0.0000000446
337878 0.0000000355
338159 0.0000000291
338680 0.0000000248
338957 0.0000000248
338960 0.0000000170
339115 0.0000000168
339247 0.0000000151
339322 0.0000000137
339494 0.0000000126
339669 0.0000000095
339952 0.0000000095
340005 0.0000000086
340184 0.0000000074
340212 0.0000000050
340635 0.0000000045
340771 0.0000000042
340979 0.0000000041
340987 0.0000000041
341015 0.0000000037
341053 0.0000000037
341236 0.0000000036
341252 0.0000000020
341888 0.0000000018
341915 0.0000000017
342153 0.0000000016
342277 0.0000000015
342385 0.0000000014
342406 0.0000000013
342479 0.0000000013
342580 0.0000000012
342593 0.0000000012
342703 0.0000000011
342865 0.0000000007
343172 0.0000000007
343477 0.0000000006
343581 0.0000000005
343668 0.0000000004
344156 0.0000000004
344180 0.0000000004
344299 0.0000000003
344378 0.0000000003
344525 0.0000000003
344627 0.0000000003
344722 0.0000000003
344797 0.0000000002
344844 0.0000000002
344848 0.0000000002
344913 0.0000000002
344982 0.0000000002
345056 0.0000000002
345268 0.0000000001
345691 0.0000000001
345790 0.0000000001
346306 0.0000000001
346643 0.0000000001
346734 0.0000000001
347003 0.0000000000
347109 0.0000000000
347684 0.0000000000
347867 0.0000000000
347964 0.0000000000
348101 0.0000000000
348239 0.0000000000
348452 0.0000000000
348530 0.0000000000
348552 0.0000000000
348703 0.0000000000
348736 0.0000000000
348819 0.0000000000
349097 0.0000000000
349166 0.0000000000
349380 0.0000000000
349474 0.0000000000
349525 0.0000000000
349545 0.0000000000
349668 0.0000000000
349764 0.0000000000
350080 0.0000000000
350167 0.0000000000
350197 0.0000000000
350266 0.0000000000
350335 0.0000000000
350430 0.0000000000
350557 0.0000000000
350775 0.0000000000
350988 0.0000000000
351547 0.0000000000
351943 0.0000000000
352107 0.0000000000
352472 0.0000000000
352662 0.0000000000
352862 0.0000000000
353064 0.0000000000
353396 0.0000000000
353990 0.0000000000
355443 0.0000000000
356773 0.0000000000
