evaluations raw_y
1 2822.3295787686
5 2388.0857747895
9 2143.0408256745
12 1731.1984750002
61 1606.5815158456
68 1577.6233915501
75 1431.2633405790
128 1394.5420837962
151 1393.6077954774
157 1152.7502865410
204 906.7442788842
802 709.7301120011
846 691.1826630685
1022 503.1960459550
1228 492.3061506958
1316 465.8063152158
1395 387.0638195511
1413 338.0011064339
1597 292.3062289535
1669 267.8448872536
1756 260.7971380831
1787 198.1179267784
1854 197.6397438572
1959 195.4852205814
1973 163.6052732213
1989 134.5191771116
2134 114.6574409699
2209 100.2555206918
2470 84.6517591984
2592 83.4836533881
2631 81.8605964129
2650 68.6251962621
2655 66.4062322644
2728 65.1986855678
2821 60.0533138207
2825 57.9512285699
2869 47.6916385139
3020 32.5185842195
3132 28.5319457305
3335 23.5200609715
3363 22.5600024650
3644 22.4846482477
3709 18.1758067460
3814 16.0330103955
3947 14.1568853202
4205 10.5784149573
4417 6.9259532253
4602 6.4157720517
4664 5.9812611793
4767 4.9744408946
5065 3.9617720541
5155 3.8774765030
5297 2.5330769149
6080 2.2372985715
6119 1.9247874785
6195 1.8952363170
6224 1.8615896968
6559 1.7722505479
6616 1.6439170141
6618 1.6145452322
6638 1.5537457247
6712 1.5475660707
6742 1.5407889295
6744 1.3927923764
6816 1.3607310258
6867 1.2503250240
6988 1.1741815426
7079 1.0822579070
7379 1.0317055291
7415 0.9859946258
7465 0.9832161295
7507 0.9579080126
7559 0.9374374052
7641 0.9338929133
7655 0.9224101848
7665 0.9192188349
7674 0.8931940032
7759 0.8724407439
7900 0.8541892091
7975 0.8357494950
7990 0.8309675879
8073 0.8104887909
8156 0.8019950343
8163 0.7820675201
8234 0.7716282407
8327 0.7315957041
8397 0.7303524833
8571 0.6818445619
8704 0.6774786815
8727 0.6756971148
8891 0.6671623217
9243 0.6602480268
9310 0.6531553294
9794 0.6519741343
9857 0.6504040986
9893 0.6483168341
9905 0.6414419167
9950 0.6402735026
9966 0.6384765617
10040 0.6337613436
10288 0.6332065811
10348 0.6316321155
10489 0.6298253864
10520 0.6294657499
10560 0.6286017676
10605 0.6265356271
10798 0.6258288226
10867 0.6258166035
10967 0.6247630098
10969 0.6221360990
11397 0.6220227840
11548 0.6219596374
11599 0.6214179012
11737 0.6208977770
11794 0.6208973172
11818 0.6202300907
11834 0.6198686715
11890 0.6198214998
12172 0.6194910789
12223 0.6193918049
12243 0.6186250810
12494 0.6182038266
12554 0.6177743783
12818 0.6176464130
13122 0.6176050172
13266 0.6174269151
13544 0.6173729137
13672 0.6170772150
14050 0.6170499356
14172 0.6167565312
14390 0.6164935070
14506 0.6164255005
14553 0.6161525849
14610 0.6147457396
14717 0.6139269581
14840 0.6121894729
15012 0.6111612773
15210 0.6047489147
15552 0.5926531183
16033 0.5275715263
17312 0.5059982851
17317 0.4875098872
17500 0.3305989432
17615 0.2484685275
17995 0.1896763289
18270 0.1600397573
18510 0.1173927079
18652 0.0820844073
18848 0.0795194035
19013 0.0676773969
19220 0.0598228390
19334 0.0572826423
19343 0.0486607056
19346 0.0423982872
19354 0.0364121290
19540 0.0251403213
19961 0.0242111625
19976 0.0208710854
20067 0.0169588502
20366 0.0166906464
20498 0.0139305716
20628 0.0123537852
20690 0.0122374434
20783 0.0105384728
20915 0.0063992225
21237 0.0054791523
21385 0.0048667654
21430 0.0046752509
21536 0.0037770825
21732 0.0035077892
21760 0.0034717057
21883 0.0034629195
21884 0.0033030585
21919 0.0031880092
21971 0.0029228040
21996 0.0022299039
22165 0.0018443830
22200 0.0018026297
22296 0.0015869084
22403 0.0012824485
22469 0.0011711926
22602 0.0010126264
22840 0.0009631718
22859 0.0009250513
22926 0.0008388375
22959 0.0008038228
23011 0.0006430585
23190 0.0006125948
23219 0.0005676008
23233 0.0005463149
23321 0.0005117096
23563 0.0004767406
23579 0.0004169341
23732 0.0003388120
23966 0.0002762591
24116 0.0001982135
24375 0.0001553814
24837 0.0001477384
25042 0.0001427521
25084 0.0001207097
25286 0.0001166073
25322 0.0001160426
25341 0.0001155707
25419 0.0001141210
25686 0.0001066331
25828 0.0001059828
25841 0.0001036806
25947 0.0001025108
25988 0.0000998824
26049 0.0000978532
26087 0.0000955265
26166 0.0000919587
26189 0.0000888100
26264 0.0000887705
26453 0.0000857906
26531 0.0000840562
26768 0.0000830471
26801 0.0000821533
26829 0.0000817862
26912 0.0000812644
26969 0.0000804513
27006 0.0000796986
27100 0.0000784819
27306 0.0000783862
27379 0.0000781959
27415 0.0000781276
27419 0.0000778050
27422 0.0000768050
27625 0.0000766469
27689 0.0000761660
27737 0.0000760669
27842 0.0000757647
27954 0.0000755454
28084 0.0000753688
28133 0.0000752265
28257 0.0000751855
28385 0.0000749269
28400 0.0000749141
28443 0.0000747386
28601 0.0000745159
29105 0.0000744906
29159 0.0000744375
29195 0.0000744274
29305 0.0000744271
29306 0.0000744239
29310 0.0000743823
29410 0.0000743510
29468 0.0000742647
29617 0.0000742017
29694 0.0000740805
30123 0.0000740647
30448 0.0000740453
30567 0.0000740367
30762 0.0000740363
30772 0.0000740187
30804 0.0000740091
31076 0.0000740008
31141 0.0000739914
31168 0.0000739871
31195 0.0000739854
31254 0.0000739752
31577 0.0000739606
31732 0.0000739572
31890 0.0000739512
32185 0.0000739438
32276 0.0000739399
32454 0.0000739309
33400 0.0000738383
35044 0.0000712200
35604 0.0000701137
35860 0.0000697025
36073 0.0000633302
36115 0.0000540108
36444 0.0000526981
36654 0.0000473792
36836 0.0000334243
37101 0.0000263246
37486 0.0000224220
37673 0.0000185873
37675 0.0000169236
37733 0.0000141262
37996 0.0000120442
38210 0.0000105484
38249 0.0000081672
38373 0.0000038610
39049 0.0000038290
39128 0.0000036657
39180 0.0000035362
39300 0.0000028129
39466 0.0000022680
39479 0.0000020987
39489 0.0000019142
39537 0.0000019064
39684 0.0000018461
39691 0.0000013382
39729 0.0000012547
39960 0.0000012065
39977 0.0000011427
40218 0.0000011005
40268 0.0000010489
40281 0.0000010060
40303 0.0000010050
40318 0.0000009657
40353 0.0000008120
40487 0.0000006948
40585 0.0000006095
40787 0.0000005648
40996 0.0000004424
41115 0.0000003866
41279 0.0000003661
41329 0.0000003643
41447 0.0000003473
41516 0.0000003472
41527 0.0000003424
41563 0.0000003169
41727 0.0000002616
41795 0.0000002340
42040 0.0000002240
42146 0.0000002231
42172 0.0000002215
42177 0.0000002201
42276 0.0000002089
42348 0.0000002043
42409 0.0000001955
42435 0.0000001881
42497 0.0000001857
42578 0.0000001715
42725 0.0000001635
42736 0.0000001624
42741 0.0000001459
42885 0.0000001452
42955 0.0000001431
43056 0.0000001360
43278 0.0000001274
43422 0.0000001223
43471 0.0000001191
43581 0.0000001125
44325 0.0000001117
44362 0.0000001109
44467 0.0000001101
44697 0.0000001094
44860 0.0000001073
45572 0.0000001020
45583 0.0000001005
46878 0.0000000739
47063 0.0000000736
47169 0.0000000701
47222 0.0000000666
47251 0.0000000644
47368 0.0000000641
47404 0.0000000612
47407 0.0000000422
47677 0.0000000410
47688 0.0000000337
47821 0.0000000327
47842 0.0000000252
47888 0.0000000199
48147 0.0000000173
48234 0.0000000161
48312 0.0000000141
48388 0.0000000136
48415 0.0000000106
48677 0.0000000105
48758 0.0000000088
48822 0.0000000086
48842 0.0000000067
49022 0.0000000063
49160 0.0000000050
49186 0.0000000048
49282 0.0000000047
49331 0.0000000042
49377 0.0000000040
49395 0.0000000039
49529 0.0000000028
49769 0.0000000024
49887 0.0000000023
50083 0.0000000022
50241 0.0000000010
50354 0.0000000008
50982 0.0000000007
51294 0.0000000005
51394 0.0000000004
51617 0.0000000004
51618 0.0000000004
51690 0.0000000004
51696 0.0000000004
51721 0.0000000003
51746 0.0000000002
51840 0.0000000002
52005 0.0000000002
52157 0.0000000002
52221 0.0000000002
52249 0.0000000001
52288 0.0000000001
52377 0.0000000001
52599 0.0000000001
52713 0.0000000001
52847 0.0000000001
52893 0.0000000001
52964 0.0000000001
53034 0.0000000001
53086 0.0000000001
53114 0.0000000000
53118 0.0000000000
53168 0.0000000000
53177 0.0000000000
53292 0.0000000000
53318 0.0000000000
53716 0.0000000000
53878 0.0000000000
54040 0.0000000000
54107 0.0000000000
54703 0.0000000000
54706 0.0000000000
54757 0.0000000000
55061 0.0000000000
55123 0.0000000000
55170 0.0000000000
55209 0.0000000000
55220 0.0000000000
55518 0.0000000000
55798 0.0000000000
55806 0.0000000000
55827 0.0000000000
56144 0.0000000000
56341 0.0000000000
56401 0.0000000000
56511 0.0000000000
56566 0.0000000000
56588 0.0000000000
56727 0.0000000000
57233 0.0000000000
57444 0.0000000000
57460 0.0000000000
57497 0.0000000000
57635 0.0000000000
57894 0.0000000000
58183 0.0000000000
58496 0.0000000000
59238 0.0000000000
67359 0.0000000000
74615 0.0000000000
evaluations raw_y
1 1494.4458858745
4 1444.2279220006
11 1160.0681264044
60 1021.3247199887
108 939.8451627780
113 671.2721862635
192 534.7860530937
997 521.6033987162
1140 411.4439867180
1235 378.2462966102
1267 244.5181996769
1763 216.3247259652
1853 215.2516144140
1864 197.8133896786
1890 195.3594762874
1901 174.1792501801
1932 139.0226776981
2085 134.3933189576
2096 107.4061856826
2202 91.5300734960
2390 83.3391130808
2555 80.9782979540
2557 74.7308378141
2614 70.7967448653
2655 67.7299516422
2739 61.5186897573
2822 58.7267213325
2900 38.7775333120
2936 35.0904786785
3213 32.7153726014
3284 26.2951499854
3432 18.7500174113
3745 16.8673441576
3766 16.5305857471
3893 14.0043745753
3957 13.8239919865
3991 11.6331080121
4014 11.0243690533
4062 10.0804010384
4206 9.7962006007
4349 9.5919339267
4364 9.5507304171
4410 6.5171639352
4418 5.5592940210
4486 4.8708376294
4711 4.4877077194
4895 4.1614155285
4968 3.0215002796
5347 2.5853911468
5438 1.7597012288
5607 1.7413238736
5714 1.6365062748
5856 1.3893955162
5899 1.2535924460
5905 1.0581135666
6059 1.0469011838
6156 0.7756592076
6406 0.5345592130
6480 0.5189355609
6944 0.5143230990
6966 0.5009321034
6976 0.4117861579
7116 0.2664950155
7220 0.1890326616
7725 0.1838118372
7765 0.1772720164
7931 0.1557343446
8050 0.1420360173
8135 0.1174265717
8399 0.1075067350
8651 0.1004720626
8697 0.0896161520
8783 0.0812458019
9094 0.0753167069
9598 0.0751209491
9607 0.0718894297
9804 0.0688803003
9956 0.0666407465
10198 0.0648155398
10265 0.0642897408
10307 0.0632608412
10388 0.0627267271
10499 0.0623447834
10720 0.0621280764
10767 0.0621257541
10795 0.0617640278
10904 0.0617544723
10955 0.0615797747
10992 0.0615291588
11163 0.0614999729
11169 0.0613208860
11235 0.0599367637
11686 0.0593667993
11978 0.0593591022
12035 0.0593209854
12135 0.0590054440
12451 0.0587717260
12557 0.0586275219
12870 0.0586164471
12927 0.0585660829
12992 0.0585091504
13133 0.0585038123
13167 0.0584899036
13255 0.0584687839
13316 0.0584511051
13448 0.0584461415
13461 0.0584188516
13462 0.0584138304
13493 0.0583435471
13510 0.0583226327
13595 0.0582733181
13695 0.0582628101
13828 0.0581806325
14074 0.0581682434
14182 0.0581447078
14438 0.0581245379
14662 0.0581111877
14693 0.0581075602
14798 0.0580993388
14851 0.0580837115
15099 0.0580819865
15308 0.0580662983
15714 0.0580651672
15762 0.0580648227
15825 0.0580635171
15836 0.0580623744
15938 0.0580608220
16124 0.0580559351
16375 0.0580557883
16746 0.0580550366
16875 0.0580547930
16881 0.0580542735
16957 0.0580540363
16981 0.0580539613
17086 0.0580537154
17211 0.0580525276
17358 0.0580523473
17359 0.0580516803
17762 0.0580516236
17814 0.0580514231
17930 0.0580513526
18068 0.0580513422
18081 0.0580509995
18176 0.0580507898
18189 0.0580507695
18210 0.0580502610
18510 0.0580501984
18666 0.0580501446
18690 0.0580501252
18717 0.0580500655
18733 0.0580499696
18825 0.0580497703
18931 0.0580497082
19025 0.0580497062
19142 0.0580496521
19778 0.0580495929
20563 0.0580494330
20839 0.0580482920
21096 0.0580465264
21416 0.0580434232
21701 0.0580420789
22061 0.0580239205
22081 0.0579980622
22197 0.0579666717
22577 0.0578418144
22630 0.0576068143
22951 0.0574326502
23223 0.0571455859
23240 0.0512366929
24809 0.0501422021
24913 0.0450465169
25099 0.0353835654
25219 0.0339806160
25300 0.0264166486
25566 0.0247241669
25633 0.0141264227
25994 0.0125501135
26126 0.0096935453
26306 0.0076238236
26739 0.0073387008
26785 0.0065678122
26815 0.0064483434
26823 0.0062356165
26901 0.0042540630
27126 0.0037720948
27162 0.0023679449
27492 0.0023371436
27646 0.0019880754
27821 0.0017774011
27887 0.0013723530
27968 0.0012638050
27996 0.0010547089
28208 0.0010174922
28239 0.0006509310
28657 0.0005998294
28717 0.0003898158
28728 0.0003494598
29069 0.0003037393
29239 0.0002954214
29261 0.0002852611
29306 0.0002779607
29364 0.0001862632
29584 0.0001798666
29766 0.0001730868
29869 0.0001636022
29914 0.0001578803
29915 0.0001546858
29934 0.0001514334
29944 0.0001442994
29964 0.0001383205
30015 0.0001232392
30244 0.0001188838
30311 0.0001141607
30341 0.0001086794
30372 0.0001021279
30582 0.0000910568
30598 0.0000899383
30660 0.0000815402
30709 0.0000772226
30921 0.0000742005
31072 0.0000735687
31107 0.0000733128
31143 0.0000708144
31149 0.0000662250
31558 0.0000636475
31571 0.0000619762
31706 0.0000610528
31802 0.0000601182
31964 0.0000584897
32136 0.0000575971
32247 0.0000571782
32267 0.0000560181
32314 0.0000554800
32401 0.0000553659
32432 0.0000552895
32492 0.0000552198
32508 0.0000549992
32551 0.0000536313
32624 0.0000529492
32661 0.0000524821
32697 0.0000522857
32819 0.0000522270
32848 0.0000520004
32930 0.0000518993
32944 0.0000517339
32945 0.0000515349
33162 0.0000515140
33175 0.0000514448
33232 0.0000500918
33952 0.0000500810
34058 0.0000500723
34094 0.0000499652
34361 0.0000499301
34382 0.0000499006
34410 0.0000498930
34455 0.0000498654
34461 0.0000497638
34633 0.0000496917
34752 0.0000496644
34935 0.0000496317
34975 0.0000496121
35035 0.0000496113
35082 0.0000495511
35280 0.0000495392
35350 0.0000495378
35464 0.0000494926
36045 0.0000494710
36194 0.0000494683
36452 0.0000494640
36554 0.0000494505
36565 0.0000494257
37597 0.0000493387
38006 0.0000492791
38527 0.0000488706
38892 0.0000470923
40819 0.0000414955
40907 0.0000408517
41003 0.0000362087
41006 0.0000331813
41013 0.0000286107
41068 0.0000284809
41156 0.0000244880
41191 0.0000200362
41259 0.0000198811
41266 0.0000190197
41390 0.0000169268
41399 0.0000168453
41464 0.0000164220
41500 0.0000115223
41733 0.0000106647
41852 0.0000092251
42057 0.0000075894
42066 0.0000075066
42073 0.0000060169
42228 0.0000042358
42379 0.0000040569
42431 0.0000017556
43093 0.0000013900
43102 0.0000013687
43332 0.0000012985
43353 0.0000011190
43370 0.0000009252
43612 0.0000007338
43783 0.0000007263
43881 0.0000007252
43890 0.0000006931
43899 0.0000006187
44087 0.0000004160
44321 0.0000003524
44369 0.0000003229
44389 0.0000002834
44467 0.0000002814
44629 0.0000002789
44632 0.0000002739
44640 0.0000002622
44653 0.0000002562
44701 0.0000001825
44788 0.0000001627
44832 0.0000001542
45079 0.0000001521
45111 0.0000001113
45192 0.0000000844
45368 0.0000000820
45577 0.0000000690
45585 0.0000000649
45689 0.0000000599
45860 0.0000000495
45915 0.0000000296
46492 0.0000000259
46687 0.0000000227
46984 0.0000000207
47354 0.0000000196
47400 0.0000000189
47468 0.0000000181
47530 0.0000000177
47636 0.0000000174
47729 0.0000000173
47772 0.0000000164
47819 0.0000000158
47821 0.0000000147
48003 0.0000000143
48013 0.0000000142
48065 0.0000000139
48070 0.0000000132
48105 0.0000000129
48110 0.0000000122
48191 0.0000000122
48314 0.0000000119
48383 0.0000000108
48680 0.0000000104
48904 0.0000000101
48948 0.0000000096
49167 0.0000000096
49191 0.0000000094
49262 0.0000000094
49387 0.0000000093
49435 0.0000000092
49463 0.0000000090
49657 0.0000000090
49835 0.0000000088
50098 0.0000000087
50154 0.0000000087
50400 0.0000000087
50461 0.0000000087
50624 0.0000000086
50835 0.0000000086
51151 0.0000000086
51173 0.0000000085
51210 0.0000000085
51270 0.0000000085
51421 0.0000000085
51433 0.0000000085
51525 0.0000000085
51921 0.0000000085
51946 0.0000000085
51987 0.0000000085
52160 0.0000000085
52169 0.0000000084
52234 0.0000000084
52333 0.0000000084
52752 0.0000000084
52908 0.0000000084
52986 0.0000000084
53078 0.0000000084
53152 0.0000000084
53361 0.0000000084
54097 0.0000000084
54275 0.0000000084
54382 0.0000000084
54570 0.0000000084
54783 0.0000000084
54854 0.0000000084
55183 0.0000000084
55262 0.0000000084
55500 0.0000000084
55965 0.0000000083
56025 0.0000000083
56096 0.0000000081
56144 0.0000000081
56469 0.0000000080
57978 0.0000000058
58217 0.0000000051
58479 0.0000000047
58579 0.0000000045
58606 0.0000000044
58611 0.0000000039
58662 0.0000000036
58722 0.0000000036
58738 0.0000000033
58809 0.0000000030
58891 0.0000000025
59092 0.0000000022
59158 0.0000000021
59167 0.0000000019
59258 0.0000000018
59283 0.0000000017
59358 0.0000000014
59403 0.0000000012
59616 0.0000000010
59626 0.0000000008
59897 0.0000000007
59905 0.0000000007
59925 0.0000000007
59929 0.0000000006
59965 0.0000000005
60140 0.0000000005
60174 0.0000000004
60453 0.0000000004
60486 0.0000000004
60548 0.0000000003
60616 0.0000000003
60666 0.0000000002
61010 0.0000000002
61115 0.0000000002
61165 0.0000000002
61166 0.0000000002
61233 0.0000000001
61234 0.0000000001
61344 0.0000000001
61390 0.0000000001
61402 0.0000000001
61556 0.0000000001
61579 0.0000000001
61676 0.0000000001
61686 0.0000000001
61855 0.0000000001
62149 0.0000000001
62299 0.0000000001
62353 0.0000000001
62366 0.0000000000
62417 0.0000000000
62509 0.0000000000
62540 0.0000000000
62550 0.0000000000
62746 0.0000000000
62803 0.0000000000
62888 0.0000000000
62964 0.0000000000
62993 0.0000000000
63054 0.0000000000
63252 0.0000000000
63347 0.0000000000
63459 0.0000000000
63935 0.0000000000
63976 0.0000000000
64262 0.0000000000
64271 0.0000000000
64370 0.0000000000
64552 0.0000000000
64646 0.0000000000
65158 0.0000000000
65323 0.0000000000
65433 0.0000000000
66256 0.0000000001
evaluations raw_y
1 2279.7475386268
2 1905.5004095013
6 1812.9147082913
9 1803.4989765696
11 1426.6326074248
13 941.3337109355
66 809.7113449959
149 721.6786677990
739 714.4443315983
779 665.7298888840
844 527.1288842933
1058 430.2728735088
1131 409.2866242585
1290 340.9532787373
1469 243.7823291850
1504 127.5154362742
2010 121.9459186438
2036 105.6787092604
2097 101.0486936687
2295 95.9309169166
2300 54.5480712815
2692 41.4186748195
3099 40.3938714221
3116 30.3504544784
3137 24.4580778917
3520 23.7004333746
3592 21.6782125403
3703 21.2107570776
3727 20.5039100414
3747 20.0697063432
3755 19.3748916107
3800 17.4999638524
3891 15.1703749458
3935 13.4355880718
3993 12.4136072949
4044 10.0890974633
4209 7.0269230046
4639 5.9304622697
4669 5.4158838834
4688 5.0739828001
4914 4.4264180944
5015 4.1886761579
5191 3.4114503348
5194 3.2927092326
5415 3.1745694486
5532 2.4151252941
5676 1.5299327076
5846 1.2927103450
6283 1.0805885338
6512 1.0601656223
6630 0.5917137866
6996 0.5099835520
7146 0.4263326966
7377 0.3290730118
7566 0.3180681664
7692 0.3087401043
7879 0.2885214624
7930 0.2115254798
8120 0.2043649946
8138 0.1902289735
8145 0.1859898905
8233 0.1297961393
8396 0.1292232782
8520 0.1238530037
8598 0.1237925727
8622 0.1098856495
8628 0.0996319774
8630 0.0920495268
8775 0.0912897915
8847 0.0820318859
8863 0.0710368163
8987 0.0706073382
9003 0.0650887697
9051 0.0620500919
9073 0.0485166789
9121 0.0455692771
9434 0.0433458815
9542 0.0433322854
9686 0.0390531867
9723 0.0379935164
9731 0.0290487582
9956 0.0218130124
10236 0.0211428174
10331 0.0167681351
10542 0.0151991148
10717 0.0131957999
10905 0.0122964297
10943 0.0113978597
11053 0.0111658304
11130 0.0111400117
11157 0.0109201948
11175 0.0108729969
11242 0.0104755505
11266 0.0098937103
11344 0.0094388981
11431 0.0081934904
11550 0.0077183034
11916 0.0075225188
12106 0.0074127802
12113 0.0072721082
12216 0.0072367767
12292 0.0067540501
12457 0.0066964986
12523 0.0066758470
12557 0.0065412474
12685 0.0062977375
12733 0.0062457015
12848 0.0062335820
12916 0.0061946458
12931 0.0061933993
12968 0.0059225096
13073 0.0059018748
13279 0.0058314933
13377 0.0057901201
13430 0.0057195877
13491 0.0056626239
13682 0.0056622080
13683 0.0056571152
13836 0.0056243582
13945 0.0055866952
14072 0.0055149262
14222 0.0055085880
14336 0.0055018484
14485 0.0054763306
14603 0.0054621660
14718 0.0054580081
14759 0.0054398225
14774 0.0054378635
14900 0.0054344914
15052 0.0054269289
15156 0.0054022850
15410 0.0053994244
15733 0.0053986574
15865 0.0053980592
15875 0.0053974489
15922 0.0053883668
16283 0.0053868425
16296 0.0053866574
16398 0.0053826208
16649 0.0053822807
16708 0.0053820936
16730 0.0053796954
16847 0.0053792292
17001 0.0053786162
17062 0.0053782328
17147 0.0053769119
17441 0.0053768489
17617 0.0053765917
17626 0.0053761578
17672 0.0053761498
17705 0.0053753675
18204 0.0053748982
18773 0.0053748259
18942 0.0053748007
19014 0.0053747448
19088 0.0053747069
19144 0.0053747059
19171 0.0053746734
19253 0.0053746466
19275 0.0053746371
19300 0.0053746277
19413 0.0053746268
19445 0.0053746071
19446 0.0053745549
19493 0.0053745425
19609 0.0053745403
19720 0.0053745350
19790 0.0053745312
19819 0.0053745197
19842 0.0053745025
19911 0.0053744871
19969 0.0053744751
19994 0.0053744749
20028 0.0053744687
20229 0.0053744460
20411 0.0053744411
20444 0.0053744377
20492 0.0053744323
20509 0.0053744287
20545 0.0053744277
20622 0.0053744193
20649 0.0053744115
20788 0.0053744039
21117 0.0053743983
21314 0.0053743983
21328 0.0053743932
21390 0.0053743917
21578 0.0053743912
21595 0.0053743902
21678 0.0053743869
22057 0.0053743848
22233 0.0053743842
22281 0.0053743823
22673 0.0053743816
22734 0.0053743814
22786 0.0053743804
22808 0.0053743800
23078 0.0053743794
23368 0.0053743793
23468 0.0053743793
23512 0.0053743787
23822 0.0053743787
23939 0.0053743783
24056 0.0053743782
24264 0.0053743781
24334 0.0053743781
24365 0.0053743781
24372 0.0053743780
24436 0.0053743780
24440 0.0053743778
24727 0.0053743777
24934 0.0053743777
25011 0.0053743776
25293 0.0053743776
25361 0.0053743776
25549 0.0053743776
25643 0.0053743776
25668 0.0053743776
25734 0.0053743775
25827 0.0053743775
26072 0.0053743775
26122 0.0053743777
evaluations raw_y
1 2369.2954825916
2 2339.2443357059
3 2076.8831330862
7 2064.6916005884
10 2016.7127205691
12 1685.3909212822
15 1567.8738806319
61 1044.5692271694
64 1038.2043853939
122 790.6381338529
131 762.6436178500
153 359.6008819451
1665 276.8260026079
1682 191.3600847058
2306 188.8122995864
2365 159.1481981157
2459 146.5388688790
2478 135.1645769996
2491 126.6126011037
2735 105.0512836355
2806 104.0418325066
2844 81.7003739757
3149 81.1885183869
3162 53.3526268821
3212 47.7896387792
3409 46.4173924443
3722 44.2818791892
3737 43.9675763207
3910 40.4393516853
3972 40.3854855831
4027 32.1655921846
4042 32.0694182463
4112 29.3609769359
4144 26.0245020844
4318 16.0551226201
4385 15.6127149324
4451 13.4801355934
4474 13.1250309371
4638 12.2216586714
4719 8.4521931458
4904 8.0062835791
5057 6.2954464358
5419 5.9818244275
5512 5.5519988050
5541 4.7401492439
5543 3.9433189512
5640 3.4884441855
5713 3.4391813046
5787 2.8289439720
5888 2.7635068134
5965 2.6998601458
6035 2.6035843067
6095 2.2477701018
6202 1.9785384824
6236 1.4225753544
6352 1.4099133967
6716 1.3407426812
6786 1.2713582270
6794 1.1169754667
6908 1.1078168197
7046 1.0625077453
7255 0.8959739935
7346 0.7527332864
7546 0.7292020025
7581 0.6713248367
7619 0.5819953877
7637 0.5198334042
7790 0.4781315156
7919 0.4644713439
7921 0.4565228016
7970 0.3210401535
8301 0.3177334116
8347 0.3155807197
8395 0.3129898194
8405 0.3043408971
8480 0.3016483057
8565 0.2735506428
8801 0.2674142073
8869 0.2545890013
9058 0.2336795650
9229 0.2295862640
9258 0.2291785955
9261 0.2216317538
9291 0.2073629744
9344 0.2023686124
9519 0.1792892340
9889 0.1759091878
9980 0.1677143424
10127 0.1584737858
10357 0.1491841933
10442 0.1474798579
10552 0.1453992150
10592 0.1450865256
10781 0.1442890483
10790 0.1416000904
10888 0.1401750842
11050 0.1377867545
11056 0.1361502491
11340 0.1353036150
11409 0.1352212180
11496 0.1347801611
11507 0.1327675140
11595 0.1312278881
11967 0.1309370778
12039 0.1307611792
12079 0.1305113513
12095 0.1296835617
12121 0.1296203312
12210 0.1289433183
12398 0.1282949824
12399 0.1278992899
12643 0.1278011886
12675 0.1274921435
12693 0.1272411579
12833 0.1269458897
13059 0.1268120911
13247 0.1266235134
13362 0.1262441064
13699 0.1262280163
13742 0.1259455657
13944 0.1258673207
13994 0.1257559483
14257 0.1256386016
14354 0.1256344460
14399 0.1255422369
14595 0.1254837365
15061 0.1253824269
15159 0.1253717679
15167 0.1253550599
15177 0.1253421858
15287 0.1252985943
15708 0.1252922005
15747 0.1252256775
15813 0.1252228120
15814 0.1251867872
16755 0.1251755260
16999 0.1251311840
17283 0.1242643468
17535 0.1223837202
17606 0.1222946481
18231 0.1181192476
18412 0.1080021815
19713 0.1058083937
19730 0.0771953053
19863 0.0597412411
19984 0.0578112080
20122 0.0477058956
20215 0.0457749905
20231 0.0438104583
20314 0.0414911534
20489 0.0298033201
20620 0.0290263995
20831 0.0267295124
20833 0.0247568363
20913 0.0237569912
20920 0.0234837719
20990 0.0229896728
21007 0.0164149588
21088 0.0162704559
21166 0.0161133418
21182 0.0157549357
21270 0.0154138100
21284 0.0151316283
21360 0.0150644505
21433 0.0115526358
21443 0.0080975456
21829 0.0079074747
21847 0.0077681083
21905 0.0076577231
21913 0.0057593726
21921 0.0055699873
22011 0.0054224259
22063 0.0050103866
22188 0.0046263624
22264 0.0042713507
22278 0.0035726887
22535 0.0034402152
22548 0.0025777381
22633 0.0016640859
22847 0.0009999694
23250 0.0009386921
23254 0.0008648194
23349 0.0007899613
23484 0.0007432394
23589 0.0005960797
23602 0.0005289616
23880 0.0004477719
23904 0.0003756982
24088 0.0003549604
24147 0.0003316047
24190 0.0002444338
24441 0.0002005595
24852 0.0001952613
24900 0.0001941113
24906 0.0001818888
24942 0.0001559629
25002 0.0001558159
25050 0.0001345524
25057 0.0001283511
25268 0.0001201120
25270 0.0001034614
25364 0.0000955066
25441 0.0000591446
25870 0.0000552664
26014 0.0000520641
26151 0.0000443224
26171 0.0000350672
26551 0.0000334117
26888 0.0000310713
26915 0.0000282076
27135 0.0000280295
27204 0.0000267489
27241 0.0000266819
27324 0.0000230562
27628 0.0000229980
27666 0.0000226329
27750 0.0000222850
27791 0.0000219301
27839 0.0000213498
27908 0.0000207600
27952 0.0000205071
28047 0.0000200130
28122 0.0000196894
28181 0.0000193056
28201 0.0000185898
28354 0.0000185438
28482 0.0000184778
28490 0.0000180716
28658 0.0000174843
28919 0.0000173981
28939 0.0000172769
29119 0.0000172545
29134 0.0000170732
29313 0.0000167762
29711 0.0000167683
29731 0.0000166433
29803 0.0000166039
30095 0.0000165887
30147 0.0000165679
30161 0.0000165665
30223 0.0000165235
30229 0.0000165060
30532 0.0000164841
30552 0.0000164206
31260 0.0000164197
31279 0.0000164175
31285 0.0000164165
31351 0.0000164053
31596 0.0000163903
31674 0.0000163812
31820 0.0000163708
31862 0.0000163704
31927 0.0000163682
32583 0.0000163670
32612 0.0000163659
32634 0.0000163636
32768 0.0000163630
32814 0.0000163619
32848 0.0000163599
32918 0.0000163586
33356 0.0000163580
33422 0.0000163568
33435 0.0000163563
33480 0.0000163554
33481 0.0000163551
33709 0.0000163545
33743 0.0000163544
33996 0.0000163533
34377 0.0000163528
34655 0.0000163528
34666 0.0000163525
34717 0.0000163524
34724 0.0000163523
34789 0.0000163519
34927 0.0000163518
35213 0.0000163513
35236 0.0000163512
35284 0.0000163511
35360 0.0000163508
35476 0.0000163506
35724 0.0000163501
35914 0.0000163501
36186 0.0000163499
36256 0.0000163496
36308 0.0000163494
36377 0.0000163493
36743 0.0000163488
36827 0.0000163487
36831 0.0000163485
36848 0.0000163476
37274 0.0000163461
37417 0.0000163425
37485 0.0000163379
37702 0.0000163366
37787 0.0000163256
38002 0.0000162424
38061 0.0000162022
38319 0.0000160617
38426 0.0000159387
38488 0.0000154255
38596 0.0000150926
39328 0.0000139331
40109 0.0000136881
40222 0.0000135450
40233 0.0000119524
40320 0.0000113117
40394 0.0000078494
40679 0.0000058398
40738 0.0000057562
40789 0.0000050796
40856 0.0000044130
40909 0.0000042101
41150 0.0000039907
41192 0.0000031203
41319 0.0000028860
41479 0.0000023935
41528 0.0000023692
41537 0.0000021455
41665 0.0000017633
41744 0.0000016970
41824 0.0000015962
41877 0.0000015349
41930 0.0000014838
41969 0.0000013891
41992 0.0000012053
42039 0.0000011940
42095 0.0000011117
42141 0.0000010561
42143 0.0000010432
42178 0.0000010350
42189 0.0000008514
42324 0.0000006653
42625 0.0000004179
42962 0.0000003167
43018 0.0000003031
43115 0.0000002980
43153 0.0000002616
43154 0.0000002530
43287 0.0000002483
43435 0.0000001767
43635 0.0000001611
43783 0.0000001519
43830 0.0000001474
43894 0.0000001210
43976 0.0000001118
44059 0.0000001050
44190 0.0000001021
44236 0.0000000963
44253 0.0000000777
44748 0.0000000723
44769 0.0000000668
44807 0.0000000665
44903 0.0000000633
44907 0.0000000526
45634 0.0000000488
45810 0.0000000461
45988 0.0000000320
46957 0.0000000301
47004 0.0000000289
47041 0.0000000282
47064 0.0000000281
47085 0.0000000276
47117 0.0000000267
47141 0.0000000239
47501 0.0000000234
47695 0.0000000231
47724 0.0000000224
47774 0.0000000220
47794 0.0000000208
48025 0.0000000206
48069 0.0000000202
48124 0.0000000183
48630 0.0000000180
48640 0.0000000173
48794 0.0000000171
48915 0.0000000146
49400 0.0000000144
49463 0.0000000137
49854 0.0000000099
50270 0.0000000087
50453 0.0000000084
50504 0.0000000060
50621 0.0000000058
50758 0.0000000036
50967 0.0000000035
51099 0.0000000034
51165 0.0000000026
51265 0.0000000022
51491 0.0000000021
51498 0.0000000021
51545 0.0000000017
51553 0.0000000016
51574 0.0000000014
51645 0.0000000013
51768 0.0000000012
51860 0.0000000010
51891 0.0000000010
52121 0.0000000007
52148 0.0000000006
52335 0.0000000005
52474 0.0000000003
52817 0.0000000003
52864 0.0000000003
52980 0.0000000002
53077 0.0000000002
53115 0.0000000002
53140 0.0000000002
53207 0.0000000002
53216 0.0000000002
53241 0.0000000002
53244 0.0000000002
53382 0.0000000001
53441 0.0000000001
53641 0.0000000001
53707 0.0000000001
53943 0.0000000001
53974 0.0000000001
54094 0.0000000001
54148 0.0000000001
54206 0.0000000001
54326 0.0000000001
54371 0.0000000000
54582 0.0000000000
54784 0.0000000000
54800 0.0000000000
54830 0.0000000000
54936 0.0000000000
54969 0.0000000000
55044 0.0000000000
55366 0.0000000000
55372 0.0000000000
55491 0.0000000000
55696 0.0000000000
55732 0.0000000000
55768 0.0000000000
55803 0.0000000000
55966 0.0000000000
56144 0.0000000000
56494 0.0000000000
56524 0.0000000000
56625 0.0000000000
56861 0.0000000000
57145 0.0000000000
57157 0.0000000000
57323 0.0000000000
57368 0.0000000000
57484 0.0000000000
57981 0.0000000000
58103 0.0000000000
58144 0.0000000000
58222 0.0000000000
58264 0.0000000000
58304 0.0000000000
58361 0.0000000000
58548 0.0000000000
58551 0.0000000000
58799 0.0000000000
58895 0.0000000000
58958 0.0000000000
59218 0.0000000000
59675 0.0000000000
59992 0.0000000000
60038 0.0000000000
60564 0.0000000000
61096 0.0000000000
61793 0.0000000000
62055 0.0000000000
63994 0.0000000000
64853 0.0000000000
evaluations raw_y
1 2915.8736101782
2 2021.8285265141
4 1654.9486041603
8 1569.4204282999
17 1508.5215311582
22 1492.8579949661
29 1294.2317748596
71 1155.0566813349
128 1078.4234035542
179 1066.3574969611
228 841.7666393144
748 653.8055280080
873 561.2657846127
1034 558.1803068969
1112 459.8179705785
1225 417.7280268303
1375 350.9913959685
1497 313.8959173413
1526 284.1573393457
1552 264.4922731700
1703 238.1285056047
1719 236.2045412446
1737 212.9089843528
1747 199.2906615653
1812 198.0287323297
1910 141.1741680404
2251 137.2555920943
2256 136.7413789914
2259 58.2682158292
2584 53.6637395298
2834 49.7846176457
2971 48.9763872757
3100 45.1840292917
3119 44.1328035416
3133 43.7659667356
3213 40.5533696479
3224 39.7376160852
3291 38.5434537406
3363 37.7362714141
3446 35.2850114963
3458 25.7021766065
3646 22.4320989542
3909 13.3547459219
4495 12.3895026248
4922 11.3705153875
4929 9.8741873816
4958 5.6701693261
5494 5.5062944514
5576 5.1677096304
5620 4.8038612815
5725 4.1653816889
5741 3.7053069425
5809 3.6888948186
5844 3.1733113951
6005 3.1520420603
6126 3.0268434629
6159 2.4083434709
6348 1.9235847607
6486 1.7343848363
6614 1.6003069022
6698 1.3547688953
6742 1.2793030125
6824 1.0925430900
6853 0.9033193941
7481 0.7323894510
7655 0.6161543683
7833 0.5516126196
7850 0.5503645234
7933 0.5338365895
8054 0.5323500652
8072 0.5297725377
8116 0.5283662341
8219 0.5192675466
8268 0.5148287384
8273 0.5005581295
8330 0.4460129544
8482 0.4273319376
8797 0.4223296748
8808 0.4050274206
8852 0.3956287610
8946 0.3774748927
9028 0.3673612283
9346 0.3585129714
9420 0.3557526829
9479 0.3540080127
9497 0.3523057293
9694 0.3474258285
9771 0.3465048811
9874 0.3389163201
10154 0.3363600856
10190 0.3351245504
10351 0.3310049110
10519 0.3294955871
10555 0.3293411741
10668 0.3274118508
10700 0.3269558600
10720 0.3263308287
10726 0.3206716789
11494 0.3204700945
11577 0.3197137337
11863 0.3195973475
11916 0.3191885487
11999 0.3190206167
12036 0.3189201607
12071 0.3188492290
12090 0.3186894336
12101 0.3183002859
12525 0.3178991658
12632 0.3178104807
12819 0.3177514712
12850 0.3177198834
12995 0.3175315907
13118 0.3175145419
13192 0.3175081231
13216 0.3174906971
13244 0.3174108739
13334 0.3172489442
13706 0.3172050131
13878 0.3171336263
14448 0.3170971383
14735 0.3170656478
15065 0.3169918562
15895 0.3169162450
15896 0.3168959553
16100 0.3167591539
16270 0.3166088961
16320 0.3152029764
16758 0.3081121019
17405 0.3079711268
17616 0.2734189604
17928 0.2666051811
18045 0.2387676664
18823 0.1355475475
19346 0.1329295269
19469 0.1068560792
19567 0.0902643544
19922 0.0789566664
19953 0.0745902352
19998 0.0743629552
19999 0.0715552484
20012 0.0612613348
20136 0.0586015998
20157 0.0531971843
20292 0.0455337828
20329 0.0447081053
20346 0.0440843560
20401 0.0395593605
20403 0.0356512177
20557 0.0280894295
20837 0.0153118804
21134 0.0125928274
21494 0.0124475615
21560 0.0119384595
21769 0.0084676694
21868 0.0077227957
22062 0.0070922386
22122 0.0066668303
22333 0.0065546488
22335 0.0053191672
22349 0.0047400057
22618 0.0040602776
22842 0.0039037187
22843 0.0034336702
22857 0.0030994183
22905 0.0028252763
22989 0.0025124688
23135 0.0022925388
23182 0.0017852875
23381 0.0012862707
23464 0.0010212851
23733 0.0009243945
24023 0.0008806265
24058 0.0008420589
24125 0.0008321589
24132 0.0007096124
24192 0.0007008336
24249 0.0006923374
24278 0.0006448681
24288 0.0006435448
24301 0.0005637502
24313 0.0005409105
24326 0.0004783639
24496 0.0004556225
24542 0.0004495253
24601 0.0004303611
24685 0.0003897373
24714 0.0003618551
24724 0.0003460225
24769 0.0003434057
24786 0.0003280749
24912 0.0002761528
24964 0.0002755772
25267 0.0002668633
25297 0.0002157648
25362 0.0001957678
25400 0.0001742141
25499 0.0001324684
26013 0.0001153962
26314 0.0001134794
26348 0.0001132567
26450 0.0001132418
26482 0.0001081477
26502 0.0001042497
26582 0.0001037246
26635 0.0000961952
26668 0.0000939758
26740 0.0000905366
26836 0.0000891764
26983 0.0000859356
27024 0.0000849215
27262 0.0000826467
27355 0.0000821359
27484 0.0000785878
27616 0.0000767815
27749 0.0000764214
27764 0.0000762085
27898 0.0000738412
28199 0.0000730388
28286 0.0000716156
28380 0.0000712760
28404 0.0000704784
28610 0.0000698030
28694 0.0000692573
29041 0.0000692085
29145 0.0000686624
29483 0.0000686525
29516 0.0000684162
29941 0.0000683904
29990 0.0000683146
29996 0.0000682394
30017 0.0000681945
30070 0.0000681318
30089 0.0000680574
30237 0.0000680536
30324 0.0000680251
30335 0.0000679471
30435 0.0000679300
30456 0.0000678376
31137 0.0000678344
31208 0.0000677921
31285 0.0000677824
31294 0.0000677688
31543 0.0000677526
31649 0.0000677421
31736 0.0000677405
31825 0.0000677364
31868 0.0000677306
31919 0.0000677286
31961 0.0000677124
32166 0.0000676920
32285 0.0000676824
32338 0.0000676794
32475 0.0000676791
32483 0.0000676747
32507 0.0000676741
32787 0.0000676713
32805 0.0000676700
32844 0.0000676642
33023 0.0000676543
33559 0.0000676537
33709 0.0000676507
33796 0.0000676455
33968 0.0000676442
33974 0.0000676428
34528 0.0000676420
34627 0.0000676414
34794 0.0000676411
34813 0.0000676402
34817 0.0000676390
34841 0.0000676385
34865 0.0000676383
34917 0.0000676369
34933 0.0000676329
35200 0.0000676297
35222 0.0000676289
35439 0.0000676279
35468 0.0000676272
35543 0.0000676229
35665 0.0000676201
35816 0.0000676083
35866 0.0000675917
36259 0.0000674702
36470 0.0000674284
36903 0.0000670452
37022 0.0000660845
37095 0.0000652529
37248 0.0000645240
37401 0.0000641464
37482 0.0000580099
38781 0.0000557134
38893 0.0000403228
39125 0.0000305718
39215 0.0000272671
39409 0.0000241085
39468 0.0000174518
39615 0.0000152106
39779 0.0000146200
39790 0.0000136613
39857 0.0000133706
39879 0.0000103117
39951 0.0000087382
39990 0.0000077866
40424 0.0000073936
40439 0.0000065003
40541 0.0000057607
40551 0.0000046591
40709 0.0000045814
40725 0.0000043932
40746 0.0000042314
40844 0.0000036878
40933 0.0000027322
40944 0.0000014128
41717 0.0000014002
41746 0.0000004348
42600 0.0000003835
42725 0.0000003488
42788 0.0000003106
42847 0.0000002563
43136 0.0000002505
43239 0.0000001922
43321 0.0000001894
43364 0.0000001721
43682 0.0000001587
43696 0.0000001279
44265 0.0000001157
44529 0.0000001040
44600 0.0000000858
44948 0.0000000827
45634 0.0000000791
45975 0.0000000768
46006 0.0000000735
46223 0.0000000723
46467 0.0000000721
46552 0.0000000715
46554 0.0000000712
46866 0.0000000709
46912 0.0000000707
46918 0.0000000704
47047 0.0000000687
47176 0.0000000682
47679 0.0000000682
47813 0.0000000678
47939 0.0000000677
48024 0.0000000658
48063 0.0000000655
48084 0.0000000653
48141 0.0000000648
48148 0.0000000610
48758 0.0000000552
50058 0.0000000524
50080 0.0000000436
50166 0.0000000395
50237 0.0000000348
50241 0.0000000324
50344 0.0000000306
50399 0.0000000304
50439 0.0000000141
51048 0.0000000139
51096 0.0000000114
51197 0.0000000102
51272 0.0000000101
51321 0.0000000099
51332 0.0000000088
51360 0.0000000067
51538 0.0000000042
51716 0.0000000042
51965 0.0000000036
52099 0.0000000027
52103 0.0000000025
52173 0.0000000022
52220 0.0000000011
52877 0.0000000011
52945 0.0000000010
53140 0.0000000009
53272 0.0000000009
53322 0.0000000008
53361 0.0000000007
53525 0.0000000007
53566 0.0000000004
53845 0.0000000004
53895 0.0000000003
54114 0.0000000003
54211 0.0000000002
54499 0.0000000002
54534 0.0000000002
54756 0.0000000002
54782 0.0000000002
54783 0.0000000002
54846 0.0000000001
54984 0.0000000001
54992 0.0000000001
55428 0.0000000001
55533 0.0000000001
56027 0.0000000001
56168 0.0000000001
56253 0.0000000001
56281 0.0000000001
56370 0.0000000001
56600 0.0000000001
56638 0.0000000001
56700 0.0000000000
56740 0.0000000000
56893 0.0000000000
57006 0.0000000000
57209 0.0000000000
57244 0.0000000000
57442 0.0000000000
57520 0.0000000000
57625 0.0000000000
57933 0.0000000000
57991 0.0000000000
58057 0.0000000000
58356 0.0000000000
58495 0.0000000000
58604 0.0000000000
58684 0.0000000000
58779 0.0000000000
59371 0.0000000000
59575 0.0000000000
59937 0.0000000000
59972 0.0000000000
60045 0.0000000000
60222 0.0000000000
60249 0.0000000000
60432 0.0000000000
60568 0.0000000000
60816 0.0000000000
60967 0.0000000000
61474 0.0000000001
evaluations raw_y
1 1994.3832646097
2 1792.9685635383
4 1729.0418096542
9 1681.6847270580
13 1587.0751404055
18 1488.7353467377
20 1293.7034310861
62 1257.7178916564
71 1218.8384677498
72 1214.0671235238
79 962.6521984219
84 961.6251085818
136 820.1017960505
166 612.8735934084
888 485.5859809584
1312 427.6738306858
1347 325.0870883046
1411 316.7813451569
1494 287.1251955227
1689 284.7561556153
1798 283.1150060877
1801 226.3956184339
1904 219.0440603145
1967 184.0496358523
2040 152.9205789218
2098 115.8115117741
2274 110.6561200519
2316 95.2761672833
2568 75.4974591305
2782 61.3598130100
2817 54.4176644957
3031 50.2112936284
3122 46.8541038146
3425 41.0342261157
3454 39.6752563590
3499 35.5884805596
3530 28.5867827060
3542 27.6395267533
3759 22.6012588136
3975 16.9211347391
4010 16.6547299163
4151 12.4175487030
4214 11.7954861075
4412 11.3831293941
4566 8.1662842289
4733 7.3147281324
4773 6.3855056720
4806 5.0442445357
5025 4.5272633451
5080 4.0091641245
5117 3.4018871703
5224 3.1709999949
5281 2.9668186639
5379 2.7764588539
5507 2.5693453356
5558 2.3400543616
5572 2.1680340712
5588 2.1425949108
5640 1.6328582251
5705 1.4918786477
6025 1.2985016382
6050 1.1325870629
6239 0.9638054068
6280 0.9086351163
6332 0.8787953830
6343 0.8167614580
6507 0.7434164830
6573 0.6684420621
6716 0.3970068310
7089 0.3236586875
7100 0.3231625815
7265 0.3207733750
7279 0.3173775762
7288 0.2637742432
7332 0.2416458491
7351 0.1420779889
8007 0.1074256263
8076 0.1028517045
8298 0.0847293407
8456 0.0753292197
8496 0.0707224090
8577 0.0702232433
8596 0.0640443866
8768 0.0632685498
8824 0.0621626211
8913 0.0547957069
8973 0.0503690380
9080 0.0449352377
9221 0.0267815985
9450 0.0264019419
9812 0.0235981454
9870 0.0211363457
10164 0.0203632105
10217 0.0173440953
10735 0.0171193085
10814 0.0167447593
10882 0.0153263150
10973 0.0145768133
11233 0.0143658418
11306 0.0138766253
11452 0.0136315123
11603 0.0135448431
11749 0.0130892696
11830 0.0128239817
11880 0.0128068876
11951 0.0127674820
12027 0.0127015938
12083 0.0126028307
12085 0.0122498038
12213 0.0121842107
12355 0.0121135460
12569 0.0120187176
12687 0.0119944461
12715 0.0119909705
12767 0.0118860790
12779 0.0118666762
13068 0.0118234629
13073 0.0118097713
13074 0.0116238421
13373 0.0115980437
13374 0.0115909858
13545 0.0115591611
13636 0.0114865828
14016 0.0114577004
14342 0.0114447686
14351 0.0114329980
14446 0.0114237166
14518 0.0114024783
14754 0.0113925204
14821 0.0113829187
14865 0.0113743942
15190 0.0113677976
15321 0.0113672723
15332 0.0113620065
15666 0.0113604071
15675 0.0113569165
16023 0.0113560088
16046 0.0113558096
16151 0.0113541042
16155 0.0113528221
16190 0.0113524864
16288 0.0113523858
16379 0.0113520128
16447 0.0113519217
16469 0.0113503512
16823 0.0113499730
16837 0.0113496440
16857 0.0113481263
17230 0.0113479047
17347 0.0113478886
17404 0.0113478714
17419 0.0113476654
17451 0.0113471346
17533 0.0113470437
17671 0.0113463519
18048 0.0113463401
18118 0.0113462942
18220 0.0113462373
18303 0.0113462110
18325 0.0113462053
18346 0.0113462029
18402 0.0113461721
18409 0.0113460935
18441 0.0113459466
18808 0.0113459345
18928 0.0113458234
19176 0.0113457733
19361 0.0113457407
19453 0.0113457121
19628 0.0113456893
19726 0.0113456892
19746 0.0113456835
19876 0.0113456830
19912 0.0113456809
20024 0.0113456486
20157 0.0113456478
20259 0.0113456470
20286 0.0113456438
20330 0.0113456386
20396 0.0113456356
20400 0.0113456304
20481 0.0113456293
20517 0.0113456292
20532 0.0113456269
20571 0.0113456234
20617 0.0113456218
20634 0.0113456198
20732 0.0113456194
20789 0.0113456180
20815 0.0113456150
20950 0.0113456147
21006 0.0113456129
21009 0.0113456115
21059 0.0113456094
21080 0.0113456048
21429 0.0113456041
21481 0.0113456036
21523 0.0113456009
21709 0.0113456008
21781 0.0113456002
22081 0.0113456000
22120 0.0113456000
22140 0.0113455977
22425 0.0113455976
22442 0.0113455973
22497 0.0113455970
22512 0.0113455970
22531 0.0113455965
22666 0.0113455955
23080 0.0113455954
23392 0.0113455950
23564 0.0113455950
23682 0.0113455949
23762 0.0113455949
23875 0.0113455947
23964 0.0113455947
24066 0.0113455946
24071 0.0113455946
24098 0.0113455946
24115 0.0113455946
24172 0.0113455945
24185 0.0113455944
24253 0.0113455944
24358 0.0113455943
24769 0.0113455943
24979 0.0113455943
25004 0.0113455944
evaluations raw_y
1 3630.4403515158
2 3369.9672200877
3 3095.7768002962
7 2925.4254971681
15 2611.8181739273
20 2347.4209082843
43 2106.5643265634
61 2001.1067085172
83 1894.6418609753
109 1744.7344905622
163 1708.1341771578
180 1626.3693517767
181 1614.2950175323
185 1371.7746833055
213 885.7244949342
941 713.9360574768
1019 652.8150871665
1068 566.0337489054
1357 549.6918350554
1412 513.5792400035
1415 463.7604130695
1539 428.7717828648
1637 397.5918315867
1726 356.8202703776
1809 271.0901553962
2045 246.8381629166
2060 193.4257334378
2194 176.3744668790
2383 160.6836023334
2437 158.9029745704
2443 121.8914959675
2587 103.8753179581
2748 100.9492695612
2788 76.1503818392
3072 70.5363628432
3258 67.7234736281
3259 64.4773935224
3293 56.2405627383
3467 48.7435224837
3560 48.1619090067
3655 38.9983089165
3687 29.8127516827
4144 28.7375074039
4165 23.3500010301
4183 21.2390715910
4241 20.6339748672
4352 15.5615028840
4457 9.3762366359
4745 8.2930244980
4757 8.0933567958
4975 7.9215111100
5075 4.7749590648
5464 3.1845931270
5723 3.0979966695
5805 2.7258228090
5828 2.4485133138
5852 1.7535800463
6165 1.5369943385
6313 1.0577473200
6434 1.0173034504
6830 0.8840423345
6838 0.7954458863
6997 0.7871379615
7131 0.7447314213
7177 0.7366541127
7224 0.7062118472
7307 0.6346621445
7388 0.6110992759
7485 0.5896430096
7503 0.5437035608
7566 0.4950140703
7715 0.4758635351
7757 0.4709042850
7767 0.4624175982
7818 0.4615095013
7849 0.4280573116
7858 0.3567900226
8149 0.3432200290
8196 0.3423258506
8276 0.3060062918
8319 0.3004559401
8576 0.2916687762
8747 0.2878177164
8826 0.2626081526
9188 0.2617652437
9195 0.2617379988
9364 0.2589376813
9391 0.2554607195
9528 0.2542706044
9536 0.2431073215
9603 0.2430823354
9640 0.2351288737
10045 0.2345281567
10145 0.2329593129
10470 0.2286805318
10884 0.2282407472
10999 0.2277387295
11071 0.2276048415
11098 0.2274409641
11117 0.2270017588
11135 0.2266163529
11163 0.2263219887
11203 0.2260745547
11326 0.2260461561
11362 0.2259027734
11514 0.2249405137
11748 0.2249295077
11822 0.2245121601
12167 0.2243806599
12224 0.2242450878
12296 0.2242449348
12369 0.2242096289
12376 0.2237335178
12618 0.2237248184
12727 0.2237018271
12737 0.2235573388
13140 0.2234716359
13216 0.2234342055
13299 0.2234183522
13488 0.2234037785
13507 0.2233989260
13655 0.2232237477
14046 0.2232213905
14106 0.2231674022
14334 0.2231637426
14373 0.2231611484
14447 0.2231449187
14463 0.2231368074
14582 0.2231319992
14606 0.2231312906
14772 0.2230940019
14807 0.2230886690
14871 0.2230810179
14910 0.2230805900
14977 0.2230445017
15484 0.2230438493
15930 0.2230370304
16115 0.2230298384
16248 0.2230202408
16350 0.2230172935
16461 0.2230168033
16858 0.2230133818
16968 0.2230111130
17082 0.2230070914
17218 0.2230051457
17271 0.2230028688
17367 0.2230007922
17728 0.2229998134
17731 0.2229995946
17949 0.2229992861
17976 0.2229989504
18127 0.2229975015
18134 0.2229960664
18228 0.2229933815
18241 0.2229859186
18358 0.2229851374
18507 0.2229763831
19256 0.2229243660
19379 0.2228925034
19631 0.2228299507
19677 0.2225425344
19894 0.2219622752
20596 0.2203693213
20787 0.2139693769
21137 0.2007216673
21226 0.1945454989
21351 0.1942298305
21409 0.1873377369
21445 0.1569576098
22706 0.0991782504
23148 0.0716418651
23342 0.0710429934
23407 0.0700020835
23441 0.0694529947
23444 0.0663566186
23463 0.0468564653
23516 0.0443749156
23599 0.0438440903
23617 0.0432269115
23657 0.0375763569
23732 0.0336687638
23808 0.0313690267
23938 0.0230778203
24150 0.0208687419
24258 0.0207664240
24334 0.0198519638
24389 0.0177237552
24501 0.0156253001
24517 0.0141915018
24533 0.0139539367
24601 0.0129215214
24617 0.0087155074
24997 0.0072903677
25050 0.0051633617
25467 0.0049887381
25532 0.0042748150
25614 0.0037013015
25652 0.0036448833
25660 0.0026916740
25819 0.0025531222
25878 0.0022864950
25939 0.0021985132
25993 0.0016882097
26237 0.0015725526
26324 0.0011003658
26888 0.0010383665
27261 0.0009740898
27333 0.0008984293
27387 0.0008487031
27445 0.0008465108
27504 0.0007359933
27519 0.0006338585
27666 0.0006207685
27720 0.0005024273
27868 0.0004502002
28053 0.0003573964
28148 0.0002890495
28414 0.0002790690
28546 0.0002521318
28682 0.0002361313
28726 0.0002096378
29159 0.0002039468
29162 0.0001979276
29205 0.0001905082
29321 0.0001767272
29419 0.0001666635
29554 0.0001566771
29582 0.0001503598
29745 0.0001450336
30066 0.0001393882
30127 0.0001363469
30215 0.0001350630
30222 0.0001339889
30241 0.0001328490
30318 0.0001303589
30372 0.0001286403
30388 0.0001268220
30416 0.0001215304
30546 0.0001208658
30659 0.0001145153
31115 0.0001138926
31137 0.0001113693
31148 0.0001108232
31468 0.0001107934
31489 0.0001079165
31726 0.0001075820
31767 0.0001073101
31784 0.0001060873
31897 0.0001051480
32017 0.0001049671
32059 0.0001048356
32270 0.0001044144
32335 0.0001043321
32346 0.0001041595
32364 0.0001041113
32384 0.0001039382
32388 0.0001039303
32452 0.0001031196
32761 0.0001027550
33002 0.0001027453
33018 0.0001022116
33341 0.0001021875
33492 0.0001021536
33569 0.0001021444
33597 0.0001020125
33802 0.0001019909
33950 0.0001018752
33978 0.0001016490
34498 0.0001016386
34599 0.0001016155
34756 0.0001015600
34875 0.0001015173
34906 0.0001015131
34984 0.0001014244
35556 0.0001013793
35652 0.0001012824
35847 0.0001012741
35969 0.0001012717
35987 0.0001011888
36192 0.0001011841
36269 0.0001009181
36406 0.0001005042
36478 0.0001002331
36882 0.0000990739
36962 0.0000984922
37053 0.0000958323
37502 0.0000785686
38614 0.0000642123
38676 0.0000615695
38710 0.0000473531
38985 0.0000456691
39123 0.0000420360
39303 0.0000364505
39304 0.0000323310
39360 0.0000257700
39608 0.0000214844
39760 0.0000200017
39837 0.0000193156
40014 0.0000105961
40200 0.0000098878
40519 0.0000059584
40706 0.0000049154
41020 0.0000042289
41175 0.0000038888
41334 0.0000035256
41351 0.0000024313
41677 0.0000023743
41811 0.0000022746
41877 0.0000015906
42117 0.0000014785
42181 0.0000013975
42289 0.0000010228
42585 0.0000009665
42659 0.0000009120
42797 0.0000008931
42798 0.0000008886
42802 0.0000007213
43037 0.0000007177
43078 0.0000006217
43239 0.0000005759
43274 0.0000005458
43327 0.0000004907
43411 0.0000004532
43481 0.0000004282
43527 0.0000004085
43576 0.0000003944
43611 0.0000003854
43679 0.0000003747
43856 0.0000003619
43920 0.0000003032
44153 0.0000002523
44493 0.0000002477
44508 0.0000002413
44604 0.0000002333
44648 0.0000002143
44799 0.0000001953
44851 0.0000001863
45371 0.0000001823
45513 0.0000001708
45773 0.0000001656
45874 0.0000001643
46078 0.0000001635
46293 0.0000001631
46301 0.0000001612
46452 0.0000001585
46507 0.0000001570
46557 0.0000001556
46741 0.0000001550
47208 0.0000001535
47240 0.0000001527
47252 0.0000001520
47531 0.0000001503
47612 0.0000001438
47791 0.0000001416
48335 0.0000001214
49261 0.0000001091
49404 0.0000000980
49530 0.0000000876
49624 0.0000000872
49650 0.0000000808
49774 0.0000000672
49950 0.0000000577
50218 0.0000000576
50220 0.0000000569
50241 0.0000000494
50289 0.0000000468
50423 0.0000000437
50433 0.0000000351
50525 0.0000000324
50543 0.0000000251
50734 0.0000000215
50831 0.0000000203
50896 0.0000000158
51024 0.0000000139
51141 0.0000000132
51225 0.0000000110
51275 0.0000000103
51324 0.0000000069
51368 0.0000000065
51678 0.0000000064
51863 0.0000000061
51878 0.0000000051
51882 0.0000000045
51884 0.0000000041
52077 0.0000000028
52255 0.0000000025
52403 0.0000000023
52422 0.0000000023
52518 0.0000000020
52585 0.0000000019
52604 0.0000000019
52719 0.0000000017
52820 0.0000000013
52881 0.0000000012
52999 0.0000000012
53000 0.0000000012
53044 0.0000000010
53098 0.0000000010
53246 0.0000000009
53271 0.0000000008
53311 0.0000000007
53593 0.0000000007
53626 0.0000000005
53841 0.0000000005
53853 0.0000000005
53959 0.0000000004
54122 0.0000000004
54123 0.0000000004
54182 0.0000000004
54199 0.0000000003
54580 0.0000000003
54626 0.0000000002
54946 0.0000000002
55014 0.0000000002
55143 0.0000000002
55170 0.0000000002
55172 0.0000000002
55328 0.0000000002
55736 0.0000000002
55781 0.0000000002
56037 0.0000000002
56075 0.0000000002
56179 0.0000000002
56280 0.0000000002
56310 0.0000000001
56517 0.0000000001
56687 0.0000000001
56695 0.0000000001
56787 0.0000000001
56904 0.0000000001
56908 0.0000000001
56941 0.0000000001
56968 0.0000000001
56976 0.0000000001
57173 0.0000000001
57177 0.0000000001
57274 0.0000000001
57406 0.0000000001
57603 0.0000000001
57682 0.0000000001
57775 0.0000000001
57872 0.0000000001
57883 0.0000000001
57980 0.0000000001
58034 0.0000000001
58511 0.0000000001
58603 0.0000000001
58626 0.0000000001
58712 0.0000000001
58927 0.0000000001
59593 0.0000000001
59689 0.0000000001
59718 0.0000000001
59754 0.0000000001
59816 0.0000000001
60021 0.0000000001
60222 0.0000000001
60299 0.0000000001
60398 0.0000000001
60579 0.0000000001
60769 0.0000000001
60866 0.0000000001
61031 0.0000000001
61247 0.0000000001
61249 0.0000000001
61453 0.0000000001
61587 0.0000000001
61809 0.0000000001
61817 0.0000000001
61963 0.0000000001
62198 0.0000000001
62200 0.0000000001
62487 0.0000000001
62628 0.0000000001
62968 0.0000000001
62997 0.0000000001
63390 0.0000000001
63764 0.0000000001
63822 0.0000000001
64275 0.0000000001
65475 0.0000000001
65528 0.0000000001
65558 0.0000000001
65798 0.0000000001
65874 0.0000000001
65879 0.0000000000
66396 0.0000000000
66586 0.0000000000
66653 0.0000000000
66669 0.0000000000
66755 0.0000000000
66790 0.0000000000
67005 0.0000000000
67066 0.0000000000
67388 0.0000000000
67562 0.0000000000
67653 0.0000000000
67742 0.0000000000
67743 0.0000000000
67853 0.0000000000
68015 0.0000000000
68120 0.0000000000
68210 0.0000000000
68234 0.0000000000
68266 0.0000000000
68410 0.0000000000
68700 0.0000000000
68819 0.0000000000
68973 0.0000000000
69013 0.0000000000
69029 0.0000000000
69066 0.0000000000
69077 0.0000000000
69312 0.0000000000
69411 0.0000000000
69437 0.0000000000
69446 0.0000000000
69508 0.0000000000
69583 0.0000000000
69719 0.0000000000
69745 0.0000000000
69845 0.0000000000
69920 0.0000000000
69988 0.0000000000
evaluations raw_y
1 1672.4597526931
2 1628.8008114603
10 1428.5773852264
11 1331.8940405820
13 888.6033465491
22 888.1434473699
73 799.4018150371
111 649.9877841777
458 641.9614061179
761 578.0079895685
772 570.2892418572
840 543.7081874686
886 359.7149479124
1140 340.8394186931
1187 324.7196322707
1196 315.3052985044
1497 226.0304072335
1743 211.0890617694
1781 183.0032703925
1788 177.4894579478
1881 175.4297544627
1900 146.1976438750
2015 136.3105728551
2124 128.6555315692
2128 125.6928194292
2189 110.8987351614
2305 99.3613792447
2408 85.4502691431
2441 78.7252634727
2519 68.0827598117
2524 63.0024847569
2612 62.4923551939
2785 53.0783088949
2853 45.6880618951
2995 27.4626659302
3219 18.1809134933
3504 17.7828449015
3529 15.2927628289
3549 14.9834760333
3602 13.4083041070
3797 13.1719447244
3809 10.6464778449
4051 9.0494865103
4102 8.0629397397
4414 7.8544608793
4424 6.0381400773
4428 5.9182120958
4443 5.8244917460
4573 5.8182914043
4720 4.2393297328
4896 2.4365902572
4996 2.2262585371
5073 2.2243076926
5292 1.6021889354
5641 1.2321715732
5949 0.8620598819
5984 0.6583505545
6232 0.5530692366
6577 0.4670762924
6580 0.4437557498
6692 0.4367482073
6723 0.4229788833
6768 0.4077110831
6794 0.3009999559
6868 0.2700138014
7018 0.2570126461
7045 0.2291067530
7085 0.1738327616
7209 0.1653783442
7323 0.1643649078
7334 0.1563739194
7364 0.1528961900
7418 0.1496408663
7434 0.1230252919
7650 0.0880385901
7777 0.0717584252
7920 0.0690976873
8107 0.0687955736
8139 0.0610387271
8142 0.0602737300
8197 0.0560360842
8223 0.0526442252
8300 0.0425675247
8595 0.0371168756
8604 0.0355416776
8623 0.0296166954
8647 0.0275446232
8885 0.0268807940
8942 0.0247526926
9028 0.0194734449
9424 0.0181827217
9461 0.0174956955
9580 0.0171518162
9598 0.0136987506
9888 0.0123502898
9966 0.0121680430
10017 0.0117760858
10285 0.0111887338
10376 0.0110249219
10398 0.0107458034
10435 0.0105538069
10492 0.0101415737
10616 0.0098334431
10750 0.0095187467
10906 0.0094615388
10919 0.0090337142
11183 0.0089513724
11259 0.0089483547
11278 0.0088141690
11432 0.0087125663
11444 0.0086197014
11458 0.0084872628
11541 0.0083626058
11643 0.0083517157
11692 0.0082708931
11848 0.0082267237
11915 0.0081591152
12167 0.0079628878
12628 0.0079520264
12915 0.0079358246
13133 0.0079247087
13651 0.0079153110
13661 0.0079059916
13682 0.0079047233
13694 0.0078982895
13730 0.0078728398
14136 0.0078592218
14493 0.0078572265
14651 0.0078571260
14665 0.0078542816
14731 0.0078441296
14840 0.0078420135
15056 0.0078396734
15129 0.0078356579
15305 0.0078351249
15354 0.0078345098
15408 0.0078325151
15555 0.0078318516
15577 0.0078308932
15602 0.0078296221
15670 0.0078295326
15680 0.0078294524
15761 0.0078289502
15839 0.0078275169
15878 0.0078273344
15936 0.0078255280
16117 0.0078241594
16464 0.0078236514
16958 0.0078234394
16993 0.0078231764
17232 0.0078230857
17294 0.0078230663
17504 0.0078230125
17554 0.0078229521
17582 0.0078227936
17623 0.0078227040
17797 0.0078226046
18117 0.0078225928
18153 0.0078225923
18167 0.0078225412
18179 0.0078225057
18240 0.0078224777
18315 0.0078224228
18353 0.0078223781
18421 0.0078223752
18616 0.0078223535
18793 0.0078223375
18951 0.0078223321
19035 0.0078223248
19069 0.0078222888
19175 0.0078222855
19324 0.0078222792
19417 0.0078222488
19607 0.0078222355
19897 0.0078222309
20072 0.0078222300
20090 0.0078222260
20263 0.0078222221
20451 0.0078222171
20833 0.0078222139
20836 0.0078222100
20965 0.0078222073
21513 0.0078222071
21520 0.0078222066
21647 0.0078222062
21657 0.0078222060
21791 0.0078222059
21793 0.0078222054
21951 0.0078222051
21984 0.0078222046
22402 0.0078222042
22462 0.0078222037
22746 0.0078222035
22804 0.0078222033
22824 0.0078222031
22839 0.0078222026
23288 0.0078222026
23478 0.0078222024
23590 0.0078222024
23631 0.0078222024
23663 0.0078222024
23741 0.0078222023
23934 0.0078222023
24001 0.0078222023
24081 0.0078222022
24135 0.0078222022
24222 0.0078222022
24232 0.0078222022
24325 0.0078222022
24413 0.0078222022
24439 0.0078222021
24537 0.0078222021
24634 0.0078222021
24702 0.0078222022
evaluations raw_y
1 2834.3380706711
3 2536.3969830156
14 1865.0340517868
71 1540.5209297913
77 1471.8053943184
83 1464.5810779322
133 1240.5448377567
178 1116.0302397228
261 1027.2567670627
560 953.2476562054
939 833.3880275596
1027 814.4182926365
1040 777.0238683711
1103 768.9292271338
1120 751.7879938205
1128 701.8465969580
1167 642.2032103853
1200 588.7641796436
1215 554.8626858785
1237 502.1976776960
1285 418.3740975863
1598 332.4608962584
1706 266.3962051493
1869 227.0684675879
1895 220.3138625780
1945 199.4005135091
2120 164.9691435710
2149 144.8236387057
2216 129.4169144364
2400 103.4991683208
2495 68.5620588061
2743 61.2467386749
3030 59.8578331112
3069 52.9510772054
3101 52.3740476461
3123 49.3978785918
3162 41.9139008010
3411 39.3782450190
3473 38.5462945225
3495 35.6474371299
3508 35.1135020000
3568 28.3101889118
3595 18.0519118082
3977 16.3586972611
4251 16.0856339345
4263 14.9013145571
4270 13.7744675616
4277 11.9033284034
4456 9.4667336630
4773 8.9814826071
4782 5.2956761751
4918 5.2517478153
5018 4.5993256432
5132 2.9398243528
5594 2.5028258682
5655 2.3464152802
5831 2.2241422043
6056 2.1573575641
6079 1.8092240615
6090 1.6354352084
6236 1.0436457806
6351 0.9804070446
6649 0.8000635742
6755 0.7746484655
6767 0.6748183294
6923 0.5975034684
6938 0.5835186828
7064 0.4805278667
7098 0.4000388677
7320 0.3500527434
7511 0.2689160611
7574 0.1877184209
7941 0.1735473879
8086 0.1575043921
8103 0.1358653482
8219 0.1323609566
8447 0.1314929225
8460 0.1293694524
8557 0.1216680690
8562 0.0778678968
8614 0.0753538205
8788 0.0579779180
8894 0.0495731609
9011 0.0480733221
9167 0.0446427403
9263 0.0434291693
9280 0.0409039107
9304 0.0340660312
9311 0.0241343916
9605 0.0233844958
9630 0.0228420263
9634 0.0212853996
9665 0.0200906642
9703 0.0196826986
9781 0.0164031990
9869 0.0147462345
10056 0.0131583081
10062 0.0121167961
10074 0.0093532911
10368 0.0080945174
10585 0.0067645613
10602 0.0063602918
10759 0.0053488002
11112 0.0047331857
11135 0.0047218653
11252 0.0042431160
11308 0.0041268093
11371 0.0040966447
11417 0.0034842031
11464 0.0028740153
11626 0.0028559493
11699 0.0027715654
11805 0.0026069658
11846 0.0024083352
12006 0.0022420787
12057 0.0019487331
12075 0.0017060141
12133 0.0015761671
12393 0.0015719044
12511 0.0015120209
12608 0.0013929375
12656 0.0013889713
12660 0.0013578105
12709 0.0013396504
12746 0.0012475495
12786 0.0012005317
12952 0.0009903231
13425 0.0009416524
13492 0.0008765593
13800 0.0008527603
13842 0.0008518642
13856 0.0008244176
14119 0.0008227909
14199 0.0007980855
14262 0.0007772846
14375 0.0007698195
14445 0.0007574636
14718 0.0007536736
14752 0.0007491336
14819 0.0007459578
14898 0.0007414559
14950 0.0007256549
15120 0.0007251467
15132 0.0007244695
15198 0.0007243798
15242 0.0007150780
15447 0.0007129781
15532 0.0007099388
15611 0.0007084583
15676 0.0007065309
15931 0.0007054172
15969 0.0007052781
16002 0.0007029291
16046 0.0007025322
16103 0.0007001731
16220 0.0006967016
16345 0.0006964052
16536 0.0006957934
16604 0.0006957459
16679 0.0006947675
16786 0.0006943833
16891 0.0006941736
16942 0.0006930214
16988 0.0006925763
17098 0.0006918916
17373 0.0006916952
17430 0.0006916758
17525 0.0006914396
17590 0.0006912294
17606 0.0006908577
17713 0.0006907375
17898 0.0006904588
17988 0.0006902997
18060 0.0006902543
18134 0.0006901509
18244 0.0006900968
18245 0.0006900393
18296 0.0006899931
18307 0.0006899886
18320 0.0006899378
18474 0.0006899153
18486 0.0006899103
18487 0.0006899066
18527 0.0006898387
18532 0.0006897780
18617 0.0006897317
18698 0.0006896164
18906 0.0006896091
18924 0.0006895760
19047 0.0006895578
19082 0.0006895084
19192 0.0006894216
19377 0.0006894162
19578 0.0006894161
19810 0.0006893884
19837 0.0006893654
19989 0.0006893489
20009 0.0006893303
20111 0.0006893085
20226 0.0006893057
20533 0.0006893009
20580 0.0006892992
20608 0.0006892981
20652 0.0006892966
20702 0.0006892940
20733 0.0006892870
20783 0.0006892816
20947 0.0006892731
21004 0.0006892723
21022 0.0006892699
21107 0.0006892667
21129 0.0006892656
21180 0.0006892654
21219 0.0006892653
21260 0.0006892650
21279 0.0006892648
21284 0.0006892626
21323 0.0006892610
21428 0.0006892601
21452 0.0006892587
21544 0.0006892554
21825 0.0006892531
21964 0.0006892522
22180 0.0006892477
22465 0.0006892471
22912 0.0006892451
23593 0.0006892444
23642 0.0006892444
23837 0.0006892440
24170 0.0006892440
24247 0.0006892437
24337 0.0006892437
24590 0.0006892437
24766 0.0006892436
25001 0.0006892436
25030 0.0006892436
25073 0.0006892435
25148 0.0006892435
25151 0.0006892435
25246 0.0006892434
25376 0.0006892434
25396 0.0006892434
25401 0.0006892434
25418 0.0006892434
25766 0.0006892434
26078 0.0006892433
26273 0.0006892433
26283 0.0006892434
evaluations raw_y
1 2095.6538056660
5 1942.7558661836
8 1939.3995864881
9 1731.2516982262
10 1729.8425904083
11 1428.0405967797
16 1303.5435575516
18 1284.0373920575
54 1226.2219684611
56 939.1938106172
81 704.7201624915
852 669.0426629630
858 628.5319392329
935 614.9694836929
949 518.3264785281
999 506.5101012325
1063 462.6602909909
1087 394.0042210260
1222 314.2929406788
1235 296.0221623565
1264 295.2114631903
1277 291.7864154083
1343 232.6271948744
1558 162.3077829961
1675 85.0999315784
2424 79.6432208086
2508 70.3259967609
2540 59.6423437069
2787 55.2567224237
2798 52.3344476682
2819 43.9678886091
2952 35.2177156552
2977 33.2574817438
3236 30.1349210741
3253 25.9407645689
3285 25.1332433671
3337 25.1221538261
3582 20.9006466404
3663 19.3208932259
3755 19.1326198860
3777 17.4089774878
3815 14.8015217204
3919 13.9377012945
4008 13.1031900635
4042 12.1149111361
4061 11.1669444132
4136 10.7179386990
4345 10.5813562529
4398 8.8386500537
4415 8.6288325587
4468 7.8337425154
4473 7.3872006095
4566 6.3980461330
4764 6.0878344572
4784 5.0325238023
4818 4.9449618851
4909 3.7605682928
4960 3.6331692877
5080 3.0517416112
5092 3.0310062834
5291 1.6925294637
5558 1.3904010334
6056 1.2791856289
6133 1.1897657606
6399 1.0326096186
6647 0.9294339639
6722 0.8710823593
6772 0.8075838417
6875 0.7994783081
6994 0.7967722038
7003 0.7242651788
7085 0.6512857718
7172 0.5647230657
7383 0.5448559658
7615 0.5405549252
7647 0.5364473059
7697 0.5311392425
7775 0.5298355739
7815 0.5022419211
7877 0.4964998075
7887 0.4898032482
7929 0.4856912305
7995 0.4716737873
8052 0.4438891882
8326 0.4275777134
8527 0.4198678427
8681 0.4165775418
8796 0.4099021030
8884 0.4087898087
9087 0.4007154160
9361 0.3942009496
9637 0.3930147091
9729 0.3909571459
9768 0.3862440431
10107 0.3853332414
10203 0.3841075323
10482 0.3838595095
10490 0.3836785979
10491 0.3817287985
10670 0.3806660917
10725 0.3804664063
11093 0.3800639971
11173 0.3793564018
11567 0.3791065243
11659 0.3790814351
11791 0.3789181497
11899 0.3787310668
12155 0.3786801889
12253 0.3786499516
12289 0.3786475285
12503 0.3786354615
12595 0.3786278059
12629 0.3786102981
12652 0.3785863714
12692 0.3785843397
12710 0.3785502102
12816 0.3784901962
12824 0.3784840343
12887 0.3784637771
12925 0.3783589348
13059 0.3783578020
13200 0.3783252208
13214 0.3783179781
13697 0.3783045618
13742 0.3783022918
13785 0.3783014716
13856 0.3782898291
14051 0.3782336473
14635 0.3782312608
14739 0.3782163762
14773 0.3782081294
15899 0.3780924269
16593 0.3780571120
17078 0.3774238661
17520 0.3767608593
17550 0.3763774644
17581 0.3722617468
18360 0.3717510467
18450 0.3663647619
18623 0.3296824456
19029 0.3267221988
19972 0.3025141369
20138 0.2668158085
20196 0.2491555479
20308 0.2227889250
20365 0.2069047864
20389 0.1655038343
20480 0.1416917927
20652 0.1055178514
20680 0.0803445977
20981 0.0742055584
21125 0.0623245726
21276 0.0559431437
21343 0.0549754706
21360 0.0533274474
21469 0.0513268353
21576 0.0489642484
21583 0.0394772180
21654 0.0372808437
21691 0.0358836558
21715 0.0245854517
21888 0.0200464536
22180 0.0161032513
22293 0.0145936609
22346 0.0114023600
22773 0.0100685971
22876 0.0088386528
23073 0.0076283197
23078 0.0072126244
23300 0.0068316078
23323 0.0067244889
23367 0.0046213470
23584 0.0045410676
23663 0.0043960972
23733 0.0040396097
23744 0.0038899641
23750 0.0035703150
23808 0.0033898248
23875 0.0029150950
23972 0.0026756285
24006 0.0023808867
24282 0.0022851679
24332 0.0020479842
24382 0.0018601238
24420 0.0017614728
24421 0.0016383004
24603 0.0011376210
24910 0.0009732063
24942 0.0009336876
25037 0.0008668386
25040 0.0008492381
25066 0.0005563199
25657 0.0005036352
25708 0.0004961718
25776 0.0004600973
25835 0.0004404682
26037 0.0004332221
26112 0.0004056051
26280 0.0003879760
26381 0.0003475446
26564 0.0003449636
26745 0.0003371760
26810 0.0003359041
26842 0.0003173800
26865 0.0003105430
26979 0.0002977659
27044 0.0002672506
27521 0.0002613316
27733 0.0002594217
27775 0.0002579431
27778 0.0002507628
28059 0.0002498805
28087 0.0002459405
28126 0.0002420684
28386 0.0002413231
28523 0.0002405460
28683 0.0002404447
28766 0.0002403733
28811 0.0002402568
28901 0.0002400711
28945 0.0002378393
28999 0.0002368387
29117 0.0002360599
29138 0.0002358801
29164 0.0002345496
29287 0.0002337608
29508 0.0002321486
29832 0.0002319821
29898 0.0002314397
30308 0.0002312878
30390 0.0002312073
30413 0.0002311264
30577 0.0002304186
30598 0.0002300160
31324 0.0002298750
31900 0.0002297897
32921 0.0002293694
33294 0.0002070496
34277 0.0001719215
34365 0.0001405337
34689 0.0000984276
35347 0.0000596964
35574 0.0000556205
35649 0.0000538693
35749 0.0000455296
35846 0.0000388893
35853 0.0000352867
35978 0.0000334958
35992 0.0000329696
36027 0.0000301014
36044 0.0000170482
36335 0.0000131003
36612 0.0000094544
36729 0.0000093463
36795 0.0000088337
37041 0.0000087418
37086 0.0000074089
37092 0.0000059332
37308 0.0000046342
37427 0.0000043750
37460 0.0000035608
37510 0.0000033081
37563 0.0000031497
37767 0.0000027928
37779 0.0000023618
37878 0.0000022708
37955 0.0000021134
37958 0.0000020356
38007 0.0000011998
38463 0.0000009240
38648 0.0000007398
38864 0.0000006033
38879 0.0000005173
38974 0.0000005116
39113 0.0000004925
39373 0.0000004774
39410 0.0000003138
39569 0.0000002907
39690 0.0000002601
39750 0.0000002190
39833 0.0000001483
40120 0.0000001365
40330 0.0000001292
40420 0.0000001262
40465 0.0000001069
40571 0.0000001033
40644 0.0000000919
40759 0.0000000887
40818 0.0000000833
40897 0.0000000778
41000 0.0000000739
41152 0.0000000700
41169 0.0000000693
41239 0.0000000674
41443 0.0000000596
41465 0.0000000570
41543 0.0000000568
41797 0.0000000560
41806 0.0000000550
41818 0.0000000536
41958 0.0000000534
41985 0.0000000507
42002 0.0000000505
42057 0.0000000488
42183 0.0000000456
42439 0.0000000455
42487 0.0000000455
42511 0.0000000455
42568 0.0000000454
42614 0.0000000444
42682 0.0000000442
42768 0.0000000430
42853 0.0000000428
43000 0.0000000423
43103 0.0000000414
43580 0.0000000412
43595 0.0000000409
43676 0.0000000407
43855 0.0000000406
44006 0.0000000404
44165 0.0000000404
44204 0.0000000402
44225 0.0000000402
44257 0.0000000402
44309 0.0000000401
44400 0.0000000401
44452 0.0000000400
44557 0.0000000399
44689 0.0000000398
44772 0.0000000398
44976 0.0000000398
45012 0.0000000397
45408 0.0000000397
45484 0.0000000396
45654 0.0000000396
45932 0.0000000396
45994 0.0000000396
46010 0.0000000396
46062 0.0000000395
46192 0.0000000395
46458 0.0000000395
46520 0.0000000395
46584 0.0000000395
46714 0.0000000395
46788 0.0000000395
47232 0.0000000395
47245 0.0000000395
47312 0.0000000395
47320 0.0000000395
47458 0.0000000395
47466 0.0000000395
47482 0.0000000395
47501 0.0000000395
47575 0.0000000395
47695 0.0000000395
47735 0.0000000395
47959 0.0000000395
47964 0.0000000395
48056 0.0000000395
48060 0.0000000395
48244 0.0000000395
48266 0.0000000395
48287 0.0000000395
48377 0.0000000395
48398 0.0000000395
48465 0.0000000395
48502 0.0000000395
48602 0.0000000395
48618 0.0000000395
48669 0.0000000395
48931 0.0000000395
49310 0.0000000395
49573 0.0000000395
49768 0.0000000395
50532 0.0000000395
50599 0.0000000395
50667 0.0000000395
50715 0.0000000395
50776 0.0000000395
50791 0.0000000395
51102 0.0000000395
51391 0.0000000395
51467 0.0000000395
51512 0.0000000394
51648 0.0000000394
51739 0.0000000394
51896 0.0000000394
51956 0.0000000394
52074 0.0000000394
52299 0.0000000393
52417 0.0000000393
52462 0.0000000393
52479 0.0000000385
52715 0.0000000384
52823 0.0000000379
53112 0.0000000378
53160 0.0000000362
53176 0.0000000359
53376 0.0000000311
54638 0.0000000295
54776 0.0000000282
54820 0.0000000244
54870 0.0000000243
54890 0.0000000212
54906 0.0000000171
55096 0.0000000145
55268 0.0000000145
55413 0.0000000105
55416 0.0000000095
55823 0.0000000095
55838 0.0000000088
55854 0.0000000076
55901 0.0000000073
56012 0.0000000045
56332 0.0000000032
56413 0.0000000032
56515 0.0000000029
56577 0.0000000026
56751 0.0000000023
56784 0.0000000023
56805 0.0000000022
56904 0.0000000019
56934 0.0000000016
57032 0.0000000013
57096 0.0000000010
57391 0.0000000006
57729 0.0000000006
57910 0.0000000005
57930 0.0000000004
57974 0.0000000004
57999 0.0000000004
58001 0.0000000004
58045 0.0000000003
58046 0.0000000002
58410 0.0000000001
59240 0.0000000001
59331 0.0000000001
59616 0.0000000001
59617 0.0000000001
59626 0.0000000000
59664 0.0000000000
59968 0.0000000000
60259 0.0000000000
60416 0.0000000000
60488 0.0000000000
60585 0.0000000000
60700 0.0000000000
60731 0.0000000000
60738 0.0000000000
60765 0.0000000000
60834 0.0000000000
60923 0.0000000000
61146 0.0000000000
61193 0.0000000000
61194 0.0000000000
61266 0.0000000000
61407 0.0000000000
61470 0.0000000000
61546 0.0000000000
61628 0.0000000000
61642 0.0000000000
61655 0.0000000000
61695 0.0000000000
61704 0.0000000000
61709 0.0000000000
61781 0.0000000000
61810 0.0000000000
61821 0.0000000000
61845 0.0000000000
61958 0.0000000000
61987 0.0000000000
62003 0.0000000000
62158 0.0000000000
62209 0.0000000000
62335 0.0000000000
62380 0.0000000000
62458 0.0000000000
62484 0.0000000000
62487 0.0000000000
62651 0.0000000000
62736 0.0000000000
62744 0.0000000000
62784 0.0000000000
62967 0.0000000000
62999 0.0000000000
63024 0.0000000000
63111 0.0000000000
63131 0.0000000000
63289 0.0000000000
63351 0.0000000000
63404 0.0000000000
63415 0.0000000000
63417 0.0000000000
63478 0.0000000000
63525 0.0000000000
63550 0.0000000000
63773 0.0000000000
64092 0.0000000000
64093 0.0000000000
64103 0.0000000000
64147 0.0000000000
64188 0.0000000000
64281 0.0000000000
64689 0.0000000000
64690 0.0000000000
64803 0.0000000000
65073 0.0000000000
65701 0.0000000000
66053 0.0000000000
74636 0.0000000000
evaluations raw_y
1 2695.7895283124
8 2206.0599976566
16 1664.3092992189
17 1592.0752587156
57 1574.6861699382
65 1284.6775782827
85 1202.4156007957
121 1128.9276682600
212 1064.0499669209
826 1012.1143720935
858 851.5142854434
900 803.7425210722
1077 792.8728230380
1095 714.7021653631
1204 684.0360190594
1209 653.3720698903
1240 640.3242882451
1285 578.2066500755
1310 509.4414468836
1385 485.0933671448
1406 452.8073058662
1519 399.7524582495
1549 335.2895947595
1664 327.1646595733
1693 273.0382150501
1719 246.1128559423
1755 212.8077432990
1775 201.7630367177
1933 192.1179545583
2156 132.0101751911
2321 123.5984029935
2563 110.0769825807
2779 105.6516032752
2803 85.7297333360
2974 61.3346832490
3085 56.8771955828
3208 48.0735887352
3215 44.4839605670
3529 27.4733419118
3542 21.4360589659
4133 16.9474258578
4306 12.3908995191
4399 11.9640267077
4408 11.6267284538
4588 9.8291791393
4673 8.8768902096
4796 8.6847447094
4968 7.1943358716
5009 6.4445710712
5070 6.2824011640
5121 5.2874093169
5314 4.0751117032
5527 3.7615414885
5577 3.6432124147
5592 3.6138627398
5593 1.9735557483
5916 1.9278104200
5950 1.9190303956
6117 1.7309725648
6122 1.6545428923
6200 1.6480487005
6257 1.0951031876
6594 0.9346570376
6676 0.9098983808
6693 0.8491082758
6768 0.7573304629
6986 0.6895030534
6999 0.5267193002
7245 0.4597313741
7405 0.4516859374
7507 0.3637462143
7514 0.3421778839
7524 0.3130080779
7690 0.3050582091
7767 0.2945900258
7868 0.2573369453
7890 0.2269942830
7957 0.2158573027
8081 0.2146994053
8242 0.2097718961
8286 0.1735568235
8468 0.1670510671
8491 0.1576497156
8516 0.1514318269
8538 0.1203034396
8707 0.1103003866
8824 0.0981538867
9042 0.0969220493
9078 0.0961987074
9099 0.0917534052
9129 0.0909812010
9177 0.0777322801
9259 0.0758410211
9330 0.0739626240
9444 0.0682761158
9514 0.0647165265
9622 0.0641471638
9824 0.0626549226
9830 0.0610292174
9843 0.0573100490
9991 0.0535219955
10272 0.0520826093
10407 0.0520758487
10474 0.0515244470
10516 0.0508222488
10520 0.0479686530
10572 0.0479401775
10607 0.0476324127
10685 0.0468511534
10811 0.0459762789
10922 0.0457002210
11003 0.0456916514
11096 0.0454792334
11142 0.0444408410
11212 0.0442967606
11240 0.0441232537
11346 0.0438327441
11396 0.0430863563
11474 0.0427302892
11692 0.0426074335
11807 0.0424141365
11953 0.0423657027
12051 0.0421763660
12052 0.0419520716
12400 0.0419451147
12428 0.0418584649
12489 0.0417702462
12510 0.0417417299
12559 0.0417056777
12643 0.0417031286
12702 0.0415775628
12752 0.0414160252
13226 0.0413800942
13252 0.0413025641
13333 0.0412852081
13433 0.0412618244
13545 0.0412340503
13740 0.0412009462
13867 0.0411832919
13961 0.0411785918
14232 0.0411552715
14360 0.0411395421
14779 0.0411297390
14984 0.0411290322
15012 0.0411263352
15113 0.0411259036
15128 0.0411213745
15135 0.0411191193
15218 0.0411130955
15396 0.0411129694
15447 0.0411118289
15559 0.0411110854
15572 0.0411106447
15583 0.0411073693
15678 0.0411040680
15699 0.0411010952
15757 0.0410980007
16202 0.0410958671
16473 0.0410940199
16694 0.0410936449
16721 0.0410936303
16951 0.0410929072
17081 0.0410927223
17124 0.0410926737
17238 0.0410922782
17401 0.0410920783
17473 0.0410918270
17755 0.0410916626
17818 0.0410915538
17840 0.0410913851
17863 0.0410913263
18198 0.0410912736
18236 0.0410912593
18291 0.0410910545
18606 0.0410909887
18675 0.0410908735
19167 0.0410908475
19195 0.0410907969
19240 0.0410907375
19805 0.0410907276
19918 0.0410907013
20070 0.0410906990
20181 0.0410906885
20198 0.0410906879
20373 0.0410906865
20428 0.0410906767
20442 0.0410906742
20501 0.0410906485
20842 0.0410906425
21405 0.0410906417
21412 0.0410906413
21606 0.0410906412
21673 0.0410906403
21806 0.0410906280
22445 0.0410906222
23034 0.0410906061
23169 0.0410906034
23304 0.0410905944
23316 0.0410905910
23339 0.0410905442
23698 0.0410905419
23715 0.0410904527
23780 0.0410904379
24136 0.0410903841
24202 0.0410902243
24300 0.0410895250
24309 0.0410892276
24436 0.0410886711
24479 0.0410871775
24795 0.0410860321
24878 0.0410821452
25014 0.0410724092
25131 0.0410701657
25164 0.0410665409
25179 0.0410519570
25197 0.0410367685
25252 0.0410319221
25254 0.0410264403
25411 0.0409736059
25435 0.0408706025
25801 0.0407536412
25839 0.0404395140
25895 0.0397867935
26126 0.0380578265
27446 0.0279839317
27832 0.0173387180
28195 0.0164706526
28244 0.0162788517
28256 0.0158479512
28284 0.0138391830
28325 0.0127539289
28425 0.0104869967
28548 0.0090413356
28607 0.0073714902
28615 0.0063513845
28997 0.0054105799
29109 0.0048476850
29145 0.0044034900
29162 0.0038910714
29324 0.0035522022
29368 0.0034412519
29414 0.0032054102
29425 0.0025601071
29477 0.0024090082
29535 0.0022621955
29545 0.0021849346
29633 0.0019697826
29807 0.0018888281
29824 0.0017789839
29940 0.0017154065
30020 0.0017149164
30137 0.0016710625
30176 0.0015721625
30188 0.0014031287
30292 0.0013563978
30322 0.0009868636
30418 0.0008279953
30715 0.0005974723
30949 0.0005506261
31015 0.0004214982
31192 0.0004095628
31203 0.0003866494
31276 0.0003653354
31280 0.0003168438
31415 0.0003004993
31448 0.0002588090
31587 0.0002486726
31600 0.0001649539
31720 0.0001608084
32062 0.0001484122
32107 0.0001448868
32190 0.0001249276
32327 0.0001241180
32555 0.0001021250
32935 0.0001013944
33066 0.0001010580
33275 0.0000909515
33560 0.0000881465
33578 0.0000795081
33882 0.0000700501
34089 0.0000687118
34094 0.0000608842
34120 0.0000579449
34396 0.0000488338
34426 0.0000453111
34662 0.0000412966
34705 0.0000383874
34801 0.0000377369
35052 0.0000372435
35441 0.0000259375
36111 0.0000164846
36562 0.0000108385
37228 0.0000103822
37285 0.0000077187
37422 0.0000075017
37562 0.0000071239
37589 0.0000058923
37677 0.0000045701
37971 0.0000032795
38335 0.0000032265
38531 0.0000029534
38576 0.0000027225
38751 0.0000024317
38762 0.0000023529
38779 0.0000016432
38977 0.0000015219
39023 0.0000013556
39067 0.0000011955
39480 0.0000010964
39516 0.0000009819
39655 0.0000006572
39937 0.0000006530
40013 0.0000005540
40497 0.0000004885
40760 0.0000004815
40840 0.0000004442
40905 0.0000004201
40979 0.0000003698
40986 0.0000003537
41076 0.0000002921
41220 0.0000002817
41355 0.0000002158
42244 0.0000002081
42346 0.0000002078
42436 0.0000002013
42509 0.0000001872
42577 0.0000001693
42804 0.0000000872
43266 0.0000000765
43437 0.0000000702
43496 0.0000000373
43961 0.0000000354
43963 0.0000000340
44230 0.0000000250
44262 0.0000000215
44432 0.0000000200
44471 0.0000000194
44526 0.0000000183
44547 0.0000000161
44623 0.0000000152
44741 0.0000000141
44749 0.0000000112
45032 0.0000000107
45042 0.0000000105
45048 0.0000000101
45192 0.0000000088
45414 0.0000000070
45454 0.0000000051
45608 0.0000000051
45858 0.0000000040
45907 0.0000000034
45993 0.0000000034
46006 0.0000000033
46073 0.0000000032
46240 0.0000000029
46301 0.0000000025
46451 0.0000000020
46648 0.0000000017
46664 0.0000000017
46956 0.0000000016
47057 0.0000000014
47131 0.0000000013
47350 0.0000000013
47584 0.0000000012
47592 0.0000000012
47691 0.0000000012
47766 0.0000000010
47860 0.0000000010
47938 0.0000000010
48006 0.0000000010
48067 0.0000000010
48095 0.0000000009
48354 0.0000000009
48406 0.0000000009
48431 0.0000000009
48591 0.0000000008
48646 0.0000000008
48682 0.0000000008
48850 0.0000000008
48903 0.0000000008
48954 0.0000000008
48967 0.0000000008
48973 0.0000000007
49092 0.0000000007
49244 0.0000000007
49467 0.0000000007
49468 0.0000000007
49472 0.0000000007
49910 0.0000000007
50501 0.0000000007
50708 0.0000000007
50842 0.0000000006
51028 0.0000000006
52604 0.0000000006
52696 0.0000000006
52880 0.0000000004
53125 0.0000000004
53206 0.0000000003
53303 0.0000000003
53307 0.0000000003
53453 0.0000000003
53479 0.0000000003
53497 0.0000000003
53549 0.0000000002
53557 0.0000000002
53705 0.0000000001
53775 0.0000000001
53941 0.0000000001
53953 0.0000000001
54008 0.0000000001
54080 0.0000000001
54102 0.0000000001
54215 0.0000000001
54224 0.0000000001
54275 0.0000000001
54366 0.0000000001
54562 0.0000000001
54713 0.0000000000
54768 0.0000000000
54807 0.0000000000
54843 0.0000000000
54891 0.0000000000
55224 0.0000000000
55225 0.0000000000
55331 0.0000000000
55333 0.0000000000
55661 0.0000000000
55756 0.0000000000
56150 0.0000000000
56157 0.0000000000
56353 0.0000000000
56783 0.0000000000
56904 0.0000000000
57095 0.0000000000
57096 0.0000000000
57251 0.0000000000
57499 0.0000000000
57575 0.0000000000
57727 0.0000000000
57771 0.0000000000
57903 0.0000000000
57951 0.0000000000
58207 0.0000000000
58484 0.0000000000
58638 0.0000000000
58734 0.0000000000
58928 0.0000000000
59377 0.0000000000
59652 0.0000000000
60135 0.0000000000
60381 0.0000000000
60622 0.0000000000
61923 0.0000000000
62100 0.0000000000
evaluations raw_y
1 1230.4249028978
16 1142.3049097528
22 978.9328857353
30 728.6478601247
135 649.7203785525
186 585.1524880847
196 466.2605013236
229 404.4483480963
662 392.6495542226
858 358.6735607243
880 283.7858081255
1074 233.9154431637
1153 215.4924254083
1335 193.9384690837
1354 169.9094669256
1390 144.6798118220
1634 133.7730682121
1650 125.6285604859
1810 122.8560425220
1838 121.6965380463
1848 109.6767457946
1851 98.9012061152
1974 58.4884181414
2375 51.2852961823
2489 44.3966621543
2527 43.2789081754
2541 39.8765987812
2652 37.3106545898
2782 31.4876888366
2992 22.5911036884
3121 21.3050244531
3152 13.6382487745
3777 11.5984337123
3884 8.3264607828
3976 7.8130213853
4195 6.7034654762
4202 4.6043075643
4482 4.5989037585
4575 2.9275416249
4825 2.3049660271
5276 1.9190476479
5293 1.8542995000
5481 1.4755365981
5638 0.9908984219
5815 0.6560968650
6265 0.6493512214
6269 0.5799957905
6325 0.5124660677
6468 0.4564563465
6610 0.4014107169
6670 0.3986706593
6741 0.3975099613
6878 0.3768514919
6926 0.3656876175
7005 0.3596234379
7025 0.3583560553
7097 0.3323845203
7112 0.2755690494
7360 0.2633417169
7362 0.2611401336
7434 0.2447849391
7612 0.2420415766
7665 0.1779655032
8026 0.1680660122
8166 0.1666675487
8276 0.1654551449
8314 0.1617310122
8345 0.1541779156
8389 0.1512226711
8617 0.1473049798
8707 0.1465111652
8735 0.1458805119
8784 0.1329135649
8806 0.1314798299
8807 0.1311086116
9055 0.1287535713
9119 0.1249871449
9167 0.1226226741
9227 0.1224070729
9311 0.1219889280
9323 0.1212371511
9379 0.1179397388
9548 0.1174949983
9579 0.1162334486
9582 0.1161643021
9596 0.1146191325
9776 0.1140574807
9779 0.1131260085
9829 0.1119507621
10084 0.1093427021
10626 0.1091177086
10682 0.1088657242
10784 0.1074938611
11070 0.1072068144
11442 0.1069531922
11543 0.1068624031
11596 0.1065620829
11733 0.1063585801
11783 0.1063091740
11834 0.1062163265
12049 0.1062091909
12056 0.1059991041
12292 0.1058748459
12295 0.1058120031
12479 0.1055745482
12717 0.1055588440
12832 0.1054790672
12870 0.1054504961
12872 0.1054154058
13035 0.1053997444
13137 0.1053631016
13327 0.1053365825
13553 0.1053184377
13682 0.1052327758
13945 0.1051702468
14345 0.1051683066
14505 0.1051655588
14518 0.1051571162
14531 0.1051075348
14772 0.1050976319
14994 0.1050734509
15530 0.1050673791
15630 0.1050636765
15777 0.1050636607
15785 0.1050533432
15888 0.1050504814
16564 0.1050488123
16860 0.1050441433
16883 0.1050380416
16937 0.1050238850
17639 0.1048394156
18075 0.1045895020
20190 0.1012986006
20555 0.0718505503
20704 0.0683133165
20762 0.0608825913
20997 0.0570127291
21009 0.0548519181
21011 0.0383836200
21106 0.0372943973
21326 0.0322227667
21396 0.0316709446
21401 0.0311114448
21523 0.0305817130
21530 0.0212678531
21583 0.0211605543
21698 0.0161393468
21952 0.0139807204
21993 0.0131220470
22035 0.0127924647
22107 0.0120354557
22137 0.0108580939
22175 0.0102353421
22236 0.0087302262
22493 0.0068353852
22561 0.0059797494
22695 0.0056307813
22886 0.0053382355
23031 0.0042428661
23228 0.0039173156
23280 0.0035630305
23368 0.0031262613
23370 0.0029888974
23436 0.0027824821
23517 0.0025393230
23617 0.0023752685
23637 0.0018538914
23808 0.0017374722
23867 0.0015539148
23914 0.0011318586
24416 0.0008684000
24484 0.0007663988
24616 0.0007607227
24771 0.0006266315
24845 0.0005633636
25101 0.0005283127
25140 0.0005200103
25168 0.0004939821
25383 0.0004088432
25416 0.0004025699
25429 0.0003825288
25455 0.0003401924
25567 0.0003311885
25726 0.0003001382
25766 0.0002409616
25941 0.0001584764
26126 0.0001578495
26201 0.0001422555
26300 0.0001273870
26356 0.0001233779
26411 0.0001113186
26626 0.0000985953
26636 0.0000844523
26757 0.0000715677
26794 0.0000658798
26947 0.0000640424
27027 0.0000460358
27233 0.0000444979
27279 0.0000418718
27392 0.0000374206
27451 0.0000369493
27472 0.0000335202
27487 0.0000287682
27652 0.0000252467
27730 0.0000227007
27775 0.0000188938
27964 0.0000174124
27978 0.0000146674
28081 0.0000099057
28427 0.0000097006
28539 0.0000045906
28859 0.0000042746
29072 0.0000042071
29196 0.0000039100
29382 0.0000031929
29424 0.0000028386
29429 0.0000028356
29505 0.0000023108
29651 0.0000021987
29958 0.0000020268
29989 0.0000017839
30048 0.0000015282
30328 0.0000013729
30364 0.0000013676
30382 0.0000012532
30557 0.0000012304
30593 0.0000009944
30744 0.0000009895
30873 0.0000008783
31123 0.0000008422
31183 0.0000008245
31350 0.0000007536
31483 0.0000007105
31590 0.0000007046
31867 0.0000006831
31891 0.0000006546
31990 0.0000006431
32039 0.0000006297
32110 0.0000006180
32125 0.0000006180
32140 0.0000006134
32156 0.0000006033
32371 0.0000005659
32392 0.0000005465
32654 0.0000005449
32879 0.0000005320
33025 0.0000005115
33218 0.0000005112
33353 0.0000005103
33417 0.0000005095
33453 0.0000005083
33500 0.0000005010
33586 0.0000004962
33769 0.0000004899
34107 0.0000004897
34161 0.0000004896
34168 0.0000004875
34239 0.0000004868
34314 0.0000004854
34349 0.0000004845
34362 0.0000004845
34532 0.0000004837
34620 0.0000004827
34637 0.0000004812
34822 0.0000004809
34939 0.0000004803
35015 0.0000004799
35303 0.0000004796
35398 0.0000004792
35527 0.0000004788
35535 0.0000004781
36350 0.0000004780
36363 0.0000004780
36383 0.0000004779
36518 0.0000004778
36592 0.0000004776
36671 0.0000004776
36776 0.0000004775
36872 0.0000004774
37019 0.0000004774
37060 0.0000004774
37132 0.0000004773
37253 0.0000004773
37315 0.0000004773
37406 0.0000004773
37520 0.0000004773
37623 0.0000004773
37652 0.0000004772
37785 0.0000004772
38062 0.0000004772
38137 0.0000004771
38322 0.0000004771
38416 0.0000004771
38440 0.0000004771
38724 0.0000004771
38796 0.0000004771
38827 0.0000004771
38876 0.0000004771
39169 0.0000004771
39181 0.0000004770
39552 0.0000004770
39704 0.0000004770
39817 0.0000004770
40053 0.0000004770
40273 0.0000004770
40371 0.0000004770
40384 0.0000004770
40492 0.0000004770
41270 0.0000004770
41281 0.0000004770
41330 0.0000004770
41525 0.0000004770
41662 0.0000004770
41668 0.0000004770
41685 0.0000004770
41772 0.0000004770
41861 0.0000004770
42045 0.0000004770
42064 0.0000004770
42167 0.0000004770
42246 0.0000004770
42290 0.0000004770
42410 0.0000004770
42511 0.0000004770
42543 0.0000004770
42663 0.0000004770
43080 0.0000004770
43188 0.0000004770
evaluations raw_y
1 3062.5964317820
2 3043.9975435809
3 2800.3239344670
4 2790.2025016132
7 2440.2280966769
11 1990.8055843264
16 1611.2578556006
62 1387.1787201655
130 1185.4818546143
144 1034.4984589916
168 884.4239004206
725 697.4087869405
803 592.2651440612
952 571.5907743326
993 507.5701007809
1328 486.5489465995
1440 469.6759759946
1491 465.3461055272
1549 439.8021108490
1550 429.7407241828
1567 421.8012204107
1583 390.0463707999
1591 364.3739354823
1598 355.5346167819
1662 301.0866456418
1785 300.6643912387
1813 237.2683242424
1829 222.3869890430
1921 216.3782843212
1984 101.0505432608
2288 93.6636413326
2414 89.8107115734
2452 68.2495244171
2723 66.7086766044
2727 59.9565497527
2853 59.7700152872
2952 56.4317029989
3047 47.9343277075
3092 47.7326381556
3111 27.9153877201
3452 26.6999396801
3611 24.6297018880
3935 18.0585775667
4033 17.9119878419
4116 15.4098418858
4200 14.8874424543
4313 13.1140088579
4435 7.4369955702
4944 6.3879669028
5220 6.2801202400
5279 6.0020317525
5390 5.8318168057
5488 3.9730445761
5621 3.4216307757
5869 3.1899551670
6150 3.0965046560
6191 2.8722140322
6367 2.5938391923
6387 2.1306040165
6544 1.9125065131
6848 1.8172454102
6873 1.7032819212
7018 1.6162280972
7037 1.3827476423
7120 1.3087860922
7210 1.1769021043
7336 1.1708615545
7430 1.1502273950
7454 1.0971625311
7473 0.9120547374
7502 0.8177550759
7808 0.6722533943
8571 0.5776500543
9085 0.5629245096
9452 0.5535917388
10047 0.5412446531
10252 0.5319800114
10270 0.4899439111
10841 0.4359612621
11547 0.3555499683
11970 0.3432057568
12005 0.2652171154
12433 0.1911474784
12777 0.1759803821
12810 0.1427567722
12850 0.1269818927
13215 0.0852292382
13442 0.0838810210
13479 0.0617253892
13679 0.0546354843
13774 0.0461245247
13845 0.0352816753
14092 0.0289216423
14105 0.0288798184
14296 0.0243189496
14459 0.0207534878
14511 0.0188554627
14732 0.0184772535
14790 0.0134385415
14867 0.0131132647
14928 0.0120501589
14966 0.0118147754
15036 0.0104091213
15074 0.0096808341
15139 0.0089687308
15180 0.0089185679
15227 0.0088070434
15242 0.0067683534
15375 0.0062472185
15415 0.0045235785
15661 0.0038596648
15840 0.0038261823
15900 0.0037043833
15930 0.0032348887
16049 0.0032003532
16244 0.0028676501
16295 0.0024967031
16328 0.0024483333
16518 0.0022135107
16525 0.0020156421
16678 0.0019682758
16697 0.0018935967
16732 0.0017699339
16772 0.0016829818
16843 0.0013889108
16987 0.0012904603
17069 0.0008731296
17794 0.0008383919
17807 0.0007495555
17840 0.0006808353
17960 0.0005184021
18048 0.0003497529
18596 0.0003417749
18737 0.0003381527
18829 0.0002219349
19098 0.0002175700
19195 0.0002114681
19355 0.0001688830
19378 0.0001433835
19394 0.0001357277
19468 0.0001258710
19784 0.0001251073
19805 0.0001107437
19945 0.0001094400
20019 0.0001073355
20032 0.0001039210
20033 0.0000728962
20279 0.0000651669
20502 0.0000551994
20794 0.0000513356
20936 0.0000510684
20989 0.0000485021
21165 0.0000466084
21181 0.0000456170
21516 0.0000441400
21551 0.0000428648
21600 0.0000424583
21671 0.0000419832
21706 0.0000418095
21863 0.0000416302
21889 0.0000396153
22230 0.0000395361
22428 0.0000395094
22429 0.0000387209
22536 0.0000384141
22551 0.0000383354
22686 0.0000382007
22714 0.0000379927
22739 0.0000377413
22853 0.0000376468
22913 0.0000376071
23080 0.0000375917
23115 0.0000375228
23244 0.0000372689
23324 0.0000372218
23333 0.0000372025
23450 0.0000371991
23529 0.0000369473
23747 0.0000368821
23868 0.0000368620
23932 0.0000367935
24038 0.0000367806
24110 0.0000367129
24227 0.0000367104
24308 0.0000367004
24388 0.0000366611
24557 0.0000366437
24580 0.0000366361
24824 0.0000366257
24889 0.0000366183
24955 0.0000366119
24987 0.0000366080
25021 0.0000366058
25049 0.0000365949
25083 0.0000365940
25117 0.0000365918
25119 0.0000365893
25188 0.0000365854
25225 0.0000365778
25330 0.0000365766
25357 0.0000365734
25530 0.0000365718
25537 0.0000365597
25553 0.0000365556
25653 0.0000365466
26002 0.0000365411
26066 0.0000365400
26237 0.0000365365
26437 0.0000365362
26450 0.0000365317
26514 0.0000365283
26828 0.0000365267
26833 0.0000365266
26851 0.0000365265
26976 0.0000365228
27043 0.0000365211
27063 0.0000365207
27135 0.0000365204
27380 0.0000365203
27423 0.0000365187
27808 0.0000365185
27938 0.0000365175
28079 0.0000365164
28165 0.0000365162
28344 0.0000365158
28416 0.0000365143
28511 0.0000365094
28964 0.0000365074
29054 0.0000365008
29522 0.0000364928
29667 0.0000364708
29715 0.0000364660
29758 0.0000364214
29931 0.0000364061
30219 0.0000362530
30367 0.0000354878
30665 0.0000352213
30943 0.0000329424
31022 0.0000315614
32387 0.0000304985
32393 0.0000274573
32443 0.0000262351
32530 0.0000252802
32564 0.0000211008
32637 0.0000186020
32768 0.0000167758
32769 0.0000163095
32802 0.0000146307
32843 0.0000133764
33061 0.0000128828
33084 0.0000125016
33089 0.0000113543
33129 0.0000111791
33133 0.0000106329
33160 0.0000102638
33280 0.0000100423
33303 0.0000083840
33375 0.0000080819
33452 0.0000080446
33491 0.0000079896
33509 0.0000077760
33554 0.0000064432
33606 0.0000057453
33665 0.0000049429
33670 0.0000035086
34050 0.0000023854
34495 0.0000023779
34512 0.0000020128
34544 0.0000019829
34565 0.0000017316
34714 0.0000012984
34846 0.0000011890
34860 0.0000008780
35114 0.0000008147
35196 0.0000007682
35306 0.0000007151
35320 0.0000007024
35375 0.0000006213
35442 0.0000005600
35617 0.0000004947
35692 0.0000004215
35884 0.0000003096
35959 0.0000002007
36528 0.0000001597
36865 0.0000001405
36998 0.0000001303
37030 0.0000001102
37117 0.0000001004
37189 0.0000000973
37330 0.0000000732
37382 0.0000000674
37512 0.0000000665
37778 0.0000000660
37813 0.0000000651
37847 0.0000000554
37946 0.0000000552
37975 0.0000000520
38049 0.0000000488
38122 0.0000000465
38181 0.0000000458
38214 0.0000000435
38235 0.0000000385
38304 0.0000000293
38551 0.0000000282
38587 0.0000000262
38683 0.0000000260
38763 0.0000000252
39076 0.0000000246
39122 0.0000000200
39456 0.0000000195
39535 0.0000000192
39599 0.0000000188
39662 0.0000000177
39907 0.0000000176
39986 0.0000000174
39997 0.0000000174
39998 0.0000000166
40012 0.0000000162
40145 0.0000000157
40325 0.0000000154
40400 0.0000000151
40528 0.0000000150
40571 0.0000000149
40595 0.0000000149
40596 0.0000000148
40745 0.0000000143
41005 0.0000000138
41219 0.0000000137
41431 0.0000000137
41642 0.0000000137
41803 0.0000000136
41900 0.0000000136
41909 0.0000000136
41984 0.0000000135
42154 0.0000000135
42339 0.0000000135
42402 0.0000000134
42577 0.0000000134
42600 0.0000000134
42754 0.0000000133
42864 0.0000000133
42971 0.0000000133
42994 0.0000000132
43229 0.0000000132
43466 0.0000000132
43776 0.0000000132
43842 0.0000000131
43893 0.0000000131
43953 0.0000000131
44102 0.0000000131
44193 0.0000000131
44213 0.0000000131
44238 0.0000000131
44337 0.0000000131
44468 0.0000000131
44519 0.0000000131
44658 0.0000000131
44727 0.0000000131
45054 0.0000000131
45277 0.0000000131
45288 0.0000000131
45467 0.0000000130
46293 0.0000000129
46333 0.0000000128
46486 0.0000000126
46751 0.0000000124
47101 0.0000000122
48352 0.0000000095
48405 0.0000000068
48781 0.0000000063
48863 0.0000000059
48875 0.0000000055
48917 0.0000000048
49019 0.0000000044
49070 0.0000000044
49112 0.0000000041
49119 0.0000000037
49161 0.0000000023
49494 0.0000000020
49738 0.0000000020
49781 0.0000000011
50271 0.0000000006
50543 0.0000000006
50757 0.0000000005
50875 0.0000000004
50955 0.0000000003
51171 0.0000000003
51262 0.0000000002
51351 0.0000000002
51613 0.0000000002
51724 0.0000000002
51733 0.0000000002
51776 0.0000000002
51824 0.0000000001
52204 0.0000000001
52553 0.0000000001
52634 0.0000000001
52693 0.0000000001
52706 0.0000000000
53053 0.0000000000
53176 0.0000000000
53370 0.0000000000
53378 0.0000000000
53503 0.0000000000
53509 0.0000000000
53520 0.0000000000
53790 0.0000000000
54001 0.0000000000
54075 0.0000000000
54125 0.0000000000
54212 0.0000000000
54343 0.0000000000
54567 0.0000000000
54628 0.0000000000
54935 0.0000000000
55045 0.0000000000
55245 0.0000000000
55721 0.0000000000
55822 0.0000000000
55859 0.0000000000
56086 0.0000000000
56123 0.0000000000
56236 0.0000000000
56878 0.0000000000
57554 0.0000000000
60321 0.0000000000
evaluations raw_y
1 2258.4952902112
14 1458.6312112650
21 1346.0204356974
39 1175.0345531413
63 1058.3530830490
127 956.5363824672
129 907.2332551924
157 841.7490126634
308 786.8454107949
637 701.3627736996
1020 687.4216797372
1082 625.8187527367
1109 525.8740768614
1231 500.7758668435
1244 431.8835504830
1306 314.8371755955
1390 249.8639770108
1523 192.6626669753
1736 169.8902995287
1838 117.6734413044
1853 106.5569247858
2166 91.2403577405
2317 82.8190896188
2483 79.7029188330
2529 60.3359002111
2574 46.0039319316
2850 39.4010246718
2995 39.3228188322
3018 36.8567860516
3139 33.7738858227
3327 28.6429598798
3393 26.1328750258
3394 24.6587224887
3568 19.7548458689
3672 18.1129614505
3755 14.2054014485
3883 13.1398802102
3885 10.8551213279
4093 10.2236652235
4166 9.3601570283
4217 8.6446749896
4222 6.2721158629
4354 5.9946568423
4438 4.6758417217
4698 4.3206452633
4989 3.7924276263
4992 3.4969792037
4997 3.3434160005
5062 2.5629764718
5126 2.0136744098
5474 1.9986286726
5514 1.8655367531
5600 1.8461649605
5613 1.7855229784
5652 1.5002454942
5855 1.3097133729
5879 1.1947457697
5885 1.1489322123
5968 0.6575322163
6062 0.6380440654
6478 0.6310929464
6609 0.4812496264
6724 0.4413296955
6793 0.4315244597
6885 0.3608216739
7074 0.3548609436
7200 0.3362126722
7218 0.1998404335
7475 0.1678111073
7746 0.1591349470
7787 0.1552777518
7897 0.1499170169
7902 0.1369144424
7964 0.1268194263
7966 0.1172567183
7968 0.1163593977
7987 0.1097601051
7996 0.0943516008
8268 0.0688210621
8453 0.0379875011
8992 0.0379758079
9020 0.0365196422
9063 0.0333131926
9108 0.0209050549
9472 0.0153206498
9903 0.0140153305
10143 0.0123089065
10302 0.0106875516
10321 0.0087758653
10393 0.0081236174
10546 0.0069441836
11030 0.0066403090
11199 0.0062885671
11236 0.0058223724
11321 0.0056055492
11478 0.0055123086
11559 0.0051474771
11647 0.0048343935
11800 0.0047860182
11814 0.0047735755
11908 0.0046068141
12017 0.0045393199
12328 0.0044738454
12334 0.0042244604
12462 0.0041740798
12528 0.0041633232
12535 0.0040995192
12608 0.0040119835
12832 0.0039342409
12907 0.0038888675
13065 0.0037932116
13397 0.0037850047
13546 0.0037645079
13549 0.0037596405
13672 0.0037581406
13713 0.0037419775
13798 0.0037343607
13806 0.0037184618
13846 0.0036770201
13979 0.0036768911
14029 0.0036681708
14061 0.0036492350
14125 0.0036484277
14193 0.0036286531
14277 0.0036250428
14332 0.0036155547
14351 0.0036146597
14445 0.0036091732
14540 0.0036073418
14612 0.0035984539
14661 0.0035908182
14723 0.0035907855
14835 0.0035767010
14966 0.0035719527
15155 0.0035603450
15632 0.0035590755
15695 0.0035570943
15752 0.0035563236
15815 0.0035539791
15903 0.0035516786
16118 0.0035494683
16253 0.0035480126
16550 0.0035479648
16605 0.0035479033
16695 0.0035465817
16763 0.0035463453
16958 0.0035461025
17013 0.0035457964
17031 0.0035454365
17107 0.0035453446
17115 0.0035449063
17210 0.0035446989
17351 0.0035444850
17431 0.0035442434
17473 0.0035441210
17579 0.0035440691
17603 0.0035440545
17649 0.0035439043
17799 0.0035438133
17810 0.0035438065
17817 0.0035437725
17906 0.0035437523
17912 0.0035436321
17950 0.0035435177
18095 0.0035433260
18407 0.0035432925
18425 0.0035432657
18461 0.0035431699
18513 0.0035431516
18620 0.0035431248
18719 0.0035430950
18754 0.0035429732
19001 0.0035429676
19267 0.0035429610
19328 0.0035429588
19335 0.0035429456
19347 0.0035429428
19353 0.0035429212
19418 0.0035429128
19600 0.0035429124
19628 0.0035428987
19650 0.0035428930
19755 0.0035428809
19830 0.0035428706
19831 0.0035428468
20039 0.0035428397
20263 0.0035428349
20386 0.0035428325
20387 0.0035428324
20495 0.0035428260
20600 0.0035428181
20653 0.0035428142
20874 0.0035428107
20989 0.0035428079
20997 0.0035428049
21214 0.0035428033
21462 0.0035428025
21614 0.0035427992
21747 0.0035427981
21764 0.0035427979
21793 0.0035427975
21895 0.0035427964
22200 0.0035427964
22281 0.0035427960
22381 0.0035427958
22458 0.0035427953
22469 0.0035427943
22820 0.0035427941
22860 0.0035427938
22868 0.0035427937
22898 0.0035427936
22988 0.0035427932
23126 0.0035427931
23161 0.0035427927
23584 0.0035427925
23677 0.0035427923
23789 0.0035427922
23825 0.0035427922
23901 0.0035427922
24189 0.0035427922
24199 0.0035427919
24583 0.0035427919
24896 0.0035427919
24995 0.0035427918
25034 0.0035427918
25169 0.0035427918
25202 0.0035427918
25317 0.0035427918
25389 0.0035427918
25472 0.0035427917
25603 0.0035427917
25855 0.0035427917
25917 0.0035427918
evaluations raw_y
1 1424.9886885986
14 1324.9671658224
21 1151.4332743683
50 1125.4597028918
61 1098.0505497104
82 952.0215557193
99 764.2580782458
150 743.0766982015
170 717.9414581445
239 637.0905194916
284 535.2166998724
823 446.2468899144
934 434.3617091705
1012 368.0512295304
1078 217.6909563832
1408 181.1243591465
1421 179.0215483891
1895 170.4068584304
1927 165.6006776586
2017 94.3755362111
2346 91.8821122427
2373 81.2838795362
2430 79.9367011939
2526 78.9850557596
2530 78.6428225216
2713 67.1662073971
2756 58.4523916088
2850 56.4457611404
2874 55.4738397030
2892 43.5227453711
3024 39.9973811234
3053 39.7576204328
3132 30.8748174425
3469 30.4626666392
3569 27.0367134160
3756 13.0239270844
4379 9.6484677615
4749 8.7875489874
4827 8.3735819489
4850 7.3891112260
5198 6.0026231218
5237 4.9420084348
5691 3.6835286228
5931 2.8431796230
6083 2.4696728825
6397 2.2545556191
6527 2.2283544714
6576 2.2092696961
6681 2.0664630466
6794 2.0240057549
6984 2.0091481068
7064 1.8221541979
7267 1.7346992796
7484 1.7152453679
7495 1.6853842682
7583 1.5863836972
7765 1.5216276672
8186 1.5118010680
8187 1.4818982099
8364 1.4659149676
8465 1.4522334118
8518 1.4295413546
9020 1.4261862841
9039 1.4210133554
9062 1.4148019145
9184 1.3814207105
9321 1.3723322744
9582 1.3558461281
9790 1.3505993564
9915 1.3214655533
10098 1.3016765332
11335 1.2115119815
12861 1.2001077028
13091 1.1429257045
13119 0.9487724673
13394 0.9246335883
13444 0.9009721592
13478 0.8509212260
13486 0.7222414012
13619 0.7112347151
13644 0.6877812499
13671 0.6245510460
13686 0.3739406672
14149 0.3416744314
14238 0.2693977353
14335 0.2512576781
14469 0.2069174969
14537 0.1940020842
14588 0.1813207769
14613 0.1362651580
14800 0.1292748805
14829 0.1199457046
14929 0.1199276684
15020 0.1164892281
15075 0.1072845509
15087 0.0871257749
15243 0.0862370552
15244 0.0801712097
15269 0.0763527122
15298 0.0627757719
15415 0.0565934999
15463 0.0509744102
15651 0.0446237230
15654 0.0422483523
15777 0.0369027267
15882 0.0318045418
15964 0.0306832145
15989 0.0297483397
16229 0.0284149976
16240 0.0257971957
16243 0.0244387064
16325 0.0219927243
16358 0.0218130737
16488 0.0204047505
16517 0.0199257008
16636 0.0170183825
16756 0.0166367831
16865 0.0150579279
16928 0.0142790578
16932 0.0142348160
16980 0.0132398481
16992 0.0127514189
17060 0.0109580108
17199 0.0098232301
17248 0.0087734107
17293 0.0087000532
17400 0.0079546793
17427 0.0077182082
17638 0.0073897200
17727 0.0073774420
17750 0.0070085359
17767 0.0068185894
17779 0.0066637376
17849 0.0063960806
17861 0.0060583233
17913 0.0059224464
17918 0.0056624251
17984 0.0051884938
18095 0.0051115546
18108 0.0050696353
18126 0.0047779057
18160 0.0046602770
18273 0.0043434856
18454 0.0042328546
18611 0.0041170479
18622 0.0041094578
18632 0.0040890315
18685 0.0040266404
18793 0.0039442695
18821 0.0036101054
19208 0.0035693441
19230 0.0035128013
19288 0.0034112025
19615 0.0034090881
19694 0.0033797866
19700 0.0032788695
19781 0.0032595476
19803 0.0032525368
19912 0.0032434647
19969 0.0032122956
19987 0.0030451389
20456 0.0030410386
20594 0.0029772762
21097 0.0029552887
21161 0.0029458516
21177 0.0028945433
21802 0.0028934243
21866 0.0028374511
23207 0.0027222994
23260 0.0022563013
24380 0.0022452031
24531 0.0015179924
24804 0.0012635549
24815 0.0010955711
24879 0.0010840561
24985 0.0010387216
25059 0.0007934868
25284 0.0006393000
25455 0.0006188788
25510 0.0004266722
25736 0.0004171791
25901 0.0004107691
25906 0.0003934182
25979 0.0003839306
26047 0.0002994935
26086 0.0002881028
26135 0.0002052499
26550 0.0001914919
26612 0.0001858154
26675 0.0001654418
26734 0.0001630834
26827 0.0001394687
26967 0.0001313129
26983 0.0001237370
27048 0.0000818293
27084 0.0000727248
27277 0.0000606893
27482 0.0000585570
27525 0.0000541403
27638 0.0000474699
27690 0.0000451704
27695 0.0000404080
27724 0.0000312653
27989 0.0000277591
27990 0.0000258508
28070 0.0000206182
28312 0.0000181502
28458 0.0000152473
28500 0.0000139336
28626 0.0000131456
28674 0.0000091658
28803 0.0000090337
28976 0.0000077938
29088 0.0000046925
29226 0.0000046833
29421 0.0000045100
29599 0.0000032452
29679 0.0000032120
29707 0.0000025689
29982 0.0000024313
30099 0.0000020538
30174 0.0000018375
30246 0.0000015656
30303 0.0000013723
30488 0.0000012867
30565 0.0000011237
30615 0.0000010932
30683 0.0000007334
30885 0.0000007201
30971 0.0000007105
31031 0.0000006556
31064 0.0000006036
31065 0.0000005381
31123 0.0000004462
31202 0.0000004295
31270 0.0000003722
31343 0.0000003451
31445 0.0000003109
31469 0.0000003068
31580 0.0000002869
31671 0.0000002841
31779 0.0000002597
31797 0.0000002490
31840 0.0000002111
31917 0.0000002095
31997 0.0000001988
32144 0.0000001466
32153 0.0000001018
32514 0.0000000984
32751 0.0000000913
32849 0.0000000881
32864 0.0000000855
32905 0.0000000810
32973 0.0000000621
33000 0.0000000574
33176 0.0000000561
33177 0.0000000502
33437 0.0000000476
33512 0.0000000437
33540 0.0000000394
33747 0.0000000349
33877 0.0000000320
34168 0.0000000312
34209 0.0000000297
34248 0.0000000282
34340 0.0000000280
34375 0.0000000276
34388 0.0000000243
34465 0.0000000242
34508 0.0000000241
34534 0.0000000236
34691 0.0000000230
34754 0.0000000208
35011 0.0000000204
35059 0.0000000197
35193 0.0000000195
35379 0.0000000192
35416 0.0000000189
35454 0.0000000186
35469 0.0000000186
35474 0.0000000184
35541 0.0000000182
35546 0.0000000180
35593 0.0000000180
35649 0.0000000178
35658 0.0000000175
35819 0.0000000168
36224 0.0000000168
36253 0.0000000168
36266 0.0000000167
36439 0.0000000166
36526 0.0000000166
36654 0.0000000165
36731 0.0000000165
36739 0.0000000165
36808 0.0000000165
36846 0.0000000165
36857 0.0000000164
36909 0.0000000164
36950 0.0000000164
36969 0.0000000164
37030 0.0000000164
37095 0.0000000163
37136 0.0000000162
37455 0.0000000162
37750 0.0000000162
38051 0.0000000162
38092 0.0000000162
38210 0.0000000161
38228 0.0000000161
38245 0.0000000161
38406 0.0000000161
38409 0.0000000161
38688 0.0000000161
38911 0.0000000161
38936 0.0000000161
39221 0.0000000161
39222 0.0000000161
39250 0.0000000161
39318 0.0000000161
39403 0.0000000161
39499 0.0000000161
39579 0.0000000161
39879 0.0000000161
39911 0.0000000161
39960 0.0000000161
39983 0.0000000161
40125 0.0000000161
40212 0.0000000161
40256 0.0000000161
40292 0.0000000161
40321 0.0000000161
40369 0.0000000161
40483 0.0000000161
40530 0.0000000161
40560 0.0000000161
40665 0.0000000161
40726 0.0000000161
40810 0.0000000161
40992 0.0000000161
41158 0.0000000161
41162 0.0000000161
41317 0.0000000161
41518 0.0000000161
41634 0.0000000161
41713 0.0000000161
41986 0.0000000161
42029 0.0000000161
42166 0.0000000161
42333 0.0000000161
42351 0.0000000161
42356 0.0000000161
42450 0.0000000161
42470 0.0000000161
42794 0.0000000161
42816 0.0000000161
42834 0.0000000161
43420 0.0000000161
43771 0.0000000161
43948 0.0000000161
44204 0.0000000161
44319 0.0000000161
46008 0.0000000161
48365 0.0000000161
51829 0.0000000161
71110 0.0000000161
71118 0.0000000161
72916 0.0000000161
73491 0.0000000161
73654 0.0000000161
74044 0.0000000161
74233 0.0000000161
74418 0.0000000161
74469 0.0000000161
74658 0.0000000161
