evaluations raw_y
1 135.3526567265
2 107.1696240180
8 73.1857491826
16 67.5327348211
17 55.9496940493
26 55.5929864988
69 51.3591124368
124 38.6646253786
150 37.5900058936
217 36.7823466254
233 33.3306377622
285 30.2787354486
344 17.6262893769
2936 17.4425573682
2996 16.8099562863
3208 15.0418532409
3434 13.9804191300
3436 13.7830262153
3574 13.7408759479
3632 12.8670622040
3762 12.7991933991
3794 12.5538734749
3851 11.9071560705
3874 11.5106131581
3889 10.3103234832
4130 9.6460648713
4361 9.4756698744
4567 9.3593789554
4653 8.6587352878
4945 8.3487037998
5244 8.1106897700
5356 7.1497204876
6114 7.0709878142
7613 6.8040352843
9474 6.6012624567
10921 5.8535145994
18440 5.7683801206
24564 4.9555877490
27248 4.6479466660
53007 4.4549134175
54710 4.2938127784
54840 4.2014695459
55056 3.9004536856
56922 3.5399852322
57153 3.0935523661
59375 2.3972048074
63043 2.2129622552
65941 2.0688568392
65968 1.9456219007
67165 1.6369256374
72082 1.5113744626
72824 1.2921572626
74107 0.9143190870
75691 0.8699823737
78031 0.8255840991
78174 0.7778153027
78295 0.7001241347
79755 0.6360622340
81889 0.5394222979
82714 0.4755879201
84013 0.4527053176
84856 0.4196927421
87490 0.4079449425
88852 0.3938900001
89463 0.3720534161
89614 0.3653142414
90036 0.3362532514
91832 0.3272360935
92166 0.3236386312
93355 0.3208557065
95371 0.3161903423
98608 0.3136177005
98993 0.3095347437
99465 0.3094678083
99863 0.3088101078
99962 0.3067625696
100258 0.3063973558
100524 0.3063721607
100707 0.3049555672
100776 0.3046307240
101196 0.2995045452
101646 0.2993708895
102863 0.2981669305
102884 0.2965572555
104117 0.2956073907
105365 0.2955101266
106121 0.2946679433
106241 0.2943003292
106592 0.2939684712
107250 0.2937877668
107275 0.2935670951
107887 0.2932928045
108081 0.2931697864
109159 0.2927895833
109630 0.2925110783
110476 0.2920728695
110538 0.2920511447
112058 0.2919202116
112098 0.2918836803
112278 0.2914614523
112871 0.2901014370
114503 0.2899050276
115743 0.2896199883
116568 0.2895820121
116758 0.2894703016
116849 0.2891275662
116938 0.2886712895
117095 0.2884322931
118066 0.2883315649
118162 0.2881178749
118795 0.2870518574
120131 0.2864046523
120167 0.2849011943
123372 0.2846535167
123640 0.2834070580
125216 0.2833978107
126905 0.2826273332
128107 0.2822450611
128390 0.2809739098
129092 0.2806644389
130175 0.2796189688
132227 0.2795868876
133089 0.2788570578
133613 0.2786995350
133853 0.2784038513
133895 0.2783837922
133908 0.2780747893
134530 0.2779093765
134608 0.2775415653
134723 0.2771757080
135087 0.2770210892
135115 0.2766079754
135292 0.2765040733
136482 0.2764624180
136630 0.2758403737
136935 0.2753602193
137128 0.2750993883
137361 0.2745068787
139547 0.2743446527
139655 0.2743319256
139966 0.2742506961
139993 0.2736866338
141261 0.2733537880
141451 0.2731356732
142573 0.2728788137
142603 0.2728689940
142706 0.2727013748
142922 0.2726924128
142953 0.2726413079
143124 0.2723451701
143368 0.2722273237
143380 0.2720162990
143705 0.2716789650
144015 0.2709265949
146599 0.2707254701
147231 0.2704149481
147645 0.2701548405
147649 0.2700935226
147946 0.2700250288
147974 0.2698980569
148685 0.2693932047
149339 0.2693328375
149800 0.2690227950
150260 0.2688596061
150594 0.2684351919
151359 0.2681925444
152587 0.2679494477
153360 0.2679006119
153478 0.2677323284
153505 0.2675994026
155142 0.2674987846
155229 0.2674639073
156833 0.2673168975
157156 0.2672216623
157524 0.2668406453
157829 0.2667927883
158951 0.2667263303
158995 0.2664458300
159583 0.2664048681
159641 0.2659338922
159736 0.2658426652
160159 0.2658228682
160432 0.2655158337
161151 0.2653126216
161648 0.2652515802
161766 0.2649453613
162133 0.2646061844
163114 0.2645783686
163525 0.2644178770
163548 0.2642000464
163786 0.2640995850
164637 0.2639165561
165928 0.2638980652
166345 0.2634639651
166542 0.2632795675
166906 0.2632141936
166954 0.2629986204
167730 0.2628793233
167913 0.2625720357
168286 0.2624102795
168472 0.2622271898
169035 0.2621736084
169383 0.2619715093
170906 0.2617266425
171461 0.2615156309
171844 0.2614985773
172069 0.2612956466
172435 0.2612601511
172485 0.2611094598
173883 0.2604794664
175397 0.2600121045
177187 0.2599138562
177585 0.2597725048
177752 0.2596585295
177875 0.2595684538
178655 0.2595000973
178814 0.2594987983
179004 0.2592801694
179018 0.2588883992
179655 0.2585955397
180420 0.2585521240
181220 0.2583627875
181390 0.2583360797
181739 0.2581363756
181771 0.2580531200
184015 0.2579870955
184127 0.2579285011
184372 0.2577197431
184699 0.2572785202
185928 0.2567587517
188262 0.2567010715
188669 0.2566225907
188756 0.2562191000
188898 0.2561801270
189185 0.2557027675
189523 0.2555615797
189988 0.2555052387
190105 0.2553313167
190783 0.2553313033
190914 0.2552134828
191572 0.2551399783
191807 0.2547143414
192171 0.2546623565
192556 0.2546382775
192877 0.2542899800
196104 0.2538687257
196359 0.2535272502
196539 0.2526713279
196975 0.2526713212
197738 0.2523320222
198721 0.2522277842
198815 0.2517226584
199337 0.2515930104
200091 0.2514299725
200637 0.2511721824
200801 0.2510954648
200864 0.2508090032
201430 0.2504265692
201524 0.2503819841
202217 0.2499265021
203343 0.2498689605
203536 0.2497211221
203626 0.2496855658
203649 0.2496004977
203865 0.2495125791
203987 0.2494850548
204277 0.2493902262
204352 0.2493038160
204586 0.2492313265
204682 0.2488690155
205371 0.2488205890
205410 0.2488144001
205667 0.2488112815
205952 0.2487612581
205972 0.2486168884
206202 0.2485960764
206801 0.2484700052
206944 0.2483190432
208326 0.2482781407
208805 0.2481191047
208871 0.2480470125
209008 0.2473992015
209482 0.2470027755
211211 0.2468053445
211303 0.2465677232
212128 0.2462966591
214562 0.2455365880
215442 0.2446462355
215885 0.2446394999
216063 0.2442247410
216094 0.2438876691
217498 0.2435785280
217793 0.2434041085
217864 0.2428508539
218301 0.2427819194
219892 0.2426094531
220350 0.2424440253
220566 0.2420312008
221000 0.2418577336
221351 0.2418232096
221735 0.2413695982
222592 0.2410849193
222922 0.2404137370
224693 0.2402344054
226525 0.2401418623
226627 0.2400543332
226905 0.2400245702
227018 0.2398528953
227838 0.2398493890
227843 0.2395017127
228124 0.2394267624
229633 0.2392068557
229763 0.2391342103
230350 0.2389250039
230469 0.2386008651
230989 0.2381615486
231675 0.2379589395
233153 0.2374798123
234678 0.2373876520
235138 0.2372934936
235263 0.2371184395
235704 0.2366572203
235871 0.2364831433
236422 0.2364704061
236917 0.2363391650
237229 0.2362114517
237566 0.2361239893
237773 0.2358509729
238999 0.2358476349
240029 0.2357612926
240353 0.2355143574
240700 0.2351756170
241010 0.2350174197
241013 0.2345910783
241315 0.2345040517
243224 0.2344514177
243346 0.2341831521
243676 0.2341720938
244031 0.2337338600
245332 0.2336269567
245401 0.2333191247
247357 0.2332780037
247803 0.2331951425
247966 0.2330360878
249381 0.2329500034
249457 0.2328512857
249679 0.2328427982
251246 0.2327294249
251426 0.2326896340
251687 0.2326614320
251996 0.2325952027
252128 0.2321700719
252997 0.2321008233
253578 0.2320074294
253680 0.2319159622
253882 0.2318137178
253953 0.2317832393
254328 0.2317234856
254412 0.2317226991
254513 0.2315441856
255166 0.2314007196
255256 0.2313561925
256331 0.2312830679
256663 0.2311882065
259395 0.2309164516
259820 0.2301797627
260626 0.2299943895
261057 0.2299866078
261065 0.2299309971
261386 0.2294512245
261892 0.2294032760
262427 0.2292193692
263013 0.2290743902
263040 0.2290561658
263372 0.2286811637
266164 0.2286368694
266282 0.2286260916
266502 0.2285693797
266537 0.2284399053
267051 0.2283944079
267562 0.2276255855
270639 0.2272531783
271623 0.2270253254
271997 0.2268958301
272881 0.2267067446
274459 0.2266524418
274955 0.2265703777
275613 0.2264939826
275739 0.2263162217
276448 0.2261885186
276513 0.2260512594
276923 0.2259352040
277302 0.2258784487
277349 0.2258638959
277437 0.2256196325
278158 0.2255612986
278274 0.2255178015
278282 0.2254301335
278351 0.2253870183
279081 0.2253682618
279131 0.2252155318
279873 0.2251536610
280150 0.2251079533
280529 0.2250780194
280861 0.2249468990
281339 0.2247630239
282133 0.2246723380
282334 0.2246039693
282343 0.2246022976
282590 0.2244182309
282747 0.2241891007
282973 0.2238126599
285728 0.2236563003
285852 0.2234671529
287315 0.2233010971
288065 0.2232345311
288301 0.2232089211
288455 0.2231519451
288600 0.2230981586
288728 0.2228354015
291213 0.2226834123
292153 0.2222588634
293121 0.2221879957
293747 0.2221667756
293973 0.2219951293
294113 0.2219881135
294244 0.2219844698
294302 0.2219141742
294584 0.2218906523
294821 0.2217394459
295474 0.2217040329
295637 0.2216588988
296020 0.2214937019
297040 0.2214182844
297694 0.2213926247
298902 0.2213648595
299188 0.2213458058
299340 0.2213027569
299599 0.2212688501
299639 0.2211982140
299713 0.2211160526
299932 0.2211153944
300105 0.2210810822
300350 0.2210518620
300477 0.2210165599
300715 0.2209433783
302834 0.2208879226
303339 0.2208425965
303809 0.2207900615
305911 0.2207404414
306121 0.2203771582
307991 0.2203233958
308106 0.2201885356
308742 0.2200529057
309000 0.2200411501
309183 0.2199566356
309411 0.2199332699
309476 0.2198807280
309481 0.2197632984
310091 0.2196419046
312272 0.2194423988
312905 0.2194349027
313049 0.2192978918
313231 0.2190363815
314346 0.2190238006
314434 0.2189238359
315090 0.2189089935
315149 0.2188803486
315200 0.2188022809
315525 0.2187765578
315583 0.2187237161
315823 0.2186474977
315943 0.2186431351
316210 0.2186074243
316236 0.2185888481
316361 0.2185606817
316607 0.2185602673
316610 0.2184222429
318205 0.2183802023
318750 0.2182487451
319897 0.2182484600
320594 0.2182108071
321096 0.2182073412
321147 0.2181864205
321214 0.2180826993
321264 0.2180647565
321313 0.2176136329
322722 0.2174956946
322946 0.2173375686
326128 0.2172425280
327590 0.2168913926
328021 0.2168326191
328291 0.2167195159
328333 0.2162968835
328830 0.2162106320
330310 0.2160919302
330893 0.2159317454
331056 0.2158730123
331378 0.2158165486
331857 0.2157470266
331905 0.2157407642
331927 0.2156483600
332171 0.2154580062
332995 0.2153340348
333664 0.2153253218
333808 0.2152285153
333869 0.2152272828
334016 0.2152182467
334067 0.2151961398
334220 0.2151490015
334338 0.2151003388
334461 0.2150939021
335870 0.2148835984
336722 0.2148223342
336848 0.2146645948
337149 0.2146125526
338060 0.2145660751
338526 0.2144963089
338924 0.2143904269
339410 0.2142891720
340807 0.2142773310
340913 0.2142466375
341018 0.2142362412
341363 0.2139684487
342673 0.2139605107
343275 0.2139047673
343297 0.2138944721
343941 0.2138560430
344030 0.2137564156
344304 0.2137205374
344474 0.2137121526
344513 0.2137063234
344949 0.2136916448
345210 0.2136465590
345229 0.2135802583
346114 0.2135458937
346968 0.2135328010
347001 0.2134896538
347061 0.2134309433
347489 0.2133750313
347529 0.2133247295
347892 0.2133123253
347966 0.2133052539
348057 0.2131712114
348474 0.2131246962
348635 0.2131027814
349290 0.2130663803
350707 0.2130344184
351342 0.2129596715
351641 0.2129578002
351804 0.2129328425
352202 0.2129303890
352255 0.2129223468
352341 0.2127807904
352457 0.2127435932
354290 0.2126836248
354565 0.2125756721
354930 0.2125528729
355067 0.2125189918
355874 0.2124712668
356139 0.2124493730
356286 0.2123913507
356430 0.2123752436
356983 0.2123689889
357353 0.2123286500
357956 0.2123155115
358004 0.2122324721
358170 0.2122240170
359253 0.2121852160
359478 0.2121615214
359802 0.2121332876
361970 0.2120733267
362141 0.2120718721
362156 0.2119985658
363155 0.2119794550
364265 0.2119298595
364270 0.2119032713
364432 0.2118376965
366202 0.2118338358
366671 0.2116699554
367893 0.2116343326
368332 0.2116247864
368543 0.2115928250
368737 0.2115511523
369106 0.2115412945
369153 0.2115101510
369810 0.2114885169
369878 0.2114397471
370773 0.2114203302
370927 0.2113810916
371445 0.2113802800
373123 0.2113382531
373242 0.2113379215
373967 0.2113209796
374329 0.2112906163
374469 0.2112854724
374624 0.2112035018
375124 0.2111708653
375776 0.2111462028
376073 0.2111284158
376422 0.2110916421
376624 0.2110532755
377556 0.2110329618
377829 0.2110259466
378134 0.2109936522
378642 0.2109878022
378903 0.2109748051
379316 0.2109602710
379805 0.2109351651
380540 0.2109052912
380660 0.2108709852
382050 0.2108673319
382510 0.2108546583
383936 0.2108049569
384374 0.2107925374
385159 0.2107576093
385357 0.2107463375
385475 0.2107210890
386284 0.2107135424
386312 0.2107112310
386921 0.2106945138
387142 0.2106434859
387908 0.2106115437
388321 0.2106006913
388873 0.2105937380
389263 0.2105604443
390622 0.2105478606
390774 0.2105258738
391231 0.2105225486
391782 0.2105186708
391950 0.2105152441
392107 0.2105012614
392387 0.2104681829
393870 0.2104571629
394619 0.2104266562
394728 0.2104085989
395332 0.2103985642
396210 0.2103969281
397078 0.2103931888
397330 0.2103884778
397365 0.2103845473
397434 0.2103810074
397438 0.2103675897
397678 0.2103659269
397877 0.2103647557
398009 0.2102940534
399654 0.2102920380
399778 0.2102717461
400041 0.2106235494
evaluations raw_y
1 83.4754593301
3 72.0390322755
4 69.1387609201
11 59.4126018559
17 57.8312002483
28 50.8738582251
29 42.8538118775
117 38.0060600049
143 35.9400038768
146 32.7195959176
193 30.7938860147
296 28.6936204575
360 28.0990104580
372 26.4872405625
493 26.2961645319
494 23.8293305132
578 22.2987140398
611 22.2167285999
680 14.6410674260
3733 13.9157115180
3796 12.6903220956
3879 11.8578169852
3979 11.3613129091
4218 10.6207827742
4229 9.7670346517
4433 9.2615429192
4615 8.7776405506
5046 8.7647328701
5082 7.3547298914
7001 7.1649455320
7786 6.9139737338
8072 6.1537373442
14634 6.1512830253
15062 5.9457142922
16253 5.8139038834
27695 5.7198977245
30462 5.6628412076
33227 5.4692642523
40063 5.4511717934
41910 5.1145736447
44130 4.5940455684
46393 4.4530137147
50195 3.9372654422
51048 3.6970612806
51841 3.5072501011
51886 3.2648521880
52391 3.0641051872
52624 2.8300884436
54216 2.7715274474
54411 2.6618516685
56071 2.4517235037
56739 2.1133808983
58333 2.0529378331
58399 1.6552157899
61633 1.3242097954
65804 1.2815964800
66089 1.0950398197
66892 1.0686397616
67398 0.9769937000
67870 0.8941601514
68493 0.7077870527
72508 0.5994332660
73724 0.5212587234
74073 0.5160238377
74234 0.4866634443
74581 0.4778358195
74802 0.4635612081
75371 0.4439870646
76032 0.4394702514
76043 0.4147868109
76957 0.4116811266
77022 0.3957878199
77391 0.3783499798
78252 0.3617899744
78366 0.3610871140
79425 0.3529943342
79576 0.3389741609
79578 0.3160986390
82410 0.3057665068
84118 0.2972634090
85193 0.2937287658
85603 0.2875314227
86198 0.2795062506
88450 0.2781683682
88529 0.2736620619
89700 0.2706252410
90223 0.2622827433
91569 0.2607187256
93981 0.2596205626
94441 0.2573571423
95345 0.2563760131
96162 0.2527753847
96532 0.2509595636
97591 0.2498852968
98471 0.2480636498
98737 0.2461749925
99294 0.2415531902
102474 0.2386056932
104136 0.2375462914
105740 0.2364135590
106303 0.2358644396
108312 0.2357918576
109082 0.2357440755
109164 0.2357027157
109311 0.2316637819
109657 0.2302400989
111165 0.2262472206
112439 0.2255438205
113236 0.2236998330
115229 0.2236414251
115492 0.2236398880
115754 0.2236026347
115799 0.2214584070
117317 0.2214194525
117935 0.2213713823
117982 0.2199061188
119329 0.2198525819
120054 0.2194394911
120195 0.2193162197
122654 0.2191488539
123092 0.2185599944
124179 0.2184028262
125043 0.2183929519
125497 0.2181848667
125712 0.2180840494
127787 0.2178548420
127894 0.2177295836
128373 0.2177017440
128471 0.2168423428
128898 0.2165552818
129312 0.2154870821
129947 0.2152995167
130263 0.2149905437
130485 0.2149177876
130662 0.2146258474
132443 0.2144016655
134455 0.2140290218
134583 0.2134892060
134584 0.2134293184
135017 0.2120836752
135392 0.2120238919
136279 0.2114071429
136745 0.2110679355
137542 0.2099838731
139924 0.2095184231
140760 0.2090307396
141497 0.2079665540
141619 0.2078871503
142574 0.2076005154
142576 0.2073463078
142641 0.2070432926
143374 0.2068794343
143868 0.2064824620
144221 0.2063705004
144349 0.2063435560
144767 0.2055833691
145460 0.2053514562
146353 0.2051097899
146482 0.2049266057
146546 0.2048599435
146931 0.2046121662
147443 0.2045849599
147484 0.2045395803
147979 0.2040935884
148312 0.2040558557
148396 0.2035671013
149544 0.2035185223
150387 0.2034624911
151053 0.2031653619
151191 0.2029508763
151468 0.2029494583
152266 0.2028022826
152791 0.2027664277
153070 0.2024741365
153153 0.2023099764
153802 0.2022678989
154003 0.2021561609
154420 0.2020467438
155684 0.2019426587
155879 0.2018622076
156061 0.2018155406
156112 0.2014948029
156177 0.2014240409
156500 0.2014030676
156558 0.2012741483
156792 0.2009837471
157285 0.2009353350
157312 0.2008029258
157997 0.2003713166
158296 0.2001671001
159819 0.2000962665
159882 0.2000707179
160670 0.1995914753
161815 0.1991756229
161923 0.1991127235
162034 0.1982868282
162735 0.1976662616
163308 0.1973670857
164875 0.1970861623
165111 0.1969133094
165464 0.1956458555
167097 0.1954628888
167730 0.1953384372
169495 0.1952233494
169497 0.1947028026
169951 0.1937768376
172024 0.1937629985
172345 0.1932850171
173055 0.1929759639
173918 0.1928405299
174329 0.1928101739
174721 0.1925892140
174730 0.1924423335
174732 0.1923244776
174793 0.1923134936
176327 0.1916961506
176430 0.1910813873
177153 0.1910229861
177616 0.1907627787
177946 0.1906148137
179571 0.1905049516
179843 0.1892358437
181489 0.1885272481
183179 0.1874686334
184674 0.1866992349
184992 0.1866672831
185541 0.1853153031
186338 0.1850339684
187534 0.1850245475
187599 0.1848072250
187696 0.1843673092
187714 0.1839379271
188069 0.1834468268
188765 0.1830464656
189148 0.1829276910
189184 0.1827473009
189238 0.1822825026
189457 0.1821196879
189850 0.1816361894
190630 0.1813616347
191356 0.1811805490
191753 0.1802189685
193037 0.1793513656
193853 0.1792991165
194840 0.1784912088
195640 0.1781873934
196120 0.1771758292
196569 0.1768879218
196604 0.1764677958
197806 0.1757946343
198181 0.1750575070
198990 0.1750495729
199117 0.1748428469
199631 0.1747938039
199767 0.1746655079
199941 0.1745695673
199971 0.1744474886
199997 0.1741697733
200140 0.1735780582
200779 0.1735272584
201167 0.1731059773
202685 0.1729426093
204197 0.1720857258
205275 0.1718924120
205704 0.1716945985
205730 0.1712642778
205871 0.1702143130
206957 0.1701193192
207223 0.1699907786
208028 0.1690560454
208546 0.1684713072
210126 0.1683923078
210227 0.1681533017
210378 0.1677112232
211395 0.1672532002
211811 0.1670383131
211899 0.1666633380
212082 0.1659514832
215883 0.1656168151
216156 0.1654642199
216406 0.1651546677
216695 0.1649458825
217625 0.1643420132
218064 0.1631200814
219666 0.1630667283
220080 0.1625013977
220750 0.1618903902
222013 0.1618484503
223112 0.1615043788
223748 0.1613559550
224271 0.1612407066
224711 0.1610605811
225072 0.1610333519
225206 0.1609773025
225428 0.1607396028
225699 0.1604337570
225869 0.1603718734
228028 0.1603650467
228476 0.1603548271
228496 0.1602958885
228675 0.1602923699
228741 0.1602227462
228878 0.1601437805
228894 0.1600943013
228931 0.1599863663
229111 0.1598499386
229183 0.1598442037
229216 0.1595347288
229322 0.1591725283
230239 0.1591013358
230590 0.1588976214
230704 0.1587117819
230902 0.1585642356
231769 0.1584643904
234556 0.1584238742
234717 0.1582887843
235062 0.1582362996
235407 0.1581264629
235626 0.1579998667
236374 0.1579811157
236517 0.1579532408
236700 0.1579074628
236801 0.1576814408
237291 0.1573891702
237996 0.1570825312
238418 0.1569565102
238507 0.1568029170
240876 0.1566558923
242576 0.1565170060
242968 0.1564129686
243088 0.1563585004
243712 0.1563478061
243755 0.1562577347
244069 0.1559625072
244145 0.1559197821
244241 0.1559126139
244375 0.1557306331
244447 0.1556463422
244888 0.1554939657
245697 0.1551851316
247143 0.1547915201
247443 0.1546927678
248003 0.1545372758
248128 0.1545363727
248248 0.1543104686
248849 0.1539703723
251418 0.1536241076
252356 0.1534100090
252768 0.1533568980
253208 0.1531733581
253750 0.1531047848
254006 0.1528769358
254353 0.1528449798
254381 0.1528111410
254528 0.1525410397
255389 0.1524880531
255521 0.1523390002
256236 0.1521704325
258724 0.1520590285
258762 0.1519102653
259133 0.1518631750
259183 0.1517989592
259618 0.1516029474
259781 0.1514369708
260101 0.1513475357
260574 0.1512446793
260843 0.1512179579
260904 0.1507567557
261239 0.1507067739
261521 0.1506175087
262255 0.1502313637
264253 0.1502250632
264578 0.1501906675
264959 0.1500560136
267013 0.1498643717
267163 0.1496194084
267270 0.1496019529
267524 0.1495752716
267686 0.1494350540
268796 0.1493031131
268832 0.1492960672
269037 0.1492090911
269270 0.1490167444
270133 0.1488597791
270172 0.1486389941
270301 0.1482462633
271786 0.1480878310
272084 0.1476367023
273379 0.1475303391
273763 0.1474692310
273920 0.1474022421
274847 0.1472371314
275946 0.1471608018
275979 0.1469563803
276583 0.1469553907
276651 0.1468636990
276660 0.1467060513
277186 0.1461579722
277914 0.1460899230
278464 0.1460585350
278844 0.1458884610
279603 0.1457985790
280461 0.1457912438
280585 0.1456779285
280676 0.1454559652
281325 0.1453638966
281988 0.1452542513
282418 0.1451949678
282779 0.1450744005
282920 0.1450434260
283402 0.1449642870
284661 0.1448880074
284719 0.1448065749
284845 0.1447171206
285439 0.1446423516
285938 0.1446277631
286168 0.1446116141
286282 0.1445778748
286562 0.1445497551
286883 0.1445083744
287643 0.1443676559
290234 0.1442437028
290821 0.1442234470
291089 0.1439683233
291379 0.1439315622
291492 0.1438048146
291997 0.1436654921
292029 0.1436323827
292051 0.1435466566
292197 0.1435310830
292383 0.1435171536
292436 0.1435118530
292470 0.1434226121
292778 0.1432456227
292779 0.1432099832
293262 0.1431650611
293340 0.1430449730
293997 0.1430031132
294100 0.1429133254
294662 0.1428561614
295475 0.1427721428
295824 0.1427558241
295952 0.1427315844
296134 0.1427170740
296195 0.1427165160
296219 0.1427049431
296303 0.1426567982
296757 0.1425463681
298716 0.1425105370
298832 0.1424216876
299145 0.1422540070
300147 0.1422074442
300270 0.1421048147
300785 0.1420056324
301313 0.1419611288
302503 0.1419601953
302911 0.1418395750
303905 0.1417985311
304152 0.1416431687
304588 0.1414955225
304857 0.1414613599
305150 0.1413037948
305924 0.1412995868
306173 0.1412414536
306758 0.1412027453
307117 0.1411816272
307219 0.1409116784
307378 0.1408197199
308415 0.1407701656
308433 0.1406173261
308658 0.1403060907
310477 0.1399471486
312920 0.1397814792
313761 0.1397330114
314244 0.1396406543
314322 0.1395833663
314557 0.1395721498
315208 0.1395332236
315338 0.1394711585
315589 0.1392722531
315895 0.1391490664
316919 0.1389693627
317773 0.1388568352
318219 0.1387441645
318281 0.1387053137
318959 0.1385952799
319513 0.1385475817
319613 0.1384315054
320351 0.1383711475
321057 0.1383391749
321240 0.1382237560
322879 0.1382150670
322994 0.1381666171
323306 0.1381238609
323308 0.1381155242
323826 0.1380367351
324902 0.1380300537
325825 0.1379533785
325921 0.1379469880
325942 0.1379458260
326592 0.1379381151
326622 0.1379173223
326647 0.1378644001
326772 0.1378508394
326954 0.1378419989
327170 0.1378128493
328139 0.1377845952
328843 0.1377612345
329355 0.1377603935
329516 0.1377462501
329736 0.1376722870
329823 0.1376700934
330066 0.1376507759
330223 0.1376202837
330282 0.1376202657
330427 0.1375964499
330460 0.1375944121
330475 0.1375909179
331685 0.1375624531
331874 0.1375441632
331999 0.1375436744
332305 0.1375277221
332480 0.1375270265
332725 0.1375170629
332785 0.1375103881
332826 0.1375026291
332855 0.1374963253
332858 0.1374720739
333309 0.1374673327
333453 0.1374638075
334826 0.1374552582
334844 0.1374356784
335576 0.1374351678
335611 0.1374299369
335656 0.1374254546
335684 0.1374094957
335911 0.1373801474
336905 0.1373527440
337462 0.1373499847
338624 0.1373282085
338893 0.1373193964
339041 0.1373133274
339650 0.1373051747
339774 0.1373016947
341016 0.1373001046
341254 0.1372972477
341403 0.1372691819
342713 0.1372646922
343113 0.1372497222
343152 0.1372418823
344236 0.1372399295
344399 0.1372335803
344904 0.1372266131
345511 0.1372238112
345590 0.1372153436
346296 0.1372143737
346378 0.1372080266
347142 0.1371982170
347570 0.1371945665
348182 0.1371924269
348207 0.1371894758
348516 0.1371873488
348689 0.1371669419
349238 0.1371609734
349499 0.1371606532
349518 0.1371590308
350213 0.1371545182
350221 0.1371530042
350346 0.1371510780
350949 0.1371508704
350977 0.1371437019
351784 0.1371342330
352461 0.1371333974
353052 0.1371302077
353105 0.1371290701
353400 0.1371226184
353862 0.1371210833
354629 0.1371202879
354659 0.1371182128
354846 0.1371180403
355010 0.1371173415
355134 0.1371163077
355867 0.1371152006
356111 0.1371135002
356600 0.1371132979
356645 0.1371119808
356662 0.1371100023
357180 0.1371096732
357420 0.1371094006
357602 0.1371084169
357692 0.1371067215
357835 0.1371062731
360718 0.1371042626
361034 0.1371041164
361110 0.1371015135
361118 0.1370999896
361267 0.1370983469
362260 0.1370962073
362435 0.1370948965
363225 0.1370926297
363795 0.1370916892
364442 0.1370899535
365055 0.1370888971
365436 0.1370873153
366229 0.1370820341
366518 0.1370813159
366795 0.1370722703
369007 0.1370687804
370111 0.1370650525
370160 0.1370619076
370999 0.1370599668
371338 0.1370598097
371699 0.1370576814
372373 0.1370565196
372515 0.1370542087
372568 0.1370540285
372625 0.1370533362
372782 0.1370479195
372894 0.1370441124
373501 0.1370430479
374119 0.1370412394
374511 0.1370352303
374575 0.1370346049
375548 0.1370327566
375549 0.1370298388
375630 0.1370293643
375795 0.1370240337
375973 0.1370223011
377285 0.1370176832
380003 0.1370094267
380822 0.1370078763
380853 0.1370028825
381221 0.1370018129
382496 0.1369996257
382543 0.1369986319
383337 0.1369979119
383946 0.1369913543
384427 0.1369885219
384686 0.1369806485
388264 0.1369806146
388379 0.1369606761
388685 0.1369558386
390622 0.1369490345
391012 0.1369361958
391923 0.1369353389
392573 0.1369310590
392640 0.1369286374
392710 0.1369016996
392818 0.1368889487
392820 0.1368889298
393006 0.1368888102
393505 0.1368880847
393960 0.1368875581
394113 0.1368819988
394343 0.1368812149
394362 0.1368756958
394582 0.1368748119
394583 0.1368646745
394808 0.1368617612
394964 0.1368601203
394994 0.1368556289
395058 0.1368515823
395059 0.1368437385
395731 0.1368428043
395759 0.1368380987
395976 0.1368357122
396361 0.1368318599
396411 0.1368312243
396432 0.1368275672
396828 0.1368219241
397269 0.1368205958
397380 0.1368167323
397472 0.1368159356
397520 0.1368090155
397917 0.1368083355
397944 0.1368063272
398958 0.1367934271
400028 0.1370359341
evaluations raw_y
1 168.8349964393
2 90.8272268358
4 78.6323522458
17 51.8310744381
109 43.2885231666
125 34.8110911455
126 34.7687236043
166 33.1493106971
224 32.7731255858
234 32.2151310687
251 31.3123095414
258 24.8871202767
363 22.7909159625
394 20.1026689864
439 18.6020881173
746 17.2866494892
3191 17.2606689795
3246 15.3093838925
3328 15.0000381462
3510 11.4789502147
3846 11.3614700747
3967 10.9916605899
4258 10.3147563051
4583 10.1785046903
4591 10.1544094321
4665 10.0310823084
4783 9.8128755455
4786 9.7670604262
4918 8.6423157757
5113 8.4772281168
5192 8.1997606867
5324 7.9599327100
5944 7.8838906459
6058 7.7619842767
6387 7.6445607801
7024 7.2304421621
7101 7.0108510578
7616 6.8802604639
8206 6.2932413177
13691 6.1261017589
21921 5.7120415311
27620 5.5966235349
28005 5.4967475563
32556 4.8988448135
44131 4.7659780013
47045 4.7602148647
47322 4.0615221216
48207 3.7963664423
48569 3.4807937175
48883 3.3204288160
49759 3.2444114067
50390 2.4978250967
53656 2.4394661936
54766 2.3011662083
54931 1.9782378934
56472 1.8817512451
60901 1.7697437283
61606 1.5919897276
61855 1.5170933975
63839 1.5124888897
64312 1.4534482896
65054 1.0540722317
68910 0.8018221454
69938 0.7359196462
70054 0.7074933733
70874 0.5514177662
71943 0.5092845818
72307 0.5039457702
72781 0.4944812529
73107 0.4826183086
73221 0.4786533802
73419 0.4343200563
74447 0.3958578353
74662 0.3725912329
75515 0.3664149358
75597 0.3573126999
76409 0.3422757147
76536 0.3351367711
77319 0.3348549722
77615 0.3258498297
78245 0.3256709629
78251 0.3252819882
78330 0.3188538539
78450 0.3149867303
78657 0.3145982451
80067 0.3130425292
80981 0.3101003779
82569 0.3083242961
83257 0.3054874267
83738 0.3037580273
84991 0.3036366755
85393 0.3025052150
85500 0.3023126138
85539 0.3017404689
86065 0.3016891546
86353 0.2991804870
87013 0.2984482602
88151 0.2949155424
90588 0.2922872972
92524 0.2922871757
92753 0.2916420041
93218 0.2906993411
94043 0.2900137169
94410 0.2899833240
94607 0.2891956624
94649 0.2888052120
96348 0.2885363850
97077 0.2872557483
97395 0.2860002544
97948 0.2859649316
98413 0.2848172026
99586 0.2834275972
99588 0.2832748093
100235 0.2826092121
100312 0.2814141785
101652 0.2805178467
102457 0.2797981870
102846 0.2770972314
103644 0.2754710411
105446 0.2749942744
105813 0.2737226970
107409 0.2736114595
107534 0.2732108981
107830 0.2710856501
108701 0.2707729231
108965 0.2696148282
109300 0.2692777235
109835 0.2650146566
112527 0.2648976877
112844 0.2643004933
114390 0.2634188345
114914 0.2622483955
115335 0.2621826558
115449 0.2621680252
115698 0.2620558206
115793 0.2601956547
118392 0.2595557952
118613 0.2595334610
118836 0.2593939434
119187 0.2587719329
121246 0.2587544806
121403 0.2586712901
121543 0.2584851719
121620 0.2581199304
122635 0.2579888039
123279 0.2579249821
123423 0.2579210540
123452 0.2579091419
123507 0.2578741390
124044 0.2578104603
124555 0.2577083318
124793 0.2574163288
125820 0.2574089994
126460 0.2571775557
126916 0.2570989656
127235 0.2570821934
127300 0.2570148888
127330 0.2568208912
128138 0.2568127701
128471 0.2567371199
129188 0.2566632539
130617 0.2563994782
131883 0.2559963711
132259 0.2559742236
132720 0.2557646187
132965 0.2557511939
133498 0.2557122854
133816 0.2556862329
133887 0.2554749358
134307 0.2554374117
135421 0.2550989966
135955 0.2550409110
136160 0.2549259875
136408 0.2548507716
136657 0.2548066133
137266 0.2547480954
137978 0.2547170830
138212 0.2547153657
138241 0.2546607455
138516 0.2546503935
138760 0.2545661420
138781 0.2544476554
140679 0.2542389542
141161 0.2541057847
141399 0.2540413694
142196 0.2538800061
142806 0.2538201724
142927 0.2536968556
142930 0.2536113163
143248 0.2535789494
143882 0.2535248304
143921 0.2534012932
144795 0.2532909378
144954 0.2532832860
145764 0.2531836539
146309 0.2529902144
147784 0.2529678828
148345 0.2529643948
148599 0.2529258498
148648 0.2528256730
148730 0.2527276691
150478 0.2526865994
150742 0.2526740199
151412 0.2525338705
152132 0.2523904307
152425 0.2523457281
153477 0.2523341274
153546 0.2522152755
154216 0.2520897831
155529 0.2519505454
156212 0.2519168943
157252 0.2517402374
157307 0.2517272449
157855 0.2516869289
158466 0.2516202820
158497 0.2511780946
160533 0.2507226532
163719 0.2504812175
165077 0.2502888152
166044 0.2501429189
166763 0.2500129346
167027 0.2500013866
167033 0.2499705460
167873 0.2495398848
168299 0.2494638335
168734 0.2491237853
169859 0.2490595488
170146 0.2489474181
171241 0.2489290545
171363 0.2488124605
172092 0.2487983492
172197 0.2487173894
172274 0.2486363185
172796 0.2485799964
172976 0.2485232127
173111 0.2483967476
173258 0.2483869133
174737 0.2483709798
174806 0.2482930503
175818 0.2481578808
176189 0.2480450117
176401 0.2479818901
176543 0.2476506510
177617 0.2475873327
178937 0.2474334110
182511 0.2473747492
182547 0.2467598317
183135 0.2467194339
183238 0.2463556711
183382 0.2462043311
183675 0.2460504952
183935 0.2459092498
184810 0.2457438998
185224 0.2456358392
185486 0.2453254736
185935 0.2450155912
185967 0.2443320569
186407 0.2443151809
188302 0.2442546047
188459 0.2441820917
188480 0.2439106182
191305 0.2433085421
192216 0.2431923062
192298 0.2431808354
192444 0.2431333689
192491 0.2430701823
192607 0.2428357485
192687 0.2428341169
192747 0.2427728810
192813 0.2427154013
192932 0.2425821997
192948 0.2422136514
193100 0.2420123557
193168 0.2417917727
193407 0.2417431244
193541 0.2415650440
193844 0.2415583533
193887 0.2412713159
194580 0.2411331537
194884 0.2409747336
196010 0.2405355885
197573 0.2403267654
197576 0.2400692005
198103 0.2399744402
198465 0.2396237537
199165 0.2395134207
199651 0.2392567516
201029 0.2388011589
201463 0.2383438878
202436 0.2382585779
202759 0.2372144884
203608 0.2370304385
204557 0.2367709763
204605 0.2367507549
205224 0.2364321128
205511 0.2360332604
205891 0.2359205303
206088 0.2357780119
206376 0.2352236898
207789 0.2345751646
207865 0.2345421968
210108 0.2343962453
210297 0.2343479665
210514 0.2336348279
210693 0.2334586433
210792 0.2332273889
212172 0.2331360677
212660 0.2327989777
213664 0.2327808334
214071 0.2323051749
215699 0.2319139741
215933 0.2319069055
216114 0.2313797459
216278 0.2312791718
216494 0.2302347953
217097 0.2296604311
218018 0.2291394728
219770 0.2289332295
220456 0.2280891248
220927 0.2272209594
221844 0.2266962317
222355 0.2266272228
222523 0.2262847927
222595 0.2259042372
222662 0.2257728585
223074 0.2256695447
223433 0.2256097293
223637 0.2255369315
224116 0.2246634539
224966 0.2242353847
227378 0.2241954942
227650 0.2241681426
227805 0.2237913322
228050 0.2236856391
228062 0.2234336764
228381 0.2225624308
229838 0.2223908050
230276 0.2223292381
232759 0.2216876575
232823 0.2215049542
232945 0.2213374035
236188 0.2208402227
236534 0.2207350370
236833 0.2203224903
237035 0.2201329551
237202 0.2200180486
237250 0.2196814240
237675 0.2192932252
237942 0.2192694433
237956 0.2190233808
238536 0.2189430101
238660 0.2188270483
239097 0.2188187805
239363 0.2184673965
239671 0.2184615486
240245 0.2181044004
240418 0.2180910653
240620 0.2179626582
241614 0.2178309973
241718 0.2177742856
241894 0.2176504247
241990 0.2174822411
242242 0.2174303012
242333 0.2173485841
242731 0.2171025578
243699 0.2169690644
247860 0.2164430363
248005 0.2162555367
248571 0.2160530518
248756 0.2157869513
248872 0.2153438258
249399 0.2151102562
250112 0.2148288629
250227 0.2145466703
250245 0.2145380876
250683 0.2145357060
250787 0.2141067075
251591 0.2139702229
252307 0.2139311163
252493 0.2137041490
252705 0.2135207561
255301 0.2134562308
255898 0.2133358818
257266 0.2132199448
257482 0.2131739662
257488 0.2130410648
258749 0.2120753379
260691 0.2116020266
261559 0.2115440403
261712 0.2113812353
261848 0.2110390378
262013 0.2109642295
262245 0.2105773654
263509 0.2104185034
264699 0.2103977400
264821 0.2103148014
264888 0.2101450124
264984 0.2101125940
265055 0.2100420100
265242 0.2100383595
265517 0.2099149003
268992 0.2096187713
269350 0.2096076945
269838 0.2095559134
270023 0.2094284698
270091 0.2094165652
270374 0.2092634647
270655 0.2091998223
270734 0.2089543058
271820 0.2084855040
272820 0.2082850526
273099 0.2082841863
273183 0.2080513339
273466 0.2080136109
273919 0.2080085768
274110 0.2079281405
274162 0.2077623080
274310 0.2072870353
274415 0.2069899956
274689 0.2067717154
275856 0.2066605316
276430 0.2062469637
276913 0.2059363031
277154 0.2057070217
277341 0.2053808231
277759 0.2051226873
280259 0.2050114665
280431 0.2049939979
280667 0.2049203839
280732 0.2048442678
280857 0.2046438352
280908 0.2038014315
282077 0.2037910883
283706 0.2032827305
284556 0.2032077607
284968 0.2031458106
285047 0.2028463042
285127 0.2027977632
285396 0.2026057894
285469 0.2024114008
285669 0.2020282712
286378 0.2019338443
286738 0.2017441471
286767 0.2012756967
287058 0.2012107808
287413 0.2008172527
289182 0.2008061905
289231 0.2007567483
289300 0.2006065168
290469 0.1999323419
290620 0.1998041675
290675 0.1995316619
290976 0.1994615909
291062 0.1993662343
291099 0.1978328478
292251 0.1975910791
292407 0.1973756904
292581 0.1973295602
292755 0.1973176837
292855 0.1963054458
294218 0.1961630511
296340 0.1958844164
296610 0.1952893002
296886 0.1949404899
296907 0.1942912640
297060 0.1939741771
297556 0.1938180788
297578 0.1935874300
297737 0.1935464896
297922 0.1934127552
297995 0.1931456188
298139 0.1928679992
298300 0.1928053319
298405 0.1927461250
298548 0.1920747850
299173 0.1919038835
299669 0.1916510849
300300 0.1916422908
300381 0.1915612658
300404 0.1912827804
300648 0.1912645962
300687 0.1912400353
300715 0.1912290465
300924 0.1912001794
301257 0.1911676404
301639 0.1910880722
302736 0.1910504905
302860 0.1910102884
302999 0.1908769554
303124 0.1906950813
303238 0.1906426192
303522 0.1904633714
303755 0.1900695304
305868 0.1900372136
306282 0.1900169345
306514 0.1900075989
307513 0.1897237827
307898 0.1893916199
308135 0.1892279603
308188 0.1891913269
309397 0.1889565860
309443 0.1887641471
309734 0.1885076314
309810 0.1881270117
311221 0.1879800320
311231 0.1877612993
311403 0.1877334790
311789 0.1875282607
312016 0.1872271655
312643 0.1870885014
313959 0.1869331732
314124 0.1868948900
314687 0.1867249205
315066 0.1865375038
315666 0.1862644795
316478 0.1862199419
317074 0.1861412708
317177 0.1860985398
317179 0.1860905962
317260 0.1860343130
317278 0.1859059053
317807 0.1858516221
319021 0.1858392924
319500 0.1857146744
321514 0.1856032580
321627 0.1852989735
322011 0.1849742609
322874 0.1849374649
322905 0.1848960543
323281 0.1848208762
324471 0.1847634731
324827 0.1845240084
324842 0.1845053570
325152 0.1844021513
325173 0.1842657373
326287 0.1841372163
326725 0.1840258171
327349 0.1840107151
327477 0.1840107114
327522 0.1839276574
327919 0.1838101786
327959 0.1837141065
328983 0.1837027181
329116 0.1836607018
330244 0.1836148092
330606 0.1836085279
330637 0.1836017204
330681 0.1835546235
330946 0.1835130561
330949 0.1835017254
331182 0.1834961304
331249 0.1834792010
331391 0.1834275933
331728 0.1833714063
332035 0.1833546253
332668 0.1833422677
333045 0.1832698584
333375 0.1832326693
333650 0.1831902416
334633 0.1831444913
334980 0.1831315747
335156 0.1831268798
336089 0.1831027353
336591 0.1830447437
336718 0.1830041208
337139 0.1829477457
339385 0.1829439582
339462 0.1829065952
339498 0.1828692739
339543 0.1828505262
339660 0.1828044681
339705 0.1827677145
340128 0.1827488484
340644 0.1826908324
340974 0.1826856172
341027 0.1826616994
341756 0.1826433044
341775 0.1825613068
342419 0.1825206185
342489 0.1824914466
342785 0.1824582186
343114 0.1824311166
343849 0.1823687066
344171 0.1823373111
346327 0.1823350739
346541 0.1822878163
346719 0.1822484146
347196 0.1821995636
347502 0.1821960633
347762 0.1821791771
347870 0.1821778251
347931 0.1821489062
348845 0.1821453314
348890 0.1821411349
348964 0.1820811971
349392 0.1820737388
349561 0.1820504078
350348 0.1820392300
350441 0.1820280082
350712 0.1820250401
350791 0.1820122994
351011 0.1820116052
351190 0.1820078906
351296 0.1819949053
351444 0.1819944553
351599 0.1819894723
351681 0.1819733350
352055 0.1819695042
352078 0.1819668310
352087 0.1819449414
352121 0.1819372509
352437 0.1819367173
352761 0.1819271278
352876 0.1819167157
353675 0.1818904075
354307 0.1818823575
354884 0.1818810209
355022 0.1818630083
355954 0.1818578036
357667 0.1818379144
357984 0.1818101251
359151 0.1817936355
359629 0.1817449814
360254 0.1817245559
360452 0.1817206561
360509 0.1816966934
361298 0.1816865859
361538 0.1816852942
361660 0.1816628182
361790 0.1816532741
362147 0.1816397561
362490 0.1816356243
364051 0.1816016354
364162 0.1815983553
364766 0.1815853271
365089 0.1815687294
365976 0.1815358987
366704 0.1815093278
368381 0.1814968677
368606 0.1814907942
368640 0.1814900472
368903 0.1814889105
369142 0.1814765353
369442 0.1814760960
369528 0.1814407362
370418 0.1814387744
370642 0.1814247264
370721 0.1814215030
371049 0.1813960443
372938 0.1813889756
373361 0.1813651625
373632 0.1813446584
375346 0.1813226925
375813 0.1813018468
376087 0.1812538064
376367 0.1812380776
376878 0.1812239914
377340 0.1812147559
377365 0.1811699464
378196 0.1810810179
379686 0.1810618783
380234 0.1810297598
380638 0.1810293235
381421 0.1809301448
381870 0.1808564986
383398 0.1808356900
383410 0.1808058088
383655 0.1807739340
383762 0.1807577457
384386 0.1807474263
384453 0.1806478569
384541 0.1805670717
385163 0.1804821079
385243 0.1804243509
386138 0.1804187233
386145 0.1803198678
386454 0.1803136414
386772 0.1802774077
387115 0.1802032173
387424 0.1801348173
387682 0.1801086076
388369 0.1800920831
388396 0.1799009586
389615 0.1798501753
390396 0.1798190899
390570 0.1797948894
390576 0.1797822383
390876 0.1797048725
392380 0.1796924962
392701 0.1796351535
392863 0.1796314432
393980 0.1795884288
394060 0.1795759044
394154 0.1795647141
394180 0.1794902888
394247 0.1794797991
394652 0.1794674914
394873 0.1794315322
395407 0.1794040711
395527 0.1793704250
396020 0.1793390682
396028 0.1792950910
396033 0.1792950458
396147 0.1792942982
396475 0.1792702085
396570 0.1791951605
396638 0.1791881671
396813 0.1791836948
396844 0.1790920793
397231 0.1790206723
398694 0.1789991532
399241 0.1789723467
399623 0.1789505704
400046 0.1793598804
evaluations raw_y
1 180.8100327350
5 116.3945668633
10 89.1129655321
11 80.3804585829
19 56.6070191329
34 54.7272035792
36 37.0748636706
44 33.1278837192
108 30.7703922664
171 24.5371481870
201 21.3598004457
427 19.7534378259
970 16.6966716621
991 16.5843388029
3135 16.2655735749
3265 15.6168221146
3448 14.1113934848
3510 12.3568106810
3652 11.7135346857
3770 11.5795746015
3854 11.3812199023
3874 10.4050331031
4402 9.5339367773
4553 9.4551554121
4593 9.3102934391
4644 8.8701793529
4645 7.9420247054
4923 6.8186637904
9025 6.3015816995
15608 5.9527754684
18318 5.6054061017
24078 5.4704605921
31470 5.2815743337
34405 5.2298762494
41804 5.2088329359
42063 4.6293842198
42887 4.1030632826
47872 4.0793322724
48482 3.8739303671
48983 3.3126189343
50098 2.3696695141
53221 2.3171055504
53938 2.3066686256
54338 2.2772858242
54469 2.1805214786
54591 1.4838994315
61137 1.4740104897
62627 1.3569502457
64636 1.2968455148
64656 1.1541654170
65271 0.9212350640
66355 0.8738330129
66826 0.8099101175
66870 0.7347825448
69726 0.7209744776
70262 0.6955371464
70292 0.6681539630
70301 0.6400946009
70711 0.5436740195
71096 0.4546215588
73822 0.4526566325
73899 0.4380371648
74872 0.4143242814
74958 0.4093428974
75110 0.4007114113
75212 0.3946374817
75308 0.3460069264
75566 0.3345340067
75742 0.2883655257
76082 0.2841392134
78316 0.2839817992
78482 0.2738181388
78959 0.2704746880
78998 0.2700578934
79062 0.2593195229
79546 0.2587661381
79721 0.2578138661
79782 0.2524489818
79896 0.2424239476
80249 0.2419422040
80316 0.2320386252
82020 0.2315429662
82225 0.2247406477
82260 0.2232597572
83924 0.2207760605
84137 0.2199104442
85343 0.2194182756
85775 0.2158977481
86895 0.2124828933
88041 0.2099936891
88069 0.2096601786
88926 0.2085806803
89028 0.2056378585
89632 0.2047695342
90489 0.2033707042
93038 0.2032840554
93103 0.2031440792
93507 0.2028146005
93947 0.2022213602
94150 0.2014981175
94911 0.2008385518
95521 0.2007694336
95642 0.2006533994
95751 0.2006128204
96124 0.1999740442
96229 0.1993566162
96641 0.1983972260
96859 0.1980151289
98333 0.1966559280
98865 0.1964593841
99203 0.1961939779
99285 0.1947163797
100018 0.1946109094
100413 0.1942143286
101417 0.1940547700
101592 0.1922060087
102409 0.1915556186
103192 0.1915213624
103362 0.1911825064
103838 0.1895752230
104729 0.1894342833
104827 0.1889995601
105087 0.1886682482
105967 0.1883741888
106022 0.1881510476
106198 0.1878917854
106229 0.1877144394
106302 0.1859279710
106620 0.1852359162
107530 0.1851080331
107923 0.1843279725
108564 0.1837333059
110824 0.1836192783
110852 0.1834743614
110987 0.1830486074
111583 0.1828805379
111822 0.1828329135
112214 0.1828312191
112250 0.1827330706
112342 0.1824427403
112879 0.1824032329
113185 0.1823837592
113556 0.1823202007
114003 0.1819437316
114599 0.1817877936
114834 0.1814356672
115786 0.1812710448
115989 0.1811947146
116609 0.1809617059
117119 0.1808643978
117331 0.1805896846
117545 0.1805235587
118352 0.1803166136
118709 0.1801165735
118886 0.1798286335
121690 0.1798226889
121695 0.1794908089
122357 0.1789915613
122530 0.1788341962
122914 0.1786762731
123256 0.1785992011
123414 0.1784135756
123684 0.1779371340
124198 0.1779260141
124508 0.1779138928
124718 0.1777687698
124790 0.1777151523
125169 0.1775119171
125230 0.1771301202
125773 0.1769559818
129005 0.1767693277
129462 0.1767597150
129594 0.1766978999
129720 0.1764234643
130168 0.1762081717
130577 0.1760104387
130967 0.1756889270
131825 0.1754466606
132553 0.1752535013
133648 0.1750178252
134157 0.1749568777
134416 0.1749221572
134789 0.1749221122
135216 0.1748169522
135545 0.1744908623
135747 0.1744521793
137635 0.1744234376
138273 0.1743745193
138372 0.1739344612
138935 0.1738955240
140304 0.1738800049
140604 0.1738391820
141691 0.1737570814
141701 0.1735788606
142490 0.1733668867
142607 0.1731954355
144408 0.1727919397
145303 0.1726525392
145510 0.1725832387
146957 0.1721990992
147569 0.1721733995
147857 0.1715330361
148219 0.1712823690
148902 0.1708621967
152651 0.1707340110
153120 0.1707218529
153359 0.1705737614
153433 0.1704963896
153630 0.1702058080
153807 0.1696082600
154350 0.1692475671
155264 0.1689727246
155838 0.1688784651
156761 0.1688387345
156880 0.1687208726
157167 0.1687098285
157194 0.1684038806
157603 0.1684024025
157606 0.1683587886
157722 0.1682406916
158351 0.1680568493
159122 0.1677346607
159904 0.1677085440
160528 0.1676623095
160629 0.1673019872
161805 0.1672244386
161816 0.1669658146
162458 0.1669005031
162853 0.1665874722
164639 0.1664724938
165672 0.1663828949
166135 0.1660901220
167362 0.1658821132
167936 0.1653030312
168492 0.1652598446
168510 0.1651315787
168599 0.1651232743
168603 0.1645195504
168820 0.1642904431
170308 0.1640302520
170567 0.1639835834
170585 0.1633315654
170689 0.1630824019
171293 0.1630412210
172000 0.1629860233
172316 0.1624890729
172919 0.1624798474
174107 0.1623847094
176356 0.1622828779
176447 0.1622442180
176784 0.1622243660
177053 0.1621152604
177096 0.1619688755
177120 0.1615614510
177808 0.1614806396
177854 0.1613714547
178668 0.1613100284
178766 0.1610662661
179592 0.1609324406
179913 0.1608895005
181280 0.1601913681
182379 0.1600274272
182398 0.1595296916
182864 0.1592811146
183891 0.1592061097
183938 0.1587172035
184214 0.1576224174
185292 0.1575729214
185373 0.1572751902
185683 0.1571530070
186329 0.1564877222
186534 0.1559119553
186785 0.1555438627
186858 0.1553804723
186967 0.1545465670
188525 0.1541624257
188667 0.1537868541
188925 0.1521814090
191360 0.1519115872
191442 0.1516832357
191708 0.1512903941
192063 0.1501241991
192787 0.1496227412
193334 0.1494447259
193465 0.1493870628
193741 0.1481097950
194581 0.1469154494
194613 0.1467387856
195403 0.1465355125
195591 0.1463976991
195656 0.1462796164
195759 0.1462144032
195805 0.1460422105
196320 0.1456587597
196589 0.1455867734
196650 0.1452110978
196939 0.1449771647
197430 0.1448360715
197719 0.1447680698
198105 0.1445716516
198121 0.1438014892
199142 0.1432094735
199243 0.1428749332
200028 0.1428747594
200075 0.1428668971
200569 0.1426028853
200754 0.1424939302
201518 0.1423078277
201799 0.1422375573
202164 0.1419266093
202443 0.1414959081
203002 0.1410671965
204282 0.1409618451
204947 0.1407964371
205051 0.1407254895
205459 0.1405108004
205762 0.1400140751
206039 0.1399079024
206337 0.1397961451
206842 0.1397086551
207400 0.1394401384
207858 0.1394203061
208001 0.1393879165
208577 0.1391211404
208686 0.1386760058
209141 0.1385642536
209198 0.1383536552
209835 0.1377965554
210158 0.1377344970
210190 0.1376298319
210637 0.1376116521
211243 0.1373180148
211853 0.1371633799
211942 0.1370685244
212030 0.1364157190
212428 0.1360870891
212729 0.1360324994
212874 0.1355114305
213711 0.1354794548
213728 0.1347972244
214032 0.1345410044
214118 0.1341674377
216405 0.1339759881
216668 0.1335382838
218119 0.1332251022
219411 0.1327542138
220006 0.1325732865
220169 0.1321315729
220369 0.1321084952
221233 0.1318752093
221712 0.1316360139
221761 0.1313929651
223118 0.1313874050
223723 0.1312012224
223970 0.1309991579
224568 0.1308326147
225684 0.1308181540
227350 0.1306469322
227494 0.1305059443
227740 0.1294653391
228167 0.1292310602
228528 0.1292092094
228832 0.1290995203
228882 0.1286837847
230420 0.1285739560
231558 0.1283951468
231988 0.1282060349
232368 0.1280407818
233207 0.1279912263
233406 0.1276634559
233804 0.1275844018
234258 0.1273469184
234595 0.1271449006
235486 0.1270685540
235493 0.1269487977
235773 0.1269084643
235936 0.1267250697
236549 0.1266760510
236610 0.1264313604
237053 0.1263648730
237538 0.1263421411
237706 0.1263138324
238095 0.1262299320
238276 0.1261584578
238619 0.1261293509
238777 0.1259965794
238960 0.1256381127
239015 0.1255595259
239927 0.1254936710
240261 0.1254741564
240337 0.1254204930
240366 0.1253762586
240558 0.1252424152
241049 0.1252337926
241132 0.1252057741
241162 0.1251105616
242354 0.1246215535
244871 0.1244493623
245536 0.1235965518
246838 0.1230739279
247014 0.1229279795
247320 0.1228179119
247391 0.1226924485
248251 0.1224768210
248786 0.1223619241
249491 0.1223160350
249635 0.1220335039
249782 0.1217263784
251830 0.1216480918
253590 0.1210557185
254799 0.1210403768
254832 0.1210251940
254867 0.1209261052
255017 0.1207927109
255172 0.1207386615
255283 0.1206217131
255343 0.1205407646
255412 0.1205226367
255504 0.1203059416
255609 0.1201416199
255725 0.1199233574
255928 0.1199227476
256140 0.1198418354
256274 0.1197338945
256545 0.1194713959
256843 0.1193138763
257034 0.1191304623
257475 0.1188351378
258028 0.1188112176
259464 0.1186742976
259772 0.1183444354
262401 0.1181179941
262438 0.1177701093
262452 0.1176743016
262877 0.1172836440
262991 0.1166277129
264536 0.1165888638
264607 0.1164127683
265183 0.1163527518
265356 0.1161657112
265579 0.1158853097
265982 0.1158395702
266609 0.1158211878
270024 0.1156974981
270906 0.1156756662
270965 0.1151894142
271460 0.1150957849
271532 0.1150697830
272053 0.1145310583
273080 0.1144132639
273093 0.1142478453
273314 0.1142299919
273427 0.1142082972
273540 0.1141522314
273699 0.1139313757
273783 0.1139214293
274029 0.1138949540
274162 0.1137905911
274305 0.1137857755
274374 0.1137731909
274555 0.1136054003
274794 0.1134580994
275091 0.1134533918
275194 0.1133981309
275261 0.1133455998
275848 0.1133079275
276661 0.1132764059
276828 0.1132423023
277295 0.1131009057
277717 0.1130074617
278599 0.1128918577
280065 0.1127616282
280796 0.1125667649
281635 0.1123799723
282803 0.1123431340
282958 0.1120639502
283171 0.1120004696
283355 0.1118564227
284404 0.1117759361
284495 0.1116911093
284530 0.1116151710
284919 0.1114701771
285809 0.1113646905
286355 0.1113242444
287481 0.1112834708
287541 0.1112538600
287940 0.1112178534
288076 0.1112142178
288587 0.1111624878
288643 0.1111286019
289338 0.1111266094
289371 0.1110737790
289501 0.1110392125
289853 0.1110061574
290074 0.1109600050
290730 0.1108810313
291146 0.1108307640
291847 0.1108042787
292407 0.1107604256
292562 0.1106748377
293575 0.1106246266
294145 0.1105260352
295136 0.1105092903
295613 0.1104458956
295972 0.1103865834
296399 0.1103543626
296840 0.1103264060
297059 0.1103099329
297574 0.1102570853
297761 0.1102532003
298153 0.1101967641
298498 0.1101964678
298587 0.1101884642
298940 0.1101783794
298962 0.1101299495
299491 0.1100787785
299688 0.1100627088
299730 0.1100160779
300546 0.1100121118
302701 0.1099582519
303009 0.1099056819
304097 0.1098842640
304443 0.1097945976
305782 0.1097945309
305822 0.1097937234
305823 0.1097403779
306311 0.1097396772
306364 0.1096868769
307906 0.1096822493
307924 0.1096779968
308027 0.1096701771
308176 0.1096607815
308362 0.1096567287
308597 0.1096378234
309136 0.1096366183
309420 0.1096348690
309473 0.1096336201
309529 0.1096294650
309673 0.1096261742
310560 0.1096245792
311552 0.1096095865
311884 0.1096077910
313261 0.1096001085
315081 0.1095740002
315934 0.1095696335
316455 0.1095670861
316513 0.1095406224
317405 0.1095392152
318226 0.1095325377
318241 0.1095316413
318330 0.1095084717
320901 0.1095008220
321598 0.1094978314
321657 0.1094931340
321843 0.1094893573
322297 0.1094824728
322469 0.1094807367
322798 0.1094704298
323136 0.1094671539
323417 0.1094654205
323548 0.1094571852
324225 0.1094512264
324479 0.1094446582
325068 0.1094249205
326544 0.1094175927
327462 0.1094022896
328335 0.1093951580
328731 0.1093859068
329869 0.1093844517
329933 0.1093749328
330101 0.1093661525
330237 0.1093524511
330479 0.1093517181
331029 0.1093411629
331582 0.1093377353
331802 0.1093308025
331935 0.1093297826
332497 0.1093206223
332900 0.1093132293
333487 0.1093048741
333829 0.1092907725
335305 0.1092893352
335431 0.1092833174
335615 0.1092814084
335968 0.1092564741
337310 0.1092540149
337575 0.1092462563
337783 0.1092415275
338307 0.1092282642
338744 0.1092161892
339481 0.1091873263
341758 0.1091805448
342032 0.1091656620
342762 0.1091610987
342862 0.1091603923
343105 0.1091492840
343281 0.1091480990
343841 0.1091380772
344049 0.1091343187
345027 0.1091333381
346553 0.1091204889
347179 0.1091123157
347199 0.1091082907
348857 0.1090877975
350790 0.1090868630
350809 0.1090852401
350981 0.1090820861
351105 0.1090771014
351596 0.1090713460
352482 0.1090654401
353396 0.1090465794
354620 0.1090456199
354831 0.1090335952
354928 0.1090288712
356346 0.1090282608
356484 0.1090275861
356542 0.1090243490
356583 0.1090221860
356975 0.1090155121
357352 0.1090100525
357638 0.1090072042
357914 0.1090050013
358189 0.1090045852
358274 0.1089992207
358671 0.1089939360
359025 0.1089930101
359226 0.1089904582
359468 0.1089891207
360365 0.1089875364
360430 0.1089861537
360734 0.1089842085
360777 0.1089807194
361134 0.1089773970
362010 0.1089724394
363534 0.1089685950
364052 0.1089668559
364356 0.1089648780
364873 0.1089643445
365185 0.1089607722
365386 0.1089590860
365421 0.1089535324
366903 0.1089488127
367743 0.1089434840
368426 0.1089385857
368455 0.1089362868
369171 0.1089315887
369596 0.1089313245
369837 0.1089308113
369838 0.1089293139
371031 0.1089264936
371540 0.1089239556
372023 0.1089213100
372827 0.1089103650
373864 0.1089065516
374440 0.1089052085
374688 0.1089022985
374723 0.1089020707
374729 0.1088995191
374843 0.1088912609
375361 0.1088887328
375375 0.1088859608
375498 0.1088813231
376163 0.1088767164
377183 0.1088764077
378039 0.1088733811
378867 0.1088726545
378959 0.1088710563
379359 0.1088682323
379529 0.1088675705
379890 0.1088672783
379979 0.1088665323
380141 0.1088643300
380692 0.1088631697
381016 0.1088629065
381268 0.1088626766
381583 0.1088625192
381729 0.1088618837
381874 0.1088616993
381933 0.1088614240
381965 0.1088612399
382069 0.1088609664
382163 0.1088608785
382240 0.1088608207
382249 0.1088606794
382326 0.1088588339
383395 0.1088582862
383470 0.1088579849
383801 0.1088577264
383968 0.1088577208
384369 0.1088571358
384589 0.1088563456
384612 0.1088554287
386209 0.1088550328
386474 0.1088548258
386959 0.1088545681
387265 0.1088544262
387287 0.1088541653
387377 0.1088537337
387709 0.1088534822
391303 0.1088530066
391453 0.1088526254
391988 0.1088525007
392101 0.1088521217
392418 0.1088518271
392443 0.1088515627
393560 0.1088511923
394339 0.1088510826
394802 0.1088510290
395304 0.1088509862
395368 0.1088509843
395479 0.1088509139
395717 0.1088509107
395909 0.1088508163
396120 0.1088508034
396562 0.1088507975
396566 0.1088507695
396660 0.1088507671
396871 0.1088507417
396987 0.1088507192
397005 0.1088507000
397328 0.1088506887
397399 0.1088506478
397655 0.1088506117
399044 0.1088505972
400014 0.1088507576
evaluations raw_y
1 99.1074412176
3 72.2603013089
4 54.9318684091
36 47.4882503595
109 47.2724970995
116 39.3602051740
122 36.4279846881
241 35.1898051222
252 23.0695474269
463 22.9577040179
570 22.6898763020
727 19.7072195961
2897 19.5278703570
2904 16.9837729626
2995 16.6864834667
3015 15.5780732025
3203 15.1617451383
3280 13.5087910818
3345 12.8659052386
3608 11.3979411360
3650 10.2174056832
3780 9.5983883286
3784 9.5132401712
3846 9.1570553364
4602 9.0587401776
4616 8.6283237604
5063 8.5762309499
5072 8.0905869509
5226 8.0396580465
5336 7.9739345147
5628 7.8004998558
5629 7.5489671088
5931 6.9287632933
9085 6.8295033436
14516 6.3288057948
15958 6.1904976689
15979 6.0530970243
31506 5.9431805109
34002 5.8874050892
34818 5.3899768805
43233 5.3854374680
50941 5.0141524178
55109 4.9232979918
57497 4.7818202084
63034 4.3887159407
64591 4.3380258985
66135 4.3218582133
66238 3.8970631419
66969 3.7523810896
68923 3.6401982487
69051 3.5935285913
69376 3.4802752297
69395 3.1898881365
71228 3.1046521860
71366 3.0517323302
71767 2.7905729999
71953 2.5142680126
75366 2.3643475723
78217 2.2425397779
79157 2.1011912507
79769 2.0679157031
80032 1.6926949042
83437 1.4243142285
86281 1.3090285527
86323 1.1307647755
88192 0.9117537906
89697 0.8436411210
90827 0.7186651017
90896 0.6030835273
91903 0.5436149129
92762 0.5245407456
92962 0.5147924625
94373 0.5104881192
94716 0.4796956879
94728 0.4337892945
95236 0.4255448750
96092 0.4045704024
96317 0.4038280848
96579 0.3544598766
97669 0.3537048000
100813 0.3435635765
104834 0.3338077718
105471 0.3167482869
106036 0.3162157540
106183 0.3140972773
106762 0.3079632534
106788 0.3061205815
106885 0.3038252364
107246 0.2991138162
107465 0.2952914718
109261 0.2895071457
112167 0.2894627149
112317 0.2862641664
112889 0.2862030756
113261 0.2845522808
114026 0.2839828365
115286 0.2835001687
115713 0.2834486272
115875 0.2828263148
116080 0.2821505975
116956 0.2820009476
117025 0.2819796438
117460 0.2804234058
118071 0.2804115745
119289 0.2792592683
119722 0.2791051469
120614 0.2767809080
120798 0.2761389839
122187 0.2754982543
123307 0.2745039094
124443 0.2744149389
125154 0.2742999454
125494 0.2742596988
125536 0.2740442191
125979 0.2739418566
126001 0.2734343377
126167 0.2723802873
128164 0.2720722221
128650 0.2718589138
128814 0.2718405465
128838 0.2715481156
129162 0.2713415735
129712 0.2697270601
129719 0.2697152672
130931 0.2689577840
131620 0.2686649255
131918 0.2681806226
132296 0.2678732358
132903 0.2674043387
133310 0.2673022691
133374 0.2672819129
133831 0.2669972932
134335 0.2665716436
134825 0.2659793502
135534 0.2653376726
136623 0.2652915020
136696 0.2645381411
137184 0.2644322702
138704 0.2642124093
139461 0.2641695906
141220 0.2639827010
141875 0.2633051517
142395 0.2631857174
142471 0.2630518080
142907 0.2625849136
143078 0.2621590013
144669 0.2620780180
144785 0.2611590083
145034 0.2606653464
145223 0.2605996654
145340 0.2604262522
145492 0.2602696687
145760 0.2596934081
146061 0.2595042112
146409 0.2590795395
147315 0.2589611513
147400 0.2584334292
148063 0.2581413809
148289 0.2580441678
148438 0.2577525557
148636 0.2575218987
149025 0.2574385049
149366 0.2573125180
149501 0.2572899845
149540 0.2571613417
149922 0.2566684126
150158 0.2566218787
150852 0.2562018745
151572 0.2561545323
151593 0.2560258236
152327 0.2558944475
153262 0.2557350336
153399 0.2556789585
153847 0.2552461575
155016 0.2551793670
155115 0.2550648195
155636 0.2550559313
155687 0.2547377198
155845 0.2545772021
156569 0.2541671125
157576 0.2539397914
159013 0.2538750588
159071 0.2534689258
159746 0.2533397732
160162 0.2530929257
161425 0.2530809627
162074 0.2530556677
162218 0.2527491841
162826 0.2522952419
165025 0.2522688730
165466 0.2520784065
165831 0.2516975067
165971 0.2516738679
166238 0.2515426869
166472 0.2512895320
168238 0.2511572769
168859 0.2504689317
169501 0.2501164351
171077 0.2499831308
171683 0.2499523396
172028 0.2493649832
175013 0.2492688552
175573 0.2487282171
175837 0.2486569583
175876 0.2486299928
175947 0.2481988345
175980 0.2479431152
176342 0.2477974095
176758 0.2476997248
177059 0.2474777671
177090 0.2473723056
177254 0.2473493535
177412 0.2468211133
177690 0.2466169249
177993 0.2464074175
179298 0.2461068767
180356 0.2460285403
181200 0.2457235835
183172 0.2456699404
183746 0.2456037356
184133 0.2454886218
184292 0.2452837962
184786 0.2452107517
185097 0.2451959554
185357 0.2451858738
185980 0.2451336486
186498 0.2451332346
186718 0.2451047963
187203 0.2448030785
188102 0.2445982777
190647 0.2443220869
191310 0.2438633721
193764 0.2436874481
194678 0.2435935045
195661 0.2433281821
195687 0.2427017308
198983 0.2425562901
200598 0.2423895024
200723 0.2416755490
201871 0.2412499681
202821 0.2411927224
202963 0.2409605639
203120 0.2407662045
203688 0.2405044381
203729 0.2400943761
205187 0.2400864232
205318 0.2400097354
205733 0.2399366683
206060 0.2397749752
206138 0.2397119164
207150 0.2395755426
207664 0.2393678869
208287 0.2393437580
208533 0.2392887024
208636 0.2392631295
208819 0.2391870923
209060 0.2390446276
209408 0.2389887126
209546 0.2389882399
209747 0.2388866619
209875 0.2387564484
211193 0.2387096695
211546 0.2384702605
213132 0.2384430371
213639 0.2379369480
213960 0.2378065566
214760 0.2376003501
216013 0.2373045568
216884 0.2372654658
217150 0.2371139678
217302 0.2369058170
218016 0.2366876471
218743 0.2365208932
218979 0.2364209543
219757 0.2361927935
219874 0.2358328424
221476 0.2357432805
222096 0.2356628652
222255 0.2355522799
223534 0.2354053830
224502 0.2353213354
224585 0.2353092798
225154 0.2352831337
225422 0.2352602945
225516 0.2352309139
225525 0.2352257625
225755 0.2348576124
228847 0.2345455922
229578 0.2344715472
231116 0.2343444864
231463 0.2343246212
231492 0.2341851260
231710 0.2338718513
231751 0.2338296347
232296 0.2337117792
232388 0.2335925038
232889 0.2335059378
233288 0.2334499090
233435 0.2333919956
233551 0.2333739773
233818 0.2333605963
233964 0.2333287973
234093 0.2333239749
234240 0.2333038629
234315 0.2332360875
234359 0.2331887787
234611 0.2331618381
234819 0.2330514739
234826 0.2330397711
234938 0.2329754405
235070 0.2329317893
235641 0.2329216134
236125 0.2327936395
237312 0.2327246330
237762 0.2327192593
238062 0.2326549575
238323 0.2326469253
238497 0.2325767114
238790 0.2322395387
241075 0.2320191771
241811 0.2319864819
242055 0.2319603228
242081 0.2319258328
242166 0.2319156864
242196 0.2318412838
242582 0.2317984931
242675 0.2317539368
242690 0.2316714999
243191 0.2315661890
243676 0.2315474868
243884 0.2315351923
243944 0.2315300805
244398 0.2314769757
244471 0.2314517649
244557 0.2313623890
244614 0.2313461163
244831 0.2312490027
245120 0.2311871081
245705 0.2311650358
245727 0.2310747802
246109 0.2310427264
246349 0.2309892420
247316 0.2309257855
247935 0.2308910664
248332 0.2308871248
251213 0.2306849986
251725 0.2304975620
252168 0.2304567557
252183 0.2304408732
252374 0.2304239269
252572 0.2303110526
253034 0.2301819525
253437 0.2299818295
254038 0.2299514869
254860 0.2297779675
255553 0.2297370061
256329 0.2296017743
258730 0.2295805560
259587 0.2295735197
259799 0.2294144125
260158 0.2293752902
260195 0.2292800107
260376 0.2291763394
260440 0.2289909469
260972 0.2288944838
261012 0.2288358430
261565 0.2287934622
261791 0.2287791341
262698 0.2287785879
262732 0.2286975906
263442 0.2286967641
263449 0.2286410313
263821 0.2286250387
265721 0.2285674143
266922 0.2285434490
267535 0.2284800418
268460 0.2284367920
269145 0.2284099028
272557 0.2283469697
272831 0.2281332781
273435 0.2279077552
273927 0.2278348963
274501 0.2278085918
274558 0.2277182991
274851 0.2276074871
275187 0.2275619672
275883 0.2275481290
276587 0.2275350698
276650 0.2273972789
277198 0.2272653565
277674 0.2271985139
278841 0.2270710753
279372 0.2270053266
279548 0.2269260211
280679 0.2268406241
280863 0.2268192622
281452 0.2267765306
281515 0.2267523665
281539 0.2267081597
281927 0.2266121645
282041 0.2265179547
283907 0.2264765377
284736 0.2264608930
284961 0.2264511558
284978 0.2264356998
284982 0.2264290071
285048 0.2263894591
285087 0.2263792974
285455 0.2263205855
285647 0.2263059586
285657 0.2263032285
285767 0.2263027894
285881 0.2262622480
285901 0.2262189520
285969 0.2261924865
286255 0.2261899488
286687 0.2261802351
288108 0.2261347955
290842 0.2259843615
290939 0.2259047242
291292 0.2258318388
291397 0.2257133837
291694 0.2256438002
292116 0.2255671725
292267 0.2255047557
294205 0.2254928726
294454 0.2254785486
294730 0.2254166079
294813 0.2253553429
295066 0.2252973094
295094 0.2252599314
295146 0.2251153025
296371 0.2249925148
298423 0.2249142565
298761 0.2248649254
299257 0.2247814664
300118 0.2247076858
300166 0.2246367883
300672 0.2245792254
301168 0.2245135576
302988 0.2244747694
304343 0.2244053130
304371 0.2243268701
305110 0.2243216119
305610 0.2242042940
306335 0.2241353805
306385 0.2241124287
306659 0.2241098824
306996 0.2241088596
307364 0.2240971795
307523 0.2240191332
308377 0.2239900560
308409 0.2239272715
308752 0.2238967373
309680 0.2238754226
310021 0.2238559030
311180 0.2238482910
311868 0.2238115200
312327 0.2237794960
312438 0.2237603175
313743 0.2237342550
313826 0.2236813161
314198 0.2236793335
314336 0.2236772394
314388 0.2236740273
314476 0.2236628328
314777 0.2236267835
314961 0.2235795132
316259 0.2235781204
316351 0.2235685349
316409 0.2235574280
316415 0.2235494846
316489 0.2235315983
316578 0.2235313815
316592 0.2235256298
316702 0.2235196150
316819 0.2235128071
316997 0.2235101515
317047 0.2234833853
317326 0.2234447279
317649 0.2234348347
318397 0.2234286492
319076 0.2234169235
320066 0.2233778651
321068 0.2233549620
321664 0.2233447698
322147 0.2233417132
322422 0.2233379540
322436 0.2233243719
322816 0.2233180613
323225 0.2232926133
323542 0.2232909595
323750 0.2232882135
323793 0.2232684723
324170 0.2232618557
324356 0.2232459900
324610 0.2232448428
325711 0.2232403413
325714 0.2232346094
325854 0.2232284178
326463 0.2232057500
326775 0.2231988787
328499 0.2231931105
328931 0.2231930654
329161 0.2231867713
329266 0.2231847020
330273 0.2231720349
330514 0.2231625460
331884 0.2231502898
332051 0.2231098066
334010 0.2230880105
334614 0.2230419496
335132 0.2230299546
335183 0.2230276526
335854 0.2230205351
336862 0.2230164999
337126 0.2230084798
337371 0.2229569241
338753 0.2229499427
338937 0.2229405196
339191 0.2229346178
339512 0.2229326044
339633 0.2229307100
339860 0.2229152434
339985 0.2229108391
340124 0.2228987935
340286 0.2228946806
340585 0.2228817557
340737 0.2228803345
340941 0.2228797013
341202 0.2228682419
341230 0.2228626299
341382 0.2228568234
341861 0.2228412647
341993 0.2228362974
342818 0.2228235697
343996 0.2228200197
344313 0.2228103098
344827 0.2228048604
345070 0.2227920866
346014 0.2227896532
346483 0.2227825294
346656 0.2227800097
346793 0.2227744418
346995 0.2227694875
347405 0.2227654530
348432 0.2227638701
349130 0.2227559875
349655 0.2227364331
350794 0.2227288693
351778 0.2226982083
352274 0.2226737982
353072 0.2226729859
353338 0.2226708154
353804 0.2226624999
357258 0.2226471094
357382 0.2226321328
357541 0.2226282242
357565 0.2225959758
357606 0.2225787455
357909 0.2225594338
358288 0.2225076388
359038 0.2224991101
359042 0.2224938956
359155 0.2224758004
359286 0.2224562461
359443 0.2224480440
359581 0.2223994311
360870 0.2223680073
361910 0.2223337683
363082 0.2223276879
363195 0.2223272329
363464 0.2223025839
363680 0.2223022298
363687 0.2222908413
364187 0.2222826171
365247 0.2222592017
365687 0.2222495560
366281 0.2222237948
366839 0.2221617872
370292 0.2221349615
370569 0.2220997083
370771 0.2220883500
370774 0.2220850224
370781 0.2220753229
370936 0.2220610621
370991 0.2220481872
371310 0.2220440698
371338 0.2220161166
371569 0.2220121595
372789 0.2219541602
375956 0.2219490934
376943 0.2219329916
377145 0.2219223231
377509 0.2218619131
377787 0.2218453581
377840 0.2218406324
377934 0.2218099087
378279 0.2217823373
378290 0.2217596164
378650 0.2217550745
378788 0.2217031125
378790 0.2216916410
379118 0.2216855790
379574 0.2216569991
379652 0.2216472346
379663 0.2216045265
380105 0.2215721801
380701 0.2215683232
381044 0.2215680572
381067 0.2215424287
381574 0.2215355237
381598 0.2214737417
382117 0.2214732879
382356 0.2214449890
382443 0.2214254287
384256 0.2213701934
384855 0.2213119110
385958 0.2213099616
386140 0.2212361848
387291 0.2212300966
387373 0.2212183468
387412 0.2212031594
387476 0.2211568292
387779 0.2211394437
387926 0.2211220727
388012 0.2211133302
388068 0.2210382708
388289 0.2210169243
388823 0.2209763770
389019 0.2209744504
389680 0.2209611185
390098 0.2208541708
391070 0.2208329676
392241 0.2207974558
393200 0.2207952324
393271 0.2207676023
393362 0.2207427847
394121 0.2207306772
394326 0.2207165501
395187 0.2207140214
395189 0.2207112505
395586 0.2206763397
396057 0.2206737308
396185 0.2206613037
396744 0.2206511377
396955 0.2206496157
397020 0.2205927617
397131 0.2205429783
398021 0.2205228072
398215 0.2205067333
399579 0.2204920585
399715 0.2204819298
399721 0.2204814704
399729 0.2204370419
399837 0.2204153807
400032 0.2208630063
evaluations raw_y
1 164.3994012126
2 71.5407004291
17 70.8647668174
18 65.3980873479
20 60.4732813480
27 58.6251754120
33 51.4283848400
41 46.4759925172
82 44.2872867786
109 38.1747666321
120 30.8371508706
165 28.4753042514
239 23.1276318359
480 21.4899790790
617 19.6904071626
637 18.0717419981
684 16.8457114508
863 15.1610751239
3255 13.9256991042
3548 11.7560660742
3645 10.9950478984
3981 10.1498783961
4337 8.8663176236
4443 7.5025446798
5997 7.4678474251
6404 6.9995925575
7290 6.8918859546
8540 6.8187869742
9219 6.7255061255
9457 6.5745548672
9728 6.3970259514
10196 5.8743505410
17211 5.7335556904
21963 5.4141406874
34294 5.2452428902
44896 4.8096931979
48860 4.7638695606
50215 4.5013193246
50716 4.2116162218
52376 4.1664334813
52467 3.8945380674
53299 3.6930837598
54237 3.6110063278
54507 3.5298954266
55632 3.3501452339
55677 3.0488687063
56325 2.8661860304
57679 2.8300249378
59405 2.4916490779
61034 2.3815827487
63064 2.3006457884
64114 2.0825034078
65257 1.9251368082
66026 1.6780625308
69661 1.5840177720
69807 1.1460198979
74588 1.1056650354
75749 1.0568293309
76730 1.0074361743
76846 0.8284537256
77099 0.7452205087
77808 0.7404462612
77970 0.6278502382
78827 0.6216233233
79051 0.6035153331
79414 0.5258367164
79523 0.4925967796
79528 0.4707333255
79576 0.4586855674
79694 0.4356518911
79950 0.4215393194
80392 0.4131921812
80450 0.3940135754
80974 0.3837373762
81058 0.3558932200
81187 0.3498204163
81219 0.3122158218
84382 0.3052356687
84902 0.3025400578
85057 0.2947977116
85600 0.2888973559
86064 0.2835927430
86430 0.2795380864
86592 0.2735148157
88121 0.2714366827
88722 0.2688321441
88820 0.2675602019
90633 0.2673675080
90825 0.2661898661
91717 0.2652109449
92460 0.2646362512
92869 0.2644461083
93031 0.2633600026
94698 0.2626595431
95870 0.2626023339
96203 0.2624824701
96379 0.2622594861
96521 0.2620164885
96656 0.2609308829
96716 0.2599516348
98643 0.2594493683
99146 0.2579477783
99956 0.2574693463
100780 0.2559441254
102443 0.2558754256
102641 0.2558298440
102850 0.2556385756
102854 0.2544623081
103548 0.2539939361
104011 0.2535460125
104553 0.2530448551
104868 0.2525247394
105215 0.2522503507
105379 0.2518840485
105587 0.2510437000
105943 0.2507106349
106132 0.2506272406
106334 0.2497435492
106415 0.2480656581
107614 0.2477691971
107738 0.2472935260
107963 0.2466802813
108063 0.2459531372
109457 0.2455906453
109890 0.2455238147
110553 0.2454351044
111059 0.2446947719
111374 0.2411377137
112415 0.2404665875
113484 0.2404003022
113569 0.2402506440
113922 0.2400231554
114014 0.2396912022
114033 0.2389952287
114129 0.2386831018
114189 0.2380194489
115149 0.2376728556
115518 0.2376523273
115663 0.2373895709
115763 0.2358504411
117520 0.2352399680
117619 0.2351617637
117709 0.2347676157
118873 0.2344755260
119852 0.2344426125
120344 0.2344362292
120530 0.2344263053
120592 0.2343726112
120666 0.2343131352
121009 0.2342838431
121571 0.2340418049
122555 0.2340088276
122566 0.2339024004
122737 0.2337021911
124456 0.2336684397
124816 0.2335491636
124935 0.2335174974
125415 0.2334859397
125922 0.2334788688
127168 0.2333989061
128195 0.2333750097
128632 0.2332929061
128985 0.2332337651
129112 0.2331595793
129763 0.2331392352
130070 0.2330395639
130624 0.2328825860
131547 0.2328284702
131837 0.2327509031
132036 0.2325682882
134060 0.2325354866
134445 0.2325299697
134691 0.2325147238
134872 0.2323554917
135119 0.2322723616
135504 0.2322548797
135582 0.2320483640
135622 0.2319603528
137444 0.2319251487
137689 0.2317774279
138311 0.2317417736
139025 0.2314625868
140126 0.2313481543
140146 0.2311360577
140393 0.2309354405
140640 0.2308161659
140977 0.2307106438
141035 0.2302059816
142235 0.2301767545
143017 0.2300999071
143297 0.2299675158
143423 0.2296510852
145470 0.2294839408
145525 0.2294280328
146078 0.2293683746
148245 0.2293245854
148441 0.2292578292
149080 0.2292098333
149172 0.2291257791
149909 0.2290949377
150451 0.2290946627
150943 0.2290753276
151218 0.2290317587
152081 0.2289067834
152390 0.2288685365
154218 0.2286996075
155939 0.2286974746
156169 0.2286616693
156468 0.2286360261
156575 0.2286222498
156762 0.2285445211
157513 0.2284989760
157845 0.2284160837
157846 0.2284053214
157878 0.2284027642
157880 0.2283942163
158142 0.2283668994
158359 0.2283332078
158747 0.2283219773
158872 0.2283087533
159040 0.2282902829
159074 0.2282055246
159590 0.2281196430
159615 0.2280694605
160126 0.2280482655
160317 0.2280170992
160656 0.2277943713
161689 0.2277936316
162685 0.2276919918
163706 0.2276186014
163969 0.2275801065
164239 0.2275737699
164424 0.2274445636
165285 0.2274426783
165638 0.2274286631
165973 0.2273948283
165991 0.2273719081
166086 0.2273364367
166502 0.2273275420
167398 0.2273108691
167501 0.2272546622
167686 0.2271817639
169453 0.2271726692
169508 0.2270563346
169875 0.2270403352
170472 0.2270206378
171105 0.2270158196
171192 0.2269136041
171942 0.2268649626
172022 0.2267571434
173535 0.2264853683
175731 0.2264569064
175940 0.2264333160
176486 0.2263888489
176581 0.2263706381
176593 0.2262624875
176754 0.2259389344
178236 0.2256997204
178645 0.2252064562
180331 0.2251336364
180358 0.2251214831
180589 0.2249247640
181047 0.2247381645
181866 0.2247095002
182209 0.2245618055
182480 0.2243808436
183317 0.2242256906
183372 0.2239958738
183809 0.2239327023
185052 0.2238761660
185180 0.2236653287
185984 0.2236306852
186074 0.2236010232
187138 0.2235413866
187146 0.2234961483
187202 0.2233572522
188125 0.2232074959
188275 0.2230551927
190672 0.2230521252
190861 0.2229000541
190988 0.2228786878
191070 0.2227033581
191823 0.2226472056
192139 0.2225390120
193836 0.2224653049
194341 0.2223349638
194605 0.2221534847
194686 0.2221478543
194723 0.2221331024
194945 0.2220231066
196385 0.2219776919
196680 0.2219363373
196687 0.2217829596
197574 0.2217235858
198516 0.2217169416
198557 0.2216676400
198958 0.2216430590
199404 0.2215990482
199409 0.2215799261
199614 0.2215542166
199807 0.2215420474
199825 0.2215372255
199966 0.2215244164
199967 0.2215226261
199984 0.2214909858
199994 0.2214821465
200669 0.2214668305
200904 0.2213386528
202712 0.2213193130
203676 0.2213123139
203873 0.2212418718
204881 0.2211890590
205378 0.2211368316
205548 0.2210853833
205821 0.2210371813
207106 0.2210359517
207297 0.2209840954
207389 0.2209660580
207436 0.2208872458
208223 0.2208378819
208945 0.2207966800
209261 0.2207960045
209975 0.2207822558
210129 0.2207281250
210660 0.2207195777
211084 0.2206687482
212513 0.2206618302
212613 0.2206560054
212937 0.2206530893
212958 0.2206331558
213055 0.2206077027
214126 0.2205736735
214363 0.2205727176
215042 0.2205715958
215459 0.2205645490
215529 0.2205577413
216085 0.2205209944
216112 0.2205046631
218301 0.2204982222
218780 0.2204954403
219008 0.2204836688
219634 0.2204613572
220742 0.2204566161
220799 0.2204538585
220838 0.2204125178
221800 0.2204071893
221903 0.2203963310
222001 0.2203733382
222175 0.2203410931
222766 0.2203240022
223079 0.2203110552
223623 0.2203062022
223892 0.2203060836
224002 0.2203026211
224056 0.2202886237
224288 0.2202559260
224781 0.2202243377
226762 0.2202217125
226945 0.2202101036
227069 0.2201936282
227145 0.2201925097
227171 0.2201695789
227270 0.2201597380
227428 0.2201393667
228817 0.2201375229
228880 0.2201325545
229435 0.2201298804
230191 0.2201063271
230228 0.2200998022
230479 0.2200853435
231903 0.2200714866
232005 0.2200496456
233217 0.2200270466
234051 0.2199757825
234989 0.2199593315
236602 0.2199430717
236641 0.2199003298
236994 0.2198870283
237268 0.2198734634
237338 0.2198706762
237401 0.2198678713
237423 0.2198656013
237432 0.2198561436
237451 0.2198294883
237832 0.2197919758
238906 0.2197557725
239819 0.2197459281
239879 0.2197378163
240094 0.2197187950
241159 0.2196846920
241811 0.2196783394
241878 0.2196727589
242661 0.2196588619
243043 0.2196449599
244074 0.2196178975
244687 0.2196046028
244843 0.2195733672
245304 0.2195695492
245751 0.2195401339
245792 0.2195325281
245834 0.2195322958
246137 0.2195259711
246172 0.2195248324
246247 0.2194989290
246938 0.2194986324
247053 0.2194965673
247083 0.2194902288
247427 0.2194848040
247471 0.2194784409
247518 0.2194580940
248233 0.2194346767
249852 0.2194280631
250376 0.2194157915
250776 0.2194074021
251129 0.2193991003
251611 0.2193960779
251757 0.2193939236
251914 0.2193936828
252055 0.2193921595
252596 0.2193797013
252626 0.2193723281
253826 0.2193690936
254276 0.2193660898
254422 0.2193557094
254607 0.2193479655
256041 0.2193317267
257337 0.2193287275
257364 0.2193225025
257698 0.2193166799
258600 0.2193033948
259143 0.2193017624
259320 0.2192954175
259662 0.2192900669
259824 0.2192882800
259852 0.2192852351
260327 0.2192841877
260329 0.2192826989
260413 0.2192817362
260439 0.2192782023
260880 0.2192724288
260925 0.2192707470
261082 0.2192698864
262276 0.2192674865
263036 0.2192529449
263291 0.2192443841
264353 0.2192408978
265034 0.2192396594
265127 0.2192335903
265377 0.2192295773
266170 0.2192272758
266310 0.2192211968
269532 0.2192166917
269785 0.2192158136
270043 0.2191995217
270414 0.2191991381
270452 0.2191953633
270580 0.2191921989
270912 0.2191921083
271279 0.2191905658
271299 0.2191889865
271433 0.2191869324
271787 0.2191823712
272225 0.2191798010
272417 0.2191773342
272529 0.2191760837
272753 0.2191729803
272886 0.2191712041
273331 0.2191621598
274609 0.2191608324
277003 0.2191574565
277187 0.2191573250
277189 0.2191563975
277471 0.2191540710
277527 0.2191534819
277567 0.2191490032
279000 0.2191461183
279207 0.2191458882
279413 0.2191446608
279832 0.2191433884
281556 0.2191433437
281873 0.2191371498
282275 0.2191367776
282458 0.2191367413
283149 0.2191355535
285509 0.2191320912
286513 0.2191173300
289792 0.2190863031
290178 0.2190614064
290503 0.2190542457
290562 0.2190373972
290722 0.2189990067
292228 0.2189847173
292580 0.2189811315
293433 0.2189480383
295502 0.2189352647
296747 0.2188969274
297096 0.2188925282
297304 0.2188630058
297953 0.2188164106
300472 0.2187645557
301717 0.2187603790
301879 0.2187320302
302110 0.2187056538
302545 0.2186998356
302700 0.2186942144
303035 0.2186570316
303611 0.2186354952
303669 0.2186248118
303961 0.2186041232
306833 0.2185614597
307450 0.2185501887
307913 0.2185446198
308314 0.2185365068
308322 0.2184908848
308595 0.2184890723
309663 0.2184585736
310966 0.2184578755
311279 0.2184500365
311471 0.2184403685
313366 0.2184307102
313589 0.2184291765
313787 0.2184233278
313952 0.2184203751
314027 0.2184201804
314436 0.2184148985
314988 0.2184109925
315715 0.2184104125
315861 0.2183983933
315889 0.2183955689
315934 0.2183916483
316121 0.2183833102
316410 0.2183819811
316479 0.2183728725
318971 0.2183687271
319531 0.2183647112
319691 0.2183605914
320509 0.2183390061
321010 0.2183352623
321053 0.2183302594
321069 0.2183268010
321526 0.2183192468
321883 0.2183137538
322239 0.2182987134
322463 0.2182823738
324859 0.2182769763
325160 0.2182699998
327024 0.2182642678
327587 0.2182641417
327777 0.2182450018
328609 0.2182406513
328644 0.2182300676
328875 0.2182247239
328986 0.2182044697
329375 0.2182037294
329558 0.2182004482
329688 0.2181900008
329872 0.2181805489
329997 0.2181578779
330413 0.2181483234
330437 0.2181356491
331477 0.2181330070
332555 0.2180928071
335273 0.2180922511
335430 0.2180622853
335507 0.2180616159
335733 0.2180408586
335735 0.2180387738
336136 0.2179978637
336620 0.2179761831
336950 0.2179628566
337847 0.2179622966
338038 0.2179279975
338149 0.2179127861
338584 0.2178436935
340104 0.2178170824
340433 0.2177799621
341219 0.2177462029
341793 0.2177332267
341865 0.2177155041
342047 0.2176965390
342075 0.2176500225
342213 0.2176399163
342253 0.2176327617
342918 0.2176311298
343020 0.2176086416
343075 0.2176071648
343280 0.2175858919
343858 0.2175857459
344130 0.2175695655
344362 0.2175684789
344497 0.2175303180
344906 0.2175194107
345249 0.2175136684
345286 0.2175121765
345374 0.2175001108
345439 0.2174965558
345447 0.2174829374
346201 0.2174736546
346795 0.2174332406
349541 0.2174294379
349864 0.2173969102
350120 0.2173821359
351062 0.2173640255
351269 0.2173375524
351666 0.2173348778
351982 0.2173248321
352418 0.2173231563
352440 0.2173175543
352484 0.2173139620
352499 0.2173040573
352728 0.2173000912
352915 0.2172987120
352934 0.2172812256
353031 0.2172579666
353696 0.2172561882
354657 0.2172464954
355576 0.2172292496
356339 0.2172210165
356548 0.2172195848
356560 0.2172163199
356627 0.2172000417
356687 0.2171898101
356717 0.2171438220
357393 0.2171435254
357409 0.2171377826
358128 0.2171256027
358329 0.2171003759
358779 0.2170887098
359108 0.2170873247
359392 0.2170646827
359485 0.2170588867
359994 0.2170523418
360055 0.2170369973
360739 0.2170239417
360905 0.2169979867
363233 0.2169923946
363467 0.2169861955
363468 0.2169744763
363497 0.2169590472
363942 0.2169513879
364621 0.2169513691
364661 0.2169481408
365055 0.2169355693
365151 0.2168991757
365683 0.2168955962
366631 0.2168860800
367040 0.2168746333
367660 0.2168736301
367929 0.2168684086
368380 0.2168568449
369987 0.2168480337
370063 0.2168436390
370359 0.2168239945
371616 0.2168231552
371670 0.2168142060
371790 0.2167986719
372943 0.2167952154
373386 0.2167886552
374306 0.2167885275
374576 0.2167830999
375026 0.2167803468
375103 0.2167795335
375645 0.2167767011
376529 0.2167760503
376536 0.2167753862
376744 0.2167734393
376956 0.2167732948
377016 0.2167718286
377504 0.2167716065
377654 0.2167715644
377700 0.2167715382
377744 0.2167711709
377992 0.2167708982
378058 0.2167704104
378180 0.2167702900
378223 0.2167697644
378390 0.2167697337
378462 0.2167684224
379082 0.2167675825
379223 0.2167665193
379874 0.2167662277
381130 0.2167658085
381517 0.2167651629
381520 0.2167650767
382431 0.2167639606
382691 0.2167632743
383174 0.2167626019
383608 0.2167614044
383630 0.2167604150
384068 0.2167596629
384084 0.2167594838
384931 0.2167591550
385078 0.2167577077
385350 0.2167575410
385856 0.2167568878
385912 0.2167554924
386901 0.2167554691
387317 0.2167553699
387751 0.2167550178
388036 0.2167544890
388720 0.2167538705
389067 0.2167530991
389804 0.2167527756
390034 0.2167525815
390549 0.2167521599
390644 0.2167519711
391008 0.2167516771
391139 0.2167516180
391291 0.2167515620
391546 0.2167513906
391862 0.2167512927
391914 0.2167506256
392333 0.2167505943
392520 0.2167502011
392780 0.2167500056
393084 0.2167497459
393664 0.2167496077
394060 0.2167492070
394343 0.2167485455
395200 0.2167479124
396412 0.2167478591
396602 0.2167477799
396733 0.2167474551
397046 0.2167473660
397390 0.2167472572
397976 0.2167472477
398151 0.2167471636
398547 0.2167471412
398734 0.2167470339
398742 0.2167469759
399246 0.2167468796
399471 0.2167468206
400029 0.2167481470
evaluations raw_y
1 96.6316143120
4 94.2731749290
19 68.8956732405
29 53.5508999649
111 53.5502447883
113 36.1230592550
116 34.3770980869
313 33.4998161078
326 31.7799441425
361 30.7149950416
369 19.1238573584
3618 18.9622302442
3655 14.6620799817
3887 11.2080770094
4336 11.1241455097
4553 9.0537389666
5188 8.2833078931
5441 8.1298252804
6181 7.8323451954
6298 7.1574753205
6373 7.0195270320
6592 6.8291549959
6843 6.3871361232
8895 5.5026617026
23555 5.3919942339
29672 5.0417706087
49879 4.5961650001
50750 4.1850608266
52498 4.0947634244
52826 4.0495843825
53555 3.9212622843
54128 3.9035373325
54227 3.2912234838
54945 3.0245443266
56213 2.9541387471
56651 2.7704425993
57823 2.6467093163
57874 2.5527677056
57878 2.4128345532
57883 2.2651955655
58239 1.9175614756
58981 1.8181102481
62241 1.7094981632
65280 1.3156774362
66293 1.2286160533
67205 1.1482519398
67432 1.1439512534
67522 1.1424319971
67624 0.9504624529
69179 0.6934267819
70009 0.6759136761
70693 0.6203980202
71460 0.6125183108
72065 0.5529843925
72808 0.5262004670
73471 0.4913074009
74161 0.4801149247
74424 0.4498379542
74514 0.4425819260
75350 0.4356960741
75696 0.4273503606
75824 0.4202912789
75893 0.4112205428
75976 0.4030832370
76461 0.4009416549
76538 0.3891585535
77692 0.3877889923
77854 0.3829001046
78414 0.3811561667
78429 0.3771291937
79065 0.3761714286
79276 0.3722586350
79459 0.3585534824
82079 0.3573904249
83397 0.3562994693
83492 0.3561811538
84539 0.3557897254
85329 0.3533762527
85503 0.3512567315
86314 0.3503220025
86476 0.3498354278
86651 0.3497548747
86814 0.3466046203
87890 0.3436675279
88393 0.3434105647
88602 0.3432459012
88763 0.3421585543
89405 0.3420659915
89431 0.3417659808
89917 0.3413960587
90130 0.3409355438
90457 0.3394623802
91101 0.3392094654
91751 0.3376968005
92727 0.3369203768
93484 0.3365556177
94565 0.3357890082
95001 0.3333717930
96250 0.3325323496
96448 0.3320323719
96693 0.3304155803
96748 0.3296405640
97552 0.3290025136
97579 0.3282775493
97679 0.3276252408
98490 0.3260534352
98613 0.3257108629
99710 0.3251111854
102015 0.3249284973
102124 0.3204758324
104012 0.3165914465
104539 0.3154252077
104988 0.3130738954
107541 0.3127930976
108517 0.3100553258
109309 0.3099348147
109822 0.3097477320
110043 0.3091973724
110130 0.3091887631
110528 0.3087508489
111043 0.3081837424
111183 0.3081389050
111420 0.3080045004
111771 0.3071685718
111925 0.3069953305
112112 0.3068642210
112299 0.3054183682
113216 0.3051578563
113824 0.3049787085
114583 0.3044891133
116181 0.3041192368
116278 0.3041157160
117028 0.3037071645
117300 0.3036754484
117600 0.3035626869
117759 0.3033453151
118044 0.3028167667
118765 0.3023874757
119130 0.3020501332
119514 0.3020039978
120514 0.3016560196
120668 0.3012332892
122047 0.3009812542
122429 0.3008051443
122825 0.3005249993
122833 0.3002966983
123719 0.2995141021
124357 0.2994721483
124516 0.2990816426
124803 0.2990148577
125084 0.2987312695
127074 0.2986877183
127126 0.2978322876
127283 0.2965102616
128280 0.2964251658
128880 0.2961367508
129373 0.2960505840
129426 0.2954709758
130057 0.2947935731
130672 0.2947410252
131224 0.2944691076
131379 0.2941648002
131383 0.2938859169
131602 0.2938170202
131624 0.2935277278
131841 0.2929015387
132836 0.2925672360
132842 0.2925481846
132875 0.2920774298
134366 0.2920111293
134370 0.2913926203
134781 0.2905450738
135980 0.2904457697
136276 0.2904214907
136328 0.2904193206
136479 0.2902343368
136808 0.2900540894
137130 0.2890141863
137700 0.2883333603
141624 0.2874800767
141948 0.2868907298
142046 0.2851589298
142376 0.2841426785
144276 0.2831925685
144397 0.2823360844
144627 0.2821301654
144916 0.2816344560
144933 0.2809829640
145311 0.2809526309
145712 0.2807250462
146160 0.2800628541
146220 0.2795593853
146522 0.2794740199
147368 0.2790859380
147632 0.2763237517
148957 0.2761877135
149058 0.2756946173
149215 0.2748038071
149750 0.2744621665
150191 0.2742349392
150872 0.2737822416
151224 0.2734071517
151895 0.2727438952
152906 0.2703100976
153178 0.2697588526
154058 0.2695722032
155327 0.2680241995
155458 0.2662255605
155585 0.2642804389
156490 0.2642361135
156616 0.2637038628
157342 0.2630323508
158058 0.2629592738
158691 0.2616650068
159931 0.2606084531
160061 0.2591087029
160070 0.2580056985
160946 0.2578901269
161141 0.2572430295
161358 0.2566362836
161790 0.2556479862
161978 0.2556463394
162115 0.2549554690
162338 0.2535184192
162683 0.2523747876
162865 0.2517970643
163142 0.2510248020
164072 0.2507210826
164513 0.2495864641
165153 0.2492132973
165206 0.2485947988
165438 0.2479149268
165709 0.2476793586
167384 0.2473140556
167597 0.2470468051
168164 0.2462424454
168654 0.2449575011
169495 0.2443540356
169982 0.2435965439
170953 0.2426823086
171594 0.2411605327
172117 0.2406198575
172922 0.2405789508
172969 0.2404408498
173032 0.2399342416
173277 0.2385102638
173439 0.2385081303
174047 0.2367501943
174606 0.2361895720
174927 0.2352627269
176839 0.2349651225
177887 0.2343004223
178740 0.2326540704
179836 0.2320439962
179873 0.2317801136
180075 0.2296973185
180758 0.2291072628
180908 0.2289449816
180925 0.2283768599
180945 0.2266777680
180960 0.2265025493
181062 0.2238834487
182641 0.2226586429
182754 0.2217518269
183112 0.2212013280
183957 0.2207041236
184518 0.2189874313
184694 0.2179168458
186256 0.2163973359
186842 0.2141188883
187796 0.2125456164
188823 0.2112923834
189302 0.2112876018
189766 0.2102565746
189978 0.2100466369
191121 0.2088478179
191207 0.2054971146
192678 0.2032553570
193206 0.2027501379
193282 0.2023181492
193695 0.2013693598
193734 0.2009956163
194204 0.1981117152
194989 0.1964644517
195146 0.1947352667
197634 0.1944556559
198001 0.1937887034
198134 0.1925569195
198205 0.1873700675
199219 0.1872772230
199388 0.1859937747
199829 0.1840520828
200019 0.1839617747
200030 0.1803020536
200149 0.1798979245
200304 0.1786831353
202630 0.1785036383
202712 0.1775920649
202796 0.1773999749
203062 0.1760035351
203965 0.1748410979
204086 0.1737870182
205158 0.1730337340
205380 0.1711060443
205666 0.1700473628
206316 0.1694611742
206532 0.1691494894
206716 0.1680965867
208505 0.1669128304
208798 0.1650574154
209995 0.1637738900
210347 0.1634788191
210378 0.1621716850
210564 0.1609705086
212656 0.1607243330
213349 0.1605758093
213494 0.1605701931
213558 0.1603167906
213569 0.1586615848
213573 0.1586276600
213747 0.1578862734
213908 0.1564774665
214472 0.1554759375
215481 0.1548370934
216237 0.1533698360
216929 0.1533208836
216999 0.1532584257
217433 0.1525319841
218610 0.1505440916
219423 0.1499444915
222323 0.1484903147
222919 0.1484692986
222945 0.1480375170
223115 0.1479319129
223227 0.1472110656
223778 0.1471354892
224135 0.1467715779
224315 0.1464571381
224433 0.1464374237
224580 0.1461558977
224668 0.1448138654
225208 0.1446834977
225248 0.1440814153
225746 0.1435929410
229120 0.1434899525
229497 0.1432429817
229504 0.1428411261
229807 0.1426909010
230044 0.1426096660
230066 0.1425674233
230828 0.1420295494
231282 0.1419293616
231626 0.1418910145
231983 0.1413498442
232647 0.1412722547
232726 0.1411668868
232760 0.1411477360
232946 0.1409979303
233043 0.1404872150
233858 0.1403927203
234733 0.1402040729
235068 0.1401001742
235586 0.1400119238
235639 0.1398663491
235716 0.1397971588
235831 0.1396579860
235891 0.1394618240
236688 0.1393820723
238453 0.1388037081
239602 0.1384008534
240179 0.1382286601
240472 0.1381618183
240534 0.1379827585
240613 0.1378896846
240973 0.1377891488
241293 0.1376250205
241629 0.1374870441
241803 0.1372164377
242040 0.1371594353
242749 0.1370864040
243079 0.1370446799
243191 0.1368639167
243399 0.1368048508
243848 0.1364854249
244503 0.1364732545
244765 0.1364418048
244838 0.1364040582
245174 0.1363497900
245346 0.1363154053
245381 0.1360554567
246034 0.1359554655
246901 0.1358107268
247082 0.1357053063
249352 0.1356541315
250897 0.1353610711
252029 0.1353087369
252596 0.1350296165
252776 0.1350169584
253040 0.1348344869
253200 0.1346726552
253306 0.1345741989
253866 0.1343791809
253879 0.1343410411
255628 0.1342757354
255678 0.1339643845
256471 0.1338407512
257144 0.1338204973
257554 0.1338101712
257677 0.1337206680
257752 0.1336744643
257987 0.1336488435
259719 0.1335565119
260233 0.1334225776
260991 0.1333272069
262982 0.1333221555
262990 0.1331561610
263383 0.1330993418
263427 0.1330010259
263602 0.1329473408
264295 0.1327255796
264338 0.1327103565
264719 0.1326998117
264727 0.1326419226
264916 0.1326065776
265145 0.1325545570
265291 0.1325506066
265889 0.1325135874
266121 0.1324824798
266170 0.1324061075
266385 0.1323326780
266443 0.1322195601
266763 0.1322060510
267784 0.1321393385
267893 0.1320968497
268096 0.1320923147
268284 0.1320500724
268368 0.1319908102
269421 0.1319830287
269819 0.1318580031
270066 0.1318174511
270244 0.1318038496
270765 0.1316644074
271444 0.1316368138
271545 0.1316321605
271590 0.1316113563
271970 0.1315463057
272206 0.1314967055
272689 0.1314927926
272756 0.1314877997
272861 0.1314462808
273108 0.1314185995
273512 0.1313904926
273540 0.1313728908
273874 0.1313234461
274114 0.1312815183
274117 0.1312800522
274290 0.1312279103
274686 0.1312090626
274750 0.1312004596
274813 0.1311834713
275169 0.1311675148
275319 0.1311526707
275610 0.1310194255
277390 0.1309696500
278497 0.1309418868
278702 0.1309122521
280185 0.1309110732
280687 0.1308500958
280706 0.1308260204
281231 0.1307996468
281839 0.1307991699
281993 0.1307543574
282680 0.1307147076
282795 0.1306734417
283455 0.1306610648
283583 0.1306337493
283820 0.1306330104
284029 0.1306260404
284162 0.1306260350
284184 0.1306077370
284326 0.1306042655
284398 0.1306020777
284557 0.1305801317
284720 0.1305673890
285142 0.1305095366
286551 0.1305092890
286740 0.1305027829
286862 0.1304981123
287340 0.1304805800
287894 0.1304718294
288071 0.1304554795
289264 0.1304314968
289301 0.1304216211
290129 0.1304144771
291366 0.1304142754
291988 0.1303949549
292327 0.1303933026
292593 0.1303811733
292617 0.1303758192
293454 0.1303711222
293466 0.1303666257
293587 0.1303637081
293734 0.1303562897
293991 0.1303374995
295786 0.1303312070
295900 0.1303266467
296707 0.1303218771
296777 0.1303020934
297271 0.1302966980
297677 0.1302928353
297911 0.1302872852
298280 0.1302867069
298435 0.1302794633
299762 0.1302757670
300304 0.1302742633
300610 0.1302703990
300705 0.1302658835
301231 0.1302579268
301527 0.1302486752
302003 0.1302479293
303640 0.1302463368
303717 0.1302427739
304486 0.1302393223
305066 0.1302284049
305933 0.1302209135
306019 0.1302175960
306474 0.1302163317
306504 0.1302129893
306727 0.1302028833
308640 0.1302016957
309380 0.1301964151
309817 0.1301960933
309920 0.1301925852
310115 0.1301850277
310521 0.1301839379
310735 0.1301668183
311273 0.1301622627
311688 0.1301621118
311870 0.1301611900
312128 0.1301611511
312344 0.1301602073
312383 0.1301561058
312607 0.1301465167
312986 0.1301463609
313143 0.1301459912
313302 0.1301458182
313380 0.1301452322
313531 0.1301424243
313561 0.1301372164
313791 0.1301344305
314440 0.1301295316
316447 0.1301291500
316655 0.1301274913
316720 0.1301237496
316981 0.1301215422
316985 0.1301214394
317120 0.1301174440
317792 0.1301155145
318163 0.1301127966
318756 0.1301101426
318854 0.1301059673
318915 0.1301034449
319498 0.1301026684
320226 0.1301013777
322571 0.1300972230
322836 0.1300966384
323378 0.1300964399
323475 0.1300907000
324527 0.1300897892
324992 0.1300837941
327290 0.1300700562
328365 0.1300651572
329545 0.1300505095
331478 0.1300470875
331518 0.1300464320
331678 0.1300429071
331922 0.1300289558
331977 0.1300254266
332291 0.1300092640
332646 0.1300056937
333020 0.1300009298
333120 0.1300008767
335245 0.1299978724
335434 0.1299908859
335438 0.1299657349
335777 0.1299602210
336295 0.1299582851
336748 0.1299581771
336766 0.1299518766
336769 0.1299498143
336779 0.1299487584
336902 0.1299472319
337646 0.1299435427
337921 0.1299413950
338134 0.1299392716
338559 0.1299373055
339616 0.1299073003
341895 0.1299036898
342134 0.1299009562
342534 0.1298991879
342574 0.1298981810
342864 0.1298907467
343832 0.1298885686
344122 0.1298881768
344391 0.1298864377
345741 0.1298851802
345788 0.1298830085
346215 0.1298825606
346308 0.1298801107
346350 0.1298785367
346763 0.1298754250
347510 0.1298741411
348099 0.1298695761
348352 0.1298587142
348445 0.1298517098
348720 0.1298488963
349378 0.1298437886
349514 0.1298406284
350175 0.1298390188
350427 0.1298342464
350699 0.1298316474
351750 0.1298279275
351927 0.1298241592
352140 0.1298199096
353194 0.1298122704
353516 0.1298030997
353922 0.1297942831
354527 0.1297934079
354545 0.1297845043
355989 0.1297706511
356533 0.1297559559
356704 0.1297499873
357637 0.1297491372
359619 0.1297474848
359945 0.1297209991
360529 0.1297109645
361492 0.1296921518
362870 0.1296861087
363203 0.1296834407
363456 0.1296826374
363666 0.1296772888
363769 0.1296711695
364682 0.1296673655
364907 0.1296654046
365647 0.1296645483
365952 0.1296550150
367272 0.1296506010
367739 0.1296498158
367797 0.1296467362
367896 0.1296429806
368083 0.1296426336
368257 0.1296396765
368500 0.1296376040
369039 0.1296373784
369264 0.1296371769
369290 0.1296344889
369519 0.1296338654
370009 0.1296312953
370213 0.1296298873
370765 0.1296289359
371159 0.1296242068
373588 0.1296228727
374193 0.1296209998
374653 0.1296190324
374883 0.1296169588
375014 0.1296169504
375104 0.1296137372
375270 0.1296107776
375761 0.1296094700
375835 0.1296080638
375918 0.1296076706
375976 0.1296060370
376657 0.1296058903
377188 0.1296058149
377457 0.1296049365
378000 0.1296029924
378397 0.1296025114
378632 0.1296018128
378899 0.1296001624
379054 0.1295997631
379105 0.1295996913
379152 0.1295996269
379183 0.1295972683
379223 0.1295965177
379802 0.1295947888
380028 0.1295935664
380139 0.1295934177
380301 0.1295930289
380393 0.1295920856
380523 0.1295911992
380760 0.1295906076
380984 0.1295900600
381151 0.1295898591
381584 0.1295897967
381939 0.1295894902
381969 0.1295894897
382015 0.1295888157
382235 0.1295886665
382362 0.1295875837
382635 0.1295867114
383852 0.1295865620
383887 0.1295853314
384638 0.1295849273
384650 0.1295845958
385268 0.1295843486
385499 0.1295842650
385537 0.1295840190
385553 0.1295839466
385696 0.1295838811
385762 0.1295834467
386192 0.1295831971
386329 0.1295828988
386661 0.1295827103
386827 0.1295821602
387262 0.1295819357
387616 0.1295818398
387721 0.1295815278
388693 0.1295813751
389484 0.1295812739
390363 0.1295811218
390836 0.1295810583
391017 0.1295810159
391279 0.1295808646
391945 0.1295806202
392818 0.1295803068
393460 0.1295802543
393728 0.1295801717
393740 0.1295800864
393767 0.1295800511
393957 0.1295797338
394138 0.1295795731
394293 0.1295795683
395067 0.1295793614
395374 0.1295792834
395574 0.1295790125
396073 0.1295788119
397085 0.1295787297
397519 0.1295786901
398179 0.1295785974
398343 0.1295785162
398394 0.1295783473
398474 0.1295780183
399179 0.1295774489
399430 0.1295773106
400042 0.1296167698
evaluations raw_y
1 82.8786196908
3 77.9040655754
15 67.6614790943
21 49.2843054421
29 40.5557618862
114 35.7324801488
144 25.7096650050
229 25.6510692605
314 21.4914741254
459 19.5699045448
596 18.2059129280
2809 17.8283304502
2989 16.9545452480
3107 14.1219336997
3332 13.8209170656
3574 12.9554536747
3632 12.4993668161
3789 12.2596159966
3882 11.1332356672
3919 9.4557467235
4413 8.4660701792
4693 8.4115046513
4699 8.1119997459
5192 8.0788590008
5261 7.8717708793
5560 7.1980138554
6927 7.1454898672
7579 7.1016467355
8527 7.0022960982
9628 6.9627420005
9701 6.5900152249
10377 6.5559179871
10415 6.4908550626
15750 5.9417691598
22206 5.7921729827
22246 5.6124311061
27778 5.3779251839
31691 5.2876468671
32715 5.2648485327
37701 4.7721706884
39604 4.5824159396
41081 4.4437074549
41499 4.3396061595
41690 4.2010120905
43240 3.6460747411
43974 3.6292299500
44077 3.0465570189
44811 2.8465497309
48273 2.7276185628
48508 2.4917575348
48518 2.3707732106
49598 2.3353878426
50279 1.9782847159
50816 1.9471739134
51464 1.5806543650
54878 1.5647140124
55177 1.5461154754
55685 1.4512455847
56000 1.3934404726
56310 1.2485126911
56421 1.1349625844
56846 0.5228556823
59390 0.4903336982
59520 0.4902969210
59744 0.4766229422
60272 0.3058746436
63004 0.2994166983
63752 0.2965292571
65322 0.2771240240
65841 0.2437201216
66810 0.2393432727
67003 0.2299126328
67738 0.2288331728
67874 0.2261646095
69526 0.2215841447
70092 0.2192330484
70144 0.2187748579
70495 0.2165035977
71416 0.2152836885
71488 0.2108785432
71949 0.2065767094
72239 0.2059250137
72411 0.2051473858
73149 0.2036991451
73150 0.2020272774
73675 0.2011270601
74233 0.2007223564
74261 0.1992670075
74651 0.1985241431
75368 0.1978092055
75602 0.1974934724
75762 0.1973873539
75859 0.1949442492
76911 0.1942965544
77219 0.1942678323
77378 0.1940219054
77437 0.1938277900
77611 0.1935821079
78209 0.1934838527
78448 0.1913563594
79025 0.1904763306
80568 0.1903339579
83003 0.1888446273
84212 0.1859395893
86808 0.1829545870
87758 0.1826278755
88531 0.1820006148
89014 0.1808535445
89199 0.1805727202
89253 0.1790401109
90316 0.1783727467
90443 0.1760541810
93154 0.1756919297
93209 0.1755335024
93234 0.1749404066
93750 0.1744064600
93795 0.1740780472
94879 0.1727616031
95408 0.1703303166
96482 0.1695341254
97647 0.1688638037
97841 0.1686189696
98278 0.1685300954
98712 0.1680973612
100047 0.1679288045
100734 0.1672476463
102008 0.1667716047
102841 0.1664352413
103123 0.1663017451
103473 0.1656356136
104723 0.1655398007
105671 0.1651189317
106178 0.1646725611
108251 0.1640760857
109271 0.1638576031
109623 0.1637149931
110181 0.1636179337
110959 0.1635695359
111406 0.1631228027
111578 0.1630642911
111887 0.1626735501
112472 0.1624690622
113255 0.1619042755
113518 0.1617281856
115642 0.1616484233
115742 0.1612394848
116699 0.1611549164
117120 0.1610843045
117375 0.1604892952
118584 0.1603482048
118767 0.1603135948
119050 0.1600116921
119557 0.1599650390
119897 0.1597629064
120118 0.1593431010
121801 0.1589454664
122769 0.1588284293
122949 0.1585901360
124033 0.1583216793
124816 0.1578109970
126070 0.1575172431
126230 0.1573278211
126729 0.1571459978
126807 0.1569526950
126835 0.1567737051
127389 0.1563943426
127967 0.1561180834
131068 0.1560148772
131377 0.1555657803
131941 0.1555643762
132329 0.1555365161
133149 0.1551044493
133809 0.1550485825
133858 0.1549853668
133898 0.1549685923
133911 0.1548730789
133952 0.1541161911
135067 0.1540474535
135179 0.1537240443
135489 0.1537174586
135722 0.1535079517
136111 0.1534537884
136390 0.1533545194
136974 0.1532578381
137192 0.1529449986
137777 0.1527928945
138578 0.1527333769
138837 0.1526942647
140007 0.1526596852
141878 0.1521992846
142099 0.1517728306
143066 0.1516580155
143170 0.1516473734
143214 0.1508892082
143749 0.1503054772
144666 0.1502874364
144911 0.1502660085
145339 0.1500941990
145514 0.1500542437
147061 0.1500316794
147449 0.1499081654
148055 0.1496457674
148395 0.1494918622
148809 0.1491171687
148967 0.1490279081
149038 0.1486570227
150261 0.1484984491
150425 0.1484542090
151331 0.1483897936
151394 0.1480906340
153115 0.1479062719
153455 0.1478652642
154051 0.1473805118
154455 0.1471567255
154711 0.1471032566
155213 0.1470898360
155316 0.1469576271
155440 0.1468581590
155620 0.1466210170
155881 0.1465535135
156555 0.1465329458
156843 0.1465027608
157009 0.1462392288
157375 0.1461963230
157392 0.1460508078
157464 0.1457645614
158435 0.1455620495
158746 0.1454189137
159588 0.1452323299
160425 0.1452181974
160436 0.1451758849
160574 0.1449289065
160782 0.1443424423
161203 0.1442802304
162636 0.1432774846
164518 0.1432173835
165500 0.1416093683
169699 0.1414034032
169725 0.1402080648
170137 0.1395995848
170451 0.1390658577
170745 0.1386794264
171513 0.1380592363
171727 0.1371521641
172255 0.1366349083
173777 0.1360161192
175411 0.1356080799
176406 0.1353338870
176694 0.1352198736
176855 0.1352102705
176945 0.1351555321
177053 0.1348218219
177145 0.1346686179
177153 0.1345070419
177723 0.1338720763
177848 0.1336020734
178771 0.1334986861
179690 0.1333990806
179915 0.1331919509
181169 0.1307352672
183614 0.1305497252
186294 0.1303197393
186819 0.1298733815
187066 0.1291714614
187234 0.1281561150
187987 0.1281062832
188616 0.1281006676
189364 0.1267644928
190498 0.1265790336
190788 0.1256341951
191182 0.1255107062
192669 0.1254164511
193047 0.1253934572
193120 0.1251493602
193563 0.1245879668
193717 0.1242470097
194241 0.1238424065
194380 0.1235683229
194820 0.1235598573
194892 0.1228830767
195042 0.1228702298
195127 0.1217240471
195864 0.1214464878
196045 0.1208653952
197942 0.1203744182
198053 0.1194294192
199453 0.1187801332
200095 0.1182387789
200471 0.1174586791
200600 0.1173193522
202045 0.1158933137
203978 0.1156429798
204614 0.1152094328
205149 0.1149824056
205544 0.1141060873
205621 0.1139851819
205741 0.1135835695
206201 0.1127538948
206395 0.1127398097
207089 0.1120844188
207111 0.1120801691
207306 0.1120666105
207775 0.1120573654
207916 0.1119485942
207993 0.1118753341
208131 0.1115576111
208320 0.1112959376
208342 0.1108988108
208479 0.1108985161
209243 0.1105816457
210270 0.1100233300
210500 0.1100010698
210905 0.1097744856
211348 0.1095715680
212088 0.1089438460
213637 0.1089115293
213823 0.1087507669
215929 0.1083245028
216714 0.1080744507
217051 0.1080537050
217277 0.1079505171
217446 0.1077934421
218661 0.1076805261
218772 0.1076670086
218901 0.1076664499
219133 0.1076166486
219201 0.1075910464
219271 0.1075750578
219546 0.1074887860
219804 0.1073051033
220929 0.1072497739
221150 0.1068711025
221945 0.1068169468
222130 0.1067837323
223323 0.1067632678
223518 0.1066636949
223600 0.1064882296
223879 0.1062628080
224504 0.1060371974
227246 0.1060024564
229352 0.1055337316
230799 0.1054186317
232089 0.1052976870
232347 0.1051261278
232422 0.1048146109
232945 0.1044828258
235920 0.1043327204
237110 0.1042805276
237749 0.1042490986
238140 0.1041608604
238173 0.1040306136
238596 0.1040281807
238718 0.1037358779
239246 0.1036242314
240585 0.1034500913
241468 0.1034378265
241862 0.1033444256
242482 0.1033195402
242934 0.1032826287
243639 0.1029671759
244931 0.1027111119
245480 0.1026487058
246616 0.1025151680
247135 0.1024998185
247695 0.1024694613
247866 0.1023822835
249073 0.1023795131
249086 0.1022753078
249914 0.1021854042
250642 0.1020390957
252815 0.1020218788
252954 0.1019987314
253477 0.1018371499
255802 0.1018140343
255928 0.1017293591
255964 0.1017166788
256732 0.1016932708
256756 0.1016701062
256808 0.1015969878
257344 0.1015831356
257436 0.1015726068
257502 0.1015579102
257536 0.1014876315
257634 0.1014786393
257748 0.1014595391
259148 0.1014399707
259390 0.1014284563
259406 0.1013977829
259575 0.1013803560
259659 0.1013405735
260191 0.1013301980
260650 0.1013258741
261190 0.1012922101
262199 0.1012699628
262310 0.1012607055
262334 0.1012371396
262536 0.1012352697
262815 0.1012341309
263122 0.1012132238
263397 0.1012048676
263416 0.1011732032
264727 0.1011295219
266019 0.1011100868
266643 0.1010820825
268817 0.1010593166
268836 0.1009882408
271251 0.1009378901
271348 0.1009164141
271514 0.1008613812
272821 0.1008535717
273663 0.1008458940
273955 0.1007386057
274422 0.1007363536
274654 0.1007318216
274832 0.1007170885
275261 0.1007015744
275477 0.1006837861
275670 0.1006762787
275776 0.1006604356
275801 0.1006539279
275878 0.1006400802
276026 0.1006142503
276220 0.1006064140
276234 0.1006005185
276490 0.1005997708
276567 0.1005967741
276612 0.1005742878
276666 0.1005586206
276761 0.1005291591
279937 0.1005287677
280144 0.1005185512
282057 0.1005078236
282406 0.1005067257
282528 0.1004500020
282851 0.1004163562
284080 0.1004134022
284085 0.1003819349
285090 0.1003704205
285487 0.1003542497
287050 0.1003376686
287351 0.1003302462
287381 0.1003203752
287753 0.1003179517
288290 0.1003135984
288622 0.1003089998
288964 0.1003079941
289098 0.1003063031
289134 0.1003046882
289641 0.1003035047
289678 0.1002993436
290009 0.1002980318
290263 0.1002946877
290506 0.1002946059
290612 0.1002897539
290735 0.1002890658
291055 0.1002857791
291244 0.1002842169
291284 0.1002822294
291556 0.1002817996
291562 0.1002781318
292201 0.1002758716
294178 0.1002731240
294800 0.1002712449
294854 0.1002700402
295263 0.1002689546
295616 0.1002687194
295645 0.1002685123
295659 0.1002656301
296501 0.1002620156
297247 0.1002567064
297578 0.1002537604
297913 0.1002474091
298257 0.1002469611
298852 0.1002466767
299730 0.1002440425
300215 0.1002430723
300781 0.1002366022
301220 0.1002328831
303438 0.1002321470
304336 0.1002317729
304620 0.1002314858
304728 0.1002276517
304827 0.1002254153
305275 0.1002244982
305440 0.1002242285
305628 0.1002214435
305747 0.1002113294
306466 0.1002079677
307055 0.1002063758
307176 0.1002059968
307316 0.1002043081
307408 0.1002034164
307521 0.1001976849
308632 0.1001947390
308969 0.1001904979
310357 0.1001902873
310557 0.1001876497
310861 0.1001875027
310996 0.1001855367
311154 0.1001825395
312037 0.1001820159
312381 0.1001756231
313000 0.1001744821
313010 0.1001741166
313269 0.1001729310
314212 0.1001728276
315130 0.1001693200
315380 0.1001687824
315651 0.1001682487
315877 0.1001669113
315901 0.1001668483
316012 0.1001668403
316091 0.1001632829
316120 0.1001591473
316472 0.1001587411
316774 0.1001578462
317112 0.1001534811
317968 0.1001489655
317977 0.1001485090
317986 0.1001435599
318776 0.1001434779
318924 0.1001405197
319142 0.1001385657
319850 0.1001272708
321478 0.1001121157
321619 0.1001098534
321706 0.1001088896
322564 0.1000827903
323199 0.1000763789
323749 0.1000663568
323754 0.1000641950
323766 0.1000641243
324060 0.1000509550
324146 0.1000476487
324387 0.1000402733
324805 0.1000284339
326208 0.1000202752
327331 0.0999963079
327864 0.0999840063
328901 0.0999389489
330646 0.0999295117
330687 0.0999057562
331003 0.0998497328
332795 0.0998244545
333101 0.0998237103
333131 0.0998146732
333683 0.0998084251
333709 0.0998041681
333734 0.0997821881
333844 0.0997762594
334285 0.0997758097
334356 0.0997594693
335286 0.0997522980
336028 0.0997478494
336203 0.0997207155
336472 0.0997022211
336710 0.0996977195
336831 0.0996897160
337043 0.0996836533
337350 0.0996800782
339845 0.0996760927
339849 0.0996690688
339935 0.0996624965
340249 0.0996488926
340473 0.0996364444
340915 0.0996357972
340929 0.0996338409
340948 0.0996290991
340974 0.0996106590
341392 0.0996083558
341425 0.0996018019
341522 0.0995882535
341536 0.0995730963
342019 0.0995467386
342532 0.0995433056
342889 0.0995266213
343647 0.0995162786
344096 0.0995043391
346622 0.0994662133
347208 0.0994257581
349574 0.0994008478
349700 0.0993913944
350005 0.0993877951
350190 0.0993067317
350981 0.0992963854
351428 0.0992825884
351556 0.0992488552
352941 0.0992458254
353253 0.0992349181
353259 0.0992190050
353388 0.0992102083
354083 0.0992094305
354526 0.0991959787
354670 0.0991822185
355820 0.0991730966
355944 0.0991686083
356214 0.0991681911
356357 0.0991406429
356456 0.0991339691
356835 0.0991274317
357471 0.0991204420
357702 0.0991202513
357813 0.0991192871
357868 0.0990976481
358018 0.0990917394
358137 0.0990847669
358673 0.0990725844
358692 0.0990717345
358979 0.0990545174
359499 0.0990494845
359696 0.0990379183
360477 0.0990269194
360899 0.0990153227
361628 0.0989954522
362042 0.0989822641
362223 0.0989616034
362391 0.0989599063
362401 0.0989554174
363881 0.0989231887
364172 0.0989174416
365147 0.0988775130
365246 0.0988699555
367199 0.0988390019
367729 0.0988229545
368254 0.0988159054
368259 0.0987896669
368832 0.0987840895
369669 0.0987793314
369901 0.0987586210
370677 0.0987370715
372237 0.0987323859
372328 0.0987220512
372984 0.0986956141
373474 0.0986948706
373689 0.0986736377
374195 0.0986697463
374310 0.0986678990
374455 0.0986570705
374853 0.0986441907
375756 0.0986438074
375758 0.0986319768
376999 0.0986294754
377279 0.0986270054
377663 0.0986200351
377730 0.0986161935
378699 0.0986153950
378732 0.0985998446
379003 0.0985974036
379310 0.0985899079
379705 0.0985873902
380030 0.0985839142
380445 0.0985832782
380502 0.0985810654
380512 0.0985779041
380976 0.0985777673
381038 0.0985777160
381078 0.0985773752
381083 0.0985688516
381255 0.0985672950
381618 0.0985492165
383946 0.0985477448
384447 0.0985470263
384578 0.0985373343
384727 0.0985274296
385532 0.0985271694
385607 0.0985219398
385739 0.0985170935
385970 0.0985170744
386186 0.0985103449
386692 0.0985012250
387948 0.0984995797
388110 0.0984793713
389060 0.0984731806
389279 0.0984706874
389527 0.0984684652
390013 0.0984656875
390150 0.0984607754
390444 0.0984565258
390757 0.0984532397
391045 0.0984522490
391416 0.0984471850
391466 0.0984401348
391920 0.0984363604
392103 0.0984266427
392724 0.0984241262
392926 0.0984236357
393040 0.0984130038
393559 0.0984117608
393577 0.0984080598
394231 0.0984045520
394779 0.0984020494
394834 0.0983981316
394848 0.0983917303
395310 0.0983775385
395901 0.0983759466
395916 0.0983656710
396923 0.0983540964
397359 0.0983480329
398277 0.0983251208
398713 0.0983154608
398857 0.0983105645
399181 0.0982989902
400019 0.0984713228
evaluations raw_y
1 150.2618979447
2 131.3873912159
3 127.2431271502
4 109.0345092019
10 95.9030738536
19 72.2724398138
57 67.8457380472
74 59.5252310027
131 45.8357120989
157 42.3920260822
218 42.0307093419
255 39.2878350890
333 32.9130593936
401 31.4891851639
414 31.1063294633
443 30.7606728398
474 24.0204616877
477 23.4850336447
585 22.1376372430
659 21.4763786794
933 20.3599326078
3474 20.2329562427
3626 20.0108014304
3659 18.8213357831
3695 17.5783693800
3790 15.7151246615
3894 14.4268152315
4188 11.2109150003
4249 11.2011415032
4566 9.7972409471
5103 9.1214677621
5332 8.4282657267
5616 7.7520593624
6639 7.6344655449
6667 7.4453234291
6832 7.3856739750
6985 7.1145862873
7072 6.8480568917
9868 6.4646276090
13237 6.3761576820
21204 5.7053041293
28413 5.2188999240
29655 4.9217300849
37437 4.9008051442
38786 4.5910476061
39394 3.2821787816
42568 3.2506509971
43616 3.2311836601
43942 3.2054530391
43950 3.0340279149
44013 2.2431387858
45059 1.7423709337
47143 1.5139334348
52470 1.3345123519
52703 1.1270977159
53503 1.0183370288
54024 0.9962044518
54387 0.6393735364
55017 0.6083114133
56400 0.5433859645
58565 0.5022540842
59088 0.4315190557
59864 0.3697920035
60263 0.3418067658
60365 0.3378832593
61022 0.3204187822
61430 0.3146582012
62249 0.2943388378
63017 0.2861994185
63631 0.2850288455
63851 0.2773414475
64523 0.2746602762
64716 0.2609518659
65321 0.2572752557
65800 0.2549441543
65843 0.2547142687
65846 0.2385635085
67577 0.2319527277
67874 0.2314934018
67946 0.2305681555
68579 0.2298925465
68600 0.2266820552
69044 0.2252344242
69882 0.2251716877
69955 0.2245685790
70073 0.2232013932
70607 0.2201039126
71024 0.2196484952
71290 0.2187942345
71312 0.2184548284
71827 0.2174955829
72293 0.2170506658
72742 0.2159696874
73750 0.2156462393
75031 0.2145815045
75244 0.2140101574
76954 0.2138674206
77717 0.2107908096
78560 0.2099879869
78682 0.2092798424
80777 0.2089254271
81235 0.2084183214
81546 0.2072548650
82002 0.2034799145
82849 0.2034363169
83378 0.2032605998
84174 0.2016915220
84901 0.2005444891
85728 0.1999875047
87076 0.1987107430
87310 0.1980076781
87354 0.1979613497
87630 0.1977108965
88107 0.1977004039
88753 0.1972529778
89260 0.1967510698
89924 0.1961512969
90080 0.1961284917
91187 0.1956772870
91689 0.1954439362
91937 0.1953064188
92580 0.1945137647
93851 0.1943860648
93882 0.1936914971
94588 0.1934368292
94948 0.1932507932
95204 0.1920580628
96638 0.1919622639
97056 0.1919591707
97074 0.1917475145
97087 0.1916960574
97624 0.1914763320
97633 0.1914316290
98026 0.1904990653
99363 0.1902698062
100024 0.1902324266
100151 0.1894498102
101279 0.1893717550
102094 0.1886891441
102432 0.1883866324
102740 0.1880030511
103016 0.1869320567
104365 0.1867598323
104898 0.1858088201
106359 0.1857873232
106410 0.1855187266
106611 0.1851253501
108320 0.1847274397
109810 0.1839898630
110848 0.1834639601
111418 0.1832274942
111881 0.1828874267
112002 0.1826520498
112693 0.1813925934
113073 0.1811491339
115382 0.1811138491
116333 0.1803291723
116761 0.1795559413
117192 0.1794514453
117667 0.1788313044
117757 0.1781439081
118071 0.1780965666
119671 0.1774659509
119765 0.1770787287
121405 0.1759796785
121955 0.1759228310
122889 0.1751723224
122969 0.1747241981
123723 0.1743241466
124047 0.1742870642
125206 0.1740909820
125650 0.1736691279
126101 0.1734620570
126262 0.1731351285
126946 0.1724665033
127452 0.1719641796
128382 0.1717436956
128400 0.1715361378
128839 0.1713132772
129318 0.1712482055
129860 0.1710841965
130049 0.1710415798
130202 0.1705660467
130402 0.1699084124
131332 0.1699049558
131420 0.1697108017
132510 0.1688356235
132877 0.1686803845
134274 0.1684484195
136725 0.1684041023
138403 0.1676961952
139539 0.1671911686
139648 0.1645667548
140913 0.1635465302
141198 0.1633476012
141290 0.1629024037
141307 0.1625339727
142624 0.1609478952
143187 0.1608637909
143601 0.1582066851
145260 0.1579005524
145924 0.1576909201
146053 0.1574276288
146685 0.1568573699
146796 0.1568501032
146920 0.1568201956
147460 0.1568008135
148500 0.1564012779
149505 0.1559922515
149734 0.1559196276
149970 0.1553847415
150648 0.1548373655
152260 0.1531605234
153030 0.1525533626
153709 0.1518314782
155281 0.1514430019
155776 0.1498676409
157541 0.1494446974
159466 0.1490763411
160206 0.1487435254
160779 0.1479123791
161049 0.1461423234
162355 0.1458972473
162490 0.1450806509
162491 0.1449282422
162844 0.1448013133
163158 0.1441884087
163932 0.1434865894
164236 0.1433066068
165016 0.1426373261
166275 0.1424548664
166789 0.1423883087
167128 0.1398914323
169022 0.1397427852
170023 0.1394790202
170104 0.1394617650
170245 0.1391063718
170402 0.1390455849
170443 0.1388088148
170616 0.1387042050
170801 0.1379862243
171348 0.1378218518
172168 0.1367871747
174776 0.1366707750
174784 0.1363457103
174830 0.1363207192
174964 0.1349949989
175012 0.1349455580
176051 0.1347338619
176893 0.1342561671
176919 0.1332474987
177493 0.1325141840
178782 0.1322517158
179089 0.1319261565
180224 0.1312027461
180954 0.1301911872
181531 0.1296344457
182579 0.1290291569
183028 0.1285538629
184645 0.1284358936
184671 0.1280168835
184945 0.1277775957
185300 0.1272684575
186000 0.1266311083
187317 0.1262970097
187824 0.1259247673
189369 0.1244958126
190597 0.1241133875
190860 0.1239691979
191188 0.1237620970
191323 0.1233135786
192289 0.1230868499
192844 0.1230340259
192970 0.1228746706
193138 0.1224533744
194294 0.1220416123
194811 0.1218377657
196524 0.1217203520
196558 0.1214749920
197049 0.1214522457
197541 0.1211447983
197663 0.1210759727
198097 0.1209470689
198343 0.1208521800
198633 0.1207815947
199615 0.1205510098
199691 0.1205057841
199734 0.1202554738
200525 0.1200433823
202837 0.1199955306
202943 0.1199659364
203322 0.1198684003
203417 0.1196118790
203973 0.1194872573
207478 0.1194244620
208851 0.1189188660
210192 0.1189076249
210348 0.1188629709
210705 0.1188490470
210799 0.1186761601
211282 0.1185028489
212241 0.1184582955
212244 0.1184240944
212430 0.1182889031
212832 0.1181990812
213459 0.1181262538
213892 0.1180667074
214288 0.1179117938
216486 0.1178964524
216584 0.1178794598
216619 0.1178478742
217780 0.1178445189
220105 0.1177235129
220667 0.1176917088
220859 0.1176147625
221064 0.1175607503
221350 0.1174382654
221534 0.1173069037
222047 0.1173065662
222852 0.1172221794
223219 0.1171679881
224198 0.1171059276
225448 0.1170663710
225879 0.1170383733
226165 0.1170231936
226173 0.1169809415
226509 0.1169274284
226808 0.1169187635
226911 0.1169061118
227124 0.1168965849
227163 0.1168917516
227348 0.1168582050
227457 0.1168199099
228636 0.1167900924
230300 0.1167776779
230316 0.1167673688
230318 0.1167223012
230607 0.1167060324
230749 0.1166939346
231373 0.1166419981
231963 0.1166039958
232080 0.1165880524
232904 0.1165576638
235372 0.1165454603
235938 0.1165350458
236052 0.1165261931
236314 0.1165022158
236435 0.1164969743
237077 0.1164932137
238113 0.1164693830
238767 0.1164438700
239185 0.1164213612
242432 0.1163920525
243140 0.1163842620
243233 0.1163743593
243544 0.1163628423
245320 0.1163623357
245477 0.1163471907
245631 0.1163356411
246322 0.1163314798
247452 0.1163193504
247959 0.1162913592
250233 0.1162854884
251491 0.1162778150
252099 0.1162648043
252566 0.1162607848
252889 0.1162589076
253081 0.1162570588
253269 0.1162566982
253418 0.1162552429
253423 0.1162388547
253764 0.1162354493
254714 0.1162301875
255368 0.1162286329
255566 0.1162263514
255610 0.1162256947
255740 0.1162238517
256908 0.1162234467
257306 0.1162169765
259261 0.1162135695
259836 0.1162116293
260129 0.1162072549
261449 0.1162007719
263020 0.1161947496
263603 0.1161933280
263605 0.1161909290
265419 0.1161868485
266781 0.1161866132
266795 0.1161861916
266864 0.1161826612
266888 0.1161800032
266997 0.1161795849
267102 0.1161795112
267240 0.1161750974
267386 0.1161746985
268216 0.1161690717
269663 0.1161668091
270400 0.1161639272
270926 0.1161629012
270999 0.1161591973
271660 0.1161591412
271866 0.1161586183
272124 0.1161585057
272177 0.1161582602
272195 0.1161572136
272459 0.1161570615
272753 0.1161569574
272760 0.1161563763
273050 0.1161541385
273940 0.1161540455
274099 0.1161529461
274951 0.1161521013
277101 0.1161518924
277410 0.1161510633
277562 0.1161510046
278006 0.1161509723
278098 0.1161509610
278247 0.1161506812
278513 0.1161496142
278689 0.1161483160
279704 0.1161479706
280251 0.1161473595
280960 0.1161460889
281581 0.1161451321
282554 0.1161447716
283721 0.1161445839
284391 0.1161445009
284455 0.1161443371
284497 0.1161440574
284737 0.1161431778
285009 0.1161429304
286356 0.1161422248
286950 0.1161420573
287017 0.1161415133
287850 0.1161407337
290722 0.1161407329
291345 0.1161402202
292092 0.1161401701
292156 0.1161398394
292237 0.1161389210
292419 0.1161384762
292647 0.1161384421
292778 0.1161381839
292900 0.1161380060
293238 0.1161379611
293333 0.1161378214
293391 0.1161378038
293553 0.1161372464
293888 0.1161369610
294587 0.1161367972
295525 0.1161365644
296589 0.1161364430
296993 0.1161361270
297246 0.1161360868
298444 0.1161359591
298624 0.1161359109
298981 0.1161356523
299077 0.1161354683
299125 0.1161349723
300942 0.1161349058
301621 0.1161348648
302157 0.1161345705
302598 0.1161336149
302896 0.1161334032
303684 0.1161333583
303846 0.1161332667
304047 0.1161331635
304167 0.1161323562
304297 0.1161322453
304820 0.1161321263
305020 0.1161315237
307067 0.1161311503
308509 0.1161310888
308515 0.1161303177
309320 0.1161297344
310208 0.1161291736
310274 0.1161290576
311448 0.1161290057
311647 0.1161289223
311826 0.1161288313
312114 0.1161286522
312121 0.1161277731
312473 0.1161266609
313368 0.1161263132
314967 0.1161252810
315443 0.1161246533
315686 0.1161243139
315705 0.1161239874
316168 0.1161230776
318891 0.1161196578
319530 0.1161191926
319531 0.1161185308
319830 0.1161153086
320770 0.1161151996
321009 0.1161126662
321156 0.1161123381
321573 0.1161104086
321924 0.1161095142
324374 0.1161094583
324688 0.1161060817
325640 0.1161055610
325808 0.1161049023
326178 0.1161048291
326240 0.1161039282
326451 0.1161032141
326524 0.1161031083
326576 0.1161027536
327548 0.1161025047
327583 0.1161014227
328333 0.1161011302
328447 0.1161002883
329145 0.1160992972
331186 0.1160988811
331520 0.1160985312
331627 0.1160977544
332478 0.1160974373
332644 0.1160970689
333123 0.1160969072
333499 0.1160967371
333573 0.1160960484
334326 0.1160955014
335604 0.1160944168
335875 0.1160938975
336300 0.1160937105
336413 0.1160917678
337637 0.1160915898
337734 0.1160914066
337807 0.1160911695
337992 0.1160908131
338491 0.1160903591
339223 0.1160902086
339451 0.1160894137
339798 0.1160893974
340137 0.1160893254
340594 0.1160892045
340806 0.1160887567
342689 0.1160887372
344104 0.1160885634
344165 0.1160885346
344199 0.1160880755
344333 0.1160879194
344444 0.1160876478
344593 0.1160874238
344863 0.1160872263
345100 0.1160869369
345231 0.1160869245
345269 0.1160864593
345547 0.1160862965
345945 0.1160862958
346247 0.1160862473
346374 0.1160862047
346444 0.1160859910
346578 0.1160859411
346798 0.1160859209
346856 0.1160858754
347059 0.1160854849
347567 0.1160854485
347621 0.1160854484
348029 0.1160854320
348114 0.1160854251
348375 0.1160854147
348498 0.1160854144
348695 0.1160853854
348702 0.1160853773
348770 0.1160853557
348869 0.1160853430
349105 0.1160853166
349248 0.1160851126
349994 0.1160850543
350419 0.1160849794
350544 0.1160849375
351296 0.1160848883
351761 0.1160848719
352033 0.1160848155
352420 0.1160847113
352556 0.1160846592
353343 0.1160845775
353348 0.1160845245
354309 0.1160845148
354504 0.1160844490
355163 0.1160844065
355354 0.1160843831
355493 0.1160843750
355557 0.1160843665
355795 0.1160842908
356081 0.1160842367
356617 0.1160842121
357539 0.1160841922
358274 0.1160841637
358718 0.1160841125
359434 0.1160840489
359702 0.1160840481
360810 0.1160840243
361287 0.1160840152
361353 0.1160840102
361397 0.1160839819
361572 0.1160839782
362176 0.1160839701
362337 0.1160839560
363323 0.1160839435
363665 0.1160839409
364328 0.1160839338
364393 0.1160839218
364575 0.1160839178
364762 0.1160839030
365599 0.1160838979
366497 0.1160838789
368074 0.1160838769
368124 0.1160838727
368285 0.1160838662
368765 0.1160838652
368777 0.1160838629
368840 0.1160838587
369062 0.1160838567
369189 0.1160838559
369445 0.1160838549
369597 0.1160838548
369644 0.1160838538
369845 0.1160838529
370140 0.1160838448
370756 0.1160838431
371210 0.1160838425
371242 0.1160838422
371312 0.1160838417
371524 0.1160838408
371806 0.1160838402
372530 0.1160838399
372715 0.1160838399
372744 0.1160838391
372943 0.1160838384
373043 0.1160838384
373129 0.1160838380
373138 0.1160838377
373198 0.1160838376
373257 0.1160838375
373278 0.1160838371
373342 0.1160838367
373754 0.1160838366
373762 0.1160838366
373859 0.1160838356
374280 0.1160838356
374726 0.1160838355
374730 0.1160838354
374746 0.1160838349
375134 0.1160838349
375351 0.1160838347
375735 0.1160838347
375923 0.1160838346
375999 0.1160838344
376376 0.1160838344
376382 0.1160838343
376646 0.1160838343
376698 0.1160838343
376787 0.1160838342
376829 0.1160838342
376971 0.1160838341
377667 0.1160838341
377774 0.1160838340
378038 0.1160838340
378096 0.1160838340
378151 0.1160838339
378435 0.1160838339
378587 0.1160838339
378811 0.1160838339
378919 0.1160838339
378978 0.1160838339
379037 0.1160838338
379163 0.1160838338
379459 0.1160838338
379880 0.1160838338
379978 0.1160838338
380008 0.1160838338
380228 0.1160838338
380348 0.1160838338
380391 0.1160838337
380736 0.1160838337
380774 0.1160838337
380997 0.1160838337
381140 0.1160838337
381232 0.1160838337
381495 0.1160838337
381773 0.1160838337
381790 0.1160838337
381973 0.1160838337
382060 0.1160838337
382195 0.1160838337
382523 0.1160838337
382883 0.1160838337
383281 0.1160838337
383631 0.1160838337
384019 0.1160838337
384119 0.1160838337
384145 0.1160838337
384178 0.1160838337
384231 0.1160838337
384412 0.1160838337
384500 0.1160838337
384670 0.1160838337
384707 0.1160838337
384769 0.1160838337
384807 0.1160838337
384810 0.1160838337
385353 0.1160838336
385555 0.1160838336
385715 0.1160838336
386200 0.1160838336
386419 0.1160838336
386887 0.1160838336
386986 0.1160838336
387136 0.1160838336
387199 0.1160838336
387254 0.1160838336
387410 0.1160838336
387411 0.1160838336
387437 0.1160838336
387522 0.1160838336
387637 0.1160838336
387942 0.1160838336
387982 0.1160838336
387993 0.1160838336
388006 0.1160838336
388042 0.1160838336
388165 0.1160838336
388663 0.1160838336
388809 0.1160838336
389024 0.1160838336
389250 0.1160838336
389356 0.1160838336
390054 0.1160838336
390222 0.1160838336
390503 0.1160838336
391153 0.1160838336
392133 0.1160838336
394363 0.1160838336
evaluations raw_y
1 72.5982886492
6 58.0617563201
24 55.7916714873
26 51.7979868811
120 51.7076807532
122 48.0222152426
150 35.8806439498
183 34.6282764168
221 34.0390965794
278 31.9382431599
298 29.7938117699
302 28.1679029578
329 27.6695192196
330 22.7333912285
404 19.5681307178
608 16.2412999987
3129 15.5930766656
3258 14.0878022306
3477 13.5570573812
3632 13.5134004262
3666 13.4027775710
3777 11.5237484677
3828 10.1584821594
4179 9.9844173316
4347 9.7713626416
4672 9.3201889127
4762 8.5727436934
4848 8.5455406131
4898 8.1904735324
5194 8.0744347785
5785 8.0541526365
5864 7.8773040035
5949 7.3172880534
6127 7.2283709317
7401 6.7693862808
10438 6.7219709883
11400 6.6882432388
11788 6.6531502576
15065 6.3384003104
16757 6.2834811768
19712 6.2754630338
19850 6.0536430431
29964 5.7830125952
33381 5.3356686151
33485 5.1251129855
36449 5.0828930029
42029 4.8827780045
42938 4.8304746984
42984 4.8166486587
44197 4.6473754493
44458 4.6190334113
44815 4.5862818991
44879 4.2508898471
45350 3.5645738492
49109 3.4071136806
49373 2.9137421790
50348 2.8132416574
50771 2.7804626839
55982 2.4317797621
62559 2.3288358577
64848 2.2438490257
64876 1.9096618044
71371 1.7649565906
72849 1.4475788849
76216 1.2823427284
76302 1.2143990182
78215 0.9826139976
78438 0.9204937218
80031 0.8707503620
80241 0.7906106929
82174 0.7905078223
82333 0.7584394661
82497 0.7076024868
82519 0.6859984589
82680 0.6043424988
83002 0.5762875878
83776 0.5672726875
84324 0.5628175303
84777 0.5589859243
85195 0.5499671881
85353 0.5484231023
85382 0.5480496375
86357 0.5324145982
86693 0.5225068466
86903 0.5068515161
88584 0.4969695008
90078 0.4872620782
90787 0.4632472515
95480 0.4550828799
96186 0.4544458314
97575 0.4503498941
99014 0.4499253823
99733 0.4467338812
100142 0.4451284010
101220 0.4437306905
104907 0.4425216445
105154 0.4421889772
105372 0.4394371195
105526 0.4381153271
107755 0.4370474152
108082 0.4354016855
108966 0.4348157285
109226 0.4329230673
109275 0.4327710386
109312 0.4322999005
110554 0.4319429783
110650 0.4314193549
111777 0.4294045504
112819 0.4285965728
113598 0.4273890465
114845 0.4272962487
115075 0.4270530104
115723 0.4266555808
116053 0.4247946667
118136 0.4229286760
118320 0.4223911982
118531 0.4221480529
119643 0.4215499417
119986 0.4212618439
121118 0.4204381126
121157 0.4183136555
121205 0.4163555190
121645 0.4155829497
122620 0.4141346212
125912 0.4113025238
127581 0.4085362473
129220 0.4057314241
130174 0.4048943055
131841 0.4025971496
135030 0.4021766129
135108 0.4020640942
135537 0.4016698765
135717 0.4016302211
136324 0.4012412000
136707 0.4010147302
137035 0.4001805250
137920 0.4001632520
138381 0.4000842843
139226 0.3995303088
139719 0.3986635552
139859 0.3984687803
141208 0.3980803530
141532 0.3978995741
142171 0.3975832987
142625 0.3975422601
143622 0.3969477701
144006 0.3967586083
144267 0.3965160621
144917 0.3960945969
145122 0.3959995988
145200 0.3956030244
145478 0.3955127284
145867 0.3945602536
149124 0.3942059362
150478 0.3938588079
150577 0.3936603692
151001 0.3931010908
152445 0.3929769269
152695 0.3928675816
153226 0.3926899473
153854 0.3924071275
154278 0.3921787562
156272 0.3918160181
156440 0.3917800982
156794 0.3914724627
157112 0.3913537392
157383 0.3913073367
157916 0.3911889710
158493 0.3908972944
159534 0.3907961535
159621 0.3904088964
160987 0.3896545600
161118 0.3896531254
161363 0.3892505957
162646 0.3888880626
163177 0.3883634395
164269 0.3883595211
166360 0.3879329486
166429 0.3878044726
168370 0.3872711424
168731 0.3871266951
169012 0.3868867444
169725 0.3860711822
169754 0.3858195105
171057 0.3858188808
171078 0.3856948558
171098 0.3853705758
171507 0.3850229572
171576 0.3849712174
172115 0.3847022532
172530 0.3844951634
173971 0.3844361945
174404 0.3843743146
174560 0.3841227503
175980 0.3840697501
176684 0.3838330537
176765 0.3836226215
178100 0.3835657658
178323 0.3830406457
179168 0.3829952617
179264 0.3827199544
179569 0.3824610664
180169 0.3822306138
180498 0.3822230060
180807 0.3818268954
181259 0.3817019951
182107 0.3815887015
182619 0.3813563744
183350 0.3810812352
183536 0.3810100803
184921 0.3808608966
185172 0.3808482357
185212 0.3799675014
185323 0.3798416477
185643 0.3795969274
185955 0.3791453429
187079 0.3787879612
187944 0.3787397658
188139 0.3787105049
188256 0.3785628418
188571 0.3781021463
188787 0.3779060113
189480 0.3777593409
190812 0.3774615195
191056 0.3773170872
191603 0.3771352430
191957 0.3769280557
191974 0.3769187709
192105 0.3766409120
192612 0.3764843737
192911 0.3764489104
192934 0.3763455485
192942 0.3762207415
193190 0.3758805649
193370 0.3758270326
193487 0.3754335029
193909 0.3753732460
193979 0.3753336250
194608 0.3751770349
194641 0.3747220573
196081 0.3746524938
196735 0.3743656590
197386 0.3743441418
197544 0.3741438465
197810 0.3733770647
199645 0.3731267437
200319 0.3731116998
200353 0.3727586103
200656 0.3720288553
201068 0.3711082505
204007 0.3681965070
205287 0.3680926601
205460 0.3678053854
205944 0.3662714202
207641 0.3656600691
208306 0.3645935281
210958 0.3636186064
211119 0.3629618188
211547 0.3625698664
211830 0.3624267808
212136 0.3620765470
212376 0.3619491381
212482 0.3618933682
212518 0.3615237450
212691 0.3611997332
212976 0.3609575445
213133 0.3606380804
213447 0.3606038058
213802 0.3605794950
213821 0.3601971988
214220 0.3600203861
214431 0.3597805407
215213 0.3596162928
215304 0.3593498518
216201 0.3590823577
216365 0.3581084907
217417 0.3579308073
217649 0.3578435113
218062 0.3573284452
218553 0.3571417167
219356 0.3570979043
219819 0.3568984054
220034 0.3560400632
220669 0.3552523086
221818 0.3549649194
221819 0.3530422506
223421 0.3510087607
224059 0.3498129391
225012 0.3487309932
225561 0.3462845340
226062 0.3451738199
226395 0.3437093288
227187 0.3432162836
227432 0.3429738013
227489 0.3418992096
228072 0.3417527972
228421 0.3414198160
230049 0.3395274921
230171 0.3362711716
232963 0.3357138610
232997 0.3356563290
233036 0.3352194800
233368 0.3350243669
233806 0.3347395783
233855 0.3342981650
234502 0.3329643448
234793 0.3327668199
235230 0.3322768279
235503 0.3322286941
235666 0.3315442850
236603 0.3308534535
237114 0.3307486486
237938 0.3306764176
238217 0.3302922548
239310 0.3302829210
239519 0.3297325498
239951 0.3297006368
240121 0.3290275743
242305 0.3287933587
243385 0.3287063918
243413 0.3279306182
243567 0.3278884221
243987 0.3277445535
244422 0.3277121336
244601 0.3270718286
244795 0.3268873265
244857 0.3268678781
245005 0.3255285167
245829 0.3243250926
245872 0.3241477828
246052 0.3237354681
246895 0.3224873866
248436 0.3223125013
248628 0.3222594289
249198 0.3218382540
249278 0.3216944610
249413 0.3215224433
249484 0.3208005032
250689 0.3195406111
252176 0.3181470016
253506 0.3178846247
253741 0.3173323597
254252 0.3170574027
254883 0.3160221895
255718 0.3159941272
255823 0.3154256276
256048 0.3154232947
256217 0.3153844310
256311 0.3153640953
256440 0.3152969301
256627 0.3150174343
256716 0.3149625130
257503 0.3146350003
257856 0.3145408456
258209 0.3144876987
258284 0.3140439074
258804 0.3136653974
261466 0.3131873449
261981 0.3127652025
262193 0.3122895723
262793 0.3119030787
262903 0.3115566182
263541 0.3110506347
263746 0.3103046855
264313 0.3102984031
264678 0.3090673986
265351 0.3085323048
265426 0.3080200668
266047 0.3078927622
266325 0.3076777933
266527 0.3073232732
267781 0.3072470264
267814 0.3061443529
269657 0.3056872209
270075 0.3033741255
271014 0.3020815687
271602 0.3000027042
273132 0.2971649112
274087 0.2970536317
274490 0.2965748479
274702 0.2951529700
275410 0.2937864897
276458 0.2935386281
276641 0.2924878892
277940 0.2914670846
278744 0.2908390797
280435 0.2906649877
281766 0.2899093350
281808 0.2895070744
282335 0.2894143921
282684 0.2882232103
283278 0.2881049682
283411 0.2878991492
283463 0.2876976238
283518 0.2874655629
283640 0.2874256639
283894 0.2873661038
283903 0.2873623527
284049 0.2871233471
284389 0.2870911071
285753 0.2869555117
286517 0.2868620617
287314 0.2866845817
287561 0.2866458653
287642 0.2864866701
287865 0.2862809697
288188 0.2861223133
288300 0.2860275775
288355 0.2860053232
288428 0.2858690693
288441 0.2857820891
288471 0.2856328415
288699 0.2854924416
288915 0.2852973344
289000 0.2852700794
289162 0.2852400552
289172 0.2851676187
289202 0.2849601215
289821 0.2848960983
290131 0.2848065264
290183 0.2847094639
290413 0.2847088776
290730 0.2846524641
290841 0.2846250827
290992 0.2846109229
291036 0.2845857585
291112 0.2844934563
291201 0.2844590711
291481 0.2844560428
292243 0.2844166607
292430 0.2843214989
292474 0.2843166539
292969 0.2842682732
293081 0.2842121682
293319 0.2841810484
293347 0.2841396991
293512 0.2840298240
293658 0.2839767838
293948 0.2839093688
294211 0.2839081341
294775 0.2837481394
297186 0.2834042299
298457 0.2834030914
300170 0.2829928244
300840 0.2827864088
301931 0.2827143894
301939 0.2826885864
302080 0.2826185929
302977 0.2826116486
302981 0.2825690386
303199 0.2824913551
303323 0.2822307019
303846 0.2820364747
305521 0.2819876325
306562 0.2819371107
306686 0.2819284946
307245 0.2818520148
307434 0.2818099556
307665 0.2816877922
308708 0.2816595707
308751 0.2816585003
310549 0.2816318591
310642 0.2816187169
311926 0.2815828158
313030 0.2815304820
313273 0.2814439840
313688 0.2812526749
314567 0.2811320032
315122 0.2810873892
315796 0.2809848250
316943 0.2809784446
317713 0.2809691747
318103 0.2809446292
318112 0.2809386183
318593 0.2809374839
318628 0.2809108685
318869 0.2809099383
318902 0.2808624584
318965 0.2807627740
320389 0.2807145359
321481 0.2806787676
322108 0.2806092898
322741 0.2804549550
325419 0.2803585891
325938 0.2803378867
326009 0.2803365619
326133 0.2803081863
326394 0.2802590246
327632 0.2802490487
327979 0.2802207903
328324 0.2801318297
329172 0.2800941455
329601 0.2800858571
329812 0.2800802422
330647 0.2800240480
330770 0.2799924211
331691 0.2799709583
331847 0.2799355969
332228 0.2799280636
332313 0.2798147960
332336 0.2797652404
333061 0.2797640013
333535 0.2797605301
334103 0.2797133505
334128 0.2796691360
334553 0.2796351878
334772 0.2796189355
335361 0.2794656635
335644 0.2794264878
336196 0.2793618191
336673 0.2793395348
339991 0.2792776440
340345 0.2792404312
340641 0.2791136709
340825 0.2790130055
341023 0.2789875806
341278 0.2789635447
341378 0.2789460597
341573 0.2788780709
342116 0.2788633769
342379 0.2788035093
343203 0.2787820213
343509 0.2786664330
345133 0.2786485264
345655 0.2785302851
346369 0.2785001711
346407 0.2783939063
347095 0.2783428905
347392 0.2783423158
347658 0.2782986431
349792 0.2782062072
349998 0.2781522433
350477 0.2781161685
350668 0.2780795828
351424 0.2779893659
351828 0.2779272176
351873 0.2778449385
352281 0.2778228226
352316 0.2777482203
352660 0.2776894421
352771 0.2776382985
352871 0.2775634032
353187 0.2774911655
353210 0.2774019678
353601 0.2773474763
353777 0.2772624694
354167 0.2772469581
354989 0.2771873981
355391 0.2770915008
355406 0.2770688650
355440 0.2770604177
360266 0.2768101111
360745 0.2767967771
361018 0.2767497980
361209 0.2765796776
361337 0.2762618771
362631 0.2760324067
362640 0.2760113625
362754 0.2758987437
362801 0.2758579710
362844 0.2756749736
362929 0.2756363413
363210 0.2755559486
363449 0.2754519821
363953 0.2754514184
363966 0.2752447504
364494 0.2752215640
364531 0.2751180354
365028 0.2750462242
365086 0.2748001021
365688 0.2747869489
365995 0.2746744993
366280 0.2746565272
366550 0.2746384684
366720 0.2746189002
366833 0.2745176474
367155 0.2744598544
368646 0.2743246090
368744 0.2742835902
369146 0.2742760361
369452 0.2742741298
369596 0.2741785459
370132 0.2741639352
370557 0.2741399508
370788 0.2741293569
371300 0.2740481742
371302 0.2739715174
371774 0.2738381621
371831 0.2737992266
372458 0.2736867010
372462 0.2735752405
373745 0.2735260651
373838 0.2734923072
374155 0.2734910364
374223 0.2734119180
374227 0.2733986542
374713 0.2733932247
374767 0.2733324241
374785 0.2732156294
374936 0.2731661920
375093 0.2728617452
376824 0.2727889723
377377 0.2726114419
377868 0.2725448946
377884 0.2724764687
378230 0.2724652792
378275 0.2722156306
378718 0.2721624772
378848 0.2720027208
381976 0.2719900981
382446 0.2719722437
382494 0.2719183225
383078 0.2717406315
383164 0.2717264814
383170 0.2715845032
383225 0.2715542939
383407 0.2715187238
383452 0.2714395282
383532 0.2714154392
383539 0.2714131466
383633 0.2712821207
383747 0.2712490669
384156 0.2711444585
384369 0.2710399621
384799 0.2710127198
385180 0.2709885247
385254 0.2709743887
385672 0.2709435550
385928 0.2707432953
387013 0.2706580562
387365 0.2705929161
387957 0.2705922195
388191 0.2704777315
388729 0.2703805098
389855 0.2703420887
390843 0.2702755622
392093 0.2702724309
392131 0.2702638020
392357 0.2702095290
393571 0.2701665885
393887 0.2701529570
393897 0.2701381260
394119 0.2701339455
394192 0.2701059194
395000 0.2700970637
395430 0.2700730744
396940 0.2700644058
397107 0.2700525241
397219 0.2700416026
397352 0.2700409943
397452 0.2700386921
397565 0.2700168649
397625 0.2700104974
397663 0.2699923739
398768 0.2699918746
399048 0.2699812520
399331 0.2699751807
399393 0.2699648699
400019 0.2701338114
evaluations raw_y
1 102.8091043694
2 62.9925517971
6 61.6715801895
8 59.9244432657
17 48.4419821784
55 47.6279472941
64 40.7145971268
67 39.8272348183
73 33.6606302231
136 30.2084640934
157 29.1764442189
243 28.7773075466
290 28.2555402228
310 21.0612108701
520 18.9596722603
766 17.5754710316
2729 16.6253010895
2784 15.2864345956
2865 13.1561245257
3219 13.1131037248
3250 12.9334053235
3336 12.6153290713
3380 11.1496471107
3390 10.7448323220
3452 10.6241085727
3645 10.3865997520
3651 10.1983903604
3916 10.0461664083
3942 8.6086097341
4311 8.3685789387
4524 8.1906628010
4538 7.1733589797
5058 6.6407993136
8769 6.5814169932
9707 6.5525845816
10493 6.4715641097
11193 6.2597998398
19800 6.0294124810
29327 5.8885501881
31692 5.5007489176
31812 4.7766783893
45769 4.5094801392
52606 4.1224427317
53492 3.9188891442
53777 3.9048162840
54209 3.8799859522
54688 3.7450152184
54938 3.6872090532
55220 3.2030844325
55544 3.1922032718
56419 3.0412199800
56506 2.9881553531
56781 2.8715914818
57022 2.8028044418
57579 2.6190397448
57639 2.4389931125
58337 2.2829128765
59039 2.2777564531
60822 2.1211753753
61007 2.0480542873
61737 1.9972536169
62521 1.3855550324
65278 1.2882262519
65374 1.1383151847
67313 0.9564898313
67439 0.9167283215
68345 0.6699550767
72008 0.4999802398
72721 0.4761006241
74154 0.4273285401
74485 0.3709889465
76798 0.3338802062
76975 0.3268775594
77834 0.3231190340
79201 0.2606380975
82402 0.2565610222
82785 0.2544582101
82834 0.2504119029
83255 0.2445235834
83913 0.2431029205
84322 0.2430800781
84326 0.2354241865
84527 0.2268628794
85088 0.2249518818
85426 0.2199980567
87325 0.2163744159
88504 0.2133034298
90386 0.2117578067
92311 0.2115890193
92509 0.2111526753
92517 0.2098857715
92994 0.2092222248
93479 0.2091523639
94008 0.2088210647
94303 0.2088087089
94313 0.2083823522
94402 0.2077977617
94602 0.2077141379
95503 0.2073775630
95557 0.2066214412
95834 0.2063854603
96437 0.2056695868
96712 0.2054612388
96714 0.2052850161
97225 0.2051379263
97918 0.2029301718
98939 0.2013344652
100007 0.2011200310
100477 0.1996247251
100977 0.1986274923
101916 0.1973959301
102004 0.1965615392
102726 0.1964193408
102864 0.1956893926
103181 0.1956160705
103355 0.1952430630
104019 0.1921937752
106225 0.1917908860
107008 0.1914830605
107315 0.1908590760
107723 0.1902373848
107820 0.1867785126
108936 0.1867466497
109292 0.1860496719
109592 0.1827283192
110014 0.1824693105
113684 0.1808936411
114280 0.1802546362
114676 0.1801470627
114914 0.1800849524
114927 0.1794918090
115064 0.1786635768
115247 0.1784576762
115909 0.1779387672
116149 0.1776666071
116551 0.1774231893
116772 0.1773456444
117248 0.1770580504
117532 0.1767031014
118192 0.1766786725
118409 0.1761865761
118889 0.1758130446
119887 0.1757602684
120107 0.1752593123
121532 0.1752176399
123453 0.1751105958
123742 0.1750430562
123748 0.1750238604
123896 0.1746597114
124259 0.1745838275
124506 0.1744087046
124902 0.1743597551
124997 0.1743569574
125262 0.1743175500
125453 0.1740701824
125959 0.1738944094
126062 0.1737430461
127939 0.1734843239
128423 0.1734022555
129447 0.1731704841
129603 0.1729463008
129709 0.1727728124
130307 0.1725541096
131545 0.1725119269
131700 0.1724798630
131762 0.1723254855
131792 0.1718266985
131996 0.1709500205
133619 0.1709183968
134090 0.1706019839
134151 0.1705754921
134421 0.1705674270
134744 0.1703616229
135505 0.1702306966
136213 0.1692240360
138601 0.1691575316
138636 0.1689977921
138808 0.1688221140
139177 0.1686778967
139419 0.1684929379
139589 0.1675221852
140168 0.1673715951
141069 0.1673234235
141564 0.1667746565
142325 0.1667252126
142973 0.1666618584
143268 0.1665316848
143391 0.1662948831
143438 0.1662149507
143442 0.1660456539
143826 0.1656144505
143902 0.1655550134
145389 0.1652977867
146681 0.1649648069
147159 0.1649277753
147245 0.1645585754
149053 0.1645420722
149071 0.1643436399
149163 0.1642524452
149906 0.1640633656
150123 0.1639289957
150748 0.1637979020
150859 0.1636151824
152279 0.1632161851
152879 0.1629812268
152994 0.1628319097
154661 0.1627483774
155292 0.1623568601
156013 0.1619334158
157003 0.1618858247
157529 0.1616384460
157841 0.1616238260
160162 0.1615488762
160279 0.1613950560
161186 0.1612115606
161198 0.1603106108
162556 0.1602508068
162911 0.1600091893
163202 0.1600049411
163709 0.1596287761
164441 0.1595913431
165113 0.1594924984
165462 0.1587781809
166845 0.1587547236
167391 0.1587331545
167459 0.1585983811
167990 0.1584530522
168628 0.1583046356
168666 0.1582154032
168898 0.1578300468
171019 0.1577776936
171148 0.1574930408
171719 0.1573293922
171726 0.1571956343
171938 0.1569529530
172755 0.1565348355
173093 0.1565288983
173258 0.1565060958
173937 0.1562468536
174167 0.1560472331
174457 0.1558972805
174819 0.1558560333
174951 0.1558360705
176073 0.1556911360
178644 0.1556374006
180172 0.1548275802
180764 0.1528861373
182509 0.1528604314
183242 0.1528028896
183671 0.1527142315
183739 0.1526038708
183938 0.1520585210
184465 0.1519328484
184797 0.1518713796
186466 0.1518285513
186482 0.1511664509
188271 0.1507841207
190243 0.1503716671
190394 0.1498621308
191052 0.1497366755
191407 0.1494683172
191423 0.1494159558
191495 0.1491113207
191567 0.1485631121
192346 0.1478449407
193366 0.1470354996
196231 0.1456831572
197170 0.1453191181
197238 0.1447152648
197947 0.1435478504
199306 0.1429600410
201944 0.1429483877
201946 0.1429069363
201968 0.1426050426
202044 0.1408589411
202116 0.1404808704
202673 0.1386091477
203276 0.1385420621
204074 0.1380768331
204681 0.1377028404
205164 0.1374810298
205457 0.1374291549
205474 0.1370325716
205935 0.1363770932
206661 0.1361608801
207094 0.1360077334
207126 0.1354681042
208129 0.1345837898
208170 0.1342651806
209653 0.1338129857
210110 0.1336725707
210231 0.1329946099
210377 0.1322045272
211528 0.1299388753
215105 0.1297179103
215341 0.1294664037
215547 0.1289369800
215606 0.1282729193
216623 0.1282124568
216800 0.1279943241
217003 0.1276635095
217640 0.1276297773
217950 0.1272350702
218265 0.1271371425
218797 0.1270761946
218834 0.1266935216
219201 0.1264274736
220055 0.1257519995
221325 0.1257494278
222602 0.1252956101
223394 0.1252413801
223572 0.1248425996
223886 0.1247226187
224631 0.1247186704
224706 0.1245657151
225136 0.1241571183
225343 0.1238134213
225523 0.1237023526
226001 0.1227764342
228256 0.1221132931
228918 0.1219228653
230110 0.1218746681
230135 0.1218695338
230317 0.1218510781
230367 0.1215965898
230376 0.1215477776
230571 0.1207730332
231208 0.1205113544
232260 0.1201271314
233060 0.1199892164
233254 0.1198748580
233700 0.1196357921
234019 0.1194718189
235082 0.1192572225
237330 0.1190317351
237434 0.1189617285
238040 0.1185527831
238300 0.1184725398
238408 0.1183283941
238429 0.1182494762
238533 0.1182300681
238552 0.1180744826
238704 0.1180218294
238993 0.1178614812
239551 0.1177376781
239941 0.1170759414
241492 0.1167335782
242707 0.1165853995
242764 0.1165842881
242951 0.1163585603
243110 0.1162665820
243127 0.1162566431
243236 0.1161123278
243929 0.1160040873
245776 0.1158120368
245841 0.1156355952
246052 0.1153160076
247437 0.1150797673
247632 0.1148701125
247808 0.1140072736
250241 0.1139158720
250625 0.1136304934
251012 0.1136050621
251757 0.1130784302
252602 0.1130463541
253167 0.1130024927
253343 0.1128795037
253512 0.1125222029
253741 0.1125057025
254404 0.1124476746
255331 0.1121318878
255375 0.1119772479
255415 0.1117023708
255911 0.1116587480
256166 0.1116563136
256825 0.1114383956
257013 0.1108390352
257752 0.1108200199
257975 0.1106284657
258111 0.1104998628
259080 0.1101220816
259190 0.1100955994
259799 0.1100136488
259994 0.1097877390
261175 0.1094017975
261877 0.1085176387
263060 0.1085167972
263171 0.1084020348
263212 0.1083559134
263545 0.1082124542
263955 0.1081421454
264013 0.1079094347
264178 0.1078015163
264431 0.1075601707
265499 0.1075407138
265871 0.1073612750
266081 0.1072058400
266359 0.1069620977
266967 0.1068589651
267505 0.1065672985
268226 0.1063402131
268618 0.1063397786
268868 0.1061072350
269610 0.1058602245
269897 0.1054628415
270662 0.1053240586
270982 0.1048203393
271309 0.1048186197
271892 0.1046740615
272339 0.1046558535
272901 0.1042421822
275435 0.1038114900
275604 0.1037710657
275698 0.1035992578
276138 0.1032900833
276655 0.1032173610
277542 0.1027290415
278066 0.1026819376
278459 0.1026583283
278595 0.1026548044
278806 0.1022925030
279214 0.1021004068
279723 0.1020449477
279754 0.1019886115
279865 0.1019853376
279984 0.1019663468
280045 0.1018595309
280324 0.1016388683
280992 0.1015825101
281017 0.1014517293
281989 0.1012357268
282117 0.1011998153
283125 0.1011863015
283387 0.1011531313
283675 0.1010796604
284058 0.1010068876
284094 0.1009797406
284327 0.1009620750
284444 0.1009199210
284805 0.1008045460
285304 0.1005601020
286164 0.1005314852
286714 0.1005289462
287663 0.1005287548
288057 0.1004415921
288305 0.1004235823
288341 0.1003391789
288409 0.1003286011
288792 0.1003046164
289528 0.1002734802
289803 0.1002575352
290975 0.1002357595
291176 0.1002059817
291239 0.1001284169
291898 0.1000976979
292167 0.1000658218
292616 0.1000334559
292663 0.1000288273
292863 0.1000205276
293315 0.0999880880
294827 0.0997951367
296214 0.0997516360
296531 0.0996151845
296970 0.0994888222
298147 0.0993998070
298691 0.0993876864
298895 0.0992317687
299638 0.0991504361
301198 0.0991001562
302171 0.0989804932
306197 0.0988721418
306433 0.0987447863
306558 0.0987417395
306619 0.0987352715
306754 0.0987021826
306905 0.0986946663
307085 0.0985711542
307195 0.0985708580
308034 0.0985427757
308169 0.0985366286
308307 0.0985031691
308410 0.0983236736
309139 0.0983129754
310938 0.0982409228
311698 0.0982187775
311861 0.0981516546
312039 0.0980967048
312123 0.0980957936
312419 0.0979271079
313165 0.0977981710
313827 0.0976644028
314462 0.0976635476
315621 0.0976182167
315955 0.0975444486
316293 0.0974943931
317850 0.0972242822
319758 0.0971528875
320146 0.0969803638
321702 0.0969018793
322463 0.0968634859
323362 0.0968214506
323718 0.0968110864
324645 0.0967897994
324705 0.0967829937
324815 0.0967303899
325207 0.0966291211
327534 0.0965777695
327742 0.0965591924
328364 0.0965139091
328611 0.0964631832
329036 0.0964510919
329508 0.0963975173
330127 0.0963850252
330182 0.0963258845
330800 0.0962770714
331004 0.0962702179
331239 0.0962447156
331560 0.0962347890
332182 0.0962196108
332702 0.0961318719
333311 0.0960999918
333531 0.0960971080
334506 0.0960575305
334998 0.0960550768
335056 0.0960199892
335273 0.0959886794
335411 0.0959574615
336277 0.0959457536
337336 0.0958876722
337950 0.0958761513
338233 0.0958742937
339048 0.0958614024
339066 0.0958122136
339113 0.0957553247
340295 0.0957540360
340581 0.0957303729
340680 0.0957239315
340776 0.0956956704
341189 0.0956373474
341735 0.0956251945
341812 0.0956066867
341938 0.0955871440
342685 0.0955846785
342833 0.0955719299
342889 0.0955708194
342987 0.0955621099
343052 0.0955451952
343130 0.0955442124
343354 0.0955232210
343754 0.0954836196
344973 0.0954637147
345178 0.0954352152
345823 0.0954347345
345971 0.0954267122
346374 0.0954202513
346479 0.0954049774
346765 0.0953992937
346909 0.0953979883
347324 0.0953540050
347977 0.0953424204
348143 0.0953327009
348191 0.0952886388
348691 0.0952237904
349694 0.0952153375
349757 0.0952121730
349963 0.0951961703
350381 0.0951747212
350440 0.0951665656
350480 0.0951572296
350721 0.0951462727
351598 0.0950990571
352419 0.0950588265
352449 0.0950262555
353458 0.0950024825
353676 0.0949945426
353896 0.0949912858
354096 0.0949431740
354614 0.0949382213
354773 0.0949184969
354792 0.0949013560
354932 0.0948947084
355242 0.0948656247
355322 0.0948480920
355512 0.0948236723
357180 0.0947635249
357754 0.0947620715
357811 0.0946554679
358632 0.0946257121
358802 0.0945740345
359668 0.0945612912
360079 0.0945130987
361827 0.0944849331
361930 0.0944506590
362047 0.0944380354
362659 0.0944027457
363556 0.0943449324
364754 0.0942521429
365688 0.0942043324
366118 0.0941819389
367151 0.0941811360
367224 0.0941423931
367229 0.0941369289
368257 0.0941157878
368475 0.0939646534
371138 0.0938779639
371708 0.0937760412
372359 0.0937661182
372419 0.0937636219
372781 0.0936860231
373381 0.0936854521
373594 0.0934950625
375432 0.0934582860
376648 0.0934088056
376882 0.0933207402
378258 0.0932976256
378781 0.0932895238
379335 0.0932377825
379460 0.0931936603
380339 0.0931788644
380418 0.0931103430
381526 0.0930906000
381815 0.0930897547
382005 0.0930709827
382211 0.0930324406
382227 0.0929917379
384827 0.0929866220
384834 0.0929767356
384993 0.0929600788
385102 0.0929525857
385308 0.0929266488
385395 0.0928926549
385604 0.0928841627
386378 0.0928740448
386999 0.0928018584
388788 0.0927905297
389134 0.0927187345
389951 0.0926960687
390783 0.0926924891
390805 0.0926804855
391013 0.0926275065
392074 0.0926087924
392094 0.0925739772
392655 0.0925159360
392720 0.0924927298
393035 0.0924452744
393563 0.0924090861
393854 0.0924077627
394354 0.0923750151
394611 0.0923685097
395228 0.0923622708
395798 0.0923272936
396656 0.0923227333
396876 0.0922733970
397120 0.0922694237
397395 0.0922523193
397865 0.0922513691
398251 0.0922159263
398793 0.0922101830
398911 0.0922029006
399157 0.0921991398
399334 0.0921913973
400008 0.0939038412
evaluations raw_y
1 112.0065765300
8 88.5389449468
13 63.6861392794
16 61.1015210614
25 51.9539801937
34 48.8732075589
109 48.1189133148
114 38.0855881918
223 35.9671223618
225 30.0409527756
242 20.3128298154
504 19.1450482225
609 18.0638514551
616 17.8537001548
826 17.2206307549
3284 15.8483191629
3433 14.9564343523
3577 12.7012334013
3632 12.0083957583
4056 11.9749113105
4092 11.7939410470
4203 10.3847025803
4271 9.4634422829
4639 9.0132740966
4690 8.1714418751
5397 7.9821564811
5425 7.2911238447
5494 6.7035070211
6766 6.2556394226
15234 5.3370487770
24357 5.2575284140
28971 4.4394831251
41846 4.2220226850
47341 4.1655461243
47452 4.0323065372
48853 3.9614511408
49250 3.8849940300
49318 3.7098757915
49439 3.6079534047
51293 3.5217482354
51651 2.7409848596
52673 2.6742371178
52957 2.4707504043
53103 1.9607236450
53706 1.7703823998
54931 1.6103890189
55595 1.5036112711
55730 1.3837781193
55979 1.3016927619
57415 1.2177939413
57944 1.2025672090
58150 1.1260524538
58748 0.9181448870
60241 0.8384693791
60554 0.7107195532
62035 0.6769561240
62774 0.4399738138
63139 0.4134152955
63597 0.3781496369
66760 0.3651050762
67062 0.3296434981
67212 0.3261127570
67982 0.3153338885
68103 0.2995923162
68590 0.2989031079
69197 0.2675633515
69600 0.2615687022
69956 0.2566150840
70235 0.2435233595
70458 0.2379092631
71168 0.2376032998
72575 0.2307488983
74741 0.2306138518
74978 0.2238378734
75584 0.2188340648
76001 0.2186936388
76390 0.2173622900
76639 0.2120328259
77449 0.2112062081
77899 0.2110960602
77937 0.2102073508
78009 0.2093748865
78215 0.2079560466
78952 0.2066339176
79423 0.2056054265
79798 0.2054129598
79819 0.2052866846
79932 0.2047648354
80014 0.2036836674
80220 0.2029560922
82915 0.2026013302
83845 0.2022119156
84439 0.2014490575
85302 0.2008308753
87931 0.2004593122
89004 0.2000375940
89132 0.1996283209
89184 0.1995775236
90779 0.1992877818
90962 0.1991166782
91159 0.1990086294
91321 0.1989399911
91851 0.1986899085
92612 0.1986704909
92790 0.1984559462
92796 0.1983431230
94020 0.1978958010
94424 0.1971280098
96971 0.1968296458
98034 0.1962325150
99813 0.1957717692
100694 0.1950508397
102159 0.1949242580
102986 0.1948505555
104305 0.1948443308
104362 0.1948150524
104793 0.1947414863
105019 0.1943254413
106791 0.1941302019
106840 0.1940500904
107865 0.1934210885
109655 0.1931358205
110155 0.1928261741
111779 0.1925483017
113558 0.1925125752
113771 0.1924915676
113837 0.1922705615
114001 0.1918965244
114408 0.1918103358
114573 0.1917600305
114964 0.1914825053
116362 0.1913934577
117009 0.1912243686
118229 0.1911697713
118545 0.1908711730
119722 0.1905565040
119762 0.1904420226
122531 0.1903742585
123883 0.1903057962
124475 0.1902936742
124906 0.1902717831
125073 0.1901856903
125598 0.1900830788
126787 0.1900604227
126983 0.1899768862
127983 0.1899454663
128219 0.1899246776
128311 0.1898358404
130018 0.1897795076
130826 0.1897259393
131013 0.1896841216
131963 0.1896761920
132030 0.1896580773
132064 0.1896568269
132239 0.1896169225
133142 0.1895994717
133602 0.1895705323
134733 0.1895603002
135085 0.1895395291
135147 0.1895183530
135921 0.1894782911
137141 0.1894279685
137168 0.1894263532
137183 0.1893149625
137640 0.1893080688
138829 0.1892955653
138869 0.1892888624
139247 0.1892785520
139255 0.1892771738
139666 0.1892419784
140206 0.1891291477
141691 0.1890857537
142677 0.1890522662
143377 0.1889296729
144257 0.1889005679
144723 0.1888888026
146721 0.1888857711
146980 0.1888564297
147149 0.1887980423
147639 0.1887907421
147973 0.1887490413
148356 0.1887367444
148754 0.1887310433
150772 0.1887280849
150977 0.1886552212
151050 0.1886141041
153526 0.1886033012
153688 0.1885995393
153919 0.1885884721
154267 0.1885639739
154308 0.1885468026
154931 0.1885445475
155117 0.1885261242
155243 0.1885214060
155407 0.1885105838
155413 0.1885090272
155714 0.1884923093
155767 0.1884612629
158438 0.1884557984
158515 0.1884552346
158529 0.1884533483
158737 0.1884510555
158891 0.1884422738
159393 0.1884378640
159421 0.1884323961
159581 0.1884287004
159627 0.1884278006
159719 0.1884098424
160680 0.1884090971
161024 0.1883804651
163223 0.1883706104
163416 0.1883565801
164072 0.1883475598
164281 0.1883440690
164284 0.1883369113
164436 0.1883302245
164628 0.1883115812
165465 0.1883064376
166087 0.1883009348
167268 0.1882989233
168417 0.1882941113
168728 0.1882805338
168863 0.1882782132
169731 0.1882559297
169903 0.1882266792
170027 0.1882235688
172004 0.1882032905
172142 0.1881963102
172216 0.1881861756
173366 0.1881842572
173952 0.1881696245
174041 0.1881574942
175208 0.1881540247
175632 0.1881116610
177302 0.1880983013
177626 0.1880485442
179152 0.1880277583
180331 0.1880236378
180393 0.1880003259
181114 0.1879608985
182333 0.1879533467
183733 0.1879318541
184146 0.1878996326
184714 0.1878477333
185197 0.1878306624
186511 0.1877970547
186762 0.1877908241
186816 0.1877806643
188678 0.1877607051
190290 0.1877522609
190431 0.1877303676
190715 0.1877262872
190767 0.1876906718
192601 0.1876869946
192844 0.1876660132
193166 0.1876543465
193833 0.1876367694
194679 0.1876367523
194948 0.1876144233
195324 0.1876121443
195720 0.1876039118
196176 0.1875961073
197193 0.1875952311
197870 0.1875809211
198081 0.1875696917
198948 0.1875664522
199192 0.1875468614
199978 0.1875255117
203337 0.1875243861
203371 0.1875243655
203550 0.1875173979
204262 0.1875161270
204421 0.1875127554
204515 0.1875075669
205047 0.1875073231
205484 0.1875055292
205728 0.1875046623
206230 0.1875028290
206372 0.1875024579
206712 0.1875024259
206900 0.1875018330
207155 0.1874998357
208072 0.1874996791
208179 0.1874990942
208474 0.1874984312
209181 0.1874956133
210179 0.1874954391
210794 0.1874943346
212744 0.1874937521
213044 0.1874922592
213056 0.1874908976
213823 0.1874902031
215627 0.1874901355
215760 0.1874899725
215770 0.1874899396
215821 0.1874898886
215927 0.1874893170
215963 0.1874887192
216170 0.1874870570
217408 0.1874867017
217977 0.1874862979
218344 0.1874859744
220095 0.1874859399
220124 0.1874858948
220138 0.1874845176
220779 0.1874834789
223903 0.1874834377
224630 0.1874833162
224901 0.1874830330
225128 0.1874829835
225282 0.1874827691
225318 0.1874826054
225471 0.1874817124
225708 0.1874811232
226361 0.1874810683
226386 0.1874808823
226406 0.1874804249
226557 0.1874803843
226774 0.1874793430
226875 0.1874792949
227231 0.1874792602
227236 0.1874785964
227763 0.1874785923
227794 0.1874783237
227849 0.1874781845
228355 0.1874781774
228369 0.1874780942
228657 0.1874780194
228811 0.1874778014
229498 0.1874776731
229906 0.1874776231
229944 0.1874775665
230214 0.1874775449
230233 0.1874774085
230773 0.1874773418
231470 0.1874772974
231546 0.1874772101
231704 0.1874772023
232551 0.1874771924
232657 0.1874771155
233280 0.1874770781
233955 0.1874770283
234032 0.1874769373
234656 0.1874769353
234699 0.1874769345
234949 0.1874768957
235005 0.1874768568
235114 0.1874768260
235416 0.1874768255
235701 0.1874767935
236128 0.1874767797
236487 0.1874767393
238418 0.1874767201
238664 0.1874766884
238698 0.1874766786
239093 0.1874766737
239325 0.1874766662
239686 0.1874766140
240631 0.1874765898
240718 0.1874765489
241385 0.1874765406
241500 0.1874765144
241710 0.1874765050
244365 0.1874764794
244962 0.1874764392
245080 0.1874764334
245384 0.1874764238
245525 0.1874764094
245673 0.1874764037
245682 0.1874764005
245842 0.1874763665
246503 0.1874763530
247009 0.1874763499
247597 0.1874763196
248859 0.1874763080
249609 0.1874763027
250205 0.1874762879
250412 0.1874762786
250507 0.1874762733
250618 0.1874762572
251219 0.1874762350
251641 0.1874762244
251712 0.1874762149
251739 0.1874762077
252885 0.1874762067
254980 0.1874761628
255800 0.1874761491
255858 0.1874761236
256278 0.1874761054
256305 0.1874761022
256318 0.1874760439
256583 0.1874760392
256822 0.1874760353
256996 0.1874760104
257182 0.1874760075
257254 0.1874759786
258461 0.1874759684
258518 0.1874759600
258544 0.1874759564
258826 0.1874758980
258859 0.1874758829
260671 0.1874758809
260714 0.1874758697
261191 0.1874758630
261308 0.1874758574
261620 0.1874758563
261744 0.1874758443
262670 0.1874758402
263042 0.1874758402
263131 0.1874758301
263449 0.1874758248
263559 0.1874758202
265453 0.1874758106
265600 0.1874758095
266592 0.1874758056
267202 0.1874758033
267245 0.1874757974
267841 0.1874757968
268105 0.1874757949
268149 0.1874757828
268596 0.1874757762
268653 0.1874757760
268936 0.1874757758
268964 0.1874757691
269516 0.1874757687
269768 0.1874757665
269943 0.1874757628
270293 0.1874757584
270425 0.1874757578
270789 0.1874757540
271724 0.1874757527
271792 0.1874757492
272000 0.1874757468
272637 0.1874757466
273063 0.1874757444
273252 0.1874757425
273315 0.1874757371
275292 0.1874757315
276448 0.1874757309
276844 0.1874757295
277153 0.1874757259
277710 0.1874757258
278079 0.1874757238
278319 0.1874757236
278413 0.1874757223
278710 0.1874757217
278852 0.1874757203
279159 0.1874757201
279231 0.1874757174
279390 0.1874757166
281236 0.1874757147
281287 0.1874757118
282890 0.1874757115
282951 0.1874757082
283376 0.1874757079
283419 0.1874757064
283596 0.1874757050
283901 0.1874757041
284072 0.1874757038
284261 0.1874757021
284345 0.1874757019
284451 0.1874757018
284471 0.1874757018
284602 0.1874757015
284630 0.1874757014
284735 0.1874757003
285121 0.1874756992
285362 0.1874756987
287220 0.1874756978
287295 0.1874756976
287581 0.1874756969
288119 0.1874756966
288131 0.1874756963
288293 0.1874756962
288302 0.1874756955
289321 0.1874756951
289325 0.1874756951
289761 0.1874756948
290060 0.1874756944
290681 0.1874756942
292288 0.1874756931
294107 0.1874756927
294185 0.1874756916
294687 0.1874756911
295070 0.1874756907
295126 0.1874756907
295188 0.1874756905
296162 0.1874756894
297343 0.1874756890
297514 0.1874756884
298509 0.1874756882
298528 0.1874756879
298951 0.1874756876
299221 0.1874756874
299253 0.1874756872
299764 0.1874756869
299861 0.1874756864
299962 0.1874756864
300019 0.1874756861
300040 0.1874756858
300215 0.1874756856
300387 0.1874756853
300437 0.1874756851
300527 0.1874756848
300625 0.1874756844
301293 0.1874756841
301406 0.1874756837
301633 0.1874756837
301859 0.1874756831
302711 0.1874756830
303051 0.1874756829
303450 0.1874756829
303493 0.1874756827
304186 0.1874756827
304217 0.1874756826
304240 0.1874756825
304320 0.1874756825
304343 0.1874756825
304752 0.1874756824
305077 0.1874756824
305234 0.1874756824
305263 0.1874756824
305276 0.1874756823
305325 0.1874756822
305637 0.1874756822
306294 0.1874756821
306808 0.1874756821
307047 0.1874756821
307358 0.1874756821
307490 0.1874756821
307661 0.1874756821
307714 0.1874756821
307747 0.1874756821
308003 0.1874756821
308937 0.1874756820
312425 0.1874756820
312844 0.1874756819
313414 0.1874756818
314133 0.1874756817
315905 0.1874756817
316209 0.1874756817
316220 0.1874756816
316255 0.1874756816
316523 0.1874756816
316589 0.1874756816
316782 0.1874756815
316843 0.1874756814
316986 0.1874756813
317390 0.1874756813
317507 0.1874756813
318411 0.1874756813
318941 0.1874756811
319700 0.1874756811
319807 0.1874756811
320043 0.1874756810
320511 0.1874756810
320973 0.1874756810
321028 0.1874756810
321090 0.1874756810
321249 0.1874756810
321309 0.1874756810
321376 0.1874756810
321518 0.1874756809
321536 0.1874756809
321546 0.1874756809
321577 0.1874756809
321799 0.1874756809
321800 0.1874756809
322032 0.1874756809
322573 0.1874756808
322607 0.1874756808
322940 0.1874756808
322987 0.1874756808
323231 0.1874756808
323675 0.1874756808
323767 0.1874756808
323964 0.1874756808
324152 0.1874756808
324235 0.1874756808
324629 0.1874756808
324678 0.1874756808
325200 0.1874756808
325216 0.1874756808
325276 0.1874756808
325408 0.1874756808
325520 0.1874756808
325643 0.1874756807
326050 0.1874756807
326204 0.1874756807
326229 0.1874756807
326282 0.1874756807
326324 0.1874756807
327066 0.1874756807
327645 0.1874756807
327742 0.1874756807
327931 0.1874756807
328135 0.1874756807
328248 0.1874756807
328433 0.1874756807
328653 0.1874756807
329044 0.1874756807
329148 0.1874756807
329175 0.1874756807
329729 0.1874756807
329751 0.1874756807
329806 0.1874756807
330127 0.1874756807
330411 0.1874756807
330608 0.1874756807
330768 0.1874756807
330846 0.1874756807
331058 0.1874756807
331437 0.1874756807
331972 0.1874756807
332164 0.1874756807
332581 0.1874756807
332642 0.1874756807
332793 0.1874756807
332859 0.1874756807
334681 0.1874756807
335775 0.1874756807
335988 0.1874756807
336034 0.1874756807
336519 0.1874756807
336723 0.1874756807
337088 0.1874756807
337171 0.1874756807
337193 0.1874756807
337245 0.1874756807
337291 0.1874756807
337349 0.1874756807
337372 0.1874756807
337452 0.1874756807
337551 0.1874756807
337560 0.1874756807
337795 0.1874756807
337807 0.1874756807
338195 0.1874756807
338279 0.1874756807
338747 0.1874756807
338852 0.1874756807
338894 0.1874756807
339452 0.1874756807
339829 0.1874756807
339950 0.1874756807
340414 0.1874756807
340537 0.1874756807
341297 0.1874756807
341301 0.1874756807
341585 0.1874756807
341978 0.1874756807
342467 0.1874756807
342648 0.1874756807
343120 0.1874756807
343367 0.1874756807
343531 0.1874756807
343952 0.1874756807
344568 0.1874756807
345268 0.1874756807
348054 0.1874756807
evaluations raw_y
1 134.8554431305
2 101.3607055328
4 83.5143480873
14 70.1166193088
28 69.5743035409
36 60.5551458064
44 58.0481645446
48 44.1309671247
124 42.0156982917
160 39.4204202070
164 33.9269503360
227 31.1136517195
240 29.7389224183
416 25.1820351393
429 24.8585011931
561 24.4165041215
569 19.2676539656
599 17.1844413481
3210 15.7626268451
3499 15.1316995146
3552 14.5720117444
3685 14.3568709505
3691 11.9457525584
3785 11.0384209595
3895 10.0463039516
4281 9.8830861812
4305 9.4304951596
4727 8.6875562681
4988 8.6057255945
5134 7.4780696348
6339 7.3073208529
7463 7.1056055862
7482 6.5342005129
12949 6.4085704923
14460 6.2963903530
16818 6.2949513981
17183 6.2149394952
18148 5.9055932276
28188 5.8599482100
28515 5.8402240384
29682 5.7321603896
33478 5.3864311179
40185 5.3803222625
40263 5.0340767347
40972 4.7013415898
42112 4.5809613403
42309 4.1052921131
43640 4.0859721566
44606 3.7146591965
47009 3.7070233963
47210 3.2881654409
48214 3.2050333679
48350 3.0666437743
48421 2.5091790619
49039 2.1257836529
51024 2.1058735599
52632 1.7530070870
53375 1.5534806215
57528 1.4545217803
58003 1.1851568898
58849 1.0934686520
59340 0.8714895279
62043 0.8555686922
62296 0.7073188452
63197 0.4566238506
64243 0.4555675490
65022 0.4435777496
65213 0.4409237944
65220 0.3054564525
66891 0.3015688482
67031 0.2932126203
67168 0.2713012859
67298 0.2322300952
68524 0.1962569194
68858 0.1946002965
70105 0.1863461599
72529 0.1824376223
72866 0.1768797948
73351 0.1730179354
73362 0.1705278869
73596 0.1608444706
73998 0.1588553124
74268 0.1580951260
74953 0.1553815399
75693 0.1507339184
77130 0.1499413237
77620 0.1497908264
77939 0.1494391688
78271 0.1484781300
78819 0.1470569917
79164 0.1470520845
79398 0.1459725710
79832 0.1449982552
80069 0.1415997583
83115 0.1414372731
83353 0.1407055876
84684 0.1402823649
85727 0.1402359422
86007 0.1401587974
86199 0.1398711895
87155 0.1397713001
87412 0.1396070874
87445 0.1395000733
87654 0.1394606081
88098 0.1393140773
88101 0.1392453417
88404 0.1391168547
88891 0.1388967705
89646 0.1388556208
90218 0.1386777371
90547 0.1385432620
90855 0.1384790463
92338 0.1382817969
93095 0.1382039743
93590 0.1378660498
93755 0.1375785753
94234 0.1374307656
94771 0.1374147326
94772 0.1371251321
95984 0.1368765391
96461 0.1365889214
96557 0.1362637887
98888 0.1359566273
99616 0.1355949452
100411 0.1355338822
100626 0.1354661661
100954 0.1354307880
100974 0.1351921299
101144 0.1349693387
101351 0.1346152692
101614 0.1345610865
102248 0.1344179828
102272 0.1340777146
102571 0.1339197172
102818 0.1339156942
103942 0.1338916616
103947 0.1336653893
104153 0.1334829204
104221 0.1334288507
104571 0.1331773310
105070 0.1327850803
108444 0.1327246890
108497 0.1326772517
108943 0.1322913781
108999 0.1321130135
109189 0.1319756154
109524 0.1316753165
109757 0.1315784149
109779 0.1315090424
110208 0.1315029709
110929 0.1312195085
111107 0.1308320953
113457 0.1307414790
114489 0.1304419368
116140 0.1303282682
116206 0.1301461735
117250 0.1301019791
117515 0.1299655048
117617 0.1296673619
119607 0.1296114964
119820 0.1296078360
119884 0.1295235111
120237 0.1295233639
120378 0.1295107295
120584 0.1294359328
120956 0.1293481832
121331 0.1293415024
121365 0.1292762859
122038 0.1291244976
123088 0.1289884930
123249 0.1289690808
125420 0.1287816960
125864 0.1287252403
126037 0.1285660717
128463 0.1285289672
130551 0.1282661055
130609 0.1280833078
131499 0.1280653987
131506 0.1276306184
131815 0.1275331674
132188 0.1273108440
132727 0.1272529057
132880 0.1272420981
132910 0.1272077261
133108 0.1270348399
133138 0.1269147634
135019 0.1264031364
137633 0.1263402188
137685 0.1263264415
137744 0.1258478284
139091 0.1258465997
139878 0.1258357728
139915 0.1255012919
140922 0.1253871757
141365 0.1253421924
141905 0.1249209143
142554 0.1248512871
142892 0.1246272738
144671 0.1246139228
145549 0.1243352457
145901 0.1242515474
147872 0.1241890733
149722 0.1239204105
151317 0.1239020113
151545 0.1238804027
152105 0.1238004027
153645 0.1236866160
154182 0.1235992351
154693 0.1235536553
155028 0.1235283614
155064 0.1234074077
155260 0.1233582481
155342 0.1232861529
156143 0.1230573689
158065 0.1229619489
159044 0.1228891449
159053 0.1226151320
160196 0.1224543631
161758 0.1224128121
162011 0.1222838283
162148 0.1220113833
163413 0.1219564398
164184 0.1219351524
164336 0.1216128413
164403 0.1215694380
164588 0.1210844322
166243 0.1210790063
166828 0.1208048738
166926 0.1204773576
169504 0.1199889730
171207 0.1198297811
172053 0.1195450013
172154 0.1194551667
172516 0.1194349603
172843 0.1193038187
173123 0.1191418639
173995 0.1186802294
174195 0.1183993642
175726 0.1183655255
175800 0.1182383460
175829 0.1181350550
176011 0.1180440281
177550 0.1179648926
177567 0.1174402438
178540 0.1170945967
180559 0.1170017559
181293 0.1156887596
181517 0.1152565554
182011 0.1145839086
184672 0.1145712052
185438 0.1131352094
185753 0.1126251153
185937 0.1113907729
186135 0.1112334766
186945 0.1105633092
187947 0.1099178822
187954 0.1092245386
188434 0.1089023904
189564 0.1081160111
189677 0.1077930874
189850 0.1077589464
190152 0.1073396241
191007 0.1073131482
191156 0.1070183483
191365 0.1068958391
191943 0.1068744919
192115 0.1068490909
192176 0.1066282373
192182 0.1065938774
192185 0.1061363308
193447 0.1059950069
193677 0.1059547148
194288 0.1058348096
194345 0.1057394298
194819 0.1054272572
196711 0.1053458878
197021 0.1053048987
197142 0.1051395601
197547 0.1050483119
198191 0.1048925666
198653 0.1047190642
198822 0.1044441446
199060 0.1042712857
199737 0.1042495807
199893 0.1041830499
200690 0.1040378040
200765 0.1039767894
201123 0.1038483005
201791 0.1037732733
202285 0.1034334695
204052 0.1032699050
205837 0.1029460541
205955 0.1029036360
208304 0.1023741657
209307 0.1019333069
210560 0.1013069076
212214 0.1012551878
212605 0.1008792579
212884 0.1004840492
213677 0.1004733350
214111 0.1004209397
214268 0.1002425313
215073 0.1002384783
215421 0.1002007262
215508 0.1001009013
215711 0.1000627162
215716 0.1000038841
215785 0.0997844836
216286 0.0997638391
216345 0.0996978348
217157 0.0995374248
217796 0.0995170560
217817 0.0994350987
217885 0.0994250438
218220 0.0994245363
218713 0.0993537853
218741 0.0993411826
220122 0.0993323379
220429 0.0992681333
220874 0.0992561591
220876 0.0991960078
220923 0.0991508941
220980 0.0990572277
221187 0.0989728287
221501 0.0989727305
221757 0.0989585472
221841 0.0989305510
222049 0.0987765786
224480 0.0987447905
224807 0.0987162874
224830 0.0985614137
225098 0.0984221695
225689 0.0983882306
226076 0.0983757414
226151 0.0982974073
227279 0.0982241468
227362 0.0981305103
228813 0.0980541510
229126 0.0980118391
230228 0.0979024491
230347 0.0978982783
230860 0.0978955967
230926 0.0977697523
231676 0.0977216497
232162 0.0977137772
232226 0.0975256468
233952 0.0973838155
237021 0.0973249647
237289 0.0972457687
237489 0.0972313073
238164 0.0971679765
238272 0.0970472946
238428 0.0970140942
240025 0.0969658274
240418 0.0969450581
244924 0.0969315964
245466 0.0969014303
245522 0.0968278647
245870 0.0968268810
246378 0.0967749772
246545 0.0967166164
246586 0.0966613356
246861 0.0966596108
247775 0.0966570867
248135 0.0966369697
248254 0.0966331649
248378 0.0965954251
250797 0.0965618222
250996 0.0965535084
251354 0.0965210225
251517 0.0965030233
251824 0.0964892952
252295 0.0964784357
252653 0.0964492302
252728 0.0964435768
253404 0.0964080742
253956 0.0963849404
255515 0.0963598929
256174 0.0963558572
256212 0.0963446138
257449 0.0963394142
257658 0.0963187726
257698 0.0962829224
257852 0.0962812328
258616 0.0962768058
258645 0.0962680797
258773 0.0962408089
259287 0.0962112852
259900 0.0962080767
259911 0.0961865863
261282 0.0961278719
265174 0.0960950372
265638 0.0960861455
265896 0.0960716563
266111 0.0960453100
266139 0.0960411394
266393 0.0960062858
266402 0.0960036063
266486 0.0959826806
266667 0.0959659257
266892 0.0959518760
267430 0.0959510641
267488 0.0959162158
268535 0.0959002551
268734 0.0958971541
269238 0.0958785572
270399 0.0958453760
270542 0.0958176757
271120 0.0957591067
272117 0.0957421071
272262 0.0957177664
273037 0.0957086462
273379 0.0956238995
275718 0.0956152367
275983 0.0956151832
276025 0.0956103942
276108 0.0955780687
276299 0.0955659910
276796 0.0955413227
276919 0.0955369654
277154 0.0955239276
277523 0.0955200060
277774 0.0954513193
279007 0.0954490901
279241 0.0954437676
279626 0.0954430820
280076 0.0954328061
280391 0.0954192129
280588 0.0954089012
281238 0.0954084213
281321 0.0954017072
281338 0.0954006000
281518 0.0953958626
281895 0.0953913561
281959 0.0953866435
282088 0.0953793157
282844 0.0953704486
283126 0.0953582274
285538 0.0953580427
285966 0.0953557637
286180 0.0953533646
286235 0.0953518857
286526 0.0953518815
286822 0.0953493201
287138 0.0953487496
287228 0.0953486560
287346 0.0953479277
287517 0.0953455429
287658 0.0953441146
287976 0.0953435013
288056 0.0953434182
288360 0.0953406652
289066 0.0953402761
289115 0.0953380137
289382 0.0953362451
292604 0.0953349585
293060 0.0953340640
293309 0.0953311655
293370 0.0953263175
294192 0.0953213158
295499 0.0953181328
296885 0.0953166978
298494 0.0953161667
299591 0.0953126775
299965 0.0953118225
300027 0.0953107671
300032 0.0953097577
300196 0.0953097469
300600 0.0953095623
300604 0.0953091496
300786 0.0953065219
301683 0.0953062590
301698 0.0953054775
301718 0.0953010052
302200 0.0953005227
302309 0.0952998441
303246 0.0952972730
304076 0.0952970472
304382 0.0952959643
304951 0.0952950934
305543 0.0952880330
307007 0.0952870104
308291 0.0952865154
310498 0.0952852829
310645 0.0952842662
310800 0.0952830234
311251 0.0952797968
311494 0.0952783990
311821 0.0952748034
312240 0.0952735313
312352 0.0952712116
312540 0.0952696575
313825 0.0952694195
313929 0.0952634002
314335 0.0952633609
315151 0.0952594638
315603 0.0952592290
315856 0.0952568272
316707 0.0952516767
318913 0.0952488899
319206 0.0952476517
319366 0.0952462125
319466 0.0952439353
319479 0.0952398335
319896 0.0952384184
319965 0.0952352104
320005 0.0952347329
320305 0.0952319970
321048 0.0952308130
321474 0.0952297798
321713 0.0952277868
321764 0.0952265282
321799 0.0952221553
322178 0.0952140821
322213 0.0952132859
322583 0.0952091213
322759 0.0952077542
322905 0.0952072035
322947 0.0952066180
323059 0.0951948483
324855 0.0951905169
325985 0.0951865415
325997 0.0951856281
326627 0.0951815499
326676 0.0951769894
327867 0.0951763545
327960 0.0951728289
328051 0.0951718941
328408 0.0951707643
329202 0.0951653024
329610 0.0951581293
330949 0.0951472520
331512 0.0951411314
332298 0.0951333170
332592 0.0951277602
333606 0.0951199850
335145 0.0951126599
335497 0.0951016553
335514 0.0950922669
335875 0.0950488652
337232 0.0950473436
338306 0.0950214970
338954 0.0950174172
339072 0.0950120294
339361 0.0950116947
339645 0.0950093911
339649 0.0949975295
339851 0.0949856321
339908 0.0949672326
340567 0.0949599441
340807 0.0949441713
341093 0.0949336290
342081 0.0949227233
342141 0.0949088925
342469 0.0948963026
343107 0.0948815577
343288 0.0948612045
344258 0.0948602454
344558 0.0948276215
344847 0.0948250618
345182 0.0947921863
345922 0.0947886945
346098 0.0947597778
347299 0.0947566986
347311 0.0947379329
347987 0.0946974304
348404 0.0946640508
349223 0.0946493766
350332 0.0946139520
351938 0.0946006620
352034 0.0945982931
352070 0.0945951293
352323 0.0945767724
352476 0.0945248737
352762 0.0945182068
353297 0.0945080452
353669 0.0944555219
353898 0.0944486516
354584 0.0944437232
354952 0.0944346951
356724 0.0944269992
357126 0.0944216978
357481 0.0944080672
357548 0.0943935845
357819 0.0943883945
358116 0.0943580352
358277 0.0943048717
358514 0.0943008687
358887 0.0942635665
359643 0.0942367120
360501 0.0942220080
360561 0.0942105511
360933 0.0942075205
361023 0.0941928035
361488 0.0941897528
361724 0.0941761673
362060 0.0941538515
363122 0.0941385574
363612 0.0941346635
363835 0.0941102934
363944 0.0940975803
364015 0.0940958533
366075 0.0940827414
367478 0.0940754357
367998 0.0940738356
368091 0.0940715221
368137 0.0940374929
368804 0.0940370385
369153 0.0940354789
369487 0.0940304997
369626 0.0940240378
369630 0.0940238196
369692 0.0940215468
369768 0.0940195355
369820 0.0940142516
369868 0.0940129410
369929 0.0940083238
370043 0.0940052441
370166 0.0940044486
370315 0.0939931125
370467 0.0939867046
371982 0.0939863973
372351 0.0939801446
372785 0.0939753593
372962 0.0939733377
373010 0.0939599826
373889 0.0939565453
373907 0.0939533485
374401 0.0939481729
374477 0.0939368912
375759 0.0939334908
375905 0.0939305840
376102 0.0939263063
376250 0.0939213125
376841 0.0939196864
376992 0.0939171544
377231 0.0939156266
377346 0.0939126160
377390 0.0939088157
377533 0.0939083883
378595 0.0939071629
378807 0.0939058512
378905 0.0938953255
379039 0.0938885149
379472 0.0938809517
380191 0.0938799262
380370 0.0938747662
380781 0.0938710427
380927 0.0938671124
381042 0.0938640847
381898 0.0938607956
382896 0.0938567882
384230 0.0938427725
384499 0.0938409458
384887 0.0938340522
385113 0.0938149250
386701 0.0938143764
387011 0.0938141482
387058 0.0938079085
387585 0.0938075452
387689 0.0938004074
387699 0.0937994719
387791 0.0937986577
387817 0.0937830389
389213 0.0937821545
389240 0.0937716009
389365 0.0937715409
390150 0.0937662786
390288 0.0937662572
390633 0.0937636353
391290 0.0937571972
391541 0.0937555024
391666 0.0937496265
392037 0.0937476934
392153 0.0937466921
392306 0.0937366907
393970 0.0937278010
395018 0.0937183420
395953 0.0937091877
397007 0.0937091302
397186 0.0937071164
397739 0.0937054561
397905 0.0937001459
398080 0.0936951148
398132 0.0936916956
398530 0.0936882225
399211 0.0936785631
399224 0.0936735288
399378 0.0936642965
399648 0.0936601163
400031 0.0938239491
evaluations raw_y
1 127.6563070322
2 109.8532599052
3 60.0321737126
26 43.8005570902
119 39.3710412748
143 37.4612458041
170 36.1169965620
206 34.3980008213
228 30.1494853916
258 29.2715508520
260 24.7303567180
304 24.4779688584
337 21.9141308914
368 19.9447339397
498 18.7398784469
728 17.8826519090
2880 13.8797088284
3451 12.1638259379
3554 10.7692031122
3783 10.6335544326
3909 10.6019614228
3999 9.9002615724
4089 9.8748493574
4099 9.2423880748
4384 8.8462888858
4414 7.8116334813
4792 7.7532359132
5060 7.5992975027
5449 7.0684426025
6220 6.3553467270
6937 6.3279930099
7199 6.2409585225
10028 5.9237084206
14064 5.8962373056
19098 4.6751321548
34224 4.6056767329
34841 4.6047813418
35890 4.0920209657
36086 4.0439693749
36108 3.8117670030
37078 3.4981890453
37756 3.4386227903
38204 2.8577133013
39165 2.7593401574
39265 2.7272725995
39425 2.2619492260
40078 2.2357679100
40096 1.7932050303
41618 1.6906110056
42261 1.6816650289
42582 1.5610767014
43158 1.3936663696
43449 1.1816693083
47944 1.1684636702
48263 1.0721756855
49561 1.0306119988
49809 0.6825809612
53182 0.5146640134
56702 0.5145828046
57437 0.4988515172
58490 0.4897747453
58897 0.4727263312
60238 0.4671225924
60348 0.4227007261
60572 0.4209733211
60702 0.4083099252
60713 0.4020070042
60901 0.3588045115
62346 0.3498920702
62885 0.3418435342
63375 0.3380819427
63532 0.3360240857
64457 0.3346113502
64835 0.3331506559
65296 0.3327437629
65392 0.3309355063
65556 0.3287802021
65823 0.3274243139
66402 0.3202430349
67583 0.3202373406
69884 0.3194898000
69908 0.3190208277
71752 0.3185542187
71902 0.3173123363
73002 0.3165703989
73503 0.3160704549
73698 0.3158620953
73957 0.3150284694
75247 0.3146163608
75409 0.3143145701
76222 0.3142417642
76772 0.3140014722
76871 0.3132062231
76922 0.3126940557
78107 0.3124989091
78831 0.3123301174
78964 0.3122295408
79295 0.3111275828
79362 0.3110904602
80267 0.3109043803
80952 0.3105184093
81318 0.3092454322
81888 0.3089387147
82170 0.3086640995
82177 0.3083518093
83886 0.3079115711
84117 0.3078632313
84176 0.3074448451
84750 0.3071968782
85495 0.3067449274
86720 0.3043001158
87813 0.3041654233
88104 0.3038585883
88540 0.3027971742
88818 0.3027428887
89296 0.3027195840
89627 0.3025827225
89921 0.3025588075
90141 0.3023707154
90362 0.3008578827
90564 0.3008575746
91196 0.3004007357
91253 0.2999885825
91515 0.2990469617
92119 0.2990328916
92243 0.2990114172
92319 0.2989070764
92634 0.2982867502
94359 0.2979688349
94543 0.2968323084
95515 0.2966025413
95818 0.2965438174
96255 0.2963229146
96383 0.2961611654
96408 0.2956333890
96684 0.2951076094
97840 0.2943076102
98221 0.2940221218
99565 0.2932680165
100970 0.2923311348
102424 0.2920449421
102454 0.2914994354
103031 0.2912697354
103253 0.2907874838
103373 0.2903498307
103912 0.2901551555
105198 0.2891621408
105858 0.2887225158
106165 0.2880107100
106266 0.2879554404
106297 0.2874650853
107462 0.2871378687
107629 0.2860795586
108085 0.2855058607
109796 0.2851036099
109982 0.2837237802
110188 0.2835960991
110438 0.2827967178
111583 0.2823007688
112203 0.2808399088
114133 0.2800878939
115053 0.2796968695
115157 0.2796072150
115262 0.2779340813
115448 0.2757392154
116716 0.2756485147
116717 0.2746517015
116721 0.2744599154
116947 0.2743579043
117486 0.2736891992
118657 0.2720656119
119205 0.2714574300
119273 0.2699634907
119800 0.2688389070
120344 0.2672001582
120813 0.2665344167
121568 0.2643692191
123057 0.2632653888
123293 0.2618419299
123326 0.2603006968
123829 0.2589219760
124000 0.2575002075
125578 0.2537196028
125629 0.2525266235
125650 0.2509095908
127444 0.2497699825
127454 0.2467655569
128017 0.2457144818
128144 0.2441175372
129057 0.2413300341
129280 0.2413278194
130041 0.2394255262
130428 0.2352758026
131224 0.2343952298
131821 0.2300715406
132608 0.2294962398
133284 0.2276454633
133723 0.2270044034
134677 0.2260940344
135156 0.2257228899
135495 0.2253838088
135517 0.2250771217
136687 0.2226558683
137398 0.2214429605
137970 0.2198174044
138144 0.2144292050
142026 0.2120521216
143885 0.2116694464
144417 0.2113806980
145095 0.2092493809
147623 0.2074935184
149300 0.2057591058
149498 0.2051067114
149867 0.2049250682
150443 0.2048395933
150990 0.2039037827
151167 0.2010589182
151994 0.2006947132
152847 0.2004567371
153664 0.1977099941
155723 0.1962763202
156248 0.1947606320
156712 0.1947439193
156728 0.1940630933
157003 0.1931467688
157552 0.1928520850
158304 0.1921905330
159004 0.1908288939
159586 0.1885494626
161297 0.1883279880
161572 0.1864154368
162374 0.1859379984
162508 0.1856346949
163680 0.1838064087
163727 0.1834761067
165383 0.1830024773
165498 0.1819988039
165931 0.1813604091
166479 0.1803550047
166555 0.1779986099
168124 0.1769244433
168785 0.1754507196
169551 0.1751269216
170035 0.1738133947
170689 0.1729529272
170751 0.1722488399
170835 0.1703654397
171467 0.1699489888
171897 0.1696354970
172649 0.1680678900
174276 0.1669649919
174409 0.1657568624
174628 0.1645300506
177289 0.1631316430
177545 0.1614062651
178776 0.1589043108
179029 0.1584071166
179305 0.1582928641
179350 0.1574597157
179425 0.1574581481
179505 0.1570124544
179674 0.1532155421
180316 0.1525488120
180858 0.1501595875
181719 0.1491687336
181875 0.1456649168
182628 0.1448794056
183240 0.1437464566
184374 0.1429926236
184601 0.1418175518
184864 0.1404320283
185427 0.1401399463
185917 0.1384231551
186102 0.1382409125
187036 0.1382183216
188100 0.1377202983
189433 0.1354410460
189484 0.1341590283
189541 0.1339469879
189556 0.1336128687
189655 0.1316142146
190864 0.1304910129
190878 0.1290351962
191099 0.1272444121
192267 0.1270187724
192851 0.1269433275
193743 0.1266018109
194100 0.1262752900
194116 0.1233904011
195278 0.1224720593
199392 0.1221118268
200720 0.1218209364
200898 0.1214979109
201315 0.1212170582
201448 0.1206553717
201699 0.1202764796
202376 0.1202318986
202410 0.1199002515
202611 0.1195767036
202697 0.1195032828
202713 0.1194859378
202987 0.1186196421
204694 0.1185223980
205636 0.1182989926
206460 0.1182652147
206536 0.1178720480
206563 0.1176740638
206829 0.1173123205
207411 0.1173025013
207583 0.1170958570
207980 0.1169821546
207990 0.1169034152
208132 0.1164851334
208427 0.1160965815
208995 0.1160768925
209293 0.1160601122
210152 0.1159967617
210158 0.1155175281
210948 0.1152540778
211358 0.1152050758
211369 0.1149543962
212289 0.1149031939
212651 0.1145779443
212858 0.1143447003
213463 0.1142098570
214001 0.1138802386
215099 0.1136351961
215173 0.1132954492
215686 0.1129575287
216831 0.1127948521
218070 0.1124410323
219385 0.1116433038
221307 0.1115618093
221493 0.1104024766
221818 0.1098821607
222865 0.1098285097
223030 0.1090281947
223777 0.1087876971
223881 0.1085152403
224035 0.1085069346
224637 0.1077012017
226366 0.1076559567
226742 0.1076510329
226849 0.1072789163
227335 0.1070140095
227865 0.1068334602
228079 0.1063950785
228158 0.1059920300
228331 0.1058154383
228766 0.1056908512
228852 0.1054772561
228969 0.1051893394
229256 0.1048629076
229440 0.1046666213
229977 0.1045680475
230194 0.1042461053
230405 0.1041904865
231712 0.1039157038
232875 0.1036611954
232925 0.1034536084
232932 0.1034026216
233270 0.1033556152
233848 0.1032262362
233968 0.1027603143
234294 0.1020004979
235433 0.1018447288
235559 0.1012775414
236086 0.1011739012
236120 0.1011261170
236515 0.1009263260
236550 0.1008285560
236869 0.1006796080
237778 0.1004679276
238858 0.1002382530
239192 0.1001599204
239302 0.1000000736
239359 0.0995661037
239610 0.0993188456
241366 0.0993105754
241608 0.0988741073
242351 0.0988293904
242570 0.0987364374
242911 0.0983951165
243501 0.0983280918
243551 0.0981688001
243642 0.0980258813
243727 0.0979901230
244343 0.0978318284
244397 0.0978073340
244644 0.0978005287
244772 0.0975403223
245015 0.0970819742
245739 0.0969789122
245957 0.0968543600
246241 0.0968105135
246305 0.0968100437
246494 0.0966322697
247068 0.0965753702
247456 0.0965507576
247583 0.0965499156
248285 0.0964632734
248410 0.0961056298
250822 0.0960162531
250823 0.0959556465
250842 0.0958038614
250844 0.0956009076
251530 0.0955149242
251556 0.0954803244
251597 0.0954253655
251610 0.0954247235
251872 0.0953832916
251876 0.0953285360
252281 0.0953266321
252430 0.0952246845
252799 0.0950495770
252849 0.0948551076
253241 0.0948387277
254134 0.0947653500
254705 0.0947595310
254714 0.0945893641
255056 0.0944843409
255715 0.0944721894
255716 0.0943473524
255925 0.0943192528
256090 0.0940441873
256614 0.0938236293
257493 0.0936755445
258278 0.0936557714
258789 0.0933980026
259906 0.0932940029
260142 0.0931333304
261517 0.0930391032
261552 0.0930119889
261567 0.0928102070
261592 0.0927342441
262101 0.0927327109
263384 0.0927125648
263461 0.0927089159
263838 0.0926752193
263932 0.0926292465
263958 0.0923178810
264576 0.0922085261
264870 0.0921699431
265461 0.0920777364
266437 0.0920540430
266519 0.0920225996
266563 0.0919974372
266628 0.0919556536
266739 0.0919113984
267224 0.0918935791
267249 0.0917325202
267359 0.0916459235
268570 0.0915187105
268697 0.0914992458
269084 0.0914858055
271729 0.0914435795
272864 0.0912622727
273127 0.0912539689
273295 0.0910089539
273866 0.0909899598
274059 0.0909161327
274255 0.0908678774
275293 0.0907775290
276087 0.0907435249
276340 0.0906431386
276613 0.0905088636
278107 0.0904989463
278200 0.0903311392
279140 0.0902605780
279268 0.0901511815
279526 0.0900920264
280922 0.0900538087
281347 0.0900017576
281852 0.0899468162
282029 0.0899335462
282134 0.0898685709
282672 0.0898554618
282957 0.0895970949
284046 0.0895844028
284081 0.0895263268
284768 0.0894181287
285140 0.0894136094
285563 0.0891357710
287657 0.0889035037
287720 0.0888037699
288097 0.0887401010
288874 0.0887287483
288879 0.0882946303
291892 0.0882654832
292558 0.0882529869
292627 0.0882088036
292715 0.0881849608
293338 0.0881611130
293535 0.0881323959
293671 0.0881268583
293893 0.0877467169
294833 0.0877264999
295447 0.0877215942
295654 0.0876912782
296143 0.0876078866
296712 0.0875951045
296990 0.0875519979
297052 0.0875507903
297287 0.0875430723
297383 0.0875002270
297502 0.0873858504
298907 0.0872844692
300179 0.0872035321
300930 0.0869942446
301228 0.0868698146
302743 0.0868553571
302764 0.0868238359
302782 0.0868039967
303350 0.0867558232
303625 0.0866671343
303981 0.0866654515
304308 0.0866033328
304708 0.0865971753
304882 0.0865849769
305490 0.0864803035
306934 0.0864453566
307535 0.0864387991
308184 0.0863459948
308460 0.0863312440
308745 0.0863305131
308937 0.0862940299
309018 0.0862369988
309080 0.0862264236
309315 0.0862184416
309370 0.0861735138
309450 0.0861212386
309582 0.0860898084
309840 0.0860594694
310748 0.0860473293
310807 0.0858325197
312953 0.0858220300
313555 0.0857791119
313700 0.0857186805
313886 0.0856698033
314387 0.0856096172
315269 0.0855630900
316183 0.0855496256
316202 0.0853574111
316694 0.0853260104
317056 0.0852450538
317076 0.0851286014
317185 0.0850442927
317437 0.0849880028
318832 0.0849448593
319332 0.0849366694
319745 0.0847697407
322110 0.0847595621
322163 0.0846406263
322938 0.0844798179
323660 0.0843929054
324371 0.0843893827
324815 0.0843376176
325189 0.0842814289
325586 0.0842392081
325667 0.0842292224
325780 0.0841764203
326036 0.0841555296
326098 0.0841332502
326818 0.0840896727
326894 0.0840741080
327579 0.0840663255
327589 0.0840261964
327704 0.0839978614
328861 0.0839977833
329275 0.0839061393
329868 0.0839004058
329943 0.0838876488
329975 0.0838836062
330256 0.0838393122
330708 0.0838195729
331452 0.0837955234
331635 0.0837949553
332063 0.0837947545
332142 0.0837851107
332871 0.0837575552
332875 0.0837535943
333002 0.0837372147
333195 0.0837304334
333265 0.0837140030
334173 0.0837089658
334468 0.0836783927
336227 0.0836572061
336993 0.0836402805
337340 0.0836146116
337611 0.0836140741
337707 0.0836016245
337849 0.0835977078
337976 0.0835971341
338004 0.0835827661
338134 0.0835595701
338310 0.0835577668
338361 0.0835470630
338621 0.0835408986
338712 0.0835295603
338880 0.0835069516
339556 0.0834948317
340622 0.0834734832
340636 0.0834545905
341282 0.0834498329
341637 0.0834280058
342147 0.0834166092
342477 0.0834108395
342719 0.0834035281
342822 0.0834021436
342947 0.0833927337
342969 0.0833759405
343458 0.0833637314
345846 0.0833557366
346062 0.0833376354
347145 0.0833015673
348256 0.0832736063
349041 0.0832711943
349336 0.0832640287
349664 0.0832613448
350049 0.0832553971
350215 0.0832201048
350499 0.0832024015
351559 0.0831862786
352982 0.0831770917
353321 0.0831709329
353561 0.0831640637
353920 0.0831610691
353923 0.0831544233
354040 0.0831372953
354422 0.0831361639
354466 0.0831360069
354548 0.0831230706
354754 0.0831179090
355502 0.0831042970
355578 0.0830950632
355694 0.0830940040
357113 0.0830935741
357430 0.0830876270
357606 0.0830818823
357693 0.0830784982
358024 0.0830766225
358224 0.0830740385
358459 0.0830680937
358650 0.0830605606
359061 0.0830520647
360017 0.0830380215
360240 0.0830358913
360952 0.0830238964
361615 0.0830079588
362384 0.0830004408
362697 0.0829959566
362772 0.0829873636
362843 0.0829694625
362890 0.0829610065
364193 0.0829289678
364215 0.0829174942
364569 0.0829073464
364882 0.0829053379
365359 0.0829015780
365615 0.0828968767
365968 0.0828712650
366532 0.0828624564
366943 0.0828430070
367905 0.0828382615
368418 0.0828277138
368486 0.0828271356
368550 0.0828184307
369240 0.0828178959
369276 0.0828086543
369372 0.0828001344
370015 0.0827926207
370870 0.0827860771
370934 0.0827753789
371437 0.0827748005
371585 0.0827726041
371632 0.0827660602
371701 0.0827622686
371926 0.0827496149
372005 0.0827434114
372565 0.0827347906
372887 0.0827328203
373343 0.0827278840
374612 0.0827258624
374653 0.0827182579
374711 0.0827006596
374775 0.0826991847
374863 0.0826980372
375739 0.0826746818
376122 0.0826738567
378365 0.0826737471
378544 0.0826591709
378857 0.0826507246
378927 0.0826501356
379125 0.0826379671
379185 0.0826305631
379481 0.0826049727
380129 0.0826035521
380542 0.0826027943
380584 0.0825999419
380683 0.0825841626
380831 0.0825819687
380956 0.0825684522
381720 0.0825661699
381966 0.0825646513
382103 0.0825553399
382279 0.0825258565
383328 0.0825170296
385003 0.0824958671
385019 0.0824796882
386101 0.0824648647
386155 0.0824520103
386775 0.0824406484
386892 0.0824347045
387546 0.0824126607
387855 0.0824113989
387866 0.0824010180
388188 0.0823915869
388262 0.0823713235
389454 0.0823513874
390035 0.0823467173
390451 0.0823399706
390562 0.0823363535
390773 0.0823334520
390785 0.0823276026
391006 0.0823267570
391016 0.0823088445
391092 0.0823018648
391398 0.0822933596
391558 0.0822892067
392196 0.0822879652
392463 0.0822794221
393454 0.0822577750
393788 0.0822566860
394026 0.0822441681
394945 0.0822403216
394955 0.0822160938
395109 0.0821817852
397539 0.0821716456
398769 0.0821689488
398854 0.0821507295
399410 0.0821413014
400008 0.0826652067
evaluations raw_y
1 133.0634128593
2 79.4000424482
10 75.2952460617
16 74.1674359285
29 53.5226146077
50 49.4791700380
94 46.8751498428
133 43.2347959639
135 42.4320624046
194 35.7090762031
224 29.7501758006
238 27.9021064606
260 27.1833593071
347 26.9951987482
353 24.0391965084
464 19.5846016782
592 18.6659060219
3142 14.8818762424
3810 11.3252339454
4392 10.7421302748
4591 8.8204490967
4980 8.5717314849
5068 8.4568918784
5626 8.3888037942
5843 8.3124841270
5955 7.9953015134
6133 7.9556857263
6333 7.7779129093
7182 7.7306394116
7732 6.7698178994
10021 6.4156960543
15320 6.3872058241
16336 6.2487008782
17012 6.1118860518
19949 5.8040069821
33830 5.7454141222
41041 5.5874409651
41940 5.4844108141
44046 5.0603547584
47202 5.0128047661
47395 4.1419056724
49524 3.9571394139
51196 3.5908064944
52740 3.5810892321
52868 3.4585353686
53659 3.0200444757
53804 2.8291958845
54129 2.4457755510
60292 2.3035630894
67211 2.2783575367
67944 2.0712591452
68303 1.8609981574
68896 1.8566899687
69492 1.6810901568
69748 1.5648205302
70083 1.4184412458
71313 1.1323844539
71417 1.0532682795
72266 1.0501262608
72385 0.7882509860
73920 0.4626972781
77117 0.4396055353
78478 0.3972967960
78595 0.3172188913
79731 0.2724581733
81160 0.2666579586
81963 0.2573650211
82328 0.2508015506
83011 0.2396431065
83418 0.2339295240
84080 0.2336748998
84978 0.2331526439
85002 0.2279444068
85707 0.2253151078
85911 0.2238713919
85923 0.2201142700
85964 0.2198644364
86352 0.2087196843
87102 0.2066735964
87403 0.2003602339
90265 0.1998488769
92984 0.1986908934
94449 0.1986124642
94507 0.1962098576
97035 0.1959273734
98219 0.1958265965
98251 0.1957169430
98874 0.1956451573
98952 0.1955435228
99313 0.1954018787
99509 0.1953711799
99596 0.1952808962
99674 0.1950509781
99809 0.1949871332
99894 0.1946474965
99945 0.1946288848
100270 0.1945913095
100959 0.1939497075
102160 0.1938671337
102436 0.1938432085
103017 0.1930463408
103353 0.1929661012
103548 0.1928862984
103948 0.1921367163
104461 0.1919639952
104949 0.1919619820
105415 0.1918148599
105985 0.1913242135
106088 0.1911845002
107944 0.1895976776
109926 0.1890681257
110438 0.1887863639
110851 0.1884166148
111002 0.1880146916
111472 0.1871255645
112805 0.1867368267
113112 0.1859671906
113703 0.1854360855
115157 0.1839422263
116407 0.1834643452
116483 0.1831392647
116501 0.1830363956
116825 0.1826896314
116950 0.1825737542
117150 0.1822266659
117547 0.1821564479
117778 0.1816195842
118322 0.1809170598
119727 0.1802702875
120508 0.1799605284
120717 0.1796639214
121546 0.1793432546
121830 0.1787674312
121926 0.1786233847
122362 0.1785914046
122796 0.1783516332
123148 0.1777446021
123207 0.1769639281
124969 0.1765542032
125107 0.1762961457
125468 0.1757787263
126344 0.1753434175
127002 0.1752263894
127197 0.1749863230
127814 0.1749427542
128173 0.1748046009
128298 0.1744271081
128312 0.1741257649
131264 0.1738931980
131275 0.1736201729
131768 0.1735113118
132383 0.1734403146
132555 0.1732650880
132925 0.1730412795
134122 0.1730177508
134359 0.1729845528
135147 0.1729390841
135222 0.1728942645
135385 0.1728930825
135619 0.1728577294
135803 0.1728408934
135814 0.1728334808
135920 0.1728315246
135988 0.1727342349
136434 0.1727276482
136840 0.1727174865
137010 0.1727027587
137667 0.1726977586
137835 0.1726898581
138190 0.1726568133
140418 0.1726326793
140456 0.1725972710
140861 0.1725787711
141661 0.1725689150
141805 0.1725396884
141932 0.1725382363
142068 0.1725304027
142903 0.1725044219
143274 0.1724537347
143882 0.1723824231
144690 0.1723475827
145469 0.1723466571
145629 0.1723133182
145767 0.1722667662
146061 0.1722656357
146426 0.1722260402
146636 0.1722179148
146808 0.1721286792
147396 0.1721197329
147464 0.1720938922
148105 0.1720800207
148170 0.1720579870
148286 0.1720354872
149651 0.1720305113
149733 0.1718952979
150210 0.1718880440
150320 0.1716629669
150889 0.1716469963
152545 0.1713213895
155143 0.1712909054
155693 0.1711890466
155902 0.1711724975
156194 0.1709579739
156237 0.1709262420
156338 0.1708810566
156511 0.1708614973
156592 0.1706991667
158036 0.1706302583
158129 0.1706056058
158199 0.1705558580
158476 0.1705534376
158491 0.1705078895
158953 0.1704809712
159357 0.1704295164
159493 0.1704221208
159762 0.1702960065
162148 0.1702762165
162393 0.1702546623
163368 0.1702230578
163436 0.1701364278
164844 0.1701230030
164956 0.1701035617
165130 0.1701033768
165272 0.1700939574
165492 0.1700670698
165583 0.1700663326
167135 0.1700559955
167394 0.1700442777
167947 0.1700436278
168104 0.1700379638
168331 0.1700246095
168551 0.1700193959
170017 0.1700115595
170296 0.1699730213
170662 0.1699516168
172571 0.1699307092
172904 0.1699287108
174909 0.1698694614
175766 0.1698036487
176226 0.1697429132
176441 0.1697372617
176453 0.1697240295
176519 0.1696978733
176567 0.1695800579
176745 0.1695543680
177274 0.1695525688
177402 0.1694974316
177494 0.1694790034
177749 0.1693310442
178581 0.1692477909
178640 0.1692448294
179656 0.1691914881
180152 0.1691294641
180497 0.1690960351
181980 0.1690479365
182026 0.1690292860
182621 0.1690174483
182851 0.1689637200
183987 0.1688773877
184106 0.1688178502
184459 0.1687613367
185990 0.1687323468
186561 0.1687104944
187069 0.1686855767
187265 0.1686743389
188289 0.1686496513
188330 0.1685817053
188521 0.1685692905
189042 0.1685658225
189191 0.1685465795
189495 0.1685161043
189650 0.1684823498
190592 0.1684536579
190600 0.1684184266
191247 0.1684169088
191250 0.1684119701
191306 0.1683980563
191914 0.1683625381
192327 0.1683437205
193572 0.1683283779
194857 0.1683117360
195500 0.1683043744
195785 0.1683007673
196573 0.1682933702
196649 0.1681897621
197614 0.1681848299
197791 0.1681492330
198510 0.1681334340
198560 0.1679337924
199974 0.1679300538
200034 0.1678504867
200243 0.1677849861
200679 0.1677831121
200686 0.1677771852
200801 0.1677760318
201131 0.1677146828
203160 0.1676206290
204180 0.1676178458
204188 0.1675912437
204321 0.1674876163
205609 0.1674558045
206432 0.1672743056
208465 0.1672719368
208579 0.1672399194
208803 0.1672347001
209319 0.1672206295
209398 0.1672057062
209400 0.1671897604
209790 0.1671895900
210544 0.1671632722
210843 0.1670965079
212974 0.1670749889
215842 0.1670699546
216860 0.1669911718
218130 0.1669897335
218233 0.1669025049
218362 0.1668568115
218431 0.1668002537
219363 0.1667916810
219411 0.1667137415
219774 0.1666108301
221360 0.1664904780
223153 0.1664712571
223398 0.1663287848
224456 0.1662660108
225582 0.1662036285
225979 0.1661526176
226293 0.1661519471
226443 0.1661513305
226669 0.1661329278
226710 0.1661244128
226780 0.1661012745
226921 0.1660778289
226986 0.1660455364
227145 0.1660212839
227448 0.1660185177
228125 0.1659817542
229337 0.1659757876
229783 0.1659564855
229924 0.1657766874
230554 0.1657548945
230698 0.1657001782
231186 0.1656229422
231414 0.1656057846
232232 0.1655815858
233034 0.1655463391
233925 0.1655126604
234119 0.1653346822
234921 0.1652888544
235419 0.1652640970
235704 0.1652585724
235728 0.1651840155
236086 0.1651654525
236338 0.1650259529
236411 0.1649700451
237903 0.1649263411
237926 0.1649253632
238294 0.1648115118
238790 0.1646703575
238867 0.1646207759
239978 0.1646074204
240069 0.1644507809
241008 0.1644085885
241058 0.1642612628
241801 0.1642442998
242353 0.1642092367
242473 0.1641686523
242627 0.1641427490
243004 0.1641327223
243839 0.1641221489
244014 0.1641154869
244194 0.1641090841
244741 0.1641060091
244779 0.1640502838
245160 0.1640325838
245655 0.1640319289
245744 0.1640310982
245898 0.1640036744
246132 0.1639949639
246745 0.1639880023
246807 0.1639391081
248244 0.1638532427
250101 0.1638081340
250330 0.1637729109
250400 0.1637321505
250800 0.1637268268
252997 0.1637097696
253020 0.1636678582
253095 0.1635730389
253189 0.1634415691
254180 0.1634367548
254526 0.1633530348
256417 0.1633095811
256893 0.1631139756
257470 0.1630356971
257678 0.1628971733
258318 0.1628625647
258377 0.1628331873
258451 0.1626308578
258638 0.1624752095
259677 0.1623450935
260265 0.1621747871
260601 0.1621458967
260676 0.1621425203
260690 0.1621310713
260888 0.1620681981
261731 0.1619869144
261938 0.1619794513
262064 0.1619577349
262426 0.1619467362
262618 0.1618517654
262929 0.1616499619
264103 0.1615659121
264125 0.1615408298
265178 0.1614466425
265300 0.1614350574
265708 0.1614200695
265863 0.1613570475
266328 0.1613508780
266369 0.1613237191
266586 0.1611854786
267847 0.1610726184
268999 0.1610531459
269118 0.1609498106
269835 0.1609399902
270084 0.1608692962
271072 0.1607358680
273386 0.1606375131
273918 0.1606119817
273999 0.1605801838
274185 0.1604464650
274470 0.1603039403
276342 0.1601885998
277251 0.1601882054
277785 0.1599864441
277799 0.1599505242
278039 0.1598823435
278900 0.1597353528
279199 0.1596494601
279334 0.1596189234
279587 0.1596087233
279705 0.1595678532
279725 0.1594677718
279977 0.1594285093
280225 0.1593658114
280308 0.1592884766
281516 0.1592217742
281710 0.1591819061
281889 0.1590768684
282579 0.1589811334
282793 0.1589324291
283496 0.1589138710
285138 0.1588162263
285903 0.1587990254
286238 0.1587928220
286309 0.1587783470
286413 0.1587739973
286705 0.1587633997
286722 0.1587425897
287037 0.1587349465
287167 0.1587244308
287834 0.1587055230
288060 0.1587018157
288211 0.1586816946
288811 0.1586783064
288869 0.1586688203
288979 0.1586669121
289105 0.1586235566
289344 0.1586089719
289609 0.1586029102
289774 0.1585869004
289968 0.1585544928
290922 0.1585471984
291126 0.1585442445
291254 0.1585191730
291575 0.1585131844
291836 0.1585086393
292448 0.1585026105
292957 0.1584998778
292967 0.1584891298
293305 0.1584413870
293730 0.1584413768
294162 0.1584172802
294615 0.1584020505
295235 0.1583428816
298088 0.1583062577
299271 0.1582509534
299815 0.1582354375
299946 0.1582019675
300963 0.1581866821
301170 0.1581779880
301562 0.1581653691
302179 0.1581636946
302517 0.1581600201
303272 0.1581393928
303377 0.1581199049
303519 0.1581178482
303701 0.1581054922
303935 0.1580875567
304725 0.1580806915
305092 0.1580640946
305673 0.1580621424
306728 0.1580278663
307649 0.1580193492
307673 0.1580099607
308321 0.1579951540
308815 0.1579830411
309462 0.1579697339
310014 0.1579619366
310298 0.1579607692
310398 0.1579232067
312040 0.1579040930
312232 0.1578657295
314104 0.1578380956
314282 0.1577661474
315354 0.1577221556
316100 0.1576671561
317235 0.1576346006
317635 0.1576075884
320760 0.1576072087
320770 0.1575740980
320899 0.1575128003
321119 0.1574953565
321142 0.1574793445
321265 0.1574446437
321318 0.1574382050
321449 0.1574287953
321547 0.1574101921
321737 0.1573650887
322524 0.1573558687
322798 0.1573106311
322896 0.1572917554
323561 0.1572652978
324033 0.1572222290
325157 0.1571814391
325477 0.1571516542
326337 0.1571484607
326697 0.1571482151
326837 0.1571300686
326992 0.1571196698
327303 0.1570919059
327861 0.1570827859
328648 0.1570713666
328731 0.1570317859
330635 0.1570126022
330741 0.1569913558
331379 0.1569889187
331413 0.1569881720
331755 0.1569859455
332006 0.1569761709
332198 0.1569520027
333454 0.1569456292
334826 0.1569372674
334878 0.1569142448
335168 0.1568795276
335449 0.1568329446
337099 0.1568245653
337482 0.1568004405
337865 0.1567955752
338124 0.1567824391
338297 0.1567637253
338798 0.1567630702
338924 0.1567575491
339275 0.1567569356
339350 0.1567516240
339351 0.1567510088
339371 0.1567410113
339520 0.1567405484
339769 0.1567128627
340585 0.1567117980
340689 0.1566966493
340954 0.1566924465
341711 0.1566761817
342990 0.1566690219
343805 0.1566516327
344061 0.1566505231
344154 0.1566434268
344349 0.1566344515
344582 0.1566338025
344708 0.1566293263
344896 0.1566198686
345031 0.1566128105
345128 0.1566074951
345847 0.1566056288
345898 0.1565996574
345965 0.1565984446
346313 0.1565963449
346390 0.1565885395
346595 0.1565813325
348296 0.1565807857
348428 0.1565784371
348973 0.1565674526
349497 0.1565327565
350023 0.1565171610
350094 0.1565144518
351029 0.1565006409
351544 0.1564956529
351875 0.1564837147
352501 0.1564644769
353493 0.1564564615
354625 0.1564455167
354768 0.1564449306
354919 0.1564300693
355390 0.1564241328
355696 0.1564090375
355830 0.1563782584
356025 0.1563673657
356263 0.1563659843
356285 0.1563439555
356401 0.1563430620
356488 0.1563399203
356520 0.1563388944
356643 0.1563146476
357098 0.1563117827
357742 0.1563113608
357842 0.1562895244
358298 0.1562857799
358681 0.1562702115
359080 0.1562511587
359418 0.1562398230
359686 0.1562206665
360948 0.1562073347
361042 0.1562028777
361328 0.1561945238
362268 0.1561677520
362701 0.1561561022
363553 0.1561540678
363683 0.1561404942
364173 0.1561393790
364600 0.1561360026
364953 0.1561167556
365074 0.1561139637
365920 0.1561114210
366420 0.1561034682
366637 0.1560964276
367568 0.1560926886
367822 0.1560918159
367927 0.1560860263
368021 0.1560851277
368155 0.1560818757
368354 0.1560812601
368365 0.1560777820
368488 0.1560715757
368675 0.1560685645
368775 0.1560644425
368957 0.1560582687
369015 0.1560491570
369570 0.1560491522
370016 0.1560391313
370824 0.1560172302
371215 0.1560146822
373177 0.1560109152
373376 0.1560074574
373491 0.1560032851
373580 0.1559937822
373605 0.1559884371
373849 0.1559862976
374035 0.1559755456
374245 0.1559706961
374644 0.1559609503
375035 0.1559586277
375127 0.1559511709
375195 0.1559390240
375390 0.1559356497
376768 0.1559276843
377271 0.1559233516
377501 0.1559138632
377552 0.1559013426
377921 0.1558850045
378522 0.1558823664
378546 0.1558772806
380010 0.1558524400
380365 0.1558486513
381856 0.1558467619
381962 0.1558436243
382180 0.1558327502
383002 0.1558308546
383428 0.1558228081
383794 0.1558164103
383941 0.1558131550
384173 0.1558126771
384178 0.1557967050
385024 0.1557898476
386252 0.1557834226
386352 0.1557826101
388725 0.1557728613
389608 0.1557669963
390037 0.1557605213
390189 0.1557412087
390949 0.1557249126
391595 0.1557244633
391929 0.1557099860
392285 0.1557037643
392388 0.1556916679
393094 0.1556819190
393123 0.1556814254
393361 0.1556720382
393667 0.1556700429
393730 0.1556678224
394273 0.1556665983
394361 0.1556596683
394924 0.1556451002
395095 0.1556413535
395880 0.1556341987
397988 0.1556070723
399238 0.1556008426
399487 0.1555947996
399540 0.1555863226
399658 0.1555673885
399675 0.1555637397
399845 0.1555548140
399877 0.1555504743
400060 0.1558783195
