evaluations raw_y
1 116.7419483564
2 107.1771546345
3 88.1360260267
5 88.0622994266
33 86.0936243145
62 86.0574901399
157 85.8918412685
197 85.5370661337
200 85.4783906114
282 85.4614875991
283 85.3679635741
362 85.2281006564
370 85.0781344820
385 83.2701141750
744 80.1739629066
1981 78.7512957643
2181 78.1234180268
2245 75.1420420679
2321 73.3542508271
2625 66.5184899325
2932 65.7546719802
3532 65.6408974493
3536 59.3002657892
3672 48.8023124014
3736 48.5896553808
3811 44.6668790013
3931 38.8506505510
4069 34.4000013064
4145 27.7969518149
4584 26.5169643723
4604 24.8995642099
4608 24.8503671004
4671 18.5280838237
4716 17.9077085637
5239 15.0124893195
5248 13.6384607266
5351 12.3215792619
5424 10.0035212879
5501 9.1885942413
5862 7.8986697526
5975 7.7173462388
5976 7.6354968317
6012 7.5008371919
6092 7.4875811437
6187 6.5735187478
6276 4.7481038117
6396 3.4677032894
6657 3.2605434778
6678 3.0536983751
6724 2.6075391649
6748 2.6022628376
6818 2.5875181908
7021 2.3864892244
7028 2.1738634015
7121 2.0833243775
7262 1.9483814296
7728 1.9021514572
7861 1.8482858094
7903 1.8185185537
7904 1.7984546785
7976 1.7544815895
8045 1.7323280977
8070 1.6224814011
8092 1.5914332769
8126 1.4431407346
8133 1.3920161813
8346 1.3887219597
8369 1.3402263576
8427 1.3176476323
8541 1.1817974563
8666 1.0281130627
8694 0.9919780382
9203 0.9526410199
9224 0.9061467738
9333 0.8925657152
9400 0.8639330372
9473 0.8492496095
9558 0.8443492118
9780 0.8070798270
9973 0.7971183387
10031 0.7940056126
10083 0.7934483351
10100 0.7791883219
10210 0.7660640138
10397 0.7451742852
10677 0.7399267939
10785 0.7326657558
10928 0.7324583649
11014 0.7317303986
11034 0.7313026120
11038 0.7245667121
11213 0.7235954567
11300 0.7229912068
11329 0.7159966870
11743 0.7134425936
11757 0.7112778837
11778 0.7110208642
11980 0.7079463385
12064 0.7071641395
12144 0.7043009808
12348 0.7027313960
12618 0.7015803224
12647 0.7006653763
12702 0.6996545612
12750 0.6989652908
12927 0.6985893836
13044 0.6983560061
13078 0.6970484259
13217 0.6968068119
13242 0.6962533014
13451 0.6957321336
13572 0.6954720819
13604 0.6944670089
13989 0.6942448939
14028 0.6939437986
14131 0.6939373455
14174 0.6938138301
14290 0.6936687864
14313 0.6933283899
14473 0.6930850850
14518 0.6930344071
14548 0.6929698616
14655 0.6929505219
14660 0.6928639821
14858 0.6928520965
14913 0.6927827318
15029 0.6927708268
15105 0.6927072737
15240 0.6926802261
15308 0.6926031106
15396 0.6926004013
15402 0.6924594880
15490 0.6924575167
15507 0.6924142703
15618 0.6922700702
15739 0.6922635242
15775 0.6922186288
15861 0.6922005551
16065 0.6921494868
16119 0.6920500443
16364 0.6920376629
16481 0.6920217290
16579 0.6919562832
17238 0.6919398901
17266 0.6919389849
17311 0.6919307238
17394 0.6919295359
17475 0.6919243574
17485 0.6919185086
17514 0.6919111744
17574 0.6919099536
17598 0.6918979237
17887 0.6918975010
17923 0.6918951214
18008 0.6918920011
18099 0.6918912306
18131 0.6918831190
18270 0.6918818141
18272 0.6918791900
18590 0.6918778687
18707 0.6918764391
18721 0.6918719120
19079 0.6918691133
19341 0.6918690278
19360 0.6918675650
19446 0.6918666774
19521 0.6918654978
19674 0.6918650283
19711 0.6918633892
19877 0.6918632637
19968 0.6918626358
19981 0.6918626097
20042 0.6918620999
20114 0.6918614209
20297 0.6918609750
20370 0.6918608491
20435 0.6918607950
20442 0.6918603975
20551 0.6918599357
20669 0.6918598689
20809 0.6918596818
20856 0.6918595997
20900 0.6918594016
20937 0.6918591191
21061 0.6918589248
21075 0.6918588693
21119 0.6918587669
21139 0.6918583469
21400 0.6918580768
21523 0.6918580296
21623 0.6918578992
21825 0.6918578821
21912 0.6918578015
22007 0.6918577361
22093 0.6918576157
22117 0.6918575494
22251 0.6918574666
22268 0.6918574296
22498 0.6918573764
22648 0.6918573702
22715 0.6918573121
22769 0.6918572771
22942 0.6918572432
23045 0.6918572269
23137 0.6918572244
23205 0.6918571668
23334 0.6918571086
23565 0.6918570915
23795 0.6918570284
24019 0.6918570040
24108 0.6918569847
24365 0.6918569755
24707 0.6918569742
24847 0.6918569734
24991 0.6918569629
25062 0.6918569615
25081 0.6918569603
25121 0.6918569567
25169 0.6918569542
25310 0.6918569509
25320 0.6918569411
25534 0.6918569365
25563 0.6918569356
25691 0.6918569351
25752 0.6918569333
25840 0.6918569323
25860 0.6918569321
25884 0.6918569309
25925 0.6918569282
26036 0.6918569279
26050 0.6918569270
26054 0.6918569260
26110 0.6918569239
26318 0.6918569206
26570 0.6918569199
26738 0.6918569188
26846 0.6918569180
26906 0.6918569176
26908 0.6918569173
26972 0.6918569172
27037 0.6918569169
27070 0.6918569163
27348 0.6918569160
27402 0.6918569159
27405 0.6918569157
27437 0.6918569154
27487 0.6918569154
27511 0.6918569147
27538 0.6918569139
27819 0.6918569136
27988 0.6918569134
27994 0.6918569128
28181 0.6918569127
28403 0.6918569126
28616 0.6918569126
28659 0.6918569126
28697 0.6918569125
28707 0.6918569119
29244 0.6918569118
29446 0.6918569118
29536 0.6918569116
29801 0.6918569116
29950 0.6918569115
30209 0.6918569115
30298 0.6918569114
30372 0.6918569114
30425 0.6918569114
30471 0.6918569114
30480 0.6918569114
30574 0.6918569114
30656 0.6918569114
30671 0.6918569114
30722 0.6918569113
30746 0.6918569113
30782 0.6918569113
30871 0.6918569113
30894 0.6918569113
30961 0.6918569113
31061 0.6918569113
31129 0.6918569113
31159 0.6918569113
31237 0.6918569113
31285 0.6918569113
31406 0.6918569113
31504 0.6918569113
31537 0.6918569113
31554 0.6918569113
31693 0.6918569113
31726 0.6918569112
31825 0.6918569112
31919 0.6918569112
31956 0.6918569112
32215 0.6918569112
32297 0.6918569112
32376 0.6918569112
32502 0.6918569112
32817 0.6918569112
32856 0.6918569112
32871 0.6918569112
32965 0.6918569112
33096 0.6918569112
33243 0.6918569112
33378 0.6918569112
33458 0.6918569112
33463 0.6918569112
33581 0.6918569112
33652 0.6918569112
33688 0.6918569112
33719 0.6918569112
33749 0.6918569112
33813 0.6918569112
33905 0.6918569112
33930 0.6918569112
34002 0.6918569112
34119 0.6918569112
34213 0.6918569112
34238 0.6918569112
34296 0.6918569112
34372 0.6918569112
34446 0.6918569112
34473 0.6918569112
34568 0.6918569112
35056 0.6918569112
35261 0.6918569112
35368 0.6918569112
35431 0.6918569112
35584 0.6918569112
35650 0.6918569112
35665 0.6918569112
35726 0.6918569112
35879 0.6918569112
35989 0.6918569112
36091 0.6918569112
36204 0.6918569112
36361 0.6918569112
36594 0.6918569112
36812 0.6918569112
37002 0.6918569112
37093 0.6918569112
37174 0.6918569112
37194 0.6918569112
37318 0.6918569112
37545 0.6918569112
37633 0.6918569112
37691 0.6918569112
37792 0.6918569112
37910 0.6918569112
37920 0.6918569112
38014 0.6918569112
38167 0.6918569112
38297 0.6918569112
38465 0.6918569112
38740 0.6918569112
38942 0.6918569112
39021 0.6918569112
39124 0.6918569112
39537 0.6918569112
39663 0.6918569112
39894 0.6918569112
41861 0.6918569112
evaluations raw_y
1 89.5746661579
5 89.4279965573
8 88.4554109468
25 88.2789406291
33 87.1330313206
68 86.9144823954
83 86.7782909344
103 86.5766063293
107 86.2725355183
116 86.2372770006
117 86.1657707427
184 85.7098633015
300 84.7341643471
378 83.7375041188
440 82.9857189054
469 82.2289851978
546 81.8942780764
560 81.0254888368
783 80.0204895644
2182 79.8528881483
2799 78.3162524457
2965 77.8599644840
2983 75.6710505862
2989 73.7392484805
3071 72.8931814571
3121 68.6669537197
3290 59.6485265302
3776 54.4978223165
4398 51.1206940257
4575 41.3178755140
4785 21.5195534469
5317 21.1731247940
5396 20.6368084023
5616 20.0420731933
5688 18.8213282840
5742 16.3505343659
5859 11.7544073639
6009 10.5423719489
6040 9.1657147743
6126 8.9442226227
6182 7.9757415958
6284 6.9675185030
6599 6.6731131761
6639 6.3567076261
6678 5.3956691277
6743 4.1928897752
6919 4.0809807819
6946 3.9971623695
6957 2.4248232078
7151 2.1720443795
7304 2.0835035862
7404 1.9928385076
7590 1.9844798588
7652 1.9645953684
7683 1.8663776949
7912 1.8417544991
8017 1.8362571119
8096 1.8309648066
8110 1.8304061346
8125 1.5168958739
8143 1.4977884618
8198 1.4002545328
8534 1.3777946376
8538 1.3326083671
8607 1.3268163433
8608 1.3267196814
8692 1.3206357214
8695 1.0978245296
8874 1.0276802556
9127 0.9574164251
9182 0.9266803540
9278 0.8652079406
9512 0.8613889887
9608 0.8011309681
9843 0.7866357274
10218 0.7811103803
10283 0.7784794869
10341 0.7693399843
10397 0.7578633669
10573 0.7561094455
10597 0.7403046690
10771 0.7392360639
10895 0.7345766267
10918 0.7335845436
10959 0.7298539099
11040 0.7234551566
11142 0.7222973716
11209 0.7177712508
11348 0.7142019839
11398 0.7137650242
11402 0.7124477373
11438 0.7069684935
11676 0.7059050314
11775 0.7054563676
11848 0.7050704110
11865 0.7045478197
11962 0.7032195026
12003 0.7028956784
12102 0.7017585293
12148 0.7005080937
12225 0.6975073924
12685 0.6972104688
12768 0.6968522804
12775 0.6960352872
12930 0.6955440184
13079 0.6949111943
13093 0.6947437969
13333 0.6942020998
13445 0.6938862147
13521 0.6937157638
13607 0.6935314546
13779 0.6934040610
13799 0.6930888786
13978 0.6928745099
14134 0.6927539650
14204 0.6927337783
14301 0.6927217532
14350 0.6925285807
14434 0.6924931471
14540 0.6924841367
14589 0.6924544714
14629 0.6923764780
14735 0.6923375612
14870 0.6923066287
14945 0.6922954533
14986 0.6921976932
15110 0.6921813968
15269 0.6921584289
15284 0.6921023958
15539 0.6920675027
15686 0.6920642072
15735 0.6920375955
15963 0.6920369906
15996 0.6920054285
15999 0.6919970963
16020 0.6919886717
16132 0.6919633695
16228 0.6919442230
16638 0.6919393245
16681 0.6919147668
16754 0.6919127310
17019 0.6918917066
17083 0.6918900183
17318 0.6918887160
17440 0.6918884217
17556 0.6918877574
17558 0.6918819265
17624 0.6918792441
17755 0.6918759697
17874 0.6918748399
18039 0.6918743385
18054 0.6918733592
18109 0.6918733492
18131 0.6918718441
18172 0.6918714119
18215 0.6918689631
18393 0.6918688425
18422 0.6918652690
18693 0.6918634777
18830 0.6918629587
18891 0.6918626551
19032 0.6918611307
19112 0.6918610921
19274 0.6918608629
19280 0.6918598047
19570 0.6918595938
19706 0.6918594276
19745 0.6918590293
19929 0.6918588263
20008 0.6918587675
20078 0.6918587662
20105 0.6918587639
20206 0.6918587115
20217 0.6918584606
20235 0.6918584248
20298 0.6918583736
20337 0.6918581307
20373 0.6918579070
20626 0.6918578996
20705 0.6918578889
20732 0.6918575996
20917 0.6918575423
21055 0.6918575319
21098 0.6918575312
21136 0.6918575212
21159 0.6918574790
21262 0.6918574278
21315 0.6918573701
21340 0.6918573517
21428 0.6918573462
21462 0.6918573039
21562 0.6918572922
21592 0.6918572811
21615 0.6918572646
21655 0.6918572409
21681 0.6918572253
21698 0.6918571833
21775 0.6918571777
21932 0.6918571738
21951 0.6918571361
22001 0.6918570849
22355 0.6918570446
22365 0.6918570319
22432 0.6918570274
22600 0.6918570253
22622 0.6918570186
22720 0.6918569975
22721 0.6918569974
22812 0.6918569793
23033 0.6918569715
23094 0.6918569628
23474 0.6918569539
23477 0.6918569538
23572 0.6918569507
23676 0.6918569435
23900 0.6918569393
23963 0.6918569354
24107 0.6918569320
24129 0.6918569285
24390 0.6918569283
24443 0.6918569282
24487 0.6918569266
24553 0.6918569264
24596 0.6918569224
24786 0.6918569213
24920 0.6918569210
24998 0.6918569191
25110 0.6918569185
25248 0.6918569176
25268 0.6918569176
25406 0.6918569170
25553 0.6918569168
25636 0.6918569168
25674 0.6918569156
25776 0.6918569152
25865 0.6918569148
26024 0.6918569147
26046 0.6918569140
26116 0.6918569138
26128 0.6918569136
26253 0.6918569130
26487 0.6918569127
26598 0.6918569125
26761 0.6918569125
26908 0.6918569122
26963 0.6918569121
27121 0.6918569121
27185 0.6918569120
27276 0.6918569120
27330 0.6918569120
27382 0.6918569119
27467 0.6918569118
27555 0.6918569117
27768 0.6918569117
27787 0.6918569116
27983 0.6918569116
28031 0.6918569115
28355 0.6918569115
28373 0.6918569115
28380 0.6918569114
28489 0.6918569114
28546 0.6918569114
28549 0.6918569114
28711 0.6918569114
28733 0.6918569114
28743 0.6918569113
28803 0.6918569113
28867 0.6918569113
28928 0.6918569113
29193 0.6918569113
29258 0.6918569113
29365 0.6918569113
29372 0.6918569113
29625 0.6918569113
29714 0.6918569112
29953 0.6918569112
30003 0.6918569112
30098 0.6918569112
30369 0.6918569112
30445 0.6918569112
30519 0.6918569112
30553 0.6918569112
30600 0.6918569112
30625 0.6918569112
30636 0.6918569112
30665 0.6918569112
30703 0.6918569112
30812 0.6918569112
31112 0.6918569112
31218 0.6918569112
31305 0.6918569112
31359 0.6918569112
31391 0.6918569112
31441 0.6918569112
31456 0.6918569112
31549 0.6918569112
31568 0.6918569112
31598 0.6918569112
31697 0.6918569112
31788 0.6918569112
31903 0.6918569112
31937 0.6918569112
32106 0.6918569112
32118 0.6918569112
32400 0.6918569112
32415 0.6918569112
32529 0.6918569112
32560 0.6918569112
32578 0.6918569112
32591 0.6918569112
32947 0.6918569112
33017 0.6918569112
33218 0.6918569112
33301 0.6918569112
33386 0.6918569112
33527 0.6918569112
33579 0.6918569112
33602 0.6918569112
33820 0.6918569112
33966 0.6918569112
33972 0.6918569112
34064 0.6918569112
34214 0.6918569112
34492 0.6918569112
34562 0.6918569112
34579 0.6918569112
34774 0.6918569112
34787 0.6918569112
35074 0.6918569112
35117 0.6918569112
35143 0.6918569112
35229 0.6918569112
35383 0.6918569112
35425 0.6918569112
35507 0.6918569112
35734 0.6918569112
35751 0.6918569112
35930 0.6918569112
35985 0.6918569112
35992 0.6918569112
36152 0.6918569112
36211 0.6918569112
36287 0.6918569112
36616 0.6918569112
36751 0.6918569112
36824 0.6918569112
36991 0.6918569112
37155 0.6918569112
37443 0.6918569112
37747 0.6918569112
38117 0.6918569112
39914 0.6918569112
evaluations raw_y
1 114.4514439336
2 93.0710888597
5 92.3072929703
26 89.6236310470
49 88.3319917748
64 88.1825572962
72 87.1925218644
133 86.7509448816
153 86.5385820364
179 86.4466697792
357 86.0472525831
434 86.0007751903
584 85.9453639482
589 85.8837258671
590 84.7546194461
661 83.3107177678
2800 81.0413210902
3488 78.8711724132
3530 77.0933206093
3676 76.4742040482
3872 76.0861995176
4005 73.4051015025
4052 70.7453122133
4524 67.5707800584
4578 66.1347218790
4922 56.8722526904
5082 55.3005225873
5315 48.7356301744
5366 48.4926146578
5445 48.2632637173
5532 47.5399141738
5534 47.3492197390
5556 40.6342830649
5587 32.5865117920
5722 31.9132178543
6019 31.4411384828
6041 25.6182183852
6123 25.2456889077
6382 20.2515101522
6503 18.7503364320
6537 17.4342702884
6685 14.9739850318
6771 11.6166164299
6908 11.3103991152
6909 9.3852700195
7135 7.7935890364
7458 7.5762306028
7467 7.3390611888
7503 7.1740955191
7531 6.9840171374
7606 6.1226305782
7700 4.0687462395
7892 2.8017128500
8136 2.3414945326
8375 2.1729508247
8457 2.1252607984
8463 2.0295278236
8647 2.0120464690
8741 2.0028048063
8752 1.9512840581
8819 1.9155710331
8860 1.9061137824
8976 1.8505470948
9114 1.7876527651
9277 1.6460630973
9391 1.5557034610
9548 1.4551897277
9664 1.4381177559
9711 1.1307458602
9965 1.0525042984
10097 1.0520389834
10218 1.0269714530
10220 0.9896467282
10312 0.9803377735
10338 0.9502978555
10369 0.9146363836
10565 0.8931517811
10609 0.8495382261
10843 0.8303526648
10861 0.8240243714
10961 0.8138338903
11041 0.8115347903
11145 0.7890159073
11199 0.7817846163
11304 0.7765989614
11391 0.7742937198
11470 0.7696966700
11480 0.7669865706
11505 0.7532321488
11672 0.7476348646
11699 0.7379701186
11908 0.7358150501
11968 0.7307596365
12004 0.7305071927
12011 0.7296799412
12065 0.7267688016
12075 0.7210177382
12229 0.7205563135
12275 0.7194255298
12356 0.7181858145
12414 0.7177502172
12415 0.7173424067
12463 0.7157323582
12557 0.7153091674
12560 0.7134884485
12563 0.7118532174
12584 0.7104035520
12591 0.7096133001
12682 0.7026863070
13105 0.7019175848
13121 0.7011688324
13206 0.7007160248
13303 0.6982868561
13471 0.6978588903
13576 0.6973463903
13596 0.6973038950
13602 0.6972479020
13640 0.6964395084
13813 0.6964169926
13925 0.6958832164
13956 0.6957518291
13981 0.6951762809
14217 0.6951280961
14225 0.6950007001
14246 0.6947299700
14323 0.6947104264
14325 0.6945646608
14375 0.6942485001
14484 0.6939583672
14596 0.6937412376
14621 0.6935968398
14718 0.6934043841
14853 0.6930595918
15226 0.6930544010
15243 0.6930156168
15258 0.6928130573
15329 0.6925540068
15633 0.6925295621
15690 0.6922356053
16198 0.6921741715
16526 0.6921555228
16528 0.6921411407
16625 0.6921400612
16655 0.6921281893
16696 0.6921131222
16700 0.6921113320
16705 0.6921105005
16736 0.6920937080
16795 0.6920791684
16845 0.6920770631
16864 0.6920357944
17073 0.6920287890
17150 0.6919565535
17456 0.6919519291
17642 0.6919468923
17710 0.6919342651
17760 0.6919292850
17815 0.6919287509
17817 0.6919262624
17835 0.6919208154
17868 0.6919201415
17955 0.6919124072
18012 0.6918991317
18389 0.6918946305
18401 0.6918910972
18408 0.6918875471
18497 0.6918834066
18642 0.6918807321
19022 0.6918781256
19051 0.6918778669
19059 0.6918774947
19076 0.6918773927
19100 0.6918767922
19175 0.6918723367
19190 0.6918719757
19210 0.6918709749
19406 0.6918706053
19464 0.6918681335
19598 0.6918666370
19660 0.6918654412
19970 0.6918652789
20020 0.6918640434
20158 0.6918634964
20250 0.6918621077
20411 0.6918616933
20520 0.6918614590
20593 0.6918610541
20694 0.6918609410
20719 0.6918607057
20783 0.6918602728
20796 0.6918600217
20896 0.6918599864
20995 0.6918598455
21008 0.6918597117
21012 0.6918589265
21235 0.6918589117
21260 0.6918587989
21270 0.6918582214
21428 0.6918580823
21675 0.6918580177
21722 0.6918580098
21815 0.6918576891
22082 0.6918576369
22108 0.6918576332
22124 0.6918576325
22137 0.6918575768
22231 0.6918574564
22516 0.6918573223
22589 0.6918572805
22748 0.6918572676
22854 0.6918572105
23032 0.6918572018
23117 0.6918571427
23446 0.6918570893
23732 0.6918570639
23737 0.6918570565
23797 0.6918570527
23843 0.6918570261
24082 0.6918570260
24151 0.6918570023
24318 0.6918569888
24453 0.6918569811
24571 0.6918569806
24584 0.6918569710
24653 0.6918569698
24808 0.6918569543
24928 0.6918569495
24996 0.6918569483
25088 0.6918569481
25183 0.6918569413
25283 0.6918569341
25512 0.6918569305
25737 0.6918569276
25874 0.6918569226
26157 0.6918569224
26233 0.6918569220
26239 0.6918569205
26357 0.6918569204
26460 0.6918569199
26560 0.6918569178
26888 0.6918569175
26921 0.6918569169
26982 0.6918569164
27046 0.6918569164
27150 0.6918569161
27160 0.6918569159
27317 0.6918569151
27343 0.6918569146
27398 0.6918569144
27502 0.6918569143
27546 0.6918569141
27847 0.6918569140
27877 0.6918569136
27946 0.6918569132
27969 0.6918569131
28024 0.6918569129
28080 0.6918569129
28193 0.6918569129
28321 0.6918569126
28479 0.6918569124
28480 0.6918569124
28681 0.6918569123
28744 0.6918569122
28749 0.6918569120
28883 0.6918569120
29037 0.6918569119
29042 0.6918569119
29068 0.6918569118
29125 0.6918569118
29188 0.6918569118
29219 0.6918569118
29265 0.6918569118
29272 0.6918569118
29321 0.6918569117
29410 0.6918569117
29494 0.6918569116
29521 0.6918569116
29625 0.6918569116
29642 0.6918569115
29698 0.6918569115
29706 0.6918569115
29784 0.6918569115
29828 0.6918569115
29882 0.6918569114
30143 0.6918569114
30289 0.6918569114
30300 0.6918569113
30371 0.6918569113
30423 0.6918569113
30556 0.6918569113
30621 0.6918569113
30676 0.6918569113
30704 0.6918569113
30728 0.6918569113
30775 0.6918569113
30906 0.6918569113
31058 0.6918569113
31198 0.6918569113
31238 0.6918569113
31245 0.6918569113
31279 0.6918569113
31289 0.6918569112
31318 0.6918569112
31337 0.6918569112
31611 0.6918569112
31624 0.6918569112
31670 0.6918569112
31869 0.6918569112
31896 0.6918569112
32031 0.6918569112
32046 0.6918569112
32117 0.6918569112
32141 0.6918569112
32202 0.6918569112
32249 0.6918569112
32381 0.6918569112
32508 0.6918569112
32558 0.6918569112
32628 0.6918569112
32763 0.6918569112
32818 0.6918569112
32999 0.6918569112
33096 0.6918569112
33097 0.6918569112
33101 0.6918569112
33185 0.6918569112
33222 0.6918569112
33307 0.6918569112
33418 0.6918569112
33625 0.6918569112
33695 0.6918569112
33780 0.6918569112
33948 0.6918569112
33949 0.6918569112
34187 0.6918569112
34222 0.6918569112
34287 0.6918569112
34347 0.6918569112
34358 0.6918569112
34375 0.6918569112
34529 0.6918569112
34531 0.6918569112
34668 0.6918569112
34683 0.6918569112
34725 0.6918569112
34894 0.6918569112
35362 0.6918569112
35381 0.6918569112
35412 0.6918569112
35585 0.6918569112
35776 0.6918569112
35818 0.6918569112
35883 0.6918569112
35906 0.6918569112
35975 0.6918569112
36004 0.6918569112
36345 0.6918569112
36721 0.6918569112
36854 0.6918569112
36931 0.6918569112
37137 0.6918569112
37383 0.6918569112
37484 0.6918569112
37514 0.6918569112
37549 0.6918569112
38107 0.6918569112
38377 0.6918569112
38838 0.6918569112
39370 0.6918569112
40992 0.6918569112
evaluations raw_y
1 142.6170265163
2 103.2302014053
3 95.3673745353
4 89.5211268484
7 87.3188430908
42 86.5772279106
47 86.5345644747
55 86.4901874799
84 86.4444054219
98 86.4040425740
124 86.1045994461
223 86.0952496414
277 85.6817767528
446 85.6749822873
507 85.6635910982
561 85.5756579177
578 85.2470346087
663 84.9719253416
728 83.8532457477
859 83.1822568528
2205 80.7484435089
2284 80.2768810251
2333 78.7663402842
2443 78.4098422384
2521 77.3632210692
2651 75.1236112941
2719 74.5767025023
2808 71.3214631713
2983 69.8978927828
3132 69.6833577459
3252 68.3789282563
3347 62.5448958088
3764 58.7367995101
3878 49.8702644195
4332 47.7798399419
4401 42.5823615186
4436 37.1148601642
4559 28.1636023425
4972 27.9402665219
5024 24.3535503880
5498 22.8834446799
5563 20.3536552933
6022 17.0057069618
6132 14.9451817069
6215 14.4834687892
6488 14.1262428860
6853 13.1670006442
7035 12.7103377475
7167 12.1924315698
7202 11.9494133972
7300 11.2914056047
7636 11.0190770126
7643 10.7040909626
7653 10.3543276194
7806 10.0886517709
7968 10.0352165723
8139 9.9172868392
8225 9.9157207166
8249 9.8980207567
8258 9.7252457645
8296 9.7119090312
8302 9.5300470484
8471 9.3641701930
8737 9.3500091785
8778 9.3454492567
8780 9.2599847081
8782 9.1944641312
8799 9.1853484225
8976 9.1618152350
8994 9.1414508297
9098 9.0889661366
9381 9.0752449571
9397 9.0615097269
9432 9.0043067746
9505 8.9895266844
9528 8.9434190758
9769 8.9302161531
9833 8.9038681367
9888 8.9035495634
9901 8.9004742748
10054 8.8894444738
10095 8.8876829897
10138 8.8793798344
10181 8.8478278992
10344 8.8458623729
10393 8.8456667264
10421 8.8355191817
10498 8.8289242537
10514 8.8194575716
10676 8.8094258605
10694 8.8009702665
10922 8.7989340669
11184 8.7930520233
11215 8.7838773993
11531 8.7833836293
11565 8.7806940087
11597 8.7742429170
11707 8.7733636718
11730 8.7713123521
11759 8.7689348698
11803 8.7657703928
11933 8.7648257954
11969 8.7641264316
12083 8.7641188615
12147 8.7580799444
12254 8.7567033749
12348 8.7525343798
12636 8.7517035798
12816 8.7513588601
12826 8.7504646277
12840 8.7499666995
12972 8.7493003543
13138 8.7486185991
13184 8.7484245883
13441 8.7481247256
13504 8.7476692011
13646 8.7475580345
13657 8.7471370089
13720 8.7465340342
13810 8.7464554939
13864 8.7463478413
13874 8.7458707944
13997 8.7452700215
14098 8.7450378270
14266 8.7446969969
14458 8.7444625536
14704 8.7440236845
15001 8.7439955425
15251 8.7436647476
15435 8.7436520757
15523 8.7434853151
15629 8.7434047497
15697 8.7433584261
15965 8.7433317683
16015 8.7432905896
16025 8.7432617219
16045 8.7432480125
16055 8.7431789313
16217 8.7431613724
16305 8.7431128692
16393 8.7430795351
16497 8.7430006919
16742 8.7429944515
16885 8.7429710234
16984 8.7429448117
17059 8.7429287051
17255 8.7429129679
17283 8.7429116435
17300 8.7428944264
17392 8.7428868878
17515 8.7428798087
17603 8.7428379887
18037 8.7428246293
18422 8.7428221652
18444 8.7428174305
18595 8.7428097314
18692 8.7428035783
18761 8.7427927516
18799 8.7427822415
19309 8.7427781709
19451 8.7427755522
19508 8.7427748545
19596 8.7427718154
19817 8.7427702468
19829 8.7427695726
19885 8.7427680831
20024 8.7427677775
20035 8.7427654827
20153 8.7427616599
20241 8.7427608540
20387 8.7427601221
20665 8.7427601075
20760 8.7427594763
20785 8.7427565353
21079 8.7427552424
21300 8.7427550939
21307 8.7427548741
21439 8.7427544085
21537 8.7427543912
21618 8.7427540711
21763 8.7427539426
21829 8.7427535216
21927 8.7427534865
22022 8.7427530844
22038 8.7427527948
22082 8.7427527856
22231 8.7427524912
22318 8.7427521547
22498 8.7427520533
22733 8.7427518658
22842 8.7427516448
22901 8.7427515906
23004 8.7427515790
23009 8.7427514544
23091 8.7427512649
23289 8.7427511070
23445 8.7427510309
23644 8.7427510001
23944 8.7427509801
23954 8.7427509630
24025 8.7427509528
24119 8.7427508813
24164 8.7427508426
24200 8.7427508275
24212 8.7427507393
24570 8.7427506648
25053 8.7427506644
25058 8.7427506519
25131 8.7427506425
25137 8.7427506409
25227 8.7427506216
25257 8.7427506128
25379 8.7427505970
25761 8.7427505942
25788 8.7427505873
25814 8.7427505857
25850 8.7427505852
25872 8.7427505685
26026 8.7427505643
26323 8.7427505617
26326 8.7427505612
26513 8.7427505612
26596 8.7427505549
26852 8.7427505544
26963 8.7427505544
27038 8.7427505498
27119 8.7427505472
27313 8.7427505458
27446 8.7427505457
27447 8.7427505420
27767 8.7427505412
27986 8.7427505409
28024 8.7427505403
28031 8.7427505402
28093 8.7427505391
28099 8.7427505385
28164 8.7427505384
28220 8.7427505380
28251 8.7427505377
28401 8.7427505358
28890 8.7427505357
29006 8.7427505353
29008 8.7427505352
29050 8.7427505349
29060 8.7427505349
29066 8.7427505349
29219 8.7427505349
29256 8.7427505342
29393 8.7427505336
29811 8.7427505334
29907 8.7427505333
29946 8.7427505330
30321 8.7427505329
30334 8.7427505329
30454 8.7427505329
30462 8.7427505328
30472 8.7427505327
30537 8.7427505326
30781 8.7427505326
30913 8.7427505326
30923 8.7427505324
31133 8.7427505324
31271 8.7427505323
31669 8.7427505323
31819 8.7427505323
31863 8.7427505323
31897 8.7427505323
31904 8.7427505323
31956 8.7427505322
32043 8.7427505322
32216 8.7427505322
32270 8.7427505322
32378 8.7427505322
32403 8.7427505322
32454 8.7427505322
32712 8.7427505322
32817 8.7427505322
32842 8.7427505321
32943 8.7427505321
33032 8.7427505321
33116 8.7427505321
33286 8.7427505321
33292 8.7427505321
33734 8.7427505321
33766 8.7427505321
33864 8.7427505321
33920 8.7427505321
33926 8.7427505321
33950 8.7427505321
34039 8.7427505321
34239 8.7427505321
34446 8.7427505321
34499 8.7427505321
34611 8.7427505321
34616 8.7427505321
34682 8.7427505321
34717 8.7427505321
34733 8.7427505321
34751 8.7427505321
34795 8.7427505321
34958 8.7427505321
34987 8.7427505321
35353 8.7427505321
35372 8.7427505321
35579 8.7427505321
35811 8.7427505321
36264 8.7427505321
36674 8.7427505321
36887 8.7427505321
36939 8.7427505321
36988 8.7427505321
37126 8.7427505321
37155 8.7427505321
37299 8.7427505321
37388 8.7427505321
37815 8.7427505321
37968 8.7427505321
38019 8.7427505321
38182 8.7427505321
38372 8.7427505321
38539 8.7427505321
38732 8.7427505321
38740 8.7427505321
39332 8.7427505321
39608 8.7427505321
40312 8.7427505321
41857 8.7427505321
evaluations raw_y
1 101.2677596961
10 99.2433505485
11 98.2346577256
16 92.8050368068
22 89.3301220034
81 88.7759014185
83 87.1707232528
86 86.3907330277
122 86.3854367513
159 85.7626810391
260 85.4655322523
277 82.8251149622
521 81.2909153202
558 81.1354400534
683 78.5648091336
2636 77.3106336142
2836 74.7029246119
3215 71.2738310869
4010 69.6090674692
4177 68.7326034847
4337 67.9164927439
4342 67.8778353416
4435 65.3603613166
4657 65.0121497870
4748 62.9474397737
5129 61.3216625218
5217 60.8239799130
5287 59.9337578107
5298 59.3988399784
5399 59.0170564429
5490 57.6453322351
5641 56.5109659964
5760 54.5789177262
5814 54.2842974431
5840 52.5784756321
6079 52.1882724549
6084 51.4703792541
6160 50.0953275589
6478 49.9785106499
6563 49.1327168248
6580 48.3277066643
6676 46.6806647410
6864 46.6765427932
7120 45.7220396940
7393 45.1054023899
7524 45.0676804693
7527 44.9531515844
7620 44.6848604538
7714 44.5024370502
7751 44.4725633368
7820 44.3483997353
7894 44.2409555482
8032 44.1962573924
8037 44.1858473990
8101 44.1738826990
8126 43.8277204945
8234 43.7156362378
8300 43.6249652865
8409 43.5055252031
8684 43.4137322043
8829 43.3821289153
8940 43.3163008053
9044 43.2592903315
9058 43.2424684180
9152 43.2197766423
9164 43.2173421259
9250 43.1999731080
9321 43.1809592999
9336 43.1582080037
9376 43.1514254568
9501 43.1314140654
9611 43.0969564982
9692 43.0966463802
9708 43.0923152940
9847 43.0768750760
9885 43.0751012686
9939 43.0728038864
9950 43.0446909368
10001 43.0166078448
10149 43.0155542146
10225 43.0008628018
10315 42.9753089653
10783 42.9750607124
10828 42.9722651370
10865 42.9602069901
10991 42.9595135430
11055 42.9574591212
11224 42.9479467703
11240 42.9469682489
11353 42.9466225078
11420 42.9370121357
11516 42.9309947316
11978 42.9305155389
12034 42.9299691683
12093 42.9298141261
12119 42.9274765808
12142 42.9242691424
12204 42.9241733630
12243 42.9216821979
12257 42.9203632767
12382 42.9175212856
12538 42.9149791118
12812 42.9142640338
12915 42.9142483215
12982 42.9138744400
13064 42.9129681057
13069 42.9127836435
13187 42.9126453143
13266 42.9119083832
13445 42.9113708047
13538 42.9106924479
13660 42.9104582510
13666 42.9103030923
13894 42.9100816846
13935 42.9098235724
13988 42.9097819265
13995 42.9095784768
14064 42.9093980518
14183 42.9091499627
14291 42.9090150535
14294 42.9088499536
14408 42.9083541659
14693 42.9083188704
14771 42.9082811629
14911 42.9082361983
14912 42.9081453591
15187 42.9079857784
15280 42.9079371891
15377 42.9077910541
15380 42.9077889722
15525 42.9077747645
15596 42.9077548790
15601 42.9077097676
15679 42.9076703018
15766 42.9075318328
16121 42.9075005979
16143 42.9074949799
16197 42.9074701639
16326 42.9074390734
16401 42.9074017885
16505 42.9073623795
16752 42.9073487417
16942 42.9073462030
16978 42.9073426749
17005 42.9073417358
17024 42.9073337568
17073 42.9073282131
17115 42.9073104961
17208 42.9073077771
17258 42.9072989772
17402 42.9072967878
17496 42.9072960752
17513 42.9072951313
17577 42.9072926196
17653 42.9072911984
17675 42.9072720327
17832 42.9072638189
18078 42.9072595540
18132 42.9072591569
18230 42.9072540317
18318 42.9072520145
18418 42.9072504401
18482 42.9072482270
18548 42.9072478865
18647 42.9072468112
18649 42.9072438396
18887 42.9072421303
18894 42.9072415421
18904 42.9072410956
18974 42.9072409055
19051 42.9072407924
19101 42.9072398722
19191 42.9072397645
19264 42.9072393155
19322 42.9072375918
19449 42.9072344538
19721 42.9072341807
19820 42.9072337929
19912 42.9072332997
20059 42.9072331774
20081 42.9072323679
20189 42.9072322950
20221 42.9072322697
20258 42.9072320626
20366 42.9072317473
20460 42.9072315201
20563 42.9072315187
20676 42.9072308205
20958 42.9072306737
20978 42.9072305838
21001 42.9072305678
21186 42.9072305087
21257 42.9072304179
21341 42.9072303808
21365 42.9072303585
21464 42.9072302033
21536 42.9072301312
21616 42.9072300621
21717 42.9072299486
21744 42.9072298484
22029 42.9072297924
22130 42.9072297689
22182 42.9072297488
22227 42.9072297174
22364 42.9072296652
22382 42.9072296406
22454 42.9072296345
22458 42.9072295906
22472 42.9072295828
22543 42.9072295768
22607 42.9072295492
22621 42.9072294988
22690 42.9072294628
22878 42.9072294390
23017 42.9072293930
23030 42.9072293767
23071 42.9072293604
23425 42.9072293569
23559 42.9072293262
23597 42.9072293156
23831 42.9072293046
23878 42.9072293042
23977 42.9072292961
24069 42.9072292953
24089 42.9072292948
24181 42.9072292933
24198 42.9072292928
24261 42.9072292863
24264 42.9072292844
24327 42.9072292788
24445 42.9072292778
24542 42.9072292704
24728 42.9072292690
24804 42.9072292630
24901 42.9072292614
24966 42.9072292609
25035 42.9072292592
25085 42.9072292587
25093 42.9072292586
25167 42.9072292555
25171 42.9072292546
25248 42.9072292508
25396 42.9072292498
25414 42.9072292482
25463 42.9072292467
25765 42.9072292454
25779 42.9072292448
25809 42.9072292441
25876 42.9072292439
25955 42.9072292432
25957 42.9072292427
26075 42.9072292422
26128 42.9072292379
26720 42.9072292377
26733 42.9072292377
26802 42.9072292376
26822 42.9072292371
26848 42.9072292371
26895 42.9072292364
27087 42.9072292363
27149 42.9072292354
27245 42.9072292349
27351 42.9072292347
27620 42.9072292347
27630 42.9072292340
27808 42.9072292339
27819 42.9072292337
27969 42.9072292337
28077 42.9072292336
28260 42.9072292335
28261 42.9072292334
28268 42.9072292334
28453 42.9072292332
28798 42.9072292332
28818 42.9072292330
29129 42.9072292330
29170 42.9072292329
29184 42.9072292329
29306 42.9072292328
29442 42.9072292328
29496 42.9072292328
29528 42.9072292328
29653 42.9072292328
29768 42.9072292327
29887 42.9072292327
30022 42.9072292327
30142 42.9072292326
30385 42.9072292326
30850 42.9072292326
30928 42.9072292326
30934 42.9072292326
31170 42.9072292326
31177 42.9072292326
31218 42.9072292326
31277 42.9072292326
31347 42.9072292326
31368 42.9072292326
31468 42.9072292325
31627 42.9072292325
31722 42.9072292325
31736 42.9072292325
31858 42.9072292325
31904 42.9072292325
32127 42.9072292325
32340 42.9072292325
32351 42.9072292325
32433 42.9072292325
32447 42.9072292325
32552 42.9072292325
32564 42.9072292325
32713 42.9072292325
32920 42.9072292325
33060 42.9072292325
33124 42.9072292325
33306 42.9072292325
33340 42.9072292325
33513 42.9072292325
33530 42.9072292325
33649 42.9072292325
33773 42.9072292325
33959 42.9072292325
34142 42.9072292325
34157 42.9072292325
34334 42.9072292325
34384 42.9072292325
34629 42.9072292325
34891 42.9072292325
34960 42.9072292325
34984 42.9072292325
35097 42.9072292325
35593 42.9072292325
35804 42.9072292325
36056 42.9072292325
37108 42.9072292325
38826 42.9072292325
evaluations raw_y
1 102.5458115847
2 97.5710780379
5 92.7887485278
9 88.3506870459
14 86.2788652971
107 86.1279216981
180 85.7748435617
213 85.7362574003
252 85.7165942193
284 84.3876950352
374 83.9550096292
465 79.9169084983
845 79.6174345519
857 79.5408754143
971 77.8617041529
2514 74.4003034660
2604 74.2853058927
2787 72.9738214038
2869 72.8126281659
2952 72.0350902544
3285 71.6187696609
3498 69.1042237296
3534 68.5860838730
3822 64.2440823848
4254 63.8614466413
4301 63.2921968146
4382 61.2215363004
4437 60.9386613880
4460 58.3544071528
4757 54.2150440907
4937 53.7299571595
5136 52.2861315809
5222 51.7661519673
5225 47.4030920161
5483 43.9721394433
5771 42.3969512460
5941 41.4767546389
5991 40.3838323351
6204 40.3222257858
6224 38.5898716161
6228 36.8256878357
6537 36.4418105820
6770 36.3526260410
6782 35.7798702694
6900 35.0416692206
6933 34.7126449839
7166 34.6943784874
7254 34.2380855735
7345 34.1560966009
7426 34.1555143673
7428 33.9983374036
7438 33.9828207331
7465 33.4615387903
7486 33.2229500985
7598 33.2163678320
7686 33.0445609996
7726 32.4463639343
7791 31.7725043651
8130 31.6652021583
8205 31.6231675503
8306 31.5909584308
8340 31.2722890633
8344 31.2020585832
8396 31.0645870736
8434 30.9117524867
8568 30.8591650566
8583 30.7875803592
8874 30.5879601394
9142 30.5853976955
9264 30.5595765636
9330 30.5097663340
9401 30.4155851994
9635 30.3913037900
9672 30.3600893876
9853 30.2986490960
10350 30.2938976164
10382 30.2899763532
10409 30.2799918651
10494 30.2747007961
10568 30.2745009184
10621 30.2568256904
10635 30.2000140081
10765 30.1969915042
10772 30.1968552591
10857 30.1602029050
11313 30.1525171648
11407 30.1461640642
11544 30.1404731517
11648 30.1388299771
11670 30.1349343939
11790 30.1160759553
11923 30.1124603240
12239 30.1105867651
12311 30.1091826677
12360 30.1057552099
12366 30.1051894187
12503 30.1026314719
12687 30.1003653918
12729 30.0996966894
12802 30.0974671994
12814 30.0932973249
13183 30.0905722962
13357 30.0902324994
13710 30.0900710914
13802 30.0889068883
13813 30.0887874651
13885 30.0887636623
13898 30.0887318320
13899 30.0885288168
14027 30.0880930606
14045 30.0880156226
14093 30.0870096708
14177 30.0867664986
14292 30.0860918274
14308 30.0858505481
14328 30.0851839320
14514 30.0839859925
15110 30.0839745850
15192 30.0838795400
15207 30.0838251060
15226 30.0836302665
15377 30.0831947560
15765 30.0831164011
15854 30.0831024855
15893 30.0829773107
15935 30.0827559055
16292 30.0827537092
16296 30.0826173737
16686 30.0826100662
16912 30.0825590637
16961 30.0825357995
17046 30.0825138151
17059 30.0824613573
17253 30.0824374601
17416 30.0824224312
17418 30.0824175949
17424 30.0823904736
17499 30.0823853342
17675 30.0823794320
17731 30.0823479145
17825 30.0823474544
17953 30.0823303376
18064 30.0823201965
18146 30.0823134291
18224 30.0823117504
18307 30.0822884714
18581 30.0822876614
18668 30.0822842183
18755 30.0822799697
18799 30.0822717024
18917 30.0822568596
19165 30.0822527906
19304 30.0822450209
19468 30.0822389945
19568 30.0822361603
19802 30.0822353227
19844 30.0822345179
19891 30.0822306132
19967 30.0822288027
20001 30.0822285785
20103 30.0822285240
20180 30.0822259617
20426 30.0822253103
20461 30.0822252390
20500 30.0822237317
20550 30.0822232617
20573 30.0822218723
20667 30.0822210922
20751 30.0822201308
20821 30.0822198565
20838 30.0822193840
20951 30.0822187681
21007 30.0822175624
21181 30.0822173617
21265 30.0822165002
21516 30.0822158446
21532 30.0822155643
21626 30.0822152432
21757 30.0822152158
21866 30.0822151619
21927 30.0822150128
21951 30.0822148838
21955 30.0822148508
21975 30.0822142463
22117 30.0822140524
22194 30.0822139671
22307 30.0822138886
22387 30.0822137644
22388 30.0822136959
22417 30.0822136944
22442 30.0822136619
22489 30.0822136280
22570 30.0822134298
22577 30.0822134001
22636 30.0822132275
22696 30.0822130122
22731 30.0822126152
22970 30.0822125810
22990 30.0822121133
23437 30.0822120564
23567 30.0822119412
23786 30.0822118786
23954 30.0822118737
23986 30.0822118490
24017 30.0822117567
24199 30.0822117504
24336 30.0822117387
24402 30.0822117269
24411 30.0822117062
24446 30.0822116888
24461 30.0822116884
24492 30.0822116549
24505 30.0822116364
24507 30.0822116101
24663 30.0822115861
24674 30.0822115767
24692 30.0822115579
24754 30.0822115265
25001 30.0822115226
25013 30.0822114972
25126 30.0822114828
25249 30.0822114766
25296 30.0822114761
25339 30.0822114687
25404 30.0822114655
25434 30.0822114575
25500 30.0822114393
25506 30.0822114038
25860 30.0822113964
26167 30.0822113960
26193 30.0822113876
26329 30.0822113867
26354 30.0822113834
26514 30.0822113733
26689 30.0822113722
26733 30.0822113688
26757 30.0822113569
27009 30.0822113541
27209 30.0822113538
27401 30.0822113534
27416 30.0822113529
27431 30.0822113482
27524 30.0822113480
27712 30.0822113477
27795 30.0822113458
27841 30.0822113454
27940 30.0822113453
27999 30.0822113430
28070 30.0822113425
28182 30.0822113419
28222 30.0822113409
28250 30.0822113405
28262 30.0822113385
28450 30.0822113385
28526 30.0822113384
28725 30.0822113375
28910 30.0822113368
28923 30.0822113364
29102 30.0822113364
29178 30.0822113362
29353 30.0822113361
29420 30.0822113358
29455 30.0822113354
29730 30.0822113352
29884 30.0822113350
29931 30.0822113350
30002 30.0822113347
30099 30.0822113347
30108 30.0822113346
30283 30.0822113345
30381 30.0822113343
30634 30.0822113343
30672 30.0822113343
30675 30.0822113342
30743 30.0822113342
30799 30.0822113342
30880 30.0822113341
31091 30.0822113340
31103 30.0822113340
31121 30.0822113340
31189 30.0822113340
31276 30.0822113340
31387 30.0822113339
31423 30.0822113339
31480 30.0822113338
31615 30.0822113338
31724 30.0822113338
31997 30.0822113338
32110 30.0822113338
32215 30.0822113337
32533 30.0822113337
32779 30.0822113337
32793 30.0822113337
32940 30.0822113337
33058 30.0822113337
33185 30.0822113337
33299 30.0822113337
33314 30.0822113337
33376 30.0822113337
33409 30.0822113337
33523 30.0822113337
33567 30.0822113336
33660 30.0822113336
33677 30.0822113336
33777 30.0822113336
33939 30.0822113336
33963 30.0822113336
34120 30.0822113336
34169 30.0822113336
34221 30.0822113336
34367 30.0822113336
34399 30.0822113336
34603 30.0822113336
34626 30.0822113336
34845 30.0822113336
34915 30.0822113336
35000 30.0822113336
35058 30.0822113336
35164 30.0822113336
35248 30.0822113336
35260 30.0822113336
35496 30.0822113336
35540 30.0822113336
35569 30.0822113336
35624 30.0822113336
35648 30.0822113336
35793 30.0822113336
35804 30.0822113336
35813 30.0822113336
36001 30.0822113336
36139 30.0822113336
36209 30.0822113336
36218 30.0822113336
36238 30.0822113336
36337 30.0822113336
36673 30.0822113336
37109 30.0822113336
37194 30.0822113336
37216 30.0822113336
37307 30.0822113336
37345 30.0822113336
37378 30.0822113336
37516 30.0822113336
37739 30.0822113336
37871 30.0822113336
38001 30.0822113336
38057 30.0822113336
38226 30.0822113336
38308 30.0822113336
38370 30.0822113336
38615 30.0822113336
38651 30.0822113336
38654 30.0822113336
39043 30.0822113336
39217 30.0822113336
39568 30.0822113336
39899 30.0822113336
40335 30.0822113336
42049 30.0822113336
evaluations raw_y
1 108.1085266727
2 86.9709849948
9 86.4724131323
49 86.1572370363
82 86.0757164444
130 85.8799557771
145 85.8298178987
170 84.9444303724
327 84.1578556607
370 83.5611324749
488 81.0631684894
711 78.1160146693
2245 75.2642625696
2362 74.9382206697
2415 68.1993141843
3064 66.0323097470
3425 65.5538925866
3596 64.5103035595
3735 63.5651884888
3920 63.3753359161
3936 63.1074990088
4015 62.8376555712
4032 59.6922557467
4129 58.4519179662
4131 56.9359573685
4228 54.8297825760
4278 53.8283781541
4319 51.9659687921
4367 49.8314934848
4409 47.9830765682
4477 47.2220886649
4566 46.5130040346
4734 43.6257353752
4782 35.1145807272
5151 34.7617693179
5158 33.7189797566
5206 33.4216887889
5291 32.3888561292
5435 29.2646959151
5672 28.6289905226
5772 28.3469846095
5792 28.0823361911
5807 27.2222181780
6028 26.8657759298
6075 26.0752328204
6077 26.0048284173
6179 25.8085862845
6266 25.5328710853
6298 25.4439457097
6417 24.8988152987
6495 24.6696051990
6613 23.9995369766
6654 23.5741960029
7088 23.4941694285
7138 23.1913322827
7217 23.0629282849
7262 22.8461756304
7500 22.7446423672
7519 22.6550154115
7804 22.5426962438
7882 22.4345138574
8191 22.4158458567
8193 22.3430002663
8233 22.1742875503
8442 22.1581802644
8526 22.1070424885
8652 22.0951071483
8653 22.0920284003
8690 22.0563093146
8928 22.0435276763
8962 21.9999036081
9102 21.9991443920
9139 21.9670262603
9158 21.9566278616
9336 21.8693141339
10081 21.8582552884
10160 21.8566562528
10175 21.8379117203
10279 21.8371939601
10355 21.8365159934
10419 21.8337958750
10523 21.8306969161
10551 21.8236859194
10691 21.8172492099
10953 21.8125599610
10975 21.8025185650
11425 21.8019996355
11453 21.8019893882
11468 21.7990415176
11470 21.7981808660
11494 21.7956391981
11645 21.7944172491
11654 21.7937800179
11862 21.7928620607
11928 21.7917438565
11969 21.7911266091
12000 21.7903394064
12164 21.7900189802
12275 21.7899630410
12288 21.7899348478
12297 21.7869814820
12444 21.7853633055
12739 21.7847567687
12753 21.7844461579
12896 21.7844235003
13018 21.7842037948
13038 21.7840857275
13169 21.7830697428
13228 21.7829651059
13309 21.7825383222
13373 21.7824980522
13405 21.7823295408
13410 21.7821333282
13494 21.7820216927
13569 21.7815581302
13628 21.7815360000
13660 21.7815159759
13716 21.7814082136
13724 21.7813614553
13742 21.7813396409
13833 21.7811779860
13911 21.7807458266
13933 21.7804273525
14444 21.7803262911
14488 21.7802142146
14623 21.7801960862
14693 21.7799807421
14958 21.7798799239
15120 21.7798452243
15477 21.7796961728
15850 21.7796882463
15877 21.7796756037
15979 21.7796625578
16035 21.7796576497
16061 21.7796286775
16068 21.7796245677
16215 21.7796168938
16257 21.7795958414
16309 21.7795750449
16427 21.7795676056
16581 21.7795552908
16590 21.7795457058
16669 21.7795380262
16976 21.7795355193
16988 21.7795304610
17025 21.7795217033
17209 21.7795177157
17258 21.7795170456
17260 21.7794975366
17725 21.7794875515
17930 21.7794841254
18234 21.7794839274
18351 21.7794831973
18416 21.7794793700
18524 21.7794778856
18684 21.7794770149
18699 21.7794746680
18789 21.7794743548
18860 21.7794736336
18920 21.7794732279
18960 21.7794724307
18999 21.7794714408
19031 21.7794710026
19085 21.7794704451
19142 21.7794696981
19301 21.7794694687
19371 21.7794672902
19523 21.7794669866
19658 21.7794668518
19692 21.7794666246
19707 21.7794664525
19730 21.7794656331
19844 21.7794650659
20023 21.7794648420
20183 21.7794644947
20352 21.7794643409
20356 21.7794641001
20365 21.7794639293
20536 21.7794638599
20610 21.7794637205
20723 21.7794636485
20724 21.7794635071
20810 21.7794632938
20923 21.7794630816
20954 21.7794630775
21029 21.7794630447
21159 21.7794629283
21208 21.7794628975
21256 21.7794628660
21355 21.7794628357
21366 21.7794627712
21380 21.7794626676
21547 21.7794626070
21643 21.7794625749
21732 21.7794625103
21918 21.7794624893
21930 21.7794624144
21935 21.7794624138
21952 21.7794623800
22012 21.7794623702
22056 21.7794623655
22067 21.7794623510
22110 21.7794622847
22400 21.7794622750
22460 21.7794622563
22487 21.7794622193
22716 21.7794621967
22734 21.7794621782
22944 21.7794621572
23136 21.7794621428
23191 21.7794621321
23389 21.7794621272
23392 21.7794621005
23543 21.7794620850
23577 21.7794620795
23700 21.7794620773
23714 21.7794620747
23861 21.7794620649
23936 21.7794620471
24162 21.7794620416
24220 21.7794620311
24400 21.7794620283
24488 21.7794620270
24535 21.7794620264
24581 21.7794620254
24585 21.7794620250
24830 21.7794620200
24834 21.7794620151
24943 21.7794620126
25041 21.7794620103
25066 21.7794620100
25505 21.7794620090
25634 21.7794620088
25664 21.7794620087
25696 21.7794620086
25705 21.7794620084
25795 21.7794620079
25824 21.7794620077
25870 21.7794620048
25926 21.7794620046
26105 21.7794620046
26155 21.7794620039
26169 21.7794620035
26233 21.7794620027
26246 21.7794620021
26512 21.7794620017
26525 21.7794620012
26569 21.7794620007
26647 21.7794620005
26665 21.7794620003
26708 21.7794620001
26725 21.7794619996
26974 21.7794619993
26980 21.7794619991
27130 21.7794619986
27405 21.7794619983
27528 21.7794619983
27552 21.7794619981
27752 21.7794619980
27802 21.7794619978
27893 21.7794619976
28088 21.7794619976
28146 21.7794619975
28196 21.7794619974
28266 21.7794619973
28446 21.7794619972
28558 21.7794619972
28657 21.7794619972
28659 21.7794619971
28670 21.7794619970
28671 21.7794619970
28792 21.7794619970
28919 21.7794619970
28938 21.7794619969
29014 21.7794619969
29147 21.7794619968
29268 21.7794619968
29341 21.7794619968
29375 21.7794619968
29437 21.7794619968
29509 21.7794619967
29520 21.7794619967
29607 21.7794619967
29623 21.7794619967
29690 21.7794619967
29789 21.7794619967
29917 21.7794619967
29922 21.7794619966
29941 21.7794619966
29964 21.7794619966
30138 21.7794619966
30195 21.7794619966
30263 21.7794619966
30462 21.7794619965
30654 21.7794619965
30819 21.7794619965
30865 21.7794619965
31033 21.7794619965
31053 21.7794619965
31199 21.7794619965
31302 21.7794619965
31398 21.7794619965
31477 21.7794619965
31637 21.7794619965
31652 21.7794619965
31700 21.7794619965
31703 21.7794619965
31766 21.7794619965
31900 21.7794619965
31921 21.7794619965
32026 21.7794619965
32050 21.7794619965
32121 21.7794619965
32211 21.7794619965
32278 21.7794619965
32310 21.7794619965
32421 21.7794619965
32459 21.7794619965
32522 21.7794619965
32640 21.7794619965
32689 21.7794619965
32717 21.7794619965
32856 21.7794619965
32899 21.7794619965
32902 21.7794619965
32932 21.7794619965
33213 21.7794619965
33312 21.7794619965
33387 21.7794619965
33416 21.7794619965
33531 21.7794619965
33617 21.7794619965
33632 21.7794619965
33664 21.7794619965
34027 21.7794619965
34282 21.7794619965
34325 21.7794619965
34426 21.7794619965
34571 21.7794619965
34614 21.7794619965
34822 21.7794619965
34937 21.7794619965
35161 21.7794619965
35406 21.7794619965
35805 21.7794619965
35961 21.7794619965
36280 21.7794619965
36551 21.7794619965
37050 21.7794619965
38559 21.7794619965
39391 21.7794619965
evaluations raw_y
1 98.4951496076
2 94.8023715823
28 88.6900048679
48 88.4639477969
102 87.7701114682
127 87.1798864243
200 87.0236730767
217 86.9271317138
276 86.7013957863
280 86.6773794218
293 86.2651477851
359 85.9475114077
380 85.8161115122
539 85.6737633825
576 85.5141392237
603 85.3900695176
684 83.4730342077
1116 81.8793300479
3020 81.7334635305
3029 80.3449756703
3047 75.7202623369
3126 74.1331431244
3327 71.9031039022
3452 70.0284009085
3638 67.6512062164
4129 67.2812950145
4379 63.6541006171
4612 57.5308619841
4792 50.6678881630
4928 48.6124106688
5043 44.2813009424
5050 44.1567239407
5093 42.8042047962
5238 27.3352150786
5598 25.3717868757
5634 21.3338586908
5914 19.2614323213
6027 16.0397093772
6181 15.2189549318
6357 14.4354387299
6483 13.2108574221
6705 10.8437196594
6976 10.5119882840
7037 10.1075055787
7041 9.8030711563
7127 9.6085952250
7144 9.5604293587
7148 9.4624562480
7167 9.0633807967
7248 8.8997524931
7333 8.7467220812
7374 8.6353771969
7420 7.8400905726
7472 7.7486834405
7669 7.6930795064
7769 7.6515680058
7824 7.6020803686
7847 7.4393365019
7860 7.3891863255
7917 7.3372701691
7921 7.1773856828
7939 7.0841862121
7991 6.9058431892
8006 6.7231382902
8119 6.5439252426
8474 6.4212108720
8610 6.3781213962
8619 6.3668521161
8687 6.3218619520
8695 6.2936274217
8727 6.2851092763
8734 6.1575847871
8738 6.0075930419
8785 5.9977028651
8985 5.8719659636
8994 5.8222582861
9284 5.6805810014
9301 5.6752783702
9388 5.5587395474
9496 5.5561862373
9608 5.4710571589
9759 5.4184631426
9900 5.3580007929
9927 5.3485357692
10096 5.3418484227
10128 5.3267376395
10190 5.3080457363
10236 5.3078268665
10262 5.3046837449
10275 5.2930528601
10308 5.2308354111
10473 5.2200930017
10708 5.2132048546
10763 5.2053386233
10808 5.1844826664
10880 5.1783091248
10931 5.1729796897
11023 5.1717785271
11059 5.1523855803
11207 5.1485541470
11311 5.1461006991
11314 5.1382549071
11372 5.1305619289
11441 5.1262327890
11459 5.1247206535
11531 5.1213968883
11562 5.1140114744
11632 5.0981426625
12139 5.0943731811
12217 5.0904434351
12275 5.0834204858
12563 5.0789641389
12789 5.0756370083
12977 5.0736375788
13112 5.0722223212
13308 5.0719478593
13434 5.0713830438
13506 5.0707797402
13560 5.0707559955
13619 5.0707087872
13670 5.0698861880
13789 5.0681788047
13892 5.0670349888
14152 5.0665128799
14258 5.0650719335
14767 5.0650347836
14900 5.0644227862
14943 5.0642213698
15182 5.0637393101
15451 5.0636412726
15509 5.0636186278
15556 5.0635903593
15742 5.0635344243
15745 5.0634397196
15889 5.0633158009
16065 5.0632917000
16187 5.0632026239
16286 5.0631847113
16396 5.0631500866
16413 5.0631081526
16565 5.0630769410
16589 5.0630702705
16593 5.0630287406
16691 5.0629747702
16973 5.0629524609
17003 5.0629485581
17011 5.0629182197
17278 5.0629131418
17319 5.0628976087
17372 5.0628885706
17472 5.0628787038
17561 5.0628489153
17675 5.0628427714
17723 5.0628272461
18059 5.0628180761
18217 5.0627939513
18641 5.0627830341
18784 5.0627760969
18785 5.0627739060
18940 5.0627733121
19025 5.0627710046
19029 5.0627670193
19055 5.0627658339
19211 5.0627631852
19212 5.0627623453
19425 5.0627603831
19488 5.0627579816
19551 5.0627550675
19632 5.0627538091
19705 5.0627524106
19855 5.0627487259
19865 5.0627487092
19893 5.0627480314
20028 5.0627466280
20234 5.0627462369
20318 5.0627452185
20440 5.0627450641
20476 5.0627444968
20547 5.0627441822
20565 5.0627432582
20641 5.0627424289
20775 5.0627420189
20937 5.0627419757
20967 5.0627417331
21095 5.0627413245
21171 5.0627412494
21242 5.0627410350
21274 5.0627399932
21620 5.0627399161
21692 5.0627395418
21749 5.0627395107
21788 5.0627391784
21940 5.0627390256
21993 5.0627386799
22051 5.0627386559
22058 5.0627385060
22366 5.0627382780
22665 5.0627379247
22897 5.0627378595
23257 5.0627378593
23298 5.0627378464
23358 5.0627377970
23536 5.0627377305
23752 5.0627377259
23851 5.0627377213
23902 5.0627376904
23916 5.0627376845
24012 5.0627376276
24077 5.0627376256
24321 5.0627376036
24395 5.0627375984
24398 5.0627375952
24400 5.0627375890
24454 5.0627375616
24564 5.0627375495
24662 5.0627375482
24753 5.0627375472
24811 5.0627375461
24841 5.0627375265
24881 5.0627375219
24940 5.0627375135
25039 5.0627375094
25097 5.0627375025
25420 5.0627374980
25636 5.0627374963
25765 5.0627374890
25873 5.0627374865
25967 5.0627374862
26008 5.0627374803
26227 5.0627374801
26240 5.0627374794
26241 5.0627374785
26329 5.0627374775
26452 5.0627374730
26501 5.0627374720
26502 5.0627374702
26623 5.0627374690
26758 5.0627374673
26851 5.0627374669
26915 5.0627374659
26985 5.0627374643
27134 5.0627374642
27247 5.0627374639
27268 5.0627374623
27438 5.0627374617
27454 5.0627374616
27620 5.0627374614
27642 5.0627374612
27707 5.0627374612
27726 5.0627374611
27751 5.0627374609
27795 5.0627374598
27877 5.0627374596
28081 5.0627374592
28171 5.0627374590
28275 5.0627374586
28293 5.0627374583
28353 5.0627374581
28469 5.0627374581
28601 5.0627374580
28622 5.0627374578
28650 5.0627374578
28884 5.0627374575
29193 5.0627374574
29234 5.0627374574
29321 5.0627374573
29337 5.0627374573
29468 5.0627374573
29580 5.0627374570
29731 5.0627374569
30012 5.0627374569
30042 5.0627374569
30166 5.0627374568
30225 5.0627374568
30290 5.0627374568
30291 5.0627374568
30338 5.0627374568
30454 5.0627374568
30471 5.0627374568
30483 5.0627374567
30520 5.0627374567
30702 5.0627374566
30798 5.0627374566
30894 5.0627374566
31126 5.0627374566
31187 5.0627374566
31267 5.0627374566
31344 5.0627374566
31362 5.0627374565
31463 5.0627374565
31495 5.0627374565
31630 5.0627374565
31858 5.0627374565
32165 5.0627374565
32241 5.0627374565
32286 5.0627374565
32295 5.0627374565
32298 5.0627374565
32346 5.0627374565
32408 5.0627374565
32445 5.0627374565
32653 5.0627374565
32797 5.0627374565
33115 5.0627374564
33237 5.0627374564
33324 5.0627374564
33408 5.0627374564
33581 5.0627374564
33767 5.0627374564
33959 5.0627374564
34044 5.0627374564
34102 5.0627374564
34154 5.0627374564
34347 5.0627374564
34424 5.0627374564
34435 5.0627374564
34449 5.0627374564
34493 5.0627374564
34611 5.0627374564
34626 5.0627374564
34695 5.0627374564
34721 5.0627374564
34951 5.0627374564
35497 5.0627374564
35669 5.0627374564
35688 5.0627374564
35692 5.0627374564
35768 5.0627374564
35790 5.0627374564
35877 5.0627374564
35930 5.0627374564
36048 5.0627374564
36190 5.0627374564
36307 5.0627374564
36411 5.0627374564
36472 5.0627374564
36785 5.0627374564
36895 5.0627374564
37204 5.0627374564
37535 5.0627374564
37893 5.0627374564
38387 5.0627374564
39264 5.0627374564
40917 5.0627374564
evaluations raw_y
1 109.1072277061
2 91.1130890886
25 88.7298717756
39 87.2286551601
44 87.0155314805
47 86.5518523257
117 86.4015115264
175 85.9345048421
210 85.9179403566
299 84.0777945003
575 82.8272090065
818 82.6757145602
946 82.3704617660
994 79.7048115947
1074 73.5853453668
2398 71.0448656293
2594 69.7099005351
2869 67.4371878559
3249 66.5485362656
3275 64.0806493219
3309 63.7768442253
3411 59.9317347777
3513 41.2592247838
3839 36.1100168378
3983 35.8427844279
4045 35.7937236377
4145 27.1351891460
4357 25.0020129708
4502 20.7527052993
4610 17.8829207641
4958 17.3508516277
5040 15.6220989510
5140 15.2407020978
5161 14.5117728001
5240 13.9031730963
5255 10.0211023430
5323 9.5790395269
5392 8.3822435877
5452 7.7885457284
5453 7.7125611441
5615 7.4758917128
5667 5.5219492279
5985 5.4955594635
6050 4.3347210489
6056 3.9552527217
6060 3.7791330855
6234 3.7692169454
6269 2.6722074340
6357 2.6160680188
6376 2.4540490853
6636 2.4253507549
6703 2.3078141609
6762 2.1104152624
6936 2.0896864745
6955 2.0891140467
6992 2.0240640366
7155 1.9914784106
7251 1.9775813722
7369 1.9670619509
7422 1.9554156681
7431 1.8876881915
7515 1.8646151335
7553 1.7834636503
7570 1.6824618651
7787 1.4406065948
8133 1.4173613777
8196 1.3807290060
8197 1.2895959346
8208 1.1159336426
8670 1.1082729223
8677 1.1072482242
8704 1.0825151635
8717 1.0538871092
8755 0.9228515668
8869 0.8669061659
9137 0.8488475523
9208 0.8487602532
9215 0.8483327458
9381 0.8383102444
9390 0.8313215969
9411 0.8005451642
9749 0.7977554458
9762 0.7960943864
9799 0.7951548414
9816 0.7946361950
9835 0.7927904513
9877 0.7885568346
9948 0.7675328033
9979 0.7656489654
10006 0.7638655921
10126 0.7609980757
10128 0.7481280250
10324 0.7405931357
10405 0.7274666410
10689 0.7273323129
10690 0.7242144510
10827 0.7224594426
10943 0.7184711697
10977 0.7152538807
11067 0.7148386070
11092 0.7142640060
11135 0.7110513384
11222 0.7090227376
11426 0.7058359067
11512 0.7043766891
11722 0.7040201050
11731 0.7038033471
11741 0.7032530532
11763 0.7031661243
11787 0.7030541737
11842 0.7014338249
11944 0.7010380330
11969 0.6990801978
12349 0.6985761346
12351 0.6984474473
12417 0.6982263891
12447 0.6981064745
12468 0.6966203596
12535 0.6965967875
12638 0.6965880777
12715 0.6961597687
12725 0.6960969778
12784 0.6958394894
12788 0.6957232526
12882 0.6954579093
12916 0.6952061666
13015 0.6950846055
13083 0.6949947200
13167 0.6946152084
13177 0.6942825335
13260 0.6942535308
13358 0.6940317949
13399 0.6939213807
13513 0.6939101396
13528 0.6937477801
13560 0.6935277854
13606 0.6930976761
13924 0.6929461731
13998 0.6928588699
14028 0.6927526509
14171 0.6927013488
14345 0.6924842346
14572 0.6923834979
14721 0.6923653079
14730 0.6923429074
14850 0.6922802951
14915 0.6922613158
15004 0.6922320215
15096 0.6922002709
15133 0.6921794978
15161 0.6921625814
15206 0.6921161308
15271 0.6920246510
15594 0.6919721512
15947 0.6919615023
16155 0.6919549997
16233 0.6919516479
16283 0.6919346050
16415 0.6919248813
16619 0.6919158169
16798 0.6919150647
16827 0.6919094498
16988 0.6918934497
17161 0.6918919707
17253 0.6918910303
17260 0.6918881384
17291 0.6918874874
17324 0.6918858380
17392 0.6918828818
17446 0.6918808897
17547 0.6918789673
17685 0.6918776058
17695 0.6918762189
17738 0.6918739119
17928 0.6918737209
18039 0.6918717678
18043 0.6918701951
18046 0.6918695984
18074 0.6918690190
18366 0.6918680683
18417 0.6918677456
18462 0.6918655371
18597 0.6918625585
18814 0.6918609834
19288 0.6918605611
19365 0.6918603393
19487 0.6918599421
19637 0.6918597717
19663 0.6918592988
19816 0.6918591788
19972 0.6918588534
19979 0.6918588267
20078 0.6918585441
20224 0.6918584632
20327 0.6918581900
20408 0.6918581850
20428 0.6918581344
20531 0.6918579237
20618 0.6918578809
20677 0.6918578029
20737 0.6918577295
20788 0.6918576764
20791 0.6918576702
20821 0.6918575899
20864 0.6918575535
20946 0.6918575228
21080 0.6918574830
21236 0.6918573969
21415 0.6918573792
21484 0.6918573633
21486 0.6918573427
21547 0.6918573305
21638 0.6918573237
21648 0.6918573052
21665 0.6918571736
21957 0.6918571607
22098 0.6918571538
22103 0.6918571186
22143 0.6918570901
22296 0.6918570883
22311 0.6918570827
22323 0.6918570693
22372 0.6918570646
22412 0.6918570197
22657 0.6918570171
22687 0.6918570169
22689 0.6918569981
22877 0.6918569935
22950 0.6918569765
23052 0.6918569709
23283 0.6918569629
23359 0.6918569603
23435 0.6918569572
23540 0.6918569530
23602 0.6918569507
23639 0.6918569479
23651 0.6918569440
23784 0.6918569370
23847 0.6918569337
24210 0.6918569327
24309 0.6918569281
24479 0.6918569261
24564 0.6918569259
24602 0.6918569246
24678 0.6918569237
24709 0.6918569235
24766 0.6918569212
24986 0.6918569196
25296 0.6918569188
25309 0.6918569186
25332 0.6918569181
25471 0.6918569181
25516 0.6918569175
25607 0.6918569175
25629 0.6918569162
25687 0.6918569159
25820 0.6918569157
25873 0.6918569155
25915 0.6918569152
25922 0.6918569152
25975 0.6918569147
26060 0.6918569145
26070 0.6918569145
26075 0.6918569143
26143 0.6918569141
26148 0.6918569134
26375 0.6918569134
26497 0.6918569131
26725 0.6918569128
26791 0.6918569128
26882 0.6918569126
26886 0.6918569124
26962 0.6918569124
26987 0.6918569123
27058 0.6918569121
27253 0.6918569120
27270 0.6918569120
27378 0.6918569119
27522 0.6918569118
27584 0.6918569117
27834 0.6918569116
28040 0.6918569116
28089 0.6918569115
28216 0.6918569114
28398 0.6918569114
28729 0.6918569113
28750 0.6918569113
28896 0.6918569113
29042 0.6918569113
29062 0.6918569113
29303 0.6918569113
29507 0.6918569113
29722 0.6918569113
29825 0.6918569113
30006 0.6918569113
30013 0.6918569113
30064 0.6918569113
30066 0.6918569113
30091 0.6918569112
30195 0.6918569112
30228 0.6918569112
30280 0.6918569112
30286 0.6918569112
30475 0.6918569112
30504 0.6918569112
30544 0.6918569112
30598 0.6918569112
30781 0.6918569112
30925 0.6918569112
30938 0.6918569112
30962 0.6918569112
31021 0.6918569112
31098 0.6918569112
31149 0.6918569112
31229 0.6918569112
31262 0.6918569112
31382 0.6918569112
31458 0.6918569112
31498 0.6918569112
31506 0.6918569112
31756 0.6918569112
31875 0.6918569112
31978 0.6918569112
31986 0.6918569112
31991 0.6918569112
32041 0.6918569112
32066 0.6918569112
32346 0.6918569112
32662 0.6918569112
32764 0.6918569112
32995 0.6918569112
33039 0.6918569112
33082 0.6918569112
33132 0.6918569112
33201 0.6918569112
33319 0.6918569112
33413 0.6918569112
33706 0.6918569112
33776 0.6918569112
33954 0.6918569112
34104 0.6918569112
34181 0.6918569112
34385 0.6918569112
34391 0.6918569112
34645 0.6918569112
34894 0.6918569112
35143 0.6918569112
35289 0.6918569112
35502 0.6918569112
35664 0.6918569112
35687 0.6918569112
35803 0.6918569112
35807 0.6918569112
36116 0.6918569112
36312 0.6918569112
36363 0.6918569112
36678 0.6918569112
36694 0.6918569112
37123 0.6918569112
37265 0.6918569112
37466 0.6918569112
37993 0.6918569112
39565 0.6918569112
evaluations raw_y
1 89.8979786915
6 88.8465077386
40 88.4164272203
43 86.7246054815
55 86.4924066847
84 86.3387200962
110 85.9046646572
322 84.5298920622
490 84.1554397308
559 83.6319162236
639 83.4655972946
660 83.4583421912
712 83.0215339832
735 82.9687910775
736 82.6273363340
767 81.5309589745
859 81.4369412157
2227 79.3278999785
2242 76.8340674469
2334 76.6904216301
2463 76.4874147834
2502 75.9532415865
2722 73.4106310869
2943 71.1842041746
3059 64.9352757438
3581 63.7945020387
3724 61.7049183206
3766 61.3168002150
3804 57.0163351223
3859 54.0593803199
4177 53.8176389206
4266 53.6493261280
4267 42.3714675361
4297 42.2850801889
4360 36.5469289656
4596 29.0965660951
4888 26.8962136418
5099 24.6549132576
5387 24.4612983566
5396 24.0337545578
5404 22.9310406198
5547 22.7082628560
5558 22.2753756312
5587 22.0921493364
5588 22.0263767051
5628 21.7715789417
5643 21.5343731953
5665 20.3753851510
5668 19.5235576182
5786 18.4852197064
5979 17.6210653258
6013 16.6416650612
6070 16.5185278271
6316 16.0905840983
6371 15.8604689448
6427 15.3868493104
6465 15.2129229336
6507 14.6727480355
6571 14.4125500189
6623 14.2880474632
6663 14.0123304316
6734 13.8387358455
6878 13.4804681944
6879 13.2730230040
6972 12.9166098196
7119 12.7402933159
7207 12.6214236471
7307 12.5153917959
7355 12.3995951119
7371 12.3541111897
7410 12.2840716604
7569 12.1893200452
7605 12.1820811231
7683 12.0636315202
7769 11.9930874899
7860 11.9668086555
7879 11.7253526069
8124 11.6919954436
8167 11.6847524813
8169 11.5237415476
8570 11.4665404703
8671 11.4347403098
8758 11.4096289787
8800 11.3909925363
8862 11.3624418906
9075 11.3269966698
9077 11.3014128917
9223 11.2865810114
9263 11.2814201666
9292 11.2627999942
9452 11.2591498364
9516 11.2532272543
9578 11.2500285653
9582 11.2221279754
9736 11.2113823272
9846 11.1894371485
10060 11.1787201297
10246 11.1785170809
10303 11.1783481282
10433 11.1783173160
10439 11.1570844344
10906 11.1562394554
10966 11.1539517251
10993 11.1503858135
11153 11.1468885920
11235 11.1454440369
11373 11.1430537289
11434 11.1418725847
11561 11.1417922562
11576 11.1414398875
11601 11.1396561884
11616 11.1384834077
11783 11.1384463876
11806 11.1378752791
11842 11.1372231348
11900 11.1359670911
11903 11.1339504112
12144 11.1326811555
12350 11.1310117211
12375 11.1306930469
12461 11.1304304855
12712 11.1296567619
12770 11.1294956076
13020 11.1292540530
13074 11.1292023483
13079 11.1286675940
13088 11.1285703141
13202 11.1285663939
13208 11.1283523721
13245 11.1281340624
13482 11.1270605657
13803 11.1270289408
13855 11.1268958280
13856 11.1268198375
14023 11.1264169001
14352 11.1263413732
14386 11.1262932276
14462 11.1262799408
14476 11.1262649042
14615 11.1262249923
14630 11.1262149402
14640 11.1261464264
14648 11.1261125681
14815 11.1260558355
14841 11.1259462420
15101 11.1259432990
15135 11.1259077382
15230 11.1258919608
15391 11.1258759238
15448 11.1258367714
15608 11.1258108958
15643 11.1258031366
15832 11.1257898326
15835 11.1257412724
16062 11.1257318477
16160 11.1257192085
16258 11.1257038454
16320 11.1256792066
16680 11.1256697337
16872 11.1256689879
17050 11.1256682724
17051 11.1256680833
17062 11.1256648103
17090 11.1256581811
17180 11.1256552153
17289 11.1256547635
17306 11.1256503491
17395 11.1256478231
17561 11.1256469386
17568 11.1256460624
17591 11.1256444140
17605 11.1256436530
17656 11.1256415339
17668 11.1256359165
17895 11.1256358315
17925 11.1256338192
18064 11.1256335457
18088 11.1256310559
18188 11.1256300976
18329 11.1256300175
18395 11.1256296071
18424 11.1256281889
18470 11.1256250224
18608 11.1256247849
18784 11.1256247442
18792 11.1256236544
19071 11.1256234156
19168 11.1256227342
19205 11.1256222505
19244 11.1256222022
19303 11.1256219379
19408 11.1256215273
19514 11.1256208694
19581 11.1256208127
19754 11.1256205755
19803 11.1256203158
20030 11.1256200885
20175 11.1256200810
20190 11.1256200788
20206 11.1256200631
20277 11.1256200428
20289 11.1256199867
20293 11.1256197354
20460 11.1256196350
20646 11.1256194379
20663 11.1256193927
20721 11.1256193486
20742 11.1256193334
20811 11.1256193051
20853 11.1256192822
20924 11.1256191982
20947 11.1256191870
20994 11.1256190766
21178 11.1256189555
21362 11.1256188811
21468 11.1256188608
21469 11.1256188024
21485 11.1256187894
21516 11.1256187609
21638 11.1256187128
21928 11.1256186821
22067 11.1256186596
22117 11.1256186298
22170 11.1256186192
22298 11.1256186156
22337 11.1256186029
22515 11.1256185858
22535 11.1256185840
22590 11.1256185772
22615 11.1256185678
22656 11.1256185626
22741 11.1256185613
22747 11.1256185596
22814 11.1256185517
22876 11.1256185503
22900 11.1256185448
22935 11.1256185304
23027 11.1256185109
23220 11.1256185039
23256 11.1256185014
23578 11.1256185011
23632 11.1256184987
23640 11.1256184963
23644 11.1256184895
23661 11.1256184869
23763 11.1256184844
23867 11.1256184840
23907 11.1256184832
23934 11.1256184792
24003 11.1256184785
24054 11.1256184726
24206 11.1256184704
24219 11.1256184701
24429 11.1256184673
24440 11.1256184640
24686 11.1256184636
24710 11.1256184624
24854 11.1256184607
25017 11.1256184599
25067 11.1256184571
25328 11.1256184561
25430 11.1256184534
25981 11.1256184533
26014 11.1256184522
26154 11.1256184522
26488 11.1256184517
26542 11.1256184517
26720 11.1256184517
26785 11.1256184516
26789 11.1256184514
27063 11.1256184513
27285 11.1256184513
27319 11.1256184512
27326 11.1256184512
27346 11.1256184510
27491 11.1256184510
27566 11.1256184509
27768 11.1256184509
27906 11.1256184508
27945 11.1256184508
27976 11.1256184508
27997 11.1256184508
28037 11.1256184507
28171 11.1256184507
28193 11.1256184507
28212 11.1256184507
28220 11.1256184507
28277 11.1256184507
28284 11.1256184507
28330 11.1256184506
28333 11.1256184506
28348 11.1256184506
28391 11.1256184506
28535 11.1256184506
28567 11.1256184506
28741 11.1256184506
28796 11.1256184506
28862 11.1256184505
28870 11.1256184505
29085 11.1256184505
29212 11.1256184505
29324 11.1256184505
29370 11.1256184505
29591 11.1256184505
29637 11.1256184505
29659 11.1256184505
29957 11.1256184505
30182 11.1256184504
30199 11.1256184504
30285 11.1256184504
30377 11.1256184504
30422 11.1256184504
30436 11.1256184504
30559 11.1256184504
30572 11.1256184504
30602 11.1256184504
30608 11.1256184504
30694 11.1256184504
30833 11.1256184504
30844 11.1256184504
31041 11.1256184504
31292 11.1256184504
31334 11.1256184504
31385 11.1256184504
31554 11.1256184504
31623 11.1256184504
31684 11.1256184504
31928 11.1256184504
32072 11.1256184504
32121 11.1256184504
32317 11.1256184504
32655 11.1256184504
32664 11.1256184504
32785 11.1256184504
33023 11.1256184504
33317 11.1256184504
33371 11.1256184504
33381 11.1256184504
33416 11.1256184504
33501 11.1256184504
33686 11.1256184504
33692 11.1256184504
33725 11.1256184504
33752 11.1256184504
33802 11.1256184504
33946 11.1256184504
34180 11.1256184504
34209 11.1256184504
34460 11.1256184504
34563 11.1256184504
34631 11.1256184504
35124 11.1256184504
35181 11.1256184504
35225 11.1256184504
35310 11.1256184504
35355 11.1256184504
35484 11.1256184504
35491 11.1256184504
35629 11.1256184504
35660 11.1256184504
35819 11.1256184504
35900 11.1256184504
35983 11.1256184504
36030 11.1256184504
36458 11.1256184504
36631 11.1256184504
36710 11.1256184504
36787 11.1256184504
37088 11.1256184504
37261 11.1256184504
37426 11.1256184504
37472 11.1256184504
38394 11.1256184504
40029 11.1256184504
evaluations raw_y
1 87.7590627680
38 87.5363666138
44 86.4844840562
83 85.6473743952
356 85.4128209210
414 85.2528317027
420 85.1974823472
465 83.9991365167
551 83.5473256546
605 81.9883659215
647 80.9680318207
653 79.6226410476
2678 78.4398335641
2917 77.6692855424
2939 75.2314262340
3010 75.2204874646
3229 74.1365510611
3338 72.9466575756
3482 72.5606385019
3676 71.9425054572
3688 67.6999695026
3952 63.7693254067
4134 63.3393202021
4147 61.5651071573
4196 60.1118210866
4432 47.8477632257
4861 45.3557052909
4963 35.6758997409
4990 35.0834617258
5110 33.4374121411
5380 28.7709385562
5382 28.4621214673
5504 23.5938441112
5550 17.3917001106
6030 13.9152622920
6192 12.5386313150
6376 11.0523386674
6503 10.4792068361
6554 10.0077283312
6567 7.9791446907
6663 7.7834392437
6850 7.1876903055
6923 7.1303780317
6946 7.0430108590
6949 6.3528753712
6964 5.8750963438
7154 5.8599683584
7156 5.3298486139
7287 4.9067349324
7288 4.0540590174
7304 3.2420586960
7819 2.8375645608
7881 2.3383437165
7901 2.2502876013
8329 2.2102769942
8440 2.1633546728
8673 2.1212135623
8785 2.0851062514
8919 2.0813076716
8930 2.0801970589
8936 2.0799683895
8938 2.0794874294
9008 2.0615201182
9041 2.0350266608
9189 2.0280785826
9216 2.0223784576
9402 2.0179269456
9468 2.0118484219
9660 2.0100555424
9696 2.0064127366
9763 2.0045546829
9799 2.0001719110
9889 1.9978433897
9917 1.9938873758
10033 1.9880849145
10317 1.9823349300
10471 1.9809451004
10486 1.9793678260
10580 1.9774174387
10788 1.9763208456
10841 1.9754299200
11005 1.9741260805
11054 1.9725019896
11136 1.9700268974
11204 1.9695813843
11285 1.9695436012
11359 1.9653445213
11688 1.9640299683
11796 1.9638874055
11857 1.9637958860
11863 1.9625810311
11964 1.9610879398
12219 1.9610195703
12272 1.9608307090
12316 1.9600614390
12387 1.9598960357
12394 1.9597109390
12492 1.9595901446
12508 1.9594560004
12514 1.9594237746
12553 1.9591463010
12581 1.9585912778
12925 1.9583632483
13053 1.9578862636
13108 1.9577423165
13193 1.9575327888
13320 1.9573614003
13383 1.9570020252
13385 1.9568556044
13641 1.9563729046
13820 1.9563344310
14037 1.9562093374
14129 1.9558340422
14158 1.9558204170
14396 1.9556944446
14407 1.9556216606
14611 1.9555300710
14744 1.9555189754
14767 1.9555000934
14804 1.9554563861
14984 1.9553732136
15067 1.9552837294
15464 1.9552446439
15556 1.9552413868
15638 1.9551874621
15805 1.9551859376
15835 1.9551667834
15940 1.9551513955
15943 1.9551488051
16042 1.9551331497
16148 1.9550949905
16395 1.9550882866
16426 1.9550877887
16487 1.9550876840
16568 1.9550731745
16683 1.9550687387
16770 1.9550630640
16902 1.9550614719
16936 1.9550521598
16979 1.9550512182
17026 1.9550383155
17188 1.9550280137
17628 1.9550244069
17680 1.9550226184
17761 1.9550216329
17862 1.9550183293
17881 1.9550179356
17933 1.9550162522
17954 1.9550152954
18129 1.9550152051
18230 1.9550150229
18238 1.9550125168
18456 1.9550109822
18492 1.9550088049
18580 1.9550075912
18775 1.9550054403
19149 1.9550053632
19171 1.9550048485
19221 1.9550047880
19240 1.9550047472
19301 1.9550047416
19327 1.9550039997
19400 1.9550034610
19545 1.9550034580
19586 1.9550028773
19634 1.9550022937
19715 1.9550017082
19880 1.9550014623
19927 1.9550012623
20070 1.9550008697
20116 1.9550007433
20194 1.9550007301
20249 1.9550004032
20547 1.9550002197
20596 1.9550000763
20613 1.9549999257
20844 1.9549997706
20915 1.9549997604
20981 1.9549997226
21190 1.9549996805
21193 1.9549995672
21258 1.9549995264
21355 1.9549994740
21456 1.9549994181
21481 1.9549993962
21503 1.9549993852
21638 1.9549992909
21781 1.9549992518
21980 1.9549992253
22013 1.9549992112
22107 1.9549991974
22113 1.9549991483
22125 1.9549991295
22139 1.9549990528
22486 1.9549990517
22530 1.9549990468
22624 1.9549990451
22674 1.9549990442
22749 1.9549990234
22815 1.9549989963
23014 1.9549989843
23026 1.9549989784
23071 1.9549989641
23158 1.9549989622
23187 1.9549989610
23215 1.9549989604
23276 1.9549989465
23309 1.9549989431
23316 1.9549989421
23350 1.9549989417
23356 1.9549989405
23472 1.9549989368
23633 1.9549989302
23711 1.9549989287
23722 1.9549989192
23759 1.9549989142
23887 1.9549989140
23909 1.9549989079
23944 1.9549989035
24004 1.9549988977
24106 1.9549988968
24221 1.9549988951
24229 1.9549988904
24306 1.9549988858
24559 1.9549988829
24822 1.9549988824
24894 1.9549988818
24996 1.9549988816
25007 1.9549988786
25057 1.9549988759
25196 1.9549988747
25336 1.9549988715
25599 1.9549988692
25671 1.9549988690
25690 1.9549988685
25791 1.9549988685
25828 1.9549988667
25851 1.9549988655
25899 1.9549988653
26303 1.9549988648
26362 1.9549988642
26415 1.9549988636
26467 1.9549988634
26558 1.9549988631
26813 1.9549988629
27120 1.9549988621
27122 1.9549988620
27272 1.9549988619
27322 1.9549988613
27462 1.9549988613
27468 1.9549988613
27587 1.9549988610
27687 1.9549988608
27702 1.9549988607
27755 1.9549988606
27984 1.9549988605
27996 1.9549988603
28411 1.9549988602
28615 1.9549988599
28791 1.9549988599
28976 1.9549988598
29107 1.9549988598
29122 1.9549988598
29331 1.9549988598
29338 1.9549988598
29372 1.9549988597
29480 1.9549988597
29582 1.9549988597
29618 1.9549988597
29808 1.9549988597
29823 1.9549988597
29837 1.9549988597
29840 1.9549988597
29881 1.9549988596
29906 1.9549988596
30032 1.9549988596
30156 1.9549988596
30190 1.9549988596
30276 1.9549988596
30346 1.9549988596
30445 1.9549988596
30617 1.9549988596
30860 1.9549988596
30945 1.9549988596
30996 1.9549988596
31093 1.9549988596
31137 1.9549988596
31216 1.9549988596
31259 1.9549988596
31289 1.9549988596
31306 1.9549988596
31331 1.9549988596
31411 1.9549988595
31575 1.9549988595
31968 1.9549988595
32106 1.9549988595
32204 1.9549988595
32274 1.9549988595
32555 1.9549988595
32622 1.9549988595
32846 1.9549988595
33138 1.9549988595
33258 1.9549988595
33325 1.9549988595
33502 1.9549988595
33525 1.9549988595
33599 1.9549988595
33635 1.9549988595
33676 1.9549988595
33898 1.9549988595
34045 1.9549988595
34200 1.9549988595
34265 1.9549988595
34602 1.9549988595
34666 1.9549988595
34755 1.9549988595
34866 1.9549988595
35041 1.9549988595
35123 1.9549988595
35194 1.9549988595
35230 1.9549988595
35232 1.9549988595
35245 1.9549988595
35252 1.9549988595
35308 1.9549988595
35432 1.9549988595
35488 1.9549988595
35522 1.9549988595
35613 1.9549988595
35646 1.9549988595
35994 1.9549988595
36088 1.9549988595
36215 1.9549988595
36231 1.9549988595
36766 1.9549988595
36877 1.9549988595
36908 1.9549988595
36914 1.9549988595
37384 1.9549988595
38138 1.9549988595
38548 1.9549988595
39665 1.9549988595
41378 1.9549988595
evaluations raw_y
1 89.5442258013
16 88.5850207828
19 87.0190691564
35 86.8168697363
85 85.9391273984
138 85.9201773672
176 85.8970024824
181 85.7085926611
228 85.6993537969
232 85.6270286142
265 85.1434207160
266 85.0813715702
288 84.1534134549
312 83.1910363744
442 82.8599179358
461 81.9227337506
470 81.7713152540
478 79.7086818563
739 77.7465418189
848 76.5249114948
2184 75.9355454701
2243 74.8330191356
2273 73.7851882849
2303 73.6682622946
2367 70.0318614875
2525 68.7857618372
2584 67.3010815236
2886 63.8486743133
3489 60.7798126773
3662 54.4967577432
3936 53.4753070984
3979 51.2028304232
3982 50.3704031028
4151 47.2373087276
4222 46.4865870943
4287 38.6935608134
4515 35.1060015463
4598 34.6922536928
4712 32.5953126035
4786 32.1020494377
4847 31.6815631175
4937 27.5905396357
5213 26.8364174808
5243 26.6454671714
5299 25.3145808173
5448 22.5190347060
5865 22.3739509516
5866 21.5716974728
6047 21.3760578443
6163 20.9008034213
6168 20.8370830111
6326 20.6575370410
6384 20.6463314904
6485 20.4749387603
6486 20.4095693261
6573 20.1144828088
6712 19.8607598558
6745 19.7906430251
6808 19.4248150152
7029 19.3719884979
7038 19.1255903431
7283 19.0956715713
7422 18.9885236157
7481 18.8734731683
7535 18.8282411610
7702 18.7521589478
7993 18.7081622949
8099 18.5490518040
8444 18.5386556655
8494 18.5380234665
8496 18.5073896015
8570 18.4979984519
8710 18.4717542132
8861 18.4585859024
8900 18.4480517264
8940 18.4424296163
9057 18.4382520181
9117 18.4307749643
9145 18.4200837643
9219 18.4078252720
9258 18.3872677902
9336 18.3744995026
9407 18.3743998239
9627 18.3522561661
9824 18.3483461121
9973 18.3387124129
9984 18.3370534395
10012 18.3311735176
10345 18.3273095318
10381 18.3262225909
10424 18.3244477369
10442 18.3218681219
10450 18.3194741973
10586 18.3191870956
10610 18.3142362199
10725 18.3138450198
10804 18.3122593338
10813 18.3109136135
10949 18.3101863715
10968 18.3066058447
11202 18.3032828131
11398 18.3032722096
11438 18.3024563744
11520 18.3023340719
11642 18.3012515397
11659 18.3006594695
11667 18.3005402475
11765 18.2991814838
11767 18.2986069379
11905 18.2985418995
11927 18.2964574403
12144 18.2963769089
12181 18.2959032737
12270 18.2957626440
12271 18.2946104651
12387 18.2935901269
12513 18.2933180894
12541 18.2929938245
12600 18.2924515564
12662 18.2920274327
12757 18.2919496631
12933 18.2914714523
12935 18.2910204274
12950 18.2908729992
13030 18.2907102154
13126 18.2906252307
13185 18.2903828969
13290 18.2902859603
13376 18.2901473212
13450 18.2898286798
13452 18.2895946065
13742 18.2895738815
13764 18.2895472736
13779 18.2894478046
13889 18.2894204824
13924 18.2892322658
13948 18.2892065066
14056 18.2891569539
14172 18.2889854166
14354 18.2889345689
14471 18.2888834197
14520 18.2887267036
14746 18.2886679492
14774 18.2886109684
15138 18.2886075510
15143 18.2885696466
15154 18.2885566474
15245 18.2885519786
15266 18.2885187047
15308 18.2885053001
15397 18.2884981051
15401 18.2884663507
15557 18.2884416698
15751 18.2884412237
15807 18.2884131212
15943 18.2884054538
15959 18.2884047503
15970 18.2883975473
16010 18.2883831209
16064 18.2883817475
16144 18.2883766008
16171 18.2883649311
16312 18.2883622858
16403 18.2883618058
16428 18.2883598088
16486 18.2883519787
16500 18.2883430714
16595 18.2883418099
16747 18.2883308593
17005 18.2883292076
17048 18.2883286399
17155 18.2883212916
17174 18.2883205971
17256 18.2883172449
17315 18.2883141500
17332 18.2883133496
17374 18.2883131613
17712 18.2883127261
17765 18.2883124911
17774 18.2883098923
17963 18.2883080579
18040 18.2883072983
18063 18.2883071895
18088 18.2883062361
18162 18.2883049217
18302 18.2883046026
18351 18.2883042768
18376 18.2883033937
18420 18.2883025447
18424 18.2883023489
18529 18.2883019182
18546 18.2883005446
18659 18.2883003394
18666 18.2882994455
18793 18.2882981268
19154 18.2882964750
19369 18.2882962788
19456 18.2882962638
19552 18.2882961469
19586 18.2882960122
19610 18.2882959300
19656 18.2882956871
19675 18.2882948188
19759 18.2882946624
19981 18.2882944277
20080 18.2882942824
20195 18.2882941433
20219 18.2882939994
20362 18.2882938641
20391 18.2882938328
20394 18.2882934012
20789 18.2882933881
20793 18.2882933281
20817 18.2882932893
20845 18.2882932433
20987 18.2882932118
21005 18.2882932025
21087 18.2882931782
21099 18.2882931519
21113 18.2882931008
21332 18.2882930720
21378 18.2882930464
21384 18.2882930104
21391 18.2882930011
21486 18.2882928806
21619 18.2882927469
21871 18.2882927358
22023 18.2882927351
22126 18.2882927124
22138 18.2882927100
22233 18.2882926660
22265 18.2882926546
22271 18.2882926513
22331 18.2882926438
22468 18.2882926430
22474 18.2882926370
22491 18.2882926102
22505 18.2882926045
22655 18.2882925801
22762 18.2882925770
22818 18.2882925680
22845 18.2882925533
23055 18.2882925423
23123 18.2882925420
23124 18.2882925406
23173 18.2882925258
23243 18.2882925095
23405 18.2882925083
23410 18.2882925037
23418 18.2882924916
23610 18.2882924867
23734 18.2882924855
23861 18.2882924766
24223 18.2882924711
24399 18.2882924708
24455 18.2882924701
24488 18.2882924697
24518 18.2882924685
24559 18.2882924666
24670 18.2882924665
24711 18.2882924663
24716 18.2882924642
24817 18.2882924618
25015 18.2882924594
25051 18.2882924581
25074 18.2882924581
25322 18.2882924576
25358 18.2882924571
25455 18.2882924566
25513 18.2882924559
25625 18.2882924556
25629 18.2882924554
25769 18.2882924552
25803 18.2882924552
25823 18.2882924545
25937 18.2882924544
25962 18.2882924537
26017 18.2882924535
26024 18.2882924529
26067 18.2882924526
26153 18.2882924525
26351 18.2882924523
26406 18.2882924518
26428 18.2882924513
26779 18.2882924512
26804 18.2882924508
26890 18.2882924507
27043 18.2882924506
27291 18.2882924506
27312 18.2882924505
27323 18.2882924503
27489 18.2882924502
27575 18.2882924501
27760 18.2882924500
27763 18.2882924499
27836 18.2882924499
27925 18.2882924498
27995 18.2882924496
28153 18.2882924496
28447 18.2882924496
28600 18.2882924495
28812 18.2882924495
28976 18.2882924495
29165 18.2882924494
29221 18.2882924494
29310 18.2882924494
29370 18.2882924494
29502 18.2882924494
29600 18.2882924494
29735 18.2882924494
29737 18.2882924494
29750 18.2882924494
29772 18.2882924494
29840 18.2882924494
29843 18.2882924493
30007 18.2882924493
30008 18.2882924493
30154 18.2882924493
30250 18.2882924493
30609 18.2882924493
30838 18.2882924493
30841 18.2882924493
30931 18.2882924493
31043 18.2882924493
31175 18.2882924493
31231 18.2882924493
31258 18.2882924493
31261 18.2882924493
31491 18.2882924493
31551 18.2882924493
31597 18.2882924493
31692 18.2882924493
31707 18.2882924493
31847 18.2882924493
32070 18.2882924493
32255 18.2882924493
32343 18.2882924493
32356 18.2882924493
32386 18.2882924493
32403 18.2882924493
32441 18.2882924493
32456 18.2882924493
32663 18.2882924493
32752 18.2882924493
32951 18.2882924493
33192 18.2882924493
33636 18.2882924493
33655 18.2882924493
33795 18.2882924493
33809 18.2882924493
33823 18.2882924493
34080 18.2882924493
34203 18.2882924493
34371 18.2882924493
34882 18.2882924493
34958 18.2882924493
34960 18.2882924493
35237 18.2882924493
35244 18.2882924493
35298 18.2882924493
35337 18.2882924493
35446 18.2882924493
35690 18.2882924493
35991 18.2882924493
36116 18.2882924493
36151 18.2882924493
36263 18.2882924493
36536 18.2882924493
36575 18.2882924493
36892 18.2882924493
37034 18.2882924493
37985 18.2882924493
39669 18.2882924493
evaluations raw_y
1 91.0214258647
5 90.3764283944
20 88.6403286985
31 86.8525248103
32 86.5493880293
89 86.5285681169
153 86.3238080116
172 86.2329550475
188 85.9122642059
372 85.8421527504
467 85.8317766578
503 85.5572128446
542 82.6324272223
993 82.3077831341
1554 80.8403783437
2330 74.4484342662
2635 73.6819177899
2730 70.2239441710
2818 64.6165597270
3601 58.4487193787
3815 57.8330847885
3921 56.9611474355
4072 55.5937276927
4123 54.4500892246
4134 52.5605873663
4164 48.1870190086
4233 45.9569737562
4313 38.5160851545
4338 37.4409581134
4470 33.4501647088
4515 32.7137293912
4589 27.6978360232
4680 27.3049723145
4818 26.2508971665
4845 20.7824721419
4905 20.7111170124
4973 19.2991930032
5135 17.8071063821
5248 16.9698235251
5406 16.8079877082
5411 14.9598517830
5424 14.8800850074
5533 11.3743670635
5671 8.9330742541
5678 7.3978672764
6388 7.2781475939
6477 7.2711632451
6485 7.0018682183
6486 6.7889683606
6496 6.6618803926
6667 6.0236054052
6860 5.7001324724
6872 5.5912773515
6925 5.4451164051
6932 5.2972442822
7037 5.2263094765
7112 4.8522783796
7226 4.4015307229
7321 4.3070334970
7413 4.1926161289
7442 3.9857644670
7530 3.9801150303
7610 3.9139281929
7654 3.7246203577
7691 3.6004286236
7866 3.5696363110
7962 3.4817852317
8028 3.4255076587
8053 3.3120834025
8191 3.2993616047
8286 3.2416627778
8320 3.2242736112
8351 3.0439235225
8487 3.0001201048
8577 2.9499272525
8694 2.9450860710
8798 2.9125023738
8840 2.8952011110
8848 2.8778361435
8888 2.8010796501
9119 2.7646194956
9326 2.7639870979
9342 2.7568179049
9432 2.7099708602
9685 2.6845626331
9852 2.6830353235
9869 2.6754073264
9987 2.6595634676
10042 2.6592254625
10058 2.6568687690
10220 2.6406359162
10472 2.6372545693
10513 2.6326408074
10680 2.6310837135
10716 2.6267746146
10781 2.6259700456
10811 2.6227508415
10864 2.6214606841
10881 2.6206635987
10898 2.6180216453
10912 2.6139798427
11073 2.6131284556
11089 2.6126052821
11146 2.6117948699
11150 2.6090202363
11238 2.6069245749
11434 2.6055703468
11563 2.6054331337
11575 2.6045576664
11620 2.6045363070
11635 2.6036150588
11665 2.6025736279
11740 2.6024909590
11841 2.6010357268
11848 2.6009705512
11864 2.5990834530
11988 2.5984426667
12059 2.5964662716
12242 2.5960842346
12336 2.5956539865
12433 2.5956039360
12445 2.5939233604
12730 2.5936604843
12969 2.5936161829
12976 2.5933689484
12979 2.5932017645
13089 2.5930851307
13153 2.5928093623
13210 2.5926245008
13211 2.5923361091
13434 2.5921048709
13533 2.5916661146
13831 2.5916460959
13863 2.5916058710
14003 2.5914840111
14111 2.5913851605
14128 2.5912994003
14185 2.5912219133
14478 2.5910836118
14542 2.5910685246
14639 2.5909622445
14732 2.5909594989
14787 2.5908706891
15065 2.5908412238
15133 2.5908172281
15175 2.5908164668
15197 2.5907935876
15261 2.5907917189
15391 2.5907774800
15397 2.5907665694
15423 2.5907213646
15647 2.5906922426
15662 2.5906820505
15832 2.5906770827
15835 2.5906721007
15952 2.5906694030
16045 2.5906653367
16084 2.5906604902
16099 2.5906548021
16184 2.5906421888
16230 2.5906415528
16237 2.5906365206
16288 2.5906358862
16355 2.5906113384
16459 2.5906110016
16488 2.5905983129
16782 2.5905954950
16872 2.5905952925
17006 2.5905914708
17035 2.5905905383
17120 2.5905833488
17213 2.5905809591
17298 2.5905784615
17355 2.5905777246
17366 2.5905759605
17478 2.5905744590
17590 2.5905679246
17879 2.5905659804
17885 2.5905658564
17933 2.5905655175
18001 2.5905631827
18158 2.5905626761
18175 2.5905626697
18250 2.5905616571
18280 2.5905591417
18420 2.5905589630
18439 2.5905588245
18480 2.5905569035
18620 2.5905548952
18689 2.5905544419
18953 2.5905541815
18955 2.5905515920
19105 2.5905515150
19353 2.5905514259
19376 2.5905512676
19392 2.5905510661
19451 2.5905505347
19587 2.5905500656
19825 2.5905500565
19895 2.5905494308
20227 2.5905493654
20253 2.5905492905
20254 2.5905491700
20267 2.5905490752
20337 2.5905490203
20408 2.5905488820
20515 2.5905487952
20580 2.5905487782
20606 2.5905486782
20648 2.5905486766
20665 2.5905486422
20712 2.5905485915
20725 2.5905483465
20915 2.5905482645
20986 2.5905482529
21131 2.5905482417
21224 2.5905481396
21458 2.5905481281
21496 2.5905481103
21585 2.5905480853
21695 2.5905479864
21727 2.5905479823
22030 2.5905479035
22219 2.5905478980
22363 2.5905478894
22406 2.5905478755
22533 2.5905478733
22619 2.5905478591
22622 2.5905478557
22647 2.5905478495
22744 2.5905478327
22775 2.5905478244
22927 2.5905478177
23011 2.5905478081
23107 2.5905477982
23126 2.5905477942
23275 2.5905477842
23316 2.5905477820
23430 2.5905477729
23474 2.5905477683
23860 2.5905477636
23901 2.5905477558
24022 2.5905477557
24170 2.5905477548
24229 2.5905477528
24268 2.5905477513
24412 2.5905477509
24432 2.5905477500
24524 2.5905477500
24572 2.5905477491
24574 2.5905477455
24612 2.5905477447
24615 2.5905477443
24695 2.5905477414
24786 2.5905477390
25077 2.5905477364
25558 2.5905477359
25593 2.5905477355
25686 2.5905477340
25880 2.5905477338
25906 2.5905477333
25934 2.5905477331
26290 2.5905477330
26349 2.5905477323
26422 2.5905477320
26542 2.5905477318
26609 2.5905477317
26802 2.5905477316
26871 2.5905477316
26883 2.5905477312
26960 2.5905477312
27100 2.5905477312
27150 2.5905477311
27182 2.5905477310
27348 2.5905477307
27612 2.5905477307
27638 2.5905477307
27676 2.5905477307
27847 2.5905477306
27868 2.5905477306
27886 2.5905477305
27909 2.5905477304
28115 2.5905477304
28176 2.5905477304
28437 2.5905477303
28444 2.5905477303
28592 2.5905477303
28772 2.5905477302
28806 2.5905477302
28868 2.5905477302
28930 2.5905477302
29116 2.5905477302
29177 2.5905477302
29278 2.5905477302
29499 2.5905477302
29515 2.5905477301
29775 2.5905477301
30046 2.5905477301
30161 2.5905477301
30192 2.5905477301
30343 2.5905477301
30380 2.5905477301
30508 2.5905477301
30543 2.5905477301
30668 2.5905477301
30911 2.5905477301
31002 2.5905477301
31032 2.5905477301
31042 2.5905477301
31194 2.5905477301
31572 2.5905477301
31592 2.5905477301
31665 2.5905477301
31783 2.5905477301
31808 2.5905477301
31859 2.5905477301
31921 2.5905477301
32018 2.5905477301
32043 2.5905477301
32325 2.5905477301
32414 2.5905477301
32458 2.5905477301
32493 2.5905477301
32779 2.5905477301
32781 2.5905477301
32949 2.5905477301
33135 2.5905477301
33271 2.5905477301
33410 2.5905477301
33454 2.5905477301
33468 2.5905477301
33576 2.5905477301
33710 2.5905477301
33755 2.5905477301
33965 2.5905477301
34049 2.5905477301
34066 2.5905477301
34143 2.5905477301
34265 2.5905477301
34309 2.5905477301
34362 2.5905477301
34373 2.5905477301
34413 2.5905477301
34564 2.5905477301
34602 2.5905477301
34648 2.5905477301
34735 2.5905477301
34756 2.5905477301
34785 2.5905477301
34808 2.5905477301
35001 2.5905477301
35220 2.5905477301
35254 2.5905477301
35348 2.5905477301
35451 2.5905477301
35555 2.5905477301
35694 2.5905477301
35732 2.5905477301
35842 2.5905477301
36295 2.5905477301
36446 2.5905477301
36605 2.5905477301
36822 2.5905477301
37019 2.5905477301
37302 2.5905477301
37679 2.5905477301
38304 2.5905477301
40115 2.5905477301
evaluations raw_y
1 99.4483322432
3 98.4631947763
7 92.9766714597
16 89.6085545481
22 87.2324171520
55 87.1047552999
85 86.9013076274
134 86.6764528250
178 86.5647040567
208 86.4991601032
245 86.2645640950
321 86.2299158083
329 86.1922251998
396 86.0273132574
415 85.7066453051
452 85.6539120293
486 85.3521670501
549 84.7988877419
713 84.3389684444
810 83.7627132573
835 83.4905858867
973 81.6869569602
1065 77.8861307040
2786 77.8321188146
2809 76.3345812271
2853 75.4021575541
2864 71.4206998016
3515 70.4809616394
3834 66.3938782974
4048 60.8865917829
4693 60.0587532745
4697 58.3942651819
4723 57.0324732598
4812 55.1742711559
4879 55.1434334144
4883 54.5782090928
4936 49.4683462097
5092 45.7120070855
5141 39.0115740114
5175 35.0198101679
5387 32.9702794088
5492 31.4271474558
5650 30.2706014523
5974 26.1407332014
6431 25.3360247257
6452 25.2045701095
6526 25.0014495057
6535 24.2617911150
6596 23.9274287847
6651 22.6543147003
6764 22.1838066059
6908 21.9144969262
7000 21.6255333990
7065 21.4799431258
7257 21.4498977414
7331 21.4309968215
7398 21.3393340943
7399 21.2381574276
7448 21.0628616166
7471 20.9695190539
7472 20.2082845617
7574 19.9996117859
7856 19.9242554391
7885 19.5104950606
8138 19.4760538126
8198 19.4177908387
8313 19.3957401629
8352 19.3553546515
8357 19.1158795448
8531 19.0408469187
8558 19.0404239649
8771 19.0133313403
8815 18.9770685804
8928 18.8902276007
9066 18.8464499903
9079 18.8176285784
9100 18.6462786293
9451 18.6209349783
9481 18.5763506414
9504 18.5231044322
9667 18.4816836605
9822 18.4730422980
9966 18.4460751270
10056 18.4308334921
10061 18.4306092792
10094 18.4156918280
10142 18.4127614873
10244 18.4069330721
10307 18.3941259367
10428 18.3889155671
10470 18.3824293067
10615 18.3818940550
10677 18.3781562853
10684 18.3716083256
10738 18.3634970808
10746 18.3625165816
10781 18.3565620764
10870 18.3554111913
10902 18.3452384026
10986 18.3447502041
11036 18.3424094907
11129 18.3333054753
11223 18.3315012437
11396 18.3265906692
11448 18.3250709208
11524 18.3210413946
11632 18.3197874044
11633 18.3197796592
11646 18.3195667682
11678 18.3160862638
11751 18.3150595664
11905 18.3065322277
12114 18.3033486173
12157 18.3019716516
12487 18.3006800747
12541 18.2991846124
12621 18.2985302786
12797 18.2983247344
12807 18.2982584648
12820 18.2966800519
12832 18.2953245345
13011 18.2948371591
13047 18.2945849877
13114 18.2936220253
13201 18.2930863983
13249 18.2922311725
13535 18.2920171592
13772 18.2915167107
13780 18.2903624231
14388 18.2903334742
14424 18.2899932747
14538 18.2896669614
14629 18.2895611536
14759 18.2892679654
14895 18.2890953885
15204 18.2889769652
15310 18.2889589985
15447 18.2888250906
15563 18.2888147828
15600 18.2887976874
15724 18.2887091310
15769 18.2886515767
15844 18.2886393622
15852 18.2886330165
15922 18.2886264587
16013 18.2886111631
16093 18.2886079060
16119 18.2885908739
16253 18.2885814476
16262 18.2885581355
16279 18.2885496273
16308 18.2884978310
16466 18.2884718114
16756 18.2884393616
16856 18.2884307513
16883 18.2884278525
16942 18.2884176757
16948 18.2883905218
17212 18.2883872230
17343 18.2883817445
17374 18.2883689333
17424 18.2883575933
17506 18.2883572249
17546 18.2883554593
17665 18.2883515404
17735 18.2883479044
17792 18.2883418159
17860 18.2883346825
17970 18.2883317881
18223 18.2883276344
18271 18.2883246952
18337 18.2883209705
18367 18.2883163876
18688 18.2883132129
18798 18.2883111495
18878 18.2883072326
18977 18.2883071237
19004 18.2883070084
19107 18.2883068762
19149 18.2883066299
19158 18.2883044740
19316 18.2883032153
19473 18.2883023906
19505 18.2882989753
19767 18.2882965598
20204 18.2882962122
20351 18.2882960027
20417 18.2882957181
20464 18.2882953664
20691 18.2882953067
20712 18.2882951256
20724 18.2882948630
20833 18.2882946096
20835 18.2882944511
21121 18.2882941793
21222 18.2882941601
21227 18.2882939117
21354 18.2882936381
21490 18.2882935511
21509 18.2882934617
21556 18.2882934250
21684 18.2882934218
21765 18.2882932657
21968 18.2882932604
21970 18.2882932068
21985 18.2882931430
22048 18.2882930885
22061 18.2882930869
22100 18.2882930415
22150 18.2882929537
22289 18.2882928859
22378 18.2882928104
22553 18.2882927612
22570 18.2882927534
22649 18.2882927353
22738 18.2882927276
22741 18.2882927110
22837 18.2882926610
23038 18.2882926480
23048 18.2882926447
23230 18.2882926437
23263 18.2882926406
23300 18.2882926263
23328 18.2882925914
23473 18.2882925537
23536 18.2882925334
23998 18.2882925273
24120 18.2882925173
24184 18.2882925144
24292 18.2882925087
24385 18.2882924953
24519 18.2882924900
24862 18.2882924893
24927 18.2882924837
24963 18.2882924799
24977 18.2882924781
24985 18.2882924712
25188 18.2882924690
25416 18.2882924667
25516 18.2882924641
25604 18.2882924620
25758 18.2882924596
26019 18.2882924594
26063 18.2882924587
26088 18.2882924577
26243 18.2882924570
26255 18.2882924568
26321 18.2882924553
26575 18.2882924541
26746 18.2882924536
26813 18.2882924536
26823 18.2882924530
27073 18.2882924526
27132 18.2882924522
27294 18.2882924519
27420 18.2882924517
27421 18.2882924516
27437 18.2882924516
27514 18.2882924516
27519 18.2882924516
27556 18.2882924510
27720 18.2882924508
27836 18.2882924505
28008 18.2882924505
28041 18.2882924503
28345 18.2882924501
28355 18.2882924501
28432 18.2882924501
28459 18.2882924498
28973 18.2882924498
29129 18.2882924497
29148 18.2882924497
29213 18.2882924496
29327 18.2882924496
29438 18.2882924495
29638 18.2882924495
29691 18.2882924495
29748 18.2882924495
29764 18.2882924495
29801 18.2882924495
29924 18.2882924494
30013 18.2882924494
30015 18.2882924494
30096 18.2882924494
30117 18.2882924494
30146 18.2882924494
30164 18.2882924494
30167 18.2882924494
30232 18.2882924494
30233 18.2882924494
30299 18.2882924494
30446 18.2882924494
30501 18.2882924493
30547 18.2882924493
30651 18.2882924493
30654 18.2882924493
30976 18.2882924493
31130 18.2882924493
31175 18.2882924493
31194 18.2882924493
31674 18.2882924493
31704 18.2882924493
31901 18.2882924493
32015 18.2882924493
32035 18.2882924493
32193 18.2882924493
32374 18.2882924493
32606 18.2882924493
32620 18.2882924493
32671 18.2882924493
32719 18.2882924493
32863 18.2882924493
33057 18.2882924493
33087 18.2882924493
33175 18.2882924493
33216 18.2882924493
33300 18.2882924493
33345 18.2882924493
33445 18.2882924493
33543 18.2882924493
33762 18.2882924493
33870 18.2882924493
34136 18.2882924493
34252 18.2882924493
34334 18.2882924493
34470 18.2882924493
34530 18.2882924493
34884 18.2882924493
35229 18.2882924493
35349 18.2882924493
35514 18.2882924493
35847 18.2882924493
36464 18.2882924493
38264 18.2882924493
evaluations raw_y
1 92.5757611296
12 88.4988416680
16 86.8646470859
35 86.5446956500
120 86.3017427402
186 86.2052819766
242 86.1754856339
327 85.8447266086
566 85.7820371680
604 85.6769468466
727 84.3264681244
2328 84.2512253526
2379 82.6697620753
2447 82.4525521886
2647 77.6183221154
3242 76.9823005952
3373 76.2386887181
3416 75.7808629856
3478 75.5660489669
3540 74.9235860928
3599 71.8092160696
3624 68.1838167743
4216 67.1503059761
4224 58.7219653870
4820 48.2842022220
5064 47.6747379718
5202 41.3338154023
5666 35.3992818971
5919 35.2677882140
6006 31.8746129220
6194 30.4311902241
6302 28.4694964072
6531 27.9968283008
6595 26.1295302821
6746 25.5238504636
6816 24.1155441067
7085 23.5857885551
7109 21.2922181188
7240 21.0951269838
7434 19.8750291550
7596 19.7884253372
7680 19.0691058812
7729 18.9818951829
7850 18.7354734410
8040 18.4634627701
8173 18.1182014669
8391 17.7446911802
8407 17.6646688181
8464 17.6560327321
8492 17.5106661750
8552 17.4118142400
8553 17.3725496649
8625 17.0525029060
8789 17.0485292810
8820 16.9993225026
8903 16.8607179638
8911 16.5909116722
9037 16.5368284603
9114 16.3448769234
9193 16.3107034547
9214 16.2628995259
9266 16.1441781027
9282 16.0752434675
9307 15.9493676123
9441 15.9387152527
9509 15.7679021694
9663 15.6365125299
9674 15.6016787353
9790 15.4516742419
9870 15.4041320126
9875 15.3734159748
9995 15.3115040786
10008 15.0498198151
10275 14.9964022787
10580 14.9790204397
10584 14.9336803530
10845 14.8962505733
11038 14.8624535154
11088 14.8376774386
11129 14.8017363820
11418 14.7887950620
11668 14.7819962938
11850 14.7585170136
12018 14.7443416706
12030 14.7352532351
12207 14.7175595814
12245 14.7100896928
12370 14.6897813387
12433 14.6647438513
12705 14.6582870957
12806 14.6566382325
13104 14.6444078994
13153 14.6432138438
13160 14.6431912392
13241 14.6427685965
13266 14.6308075761
13370 14.6302576557
13468 14.6301029827
13583 14.6290730356
13585 14.6271043817
13702 14.6224751409
13958 14.6105997787
14367 14.6105136179
14587 14.6060253353
14792 14.6046570846
14940 14.6036231060
15073 14.5989192771
15313 14.5978270235
15390 14.5965769674
15483 14.5963516450
15513 14.5953835330
15549 14.5925311360
15920 14.5920508279
16018 14.5913385903
16160 14.5896719844
16439 14.5893163522
16545 14.5887402377
16755 14.5869730355
17285 14.5867817871
17606 14.5866578233
17688 14.5865800071
17781 14.5863291794
17823 14.5859281365
17983 14.5859145828
18491 14.5858691486
18589 14.5858418521
18597 14.5857039283
18632 14.5855619790
18768 14.5855429811
18829 14.5853720079
19215 14.5853699032
19225 14.5852897419
19394 14.5852885316
19396 14.5852151761
19503 14.5852123985
19591 14.5851922305
19672 14.5851204176
19849 14.5851163027
19895 14.5850732830
19970 14.5850637190
20057 14.5850310921
20142 14.5850163206
20348 14.5850093442
20493 14.5850066110
20518 14.5849545949
20611 14.5849502838
20792 14.5849282461
21084 14.5849176415
21159 14.5849132024
21337 14.5849130243
21380 14.5849130120
21403 14.5849072612
21472 14.5849065267
21556 14.5849052853
21651 14.5848950459
21719 14.5848919156
21886 14.5848841760
22016 14.5848802024
22045 14.5848777546
22165 14.5848777381
22171 14.5848745375
22249 14.5848737137
22263 14.5848710441
22362 14.5848682553
22418 14.5848675334
22558 14.5848626934
22669 14.5848597951
22987 14.5848591252
23039 14.5848587726
23072 14.5848571948
23084 14.5848569918
23126 14.5848568736
23184 14.5848566485
23218 14.5848523672
23771 14.5848501338
24019 14.5848477142
24286 14.5848476057
24315 14.5848471633
24520 14.5848459087
24553 14.5848457816
24579 14.5848455703
24639 14.5848455254
24825 14.5848448062
24904 14.5848441260
25076 14.5848437119
25253 14.5848435377
25287 14.5848431536
25600 14.5848430484
25709 14.5848429316
25715 14.5848427173
25790 14.5848425910
26004 14.5848425905
26088 14.5848425456
26214 14.5848423020
26299 14.5848421909
26595 14.5848420979
26886 14.5848420891
26969 14.5848419935
27080 14.5848418174
27484 14.5848418168
27525 14.5848417851
27784 14.5848417570
27842 14.5848417491
27876 14.5848417397
27896 14.5848416883
28063 14.5848416771
28115 14.5848416750
28231 14.5848416705
28296 14.5848416693
28408 14.5848416153
28571 14.5848416026
28983 14.5848415854
29276 14.5848415843
29339 14.5848415788
29341 14.5848415765
29365 14.5848415680
29640 14.5848415589
29841 14.5848415548
30020 14.5848415540
30085 14.5848415531
30092 14.5848415527
30125 14.5848415523
30144 14.5848415516
30175 14.5848415510
30183 14.5848415510
30190 14.5848415486
30213 14.5848415475
30278 14.5848415475
30366 14.5848415437
30500 14.5848415426
30567 14.5848415410
30666 14.5848415399
30788 14.5848415366
31104 14.5848415359
31467 14.5848415351
31480 14.5848415351
31516 14.5848415349
31554 14.5848415332
31751 14.5848415332
31852 14.5848415327
32039 14.5848415325
32116 14.5848415320
32279 14.5848415320
32299 14.5848415320
32322 14.5848415317
32431 14.5848415315
32435 14.5848415315
32513 14.5848415315
32571 14.5848415314
32581 14.5848415313
32687 14.5848415311
32795 14.5848415310
32875 14.5848415307
33109 14.5848415306
33193 14.5848415304
33358 14.5848415302
33408 14.5848415301
33624 14.5848415300
33666 14.5848415298
33949 14.5848415297
34066 14.5848415297
34132 14.5848415297
34151 14.5848415297
34191 14.5848415296
34297 14.5848415294
34669 14.5848415294
34684 14.5848415294
34773 14.5848415294
34793 14.5848415294
34906 14.5848415293
35098 14.5848415293
35106 14.5848415293
35237 14.5848415293
35249 14.5848415293
35337 14.5848415293
35404 14.5848415292
35409 14.5848415292
35412 14.5848415292
35439 14.5848415292
35683 14.5848415292
35701 14.5848415292
35725 14.5848415292
35755 14.5848415291
35782 14.5848415291
36004 14.5848415291
36279 14.5848415291
36280 14.5848415291
36382 14.5848415291
36437 14.5848415291
36724 14.5848415291
36926 14.5848415291
37218 14.5848415291
37224 14.5848415290
37266 14.5848415290
37427 14.5848415290
37443 14.5848415290
37697 14.5848415290
37751 14.5848415290
38010 14.5848415290
38021 14.5848415290
38117 14.5848415290
38207 14.5848415290
38262 14.5848415290
38544 14.5848415290
38613 14.5848415290
38868 14.5848415290
38890 14.5848415290
38995 14.5848415290
39057 14.5848415290
39087 14.5848415290
39288 14.5848415290
39557 14.5848415290
39565 14.5848415290
39602 14.5848415290
39715 14.5848415290
39840 14.5848415290
39922 14.5848415290
40038 14.5848415290
40063 14.5848415290
40171 14.5848415290
40237 14.5848415290
40452 14.5848415290
40676 14.5848415290
40807 14.5848415290
40877 14.5848415290
40943 14.5848415290
41101 14.5848415290
41124 14.5848415290
41208 14.5848415290
41313 14.5848415290
41629 14.5848415290
41887 14.5848415290
41938 14.5848415290
42162 14.5848415290
42528 14.5848415290
42579 14.5848415290
43453 14.5848415290
45338 14.5848415290
