evaluations raw_y
1 2798843.8142607128
3 2659101.1639263560
5 2603382.3349313741
7 229865.2760552097
17 38515.0397210601
29 838.4517685099
73 257.7633469827
82 174.1997231952
111 135.4861574584
160 97.0951831669
161 89.6065676496
369 89.3910266652
370 89.1965166399
372 89.0915423295
375 88.4179472687
379 88.3263104069
381 88.1595066086
385 88.0692022014
387 87.9362579933
388 87.9114321002
389 87.8050226309
393 87.7063194103
394 87.5630729620
395 87.0245464381
399 86.5140267455
402 86.3768328765
403 85.9691220786
404 85.8469658910
416 85.6657214421
417 85.2928838915
418 84.9786126978
419 84.6143957209
422 83.9624788734
423 83.7957061778
430 82.8243451569
431 82.4503692843
432 81.7401183869
433 81.5801543542
444 81.0413964379
446 80.8440295554
455 80.7802324411
463 80.5024329225
464 80.4883635978
467 80.1034528040
470 79.9803643863
471 79.4667868693
474 78.4950894826
475 78.1693604317
477 77.7195319168
479 76.5309107208
513 75.5607249731
521 73.6425725219
526 71.9636679957
533 70.1231169696
535 69.8042510964
537 65.6943254480
549 64.1175388065
554 63.3671417426
564 62.5994659710
565 62.5564216266
568 62.4991451832
571 62.3021233044
579 61.1871108093
582 60.5737906287
583 60.1415960727
585 59.2007254415
588 58.3890443737
589 58.0106761040
592 57.8046870806
595 57.6895904881
606 57.5704245210
607 57.2515015247
610 56.6745884014
611 56.1361696710
614 56.1104147234
616 55.8902375706
618 55.7309327901
619 55.5284991150
621 55.3476625007
622 54.9641531766
625 54.8445787686
626 54.6984112916
627 54.5444784966
636 54.5442243303
638 54.1198515321
639 53.8593241141
642 53.3815942683
646 53.1814653802
648 52.5898616587
649 52.1408972729
650 52.0695991560
665 51.6955225455
669 51.6809448542
680 51.6371983499
682 51.6045546801
683 51.4036849404
688 51.2747254806
693 51.1108322270
702 51.0771539253
709 50.9044850135
711 50.8792492681
712 50.8759085255
731 50.8690252848
742 50.8571218480
745 50.8413135070
749 50.7861016346
756 50.7741287484
757 50.7541780050
758 50.7519939354
759 50.7485877163
760 50.7407608820
761 50.7160742038
763 50.7133377097
766 50.7018120853
769 50.6730880713
779 50.6602103869
792 50.6453792293
793 50.6394425674
794 50.6341365778
796 50.5845197350
799 50.5762543836
803 50.5515452585
805 50.5515208694
806 50.5247276711
807 50.4849039445
808 50.4767621076
809 50.4539430766
811 50.4362718519
812 50.4348841550
813 50.4162812415
815 50.3992695027
816 50.3979134308
817 50.3931214393
821 50.3571164341
825 50.3525499325
833 50.3465758321
836 50.3322928529
837 50.3131756195
856 50.3110360912
857 50.3076979313
859 50.2827891906
862 50.2807173715
864 50.2789636772
865 50.2697925292
866 50.2678106498
877 50.2375949639
880 50.2292005455
882 50.2154715613
883 50.2111052848
884 50.1941513209
886 50.1785861315
888 50.1518010681
891 50.1415223856
897 50.1150376177
907 50.0992505054
909 50.0811391506
911 50.0661405858
927 50.0568598325
928 50.0496957739
932 50.0483240948
933 50.0106001423
935 49.9453665801
937 49.9376053962
938 49.9070389099
939 49.8481240800
944 49.8144857046
947 49.8027086010
949 49.7305355830
952 49.6892593490
953 49.5898846267
963 49.5639011081
965 49.5595104099
966 49.5193355920
967 49.4902908232
968 49.3931692288
969 49.3158543209
971 49.2859781088
973 49.2329283696
974 49.1692920204
977 49.1459541298
990 49.0203721134
994 49.0197702513
995 48.8954684232
997 48.8846260967
998 48.8789422941
999 48.8487713741
1012 48.7403212332
1014 48.7089483656
1016 48.6205025312
1023 48.5787081943
1029 48.4799464615
1038 48.3630036180
1040 48.2173280000
1043 48.1756125937
1049 48.1279029029
1052 48.1193825810
1054 48.1188999412
1055 48.1129616753
1056 48.0144157095
1057 48.0059906323
1060 47.9821151396
1066 47.9389185497
1068 47.8429005239
1078 47.8322322467
1080 47.8134319780
1083 47.7990554881
1089 47.7712835050
1091 47.7702572109
1093 47.7691866818
1096 47.7495240080
1097 47.7492157332
1098 47.7431980789
1099 47.7345090492
1104 47.7256939279
1107 47.7085000256
1109 47.7021292555
1110 47.6963764895
1119 47.6807881965
1122 47.6739408628
1123 47.6645337223
1124 47.6594116984
1125 47.6559687441
1128 47.6410416383
1129 47.6407491190
1130 47.6335246754
1131 47.5813726151
1133 47.5526994183
1137 47.5454813866
1139 47.5423758324
1140 47.5341468846
1141 47.5111679074
1157 47.5008708759
1159 47.4816571935
1161 47.4707304036
1165 47.4661534208
1168 47.4524942426
1169 47.4441583252
1170 47.4439947975
1172 47.4430965292
1173 47.4231701451
1178 47.4110513793
1180 47.4059935915
1181 47.3851735764
1183 47.3827680664
1184 47.3757476250
1185 47.3694059570
1199 47.3588701884
1202 47.3499456775
1203 47.3189829149
1205 47.3002685930
1212 47.2882165173
1214 47.2780884507
1216 47.2757336892
1231 47.2701416823
1233 47.2689326459
1236 47.2588207196
1238 47.2526379917
1242 47.2518440120
1243 47.2367371677
1245 47.2347346619
1248 47.2314681084
1251 47.2310424269
1253 47.2303142545
1254 47.2205604426
1255 47.2179119038
1268 47.2152455897
1270 47.2139987367
1272 47.2092354523
1273 47.2073346065
1275 47.2061936034
1278 47.1973830153
1282 47.1925982961
1287 47.1840020447
1292 47.1777983295
1295 47.1706972836
1300 47.1662238734
1301 47.1606621900
1305 47.1574909959
1311 47.1559682650
1313 47.1542693363
1314 47.1541149552
1350 47.1525329245
1351 47.1477050804
1353 47.1476923006
1354 47.1471502749
1355 47.1456382187
1357 47.1438981862
1358 47.1411519491
1359 47.1351574173
1361 47.1345819735
1362 47.1276930267
1363 47.1261287205
1365 47.1257686052
1366 47.1255980110
1367 47.1210427371
1369 47.1204208691
1371 47.1146584283
1374 47.1130684468
1375 47.1117226384
1396 47.1077736435
1397 47.1029573962
1400 47.1018818121
1402 47.1005588770
1404 47.0987332121
1405 47.0896659947
1410 47.0865944728
1411 47.0820496019
1413 47.0782324049
1418 47.0771673888
1423 47.0737226132
1425 47.0713309624
1427 47.0706286203
1431 47.0695036812
1433 47.0679268965
1441 47.0676710337
1443 47.0662074980
1456 47.0662020302
1459 47.0658476792
1460 47.0650958242
1461 47.0647679486
1463 47.0645480432
1464 47.0626675825
1465 47.0622617035
1466 47.0602161200
1468 47.0577474535
1473 47.0575660341
1481 47.0566219429
1484 47.0563343045
1485 47.0514442474
1487 47.0491898135
1490 47.0489811740
1492 47.0437477262
1506 47.0428894925
1509 47.0391348154
1512 47.0386873170
1513 47.0375433258
1516 47.0355870282
1520 47.0320594180
1522 47.0301960023
1523 47.0293606385
1525 47.0268456318
1527 47.0262499583
1532 47.0261797027
1533 47.0221255869
1537 47.0204401321
1549 47.0182229965
1551 47.0135339621
1553 47.0110486513
1555 47.0102717729
1556 47.0096181638
1558 47.0092213578
1559 47.0086189888
1560 47.0063711509
1561 47.0044517813
1567 47.0043590980
1569 47.0037429677
1570 47.0026284968
1572 47.0015663519
1574 47.0012502267
1578 47.0003153114
1581 46.9998690878
1587 46.9998186646
1590 46.9991803838
1591 46.9986101214
1593 46.9978536807
1601 46.9976032496
1604 46.9975856406
1608 46.9973995071
1609 46.9964523214
1612 46.9961570273
1618 46.9961368371
1645 46.9961125805
1649 46.9960340241
1651 46.9958950513
1654 46.9958867728
1655 46.9957641342
1656 46.9956971017
1657 46.9956277318
1660 46.9955378179
1661 46.9953448595
1664 46.9952255573
1671 46.9952222332
1673 46.9952199053
1674 46.9951689016
1676 46.9950190996
1677 46.9948028453
1690 46.9947724524
1698 46.9946291989
1700 46.9945060492
1702 46.9942832888
1704 46.9942763956
1705 46.9941458680
1718 46.9940938959
1719 46.9940519834
1720 46.9940253734
1721 46.9938078250
1731 46.9934030529
1737 46.9931857162
1742 46.9929165895
1772 46.9927807071
1774 46.9927053014
1776 46.9924494119
1779 46.9923816131
1781 46.9921779004
1783 46.9921266314
1784 46.9920911916
1785 46.9920566291
1786 46.9919257912
1788 46.9919032492
1789 46.9917580988
1791 46.9916246034
1799 46.9915633353
1801 46.9912975192
1820 46.9911001721
1830 46.9908047321
1832 46.9907367947
1841 46.9904741087
1844 46.9904036720
1846 46.9903926946
1847 46.9902822066
1848 46.9902618118
1850 46.9902110231
1852 46.9899725477
1854 46.9898454281
1855 46.9895322565
1857 46.9895233246
1858 46.9890932121
1865 46.9890882077
1868 46.9886742830
1870 46.9885960097
1871 46.9883626628
1873 46.9882428247
1876 46.9882263725
1878 46.9880465984
1880 46.9879010914
1881 46.9878222918
1882 46.9875880216
1884 46.9872749353
1887 46.9870355237
1889 46.9863656548
1899 46.9862391549
1902 46.9860919260
1904 46.9858897329
1908 46.9856904832
1909 46.9844230893
1911 46.9842408157
1912 46.9834635913
1915 46.9833836967
1916 46.9830543209
1918 46.9824114887
1923 46.9816153631
1927 46.9815547437
1929 46.9809048645
1931 46.9802960318
1932 46.9788102685
1936 46.9786994323
1938 46.9771266198
1942 46.9764280904
1944 46.9741143327
1945 46.9737585782
1946 46.9704757123
1947 46.9679292116
1949 46.9652758216
1950 46.9646620343
1952 46.9612342843
1956 46.9610647753
1958 46.9601879982
1959 46.9583490416
1960 46.9581912400
1962 46.9576734261
1963 46.9567179309
1965 46.9555050481
1966 46.9536578114
1967 46.9495694651
1969 46.9486329895
1970 46.9448712265
2006 46.9431868741
2008 46.9410148330
2029 46.9405783787
2031 46.9389215192
2033 46.9323851328
2035 46.9309651155
2036 46.9286299467
2038 46.9256619455
2040 46.9186720053
2042 46.9175893958
2043 46.9137851733
2046 46.9127875532
2047 46.9109163541
2052 46.9088261826
2054 46.9014670110
2056 46.8943095195
2057 46.8857184536
2061 46.8765145357
2067 46.8753186285
2070 46.8623350820
2071 46.8522638330
2074 46.8514612463
2078 46.8487300613
2079 46.8299438289
2082 46.8260103399
2083 46.8205313691
2085 46.8155029827
2086 46.8154629740
2087 46.8112653951
2091 46.8018035909
2094 46.7956426728
2096 46.7869396755
2098 46.7778403615
2100 46.7560144999
2102 46.7517883067
2115 46.7479499622
2117 46.7416119269
2125 46.7410432357
2128 46.7410405234
2135 46.7340244589
2138 46.7195226308
2140 46.7061328960
2143 46.7056973136
2165 46.6928817878
2167 46.6906008712
2169 46.6897097762
2170 46.6831432235
2172 46.6693406421
2174 46.6669518930
2178 46.6631848345
2203 46.6348726835
2206 46.6338961164
2207 46.6296441244
2208 46.6252506946
2212 46.6099060095
2213 46.6035764298
2215 46.5967581856
2225 46.5918041323
2227 46.5899782770
2228 46.5793625431
2231 46.5685821499
2233 46.5636664980
2241 46.5562416002
2253 46.5560928914
2254 46.5471559544
2260 46.5462408806
2308 46.5451726057
2309 46.5444325772
2310 46.5425602303
2312 46.5367919786
2313 46.5342505346
2315 46.5272240322
2318 46.5176324530
2319 46.5147336367
2329 46.5090441374
2330 46.5035225055
2332 46.5031148194
2333 46.4879056688
2336 46.4770405829
2338 46.4665635490
2339 46.4657904497
2342 46.4567006146
2343 46.4412522042
2346 46.4350990554
2348 46.4337460977
2349 46.4274022205
2350 46.4185911181
2355 46.4179265267
2358 46.4032665577
2368 46.3997321171
2369 46.3707080170
2373 46.3678254787
2376 46.3664664596
2379 46.3472491336
2381 46.3438508512
2382 46.3376067555
2383 46.3215694091
2387 46.3133563877
2394 46.3045572936
2400 46.2973562429
2401 46.2796670635
2404 46.2673527388
2405 46.2375130064
2409 46.2049538217
2412 46.2020779076
2413 46.1439241637
2415 46.1341037016
2416 46.0932317621
2417 45.9922650766
2420 45.9323539247
2421 45.9221220298
2422 45.9030324044
2425 45.8664915445
2429 45.8458915741
2432 45.7844829280
2433 45.7468011030
2436 45.6900712601
2438 45.6416620662
2440 45.6070468567
2442 45.5624572578
2445 45.5499004093
2446 45.5213060773
2447 45.5119981511
2448 45.4897486566
2455 45.4526953525
2486 45.3765823127
2489 45.2244634614
2494 45.1892051238
2495 45.1618661006
2515 45.1545949272
2521 45.1431528059
2524 45.1371803139
2525 45.1280783112
2527 45.0845794298
2529 45.0834680087
2536 45.0554453415
2540 45.0472713432
2546 45.0324829275
2547 45.0072498042
2550 44.9752311483
2552 44.9463968820
2553 44.9178484959
2555 44.8946950128
2560 44.8740065119
2561 44.8697398419
2564 44.8604285402
2567 44.8434004135
2569 44.8187309509
2571 44.8111188005
2573 44.7890428772
2575 44.7826586992
2577 44.7666114830
2579 44.7588431266
2581 44.7472774426
2582 44.7458941433
2586 44.7116390631
2587 44.6944650420
2588 44.6856498988
2589 44.6735504841
2591 44.6593464640
2592 44.6203181927
2599 44.6016787794
2602 44.5945394355
2604 44.5888466362
2606 44.5735166723
2608 44.5715708931
2610 44.5662420859
2611 44.5656571951
2612 44.5453672494
2618 44.5406155825
2620 44.5290855051
2624 44.5199697842
2629 44.5016551111
2631 44.4949643297
2632 44.4904053229
2635 44.4799014879
2639 44.4691372663
2643 44.4502797439
2652 44.4436754996
2653 44.4260987797
2657 44.4070183160
2665 44.4046450701
2669 44.3771414746
2671 44.3749643941
2676 44.3588510371
2677 44.3524374768
2678 44.3110196277
2683 44.3067775155
2687 44.3061660227
2689 44.2855267254
2691 44.2612512886
2694 44.2581570865
2696 44.2299565820
2699 44.1931761320
2702 44.1698929126
2703 44.1195343936
2708 44.0995232852
2709 44.0274496792
2711 43.9849332563
2718 43.9728611198
2721 43.9621835973
2722 43.9195821127
2723 43.8543472600
2725 43.8208404592
2729 43.8054544081
2732 43.7702072421
2741 43.7079803318
2747 43.6609604171
2749 43.5924057662
2763 43.5754477777
2767 43.5643575650
2769 43.5134518801
2772 43.4972065438
2773 43.4751245395
2774 43.3693767518
2776 43.3462738242
2777 43.1815761303
2778 43.0633462108
2779 43.0216564946
2780 42.9369059576
2784 42.6360444203
2788 42.1042530711
2803 41.7592138554
2805 41.7240890768
2833 41.5224020910
2871 41.3504595865
2873 41.3349439121
2880 41.2821149045
2896 41.2804666762
2898 41.2780543006
2907 41.2379961370
2912 41.2122475623
2914 41.1742649198
2990 41.1355244455
2994 41.1342959870
2997 41.1267448354
2998 41.1266807795
2999 41.1126114832
3001 41.0817352640
3006 41.0710643183
3007 41.0510696349
3010 41.0205064528
3016 41.0172007079
3017 40.9991452246
3019 40.9514832270
3021 40.9424576804
3023 40.9343073669
3024 40.9320053605
3025 40.9168048135
3026 40.9152488924
3032 40.8985994396
3033 40.8961258191
3035 40.8938896122
3036 40.8935862973
3038 40.8708339647
3044 40.8622427934
3045 40.8442857807
3048 40.8358951769
3049 40.8110136951
3051 40.8034262968
3054 40.8019385094
3060 40.7904525328
3071 40.7845854026
3081 40.7819544663
3086 40.7801923566
3087 40.7735023857
3088 40.7731411317
3089 40.7707817210
3099 40.7706526744
3101 40.7695941714
3103 40.7626432866
3109 40.7606453045
3111 40.7598479103
3119 40.7554535464
3121 40.7531650005
3122 40.7455945692
3132 40.7427488290
3135 40.7426734311
3138 40.7377272718
3141 40.7347747266
3143 40.7322051162
3144 40.7312601836
3145 40.7279180145
3146 40.7277317800
3148 40.7226397285
3149 40.7195909623
3154 40.7167082531
3162 40.7166768384
3163 40.7157072902
3165 40.7150401375
3175 40.7146784254
3178 40.7135229595
3193 40.7125522871
3195 40.7115013314
3197 40.7107634082
3202 40.7106920520
3203 40.7097603384
3205 40.7089789051
3208 40.7087266731
3210 40.7075423440
3211 40.7074822541
3212 40.7064167434
3215 40.7060704690
3216 40.7054531399
3218 40.7032012959
3220 40.7006466775
3222 40.6986808480
3228 40.6986489155
3230 40.6935073082
3231 40.6924405134
3233 40.6892270569
3235 40.6848643344
3237 40.6805372502
3239 40.6763372934
3241 40.6633518961
3242 40.6617109064
3245 40.6507956872
3247 40.6388090340
3250 40.6359679487
3252 40.6260392193
3254 40.6242537044
3256 40.6240594172
3259 40.6216821386
3266 40.6208999864
3273 40.6198451193
3275 40.6164645004
3284 40.6145024670
3285 40.6121953644
3287 40.6116617062
3289 40.6101599810
3350 40.6094236867
3353 40.6084539970
3359 40.6078958114
3533 40.6078382525
3639 40.6078315621
3829 40.6078309804
3830 40.6078305031
3831 40.6078295074
3832 40.6078294934
3834 40.6078273652
3835 40.6078250167
3837 40.6078244577
3838 40.6078240929
3839 40.6078239358
3842 40.6078228744
3843 40.6078222187
3845 40.6078206405
3846 40.6078188476
3847 40.6078159536
3849 40.6078154383
3851 40.6078137545
3854 40.6078128404
3855 40.6078122317
3856 40.6078112559
3857 40.6078105022
3860 40.6078095393
3862 40.6078086167
3863 40.6078084973
3864 40.6078055998
3865 40.6078046852
3866 40.6078045162
3867 40.6078033792
3870 40.6078024997
3871 40.6078014516
3872 40.6078012819
3886 40.6078004450
3887 40.6077999894
3889 40.6077998106
3890 40.6077995811
3977 40.6077995728
3981 40.6077995010
4004 40.6077994735
4005 40.6077994419
4007 40.6077994099
4022 40.6077995437
evaluations raw_y
1 4932527.2173933629
2 492698.0820619420
14 27754.9289109007
19 14451.7923391703
56 2230.8840819977
70 796.1581185463
95 248.5131179244
151 243.0256213687
165 208.1384075776
272 207.2288686201
274 197.9409302120
276 195.5733279635
278 187.1783270727
280 182.9382775446
290 178.5123245644
295 176.6798221207
298 172.9239924276
307 171.6057387013
309 169.3665299649
311 166.3036714192
312 166.2438157995
316 165.2596320395
318 164.7869992222
320 164.2948361094
323 164.1938621849
326 163.5323745499
335 163.0867891010
358 163.0103108565
359 162.9124963964
360 162.6424901948
363 162.3691345716
368 162.1684675960
373 161.9168490965
375 161.8307010719
376 161.0278652173
380 160.9903220525
381 160.9428365309
384 160.6828094957
385 160.3974589718
387 160.1006417072
390 159.7605858065
392 159.4889246453
393 158.6927572481
395 158.1559171144
399 158.0324610115
401 156.9782235866
412 156.5290030761
414 155.3766737243
421 155.0884219380
424 154.9379509507
435 154.7687934354
437 154.5412264338
442 154.3808272753
450 154.2330792215
451 154.0238600716
453 153.9371369382
459 153.6264457045
461 153.3806939008
464 152.9904890481
475 152.9810125418
478 151.9712251173
479 151.8270146328
480 150.5239838086
481 149.7314116517
483 149.4839783575
485 148.9973096866
486 145.7687080907
487 143.1365124357
489 141.7014159653
490 140.7099550257
491 137.4959281260
497 134.9696930367
498 134.7390981094
499 133.2299117867
502 131.9040891575
503 131.6520874069
505 130.9842488169
539 130.9407754712
543 130.9190637940
545 130.6124881514
547 130.5540824051
548 130.3604083552
550 130.1934187532
553 130.1227121180
554 129.8499592484
555 129.8267328560
556 129.5477064029
558 128.8991960514
559 128.7238353986
561 128.6960384728
562 128.6478641717
563 128.3397278779
567 128.0454249649
580 127.8238637844
581 127.7398165604
583 127.2596827191
587 126.7444264426
591 126.4330318904
756 126.4186130855
778 126.4158600752
780 126.4133891197
788 126.4051368053
790 126.4030176222
791 126.3906874461
793 126.3819829888
795 126.3701346028
798 126.3655801003
799 126.3354329898
802 126.3164525793
806 126.3054249385
893 126.3049628673
895 126.2988103932
897 126.2985464733
899 126.2966596084
901 126.2906874400
903 126.2812466840
908 126.2791875473
937 126.2787428366
940 126.2711584110
941 126.2659584580
943 126.2610166735
944 126.2572500439
945 126.2500737647
947 126.2430388735
948 126.2406924365
949 126.2312535622
951 126.2230761940
958 126.2143004678
961 126.2120014373
965 126.2085757318
968 126.1869413241
972 126.1443404369
975 126.1316523130
977 126.1087583640
979 126.0723922142
981 126.0391931124
983 126.0349614195
985 126.0242187068
986 126.0199059886
987 126.0070868053
991 125.9843374730
993 125.9430482453
999 125.9353251610
1001 125.8915701972
1004 125.8719754299
1005 125.8493748732
1009 125.8386245043
1010 125.7915239214
1011 125.7538236371
1013 125.6949947771
1015 125.6241806470
1018 125.5594327984
1019 125.4892179299
1021 125.4530305211
1023 125.3781696429
1025 125.3362087508
1027 125.2096561819
1028 125.1844185161
1030 124.9341938759
1033 124.8853657966
1036 124.7082480153
1037 124.5459662988
1040 124.5193629890
1041 124.3357793081
1045 124.2302748072
1054 124.1896844124
1056 124.0798580571
1057 123.9045551548
1060 123.6605976463
1062 123.5192500162
1064 123.3201778631
1065 123.1026676887
1068 123.0430391780
1069 122.6036138906
1071 122.5032676019
1074 121.3092915112
1077 120.6626216701
1079 119.8813116445
1085 119.8122441395
1110 119.7245501798
1111 119.6445066073
1114 119.0315848547
1115 119.0036110369
1133 119.0024135450
1134 118.7126256609
1135 118.5759219352
1145 118.3463732438
1147 118.1365627517
1149 117.9260328388
1152 117.6857984934
1153 117.3512983965
1155 117.1983435670
1157 116.8866476573
1159 116.6050688059
1168 116.3939951162
1169 115.9013896300
1174 115.6182388857
1176 115.0577608260
1177 115.0512614286
1179 114.5962685516
1183 114.5443605589
1184 114.5088589279
1185 114.0583314749
1186 113.8717797557
1187 112.8901707370
1190 112.8263881368
1192 111.2483173896
1195 109.6632765232
1199 109.3800878489
1202 108.5694446422
1203 108.5272258179
1206 107.4521707000
1207 107.2465341574
1208 106.1908060601
1209 104.2684747505
1211 103.0678778725
1214 102.1102486381
1217 100.9003584481
1221 100.4146037769
1224 100.1212336136
1226 100.0598835230
1228 99.6494562794
1233 98.5933628722
1302 98.4947094005
1322 98.4336410816
1327 98.3523082891
1330 98.2578974542
1333 98.2441955401
1336 98.1766308468
1339 98.1387053842
1357 98.0722919787
1360 98.0628142986
1361 98.0252565800
1363 98.0167049048
1364 97.9926037302
1366 97.9746046894
1367 97.9388649630
1369 97.9301269076
1372 97.9238875186
1373 97.9136969070
1378 97.9096280058
1395 97.9078679513
1398 97.9042918554
1399 97.8690010645
1401 97.8455589791
1403 97.8418818056
1406 97.8198413462
1408 97.8192089390
1409 97.8001936857
1410 97.7987399506
1412 97.7855960666
1414 97.7509718038
1416 97.7483378943
1419 97.7369624528
1421 97.7254574348
1423 97.7222806692
1431 97.7063603110
1433 97.6907958665
1434 97.6755857392
1445 97.6611814242
1447 97.6508851053
1455 97.6483227778
1458 97.6357686718
1460 97.6319433431
1462 97.6170558045
1465 97.6106044342
1468 97.6103898377
1473 97.6035569624
1489 97.6011421810
1494 97.5985942782
1496 97.5969337735
1512 97.5923097740
1519 97.5865843381
1553 97.5853041913
1555 97.5851138850
1558 97.5845312997
1559 97.5833334784
1561 97.5827625660
1562 97.5813283063
1563 97.5810377511
1565 97.5807506119
1566 97.5801836988
1567 97.5796256705
1569 97.5791376861
1570 97.5780454755
1571 97.5774837271
1574 97.5762194964
1576 97.5756155885
1577 97.5751091336
1580 97.5743715105
1586 97.5739689868
1599 97.5733917660
1601 97.5717826720
1605 97.5717676257
1610 97.5714234427
1613 97.5711635464
1615 97.5708784935
1616 97.5708249483
1617 97.5708129055
1637 97.5707509793
1638 97.5706885422
1639 97.5706836477
1640 97.5705841397
1644 97.5703440490
1653 97.5702115604
1654 97.5700869717
1655 97.5697094434
1665 97.5696565093
1668 97.5695470993
1674 97.5695356778
1676 97.5695205234
1678 97.5694108918
1679 97.5693402111
1680 97.5693363749
1681 97.5692787817
1683 97.5692397039
1685 97.5691798565
1687 97.5690655042
1689 97.5690350071
1690 97.5690296014
1701 97.5689948763
1704 97.5687268302
1705 97.5687016067
1706 97.5683038115
1707 97.5681318214
1710 97.5681237148
1711 97.5677709126
1722 97.5676930121
1723 97.5672097455
1724 97.5668380292
1725 97.5661602715
1728 97.5657432689
1729 97.5656858591
1731 97.5653820767
1757 97.5652921552
1759 97.5640225358
1761 97.5633457756
1762 97.5630584919
1774 97.5629848200
1777 97.5627498517
1780 97.5626517341
1787 97.5624788729
1789 97.5613958368
1793 97.5612896816
1794 97.5606069930
1795 97.5599528223
1797 97.5599160783
1800 97.5593425581
1802 97.5593119363
1804 97.5586709687
1805 97.5572646279
1807 97.5562092977
1809 97.5554329554
1811 97.5547233256
1830 97.5534992401
1839 97.5530303319
1841 97.5528388399
1856 97.5520687819
1858 97.5510495991
1860 97.5509930141
1862 97.5503845081
1885 97.5497776033
1887 97.5490618313
1890 97.5482649224
1891 97.5473435317
1893 97.5471312117
1896 97.5468972245
1897 97.5461270780
1900 97.5455934171
1902 97.5451007819
1904 97.5443061175
1905 97.5438417734
1906 97.5436217261
1909 97.5432061893
1911 97.5423136591
1912 97.5413838793
1914 97.5400604654
1915 97.5387788095
1922 97.5385369554
1924 97.5372512765
1925 97.5331041855
1933 97.5306627537
1936 97.5301511122
1938 97.5285905534
1940 97.5258974446
1946 97.5258900969
1947 97.5251661861
1951 97.5249364334
1954 97.5245220393
1955 97.5229089295
1958 97.5208332023
1960 97.5193977898
1962 97.5190038407
1963 97.5189717111
1966 97.5182633520
1967 97.5145710516
1978 97.5117004472
1979 97.5112722903
1981 97.5092058145
1988 97.5057340478
2024 97.5051191851
2025 97.5009667272
2026 97.4986914511
2028 97.4904084688
2033 97.4874114606
2034 97.4862557846
2041 97.4858564849
2042 97.4839245298
2047 97.4814818110
2049 97.4777884021
2051 97.4766700344
2067 97.4757851946
2070 97.4739534288
2078 97.4738310402
2092 97.4728386310
2097 97.4726548540
2098 97.4714342375
2100 97.4700511936
2102 97.4699535241
2103 97.4688643717
2108 97.4674082229
2109 97.4657905202
2112 97.4653182405
2116 97.4651434696
2118 97.4579982409
2120 97.4514701668
2122 97.4443706557
2126 97.4432487766
2134 97.4312525749
2136 97.4283768344
2142 97.4279457160
2148 97.4238305983
2161 97.4232476065
2162 97.4169574202
2168 97.4164286635
2170 97.4164149633
2176 97.4149583118
2177 97.4133168617
2180 97.4125714969
2181 97.4113480080
2192 97.4109140702
2193 97.4106532250
2224 97.4104320868
2225 97.4103207278
2227 97.4099074299
2250 97.4088780858
2251 97.4086616043
2257 97.4084153298
2260 97.4078543120
2269 97.4077042462
2273 97.4076410388
2276 97.4072433647
2277 97.4067191320
2280 97.4062569287
2282 97.4052834135
2287 97.4029060039
2290 97.4013869452
2292 97.3980023758
2295 97.3975594795
2297 97.3959361719
2300 97.3949430709
2313 97.3929886198
2315 97.3898724621
2316 97.3854876562
2321 97.3851669634
2324 97.3778477310
2325 97.3763420975
2327 97.3707254795
2329 97.3698183531
2331 97.3694219850
2333 97.3688706120
2334 97.3685820755
2336 97.3680413612
2337 97.3673377259
2345 97.3639305047
2347 97.3624783537
2351 97.3615193535
2353 97.3610824092
2357 97.3587253589
2358 97.3565990407
2360 97.3511286625
2362 97.3461560973
2363 97.3424417274
2365 97.3404317381
2366 97.3383602980
2377 97.3336956758
2381 97.3283260362
2383 97.3282266993
2385 97.3241502139
2390 97.3190843196
2393 97.3121738604
2395 97.3117034411
2397 97.3054196712
2401 97.3007335048
2402 97.2976308105
2414 97.2837675253
2415 97.2651057648
2426 97.2643613328
2427 97.2622164080
2458 97.2610942784
2459 97.2607451069
2461 97.2595462112
2464 97.2570351126
2469 97.2554523306
2471 97.2531168870
2473 97.2496632084
2474 97.2492582461
2476 97.2464048062
2478 97.2443639831
2480 97.2390280836
2481 97.2330525542
2487 97.2282399686
2494 97.2270731407
2495 97.2174179773
2497 97.2043469888
2500 97.1994299114
2502 97.1854240564
2504 97.1804082637
2505 97.1779344274
2507 97.1681136442
2509 97.1546334716
2511 97.1393526832
2514 97.1347983230
2517 97.1226069007
2519 97.1187857633
2521 97.1155278010
2537 97.1064810487
2539 97.1016671358
2542 97.0967152157
2543 97.0933320696
2544 97.0887325243
2545 97.0855031874
2558 97.0831688039
2559 97.0788346390
2560 97.0781864242
2562 97.0709998628
2563 97.0644821011
2564 97.0607888279
2566 97.0573413894
2568 97.0419607923
2575 97.0312980021
2593 97.0288423758
2595 97.0237390918
2596 97.0104268931
2599 97.0034426050
2605 97.0028604278
2608 97.0001177169
2609 96.9975494598
2612 96.9843203665
2613 96.9714180033
2620 96.9651452136
2622 96.9516041641
2631 96.9349648157
2642 96.9302234201
2647 96.9265165214
2651 96.9183397387
2657 96.9108518824
2659 96.9003904773
2664 96.8926722034
2666 96.8892303696
2667 96.8843295744
2668 96.8816873280
2670 96.8707568344
2671 96.8499148813
2675 96.8418273488
2678 96.8316368825
2679 96.8236750606
2688 96.8236257300
2689 96.7840622199
2691 96.7440025820
2694 96.7372884684
2695 96.7186112452
2697 96.6617160751
2699 96.6609556334
2700 96.6599778481
2706 96.6402631048
2707 96.6114693098
2708 96.5914263507
2710 96.5707393015
2711 96.5429641193
2718 96.5335771475
2722 96.5007583941
2724 96.4914489723
2725 96.4504171331
2728 96.4067372732
2729 96.3913180384
2734 96.3760335898
2736 96.3646190193
2738 96.3513359016
2739 96.3355796399
2742 96.3084555457
2751 96.2865491564
2754 96.2609002994
2756 96.2291058107
2765 96.1957507560
2767 96.1708507064
2772 96.1620014387
2774 96.1249992239
2775 96.0747823352
2777 96.0718237487
2782 96.0470336019
2784 96.0246883394
2785 96.0149709177
2786 95.9297405698
2787 95.9008604136
2799 95.8636938051
2802 95.7848862584
2803 95.7202321717
2805 95.7008481000
2806 95.6762143916
2811 95.6613945854
2814 95.6119357937
2817 95.6033953110
2829 95.5920834590
2830 95.5667286113
2832 95.4931572051
2834 95.4608112723
2837 95.4091433152
2839 95.3669992562
2841 95.3293406445
2844 95.2888072266
2846 95.2408244238
2848 95.2199291483
2850 95.0519486764
2854 95.0405863671
2855 94.9762258881
2858 94.9154504273
2867 94.8574098608
2870 94.8058791283
2872 94.7838714414
2874 94.7785092974
2875 94.7381916833
2878 94.7155927361
2879 94.5207251774
2887 94.4975209846
2890 94.4393710017
2896 94.3911187590
2903 94.3868428973
2905 94.3812303060
2906 94.3557036539
2908 94.3399307001
2909 94.2803879359
2915 94.1065878450
2917 94.0070294956
2921 93.9510734134
2925 93.9369325264
2928 93.8391065519
2931 93.7585326778
2933 93.6618590895
2935 93.4515873320
2941 93.3280177946
2945 92.7970867134
2952 92.6077117009
2953 92.5607108287
2954 92.1696357088
2957 91.9413829021
2973 91.8612231950
2974 91.8138741166
2982 91.6388752293
2983 91.5364123440
2985 91.3175398588
2986 91.3167631059
2992 91.0434604073
2993 91.0086612549
2995 90.8749986222
3000 90.6466469889
3008 90.2465761104
3012 89.9811149365
3019 89.8031615277
3025 89.7198381854
3026 89.4777922571
3030 89.3899740868
3038 89.2937374544
3055 89.0557882685
3058 88.9657136734
3059 88.7594107508
3062 88.7390303500
3063 88.6848111587
3069 88.6766155889
3071 88.5945494844
3085 88.5877289165
3087 88.5563038844
3089 88.5056084593
3095 88.4564052036
3099 88.4194227085
3101 88.3927961378
3104 88.3785128672
3110 88.3727738239
3111 88.3600540316
3113 88.3452845373
3118 88.3449015549
3119 88.3304010361
3122 88.3069312559
3124 88.3021024498
3125 88.2848271614
3133 88.2556887934
3141 88.2524488657
3142 88.2469542991
3151 88.2395479162
3161 88.2395093582
3163 88.2315131975
3166 88.2306227033
3174 88.2306188805
3175 88.2304699175
3177 88.2255430619
3179 88.2232800344
3180 88.2211041200
3184 88.2134507585
3185 88.2131141337
3188 88.2116687407
3213 88.2083595902
3222 88.2037123685
3256 88.2026628253
3257 88.2002558414
3260 88.1997748902
3263 88.1984787100
3264 88.1973014316
3280 88.1970861245
3281 88.1937350140
3294 88.1894142359
3326 88.1889404251
3365 88.1886867704
3368 88.1886720588
3380 88.1885204740
3386 88.1883748281
3387 88.1880808948
3389 88.1879507921
3390 88.1879214742
3391 88.1877204251
3393 88.1876725236
3396 88.1875358635
3402 88.1871170745
3403 88.1867099227
3406 88.1862193383
3407 88.1856642665
3410 88.1853906612
3413 88.1850312560
3414 88.1847575457
3415 88.1845172434
3420 88.1841004154
3421 88.1840970308
3424 88.1838730896
3433 88.1837345579
3435 88.1826661111
3438 88.1822759963
3440 88.1819944611
3449 88.1807650446
3451 88.1806849567
3459 88.1803292059
3462 88.1801775136
3473 88.1799304994
3476 88.1793895186
3483 88.1791436358
3484 88.1787774723
3493 88.1787117868
3495 88.1786850411
3506 88.1785407321
3514 88.1785356648
3515 88.1783747106
3518 88.1783055784
3519 88.1783004406
3522 88.1782530923
3523 88.1782049696
3526 88.1779362870
3527 88.1777567797
3538 88.1776799068
3541 88.1776390619
3543 88.1776015870
3546 88.1775730548
3547 88.1775723906
3549 88.1775646497
3550 88.1775612021
3551 88.1775356398
3554 88.1775341880
3584 88.1775308835
3589 88.1775183822
3591 88.1775048944
3596 88.1774995741
3598 88.1774969484
3599 88.1774928523
3602 88.1774885780
3603 88.1774834787
3605 88.1774721749
3609 88.1774607962
3612 88.1774470628
3615 88.1774463181
3618 88.1774345202
3619 88.1774150422
3621 88.1774048330
3623 88.1773849098
3625 88.1773693370
3627 88.1773657527
3646 88.1773649515
3648 88.1773560401
3649 88.1773470772
3651 88.1773330352
3656 88.1772960356
3658 88.1772757787
3659 88.1772692651
3660 88.1772691786
3663 88.1772571890
3664 88.1772571713
3676 88.1772564771
3677 88.1772439716
3678 88.1772149411
3680 88.1771850490
3684 88.1771836658
3685 88.1771668815
3687 88.1771663275
3688 88.1771560627
3689 88.1771396792
3691 88.1771210471
3695 88.1771070439
3697 88.1770803209
3699 88.1770658709
3700 88.1770507914
3701 88.1770272557
3744 88.1770154527
3749 88.1770111841
3752 88.1770050655
3757 88.1769943994
3758 88.1769941690
3759 88.1769912350
3762 88.1769836879
3764 88.1769607007
3768 88.1769549602
3773 88.1769477725
3776 88.1769248141
3777 88.1769192734
3778 88.1768908645
3779 88.1768855848
3780 88.1768319310
3781 88.1768240019
3783 88.1768145177
3785 88.1767865837
3792 88.1767732386
3793 88.1767658397
3794 88.1767639846
3796 88.1767486238
3798 88.1766958390
3800 88.1766833706
3801 88.1766594621
3802 88.1766327064
3803 88.1765871541
3805 88.1765405065
3807 88.1764642946
3809 88.1764277645
3810 88.1764199884
3811 88.1763758516
3813 88.1763358682
3819 88.1762908465
3821 88.1762881265
3824 88.1762871986
3826 88.1762817745
3828 88.1762143145
3829 88.1761218373
3834 88.1760968065
3836 88.1760266657
3837 88.1759597387
3838 88.1759528645
3839 88.1758730368
3844 88.1757982690
3845 88.1756367809
3852 88.1754010035
3853 88.1753678989
3855 88.1750737195
3860 88.1750526742
3862 88.1748782023
3872 88.1747514950
3879 88.1746766129
3887 88.1746716991
3899 88.1745686663
3909 88.1745587844
3912 88.1745315288
3915 88.1745241675
3925 88.1745113411
3927 88.1744972663
3928 88.1744682510
3929 88.1744673602
3932 88.1744207626
3934 88.1743882605
3939 88.1743877132
3942 88.1743722781
3943 88.1743650495
3945 88.1743440415
3947 88.1743092431
3949 88.1742809605
3950 88.1742602579
3951 88.1742134354
3952 88.1741938053
3953 88.1740663084
3955 88.1740581664
3957 88.1738906012
3959 88.1738726121
3961 88.1738500669
3963 88.1737038051
3964 88.1736757577
3967 88.1736552561
3969 88.1735995787
3970 88.1735493912
3973 88.1735324202
3975 88.1734792066
3978 88.1733799510
3988 88.1733001736
3991 88.1732474567
3993 88.1731551263
3995 88.1730605991
4007 88.1729587441
4010 88.1727848274
4013 88.1727658117
4017 88.1726651429
4020 88.1726650718
4021 88.1725259640
4023 88.1724989535
4024 88.1724930304
4043 88.1724720474
4045 88.1723857752
4046 88.1723539158
4049 88.1723506765
4053 88.1723411883
4055 88.1722847587
4057 88.1722446973
4074 88.1722301049
4084 88.1722199457
4085 88.1721975555
4087 88.1721735603
4090 88.1721570687
4091 88.1720985788
4106 88.1720653327
4108 88.1720426312
4109 88.1719362220
4114 88.1718452428
4116 88.1718223800
4117 88.1718071581
4119 88.1717076661
4121 88.1717001004
4134 88.1716931520
4135 88.1716114233
4137 88.1715894492
4138 88.1715749210
4153 88.1715339775
4154 88.1714748045
4159 88.1714550406
4164 88.1713604449
4166 88.1713558684
4167 88.1713421801
4168 88.1713000663
4169 88.1712556760
4172 88.1712530861
4174 88.1711618713
4178 88.1711458459
4179 88.1711356034
4196 88.1711307565
4198 88.1711233052
4202 88.1710585688
4203 88.1710089815
4209 88.1709550391
4210 88.1708853596
4211 88.1707346481
4214 88.1707013491
4217 88.1706959630
4219 88.1706251711
4225 88.1704955684
4228 88.1704431613
4229 88.1702596346
4231 88.1701880136
4234 88.1700150740
4235 88.1698975942
4244 88.1698884825
4245 88.1698162342
4246 88.1698097207
4248 88.1697941374
4250 88.1697509562
4253 88.1696979631
4256 88.1694979722
4257 88.1693834214
4259 88.1693556576
4262 88.1692553151
4264 88.1692142801
4265 88.1690140955
4267 88.1687775399
4271 88.1686969104
4273 88.1686155016
4274 88.1684011843
4275 88.1683182406
4277 88.1681635059
4281 88.1681593340
4283 88.1679455304
4285 88.1676471177
4288 88.1675942762
4289 88.1674652423
4291 88.1672552177
4294 88.1671412768
4296 88.1670300207
4297 88.1670212853
4299 88.1670170208
4300 88.1669697264
4303 88.1667566301
4305 88.1666561996
4306 88.1666021371
4307 88.1662605404
4309 88.1660766628
4732 252.0403377833
evaluations raw_y
1 7711354.5729685379
2 1942452.4808269616
5 1016535.5908811025
8 457928.9824664500
10 32073.3276323295
13 30373.1273397879
24 3091.0634293069
37 161.6227599954
73 122.4670340344
108 90.2124953285
450 84.5815763718
453 81.1752911554
459 79.8266409127
460 77.8877958655
461 75.9337697887
463 71.6736588734
466 68.5827980872
472 64.2086064268
473 63.6357692471
479 62.6849864088
480 57.1464800919
482 56.1897966329
483 54.0632694878
484 53.3803030546
485 51.8809214577
489 51.5299063673
490 51.1917769202
494 50.3804779506
497 50.2599400421
500 41.1415405813
506 40.0108087284
507 28.2311563783
512 24.8934557829
525 21.4819816927
529 19.7082025397
557 17.4611258597
559 16.8681845802
560 15.6211187594
593 15.5070638871
611 15.4865165796
652 15.4616184267
654 15.2357031386
900 15.2355437794
901 15.2350912019
1189 15.2350608645
1191 15.2350599523
1193 15.2349997453
1198 15.2349605616
1199 15.2349461278
1208 15.2348892119
1215 15.2348756007
1218 15.2348168759
1219 15.2346590504
1221 15.2345139836
1223 15.2343818159
1226 15.2341450856
1228 15.2339398257
1230 15.2337999326
1231 15.2337480506
1232 15.2336730446
1233 15.2329982956
1244 15.2329503770
1273 15.2327507602
1274 15.2325318577
1275 15.2322253719
1276 15.2311040162
1277 15.2306391060
1278 15.2296944159
1282 15.2293042688
1285 15.2278247907
1298 15.2251821236
1300 15.2241089676
1306 15.2210817643
1308 15.2170669154
1311 15.2170561054
1313 15.2144737414
1315 15.2111226771
1316 15.2100607723
1336 15.2086162431
1337 15.2024584642
1339 15.2019389478
1342 15.1956221615
1343 15.1910537681
1350 15.1899730052
1355 15.1891285529
1359 15.1817215320
1361 15.1802572228
1364 15.1789729807
1372 15.1762048936
1376 15.1747828450
1395 15.1706777343
1397 15.1662794019
1402 15.1574075434
1405 15.1507011419
1407 15.1468877198
1414 15.1443676859
1417 15.1339997353
1419 15.1215052034
1422 15.1202468577
1423 15.1132060101
1427 15.1100917338
1429 15.1036449889
1432 15.1033800793
1450 15.0877652404
1452 15.0763021340
1466 15.0560118585
1475 15.0457893038
1494 15.0409436594
1499 15.0370600327
1501 15.0285784371
1503 15.0254068491
1504 15.0238900136
1506 15.0221419249
1511 15.0141837869
1513 15.0113381780
1515 15.0062992652
1518 15.0001141245
1519 14.9858378660
1524 14.9795359330
1525 14.9633436050
1528 14.9629238102
1538 14.9551493300
1539 14.9528274033
1540 14.9493596609
1542 14.9381386688
1543 14.9232765873
1544 14.9229156458
1545 14.9114410830
1548 14.8936955103
1551 14.8910293953
1554 14.8907185158
1555 14.8899131619
1559 14.8889698160
1567 14.8886057581
1568 14.8822665379
1574 14.8802330930
1575 14.8678388332
1577 14.8629728025
1579 14.8474455312
1583 14.8401064868
1592 14.8345264528
1596 14.8333938150
1598 14.8309605522
1612 14.8303824083
1613 14.8273235215
1614 14.8250995012
1615 14.8243825017
1616 14.8194421651
1617 14.8115692531
1620 14.8063510237
1621 14.7951115060
1623 14.7944364621
1625 14.7941905220
1626 14.7792710670
1628 14.7782526208
1629 14.7628506243
1633 14.7513410611
1635 14.7403611991
1642 14.7315054535
1643 14.7181162070
1645 14.7014666660
1648 14.6821582228
1649 14.6777638343
1654 14.6528220130
1656 14.6506038690
1666 14.6424671820
1668 14.6285168764
1669 14.6070999436
1672 14.6015117264
1673 14.5665931810
1675 14.5600241659
1678 14.5260495660
1682 14.4736475579
1684 14.4625807956
1685 14.4265144839
1689 14.3848635482
1717 14.3744922126
1734 14.3642007071
1736 14.3631233887
1737 14.3528999661
1739 14.3504512033
1741 14.3432529949
1743 14.3382864424
1744 14.3102396473
1745 14.2981189545
1746 14.2919003589
1747 14.2865095151
1754 14.2816664731
1757 14.2572107674
1759 14.2395079774
1761 14.2243365316
1762 14.2180256450
1763 14.1934975396
1771 14.1771555812
1775 14.1750433001
1778 14.1667786543
1779 14.1647889610
1780 14.1194423476
1781 14.1083563169
1788 14.1070165235
1790 14.0890757636
1793 14.0781575093
1795 14.0676805662
1797 14.0605881929
1799 14.0371196223
1800 14.0297091085
1801 14.0099918191
1803 13.9903334088
1805 13.9760368795
1806 13.9638515468
1808 13.9441964230
1809 13.9369148434
1811 13.9283538543
1812 13.8715609112
1814 13.8538450392
1823 13.8294356501
1851 13.8189465099
1852 13.7215848871
1857 13.6984128118
1859 13.6375013218
1862 13.5890139951
1864 13.4916360301
1867 13.4862238437
1869 13.4810160339
1870 13.4527167329
1871 13.3537744405
1881 13.3316977644
1885 13.2579285777
1887 13.1484159295
1889 13.1330045673
1890 13.0788585121
1891 13.0614255260
1893 13.0542233544
1895 13.0084422150
1898 12.9533477940
1899 12.9413190018
1900 12.8661648703
1902 12.7974596341
1906 12.7866801295
1908 12.6404657095
1909 12.6184685592
1913 12.5425625051
1915 12.5338893981
1916 12.4396088937
1917 12.3178961835
1920 12.2392483397
1922 12.1418538086
1924 11.8360983561
1927 11.6616552310
1928 11.6397391494
1929 11.4490995439
1931 11.2882419425
1936 11.2321392004
1939 11.2090700241
1940 11.1306379133
1942 11.1253275898
1943 11.0852103273
1946 10.8746182588
1949 10.7246870473
1959 10.6390213010
1962 10.5927113710
1964 10.3730230169
1965 10.3083611378
1966 10.2348810781
1968 10.1350616796
1975 10.1236499908
1977 10.0775168312
1978 10.0529046418
1980 10.0134876653
1981 9.9688411702
1983 9.9493575359
1985 9.9156621832
1987 9.8918068706
1990 9.8771273309
1996 9.8626314788
2000 9.8558131056
2004 9.8471926158
2005 9.8396897479
2008 9.8257921129
2014 9.8201076899
2016 9.7989238475
2039 9.7943166867
2043 9.7925359387
2050 9.7893032371
2051 9.7885533508
2056 9.7880616283
2064 9.7879346616
2067 9.7858162698
2075 9.7854327808
2076 9.7848933918
2082 9.7843689366
2084 9.7835423510
2087 9.7826733777
2105 9.7818069226
2132 9.7814867461
2133 9.7813633077
2134 9.7808213210
2138 9.7805237333
2140 9.7791334270
2142 9.7787203275
2153 9.7769083407
2155 9.7765138455
2158 9.7759091538
2159 9.7744187902
2162 9.7741689580
2170 9.7740952194
2171 9.7737315312
2174 9.7735216503
2176 9.7734609138
2185 9.7734491156
2187 9.7728850807
2188 9.7720346093
2189 9.7717461026
2192 9.7704674895
2197 9.7701981057
2205 9.7694987364
2221 9.7690469611
2222 9.7682011050
2225 9.7671558610
2227 9.7670475913
2228 9.7658162737
2233 9.7649155138
2241 9.7648752662
2259 9.7640356863
2263 9.7634224305
2264 9.7628119064
2267 9.7616808832
2276 9.7615679910
2278 9.7604920480
2279 9.7592737371
2286 9.7575878719
2290 9.7568827909
2296 9.7557961108
2317 9.7557003142
2322 9.7537201824
2324 9.7534141703
2325 9.7521472340
2327 9.7507349065
2329 9.7487388369
2333 9.7479584082
2334 9.7471467050
2336 9.7466140391
2337 9.7460283664
2339 9.7459871962
2340 9.7453053987
2341 9.7444630601
2342 9.7433388895
2343 9.7422819394
2344 9.7413662385
2347 9.7408488317
2348 9.7407387025
2350 9.7406752917
2351 9.7385890256
2353 9.7373712273
2360 9.7351225140
2365 9.7335475400
2372 9.7334379131
2373 9.7320457687
2377 9.7318851879
2380 9.7300781842
2382 9.7285137022
2385 9.7248662335
2390 9.7247412902
2391 9.7232057647
2396 9.7214436397
2408 9.7207288782
2412 9.7175356431
2413 9.7166812834
2416 9.7152715160
2417 9.7132262387
2433 9.7112702320
2445 9.7107184391
2455 9.7107154620
2458 9.7100884845
2471 9.7095214191
2472 9.7094706740
2473 9.7094346692
2478 9.7092171167
2480 9.7089138714
2492 9.7088674457
2493 9.7082941174
2499 9.7081212787
2502 9.7071330995
2504 9.7066098084
2506 9.7060972238
2508 9.7058348330
2518 9.7056763061
2520 9.7056313582
2522 9.7055402650
2523 9.7053533145
2524 9.7052523576
2528 9.7045293525
2529 9.7037090964
2535 9.7028616850
2537 9.7026335946
2538 9.7006172110
2540 9.7005781841
2541 9.6996077176
2555 9.6993328265
2557 9.6992327937
2559 9.6991878697
2565 9.6991419272
2566 9.6988592616
2567 9.6987414006
2569 9.6986979762
2571 9.6982519809
2581 9.6982228281
2583 9.6976727623
2586 9.6975830592
2587 9.6974228052
2589 9.6973187754
2590 9.6972301711
2591 9.6962269510
2603 9.6959369802
2607 9.6955110747
2620 9.6954401296
2622 9.6950069102
2626 9.6947179052
2629 9.6945081513
2632 9.6937639899
2634 9.6936006858
2636 9.6931357429
2638 9.6930012597
2640 9.6926083856
2641 9.6920904311
2643 9.6920286264
2645 9.6912514207
2647 9.6906808465
2648 9.6897334465
2649 9.6893983249
2654 9.6874507495
2661 9.6874059314
2662 9.6863108077
2664 9.6853633782
2671 9.6852852767
2681 9.6849417788
2684 9.6848332262
2685 9.6844755528
2689 9.6843687495
2691 9.6837518583
2694 9.6828887875
2696 9.6828483931
2698 9.6827939372
2700 9.6821081722
2702 9.6810646317
2704 9.6807139395
2706 9.6804960509
2707 9.6798767497
2713 9.6798325208
2715 9.6792639355
2718 9.6786916007
2719 9.6786652045
2721 9.6784894129
2723 9.6779195536
2726 9.6772293249
2727 9.6767701187
2730 9.6763251062
2732 9.6762066508
2736 9.6761479987
2737 9.6758595568
2739 9.6749806851
2741 9.6749491480
2745 9.6742367930
2747 9.6734652082
2749 9.6731972252
2753 9.6726121831
2754 9.6726112328
2757 9.6723092390
2758 9.6722307855
2759 9.6720308281
2760 9.6714955254
2762 9.6710794386
2763 9.6710704329
2766 9.6691134831
2768 9.6687342155
2773 9.6680910413
2775 9.6676806259
2779 9.6675437518
2815 9.6668469068
2817 9.6667487604
2824 9.6664338051
2842 9.6664016443
2846 9.6659584877
2852 9.6655413568
2854 9.6654675927
2884 9.6654276427
2890 9.6652086222
2892 9.6650906179
2897 9.6650360451
2898 9.6650296197
2899 9.6649033943
2903 9.6648435946
2905 9.6648288760
2906 9.6646938699
2908 9.6645928098
2909 9.6644375585
2922 9.6644026948
2924 9.6643494478
2927 9.6643277827
2928 9.6643054820
2929 9.6642324182
2938 9.6642009108
2939 9.6641315103
2943 9.6639992846
2951 9.6639771909
2954 9.6639402646
2955 9.6638308412
2958 9.6637611061
2959 9.6637480359
2960 9.6636849458
2961 9.6636350833
2968 9.6635814639
2969 9.6635410592
2971 9.6635331044
2972 9.6633544148
2973 9.6631960218
2975 9.6631767579
2977 9.6631321950
2980 9.6630146275
2981 9.6627811885
2985 9.6624374201
2987 9.6622761813
2989 9.6617479984
2992 9.6611894329
2993 9.6601265975
2995 9.6600478522
2996 9.6596506345
3002 9.6593217783
3004 9.6575653944
3005 9.6550553798
3010 9.6548029767
3011 9.6539198056
3013 9.6531958775
3015 9.6517686451
3016 9.6517450863
3023 9.6506667087
3030 9.6505508993
3033 9.6499186747
3035 9.6492241602
3037 9.6483563025
3040 9.6482619451
3042 9.6471706409
3044 9.6466665237
3046 9.6465434039
3050 9.6464062268
evaluations raw_y
1 10270120.2352198865
2 5338851.3304422889
11 80885.5116476056
52 50257.0084748600
55 16346.2204717798
63 13937.5373470574
66 6830.9117598019
68 2134.7722537789
116 499.1168243261
140 405.0472481957
143 305.3018512078
1465 302.7078232147
1469 298.8891173308
1474 286.4472161589
1477 270.4592800426
1483 259.2590344131
1485 250.9268556836
1486 250.0616817093
1494 249.9806576367
1495 240.5622965774
1503 238.6125734916
1504 229.6906354964
1505 224.9420927817
1507 216.8048324387
1509 205.6195472466
1511 201.1756883102
1513 199.7104612113
1514 195.5553997267
1515 192.5405412563
1518 189.3770415432
1520 189.1357165854
1521 188.2337349036
1526 186.0907142826
1528 178.7048050717
1530 176.9232587806
1531 174.1824739099
1533 159.9058153121
1535 155.2200525769
1536 153.0856188389
1537 147.4878256913
1544 146.6180631232
1545 146.4655875994
1546 143.2212517341
1554 141.0993613907
1555 139.6525537801
1558 130.7701236412
1559 127.0014482996
1562 123.2499072413
1563 120.0345252764
1566 113.8192828986
1571 111.4906511179
1577 108.0474083687
1579 105.8401407635
1582 102.7834615617
1588 101.8814129750
1595 98.7503124709
1598 96.1680848835
1603 95.9505358639
1604 94.7877923064
1605 93.2484145703
1606 92.8056816832
1607 90.9958986788
1608 89.9453284262
1616 87.7819294175
1617 86.3795350498
1622 83.5296705885
1629 80.1659709164
1637 77.0308263425
1642 76.8123369273
1646 76.1765382973
1647 73.8455767238
1650 72.8955444416
1651 72.3480117668
1661 72.3315917185
1662 71.5608532874
1668 71.4347491587
1669 71.3600532846
1670 70.5816051543
1672 70.2367248646
1674 70.0774157078
1687 70.0351120920
1688 70.0308059340
1689 70.0183903767
1694 70.0110546052
1721 70.0024617415
1752 70.0023958737
1755 70.0000040457
1758 69.9981062676
1787 69.9978791950
1896 69.9977737257
1903 69.9977720570
1904 69.9976829707
1905 69.9974866789
1924 69.9974498517
1929 69.9973914173
1931 69.9972026331
1934 69.9971079863
1959 69.9970346039
1961 69.9970140370
1966 69.9968638444
1968 69.9966972781
1969 69.9966593975
1970 69.9965126039
1971 69.9963883330
1974 69.9963052089
1975 69.9960566763
1977 69.9959785765
1980 69.9958096540
1983 69.9956292151
1985 69.9954564311
1988 69.9953928619
1997 69.9953756727
1998 69.9953048993
2006 69.9951938249
2025 69.9951745060
2026 69.9950286959
2029 69.9948942946
2033 69.9948437895
2035 69.9947135033
2039 69.9946662573
2042 69.9945731497
2044 69.9944464446
2045 69.9943073801
2048 69.9942819666
2051 69.9942247965
2052 69.9941177493
2057 69.9938871617
2059 69.9937910896
2061 69.9937618205
2063 69.9937525496
2066 69.9935419549
2068 69.9934601116
2070 69.9934260188
2071 69.9933934250
2073 69.9932915334
2077 69.9931599780
2079 69.9931387358
2081 69.9929781209
2082 69.9929606015
2083 69.9928006479
2086 69.9926537621
2087 69.9925440049
2090 69.9923382418
2091 69.9920957100
2096 69.9914150589
2106 69.9910069332
2107 69.9900300442
2109 69.9889889495
2116 69.9883512511
2123 69.9868979578
2125 69.9854510553
2128 69.9843499339
2142 69.9831598488
2144 69.9793449936
2147 69.9765922554
2149 69.9736845536
2152 69.9723583501
2156 69.9716027613
2158 69.9687647187
2162 69.9683208427
2168 69.9678429512
2169 69.9676501460
2171 69.9653783771
2176 69.9645178067
2178 69.9642293189
2179 69.9631481481
2180 69.9584332412
2181 69.9557519811
2183 69.9525730056
2189 69.9471546128
2192 69.9438479510
2193 69.9373965021
2198 69.9281828012
2202 69.9229166573
2225 69.9225665057
2228 69.9158976336
2234 69.9157420662
2235 69.9121050732
2236 69.9114275375
2237 69.9074707309
2239 69.9063362556
2241 69.9002097074
2243 69.8940357974
2247 69.8909787038
2249 69.8895533417
2253 69.8865086492
2255 69.8791991074
2258 69.8783979787
2262 69.8775304672
2263 69.8719339932
2266 69.8681577401
2268 69.8596526381
2292 69.8594875222
2293 69.8510681523
2298 69.8494447892
2300 69.8353543016
2301 69.8331619724
2303 69.8282465446
2306 69.8258085308
2311 69.8078271740
2313 69.8031054703
2323 69.8028912720
2326 69.8001685866
2327 69.7963489893
2332 69.7912977380
2334 69.7847911567
2335 69.7817841999
2343 69.7801980107
2345 69.7785455996
2355 69.7735007197
2357 69.7720372730
2360 69.7696641640
2384 69.7660742620
2385 69.7655873948
2386 69.7639948518
2392 69.7597597765
2419 69.7594274563
2426 69.7549787329
2427 69.7502862837
2429 69.7440495714
2431 69.7437787136
2432 69.7388903633
2435 69.7376157966
2444 69.7370458127
2445 69.7269531753
2448 69.7264494634
2449 69.7167886119
2451 69.7078944462
2454 69.7006723398
2458 69.6947655494
2461 69.6903681444
2473 69.6878614293
2476 69.6870983266
2478 69.6824019709
2479 69.6815535657
2482 69.6778260875
2514 69.6761406677
2516 69.6759289449
2518 69.6738045485
2519 69.6710595746
2521 69.6685111163
2523 69.6611454754
2527 69.6597447283
2528 69.6534970987
2532 69.6508551425
2533 69.6507905418
2537 69.6497465193
2539 69.6495379790
2540 69.6444529584
2541 69.6409177089
2544 69.6405575539
2546 69.6374968172
2548 69.6323978955
2553 69.6286653195
2555 69.6254042710
2557 69.6246218556
2559 69.6183456386
2561 69.6156918775
2563 69.6103576196
2565 69.6082442683
2568 69.6029572200
2572 69.5993995881
2573 69.5959778778
2575 69.5877361803
2585 69.5822760179
2587 69.5811734833
2590 69.5791544572
2591 69.5757178926
2592 69.5740135562
2595 69.5697807228
2596 69.5689844876
2598 69.5614588435
2602 69.5593206513
2605 69.5563364380
2607 69.5557330182
2608 69.5527637619
2609 69.5500206951
2611 69.5451935099
2619 69.5442860083
2620 69.5368150567
2622 69.5366294281
2624 69.5333404280
2625 69.5206955790
2628 69.5135511570
2630 69.5129517996
2632 69.5108950399
2634 69.5078196826
2636 69.5034839938
2640 69.4973912673
2655 69.4945631827
2660 69.4910239841
2662 69.4853705681
2664 69.4850908869
2684 69.4834724108
2685 69.4770155290
2705 69.4742771774
2708 69.4739762732
2714 69.4725836395
2715 69.4708627092
2717 69.4671229912
2719 69.4668859989
2720 69.4666851924
2721 69.4650489378
2723 69.4647180964
2727 69.4624564495
2795 69.4624349263
2798 69.4610811769
2801 69.4601257050
2827 69.4590894415
2832 69.4582242630
2833 69.4558281745
2837 69.4553492861
2840 69.4546616582
2841 69.4546588873
2848 69.4540064429
2850 69.4517618898
2857 69.4507610515
2862 69.4489358435
2865 69.4482343314
2868 69.4476630277
2869 69.4446335754
2874 69.4441364858
2875 69.4427683599
2877 69.4405102958
2879 69.4378185275
2881 69.4367474255
2883 69.4362756614
2886 69.4339060160
2888 69.4324916149
2892 69.4315181932
2894 69.4313253157
2896 69.4301320521
2899 69.4286640471
2901 69.4252045319
2917 69.4239800451
2920 69.4229052797
2923 69.4218802666
2950 69.4213790143
2952 69.4195473763
2953 69.4185136512
2956 69.4173958788
2957 69.4158349523
2963 69.4156157938
2966 69.4142551472
2967 69.4124439781
2993 69.4112407651
2995 69.4103347336
2997 69.4086355413
3000 69.4085253992
3001 69.4083069002
3018 69.4078772122
3020 69.4070328190
3022 69.4062987820
3024 69.4052790262
3030 69.4034954123
3033 69.4033315203
3036 69.4021000982
3037 69.4019128235
3039 69.3993556477
3042 69.3993155507
3043 69.3977150498
3046 69.3971961330
3047 69.3950309507
3051 69.3940786586
3054 69.3930186720
3075 69.3923150665
3080 69.3874798898
3085 69.3857414875
3102 69.3827842344
3103 69.3811753490
3105 69.3787411654
3106 69.3762006975
3110 69.3722548223
3111 69.3699595263
3131 69.3686415952
3133 69.3685475317
3134 69.3668791919
3151 69.3666260793
3152 69.3631223694
3153 69.3607766722
3156 69.3600293909
3157 69.3571784185
3160 69.3520032467
3161 69.3518297982
3165 69.3463251335
3175 69.3421825127
3177 69.3387061616
3179 69.3332461296
3180 69.3298750982
3182 69.3251125304
3183 69.3239714680
3191 69.3223913994
3192 69.3162188809
3193 69.3147281843
3195 69.3078080940
3204 69.3060734547
3205 69.3030743819
3206 69.2926159053
3216 69.2834069184
3217 69.2826122904
3225 69.2642809066
3227 69.2548745577
3230 69.2386018967
3231 69.2116875321
3236 69.2047457423
3237 69.1736843080
3239 69.1709427697
3240 69.1670858007
3241 69.1643878758
3243 69.1479323422
3245 69.1105253980
3247 69.0748268543
3250 69.0185701957
3251 68.9875293746
3253 68.9478654022
3257 68.9385506695
3263 68.8660974011
3265 68.8609871059
3266 68.8335229814
3268 68.7335117281
3269 68.7097136478
3272 68.6627932911
3278 68.6485673043
3293 68.5677758063
3295 68.4558922137
3297 68.3643340796
3298 68.3135078927
3300 68.3070697884
3307 68.2678312289
3309 68.2097187709
3316 68.0646867912
3322 67.9881550448
3339 67.9341038123
3341 67.9334102705
3343 67.9215963569
3346 67.8834839681
3348 67.8491781907
3357 67.8222889801
3365 67.8121723891
3390 67.7994894719
3391 67.7941950612
3393 67.7376025555
3403 67.7307167674
3405 67.7115108793
3407 67.7089314006
3409 67.7052807158
3412 67.6733422343
3413 67.6656220913
3418 67.6400504970
3421 67.6349709887
3423 67.6159963569
3425 67.6009551021
3437 67.5818571119
3453 67.5778528613
3460 67.5753200972
3470 67.5726590706
3474 67.5723771918
3500 67.5722822269
3501 67.5721303565
3515 67.5719396462
3521 67.5718635316
3523 67.5718346688
3530 67.5717631600
3556 67.5717616341
3587 67.5717590177
3602 67.5717560000
3603 67.5717554516
3604 67.5717542291
3615 67.5717538997
3616 67.5717533358
3617 67.5717524271
3618 67.5717496301
3619 67.5717495373
3621 67.5717487160
3623 67.5717471763
3659 67.5717470998
3661 67.5717466169
3805 67.5717466097
3808 67.5717466094
3810 67.5717465741
3819 67.5717465706
3823 67.5717465485
3826 67.5717465393
3827 67.5717465317
3829 67.5717465307
3830 67.5717465105
3832 67.5717465013
3833 67.5717464985
3836 67.5717464971
3841 67.5717464841
3843 67.5717464781
3846 67.5717464765
3848 67.5717464733
3850 67.5717464679
3851 67.5717464571
3853 67.5717464490
3855 67.5717464444
3858 67.5717464433
3870 67.5717464402
3872 67.5717464265
3874 67.5717464212
3876 67.5717464051
3877 67.5717464013
3883 67.5717463962
3887 67.5717463838
3900 67.5717463830
3903 67.5717463818
3904 67.5717463793
3905 67.5717463771
3908 67.5717463711
3909 67.5717463707
3912 67.5717463634
3914 67.5717463595
3915 67.5717463540
3916 67.5717463537
3918 67.5717463468
3921 67.5717463411
3924 67.5717463380
3925 67.5717463344
3927 67.5717463278
3930 67.5717463229
3949 67.5717463192
3951 67.5717463180
3952 67.5717463139
3953 67.5717463085
3956 67.5717462972
3957 67.5717462899
3960 67.5717462853
3961 67.5717462769
3964 67.5717462703
3965 67.5717462553
3974 67.5717462526
3981 67.5717462487
3983 67.5717462157
3987 67.5717462111
3988 67.5717461891
3992 67.5717461789
4003 67.5717461719
4015 67.5717461633
4017 67.5717461595
4018 67.5717461528
4019 67.5717461518
4030 67.5717461447
4031 67.5717461437
4034 67.5717461404
4036 67.5717461347
4040 67.5717461322
4042 67.5717461203
4044 67.5717461197
4045 67.5717461181
4047 67.5717461103
4050 67.5717461039
4052 67.5717461015
4053 67.5717460904
4054 67.5717460895
4058 67.5717460766
4061 67.5717460604
4063 67.5717460589
4065 67.5717460580
4068 67.5717460447
4070 67.5717460442
4071 67.5717460315
4074 67.5717460286
4076 67.5717460259
4077 67.5717460223
4081 67.5717460218
4083 67.5717460153
4088 67.5717460151
4090 67.5717460111
4091 67.5717460077
4092 67.5717460055
4098 67.5717460025
4100 67.5717460015
4101 67.5717460011
4102 67.5717459981
4103 67.5717459865
4108 67.5717459863
4110 67.5717459827
4112 67.5717459789
4121 67.5717459730
4125 67.5717459708
4127 67.5717459586
4130 67.5717459508
4131 67.5717459490
4134 67.5717459411
4139 67.5717459404
4144 67.5717459362
4145 67.5717459313
4148 67.5717459207
4151 67.5717459139
4154 67.5717459068
4156 67.5717459059
4161 67.5717458955
4176 67.5717458945
4177 67.5717458912
4182 67.5717458844
4184 67.5717458842
4185 67.5717458776
4187 67.5717458725
4188 67.5717458669
4191 67.5717458613
4193 67.5717458507
4195 67.5717458487
4198 67.5717458442
4200 67.5717458172
4201 67.5717458134
4203 67.5717457876
4205 67.5717457665
4209 67.5717457589
4211 67.5717457528
4213 67.5717457430
4214 67.5717457388
4218 67.5717457235
4219 67.5717457079
4224 67.5717457057
4226 67.5717456903
4227 67.5717456858
4228 67.5717456740
4229 67.5717456644
4232 67.5717456632
4233 67.5717456548
4235 67.5717455704
4237 67.5717455428
4238 67.5717455182
4240 67.5717454980
4244 67.5717454498
4245 67.5717454392
4248 67.5717454232
4249 67.5717454155
4251 67.5717453149
4254 67.5717452518
4255 67.5717452314
4257 67.5717450993
4265 67.5717450676
4268 67.5717449697
4269 67.5717448907
4272 67.5717447167
4273 67.5717446477
4279 67.5717445976
4282 67.5717445135
4284 67.5717443874
4285 67.5717441412
4287 67.5717440887
4289 67.5717438516
4293 67.5717436687
4299 67.5717436640
4300 67.5717435671
4305 67.5717433706
4308 67.5717433070
4310 67.5717432205
4311 67.5717429877
4314 67.5717427032
4338 67.5717426828
4339 67.5717426738
4343 67.5717425291
4355 67.5717425183
4361 67.5717423919
4363 67.5717422377
4378 67.5717421670
4379 67.5717421094
4385 67.5717421054
4387 67.5717420190
4390 67.5717419807
4393 67.5717419737
4394 67.5717418737
4400 67.5717418218
4401 67.5717417935
4413 67.5717417528
4417 67.5717416407
4419 67.5717415390
4421 67.5717415384
4423 67.5717413792
4431 67.5717413139
4442 67.5717412065
4444 67.5717411196
4468 67.5717410488
4473 67.5717410298
4474 67.5717410120
4475 67.5717409953
4477 67.5717409834
4484 67.5717409795
4486 67.5717408936
4503 67.5717408809
4509 67.5717407975
4515 67.5717407604
4534 67.5717407553
4536 67.5717407536
4537 67.5717407490
4540 67.5717407483
4542 67.5717407425
4576 67.5717407389
4582 67.5717407372
4586 67.5717407356
4587 67.5717407341
4588 67.5717407329
4591 67.5717407323
4594 67.5717407320
4595 67.5717407295
4597 67.5717407258
4599 67.5717407251
4603 67.5717407222
4605 67.5717407216
4607 67.5717407174
4609 67.5717407127
4612 67.5717407125
4613 67.5717407120
4622 67.5717407115
4624 67.5717407063
4625 67.5717407037
4632 67.5717406949
4634 67.5717406922
4635 67.5717406908
4638 67.5717406826
4640 67.5717406803
4643 67.5717406767
4652 67.5717406754
4656 67.5717406718
4658 67.5717406710
4660 67.5717406699
4683 67.5717406697
4700 67.5717406673
4701 67.5717406639
4709 67.5717406605
4720 67.5717406599
4724 67.5717406598
4725 67.5717406564
4729 67.5717406547
4732 67.5717406577
evaluations raw_y
1 14820216.5765593555
2 2181496.1055415673
3 697720.9607678924
7 114849.5610981603
15 17168.0346390150
28 4118.2366025280
30 269.2625746273
52 44.7511248645
1537 44.4376161386
1538 44.2516773583
1543 43.9788070065
1545 43.5046879346
1547 43.1920603092
1555 43.0349114125
1557 43.0254529443
1565 42.3211709235
1567 41.5672860559
1569 41.3755970767
1573 41.0511446627
1581 41.0370947236
1591 41.0015218302
1599 40.8387797498
1601 40.6837382068
1602 40.5052832048
1604 40.3954647921
1605 40.3164660597
1606 39.9836063420
1608 39.9078116675
1610 39.2391242755
1614 39.0598096330
1615 38.7988879379
1617 38.5827107877
1619 38.3577049366
1621 37.9871526133
1623 37.8060455523
1626 37.4791717624
1627 36.9822871843
1631 36.6389087886
1634 36.5569230793
1635 35.7785883037
1637 35.1575067181
1640 34.8768235224
1641 34.4506792430
1655 34.3975189171
1657 34.0983810152
1660 33.9255931924
1661 33.8651123016
1669 33.7984265327
1670 33.3591350238
1671 33.2632406191
1673 33.1690579070
1675 32.8569967810
1676 32.7895806506
1700 32.7864561963
1705 32.7856543221
1706 32.4938212376
1707 32.4437606493
1710 32.2561950974
1711 32.1090494954
1714 31.8374900257
1715 31.3683961288
1717 31.0769981596
1719 30.7278057532
1721 30.4037912326
1723 29.7338061850
1725 29.6132623899
1728 29.5543389699
1730 28.9847105864
1731 28.8095478961
1732 28.3761278420
1733 28.3651261954
1735 28.3008742104
1736 27.8803115335
1738 27.8056779566
1747 27.3159186564
1749 27.0506327134
1751 26.3875009835
1768 26.1820401274
1769 26.0234504126
1772 25.6988280691
1849 25.6822714986
1855 25.6365879100
1861 25.6062653806
1866 25.5898406700
1873 25.5885259385
1876 25.5794999926
1877 25.5749448163
1882 25.5631255492
1918 25.5571605706
1919 25.5378847813
1949 25.5320315018
1966 25.5317764064
1967 25.5251658234
1972 25.5188155307
1975 25.5184124467
2021 25.5178998009
2060 25.5176500416
2061 25.5172941710
2063 25.5172622541
2066 25.5169745424
2074 25.5168002878
2075 25.5167602279
2090 25.5166852531
2104 25.5166597570
2106 25.5166575742
2113 25.5165396594
2116 25.5164751007
2120 25.5164334194
2122 25.5164327313
2124 25.5163677427
2128 25.5163142083
2130 25.5162808083
2132 25.5161937485
2133 25.5161789610
2138 25.5160829215
2150 25.5160786207
2151 25.5160542262
2347 25.5160489297
2350 25.5160483239
2351 25.5160401942
2352 25.5160324858
2353 25.5160251992
2355 25.5160217024
2360 25.5160153423
2361 25.5159953294
2363 25.5159911317
2364 25.5159823651
2365 25.5159781722
2366 25.5159762444
2368 25.5159717141
2370 25.5159710987
2372 25.5159642227
2401 25.5159640386
2420 25.5159629665
2422 25.5159618173
2424 25.5159609712
2427 25.5159609308
2428 25.5159590222
2430 25.5159589247
2431 25.5159560312
2446 25.5159543354
2449 25.5159539127
2450 25.5159522860
2451 25.5159517022
2453 25.5159503066
2457 25.5159494988
2458 25.5159494665
2459 25.5159481640
2460 25.5159458161
2462 25.5159453574
2463 25.5159434382
2465 25.5159433102
2467 25.5159390930
2469 25.5159389233
2471 25.5159330894
2473 25.5159327625
2474 25.5159327607
2478 25.5159266891
2479 25.5159264726
2491 25.5159172180
2495 25.5159149226
2496 25.5159148073
2513 25.5159143707
2517 25.5159116284
2520 25.5159082161
2521 25.5159034820
2524 25.5158995126
2529 25.5158954466
2532 25.5158950454
2533 25.5158941869
2538 25.5158913123
2539 25.5158881875
2544 25.5158851077
2545 25.5158850379
2546 25.5158814987
2547 25.5158795602
2549 25.5158751412
2550 25.5158744549
2551 25.5158704703
2554 25.5158664768
2557 25.5158601242
2559 25.5158571209
2560 25.5158552050
2561 25.5158499701
2566 25.5158498467
2567 25.5158423825
2568 25.5158393604
2569 25.5158325151
2570 25.5158226742
2571 25.5157963938
2577 25.5157869679
2579 25.5157812394
2587 25.5157686893
2589 25.5157411897
2591 25.5157231802
2593 25.5157175568
2594 25.5157037058
2595 25.5156835656
2603 25.5156792927
2604 25.5156767960
2606 25.5156634592
2615 25.5156623849
2618 25.5156585109
2622 25.5156575011
2623 25.5156390280
2625 25.5156283637
2627 25.5156273125
2632 25.5156271265
2633 25.5156252392
2686 25.5156175132
2687 25.5156141081
2690 25.5155972613
2692 25.5155949416
2693 25.5155909879
2694 25.5155825167
2697 25.5155568767
2699 25.5155395159
2701 25.5155070969
2703 25.5154970428
2707 25.5154639539
2709 25.5154332054
2710 25.5154034185
2712 25.5153750279
2716 25.5153187679
2738 25.5153150949
2741 25.5153030939
2742 25.5152967326
2743 25.5152834307
2745 25.5152691348
2747 25.5152439720
2751 25.5152392404
2757 25.5152359146
2759 25.5152301831
2762 25.5152171164
2763 25.5152164256
2764 25.5152013697
2765 25.5151996945
2766 25.5151990202
2770 25.5151970751
2771 25.5151800613
2774 25.5151780189
2775 25.5151764988
2776 25.5151740997
2778 25.5151312666
2795 25.5151290879
2797 25.5151071658
2808 25.5150382161
2810 25.5150342927
2818 25.5150039560
2819 25.5149762104
2868 25.5149707630
2871 25.5149683318
2873 25.5149672352
2878 25.5149646233
2881 25.5149630049
2882 25.5149610357
2883 25.5149572454
2888 25.5149542557
2925 25.5149496634
2948 25.5149443500
2949 25.5149422178
2952 25.5149402524
2954 25.5149388074
2957 25.5149378592
2961 25.5149345668
2962 25.5149332801
2963 25.5149324105
2974 25.5149293813
2975 25.5149275351
2981 25.5149241919
2983 25.5149196035
2985 25.5149086832
2988 25.5149011746
2991 25.5148982741
2994 25.5148830128
2995 25.5148758301
2998 25.5148654603
2999 25.5148455789
3001 25.5148410870
3002 25.5148398356
3003 25.5148275573
3005 25.5148200653
3008 25.5148133454
3009 25.5148064390
3012 25.5147938332
3013 25.5147877709
3016 25.5147798679
3019 25.5147542498
3028 25.5147508330
3029 25.5147506075
3031 25.5147323410
3033 25.5147132974
3036 25.5146898162
3054 25.5146606626
3055 25.5146294645
3057 25.5146130145
3059 25.5145997520
3066 25.5145546868
3071 25.5145405564
3073 25.5145389946
3076 25.5145272772
3089 25.5145269927
3090 25.5145168265
3091 25.5145126159
3092 25.5145123099
3094 25.5145021962
3095 25.5144814798
3097 25.5144784594
3098 25.5144750929
3100 25.5144741196
3101 25.5144738206
3102 25.5144681329
3115 25.5144669104
3117 25.5144615313
3118 25.5144589159
3119 25.5144502372
3124 25.5144480861
3127 25.5144418010
3132 25.5144358695
3135 25.5144316677
3168 25.5144314003
3170 25.5144309177
3171 25.5144307992
3183 25.5144307891
3197 25.5144304659
3199 25.5144300227
3203 25.5144300171
3207 25.5144295996
3211 25.5144293142
3212 25.5144292269
3213 25.5144289607
3233 25.5144282185
3235 25.5144279218
3239 25.5144275595
3242 25.5144273069
3243 25.5144264933
3246 25.5144262486
3248 25.5144257306
3249 25.5144253068
3251 25.5144243131
3254 25.5144236620
3255 25.5144226947
3256 25.5144216099
3261 25.5144214514
3274 25.5144213064
3285 25.5144204888
3288 25.5144196294
3289 25.5144190889
3290 25.5144181952
3291 25.5144160253
3294 25.5144151590
3296 25.5144148151
3297 25.5144145148
3299 25.5144131784
3302 25.5144124652
3304 25.5144117814
3305 25.5144107967
3310 25.5144103566
3311 25.5144099252
3314 25.5144094229
3318 25.5144093634
3319 25.5144092700
3320 25.5144091870
3321 25.5144090236
3336 25.5144089734
3365 25.5144085669
3368 25.5144084232
3369 25.5144076405
3371 25.5144071726
3374 25.5144068263
3375 25.5144058046
3377 25.5144051434
3390 25.5144048082
3393 25.5144046585
3395 25.5144041205
3397 25.5144039146
3398 25.5144035795
3399 25.5144028556
3401 25.5144022130
3405 25.5143995801
3407 25.5143984055
3409 25.5143969051
3410 25.5143961177
3456 25.5143957110
3458 25.5143954513
3460 25.5143943257
3480 25.5143939995
3502 25.5143938853
3508 25.5143935147
3531 25.5143934606
3542 25.5143933789
3543 25.5143933124
3545 25.5143932703
3548 25.5143930371
3549 25.5143930039
3552 25.5143924842
3553 25.5143924180
3554 25.5143922630
3556 25.5143921664
3558 25.5143919054
3563 25.5143915382
3575 25.5143914203
3578 25.5143913034
3585 25.5143912530
3587 25.5143908696
3594 25.5143907371
3608 25.5143905119
3609 25.5143903610
3612 25.5143902978
3613 25.5143901571
3630 25.5143901111
3651 25.5143900602
3653 25.5143899814
3661 25.5143899576
3664 25.5143897256
3667 25.5143895236
3670 25.5143893348
3673 25.5143893119
3677 25.5143891640
3682 25.5143891239
3683 25.5143889165
3686 25.5143885567
3694 25.5143882417
3698 25.5143882114
3699 25.5143878784
3703 25.5143878619
3705 25.5143878087
3708 25.5143878013
3735 25.5143877383
3755 25.5143877258
3799 25.5143876859
3805 25.5143876444
3809 25.5143876121
3810 25.5143875918
3813 25.5143875892
3815 25.5143875821
3817 25.5143875530
3819 25.5143875024
3821 25.5143874843
3822 25.5143874278
3823 25.5143873836
3829 25.5143873812
3830 25.5143873517
3831 25.5143873088
3838 25.5143872336
3839 25.5143872142
3842 25.5143871724
3843 25.5143871087
3846 25.5143870569
3847 25.5143870425
3848 25.5143870288
3849 25.5143869625
3861 25.5143868301
3864 25.5143868133
3866 25.5143867906
3867 25.5143867565
3868 25.5143866468
3869 25.5143865943
3871 25.5143865298
3873 25.5143865259
3874 25.5143864275
3880 25.5143863251
3881 25.5143861583
3883 25.5143859852
3901 25.5143858251
3906 25.5143857358
3907 25.5143857214
3909 25.5143856310
3911 25.5143854816
3914 25.5143853355
3917 25.5143851386
3919 25.5143848621
3928 25.5143847707
3930 25.5143847676
3935 25.5143847440
3937 25.5143846958
3938 25.5143845956
3940 25.5143845236
3942 25.5143843391
3944 25.5143842806
3969 25.5143842798
3975 25.5143842014
3977 25.5143841258
3980 25.5143840785
3981 25.5143840682
3982 25.5143840370
3985 25.5143840167
3987 25.5143839724
3990 25.5143838915
3991 25.5143838371
3992 25.5143837703
3994 25.5143837069
4000 25.5143835846
4001 25.5143835656
4003 25.5143834369
4006 25.5143833643
4007 25.5143832847
4010 25.5143832136
4014 25.5143832009
4018 25.5143831741
4021 25.5143829393
4023 25.5143827799
4026 25.5143826609
4036 25.5143825422
4040 25.5143825236
4046 25.5143823881
4051 25.5143822240
4054 25.5143821169
4064 25.5143820282
4065 25.5143818778
4068 25.5143818358
4070 25.5143816521
4071 25.5143815417
4073 25.5143815228
4075 25.5143813749
4077 25.5143812887
4079 25.5143811568
4082 25.5143810105
4085 25.5143808292
4088 25.5143804068
4090 25.5143803161
4092 25.5143802454
4096 25.5143802453
4097 25.5143802034
4136 25.5143803815
evaluations raw_y
1 16766472.7253914066
5 2048654.4708061209
9 18846.0839377735
35 2069.5590726050
78 874.8658698073
193 763.4622858216
199 706.5634928818
205 641.7187380714
227 617.8221702076
240 579.9790416612
245 575.0263151208
404 574.7077273204
405 574.5363485216
406 574.3134209623
418 574.1143769306
419 574.0434652093
422 574.0026423605
423 573.8099211025
425 573.6722977302
427 573.4435421290
435 573.2050630065
440 572.8883719772
443 572.7156373504
446 572.6655731556
448 572.4589747199
456 572.1665456673
460 572.0896810652
461 571.9228709203
462 571.8513976014
466 571.6816475377
467 571.4969065250
468 571.4670512245
474 571.3186349333
476 570.9759214489
479 570.9365996105
482 570.6111049499
485 570.4406900545
487 570.2994673534
498 570.1580141437
499 570.0018542025
500 569.8963803395
501 569.8946555395
503 569.3247912561
505 568.9044447857
509 568.7952206651
517 568.5521907373
520 568.1246530659
521 567.6812826634
543 567.6530006612
545 567.5948869850
551 567.2026214756
555 567.1742196527
559 567.0305509030
560 566.8712046213
562 566.8532564958
567 566.8453678071
570 566.8208086627
571 566.7108553301
573 566.6190194385
575 566.2778532733
577 565.9676463578
581 565.8720060625
583 565.7445938578
591 565.4043793609
593 565.2984860168
596 564.7275663038
603 564.7064241458
605 564.6558864731
606 564.5138505759
607 564.2368263889
609 563.9240642553
611 563.2106080806
623 562.3903115750
624 562.1669907069
625 562.1445039217
627 560.9032168372
633 560.8110458420
637 560.7835571904
638 559.9900788171
639 559.7173828339
640 558.7542226157
641 558.1026387622
644 557.2439944257
645 556.5389101327
647 554.9812744062
649 554.7010818940
650 554.1043503646
651 553.2230426337
656 552.7412632458
657 551.8402001403
658 550.2732337549
665 550.2520691239
667 549.6240422843
673 548.9914591293
674 548.9633931403
677 548.5632591022
679 548.1387694482
680 547.6740045299
684 547.2152701265
685 545.8630276626
698 545.6993769209
701 543.8764733129
705 539.8780010415
711 537.8141116349
713 537.2603222067
716 536.9467043057
723 536.8611712189
724 536.2914046583
726 536.2586586357
727 534.8257592409
729 532.4472773743
731 530.5871191907
733 529.2654025982
736 527.4436815075
749 526.4282753114
751 523.8044410411
753 522.6232198516
756 518.2876187097
758 515.2319068696
760 512.6935246796
761 509.2106179928
763 503.4030314440
764 500.1178750170
766 498.5083984307
768 494.8361518945
774 493.4822635905
775 488.6993272136
776 487.2420754292
781 482.6218833002
782 482.5929477128
785 476.8855282277
787 475.6470314947
788 466.0120596507
793 465.6226389371
794 458.1431759156
795 445.8303604421
796 429.8271309474
797 396.9838228126
800 376.2164868269
802 371.4130360835
804 338.9504574311
808 314.9464418628
810 302.0368079152
812 296.8909375636
815 294.4801660266
819 291.5950172311
821 289.6314662185
822 273.7659940880
825 263.2266020774
832 251.5618909557
841 239.1935918334
846 238.3807551271
848 215.1137381603
849 207.4583999384
851 199.0927632921
856 175.1612156607
858 157.2989232493
860 152.7946403300
886 152.4604647717
1058 152.2551453420
1078 152.1541954496
1088 152.0600276225
1091 151.8979415914
1093 151.7784265822
1099 151.6987183034
1103 151.6076815328
1105 151.4651504461
1107 151.4321074812
1113 151.3450039510
1115 151.3199829183
1190 151.3147558189
1192 151.2539757216
1194 151.2401518970
1195 151.2338143888
1197 151.2024933054
1198 151.1765530410
1199 151.1320906665
1200 151.0896525858
1202 151.0623570898
1204 150.9900873289
1232 150.9881580364
1238 150.9771064489
1239 150.9683449718
1240 150.9619463967
1244 150.9578315431
1245 150.9459759441
1246 150.9427044625
1249 150.9356908236
1251 150.9272364110
1259 150.9265443509
1260 150.9084395488
1262 150.8929703885
1263 150.8400048852
1265 150.7861712762
1267 150.7751613745
1269 150.7510179512
1271 150.7150750641
1272 150.6974372681
1273 150.6031271065
1275 150.5869335614
1277 150.5411073595
1279 150.4332128382
1283 150.2637848205
1290 150.2445066086
1291 150.1794229330
1295 150.0571396760
1298 150.0161092860
1299 149.9451641037
1301 149.9317614732
1302 149.9295900997
1305 149.8404089140
1308 149.7359734749
1312 149.7167328840
1313 149.7090280272
1316 149.5829029465
1319 149.4513793873
1325 149.4374938645
1327 149.3022237421
1332 149.1858776877
1394 149.1352511079
1396 149.1262903874
1397 149.1092914857
1403 149.0227081646
1413 148.9851051501
1415 148.9045842373
1418 148.8898465943
1421 148.8449699853
1426 148.8066398907
1428 148.7896866565
1429 148.7560802372
1431 148.7326479134
1432 148.6596142505
1434 148.5797145100
1435 148.5767312651
1439 148.5723502192
1443 148.5713888755
1447 148.4820898736
1457 148.4630098256
1459 148.4519497563
1462 148.3722628216
1468 148.3634548149
1472 148.3491163785
1473 148.3260755220
1475 148.2960527545
1477 148.2797158605
1479 148.2708187822
1482 148.2651087049
1484 148.2557207222
1485 148.2075756154
1496 148.2040331322
1504 148.2015105991
1505 148.1734227566
1507 148.1622073829
1509 148.1518367678
1510 148.1498944667
1514 148.1330757116
1515 148.1074175786
1518 148.1070731758
1519 148.0893946119
1521 148.0832015489
1522 148.0604141219
1535 148.0304813510
1538 148.0262817060
1541 147.9759731585
1543 147.9742963172
1544 147.9644660584
1550 147.9628325687
1561 147.9371801644
1562 147.9356937149
1568 147.9112608642
1579 147.8902248004
1580 147.8860864492
1583 147.8063148158
1585 147.7661104168
1588 147.7653725253
1590 147.7149420910
1599 147.7045609212
1606 147.6958770858
1609 147.6921007162
1615 147.6778431394
1619 147.6773206831
1620 147.6727753050
1621 147.6522666381
1623 147.6382089871
1625 147.6277588651
1627 147.6232343415
1630 147.6064493726
1631 147.5872923009
1634 147.5830876110
1636 147.5817292747
1644 147.5647642984
1646 147.5475052240
1649 147.5404470630
1652 147.5260332509
1661 147.5058483310
1663 147.4791792642
1669 147.4405370962
1672 147.3959762883
1675 147.3923107879
1678 147.3867811236
1679 147.3507284054
1696 147.3488114455
1697 147.3202412251
1701 147.3117994186
1704 147.2860653199
1711 147.2594961870
1713 147.2554128931
1715 147.2551350033
1716 147.2536899857
1718 147.2418075626
1722 147.2194724284
1724 147.2139083687
1727 147.2080272373
1735 147.2052182106
1738 147.2046248772
1739 147.1546531975
1741 147.1510753418
1744 147.1502116369
1745 147.1351075682
1748 147.1138625807
1749 147.0869219239
1779 147.0868981259
1780 147.0404486046
1782 147.0289571420
1783 146.9782991586
1785 146.9148667672
1788 146.8116343193
1790 146.6911502495
1791 146.6519606740
1792 146.6471775027
1809 146.5477952605
1811 146.5318922925
1816 146.5123947864
1817 146.4546381629
1819 146.4124307731
1826 146.2987545304
1828 146.2846669101
1831 146.2251961463
1833 146.1185753476
1836 146.0886582616
1837 146.0651915912
1839 145.9321785384
1842 145.8806677719
1843 145.8507664620
1844 145.6305729518
1846 145.5382616824
1848 145.4565969562
1849 145.3102937175
1851 145.2647351864
1854 145.0757802358
1864 145.0648999027
1871 145.0462996145
1873 145.0292439356
1875 145.0144897867
1876 145.0119107299
1877 144.9781908953
1878 144.9047399028
1881 144.8771210864
1884 144.7888259594
1896 144.7586641633
1897 144.6863856292
1898 144.5514289694
1899 144.4175156505
1902 144.3104666872
1903 144.2977094537
1904 144.1991952054
1906 143.9751338441
1907 143.8778693713
1911 143.6483407310
1913 143.3695180487
1919 143.2604006997
1921 143.2155667843
1922 142.7105918368
1923 142.4350436068
1924 142.2717347860
1925 141.7822495295
1928 141.5493972900
1929 140.7429032368
1932 140.7166926647
1933 140.0691016899
1948 139.8736887302
1949 138.9648168392
1954 138.2607322341
1956 137.8990801944
1958 137.8225918246
1959 137.4472907218
1961 136.9012080483
1966 136.7559867011
1967 135.7493132603
1970 135.7112557588
1971 135.6101491552
1973 135.5558439866
1974 135.2203477594
1975 133.7107788484
1978 132.9294567369
1979 131.5736645477
1982 130.5732468476
1983 130.4054736381
1984 129.6822949209
1985 128.5576187052
1988 127.8119667354
1989 126.4563036020
1996 126.2212554949
2000 125.5540300637
2003 124.5099058863
2009 122.6123979712
2012 121.7799985763
2013 121.4557871033
2014 120.2183297497
2016 118.8625494927
2024 118.4175942808
2025 116.4352853570
2029 115.7442674942
2030 114.6526292909
2032 114.6437305593
2034 112.1853463151
2035 111.2541075239
2037 110.7864462947
2047 110.1247686360
2051 109.6246530530
2055 109.5103289187
2060 109.4061756342
2068 109.0905084343
2073 108.9912873112
2081 108.7510836787
2085 108.5044775670
2087 108.4713342268
2090 108.3764549542
2174 108.3699811322
2175 108.3468749655
2176 108.3443955028
2180 108.3362763010
2182 108.3247419345
2183 108.3221813492
2184 108.3143508891
2271 108.3004421504
2273 108.2996753078
2275 108.2807884014
2278 108.2703370417
2280 108.2688153119
2285 108.2678243620
2287 108.2594804839
2290 108.2591691548
2294 108.2370775255
2295 108.2126262379
2297 108.1924682928
2304 108.1827501703
2306 108.1679363594
2307 108.1602960577
2308 108.1560660798
2312 108.1497646058
2313 108.1396243378
2314 108.1367075094
2315 108.1243471861
2317 108.1096895847
2326 108.0956292799
2328 108.0769660243
2330 108.0750214154
2334 108.0678663522
2340 108.0641802338
2341 108.0522794781
2344 108.0506724701
2358 108.0471410749
2360 108.0364759388
2363 108.0290677987
2365 107.9960933487
2368 107.9828362129
2369 107.9606498800
2371 107.9355811197
2381 107.8927254805
2389 107.8643201768
2394 107.8363131028
2395 107.8284267423
2396 107.8241411718
2397 107.7997894959
2400 107.7214646260
2401 107.7041642881
2403 107.6983274039
2406 107.6655011247
2439 107.6624823298
2442 107.6544863286
2443 107.6522102546
2445 107.6518127229
2448 107.6335620261
2467 107.6329899873
2470 107.6180650892
2474 107.6130365768
2479 107.6099262792
2486 107.6002888314
2495 107.5996246818
2500 107.5982904045
2501 107.5940658534
2503 107.5905808222
2508 107.5902186723
2510 107.5886310280
2514 107.5840470695
2520 107.5831378832
2528 107.5819505124
2529 107.5774915337
2535 107.5768483935
2540 107.5747714054
2541 107.5723875949
2937 107.5723859689
2939 107.5723828718
2940 107.5723811446
2944 107.5723753369
2945 107.5723510728
2947 107.5723463240
2949 107.5723446117
2954 107.5723327815
2955 107.5723204043
2958 107.5723165702
2963 107.5723164027
2964 107.5723114099
2965 107.5723068995
2969 107.5723015172
2972 107.5723004833
2973 107.5722951898
2979 107.5722934306
2981 107.5722911944
2982 107.5722911361
2985 107.5722893939
2992 107.5722863187
2994 107.5722862360
2998 107.5722845171
2999 107.5722818528
3001 107.5722750965
3005 107.5722745623
3008 107.5722734587
3011 107.5722694527
3013 107.5722662898
3014 107.5722649703
3015 107.5722604690
3025 107.5722592887
3028 107.5722590346
3030 107.5722514044
3031 107.5722431295
3035 107.5722337698
3038 107.5722315447
3060 107.5722235062
3100 107.5722221392
3103 107.5722191101
3104 107.5722175281
3115 107.5722131157
3124 107.5722125323
3134 107.5722088471
3172 107.5722078056
3176 107.5721994242
3177 107.5721973766
3179 107.5721958614
3189 107.5721945429
3190 107.5721930187
3205 107.5721854804
3213 107.5721852071
3229 107.5721781467
3230 107.5721681058
3233 107.5721618567
3234 107.5721607853
3236 107.5721578749
3237 107.5721568159
3239 107.5721557561
3241 107.5721526263
3264 107.5721510206
3271 107.5721443973
3274 107.5721426383
3276 107.5721266187
3277 107.5721250048
3279 107.5721197363
3281 107.5721179582
3284 107.5721070125
3296 107.5721022089
3314 107.5721011241
3315 107.5720886715
3317 107.5720818259
3325 107.5720814237
3327 107.5720802656
3330 107.5720778306
3331 107.5720759359
3333 107.5720758518
3336 107.5720745021
3337 107.5720709280
3342 107.5720624838
3344 107.5720609786
3345 107.5720562605
3347 107.5720559490
3350 107.5720533435
3353 107.5720523596
3356 107.5720508265
3362 107.5720500575
3363 107.5720494885
3396 107.5720490083
3399 107.5720484613
3404 107.5720474025
3405 107.5720468309
3407 107.5720465367
3409 107.5720442816
3411 107.5720436368
3417 107.5720433442
3419 107.5720420430
3422 107.5720409023
3423 107.5720403079
3427 107.5720376314
3429 107.5720359535
3432 107.5720344099
3433 107.5720337111
3436 107.5720331769
3443 107.5720328566
3445 107.5720309834
3448 107.5720306108
3455 107.5720300566
3456 107.5720294568
3459 107.5720290835
3460 107.5720286392
3462 107.5720273916
3465 107.5720269730
3469 107.5720251612
3474 107.5720238417
3476 107.5720201509
3477 107.5720183108
3479 107.5720157586
3481 107.5720146659
3483 107.5720146069
3486 107.5720137281
3487 107.5720102829
3511 107.5720099364
3512 107.5720095206
3514 107.5720092189
3515 107.5720079420
3518 107.5720073910
3520 107.5720064145
3521 107.5720061172
3522 107.5720057258
3524 107.5720052941
3526 107.5720052201
3527 107.5720038788
3529 107.5720027867
3531 107.5720012608
3533 107.5720002879
3535 107.5719998564
3537 107.5719985734
3544 107.5719981916
3579 107.5719980668
3580 107.5719976178
3581 107.5719975578
3582 107.5719969984
3583 107.5719963063
3584 107.5719961856
3587 107.5719953044
3590 107.5719952592
3592 107.5719940166
3595 107.5719926468
3597 107.5719903464
3599 107.5719885622
3603 107.5719876927
3606 107.5719865365
3608 107.5719845646
3609 107.5719831798
3611 107.5719824629
3612 107.5719813523
3614 107.5719787533
3619 107.5719784905
3632 107.5719782275
3634 107.5719760723
3636 107.5719755800
3638 107.5719709514
3639 107.5719672484
3642 107.5719657986
3643 107.5719637285
3661 107.5719624679
3665 107.5719595377
3667 107.5719584904
3668 107.5719584904
3671 107.5719583551
3683 107.5719577784
3684 107.5719558709
3685 107.5719522299
3687 107.5719487024
3689 107.5719458515
3690 107.5719452252
3691 107.5719443250
3692 107.5719440202
3694 107.5719436958
3696 107.5719349771
3698 107.5719310635
3700 107.5719245992
3701 107.5719233266
3702 107.5719231737
3704 107.5719221692
3711 107.5719206379
3712 107.5719176867
3714 107.5719171674
3719 107.5719157935
3721 107.5719117132
3724 107.5719084936
3725 107.5719040941
3726 107.5719030048
3727 107.5719018669
3731 107.5718989064
3743 107.5718927327
3746 107.5718872936
3750 107.5718833539
3752 107.5718776773
3769 107.5718772311
3770 107.5718715816
3797 107.5718712544
3798 107.5718709444
3801 107.5718701272
3812 107.5718691103
3814 107.5718678671
3815 107.5718661243
3817 107.5718652808
3818 107.5718652014
3882 107.5718620256
3911 107.5718598214
3930 107.5718594649
3933 107.5718568905
3937 107.5718567255
3940 107.5718563977
3941 107.5718560253
3943 107.5718551693
4028 107.5718550244
4029 107.5718550095
4030 107.5718549411
4031 107.5718546734
4033 107.5718545942
4034 107.5718545465
4035 107.5718544329
4043 107.5718541810
4046 107.5718537789
4049 107.5718529212
4051 107.5718526634
4057 107.5718526229
4060 107.5718515524
4062 107.5718509576
4089 107.5718509495
4095 107.5718508020
4101 107.5718501935
4132 107.5718500756
4145 107.5718499407
4148 107.5718497214
4150 107.5718493686
4154 107.5718493283
4155 107.5718492259
4162 107.5718489098
4163 107.5718486116
4165 107.5718485849
4166 107.5718483013
4167 107.5718480862
4169 107.5718479881
4173 107.5718478847
4176 107.5718474175
4178 107.5718473176
4179 107.5718471153
4180 107.5718467962
4182 107.5718466241
4184 107.5718458040
4185 107.5718452860
4198 107.5718438917
4202 107.5718431442
4203 107.5718429192
4205 107.5718422183
4206 107.5718417703
4210 107.5718408056
4218 107.5718395176
4219 107.5718390465
4227 107.5718381277
4231 107.5718367842
4233 107.5718362712
4236 107.5718360649
4249 107.5718358106
4251 107.5718355665
4255 107.5718354942
4256 107.5718353069
4257 107.5718351438
4259 107.5718349530
4261 107.5718343914
4263 107.5718340094
4264 107.5718339106
4266 107.5718337019
4267 107.5718335584
4269 107.5718333812
4270 107.5718323562
4278 107.5718315107
4280 107.5718312924
4282 107.5718310348
4283 107.5718307384
4284 107.5718302250
4285 107.5718300388
4287 107.5718295761
4288 107.5718289085
4289 107.5718281873
4292 107.5718278186
4294 107.5718273910
4301 107.5718272977
4303 107.5718259009
4306 107.5718257229
4308 107.5718246575
4312 107.5718232657
4314 107.5718226982
4315 107.5718200436
4319 107.5718195868
4320 107.5718193148
4321 107.5718188957
4322 107.5718176787
4323 107.5718165319
4324 107.5718146252
4325 107.5718140133
4326 107.5718138774
4327 107.5718129332
4329 107.5718120489
4333 107.5718088887
4339 107.5718080106
4341 107.5718077508
4343 107.5718071658
4345 107.5718047453
4351 107.5718043963
4380 107.5718040900
4383 107.5718031855
4387 107.5718026513
4389 107.5718021830
4391 107.5718020219
4394 107.5718013863
4397 107.5718012367
4400 107.5718009892
4401 107.5718007545
4420 107.5718005264
4421 107.5718004546
4424 107.5718002832
4438 107.5718002461
4439 107.5718002346
4453 107.5718001937
4456 107.5718001368
4457 107.5718000674
4458 107.5718000616
4459 107.5717998906
4461 107.5717997597
4464 107.5717997508
4465 107.5717996834
4468 107.5717995523
4471 107.5717992980
4475 107.5717992810
4476 107.5717991660
4478 107.5717990158
4479 107.5717987528
4482 107.5717986386
4486 107.5717986098
4487 107.5717984804
4488 107.5717981395
4489 107.5717981191
4493 107.5717980182
4498 107.5717978056
4500 107.5717977475
4501 107.5717977159
4504 107.5717973540
4505 107.5717972634
4512 107.5717972029
4513 107.5717971146
4533 107.5717970904
4535 107.5717968896
4567 107.5717968614
4569 107.5717968255
4570 107.5717968196
4571 107.5717967730
4574 107.5717967289
4577 107.5717967081
4582 107.5717967021
4583 107.5717966461
4594 107.5717966336
4595 107.5717966036
4596 107.5717965929
4597 107.5717965511
4599 107.5717965361
4604 107.5717965215
4606 107.5717964965
4608 107.5717964758
4610 107.5717964563
4611 107.5717964359
4613 107.5717963987
4616 107.5717963601
4618 107.5717963430
4619 107.5717963019
4621 107.5717962631
4625 107.5717962429
4626 107.5717962316
4627 107.5717961835
4628 107.5717962037
evaluations raw_y
1 42384035.1349047348
2 36903104.0792338252
4 35500841.6850585490
5 22736396.2804908939
6 19379550.6279222071
9 84822.9108314362
12 69382.7051515069
15 339.9272217797
1086 332.7526835808
1088 302.2130210192
1090 286.6379509162
1095 283.4038299677
1096 254.2930529573
1097 243.6710517375
1099 221.9561644561
1100 192.9643677931
1112 168.8550794924
1114 122.4637953146
1115 109.9591209802
1117 109.0132296707
1118 107.3194292027
1119 86.2843341486
1122 63.8379255618
1123 47.2896431463
1127 38.0733946348
1173 38.0073738193
1174 37.7568438672
1193 37.6699808545
1195 37.6465680235
1198 37.5594762116
1209 37.4785965586
1215 37.4390379799
1217 37.4048819436
1219 37.3585445870
1239 37.3410792977
1243 37.3265010340
1245 37.2906959908
1249 37.2554833551
1259 37.2292884170
1264 37.2117272489
1265 37.1722889093
1271 37.1357903263
1273 37.1028554317
1278 37.0635601701
1279 37.0299546200
1282 37.0086956247
1289 36.9844649594
1297 36.9206256921
1299 36.8463122238
1304 36.8212609947
1306 36.8163161427
1310 36.7346036569
1319 36.7071859074
1340 36.6919301932
1354 36.6879086610
1355 36.6803457142
1357 36.6654054396
1394 36.6625147337
1395 36.6591437474
1398 36.6522017804
1400 36.6506143120
1401 36.6478084004
1402 36.6475397507
1404 36.6422547254
1405 36.6377708132
1406 36.6372303586
1409 36.6359978104
1413 36.6304057334
1415 36.6265124768
1424 36.6044124340
1425 36.6033459181
1428 36.5944224912
1429 36.5887745538
1437 36.5879300118
1439 36.5740958255
1443 36.5669202983
1450 36.5603682173
1451 36.5468615953
1453 36.5265740143
1458 36.5176420133
1460 36.5075088966
1463 36.4942808560
1466 36.4868948774
1467 36.4722571435
1470 36.4658318257
1471 36.4431263782
1473 36.4267593281
1475 36.4139687177
1494 36.4121184906
1495 36.3979174444
1497 36.3974364765
1511 36.3967168096
1524 36.3907645285
1525 36.3896116015
1526 36.3819781624
1532 36.3808566635
1533 36.3779634411
1535 36.3715410547
1538 36.3660408766
1539 36.3648358333
1541 36.3585165690
1544 36.3400193931
1556 36.3391806747
1563 36.3383685230
1568 36.3341099794
1569 36.3322247502
1572 36.3264789318
1573 36.3255033052
1575 36.3249415740
1577 36.3222710377
1580 36.3212789956
1581 36.3146715080
1584 36.3144753124
1585 36.3041495054
1587 36.2983351215
1589 36.2978051817
1590 36.2926069234
1591 36.2801187604
1593 36.2738048219
1597 36.2723908612
1599 36.2694230007
1609 36.2625623264
1610 36.2503482438
1611 36.2429921817
1613 36.2197035334
1616 36.2163817183
1620 36.1869237429
1621 36.1792408270
1624 36.1687671604
1628 36.1679806814
1631 36.1517189902
1638 36.1434501180
1639 36.1418545611
1640 36.1332488714
1642 36.1331003401
1644 36.1108613282
1645 36.1046744052
1647 36.0896282948
1652 36.0869879247
1656 36.0812965498
1674 36.0808601447
1676 36.0804542837
1678 36.0729917096
1679 36.0691818721
1681 36.0664282224
1683 36.0595929458
1684 36.0543115956
1685 36.0540360989
1688 36.0538628257
1689 36.0423264784
1691 36.0300027793
1694 36.0047141168
1696 36.0033089327
1698 35.9747563093
1699 35.9165128163
1722 35.9047585734
1723 35.8429400017
1726 35.7969136421
1727 35.7642359775
1735 35.6292879554
1738 35.5122717720
1742 35.4963853229
1743 35.4861409238
1745 35.3399316832
1749 35.2580683694
1751 35.2229223288
1754 35.1690960659
1755 34.9758011374
1762 34.9103272782
1763 34.9011222205
1764 34.8780983556
1766 34.7884019262
1781 34.5355567138
1784 34.4849559187
1785 34.2989048897
1786 34.1332641080
1787 33.9935345881
1788 33.8869375263
1792 33.8209729203
1793 33.4251933236
1795 33.2628030458
1797 33.0993241925
1799 33.0526049452
1800 32.6027399220
1801 32.0437429117
1803 31.4052267554
1807 30.6912258086
1809 30.4631562324
1810 30.0724183663
1811 29.4736111881
1819 28.8397117840
1823 28.4635077727
1828 28.3631623036
1829 28.2751767362
1830 28.2626739828
1832 28.2003269486
1834 28.1628263665
1836 28.0870623942
1837 27.7594149046
1838 27.7336898390
1840 27.3889291003
1846 27.2557481806
1847 27.0761908187
1854 26.9438955297
1856 26.9142783941
1857 26.8959049220
1859 26.6404006225
1861 26.5999850452
1862 26.5607524641
1863 26.4550782518
1873 26.3601166658
1879 26.2975601843
1880 26.2727142824
1881 26.1643262634
1884 26.0119093947
1889 25.9444209227
1893 25.9298101331
1895 25.8921693564
1896 25.8845986341
1897 25.7980884200
1900 25.6620728961
1902 25.5421812712
1906 25.4608485976
1907 25.2760100216
1909 25.1584734855
1911 25.1436702030
1913 25.1394200383
1918 25.0561373151
1919 24.8443643028
1921 24.8354618481
1925 24.6147704851
1928 24.5442360266
1934 24.5158220265
1935 24.2686794749
1938 24.1069548026
1940 24.0037752295
1941 23.7054470154
1944 23.5548553274
1945 22.8418228104
1947 22.6127202097
1949 22.4105240235
1950 22.1677936202
1957 21.8955075845
1958 21.7679053222
1959 21.4863406932
1961 20.1223733069
1963 19.4852655394
1965 19.2591697592
1967 18.4833360366
1977 18.2688819034
1982 18.0844952976
1983 18.0134481546
1984 18.0023340585
1985 17.8799699626
1987 17.1254502639
1995 17.1163859807
1997 17.0468771365
1999 16.4413664444
2001 16.3048008866
2026 16.3020605322
2027 16.2046563701
2029 16.1086864182
2032 16.0294872221
2033 15.8426223862
2035 15.6452721494
2037 15.2450336481
2039 15.2084938418
2041 15.1163198757
2047 14.9003212334
2067 14.8452268153
2070 14.8322445123
2074 14.7342692799
2077 14.6963520636
2079 14.6232163652
2098 14.5751218565
2103 14.4938242268
2105 14.4101862876
2109 14.4006171586
2110 14.3295940017
2111 14.2912089241
2112 14.2731818901
2125 14.2719117182
2127 14.2632887243
2130 14.2414387517
2131 14.1912722737
2133 14.1709227584
2136 14.1423857681
2137 14.1329521852
2138 14.0873526365
2139 14.0797332407
2141 14.0469273748
2143 14.0427494971
2144 13.9824340065
2147 13.9471301051
2149 13.9371775300
2152 13.9064275910
2153 13.8871435473
2155 13.8405147084
2157 13.8346918526
2175 13.7353954903
2181 13.6385257280
2183 13.6139751586
2184 13.6054454267
2191 13.6052352781
2192 13.6047428362
2194 13.5733009317
2210 13.5555352126
2215 13.5516639901
2221 13.5320142139
2224 13.5100462999
2226 13.4909976747
2228 13.4793630580
2229 13.4776016419
2230 13.4270773241
2231 13.4191338387
2235 13.4003025985
2237 13.3351285008
2239 13.2814890020
2240 13.2535892414
2241 13.1864985958
2243 13.1363929486
2244 13.0925800772
2246 12.8819020913
2248 12.8081336828
2249 12.7963514327
2250 12.7961854070
2252 12.7761355398
2271 12.7741336641
2273 12.6997549907
2276 12.6844647615
2278 12.6297578175
2279 12.6161025521
2280 12.6105864678
2282 12.5995286261
2283 12.5014896580
2286 12.4937994489
2288 12.4851601372
2289 12.4453725781
2290 12.3672814552
2291 12.2588760639
2297 12.2467854030
2300 12.0971469482
2301 12.0158296959
2303 12.0122101741
2305 11.9246061799
2307 11.8975237921
2308 11.8960776241
2325 11.8323556089
2330 11.8034793388
2331 11.6408871470
2333 11.5717198414
2335 11.3354473357
2341 11.3213042576
2342 11.2434559472
2344 10.9287404526
2345 10.7908164427
2348 10.7642081483
2350 10.5727831524
2352 10.5292191344
2358 10.4488999667
2359 10.3782594436
2360 10.3706960277
2429 10.3556936636
2433 10.3183359622
2443 10.2947328223
2456 10.2889630882
2459 10.2854954336
2472 10.2842125209
2473 10.2801891221
2476 10.2454053064
2481 10.2435333515
2483 10.2293774055
2486 10.2286436353
2487 10.2235246327
2490 10.2232611502
2491 10.2216510045
2493 10.2183005716
2504 10.2167078008
2505 10.2159401341
2507 10.2147459437
2508 10.2108242105
2523 10.2078712793
2526 10.2078262988
2527 10.2055668425
2529 10.2026790569
2531 10.1990213015
2541 10.1974158636
2542 10.1954330626
2543 10.1942977132
2544 10.1934420784
2547 10.1925136841
2548 10.1888142830
2550 10.1824470268
2562 10.1802245716
2563 10.1665462143
2565 10.1613572346
2566 10.1505929130
2569 10.1347993004
2574 10.1287371884
2576 10.1174215594
2579 10.1157419169
2597 10.1131706262
2598 10.1075267858
2603 10.1016524250
2605 10.0989953216
2608 10.0915035933
2609 10.0877476287
2612 10.0849470782
2626 10.0790231676
2627 10.0769941886
2628 10.0722750138
2629 10.0644015858
2632 10.0609387669
2633 10.0524557535
2639 10.0323974625
2643 10.0289123235
2647 10.0068850744
2655 9.9952152455
2664 9.9938006682
2665 9.9823569589
2666 9.9609749153
2667 9.9315397605
2669 9.9268571688
2671 9.9240838264
2673 9.9029332362
2676 9.8802620346
2677 9.8718570265
2678 9.8538438374
2680 9.8304254541
2686 9.8189053138
2693 9.8153222451
2709 9.8122706320
2712 9.8096697306
2713 9.8064752222
2715 9.8044232167
2716 9.7887748626
2718 9.7657698836
2719 9.7607752549
2720 9.7603737114
2729 9.7516542696
2731 9.7514794173
2733 9.7477070820
2736 9.7469789597
2738 9.7465662084
2739 9.7382368219
2741 9.7321310196
2744 9.7248392949
2750 9.7140227108
2754 9.7101079275
2764 9.7077654972
2765 9.7048265495
2767 9.6993977783
2769 9.6950907864
2772 9.6939336325
2774 9.6936448903
2775 9.6933509172
2776 9.6918862961
2778 9.6891789208
2779 9.6883953133
2782 9.6878129331
2784 9.6869006373
2786 9.6855015005
2788 9.6818624810
2789 9.6783867047
2791 9.6733374850
2794 9.6702043029
2795 9.6683700365
2798 9.6619311706
2800 9.6614482638
2801 9.6555902972
2803 9.6482480220
2806 9.6473455767
2807 9.6366672099
2817 9.6198977167
2819 9.6133208444
2821 9.6124883763
2825 9.6118341728
2827 9.6117647763
2848 9.6115237853
2861 9.6112332538
2869 9.6109117211
2878 9.6107344953
2887 9.6106746306
2894 9.6105311886
2896 9.6103960727
2897 9.6103606848
2909 9.6102875881
2911 9.6102829382
2913 9.6102563344
2915 9.6102097374
2931 9.6100840004
2967 9.6100732273
2969 9.6100711970
2970 9.6100058936
2971 9.6100020083
2972 9.6099816799
2985 9.6099787409
2986 9.6099715502
2987 9.6099671203
2989 9.6099557793
2991 9.6099480790
2993 9.6099301190
2997 9.6099011096
2999 9.6098983789
3000 9.6098911446
3001 9.6098884749
3002 9.6098751027
3003 9.6098556400
3005 9.6098163705
3009 9.6097514063
3010 9.6097394253
3012 9.6097323081
3015 9.6096568916
3016 9.6096555652
3022 9.6095953465
3023 9.6095385366
3028 9.6094006534
3029 9.6092538701
3035 9.6092367891
3038 9.6091188945
3039 9.6089979277
3042 9.6089393370
3044 9.6088505808
3045 9.6086933144
3047 9.6086670319
3067 9.6086356669
3069 9.6085242194
3070 9.6083588572
3071 9.6082070753
3077 9.6081678702
3080 9.6081668396
3082 9.6081088769
3083 9.6081037341
3090 9.6080856678
3091 9.6080778677
3092 9.6080645748
3128 9.6080544396
3129 9.6080417807
3131 9.6080388004
3134 9.6080316322
3218 9.6080302347
3225 9.6080300579
3231 9.6080299024
3234 9.6080298324
3258 9.6080296588
3290 9.6080295910
3305 9.6080295497
3306 9.6080294479
3309 9.6080293592
3311 9.6080292358
3321 9.6080291067
3328 9.6080286694
3384 9.6080285000
3387 9.6080284874
3390 9.6080283861
3393 9.6080282974
3400 9.6080281611
3401 9.6080279789
3404 9.6080278213
3405 9.6080277633
3413 9.6080276259
3418 9.6080273135
3421 9.6080272337
3426 9.6080271119
3427 9.6080268033
3441 9.6080265711
3450 9.6080262116
3457 9.6080261620
3459 9.6080260347
3462 9.6080259883
3463 9.6080256447
3466 9.6080255609
3468 9.6080253131
3488 9.6080252851
3489 9.6080246790
3543 9.6080246271
3545 9.6080244858
3550 9.6080243896
3551 9.6080242772
3552 9.6080242686
3553 9.6080242307
3554 9.6080242093
3555 9.6080241994
3557 9.6080240673
3561 9.6080239436
3563 9.6080239320
3567 9.6080239239
3605 9.6080239146
3606 9.6080239122
3607 9.6080238842
3609 9.6080238727
3610 9.6080238334
3611 9.6080238129
3613 9.6080237876
3637 9.6080237803
3641 9.6080237751
3644 9.6080237663
3649 9.6080237551
3651 9.6080237508
3652 9.6080237421
3653 9.6080237180
3655 9.6080237061
3656 9.6080237031
3660 9.6080236812
3661 9.6080236809
3664 9.6080236584
3667 9.6080236540
3669 9.6080236370
3671 9.6080236151
3679 9.6080236129
3681 9.6080235927
3683 9.6080235876
3684 9.6080235725
3685 9.6080235644
3688 9.6080235560
3689 9.6080235235
3691 9.6080234984
3694 9.6080234935
3695 9.6080234763
3697 9.6080234565
3702 9.6080234394
3703 9.6080233818
3706 9.6080233474
3709 9.6080233166
3712 9.6080233063
3713 9.6080232631
3716 9.6080231810
3723 9.6080230148
3729 9.6080228744
3741 9.6080228226
3745 9.6080225788
3748 9.6080224087
3749 9.6080223083
3751 9.6080218733
3753 9.6080215998
3755 9.6080212529
3757 9.6080208956
3760 9.6080208275
3761 9.6080204460
3764 9.6080201393
3777 9.6080197679
3779 9.6080197128
3780 9.6080195208
3789 9.6080193981
3795 9.6080192637
3796 9.6080191240
3797 9.6080188438
3799 9.6080182074
3804 9.6080180590
3805 9.6080169776
3807 9.6080168210
3808 9.6080161863
3831 9.6080157487
3833 9.6080148931
3842 9.6080148157
3844 9.6080146164
3846 9.6080144386
3850 9.6080142318
3852 9.6080141115
3859 9.6080135013
3861 9.6080131467
3864 9.6080131257
3866 9.6080128830
3868 9.6080126828
3872 9.6080126794
3873 9.6080122027
3875 9.6080117463
3883 9.6080116965
3889 9.6080115607
3892 9.6080115063
3893 9.6080113978
3895 9.6080111226
3897 9.6080107513
3901 9.6080101251
3903 9.6080100643
3906 9.6080096775
3909 9.6080094680
3911 9.6080092674
3912 9.6080089813
3913 9.6080089398
3914 9.6080082875
3919 9.6080076967
3920 9.6080075077
3922 9.6080069849
3923 9.6080066959
3924 9.6080062439
3927 9.6080061342
3930 9.6080058315
3932 9.6080054884
3933 9.6080051873
3935 9.6080045847
3938 9.6080040371
3940 9.6080038334
3942 9.6080033388
3944 9.6080031996
3947 9.6080030320
3950 9.6080014048
3951 9.6080012415
3953 9.6080008413
3967 9.6080002814
3985 9.6080001898
3988 9.6079999183
3989 9.6079994404
3991 9.6079993917
3992 9.6079992883
3994 9.6079986928
3995 9.6079986830
3996 9.6079983460
3997 9.6079982581
4002 9.6079978646
4004 9.6079973750
4008 9.6079973717
4016 9.6079973218
4017 9.6079969596
4019 9.6079968397
4026 9.6079966951
4027 9.6079964174
4029 9.6079962396
4031 9.6079959266
4032 9.6079957828
4034 9.6079957612
4037 9.6079955205
4039 9.6079949396
4041 9.6079942114
4045 9.6079936969
4050 9.6079931207
4053 9.6079925291
4057 9.6079921898
4058 9.6079912843
4059 9.6079908521
4065 9.6079895539
4087 9.6079895211
4093 9.6079893973
4097 9.6079891023
4105 9.6079889834
4107 9.6079889698
4108 9.6079882855
4110 9.6079882376
4113 9.6079881088
4114 9.6079879158
4115 9.6079877851
4119 9.6079877437
4122 9.6079876337
4123 9.6079875730
4126 9.6079875634
4127 9.6079872948
4129 9.6079872029
4131 9.6079869906
4154 9.6079866636
4155 9.6079864525
4157 9.6079860534
4160 9.6079858476
4162 9.6079854387
4164 9.6079853645
4171 9.6079851896
4173 9.6079850861
4174 9.6079850492
4175 9.6079850353
4183 9.6079849756
4184 9.6079843608
4186 9.6079840821
4187 9.6079833918
4190 9.6079832019
4191 9.6079831837
4194 9.6079829764
4195 9.6079823466
4196 9.6079818692
4198 9.6079817116
4199 9.6079811941
4200 9.6079803272
4204 9.6079801906
4206 9.6079800675
4207 9.6079784526
4208 9.6079778612
4210 9.6079766393
4219 9.6079764992
4221 9.6079748746
4224 9.6079730529
4225 9.6079709009
4228 9.6079672577
4230 9.6079648926
4231 9.6079591996
4235 9.6079560736
4240 9.6079535293
4241 9.6079473398
4243 9.6079380622
4245 9.6079363917
4247 9.6079165482
4249 9.6079003837
4258 9.6078991724
4261 9.6078862881
4282 9.6078794222
4283 9.6078703658
4285 9.6078636723
4289 9.6078583189
4291 9.6078560520
4293 9.6078454610
4299 9.6078452343
4300 9.6078427673
4301 9.6078399642
4302 9.6078379596
4303 9.6078193127
4317 9.6078113882
4319 9.6078016181
4327 9.6077998812
4330 9.6077932913
4331 9.6077911741
4333 9.6077898215
4335 9.6077837439
4337 9.6077819911
4342 9.6077816037
4345 9.6077801017
4346 9.6077797331
4347 9.6077756147
4350 9.6077746575
4354 9.6077729179
4355 9.6077693832
4357 9.6077673666
4366 9.6077643625
4367 9.6077602784
4369 9.6077591068
4371 9.6077588293
4372 9.6077586474
4373 9.6077572933
4377 9.6077533425
4382 9.6077507874
4388 9.6077490615
4393 9.6077482806
4395 9.6077475318
4400 9.6077382795
4402 9.6077309015
4403 9.6077300894
4410 9.6077296539
4418 9.6077289883
4420 9.6077233032
4421 9.6077220548
4423 9.6077217968
4424 9.6077166078
4425 9.6077102296
4427 9.6077080424
4428 9.6077072126
4429 9.6077041764
4431 9.6077013290
4432 9.6076981696
4434 9.6076948696
4440 9.6076947398
4441 9.6076943642
4442 9.6076883081
4443 9.6076816348
4445 9.6076776736
4447 9.6076720601
4450 9.6076697291
4453 9.6076642381
4455 9.6076598531
4456 9.6076570612
4458 9.6076488312
evaluations raw_y
1 1039615.4323512458
2 140718.6553320981
10 116.2995878978
75 86.5174273317
100 70.2129228271
122 48.9008080829
560 48.8699489140
562 48.7149330516
565 48.6531466078
566 48.5289542846
567 48.1027502082
570 47.7857023709
571 47.1932748423
574 46.4554898030
575 45.8676633856
578 45.5771412219
581 45.2520938921
583 44.6744773410
590 44.5756263114
591 43.9943002943
603 43.9254043210
606 43.7677978476
608 43.3418229256
612 43.2511482329
614 42.5290611364
616 41.7121185246
619 41.2014707487
623 41.0853708436
625 40.9142216359
626 40.8330073180
627 39.5766990550
629 39.2797553364
631 38.5464577667
634 38.5008461364
638 38.1457799022
652 38.0788365810
658 37.9081648502
673 37.9003689075
675 37.6244398582
688 37.6197950114
689 37.5797425646
697 37.4471673150
701 37.3900584460
702 37.3494575830
703 37.1597516839
705 37.0716040521
715 37.0616020666
718 36.9995705509
720 36.9478935350
721 36.9252950830
723 36.8753906018
724 36.7719324731
728 36.7386157942
730 36.7162340860
767 36.6823790142
769 36.6634433003
772 36.6475858346
773 36.6304846033
774 36.6201562257
776 36.5928704501
780 36.5911193922
783 36.5365233037
785 36.4834449755
788 36.4203392645
789 36.3611058739
810 36.3415499284
812 36.3114020409
813 36.2971938284
816 36.2896701118
817 36.2662666120
832 36.2338409366
833 36.2289597022
843 36.1765509121
845 36.1176637132
847 36.1106799793
848 36.0945962235
849 36.0620031749
851 36.0324462567
854 35.9884562424
861 35.9370864144
863 35.9295075941
872 35.9253437067
874 35.8971912543
882 35.8506296691
884 35.8078431290
890 35.7843756382
891 35.7803924624
892 35.7693154567
895 35.7654457222
897 35.7584326148
901 35.7353982713
905 35.7298886231
907 35.7025242126
909 35.6929445220
910 35.6729715892
911 35.6489309002
913 35.6462820402
918 35.6442688535
921 35.6042111270
923 35.5204752982
926 35.4657852282
927 35.4535228897
928 35.4203670478
929 35.3442911535
932 35.1230670617
942 35.0210649913
954 35.0149089812
956 34.9819131955
958 34.9349394049
959 34.8948815550
960 34.8310987493
967 34.7358908403
970 34.4892862452
971 34.4650732777
973 34.2578243323
976 34.2268143297
977 34.1461112593
980 33.9228833390
981 33.8764286779
983 33.8101908846
984 33.7345556775
986 33.6686922181
990 33.6223252001
994 33.3312310444
996 33.0598687720
1009 33.0400718713
1011 32.9121987802
1015 32.6301504431
1020 32.4724567716
1024 32.1130418467
1034 32.0040925223
1035 31.8103206365
1037 31.6972266390
1048 31.6502447152
1049 31.5948349884
1062 31.4449394934
1064 31.1280319426
1067 31.0072353209
1079 30.9647096488
1082 30.9296103264
1101 30.9192587235
1103 30.8248069085
1105 30.8014771095
1136 30.7933686184
1137 30.7906071071
1140 30.7869555276
1141 30.7509668388
1143 30.7437060720
1145 30.7368131324
1147 30.7291400000
1152 30.7111511293
1153 30.6987987159
1154 30.6290633617
1155 30.5737179482
1178 30.5345495061
1180 30.5183669349
1181 30.4789981622
1183 30.4701058030
1191 30.4590011205
1192 30.4408554473
1194 30.4104410628
1195 30.3815684901
1200 30.3794982565
1201 30.3689945379
1202 30.3689521779
1203 30.3505283116
1205 30.3218772890
1212 30.3078983297
1213 30.2932989982
1216 30.2562827303
1218 30.1459225399
1220 30.0659850016
1223 29.9418745351
1224 29.7890223250
1225 29.6248014890
1227 29.3603210006
1230 29.2288630856
1232 29.1958387130
1233 29.1953106566
1238 29.1321134344
1274 29.1106765452
1280 29.0826243564
1290 29.0761622330
1295 29.0515867968
1297 28.9303627472
1299 28.9066628040
1304 28.8658210438
1307 28.8620189631
1325 28.8372896437
1339 28.8371576435
1342 28.8185455926
1351 28.8150240158
1355 28.8085170604
1357 28.7980589577
1358 28.7635123894
1363 28.7614708890
1371 28.7513886349
1373 28.7211788229
1375 28.7063997519
1377 28.7019085111
1378 28.6585643586
1379 28.6415885411
1380 28.6395720210
1381 28.6325856944
1383 28.6207883828
1387 28.6171618830
1389 28.6107409416
1391 28.5921838601
1394 28.5430296626
1396 28.5117304898
1397 28.5106638217
1398 28.4815032132
1400 28.4558754220
1402 28.3999979048
1403 28.3878390931
1405 28.3566573997
1408 28.3476257909
1409 28.3054002496
1411 28.2830093412
1412 28.2502478356
1418 28.2434345649
1422 28.2280882281
1423 28.1731234564
1425 28.0960730109
1428 28.0799642482
1429 28.0121621434
1432 27.9932079521
1434 27.8857147929
1449 27.7805812749
1452 27.6971979968
1459 27.6758134360
1464 27.6508487286
1465 27.6099231526
1467 27.6005200180
1470 27.5939242879
1472 27.5574951242
1476 27.5298128806
1477 27.5012388323
1482 27.4176934372
1483 27.3982455881
1489 27.3645077956
1491 27.3603095696
1492 27.3503891468
1493 27.3387927598
1496 27.3361712384
1498 27.3249927885
1500 27.3060336991
1502 27.2888327850
1503 27.2848880182
1508 27.2835668565
1509 27.2622162631
1511 27.2556600434
1519 27.2459796345
1522 27.2306153392
1532 27.2180497138
1537 27.2167966698
1538 27.2097071501
1539 27.1990150026
1542 27.1804540901
1543 27.1720864833
1544 27.1609208298
1545 27.1566974085
1548 27.1548783816
1549 27.1118573254
1552 27.0971779197
1553 27.0900609378
1556 27.0502808191
1557 27.0261676657
1560 27.0223510888
1561 27.0057870402
1562 26.9998518992
1563 26.9807994865
1565 26.9603300144
1568 26.9313180255
1574 26.9292958925
1577 26.9221304046
1581 26.9126465849
1583 26.8791871338
1585 26.8787391194
1586 26.8059271035
1587 26.7142562529
1589 26.6581045447
1591 26.5649405642
1593 26.5514339284
1595 26.5326665677
1599 26.5220917322
1603 26.4911992014
1604 26.4749877065
1608 26.4192524674
1610 26.3890749677
1616 26.3038043251
1617 26.2483327297
1619 26.2121586715
1620 26.1456453729
1621 26.1052226403
1624 25.9941853984
1626 25.9658967153
1628 25.8035641348
1630 25.7669665837
1636 25.7036230188
1637 25.5080930247
1639 25.5043548944
1640 25.4219328686
1641 25.1491373709
1643 25.0835935897
1644 24.9882215548
1653 24.9659723285
1654 24.9626967130
1655 24.9532775101
1657 24.7913664161
1660 24.7896536669
1662 24.4661613800
1666 24.0727305538
1670 23.9978983407
1674 23.9313517549
1679 23.8967276491
1683 23.8228258487
1690 23.7970844381
1691 23.6775568387
1693 23.6484478274
1696 23.6187606847
1698 23.5691986999
1702 23.5189124192
1713 23.4761345560
1720 23.4099435867
1724 23.3595608406
1727 23.2958459321
1731 23.2891618939
1732 23.1981316333
1733 23.1952705961
1738 23.1424186921
1744 23.0907731232
1745 23.0691527954
1749 22.9451705788
1752 22.9312930144
1753 22.8635273480
1757 22.8444560082
1759 22.7356269741
1763 22.7058606912
1765 22.6929141201
1766 22.6696491509
1790 22.6519611867
1803 22.6438082578
1806 22.6401975161
1810 22.6360798914
1811 22.6249093689
1813 22.6156950344
1818 22.6103602410
1825 22.6024852876
1835 22.5902793939
1837 22.5882948816
1842 22.5746508066
1843 22.5739674343
1845 22.5493973103
1851 22.5434715657
1854 22.5363192417
1861 22.5247413542
1878 22.5199662244
1879 22.5088156525
1881 22.5043399482
1882 22.4951184873
1904 22.4646792850
1908 22.4561924471
1910 22.4514214417
1917 22.4449118234
1918 22.4310377147
1919 22.4105935308
1935 22.4057077501
1937 22.4022014275
1966 22.4005193898
1967 22.3968159405
1970 22.3961490665
1972 22.3951962879
1973 22.3932551012
1975 22.3880775858
1981 22.3845830760
1985 22.3790993771
1987 22.3752073139
1989 22.3661376807
2165 22.3654642299
2168 22.3631255920
2170 22.3592674346
2172 22.3582262691
2173 22.3547666235
2176 22.3537870558
2178 22.3536104619
2179 22.3501672082
2183 22.3486261927
2187 22.3447891220
2196 22.3364289275
2206 22.3351468300
2207 22.3342047703
2208 22.3317875860
2211 22.3297428453
2213 22.3295715223
2215 22.3181597699
2218 22.3163953645
2223 22.3137809650
2226 22.3106848562
2228 22.3028111695
2231 22.2991646621
2234 22.2940401761
2236 22.2936618009
2237 22.2920229817
2240 22.2896811456
2242 22.2842364771
2246 22.2836257489
2247 22.2790086526
2249 22.2778214467
2253 22.2755452532
2255 22.2736522738
2257 22.2713254966
2258 22.2704752489
2259 22.2690570287
2260 22.2684032779
2261 22.2639853259
2263 22.2602040262
2265 22.2590743903
2266 22.2585864454
2267 22.2578494330
2268 22.2528797775
2270 22.2490977774
2276 22.2475097895
2278 22.2410833656
2279 22.2373547938
2280 22.2359799532
2282 22.2300035017
2284 22.2282013795
2285 22.2273646604
2297 22.2270921750
2302 22.2264438027
2304 22.2224063490
2309 22.2220114474
2310 22.2216111616
2317 22.2193467672
2319 22.2180453669
2321 22.2174864064
2324 22.2148591967
2325 22.2138215363
2327 22.2129910067
2328 22.2123311994
2330 22.2091508967
2332 22.2051697753
2333 22.2028525804
2335 22.1994059577
2337 22.1993960711
2338 22.1970824814
2339 22.1943655513
2341 22.1942830155
2342 22.1939243528
2348 22.1914164842
2352 22.1894514974
2363 22.1871160396
2365 22.1839138594
2368 22.1828424616
2388 22.1825422441
2483 22.1804010672
2497 22.1801040977
2504 22.1800586942
2512 22.1799026183
2523 22.1796150881
2526 22.1789058565
2528 22.1787862388
2531 22.1786159801
2541 22.1783972844
2549 22.1783521302
2550 22.1782594568
2551 22.1775827215
2556 22.1774563921
2562 22.1770839836
2563 22.1767245482
2564 22.1766467839
2567 22.1765301235
2569 22.1763682761
2572 22.1763389969
2573 22.1759837368
2574 22.1758436365
2576 22.1753363743
2577 22.1747009802
2582 22.1745136788
2586 22.1744601414
2587 22.1736764024
2591 22.1735897138
2593 22.1734108450
2605 22.1730461639
2607 22.1725448112
2609 22.1715719706
2615 22.1705381846
2617 22.1697317871
2619 22.1696403769
2621 22.1691043367
2624 22.1687333507
2625 22.1686378192
2626 22.1685259777
2632 22.1684747812
2633 22.1678521894
2635 22.1673767934
2636 22.1665860256
2649 22.1653893688
2653 22.1653552428
2655 22.1647342976
2657 22.1643510260
2666 22.1633667027
2667 22.1621043930
2672 22.1601008886
2697 22.1597673447
2700 22.1592528009
2701 22.1590697505
2704 22.1563546581
2711 22.1561650298
2712 22.1560920563
2723 22.1556828729
2726 22.1554428589
2728 22.1551921314
2732 22.1546967501
2735 22.1538951341
2738 22.1534916429
2771 22.1534442716
2775 22.1533201982
2777 22.1531723719
2778 22.1529528323
2780 22.1528202944
2781 22.1526172827
2784 22.1517416818
2786 22.1514389165
2791 22.1511162245
2795 22.1503196058
2796 22.1495601594
2801 22.1491045447
2802 22.1490244403
2814 22.1483219310
2815 22.1479149563
2820 22.1477746298
2824 22.1469182626
2825 22.1463844117
2827 22.1457136128
2828 22.1448806083
2830 22.1446580779
2839 22.1444564007
2842 22.1439988327
2844 22.1437018860
2865 22.1433154294
2867 22.1432226554
2868 22.1432179297
2875 22.1430237122
2879 22.1429295730
2881 22.1424554017
2887 22.1421433875
2910 22.1418997295
2911 22.1416614510
2917 22.1416478245
2920 22.1415890158
2921 22.1414995248
2928 22.1414920806
2930 22.1413418321
2931 22.1413413397
2932 22.1412625640
2934 22.1411587311
2938 22.1410294677
2939 22.1409584465
2942 22.1408167438
2943 22.1406731577
2945 22.1404052643
2947 22.1402697996
2951 22.1402081600
2953 22.1399108524
2963 22.1397448355
2969 22.1391028908
2972 22.1389254965
2973 22.1388319955
2978 22.1383969713
2980 22.1377813257
2982 22.1373234442
2989 22.1372978080
2997 22.1372269678
2998 22.1369360974
2999 22.1365914547
3000 22.1360823315
3001 22.1360389423
3031 22.1357947178
3033 22.1353481658
3079 22.1353335478
3082 22.1352292112
3084 22.1350856162
3086 22.1349484600
3088 22.1348199700
3091 22.1347522053
3095 22.1345407809
3096 22.1345336493
3097 22.1344549873
3099 22.1342395361
3115 22.1341520628
3117 22.1340034670
3119 22.1338195991
3122 22.1338063555
3129 22.1337866082
3131 22.1337586034
3139 22.1336442844
3142 22.1336141521
3143 22.1335003523
3145 22.1334143374
3151 22.1333959171
3153 22.1332317567
3156 22.1331161825
3157 22.1330742713
3158 22.1330443934
3159 22.1329107942
3181 22.1328349619
3183 22.1327816808
3185 22.1326671901
3197 22.1324104464
3199 22.1323440489
3218 22.1323151244
3219 22.1321834258
3222 22.1320690643
3223 22.1320621785
3234 22.1319156427
3235 22.1318898812
3236 22.1318578562
3238 22.1317511236
3242 22.1314593851
3249 22.1313696078
3250 22.1311938720
3276 22.1310855040
3285 22.1310724670
3286 22.1309702005
3289 22.1309615567
3292 22.1308905042
3300 22.1306867485
3301 22.1305535546
3303 22.1304683287
3305 22.1303949946
3308 22.1301440760
3309 22.1300752277
3311 22.1300022069
3315 22.1297991614
3316 22.1297524990
3324 22.1297148614
3326 22.1294897452
3328 22.1291624627
3332 22.1290292656
3333 22.1288889860
3337 22.1286877066
3347 22.1283962033
3349 22.1280868574
3350 22.1278531155
3351 22.1278524221
3352 22.1275005077
3353 22.1274332634
3354 22.1273502612
3358 22.1270912708
3363 22.1267178705
3366 22.1262810070
3368 22.1258982759
3371 22.1253831452
3374 22.1253351768
3378 22.1252892967
3380 22.1246959285
3382 22.1245062807
3383 22.1239947979
3385 22.1239711508
3387 22.1238888380
3388 22.1237546702
3390 22.1233483125
3391 22.1231186965
3393 22.1224524972
3404 22.1217999622
3408 22.1210329322
3410 22.1191588312
3411 22.1156689078
3413 22.1130466294
3415 22.1129157880
3417 22.1125107855
3419 22.1117029843
3423 22.1094654207
3429 22.1067223299
3432 22.1061215855
3433 22.1054989118
3434 22.1024999652
3488 22.1022532746
3495 22.1022046779
3496 22.1020577938
3497 22.1019461008
3501 22.1013279608
3506 22.1010597691
3507 22.1010229326
3511 22.1008719924
3513 22.1007293568
3515 22.0993896099
3517 22.0991074495
3518 22.0986451782
3524 22.0983033307
3526 22.0980394278
3534 22.0975939603
3535 22.0968251156
3536 22.0968116323
3571 22.0946996944
3575 22.0928315740
3613 22.0857475569
3615 22.0834811520
3618 22.0825003446
3620 22.0806225756
3621 22.0805000149
3623 22.0803833523
3624 22.0785617313
3625 22.0777904637
3626 22.0756769436
3693 22.0753160141
3695 22.0739893076
3701 22.0724100377
3702 22.0707535254
3703 22.0701550236
3716 22.0692920829
3734 22.0688450988
3736 22.0681039083
3738 22.0678650022
3739 22.0672794253
3742 22.0664412969
3744 22.0662579392
3745 22.0656523925
3747 22.0649925966
3751 22.0636839877
3753 22.0629759931
3756 22.0627923667
3763 22.0624797877
3765 22.0606882713
3772 22.0596195127
3773 22.0581954494
3775 22.0580275346
3776 22.0574907617
3791 22.0561250342
3792 22.0555153558
3793 22.0544147841
3795 22.0508965128
3797 22.0496672084
3804 22.0490416693
3805 22.0490228677
3822 22.0489534132
3826 22.0486320124
3834 22.0483334773
3835 22.0482632196
3838 22.0475458480
3847 22.0472021790
3849 22.0462797512
3852 22.0462472639
3853 22.0450237020
3855 22.0449203274
3856 22.0448149843
3859 22.0448074525
3861 22.0446679385
3863 22.0445992924
3866 22.0436474531
3867 22.0431057212
3878 22.0427029823
3880 22.0406843540
3897 22.0404938221
3899 22.0400139420
3902 22.0398949258
3908 22.0395499080
3909 22.0389393465
3911 22.0387706522
3913 22.0385360295
3922 22.0380301834
3923 22.0380189763
3924 22.0374304586
3926 22.0369391172
3927 22.0357237122
3930 22.0349316522
3950 22.0332653352
3954 22.0315689646
3955 22.0295050576
3957 22.0290806920
4070 22.0289376918
4071 22.0288374958
4072 22.0282706920
4074 22.0281886015
4076 22.0277218985
4082 22.0276237060
4087 22.0276150722
4090 22.0275368300
4091 22.0274206076
4093 22.0272371861
4096 22.0272243915
4098 22.0272208043
4099 22.0271012788
4102 22.0270439539
4103 22.0270250287
4105 22.0268532657
4108 22.0267850218
4110 22.0267166401
4111 22.0265947312
4113 22.0264813235
4118 22.0261917809
4123 22.0260953813
4125 22.0260921197
4126 22.0260037192
4127 22.0259068633
4133 22.0258102823
4135 22.0256687631
4141 22.0256501040
4142 22.0255913290
4143 22.0255199408
4149 22.0255172322
4151 22.0255063560
4152 22.0254173946
4161 22.0253528281
4163 22.0252820086
4169 22.0251961016
4171 22.0251654663
4173 22.0250597760
4176 22.0249814117
4181 22.0249785668
4183 22.0248744368
4188 22.0248485023
4190 22.0248174673
4192 22.0247600498
4196 22.0247035915
4205 22.0246853148
4207 22.0246695693
4210 22.0246788112
evaluations raw_y
1 251554.1131200433
40 14428.5635982796
110 385.6053020558
480 249.8111247547
481 145.0354271464
490 133.9274646037
577 133.4396567256
584 133.4249866018
586 132.8561329013
603 132.6954812087
608 132.5274975225
617 132.4830010118
623 132.4217796537
624 132.3234866474
626 132.3129048278
628 132.2364040701
631 132.2315201967
632 132.1889030952
658 132.1770147274
675 132.1355351488
678 132.1070994176
685 132.0700536128
688 132.0366966207
698 131.9990332007
699 131.9954291222
702 131.9948536144
704 131.9568429689
705 131.9442376604
706 131.9347587081
707 131.9182028062
708 131.8907831057
713 131.8843689791
714 131.8406102365
715 131.8391654014
724 131.8025849483
727 131.7689271889
731 131.7522303919
732 131.6990919188
734 131.6757259070
736 131.6222383088
755 131.6015141805
757 131.5741893957
759 131.5481968402
763 131.5411490075
765 131.5147446428
768 131.4843313495
786 131.4805851515
788 131.4757760746
790 131.4588127979
796 131.4428955672
798 131.4376601333
799 131.4376136688
800 131.4340401396
803 131.4111198099
806 131.3800384680
808 131.3422842428
810 131.3383960510
812 131.3250548317
814 131.2957366290
816 131.2828724838
819 131.2788877677
821 131.2649606768
826 131.1608075024
831 131.1317259037
834 131.1302975601
835 131.1302450276
838 131.1116895819
840 131.1073451619
847 131.0970333446
848 131.0902792503
852 131.0710623053
856 131.0574387646
860 131.0166815146
864 130.9612075187
866 130.8500309493
868 130.7618274064
869 130.7001083512
871 130.6902934250
886 130.6845500627
901 130.6707643955
902 130.6289540045
906 130.5666308510
907 130.4697112542
909 130.2615605068
911 130.2516044207
915 130.2478182383
917 130.0023127328
920 129.9101347073
923 129.7815361371
927 129.6651962167
969 129.6433786334
972 129.6402814414
973 129.6221239928
976 129.5775675560
978 129.5533291173
979 129.5399841954
986 129.5339611091
991 129.5327656742
992 129.5269596918
993 129.5263973465
995 129.5239325923
996 129.5062431282
999 129.4965189690
1001 129.4952201147
1003 129.4629342495
1020 129.4499195484
1022 129.4456920370
1023 129.4301131330
1024 129.4105158871
1025 129.3937941325
1026 129.3762595808
1029 129.3342027910
1038 129.3211811434
1039 129.3170312136
1041 129.3005619436
1044 129.2933929480
1045 129.2784222120
1048 129.2310614443
1060 129.2099640421
1066 129.1638979677
1067 129.1180156802
1069 129.1132707788
1070 129.1087630182
1071 129.0862860373
1072 129.0687208086
1076 129.0448490308
1077 129.0434307019
1078 128.9668901180
1079 128.9607771068
1082 128.8440733243
1083 128.7205096751
1088 128.6840588749
1090 128.6713043576
1091 128.6366303005
1094 128.6214087070
1100 128.6094682665
1102 128.3083008048
1103 128.1132206108
1111 128.0206147943
1122 127.9856380129
1125 127.7568863300
1138 127.7517616358
1142 127.7248738996
1144 127.7064582269
1146 127.6305163581
1148 127.5640416510
1149 127.5480901706
1150 127.5090090474
1152 127.4582767230
1154 127.3840511382
1155 127.3484156029
1158 127.2677286900
1160 127.1888933112
1161 126.9719631793
1164 126.9219910874
1165 126.8199709710
1167 126.7416630207
1170 126.7383869749
1171 126.7034946166
1172 126.6552994336
1175 126.6461407294
1177 126.6080234324
1185 126.5322764437
1187 126.4431202304
1189 126.3996768990
1191 126.3558238180
1195 126.2565238317
1197 126.1540654717
1200 126.0951316500
1201 126.0053242511
1203 125.9769880957
1205 125.9718591752
1206 125.9609875341
1207 125.9198760802
1208 125.8774076835
1209 125.8285832394
1211 125.7107673716
1214 125.6606565055
1215 125.5798626508
1220 125.5688153365
1226 125.5355079707
1228 125.5189223297
1230 125.4436678691
1231 125.4431451346
1233 125.4095354903
1234 125.3989119408
1235 125.3378987158
1237 125.3044667767
1239 125.2083533429
1242 125.0100552434
1243 124.9681262337
1245 124.7691878646
1247 124.4537761229
1250 124.4032162089
1252 124.3246121359
1253 124.2893481262
1259 124.2249783201
1260 124.1381965946
1264 124.1275661264
1265 124.1223185404
1267 124.0103344059
1270 123.8411884856
1272 123.7236251943
1274 123.6149186633
1276 123.4738967012
1277 123.3004619432
1279 123.0617265700
1285 122.9120382606
1288 122.7783371013
1290 122.6291607079
1291 122.4436807410
1296 122.3197795109
1298 122.3019076233
1299 122.1250997828
1301 121.7748031165
1303 121.3237496188
1306 121.2991771566
1314 121.2244016609
1317 121.0524839490
1319 121.0282340698
1346 120.7419127626
1356 120.7143552521
1359 120.6547415042
1361 120.4212041857
1364 120.3241946523
1366 120.1689681358
1367 120.0329621147
1369 119.8681888489
1371 119.4902054714
1374 119.4452627290
1376 119.3745501416
1389 119.2842866570
1390 119.2033336019
1400 118.6923771909
1407 118.3883764524
1411 118.3564572463
1413 118.2889762287
1420 118.2471447036
1428 117.8993003072
1437 117.8412782933
1440 117.7884272578
1441 117.7205711677
1443 117.6765011610
1444 117.6242384894
1450 117.6089352674
1451 117.5380967275
1452 117.5300960265
1456 117.4922736007
1462 117.4788210989
1463 117.4349979989
1465 117.4247148651
1468 117.3802899062
1504 117.3687837961
1506 117.3526761925
1507 117.2953193951
1510 117.2353813980
1511 117.2329341284
1512 117.2265742834
1513 117.1430895779
1515 117.1146763660
1516 117.0998798399
1523 116.9633536737
1526 116.9015511898
1527 116.8734103123
1528 116.7722928580
1552 116.7595440705
1553 116.7585325051
1556 116.7401135694
1557 116.7164340775
1559 116.7075935097
1561 116.6846648372
1564 116.6595440697
1565 116.6538096129
1567 116.6386613423
1569 116.6063678555
1571 116.5991941565
1573 116.5927382359
1574 116.5841273805
1575 116.5721680143
1577 116.5309626700
1583 116.5156129301
1597 116.5077543235
1599 116.4856761969
1600 116.4628973381
1603 116.4271993155
1607 116.4063016442
1609 116.3900628875
1637 116.3793030166
1638 116.3570134031
1639 116.3088903787
1640 116.2991458699
1643 116.2665005074
1650 116.2496780166
1652 116.2077590204
1653 116.2012192490
1659 116.1868862489
1661 116.0647815449
1664 116.0548314140
1666 115.9669516329
1669 115.8698126252
1672 115.8158518397
1674 115.7684623459
1676 115.6731224961
1678 115.6340114464
1679 115.5937854094
1681 115.3777137812
1682 115.3632956308
1685 115.2586098414
1687 115.2305653673
1689 115.2294244952
1691 115.1951873729
1693 115.1735186624
1699 115.1650897514
1702 115.1368123090
1703 115.1333314067
1704 115.1143482417
1705 115.1075382041
1709 115.0661199614
1710 115.0478387166
1711 114.9978274034
1718 114.9577420759
1724 114.8747776057
1741 114.8569927493
1743 114.8557245501
1744 114.8260605945
1745 114.7871149129
1747 114.7664582822
1749 114.7356403417
1769 114.7182634282
1772 114.6818702033
1780 114.6337578048
1782 114.6319033028
1783 114.6057894573
1786 114.5701450657
1787 114.5413383278
1790 114.5196858746
1798 114.4998886380
1810 114.4881715309
1812 114.4581188476
1815 114.4033682759
1816 114.3716561568
1817 114.3175413014
1820 114.2878191929
1835 114.2848714677
1840 114.2740555670
1841 114.2494752560
1846 114.2061068664
1848 114.1738820595
1853 114.1492886458
1857 114.1383074691
1867 114.1279339226
1873 114.1108017502
1875 114.1029742783
1885 114.0576082642
1887 114.0333824095
1889 114.0305702019
1891 114.0105075892
1892 113.9992017463
1893 113.9732262183
1896 113.9587230011
1897 113.9426385134
1900 113.9108145237
1902 113.8836887587
1905 113.8798734857
1909 113.8710678999
1910 113.8681495340
1912 113.8623153993
1914 113.8595719186
1915 113.8545863493
1916 113.8510377261
1917 113.8485042662
1919 113.8029320247
1921 113.7966144225
1923 113.7856245299
1938 113.7713038809
1939 113.7612431455
1940 113.7594832736
1941 113.7591561441
1946 113.7477138029
1947 113.7390046348
1949 113.7316464759
1954 113.7245653966
1955 113.6953036643
1958 113.6808937292
1960 113.6768730063
1967 113.6623853815
1969 113.6580301704
1970 113.6415906433
1971 113.6225652602
1973 113.6153986815
1976 113.6114228077
1992 113.6095545046
1993 113.5750227767
2005 113.5498950343
2008 113.5404406618
2012 113.5391090364
2013 113.5338031784
2015 113.5210192133
2017 113.5143740498
2019 113.5132714797
2021 113.5104813703
2022 113.5075415844
2023 113.4857017711
2025 113.4832358682
2027 113.4714498395
2029 113.4677337024
2032 113.4668588237
2042 113.4367741438
2045 113.4298796662
2046 113.4241409359
2048 113.4190738145
2049 113.3788996492
2051 113.3760742643
2054 113.3413428452
2055 113.3187235319
2062 113.3069294154
2065 113.2909936808
2068 113.2882133313
2072 113.2516687397
2074 113.2113696941
2078 113.1988501257
2081 113.1869492579
2083 113.1456205409
2085 113.0990990266
2090 113.0778973640
2092 113.0091004133
2096 113.0036881219
2099 113.0028647153
2101 112.9997855085
2102 112.9670176908
2104 112.9525634633
2105 112.9467568866
2106 112.9327432219
2108 112.9071952523
2110 112.8882928334
2112 112.8757316009
2114 112.8585641573
2115 112.8445579943
2118 112.7903606331
2120 112.7517909238
2121 112.7479890762
2123 112.7250164471
2125 112.6517681680
2131 112.5567941242
2133 112.5355102012
2134 112.4783244249
2135 112.4538722861
2136 112.4308820655
2143 112.3382598474
2144 112.3362798814
2145 112.2284843801
2151 112.1876483410
2153 112.1291529284
2154 112.0774941240
2155 111.8669701831
2165 111.7681311195
2171 111.4707001844
2174 111.4517290819
2175 111.2530786592
2180 111.1430573675
2181 111.0062231031
2183 110.9489501848
2185 110.8430777094
2206 110.7981487153
2207 110.7862945675
2208 110.7481148805
2209 110.7324226217
2210 110.6887277644
2211 110.6255507676
2213 110.6108414850
2216 110.5837602446
2222 110.5753466706
2225 110.5591504672
2234 110.5554927758
2237 110.5487475075
2239 110.5222008789
2240 110.5094221729
2241 110.5004196463
2246 110.4832790863
2247 110.4731377374
2248 110.4615005238
2261 110.4609935214
2262 110.4487508635
2263 110.4413835669
2264 110.4406307183
2267 110.4375341201
2268 110.4367269788
2270 110.4249890244
2274 110.4108694887
2278 110.4024577554
2279 110.3941587237
2281 110.3941283250
2282 110.3924082641
2285 110.3795079249
2290 110.3758986963
2295 110.3751729821
2298 110.3663403664
2299 110.3608861974
2302 110.3539953392
2303 110.3493000374
2306 110.3413827878
2308 110.3370251048
2309 110.3148350186
2312 110.3094783881
2315 110.3015997039
2317 110.2808467435
2320 110.2609976172
2325 110.2557936171
2326 110.2505332806
2327 110.2174412570
2332 110.2091728182
2334 110.1897525689
2335 110.1848446907
2339 110.1512769926
2341 110.1482201856
2342 110.1345659627
2346 110.1192093230
2347 110.1181612478
2352 110.1102763665
2354 110.0915406047
2357 110.0913368520
2358 110.0726422344
2361 110.0596387605
2363 110.0555681273
2377 110.0474245539
2384 110.0409267850
2385 110.0387156276
2389 110.0384692257
2393 110.0330901774
2395 110.0238005064
2396 110.0219068763
2406 110.0163995498
2408 110.0119662583
2410 110.0047441626
2412 110.0015917044
2417 109.9881103269
2432 109.9861913123
2443 109.9861732680
2447 109.9856228745
2449 109.9830974983
2456 109.9810300318
2458 109.9789596135
2462 109.9780117520
2463 109.9776672875
2469 109.9771593016
2477 109.9768331902
2480 109.9768193114
2491 109.9765793363
2493 109.9764530821
2605 109.9764480762
2607 109.9764356335
2610 109.9764175514
2612 109.9764132734
2618 109.9764100988
2619 109.9764005057
2620 109.9763907153
2621 109.9763896222
2623 109.9763860973
2626 109.9763803671
2627 109.9763748274
2628 109.9763737956
2637 109.9763666887
2654 109.9763656369
2656 109.9763639515
2660 109.9763602498
2661 109.9763548072
2663 109.9763544064
2670 109.9763467314
2671 109.9763390552
2674 109.9763272642
2677 109.9763203309
2680 109.9763197689
2684 109.9763118230
2686 109.9763098308
2688 109.9763080134
2690 109.9762998667
2695 109.9762995160
2697 109.9762829460
2699 109.9762743674
2702 109.9762666872
2705 109.9762373785
2707 109.9762335947
2709 109.9762252439
2716 109.9761876282
2717 109.9761722591
2719 109.9761511151
2721 109.9761378196
2724 109.9760855803
2736 109.9760700600
2744 109.9760584113
2774 109.9760360182
2780 109.9760107820
2782 109.9760084963
2795 109.9760068073
2796 109.9760003492
2797 109.9759998005
2799 109.9759920522
2801 109.9759824199
2802 109.9759737683
2815 109.9759733447
2817 109.9759639616
2820 109.9759632328
2821 109.9759457481
2823 109.9759188421
2825 109.9758995820
2827 109.9758696090
2836 109.9758586463
2838 109.9758337483
2841 109.9758283134
2843 109.9757957363
2848 109.9757621883
2849 109.9757554699
2854 109.9757376972
2865 109.9757301352
2867 109.9756906206
2869 109.9756714801
2871 109.9756615384
2872 109.9756589496
2874 109.9756282068
2875 109.9756018469
2877 109.9755981992
2878 109.9755456596
2881 109.9754554510
2904 109.9754190112
2905 109.9753963185
2907 109.9753840817
2909 109.9752727293
2917 109.9751729758
2919 109.9750655366
2921 109.9749369605
2923 109.9749351335
2930 109.9748590305
2932 109.9748222512
2933 109.9747279398
2935 109.9747154725
2936 109.9746835948
2940 109.9745592061
2958 109.9744016882
2959 109.9743642192
2965 109.9743639326
2968 109.9743306745
2969 109.9742472337
2971 109.9742128010
2972 109.9741884442
2973 109.9741409915
2974 109.9740627696
2978 109.9738861500
2983 109.9737799770
2986 109.9737584672
2987 109.9736968426
2988 109.9736348216
2990 109.9736213428
2991 109.9734744663
2994 109.9734440957
2997 109.9733815682
2998 109.9730805561
3000 109.9730616483
3015 109.9728772076
3018 109.9728239956
3020 109.9728193308
3034 109.9727353683
3038 109.9726682886
3040 109.9725769023
3051 109.9725529832
3052 109.9724340121
3055 109.9724088754
3056 109.9723475241
3057 109.9723307071
3058 109.9722765224
3059 109.9721284550
3061 109.9719509324
3066 109.9718457960
3071 109.9716785242
3074 109.9716169123
3076 109.9715493949
3079 109.9714412874
3089 109.9714292661
3091 109.9712556677
3093 109.9712018141
3094 109.9711192949
3095 109.9709973513
3097 109.9709396665
3099 109.9706866534
3103 109.9706176363
3104 109.9705388582
3106 109.9703401764
3108 109.9699921987
3109 109.9692612258
3113 109.9685154961
3121 109.9682811226
3124 109.9676206053
3126 109.9673735502
3127 109.9662405972
3130 109.9649341506
3131 109.9648590229
3149 109.9646863237
3293 109.9646417942
3296 109.9645162187
3297 109.9644456833
3300 109.9643774381
3307 109.9642788697
3309 109.9642138988
3311 109.9641896421
3316 109.9641046552
3317 109.9639229286
3320 109.9638993188
3321 109.9637395685
3322 109.9636387995
3326 109.9633542870
3328 109.9632450668
3329 109.9631075606
3330 109.9628869642
3332 109.9628060259
3337 109.9625155138
3340 109.9625067624
3342 109.9622093042
3343 109.9621381619
3345 109.9620779465
3348 109.9620237506
3374 109.9619465117
3378 109.9619296595
3381 109.9618142378
3403 109.9617148870
3405 109.9616993484
3408 109.9615932519
3410 109.9615006586
3411 109.9614986480
3413 109.9613087075
3416 109.9612701183
3417 109.9612295935
3420 109.9612199140
3422 109.9614215489
evaluations raw_y
1 65494151.8292692751
3 32860370.3765725680
4 25916348.2533096001
10 25009546.2577964254
14 24697060.7864988893
16 18580741.7174755000
18 11080480.5813066922
19 10625768.0692320056
20 1774827.7729208244
21 61522.7222345540
37 728.8362540432
46 275.9277799653
162 164.7517520182
188 157.6992855103
197 152.8862795502
224 146.2528975848
245 144.2977309923
249 141.0334314561
254 139.1923531576
280 138.6981444596
281 138.4740026989
288 136.8971197389
289 136.5815019078
297 136.4540314294
300 136.1322138958
303 135.1275107887
311 133.8768961959
313 131.2478331510
315 131.0601658204
316 129.8844558371
317 126.7582435520
322 125.1687522464
332 124.4129825581
333 124.3034924655
335 123.1774539247
352 122.5468184193
353 119.7067047482
355 119.0060076403
356 116.4303233808
361 115.8774889167
363 113.6221518300
368 113.4174078666
383 111.4318646809
385 110.1532381907
386 109.8064204056
391 107.3846822221
400 107.3749008082
403 102.9093026755
412 96.3662068430
420 95.8334481727
425 95.6468252540
427 94.4197245712
430 92.7773496105
436 92.6044885016
439 92.2060315203
442 90.5710044960
446 89.8450660994
449 87.9229596591
450 85.8348028802
469 83.8096380798
471 82.7408549611
476 82.6457220551
478 82.5968414159
481 81.1732776517
488 80.7357971854
489 80.4609170836
492 79.3732847147
499 78.7079433281
503 78.5938918207
507 78.1713069625
509 77.3888670036
511 77.2071050438
516 76.1291865426
518 75.2844924269
533 75.1670908483
535 75.0757749486
538 74.5305961454
540 74.3221023462
543 73.9020840664
546 73.1341804129
548 72.9227096473
550 71.7856990198
554 71.3901392458
556 71.3289861059
561 70.5778157952
576 69.9915954907
578 69.3681406905
580 69.0656047025
583 68.8370368649
586 68.2695971218
598 68.2153461002
605 67.5769309885
607 67.0118308282
608 66.8400221109
609 66.6032786607
612 66.4835453224
613 66.3145414784
618 66.3107118026
621 65.7740984508
623 64.8950533421
625 64.5262023034
626 64.4153624501
645 64.0366137681
647 62.9615453596
653 62.8697407133
655 62.6782465509
658 62.3763541184
659 62.2306450877
661 62.0305858658
662 61.7235585928
664 61.5731482592
666 61.1803417794
675 59.8609999720
677 58.4522331505
691 58.4423764142
693 57.4068398363
696 55.9159298262
697 54.4749729351
699 54.4097770355
700 54.3694052708
702 53.9929714585
703 53.0955205441
706 52.6645585955
708 52.6250718268
721 52.4102938104
723 52.2871056472
725 52.1201076036
726 51.9313915413
729 51.8724501333
744 51.8566272369
751 51.8198593071
760 51.7454929081
780 51.7200913338
781 51.7157665157
782 51.6320286644
798 51.5446470639
811 51.5257918717
814 51.5148991321
817 51.4776560009
819 51.3873328111
824 51.3687243867
825 51.3681082813
827 51.3351799990
828 51.3208026049
837 51.2972048099
860 51.2914816741
862 51.2914001926
864 51.2913764511
870 51.2903812177
871 51.2883258660
872 51.2870997121
874 51.2690587840
878 51.2683541267
880 51.2571383236
881 51.2522122605
882 51.2508976480
889 51.2485154109
890 51.2341003622
891 51.2300433968
896 51.2243246413
897 51.1991463987
905 51.1754590744
907 51.1418841924
908 51.1385020184
909 51.1056564864
914 51.1048168216
917 51.0731087366
920 51.0315473942
922 51.0223142575
929 51.0158005860
930 50.9706736331
931 50.9092038443
933 50.8228205861
935 50.6996784318
938 50.6454443767
953 50.5913973974
957 50.5587149672
962 50.5496883639
966 50.5430966840
967 50.4514192796
969 50.3605294266
976 50.3364790850
977 50.3089390111
979 50.3067059586
980 50.3046263577
1002 50.3016741170
1003 50.2956544334
1004 50.2702873923
1007 50.2631437915
1010 50.2548607004
1012 50.2442454691
1017 50.2353534011
1022 50.2261532835
1024 50.2226717019
1027 50.2175490850
1029 50.2043198382
1031 50.1917000245
1035 50.1733870790
1038 50.1577185237
1039 50.1247517096
1041 50.0909120533
1045 50.0625612731
1051 50.0612865782
1053 50.0072652284
1059 50.0042191774
1065 49.9567980307
1067 49.9028971532
1069 49.8594390011
1078 49.8132633277
1082 49.7080379839
1083 49.6261463624
1086 49.5607133372
1088 49.4918199534
1091 49.4410507982
1093 49.3395004495
1095 49.3193996278
1097 49.2451595673
1105 49.2018896117
1109 49.0654004642
1111 49.0277461806
1112 48.8852067774
1114 48.7529670928
1126 48.6000682236
1127 48.5080597004
1129 47.9985692330
1131 47.7683367523
1132 47.2773818759
1144 46.9910391654
1145 46.7669083407
1150 46.5150684514
1151 46.1919026382
1153 45.6142083631
1163 45.3757856346
1164 45.0993647009
1166 44.7074030249
1168 44.4592909718
1169 43.6022443003
1174 43.0694225958
1176 42.4378331215
1192 42.0077142065
1194 41.1678281375
1195 40.6735008541
1208 40.2115822992
1209 40.1448911646
1211 39.6297568808
1213 38.7283984538
1216 38.4860984397
1218 38.1062649024
1220 37.9062659405
1221 35.6444955443
1226 35.6212081693
1228 35.3570292981
1232 34.5511347428
1233 34.1225742478
1263 33.8343841024
1264 33.6366358873
1265 33.2492988304
1270 32.5326024904
1277 32.2298650802
1280 32.0542869525
1282 31.5376751237
1284 31.0283501549
1303 30.6906582311
1306 30.5681439725
1307 30.1838123838
1309 29.8285225326
1311 29.6021943370
1313 29.4804698705
1314 29.3311613718
1315 28.8183335817
1318 28.1978524402
1327 27.8920665465
1340 27.3915741359
1342 27.3679759609
1343 27.1009270330
1345 27.0020909186
1349 26.9054980667
1351 26.8272093049
1359 26.6922773265
1362 26.5930754880
1363 26.5628808315
1364 26.4883848257
1370 26.2993480920
1372 26.0686646815
1374 25.9354977382
1379 25.5976664804
1381 25.5636785726
1389 25.4489423264
1396 25.3313600226
1398 25.1878489322
1400 25.0886756060
1401 24.7232828972
1402 24.4197713024
1403 24.2603581030
1405 24.0195950062
1418 23.9871757688
1419 23.2640051550
1426 22.7955572335
1433 22.3719775800
1436 22.1558383335
1437 21.7377894488
1457 21.2687391829
1470 21.1145497263
1474 20.9181776691
1476 20.9160316921
1477 20.4153308787
1480 20.0618421587
1483 19.7448644383
1485 19.6762386279
1486 19.3171989733
1487 19.1248704753
1489 18.2939639730
1490 18.2639573477
1493 18.0097107611
1494 17.9044184705
1495 17.2490466326
1498 17.1293910033
1500 17.0893237960
1501 17.0630612441
1502 17.0503169837
1564 17.0323312732
1565 16.9864291092
1569 16.9674458743
1571 16.9560639373
1572 16.9520998699
1579 16.9447798216
1591 16.9371309821
1593 16.9276409393
1598 16.9101198941
1599 16.9043793537
1600 16.9030833459
1602 16.9020693523
1604 16.8957446272
1619 16.8931158160
1621 16.8873348119
1624 16.8790899138
1625 16.8717131448
1630 16.8682593358
1631 16.8591412309
1633 16.8568069679
1636 16.8538449945
1641 16.8522654378
1644 16.8452078570
1648 16.8325511108
1649 16.8211000238
1653 16.8186350291
1655 16.7972513483
1658 16.7812661903
1663 16.7752569409
1665 16.7478964364
1667 16.7178523059
1670 16.7038521815
1671 16.6784079379
1674 16.6622102771
1676 16.6236292539
1678 16.6168712061
1681 16.6091236414
1683 16.5715260593
1685 16.5667990721
1690 16.5514465859
1713 16.5386665920
1714 16.5342500112
1719 16.5334636870
1813 16.5329530420
1844 16.5319315493
1856 16.5314641812
1862 16.5307953036
1882 16.5306807814
1883 16.5303300318
1887 16.5302214597
1889 16.5302062814
1947 16.5301966264
1968 16.5301924122
1970 16.5301726065
1972 16.5301659223
1977 16.5301640780
1978 16.5301563625
1979 16.5301562746
1980 16.5301385872
1986 16.5301362881
1987 16.5301329649
1988 16.5301233097
1989 16.5301164879
1996 16.5301133138
1997 16.5301130125
2006 16.5301120457
2007 16.5301062393
2013 16.5300955693
2017 16.5300922808
2047 16.5300887722
2049 16.5300883165
2051 16.5300878091
2056 16.5300857694
2057 16.5300794754
2062 16.5300719148
2098 16.5300718577
2099 16.5300676509
2101 16.5300673453
2102 16.5300669224
2107 16.5300645505
2111 16.5300641299
2114 16.5300627612
2115 16.5300624692
2117 16.5300608268
2120 16.5300608253
2121 16.5300577424
2125 16.5300568399
2134 16.5300502082
2136 16.5300501547
2139 16.5300491422
2144 16.5300491129
2146 16.5300460485
2147 16.5300440924
2149 16.5300438092
2150 16.5300433717
2152 16.5300407963
2164 16.5300399302
2167 16.5300385054
2171 16.5300382952
2174 16.5300359389
2176 16.5300330562
2192 16.5300308029
2193 16.5300292099
2195 16.5300257145
2197 16.5300256229
2206 16.5300244844
2207 16.5300210737
2209 16.5300209405
2212 16.5300161707
2215 16.5300155694
2216 16.5300147413
2218 16.5300053910
2219 16.5300053453
2221 16.5300025923
2225 16.5299916565
2228 16.5299877996
2230 16.5299877886
2233 16.5299843350
2235 16.5299794982
2238 16.5299793722
2241 16.5299766909
2244 16.5299719881
2246 16.5299648523
2249 16.5299582296
2251 16.5299471154
2268 16.5299415750
2270 16.5299408876
2275 16.5299368171
2276 16.5299253219
2277 16.5299236456
2280 16.5299190536
2295 16.5299171087
2298 16.5299160732
2299 16.5299155799
2300 16.5299149614
2301 16.5299136632
2305 16.5299096457
2307 16.5299006506
2310 16.5298920471
2316 16.5298859280
2320 16.5298826660
2321 16.5298804041
2322 16.5298794133
2333 16.5298790416
2349 16.5298767297
2356 16.5298750160
2368 16.5298734114
2372 16.5298733495
2376 16.5298730801
2378 16.5298714786
2379 16.5298711485
2381 16.5298700173
2384 16.5298689803
2385 16.5298685411
2390 16.5298684649
2392 16.5298681845
2398 16.5298654442
2413 16.5298650310
2416 16.5298646389
2417 16.5298643829
2433 16.5298635592
2435 16.5298616137
2436 16.5298615049
2437 16.5298606581
2439 16.5298583126
2446 16.5298581329
2457 16.5298568845
2458 16.5298561098
2459 16.5298533295
2462 16.5298497272
2464 16.5298488047
2465 16.5298468620
2468 16.5298455871
2470 16.5298444640
2472 16.5298421998
2475 16.5298394886
2478 16.5298375149
2479 16.5298360263
2483 16.5298335811
2494 16.5298330281
2502 16.5298313928
2508 16.5298303221
2509 16.5298297782
2515 16.5298290721
2517 16.5298290428
2518 16.5298278163
2519 16.5298268725
2520 16.5298248109
2522 16.5298235854
2523 16.5298234113
2524 16.5298231373
2525 16.5298219609
2528 16.5298192436
2529 16.5298182210
2536 16.5298141336
2537 16.5298085574
2540 16.5298075020
2565 16.5298068882
2569 16.5298043030
2572 16.5297988595
2573 16.5297974090
2594 16.5297958605
2611 16.5297955896
2618 16.5297934421
2621 16.5297917491
2623 16.5297914562
2624 16.5297913563
2626 16.5297899274
2654 16.5297895603
2655 16.5297891214
2660 16.5297887674
2661 16.5297887144
2662 16.5297884601
2664 16.5297882945
2665 16.5297879872
2666 16.5297876655
2669 16.5297868648
2671 16.5297862752
2673 16.5297857852
2675 16.5297851310
2681 16.5297850575
2683 16.5297848565
2685 16.5297846263
2687 16.5297837421
2690 16.5297832527
2691 16.5297829458
2694 16.5297824154
2695 16.5297813497
2703 16.5297812210
2704 16.5297801131
2705 16.5297793468
2707 16.5297785401
2712 16.5297781363
2719 16.5297780388
2724 16.5297773646
2730 16.5297766767
2731 16.5297752285
2737 16.5297742315
2739 16.5297725465
2741 16.5297708647
2743 16.5297688373
2745 16.5297673956
2746 16.5297660453
2748 16.5297649294
2751 16.5297644996
2755 16.5297618870
2757 16.5297593096
2769 16.5297582447
2771 16.5297538765
2774 16.5297471295
2775 16.5297407856
2779 16.5297347202
2780 16.5297339676
2792 16.5297306844
2793 16.5297271819
2794 16.5297255662
2795 16.5297204515
2797 16.5297201323
2799 16.5297194275
2803 16.5297131911
2805 16.5297098178
2807 16.5297076251
2808 16.5297069678
2816 16.5297043967
2827 16.5297037399
2840 16.5297005610
2841 16.5296993250
2842 16.5296992135
2843 16.5296988994
2844 16.5296947738
2845 16.5296917958
2848 16.5296917111
2850 16.5296885000
2852 16.5296878633
2853 16.5296849317
2863 16.5296831700
2865 16.5296812926
2868 16.5296759516
2871 16.5296742631
2872 16.5296739745
2873 16.5296718531
2875 16.5296695105
2878 16.5296654931
2879 16.5296619602
2883 16.5296618604
2884 16.5296613749
2888 16.5296563967
2889 16.5296547615
2890 16.5296517800
2891 16.5296493030
2892 16.5296473555
2893 16.5296368399
2897 16.5296335287
2912 16.5296269835
2915 16.5296263465
2917 16.5296259245
2920 16.5296031079
2922 16.5295915062
2924 16.5295914252
3013 16.5295768679
3016 16.5295599641
3019 16.5295439641
3022 16.5295382194
3024 16.5295353810
3025 16.5295303556
3031 16.5295075946
3035 16.5294866768
3037 16.5294790739
3056 16.5294760927
3058 16.5294743810
3059 16.5294723647
3061 16.5294720493
3062 16.5294656752
3063 16.5294612004
3068 16.5294605487
3070 16.5294570438
3071 16.5294558676
3073 16.5294550965
3075 16.5294538024
3077 16.5294500494
3080 16.5294423796
3083 16.5294401208
3087 16.5294372293
3089 16.5294343333
3091 16.5294286168
3100 16.5294277003
3109 16.5294229570
3111 16.5294218044
3112 16.5294204775
3114 16.5294144183
3115 16.5294114522
3117 16.5294092202
3123 16.5294055490
3126 16.5294051767
3135 16.5294048190
3137 16.5293997895
3140 16.5293992461
3142 16.5293980449
3143 16.5293969119
3147 16.5293956800
3150 16.5293892580
3159 16.5293877648
3162 16.5293823172
3163 16.5293789768
3165 16.5293738275
3169 16.5293715025
3172 16.5293671147
3173 16.5293658688
3176 16.5293641653
3179 16.5293621819
3185 16.5293581920
3189 16.5293574536
3190 16.5293572760
3192 16.5293509239
3193 16.5293476342
3205 16.5293429822
3208 16.5293228586
3209 16.5293202638
3210 16.5293202367
3211 16.5293178837
3214 16.5292845799
3216 16.5292762910
3245 16.5292542501
3249 16.5292227219
3251 16.5292173403
3253 16.5292142027
3254 16.5292105795
3255 16.5291849954
3263 16.5291821311
3267 16.5291664149
3273 16.5291481901
3281 16.5291164686
3283 16.5290827466
3291 16.5290827311
3293 16.5290797186
3299 16.5290682507
3303 16.5290547471
3310 16.5290504297
3311 16.5290438900
3313 16.5290276567
3316 16.5290127821
3318 16.5290076522
3319 16.5290017938
3320 16.5290005026
3323 16.5289806824
3325 16.5289734412
3327 16.5289529140
3328 16.5289522117
3329 16.5289472739
3330 16.5289257369
3338 16.5289112822
3342 16.5289070467
3344 16.5288808039
3346 16.5288341255
3348 16.5288321018
3356 16.5288267853
3357 16.5288103384
3367 16.5288034972
3369 16.5287851874
3371 16.5287798638
3374 16.5287673506
3375 16.5287632943
3378 16.5287605811
3382 16.5287473222
3388 16.5287360249
3389 16.5286821943
3391 16.5286181166
3393 16.5286176714
3408 16.5286107106
3410 16.5285979178
3439 16.5285918130
3440 16.5285656651
3441 16.5284999133
3448 16.5284420585
3450 16.5283816061
3452 16.5283248188
3453 16.5281652824
3462 16.5280795467
3463 16.5278865157
3469 16.5277388795
3479 16.5276940545
3481 16.5276451949
3482 16.5276325327
3483 16.5274756153
3486 16.5273789895
3488 16.5273108125
3490 16.5271163918
3493 16.5269396903
3498 16.5268387533
3548 16.5267860268
3555 16.5266254825
3558 16.5266213862
3561 16.5265421759
3596 16.5264960521
3611 16.5264948440
3614 16.5264645425
3639 16.5264233136
3643 16.5264216759
3645 16.5263862845
3648 16.5263543268
3650 16.5263396596
3661 16.5263297584
3680 16.5263180940
3682 16.5263058922
3683 16.5262894938
3685 16.5262821584
3688 16.5262682078
3690 16.5262359968
3691 16.5262281922
3693 16.5262230830
3694 16.5262170512
3696 16.5262007372
3698 16.5261682621
3700 16.5261559741
3722 16.5261513104
3725 16.5261498801
3732 16.5261496179
3733 16.5261469713
3734 16.5261373610
3735 16.5261349520
3741 16.5261294725
3743 16.5261270681
3752 16.5261222829
3753 16.5261148663
3761 16.5261091933
3765 16.5261070274
3767 16.5260978385
3769 16.5260901620
3772 16.5260843719
3782 16.5260712107
3786 16.5260614104
3788 16.5260535274
3793 16.5260242446
3796 16.5260211893
3806 16.5260138862
3814 16.5259848603
3817 16.5259792119
3820 16.5259628435
3822 16.5259564986
3824 16.5259402605
3825 16.5259271379
3828 16.5259236858
3838 16.5259264210
evaluations raw_y
1 56705.7772339027
9 56487.6801125310
16 16770.1429454367
21 7421.4728307070
24 3196.0393256963
51 447.1631493639
1291 443.9946938202
1294 440.9588055884
1295 438.6631000250
1298 437.1261954320
1303 434.8121266030
1305 434.2153814170
1306 428.0532101562
1308 427.0455362541
1309 424.7609391771
1320 416.1168654224
1321 411.9897304690
1322 406.4050456412
1325 402.7323207409
1338 396.4983336197
1339 387.4340661462
1341 377.0876691603
1342 376.3668001142
1349 375.8867585816
1351 374.0035142560
1356 372.9044300284
1359 368.2276079414
1361 358.3642080432
1367 354.4229853146
1369 351.2514830322
1374 340.6613353653
1377 329.1097411416
1384 318.8817652695
1386 315.7816182239
1387 311.7535061840
1388 311.4636736336
1391 309.2194300994
1403 309.0554896402
1405 302.0993317174
1409 301.2744313672
1411 300.9362816968
1414 297.4914523446
1423 297.4672670515
1426 296.8347607278
1441 293.8792008530
1457 290.2847078310
1466 289.6398542538
1479 287.5124148351
1487 287.2944448357
1533 287.2573233789
1535 286.1159941484
1540 285.4197659162
1542 284.8445066967
1545 281.9792818938
1547 281.5860920735
1548 278.2068520642
1551 276.7484195919
1552 272.7733584662
1573 271.5543275762
1576 269.3567931738
1595 266.0740810633
1603 265.7221482085
1606 265.0017973896
1636 264.3815795953
1637 263.9589887622
1638 263.7412558573
1639 263.4563766171
1643 261.7771301482
1651 260.8611352919
1654 260.7606377540
1663 260.2690028009
1676 260.0267208886
1680 259.9665744549
1684 259.8660034643
1685 259.5265949846
1687 259.0439157396
1692 258.8427080372
1694 258.4714198703
1696 257.9269304845
1697 257.8575968446
1700 257.5392031824
1706 256.9796910162
1713 256.8078478963
1715 256.5170176526
1717 256.2309826931
1725 255.9951343540
1726 255.9849482588
1727 255.9089829426
1729 255.1205881469
1731 255.0661046606
1736 254.0981650119
1738 253.6570961705
1740 252.8283472886
1741 252.4380013191
1743 250.4549464107
1746 247.8117072019
1747 245.9967212142
1755 243.8370495582
1757 240.4047189515
1758 240.0736885825
1761 239.5607589836
1763 238.6773261219
1765 238.3532095662
1767 238.0114500467
1792 237.5050213540
1802 237.3384503706
1803 237.2928087287
1804 237.0236093826
1806 236.2122750969
1816 235.3963674324
1817 234.5054191495
1819 233.7429093181
1822 231.8051482561
1825 231.7657493767
1829 230.7973937656
1830 230.1031814330
1831 229.8226172160
1855 229.6469073240
1858 229.5882793093
1866 229.5729251046
1867 229.5575824022
1869 229.3889403310
1872 228.8828203464
1880 228.7769204823
1883 228.5990455482
1885 228.5439930441
1887 228.3732486759
1889 228.2097762707
1891 228.1324872685
1899 228.1173737404
1901 227.8042957169
1903 227.6352872642
1904 227.2315744288
1907 227.1893221151
1908 227.0682329728
1910 226.9855564129
1914 226.8613052527
1916 226.8500975560
1917 226.6639028587
1919 225.7451242944
1922 225.2097196554
1923 225.0696672687
1928 224.8968159266
1935 224.7147546190
1941 224.5923744739
1943 224.3417034206
1945 224.1493756731
1949 223.9098479640
1952 223.7228210701
1954 223.6941070136
1955 223.4239014855
1958 223.1855900165
1960 222.9381690302
1962 222.8586201412
1974 222.8232414052
1975 222.7418745241
1977 222.5578467726
1979 222.3533598070
1982 222.2630879168
1999 222.2553362453
2001 222.2143140358
2003 222.1855522411
2005 222.0756193968
2010 222.0525903406
2011 221.9630520496
2014 221.9461517901
2017 221.9390703944
2027 221.9370147782
2029 221.9266192304
2031 221.9039581919
2033 221.8907479225
2035 221.8427033246
2037 221.7893942452
2040 221.7550072647
2044 221.7190476990
2046 221.6463021233
2047 221.5594332855
2049 221.4764113376
2050 221.4485385919
2061 221.4047394539
2066 221.3899381194
2067 221.3392709361
2069 221.3273047517
2072 221.3119724383
2073 221.2725510750
2074 221.2223651886
2075 221.0567346106
2077 220.9601671750
2078 220.8686342530
2079 220.8596528530
2080 220.8440821161
2081 220.6881011383
2086 220.6655165770
2087 220.6650101924
2088 220.6456672248
2090 220.5481629106
2092 220.4901147710
2093 220.3661354081
2100 220.3474946130
2102 220.3161078118
2105 220.2215233222
2107 220.2118934303
2111 220.1662654621
2115 220.1186535040
2120 220.0713885741
2121 220.0695803751
2122 220.0570212348
2123 220.0354966564
2126 220.0254968224
2127 220.0077202673
2128 219.9375689608
2129 219.9223023621
2130 219.9179994796
2131 219.9037816455
2134 219.8028477046
2155 219.7898327236
2158 219.7635340620
2160 219.7569066711
2165 219.7129556846
2167 219.6781122295
2170 219.6533465375
2184 219.6497741925
2187 219.6446102301
2191 219.6386924735
2194 219.6027694872
2195 219.5633180753
2199 219.5325685779
2201 219.5309748463
2202 219.4984787798
2204 219.4620867916
2209 219.4296990824
2212 219.4190595340
2216 219.4043403465
2217 219.3984891977
2218 219.3911136929
2219 219.3777440478
2228 219.3622078022
2229 219.3611276471
2232 219.3502430634
2237 219.3456938540
2240 219.3367151278
2241 219.3234372619
2242 219.2984252628
2243 219.2680592704
2246 219.2525184165
2256 219.2431121329
2260 219.1730200583
2262 219.1578429441
2264 219.1366175807
2265 219.1317850468
2266 219.0958364654
2267 219.0767820312
2275 219.0535777279
2292 219.0479944312
2298 219.0324352196
2300 219.0253667580
2303 218.9890430227
2312 218.9496389448
2313 218.9312127605
2319 218.8981595710
2321 218.8900441761
2323 218.8710945146
2325 218.8628118288
2328 218.8489808258
2332 218.8272773101
2334 218.7993241646
2335 218.7723508909
2336 218.6721452235
2338 218.5650296038
2339 218.4588290143
2342 218.4482571875
2344 218.3021591976
2346 218.2042641025
2347 218.1542449596
2349 218.0667732287
2350 218.0035329675
2354 217.8268373092
2362 217.7682761054
2367 217.6188999786
2373 217.0477762238
2377 216.9368967064
2380 216.7799440890
2382 216.7357743588
2399 216.6858650196
2402 216.6512837497
2404 216.6175820535
2405 216.6016592598
2412 216.5990288485
2415 216.5229310589
2422 216.4768060519
2427 216.4505596170
2430 216.4048435086
2431 216.3264923799
2434 216.3166603808
2439 216.2941909475
2441 216.2698712966
2446 216.2553014894
2448 216.2410238292
2450 216.2223055331
2451 216.2078811832
2458 216.1881678883
2460 216.1166937897
2462 216.0902225921
2463 216.0063573368
2468 215.9552388106
2469 215.9167758616
2474 215.8687732267
2482 215.6371503729
2483 215.5368817930
2487 215.3713359483
2498 215.3189075156
2499 215.2500387413
2500 215.2391276531
2519 215.2244820658
2521 215.1979520266
2524 215.1426684719
2525 215.1159620166
2527 215.1147360521
2528 215.0357539547
2529 214.9290520236
2531 214.9190440276
2532 214.9099420042
2533 214.8691587227
2535 214.7909356436
2537 214.7500160990
2539 214.7261782087
2540 214.6752941911
2548 214.6573814750
2551 214.6045563697
2553 214.5956914010
2554 214.5939873727
2559 214.4720287435
2561 214.4257273926
2563 214.3263296528
2569 214.2684853714
2570 214.2355364133
2572 214.1036391377
2573 214.0357994580
2576 213.9340605956
2577 213.8836713244
2580 213.8220326500
2581 213.8044273599
2586 213.7342027669
2592 213.6499054278
2597 213.6467820415
2602 213.5707243877
2603 213.4237231534
2607 213.3452235037
2608 213.2041148858
2609 213.0588284432
2612 212.7636703550
2613 212.4203625600
2617 212.3556990912
2627 212.2732313751
2633 212.2447975672
2634 212.0316124572
2635 211.7989819923
2638 211.7502973224
2639 211.6158054235
2650 211.3979001435
2657 211.3354598829
2675 211.3146471975
2677 211.3002881725
2680 211.2751871824
2688 211.2747878665
2690 211.2684125357
2692 211.2489357474
2698 211.2461068592
2699 211.2413966190
2701 211.2390647867
2702 211.2354581271
2705 211.2333143415
2708 211.2280865064
2709 211.2223256009
2711 211.2166549098
2714 211.2150735302
2717 211.2128479823
2724 211.2115567158
2728 211.2110003418
2729 211.2097521657
2755 211.2095908844
2759 211.2089478446
2762 211.2085810815
2769 211.2082646322
2772 211.2082613436
2773 211.2082548782
2778 211.2080849395
2781 211.2080682191
2782 211.2079169666
2784 211.2077356319
2786 211.2077352354
2788 211.2073387083
2789 211.2072103280
2795 211.2071798222
2797 211.2064222028
2807 211.2063181517
2810 211.2063093322
2811 211.2058936040
2813 211.2057182042
2815 211.2054673656
2819 211.2049268392
2824 211.2041133678
2826 211.2035943157
2840 211.2035585179
2841 211.2026181837
2848 211.2016044219
2850 211.2011262698
2851 211.2008573629
2853 211.2001997849
2855 211.2001540076
2858 211.1997821672
2867 211.1991219223
2870 211.1989792220
2873 211.1987258063
2877 211.1985571920
2881 211.1983806902
2883 211.1983556665
2885 211.1982339599
2887 211.1981511989
2907 211.1979873819
2909 211.1975752300
2911 211.1974731257
2920 211.1974274174
2923 211.1973929012
2924 211.1971855531
2930 211.1970327718
2931 211.1969398648
2933 211.1968026834
2934 211.1965984229
2936 211.1964121516
2948 211.1962875271
2950 211.1958748096
2953 211.1956914941
2954 211.1956312272
2955 211.1952631951
2959 211.1948265695
2969 211.1946716140
2971 211.1942199942
2972 211.1936733282
2973 211.1929627960
2986 211.1920523332
2990 211.1916171474
3000 211.1899856924
3003 211.1892730484
3005 211.1885925399
3008 211.1878671704
3018 211.1877540432
3019 211.1872751637
3021 211.1869999184
3024 211.1868870088
3026 211.1864348918
3027 211.1852522256
3028 211.1843447938
3031 211.1842681761
3033 211.1819170066
3036 211.1811771538
3037 211.1777780294
3039 211.1741304916
3042 211.1705749220
3043 211.1682838092
3045 211.1670517736
3046 211.1607380746
3048 211.1572193628
3049 211.1555246807
3050 211.1544842398
3051 211.1469982410
3054 211.1420283975
3081 211.1411809696
3083 211.1407311110
3085 211.1399309900
3086 211.1393678653
3087 211.1381020313
3092 211.1371421882
3094 211.1341338574
3096 211.1329806336
3097 211.1253696616
3099 211.1156429349
3101 211.1147430611
3105 211.1136846969
3107 211.1069935968
3109 211.1024405431
3112 211.0975322364
3113 211.0824829605
3115 211.0725148936
3169 211.0616801897
3173 211.0594551131
3175 211.0584444374
3177 211.0545431256
3180 211.0512930484
3182 211.0463972527
3183 211.0421157010
3184 211.0419723530
3187 211.0409165674
3191 211.0367280067
3195 211.0343438853
3197 211.0331802244
3199 211.0295246832
3212 211.0261331017
3214 211.0239656166
3233 211.0226489434
3235 211.0199354841
3242 211.0191450911
3243 211.0156680060
3245 211.0094693043
3247 211.0086411576
3249 211.0061303889
3252 211.0041691737
3256 211.0000981944
3257 210.9999489351
3259 210.9993374331
3266 210.9965058220
3268 210.9960956111
3270 210.9956881299
3271 210.9922651365
3273 210.9917439531
3278 210.9904989787
3286 210.9896374966
3293 210.9891399260
3294 210.9878466520
3298 210.9876152956
3300 210.9858808392
3301 210.9852130874
3304 210.9845822160
3305 210.9818239936
3307 210.9813686368
3315 210.9805752290
3316 210.9773056488
3318 210.9743990008
3319 210.9733458069
3321 210.9710438792
3323 210.9669813893
3328 210.9585467901
3329 210.9539197123
3334 210.9512385848
3335 210.9503948533
3344 210.9470008596
3345 210.9402259213
3347 210.9362053198
3350 210.9335265026
3351 210.9284344091
3363 210.9253920983
3365 210.9253095091
3367 210.9239266843
3370 210.9213830016
3395 210.9212244112
3397 210.9211343881
3398 210.9184893692
3400 210.9177593473
3401 210.9169408518
3409 210.9159694510
3415 210.9127157520
3444 210.9126772562
3446 210.9123604103
3447 210.9117876927
3450 210.9112042474
3458 210.9109670617
3460 210.9108974413
3462 210.9107829500
3463 210.9107408444
3465 210.9106950533
3466 210.9102163944
3467 210.9096732122
3470 210.9089990395
3471 210.9081618448
3474 210.9073767181
3477 210.9060087977
3480 210.9058844339
3481 210.9058088467
3482 210.9054471435
3484 210.9046074074
3485 210.9024452475
3489 210.9011869839
3496 210.9005828634
3497 210.9003304218
3501 210.8981821721
3504 210.8960867062
3508 210.8935899725
3510 210.8917237259
3511 210.8914377060
3512 210.8901991564
3522 210.8883610820
3526 210.8872025427
3534 210.8870318275
3536 210.8863626327
3538 210.8846971489
3540 210.8843676921
3542 210.8837262509
3543 210.8833802647
3544 210.8793701556
3546 210.8782366776
3551 210.8744066907
3554 210.8730224715
3555 210.8728737291
3562 210.8707021884
3563 210.8664197167
3565 210.8627283040
3570 210.8595373401
3576 210.8591049278
3580 210.8571867431
3581 210.8555472391
3584 210.8539503363
3587 210.8521118116
3590 210.8512305800
3591 210.8473290839
3596 210.8453227529
3597 210.8431627964
3598 210.8418313009
3599 210.8386215206
3601 210.8363872091
3603 210.8337325347
3605 210.8301882325
3606 210.8282239675
3607 210.8269568312
3608 210.8242044162
3609 210.8233506436
3613 210.8220682505
3614 210.8217308306
3616 210.8212957508
3619 210.8181801361
3624 210.8168204576
3626 210.8117977758
3627 210.8107165977
3629 210.8070140774
3631 210.8044850840
3634 210.8028355489
3636 210.7995516811
3638 210.7993337541
3639 210.7961777678
3643 210.7923451016
3645 210.7855313794
3647 210.7850541098
3648 210.7801770764
3649 210.7716988836
3654 210.7691881413
3681 210.7666795246
3683 210.7603481727
3687 210.7582488193
3689 210.7540892148
3692 210.7471330147
3693 210.7443293107
3695 210.7403722249
3697 210.7324431880
3700 210.7304276025
3701 210.7199306197
3705 210.7107970946
3707 210.7064237686
3710 210.7053884843
3713 210.6971822309
3715 210.6966842766
3719 210.6876555659
3721 210.6844069082
3722 210.6755762899
3725 210.6611327402
3727 210.6496313905
3731 210.6465387888
3733 210.6348365382
3735 210.6313662608
3736 210.6286014050
3743 210.6265838353
3747 210.6262624183
3748 210.6235780886
3753 210.6148815277
3762 210.6079435084
3763 210.6049074876
3766 210.6024080376
3782 210.6014806071
3820 210.6012079795
3822 210.6007520349
3823 210.6002372608
3826 210.6000179154
3827 210.5997179524
3843 210.5991436014
3851 210.5988935071
3853 210.5979334868
3855 210.5976904824
3857 210.5973163442
3859 210.5966397642
3863 210.5962528051
3867 210.5959075408
3868 210.5959054863
3869 210.5953358236
3873 210.5950384652
3875 210.5945541663
3877 210.5942602865
3879 210.5934694418
3881 210.5933436484
3883 210.5926524786
3885 210.5923558797
3900 210.5922981674
3901 210.5922576675
3902 210.5915276814
3904 210.5913880856
3905 210.5913856187
3906 210.5902163810
3909 210.5893683420
3910 210.5891735412
3913 210.5891639697
3915 210.5888033535
3917 210.5871174522
3920 210.5868703190
3921 210.5868441161
3924 210.5860021403
3926 210.5850927594
3928 210.5844685240
3930 210.5836485218
3942 210.5834046233
3946 210.5806928711
3948 210.5823512679
evaluations raw_y
1 2279568.6309041660
2 286959.0239654633
9 3142.8259778643
73 233.4646530335
365 229.0644268623
366 228.3708125783
671 228.2440493924
692 228.2218764127
696 227.4670146584
700 226.3439485296
701 226.1677258006
702 225.6142190349
712 225.4672369288
713 224.5620287178
716 224.5001944811
717 224.2322235658
719 224.1891666361
722 222.7402235846
724 222.7231155470
725 221.3221784074
728 219.6316366755
729 218.5007429541
739 218.3070981003
759 218.2261116445
761 217.8215011153
762 217.7718805931
763 216.9368609467
766 216.7445158972
771 216.4830056101
774 215.9104263466
775 214.8977684961
777 214.8585003772
779 214.3032258944
782 214.0384499333
786 213.9393368474
791 213.8833561675
792 213.8402544242
793 213.4260598328
796 212.2932739488
797 212.2357547626
802 212.1352125376
803 212.0166171775
804 210.9293429362
805 209.9877509082
808 209.6371531498
810 209.4411455717
811 208.4557235251
813 207.4803528312
816 207.1739303310
831 206.8328098401
833 206.6437168486
835 206.6176723260
844 206.5620269006
847 206.5363334482
849 206.2617420789
852 206.2523097752
861 206.1924660709
863 206.1706360155
873 206.1027013573
881 206.0233839145
888 205.9831981802
890 205.9237207006
891 205.8994028446
893 205.8758336313
895 205.8403311302
896 205.8163086954
900 205.7978367264
901 205.7965691593
903 205.7459526393
905 205.7170621838
907 205.7099507184
909 205.7032355656
912 205.6764284126
913 205.6468913318
915 205.6083688409
917 205.5854690955
919 205.5617793173
920 205.5418839195
921 205.4854543719
940 205.4847553745
941 205.4733649215
943 205.4676734582
944 205.4516157016
945 205.4476741139
947 205.4377710607
949 205.4169089122
951 205.4138402529
952 205.4041266155
954 205.3822557441
956 205.3684260197
958 205.3433841108
960 205.3403984444
962 205.3329940105
964 205.3215429918
965 205.3156439064
966 205.2853014890
968 205.2437545548
969 205.1838973615
971 205.1339618384
980 205.1265338148
981 205.1187814875
984 205.1094921076
991 205.1010146954
994 205.0945488725
996 205.0942804340
1003 205.0876115561
1011 205.0855755634
1014 205.0753607934
1015 205.0583983512
1017 205.0510899872
1019 205.0509280386
1020 205.0296942292
1023 205.0175683526
1025 205.0069870382
1027 204.9947482053
1028 204.9815720483
1031 204.9719011300
1033 204.9656841208
1034 204.9639620827
1036 204.9284096641
1037 204.9217836451
1038 204.9176493312
1048 204.8783051088
1057 204.8718638720
1058 204.8551669880
1059 204.8388618812
1076 204.8049512240
1080 204.7979648003
1083 204.7883753772
1085 204.7598919358
1105 204.7491437719
1106 204.7480325592
1107 204.7370837506
1109 204.7352016072
1110 204.7235718321
1114 204.7203441102
1115 204.7004410596
1116 204.6910580508
1117 204.6766006012
1119 204.6628625444
1121 204.6473218801
1128 204.6419931003
1129 204.6350540597
1130 204.6269837583
1131 204.6041468235
1134 204.6010027266
1135 204.5841573300
1142 204.5670022476
1146 204.5453817242
1147 204.5395871967
1149 204.5341647690
1152 204.5122871962
1154 204.5043726424
1156 204.5042318253
1160 204.4907309578
1162 204.4796256970
1163 204.4676270323
1165 204.4642469762
1166 204.4484215351
1168 204.4298330351
1170 204.4156270063
1172 204.3990561766
1180 204.3722416988
1184 204.3333652684
1191 204.2924784998
1195 204.2829592619
1197 204.2773652267
1198 204.2739806295
1199 204.2273889309
1204 204.1875061839
1205 204.1787267491
1207 204.1430204024
1211 204.0911953394
1214 204.0667656499
1222 204.0155275550
1223 203.9048049647
1246 203.9015871164
1250 203.8810397817
1251 203.8636352942
1255 203.8226325231
1260 203.8163726876
1261 203.7948511645
1263 203.7269435488
1266 203.6908861353
1267 203.6775160841
1268 203.6605275131
1269 203.6391312894
1270 203.5910641606
1272 203.5470040160
1274 203.5349315501
1275 203.5144075238
1276 203.5008074767
1277 203.4238002284
1283 203.4118060263
1285 203.3829867046
1287 203.3641113506
1290 203.2834366651
1294 203.2123525112
1295 203.1876423333
1298 203.1741845532
1299 203.1658387116
1300 203.1087356735
1301 203.0298998735
1302 203.0291017129
1304 202.9379737758
1305 202.9000019912
1307 202.8611537691
1310 202.7723402279
1314 202.7655621081
1315 202.6497405537
1318 202.5893857885
1319 202.4654418477
1325 202.2665738349
1334 202.2525709852
1335 202.1564626118
1337 202.0961133437
1339 202.0432187363
1340 202.0404085722
1341 201.9690399224
1360 201.9623540393
1361 201.9562472878
1362 201.9439567955
1363 201.9231643932
1367 201.9018416962
1368 201.8757410645
1373 201.8513293908
1377 201.7277238229
1379 201.6614326583
1381 201.6586118254
1383 201.6098812173
1396 201.5338757649
1401 201.4958812702
1403 201.4545231046
1405 201.4510882884
1407 201.4267046876
1412 201.4180911878
1424 201.3691894095
1425 201.3133747455
1427 201.2769298365
1428 201.1462834861
1429 200.9788002177
1430 200.8121359730
1431 200.6732548936
1447 200.4930996578
1448 200.4041070772
1449 200.1502602040
1453 199.8686396865
1455 199.8638524219
1460 199.8163750619
1479 199.7741055498
1480 199.7061004744
1481 199.6459022549
1483 199.4207774746
1486 199.2574440969
1494 199.1702226020
1496 199.0684773489
1511 199.0320268741
1513 198.8207687817
1520 198.6374917010
1524 198.5841441674
1534 198.4906656378
1535 198.4569376143
1538 198.4234130243
1543 198.4199030720
1546 198.3700606815
1547 198.3688116134
1550 198.3425652254
1551 198.3377159110
1552 198.2136141517
1553 198.1581252460
1555 198.1093094398
1557 198.0682897169
1560 198.0412588303
1561 197.9981250583
1563 197.9702531258
1566 197.9468407160
1577 197.9461684126
1578 197.8843580854
1580 197.8348361730
1582 197.7731283220
1584 197.7688473056
1585 197.6967085065
1589 197.5974399357
1590 197.5850284108
1591 197.5395882128
1593 197.4974327620
1611 197.4871241455
1614 197.4812196132
1615 197.3989192726
1619 197.3536732920
1622 197.3262786436
1624 197.2856081886
1626 197.2789484118
1627 197.2500367189
1629 197.1890463527
1632 197.1524464542
1634 197.0880776563
1635 197.0487936463
1636 197.0281791387
1646 196.9495961625
1648 196.9123553315
1649 196.7510722675
1679 196.7103774895
1682 196.4742321557
1683 196.4629296431
1684 196.2124709054
1689 196.1537571649
1691 195.7806339224
1693 195.6517782904
1700 195.5672838522
1702 195.3769778784
1712 195.3290961968
1740 195.2723480767
1741 195.2517255789
1743 195.1621476062
1746 195.1541517825
1748 195.0718300939
1771 195.0579808185
1773 195.0428275009
1796 195.0391298043
1797 195.0198455703
1800 195.0174622533
1838 195.0146174732
1843 195.0137114865
1850 195.0048576439
1851 194.9821666360
1853 194.9609642210
1855 194.9511922895
2008 194.9508042176
2009 194.9503234735
2010 194.9476236453
2014 194.9453581405
2015 194.9450728856
2020 194.9445018008
2022 194.9442956451
2044 194.9441666632
2045 194.9439206502
2054 194.9432419753
2055 194.9421709913
2059 194.9407134141
2061 194.9393681785
2132 194.9393183154
2136 194.9392675084
2138 194.9387445136
2142 194.9380904181
2145 194.9376675263
2146 194.9374450547
2147 194.9370907342
2150 194.9367117961
2151 194.9360135997
2153 194.9352906700
2155 194.9351280387
2160 194.9328656929
2162 194.9318709997
2163 194.9314950148
2166 194.9308721805
2167 194.9288654958
2188 194.9275720329
2189 194.9272586985
2191 194.9249619194
2194 194.9231673007
2195 194.9207854542
2197 194.9182463757
2199 194.9166414186
2201 194.9162936042
2202 194.9136777710
2204 194.9108396833
2212 194.9104015348
2222 194.9094291083
2223 194.9083974743
2224 194.9059198569
2227 194.9049495967
2230 194.9035888326
2231 194.9026995065
2233 194.9022608676
2236 194.9016710480
2239 194.9006944894
2240 194.9003677142
2245 194.8997470298
2247 194.8978429322
2249 194.8963696434
2250 194.8955778690
2253 194.8947296501
2259 194.8930685445
2264 194.8929136390
2265 194.8921918277
2266 194.8917676355
2278 194.8916344598
2279 194.8893426315
2281 194.8883774660
2283 194.8871966896
2286 194.8851327208
2294 194.8833703227
2298 194.8812862671
2299 194.8788866176
2301 194.8788848642
2302 194.8784315418
2303 194.8774146336
2304 194.8748279631
2308 194.8731249394
2309 194.8704443325
2324 194.8690582192
2325 194.8687363560
2327 194.8663577288
2329 194.8645558550
2338 194.8642296508
2346 194.8636698670
2347 194.8632536337
2348 194.8621539364
2350 194.8619941269
2353 194.8611436669
2368 194.8608811602
2369 194.8604824237
2370 194.8598575330
2371 194.8587469596
2373 194.8583420717
2374 194.8569622931
2381 194.8567744467
2383 194.8565983925
2385 194.8557066391
2386 194.8543030823
2390 194.8538474554
2391 194.8528595662
2393 194.8526013486
2395 194.8520926113
2399 194.8500146755
2400 194.8499307414
2402 194.8491794946
2403 194.8489494261
2404 194.8488430000
2408 194.8480288854
2409 194.8471093536
2411 194.8459026408
2413 194.8451543503
2416 194.8446358395
2429 194.8445251295
2431 194.8438748702
2435 194.8436129456
2436 194.8419097611
2437 194.8408928606
2438 194.8402749444
2444 194.8388583281
2446 194.8368071414
2447 194.8317145629
2458 194.8288350475
2459 194.8280563748
2461 194.8272369378
2464 194.8249610322
2467 194.8202748192
2469 194.8156073362
2471 194.8071959471
2473 194.8032678112
2475 194.8030186212
2476 194.7993928918
2482 194.7926249592
2483 194.7878591928
2557 194.7869624881
2559 194.7862084914
2563 194.7837515040
2574 194.7834670087
2575 194.7802781446
2577 194.7796162002
2578 194.7765362753
2579 194.7759793849
2580 194.7717677421
2582 194.7715388166
2587 194.7696861086
2591 194.7693869429
2597 194.7639468596
2599 194.7635069619
2605 194.7595096383
2608 194.7517158218
2609 194.7478482898
2614 194.7472285833
2615 194.7457237097
2617 194.7422969463
2619 194.7373309098
2622 194.7303510773
2625 194.7162997600
2629 194.7161193902
2631 194.7160168241
2632 194.7097028148
2633 194.6917087040
2635 194.6901276477
2640 194.6710799563
2641 194.6589395086
2644 194.6560145132
2645 194.6482217982
2653 194.6444573916
2656 194.6285055418
2657 194.6253468620
2660 194.6086166504
2661 194.5964282285
2663 194.5959604903
2664 194.5531343631
2665 194.5344613072
2667 194.5306036536
2668 194.5102081586
2669 194.4975269455
2672 194.4787336209
2682 194.4605722993
2685 194.4515346340
2687 194.4199037209
2689 194.3606728480
2691 194.3454707817
2694 194.2673945342
2699 194.2577175925
2702 194.2051165261
2703 194.1429749279
2705 194.1069254837
2709 194.0731061409
2710 194.0572316652
2711 194.0564943424
2716 193.9947318727
2718 193.9836695539
2728 193.9683156725
2730 193.9263446535
2731 193.8621591180
2734 193.8320529964
2735 193.6778727018
2744 193.5809044431
2747 193.5267657750
2761 193.4630366595
2764 193.4353255847
2765 193.4193213479
2769 193.3873839006
2771 193.3061096817
2775 193.3047350544
2778 193.2440713635
2782 193.2203657743
2785 193.1872968068
2791 193.1334608850
2794 193.0835669067
2795 193.0686559993
2796 193.0617631488
2798 192.9566596805
2799 192.9096028570
2801 192.8515026476
2803 192.8235539317
2804 192.7762878805
2805 192.7098124886
2812 192.6971637649
2813 192.6833040872
2815 192.6487251154
2819 192.6451169319
2821 192.6446027229
2823 192.6290487264
2824 192.6197920239
2826 192.6104515905
2833 192.5774938279
2835 192.5710435324
2843 192.5665094108
2845 192.5385883938
2847 192.5378819768
2848 192.5052266666
2852 192.4877067732
2853 192.4792243386
2854 192.4681425812
2856 192.4528580885
2857 192.4369313792
2859 192.3724649407
2861 192.3401857364
2865 192.3219780873
2875 192.3160773300
2884 192.2401841579
2886 192.1784164414
2888 192.1192086000
2935 192.1098333802
2937 192.1090018754
2939 192.1034332704
2945 192.0958590475
2946 192.0939967378
2949 192.0883932400
2957 192.0732020907
2959 192.0466890102
2962 192.0433588357
2968 192.0389756038
2969 192.0383528394
2972 192.0255656397
2973 192.0177648374
2974 192.0113308740
2975 191.9806532200
2978 191.9741141922
2979 191.9716423199
2981 191.9696918422
2982 191.9632866241
2983 191.9443458087
2990 191.9435535878
3009 191.9425713828
3011 191.9343144899
3012 191.9319326963
3013 191.9163500182
3015 191.9000545328
3017 191.8867405976
3018 191.8727356988
3025 191.8362928329
3027 191.8237424924
3029 191.7782659198
3031 191.7697583491
3032 191.7634064890
3034 191.7371518250
3037 191.7258201408
3039 191.6951020263
3045 191.6582632632
3048 191.6253962991
3050 191.5736720689
3052 191.5012914064
3055 191.4977843902
3057 191.4118962526
3059 191.3987065456
3060 191.2891835473
3062 191.2338288592
3064 191.1473971312
3065 191.1025671454
3067 191.0601841543
3069 191.0341770433
3071 190.8729429987
3073 190.8484571157
3074 190.7931182414
3075 190.7725877093
3076 190.7133609336
3079 190.4489533584
3088 190.2199191025
3090 190.1676332836
3092 190.0840423728
3096 190.0590855169
3099 189.6257160715
3101 189.5378928867
3104 189.3484492141
3105 189.3042696353
3106 189.2602221876
3107 188.7983334586
3116 188.5716649094
3117 188.5267939566
3119 188.2090719811
3120 188.1622993227
3122 187.7769818721
3123 187.4084837961
3134 187.3795363830
3135 187.1260807177
3138 186.8080313779
3140 186.5968561868
3143 186.3264997075
3146 186.3021694266
3147 186.2848516892
3148 186.1326145847
3149 186.0190591909
3150 185.9474706075
3151 185.7623861987
3168 185.6199552193
3172 185.5581756471
3175 185.5030952383
3176 185.1198396270
3180 184.9083261497
3182 184.8605145108
3186 184.8412610877
3187 184.8340778907
3189 184.7647433604
3192 184.5337741988
3193 184.4453565279
3194 184.1164282214
3196 183.8457863359
3198 183.5467434810
3199 183.3414968585
3202 183.2925250053
3203 183.1967652643
3206 183.0019255435
3209 182.6900157721
3213 182.5003335452
3215 182.2698620273
3220 182.0119506365
3221 181.4667852558
3224 181.2753419094
3226 181.0942820431
3229 180.8963990420
3230 180.7836179790
3232 180.6691709678
3233 179.6751763275
3235 179.6698674747
3237 179.1861970956
3241 177.8799411332
3243 175.9894842960
3252 175.4543185275
3253 174.4718260799
3255 173.5774262053
3256 172.4477224664
3258 172.0210774914
3259 170.6951914422
3261 170.0502051445
3269 168.2059459833
3433 168.0994741737
3437 168.0984018842
3439 168.0861429766
3444 168.0618428946
3464 168.0364680083
3467 168.0202725928
3480 168.0081044283
3481 167.9905097106
3483 167.9859648317
3484 167.9642151289
3492 167.9571078472
3497 167.9569042900
3518 167.9529407491
3519 167.9370943068
3522 167.9175877082
3524 167.9002018847
3526 167.8919743920
3536 167.8807136609
3541 167.8790466241
3542 167.8699665195
3544 167.8668067358
3549 167.8532492739
3554 167.8508651337
3556 167.8414043808
3557 167.8355665381
3559 167.8300249638
3560 167.8167747580
3562 167.8145959876
3563 167.7849700668
3566 167.7822392282
3568 167.7771597175
3580 167.7478002701
3582 167.7255130024
3591 167.7188042326
3630 167.7113833939
3631 167.6808817875
3633 167.6764620044
3635 167.6579603644
3638 167.6537601896
3645 167.6525442116
3647 167.6309229900
3649 167.6265886664
3658 167.6171882933
3659 167.6111804582
3660 167.6032732331
3667 167.5989039311
3669 167.5956925880
3678 167.5906424565
3679 167.5877001937
3680 167.5857939606
3695 167.5845101282
3697 167.5767000937
3699 167.5713921411
3702 167.5691785866
3714 167.5680613097
3720 167.5617201159
3722 167.5563465372
3728 167.5555083384
3729 167.5489856013
3734 167.5473468281
3735 167.5368303485
3743 167.5307288451
3745 167.5290154860
3746 167.5277288291
3747 167.5233303552
3749 167.5183845722
3772 167.5178680824
3773 167.5138900959
3776 167.5061266046
3777 167.5051821701
3780 167.5050071285
3781 167.5047092707
3782 167.5046375332
3783 167.5037541265
3784 167.5002364910
3811 167.5001225561
3813 167.4995325893
3819 167.4944266912
3822 167.4898445986
3839 167.4893454656
3843 167.4883165026
3845 167.4852644707
3846 167.4842889899
3847 167.4827056432
3848 167.4814419418
3849 167.4782211014
3851 167.4745882665
3854 167.4720923585
3856 167.4696535520
3857 167.4681626669
3859 167.4614627075
3862 167.4564301434
3864 167.4503989628
3865 167.4464678621
3867 167.4386127496
3880 167.4266052610
3882 167.4141256063
3893 167.4138203617
3894 167.4118664839
3895 167.4116766455
3897 167.4089212700
3900 167.3997566248
3902 167.3889699215
3905 167.3624356062
3910 167.3606587734
3911 167.3547846344
3940 167.3505080700
3941 167.3446533373
3944 167.3429841177
3954 167.3428898136
3962 167.3413352760
3963 167.3398403886
3965 167.3369766329
3972 167.3334383347
3974 167.3316716726
3975 167.3306452512
3977 167.3238459747
3980 167.3238418872
3981 167.3234231046
3982 167.3196477033
3983 167.3190321668
3985 167.3183483414
3987 167.3164022940
3989 167.3151394563
3991 167.3132148390
3993 167.3120705496
3995 167.3110259265
3998 167.3073231451
3999 167.3019867631
4005 167.2984197658
4007 167.2971293207
4008 167.2940470460
4009 167.2924152726
4016 167.2922344726
4018 167.2816885338
4025 167.2809996717
4027 167.2776780969
4032 167.2763888718
4035 167.2744170820
4039 167.2722454280
4041 167.2691962645
4052 167.2689047219
4061 167.2687896233
4062 167.2705778495
evaluations raw_y
1 7253.8177795670
10 488.8374572410
84 457.7114353518
128 226.0805979767
1947 225.8731093235
1949 225.7237781193
1950 225.5987819312
1952 225.4221011406
1953 225.2535248443
1958 225.0557206264
1967 225.0159089879
1979 224.9034578538
1981 224.7237410983
1982 224.6728409846
1984 224.5310022325
2124 224.5237269164
2128 224.5186063240
2134 224.5176924153
2135 224.5032372106
2137 224.4997700497
2138 224.4990913844
2149 224.4946627619
2152 224.4903925646
2154 224.4895684689
2156 224.4852260995
2160 224.4851825558
2161 224.4830136698
2165 224.4803850705
2168 224.4732471832
2172 224.4724213001
2175 224.4713692579
2176 224.4707013934
2180 224.4704220702
2182 224.4702582251
2183 224.4682786429
2185 224.4677607580
2187 224.4675243835
2188 224.4632625950
2189 224.4518004608
2191 224.4466566940
2193 224.4361991156
2197 224.4332060547
2198 224.4254051976
2199 224.4118051289
2217 224.4056026310
2222 224.4037830330
2223 224.3993374439
2226 224.3968667162
2228 224.3965769293
2241 224.3958644287
2244 224.3936517970
2245 224.3900473900
2247 224.3868516758
2251 224.3849791796
2253 224.3838194342
2255 224.3837250719
2257 224.3779333732
2260 224.3724285816
2263 224.3706334819
2264 224.3692397026
2265 224.3672320401
2267 224.3619763131
2269 224.3596099884
2272 224.3551457578
2276 224.3489882106
2279 224.3479937683
2284 224.3374427057
2286 224.3349890537
2287 224.3320985896
2288 224.3206313629
2289 224.3196728007
2290 224.3051233328
2291 224.3050368051
2294 224.2991676257
2295 224.2955121700
2296 224.2913869903
2297 224.2865068751
2298 224.2839187659
2303 224.2784596049
2305 224.2751240752
2307 224.2638061478
2310 224.2632380887
2312 224.2529239403
2313 224.2528569795
2314 224.2483313057
2315 224.2477855386
2317 224.2399187254
2324 224.2251800856
2336 224.2250289500
2338 224.2246702662
2340 224.2188583400
2341 224.2186483652
2342 224.2146140239
2345 224.2087597733
2348 224.2046682479
2349 224.2012328898
2351 224.2012125138
2352 224.2006580512
2353 224.1976130498
2360 224.1970396780
2375 224.1952281942
2380 224.1951628097
2381 224.1934741440
2383 224.1924349683
2384 224.1922014353
2386 224.1920992304
2387 224.1920874353
2389 224.1918440198
2391 224.1911709225
2409 224.1909765837
2411 224.1901929957
2413 224.1897249997
2440 224.1897200779
2460 224.1897159478
2482 224.1897116931
2484 224.1895765520
2487 224.1895001144
2494 224.1894489260
2495 224.1892836630
2509 224.1892549920
2514 224.1892447815
2550 224.1892048637
2551 224.1891750368
2552 224.1891331572
2578 224.1889361772
2580 224.1889185714
2581 224.1888542285
2922 224.1888465011
2923 224.1888405141
2925 224.1888362780
2930 224.1888336198
2931 224.1888303636
2933 224.1888257183
2934 224.1888071021
2935 224.1887637527
2939 224.1887442401
2942 224.1887227813
2947 224.1887208894
2950 224.1886886641
2951 224.1886598540
2954 224.1886577221
2958 224.1886285757
2959 224.1886177829
2960 224.1885891601
2968 224.1885579219
2970 224.1885469282
2971 224.1885275043
2976 224.1885210305
2977 224.1885134197
2978 224.1884953726
2979 224.1884902390
2980 224.1884737376
2981 224.1884617147
2983 224.1884610277
2986 224.1884486356
2988 224.1884316236
2989 224.1884095412
2990 224.1883958323
2991 224.1883664114
2994 224.1883558391
2996 224.1883478460
2998 224.1883432419
3002 224.1882911400
3004 224.1882575172
3006 224.1882260249
3008 224.1881798859
3022 224.1881312131
3023 224.1881166790
3026 224.1881164614
3027 224.1880151230
3030 224.1879580008
3032 224.1879463144
3034 224.1878895923
3038 224.1878047573
3040 224.1877851432
3045 224.1877644018
3047 224.1877274608
3058 224.1875928980
3060 224.1875630753
3066 224.1875255282
3067 224.1874340553
3070 224.1873149040
3072 224.1872397209
3073 224.1871588149
3078 224.1870820913
3082 224.1869682863
3084 224.1867893188
3085 224.1865697147
3087 224.1863222242
3131 224.1862706343
3132 224.1860802076
3160 224.1859616017
3161 224.1857482935
3165 224.1856888928
3167 224.1856202395
3169 224.1854204577
3171 224.1852028295
3196 224.1850312042
3197 224.1849093966
3199 224.1848194634
3201 224.1846695029
3203 224.1844104501
3205 224.1843727687
3209 224.1843139393
3211 224.1841425830
3215 224.1840464277
3222 224.1840113047
3228 224.1838698606
3229 224.1837104955
3245 224.1836956526
3247 224.1836279751
3248 224.1836220126
3262 224.1836162057
3285 224.1835914992
3288 224.1835460196
3290 224.1835369173
3292 224.1835093000
3293 224.1834912409
3295 224.1834814571
3296 224.1834813313
3297 224.1834663552
3298 224.1834521921
3304 224.1834396909
3307 224.1834309384
3309 224.1833640967
3319 224.1833364540
3322 224.1832982186
3326 224.1832868154
3327 224.1832837233
3329 224.1832773202
3330 224.1832753516
3332 224.1832256363
3335 224.1831763733
3344 224.1830179743
3345 224.1829965079
3352 224.1829721428
3355 224.1829207304
3357 224.1828910086
3364 224.1828714937
3365 224.1828347360
3367 224.1828246403
3370 224.1827923876
3371 224.1827823462
3374 224.1827396139
3375 224.1827096822
3378 224.1826625828
3380 224.1825806663
3381 224.1824412693
3385 224.1824309315
3394 224.1823366836
3396 224.1822877297
3398 224.1822796418
3402 224.1822348613
3403 224.1822264462
3405 224.1822242699
3410 224.1821121067
3420 224.1820337163
3421 224.1819517941
3435 224.1819268569
3454 224.1819246923
3455 224.1819124606
3457 224.1818465401
3462 224.1818011336
3463 224.1816984696
3466 224.1816860138
3475 224.1816517430
3478 224.1815703852
3519 224.1815557307
3521 224.1815414070
3522 224.1815118352
3523 224.1814510091
3527 224.1814230839
3537 224.1813970161
3540 224.1813719744
3542 224.1813538032
3567 224.1813393816
3570 224.1813389885
3579 224.1813276261
3581 224.1813265055
3582 224.1813202489
3585 224.1812981197
3591 224.1812549619
3595 224.1812408651
3602 224.1812124680
3604 224.1811969485
3605 224.1811756320
3607 224.1811716957
3610 224.1811488839
3611 224.1811384541
3613 224.1811221704
3615 224.1811144048
3618 224.1811056631
3620 224.1810756705
3621 224.1810494701
3623 224.1809995756
3625 224.1809880614
3626 224.1809712709
3627 224.1809556657
3628 224.1809046526
3629 224.1808361370
3634 224.1808108448
3635 224.1807703854
3638 224.1804731931
3643 224.1803119318
3648 224.1802156624
3656 224.1800566557
3657 224.1799939351
3661 224.1796435880
3663 224.1794400543
3666 224.1791621333
3689 224.1789003358
3691 224.1787141892
3693 224.1779797036
3698 224.1774964240
3699 224.1760066140
3706 224.1750934692
3709 224.1743776839
3712 224.1736131894
3713 224.1735599960
3716 224.1714233852
3718 224.1713326499
3719 224.1704281301
3720 224.1695948877
3744 224.1693646161
3746 224.1691951111
3757 224.1688864594
3759 224.1686876852
3766 224.1685489364
3774 224.1683936992
3775 224.1681675033
3777 224.1680684650
3779 224.1680445666
3782 224.1680158897
3787 224.1678145305
3801 224.1677682014
3802 224.1675873637
3804 224.1674920147
3815 224.1674754776
3817 224.1674747968
3820 224.1674387055
3821 224.1674386809
3822 224.1674368185
3824 224.1673640949
3826 224.1673374423
3828 224.1672625451
3830 224.1672322204
3832 224.1672130660
3834 224.1671629890
3835 224.1671113445
3838 224.1670749487
3839 224.1670587879
3841 224.1670246527
3842 224.1670177065
3843 224.1669049448
3845 224.1668884238
3846 224.1666950405
3847 224.1665985587
3849 224.1664828866
3850 224.1664413202
3857 224.1661877819
3859 224.1661461980
3860 224.1659070321
3861 224.1658434444
3865 224.1657977554
3890 224.1657633335
3891 224.1656911972
3896 224.1655588415
3897 224.1653272586
3899 224.1651793712
3904 224.1651360874
3906 224.1646923696
3908 224.1646401194
3910 224.1644797960
3912 224.1644089698
3915 224.1642960913
3918 224.1642395088
3919 224.1640442534
3920 224.1640159231
3922 224.1638618635
3923 224.1636252141
3925 224.1635103863
3929 224.1634655511
3931 224.1631890095
3935 224.1630609574
3937 224.1630390597
3938 224.1628931716
3945 224.1626834656
3947 224.1622154816
3957 224.1620930587
3962 224.1618599560
3968 224.1618207568
3969 224.1614368263
3971 224.1612431908
3973 224.1608061744
3975 224.1607375540
3976 224.1606891675
3977 224.1606354698
3979 224.1603713573
3981 224.1597258437
3985 224.1596313810
3987 224.1595810909
3988 224.1592231948
3989 224.1591619397
3990 224.1588165934
3994 224.1586355222
3998 224.1585618685
4007 224.1582578456
4009 224.1578020266
4012 224.1572824505
4013 224.1565516310
4016 224.1556396412
4017 224.1546279711
4019 224.1531285456
4025 224.1516617311
4027 224.1506232310
4029 224.1502426870
4031 224.1493896074
4032 224.1493671865
4034 224.1489789026
4036 224.1465823620
4037 224.1461134865
4040 224.1450758681
4046 224.1435557476
4048 224.1425822071
4049 224.1392195930
4051 224.1365689005
4067 224.1365358990
4073 224.1347987233
4075 224.1343205908
4076 224.1342071331
4077 224.1319326373
4080 224.1266097882
4082 224.1220207616
4086 224.1206892543
4087 224.1190856372
4088 224.1143079921
4090 224.1073653451
4092 224.1042759017
4093 224.0955297043
4095 224.0932195828
4096 224.0930888003
4097 224.0874663913
4098 224.1029220788
evaluations raw_y
1 460209.1836516761
15 447828.5270860569
19 408736.3794343871
33 40313.5513535706
34 35860.4066004187
51 16439.5228877091
62 5725.5434616169
80 4827.9910207825
512 4510.9102656718
515 3875.5621280497
517 3240.7417867376
523 3075.7823769043
541 2914.3752596048
543 2630.1105134207
545 2427.5784274228
546 2158.1856858168
599 2121.6294573457
603 2114.6980752236
615 2108.5912187547
658 2107.7392960212
659 2107.5971644147
662 2106.2658697028
818 2105.8203760880
830 2105.7397633610
834 2103.7156023496
836 2102.7637749715
839 2101.0058821176
840 2097.2721020539
863 2096.7951906051
875 2096.2352206116
878 2095.0401408878
881 2094.9606094654
883 2093.6891031639
886 2093.5423358265
888 2092.9854784378
889 2092.4045038989
891 2092.0692651053
892 2091.9313237593
923 2091.8565517390
934 2091.8351946338
935 2091.7280233100
938 2091.3891131647
941 2091.3324252146
945 2091.3178546972
948 2091.2930512966
953 2091.1951567105
955 2091.1063615144
957 2090.9695284875
959 2090.9052696300
961 2090.8414593259
964 2090.7822088118
969 2090.7809457666
971 2090.7646454744
972 2090.6927988444
973 2090.5028160519
975 2090.4962545015
976 2090.1878661772
977 2090.0885732135
980 2090.0438231803
981 2089.5714927511
988 2089.4688350263
989 2088.8529603435
991 2088.4867635986
992 2088.3883460018
994 2088.1372395366
998 2087.6791010806
1004 2087.2201249124
1006 2087.0968997333
1008 2087.0255863005
1010 2086.4634683636
1011 2086.3016891074
1013 2086.2371179175
1015 2086.1211352143
1016 2085.9687984224
1018 2085.8663738671
1023 2085.8272818948
1024 2085.8058048799
1029 2085.7977620931
1032 2085.7262146096
1035 2085.5742176827
1037 2085.5198030735
1040 2085.4692932043
1049 2085.4366279176
1050 2085.3428493242
1051 2085.2911879472
1056 2085.1124459352
1060 2085.0625711569
1062 2084.9688303587
1065 2084.8754768089
1067 2084.8029944748
1075 2084.7880277977
1077 2084.7039890205
1107 2084.6976987777
1108 2084.6924254303
1112 2084.6794705268
1113 2084.5833464015
1115 2084.5542639828
1116 2084.5480970638
1118 2084.5349267146
1120 2084.4591978290
1121 2084.4554327801
1122 2084.4130285276
1125 2084.3616484345
1128 2084.2328210741
1130 2084.1636103228
1131 2083.8350690662
1133 2083.7495039025
1135 2083.3623605515
1141 2083.3578416718
1142 2083.1681905468
1144 2083.1677071635
1146 2082.9425235262
1152 2082.7578804205
1153 2082.3354876969
1156 2082.0356758533
1158 2081.9673913407
1160 2081.6797528821
1162 2081.6637065804
1163 2080.9464332163
1165 2080.6250366623
1171 2080.6072161040
1175 2080.1675519422
1176 2080.1349557350
1177 2080.0527309047
1180 2079.7905792897
1181 2079.7589149941
1186 2079.6334666988
1194 2079.2732015131
1195 2079.0113081052
1203 2078.8805266529
1205 2078.8076100955
1206 2078.6837328347
1218 2078.6618222388
1222 2078.5647483135
1223 2078.4892517084
1225 2078.3965068295
1238 2078.3741530629
1239 2078.3698797351
1240 2078.3535460372
1243 2078.3123572155
1245 2078.2891450837
1248 2078.1345285838
1249 2078.0200921418
1252 2077.9886013850
1253 2077.9612106209
1254 2077.8539636192
1257 2077.8055686919
1258 2077.6688750262
1259 2077.6398777125
1262 2077.6334049421
1265 2077.5545828108
1267 2077.4438551339
1271 2077.3687965333
1273 2077.3306466276
1275 2077.2845312680
1278 2077.2677030492
1282 2077.1728777169
1283 2077.0690176195
1286 2077.0249816265
1290 2076.8921260555
1291 2076.8392555015
1292 2076.7773005705
1294 2076.7602405055
1296 2076.5133609433
1298 2076.2781695490
1299 2076.1601755348
1301 2076.0331293253
1303 2075.4163154128
1306 2074.7439679417
1307 2074.5979188400
1310 2074.5854821065
1311 2074.4814048191
1313 2074.4355658360
1315 2074.4171164518
1318 2074.1639569116
1322 2073.8938095319
1328 2073.8568833526
1330 2073.8463105892
1335 2073.8436864493
1337 2073.6085990642
1339 2073.1902675040
1340 2072.8258421108
1342 2072.6497801376
1343 2072.3128788142
1349 2071.7736004355
1354 2071.7314007948
1355 2071.4814144220
1356 2071.4630880449
1358 2071.4027542324
1363 2070.4132238230
1365 2070.2962697329
1367 2070.2308597586
1369 2069.7715234231
1370 2069.7066939669
1383 2069.5564616510
1388 2069.4915837290
1390 2069.2368030005
1391 2069.0659968855
1394 2068.6017889857
1396 2068.2364768070
1397 2067.9573202764
1399 2067.5988796200
1401 2067.5586031774
1402 2066.8477778157
1403 2066.3796883755
1404 2066.1937911105
1405 2065.4943494515
1407 2064.8034347719
1409 2063.6902732951
1413 2062.5669892488
1418 2061.3269546000
1419 2061.1842279331
1420 2060.0401227935
1422 2059.2768538869
1423 2057.4054650616
1425 2055.6647404722
1427 2054.4971360751
1448 2052.6945933204
1449 2051.8219911920
1455 2051.6940888254
1456 2051.6398749054
1460 2049.7094959445
1464 2049.5917620912
1465 2049.3403731146
1467 2047.9270418421
1469 2046.9485863426
1471 2046.9396967872
1476 2046.6186968161
1477 2045.0818685638
1487 2044.2459057457
1489 2043.9043618067
1491 2042.7290573678
1494 2042.6102285566
1496 2042.4429500409
1497 2041.1881447055
1499 2041.0177827173
1500 2040.7406477437
1506 2039.4637521865
1507 2037.5198822011
1510 2036.7348691408
1512 2034.4609883686
1513 2032.3527704753
1515 2031.8111435929
1516 2031.3512147799
1517 2029.5345835070
1518 2026.9229384641
1519 2026.7483835268
1520 2025.4521650626
1521 2023.8126702353
1523 2020.8438168217
1527 2017.8015219591
1530 2016.8917614729
1542 2015.8247018155
1551 2014.2243683073
1552 2011.6115604816
1569 2010.1282912819
1572 2005.0075530465
1573 2000.7172464029
1575 2000.2601828442
1607 1996.8732113586
1609 1995.7422470499
1611 1986.9262144846
1614 1981.9777600449
1623 1980.5430921313
1624 1977.6997618708
1626 1975.2888422418
1627 1969.2493945796
1628 1962.1088805533
1629 1961.1422038344
1631 1957.8278102523
1634 1952.7940913566
1635 1947.0075914507
1639 1943.7355037520
1641 1940.1799791306
1650 1938.7948054479
1652 1931.7709669917
1653 1926.3498953859
1660 1917.7049788050
1697 1914.9463998172
1699 1912.2047630190
1700 1911.5539827256
1707 1911.4088254104
1710 1907.0638961837
1711 1899.2438413919
1715 1899.1801246793
1717 1893.0398903816
1721 1888.5833855971
1723 1879.4396708074
1725 1877.4874749874
1726 1875.3897209606
1727 1871.3571207353
1730 1865.3124298367
1731 1864.8470464772
1732 1862.0452660030
1772 1857.0001172915
1775 1856.9253324570
1778 1856.2092928996
1783 1853.2548391125
1786 1852.6495368727
1790 1851.1570901445
1792 1850.5347008553
1794 1849.3442301240
1796 1849.0068376641
1798 1848.1866105258
1800 1847.6191871546
1814 1844.7844011221
1816 1844.2226012938
1817 1843.8232156091
1819 1842.9858575662
1821 1842.8934635265
1822 1841.2447051889
1824 1841.1378434181
1827 1840.5413768669
1843 1839.3984149218
1848 1838.5257327901
1849 1837.7994210419
1851 1837.7112108950
1852 1836.0425744237
1877 1834.6869079668
1880 1834.1235083835
1881 1833.4581554414
1888 1833.3789849653
1890 1833.1758232341
1891 1831.7227886735
1894 1830.8497488276
1895 1829.7584273607
1897 1828.9034967417
1899 1827.8666512723
1907 1827.8176040982
1909 1827.4189764679
1910 1827.2933158836
1912 1826.9123502644
1913 1826.7980844997
1914 1826.6914127981
1915 1825.6428387034
1917 1823.3762854006
1919 1820.7674720899
1921 1819.5504061170
1923 1817.7993694448
1926 1815.1249196602
1927 1814.7050182957
1934 1814.3213148951
1936 1811.9970090947
1937 1810.4770119868
1939 1807.3721071846
1941 1806.4858022537
1942 1802.3801304395
1948 1799.6567904475
1955 1795.9592244951
1963 1784.0632029343
1967 1782.8087295826
1968 1772.3865048536
1969 1765.7439562950
1971 1765.2185656273
1979 1765.0930563079
1983 1763.6919955975
1999 1762.1383059294
2000 1742.6223074579
2002 1741.7430322540
2004 1734.5795035426
2006 1732.8377866675
2015 1724.1835301326
2018 1716.5144904382
2043 1715.1926005541
2045 1710.2292293333
2047 1705.3716522211
2050 1702.0916344795
2063 1699.0410268301
2065 1696.3693012280
2069 1695.3769927880
2074 1688.9487638880
2075 1683.0115538699
2078 1673.2843999378
2079 1668.8888265746
2081 1658.8095437255
2083 1658.3319613483
2085 1654.4852786446
2087 1653.6961651579
2090 1645.7631584982
2102 1632.0762768510
2121 1623.5691128983
2127 1614.3139807488
2128 1613.7117413897
2129 1607.8681788241
2132 1602.9570835480
2136 1595.9210032694
2137 1583.6112192839
2139 1573.6108847512
2142 1569.9743020250
2144 1562.1986143175
2145 1558.5900564546
2148 1557.4286955881
2156 1556.2469959287
2157 1548.8460642573
2160 1545.3888293049
2161 1539.8883673356
2162 1532.8504456218
2166 1520.9100117316
2168 1502.0380320096
2169 1492.3849708640
2170 1485.9913340459
2171 1480.1897301257
2173 1459.6179475732
2177 1459.5055814479
2179 1441.7369185986
2193 1432.0892397755
2195 1423.5031723709
2198 1416.4381300327
2199 1415.6135448764
2201 1409.3254605140
2206 1399.8474977181
2209 1396.8533288033
2216 1395.7394060563
2218 1384.0576244899
2219 1382.2730019302
2220 1381.0018806895
2222 1375.3373776659
2223 1373.8347924085
2226 1366.0209638372
2227 1363.3715476997
2230 1354.4931766567
2236 1337.7297917801
2237 1326.4770478612
2238 1319.7304351476
2240 1304.5843849475
2241 1300.3249280583
2257 1290.3577487790
2259 1265.2734333581
2262 1253.8526976337
2273 1251.7353129948
2276 1241.2717130964
2279 1232.1395325228
2281 1225.8393411174
2282 1198.7492566661
2283 1174.2908647558
2284 1161.2965530609
2285 1118.3988542178
2291 1065.4596666985
2294 1026.1908097569
2296 966.3207267855
2300 955.2453674300
2311 942.8366396212
2313 919.3691893710
2316 902.9478973011
2317 881.6728354446
2319 873.0738421933
2326 859.2849889828
2327 854.4236318900
2329 848.7095966305
2333 838.7097465585
2336 833.2845805058
2338 828.2979248961
2340 800.3542861057
2341 790.1975798724
2342 780.0501433264
2343 767.7022182521
2346 730.6832078002
2348 722.2486185516
2349 703.6888966966
2350 703.1299664891
2351 698.0289233283
2353 687.8131887163
2358 670.1417260988
2362 654.4923996524
2363 648.7001957336
2365 642.3478380891
2368 625.1120974707
2370 616.8304240490
2372 616.5174987924
2373 603.9170433906
2375 602.0304452660
2377 601.7014052996
2380 598.4311614697
2388 595.5527307714
2389 593.9419129377
2408 591.9089222868
2409 589.6438772627
2411 585.0062443648
2412 577.3832331030
2414 575.5380075048
2422 569.6039581170
2425 562.0736520973
2429 543.6113722942
2433 505.5394805643
2435 464.9383878776
2439 436.1721323508
2442 427.5682554766
2462 417.7272165181
2463 413.3647398694
2466 411.5239557010
2467 409.5514876751
2470 399.5641397594
2471 397.9375778441
2474 395.3991111544
2475 390.1311118957
2478 385.1457702528
2479 379.5438469555
2481 366.4182387675
2493 364.9093861117
2496 362.8410684476
2497 360.1939142345
2500 351.9575902592
2501 344.2281243447
2514 339.4259550592
2516 334.4873015102
2517 330.1740122089
2520 324.8432501565
2521 318.6294118186
2538 314.3442124172
2543 313.0519725646
2547 306.8132942677
2550 306.0300050008
2578 303.4203761235
2579 303.3433865590
2582 302.6376217310
2583 301.3642071792
2585 298.1487856138
2587 297.9677438815
2589 296.7784545861
2600 296.6303215787
2608 296.4211046543
2609 296.3103743724
2681 296.2850349957
2682 296.0681249835
2684 295.6844214316
2702 295.6142233930
2716 295.6019186867
2717 295.3366199885
2740 295.2931597259
2798 295.2911871162
2805 295.2874697049
2817 295.2870298513
2836 295.2865281427
2839 295.2864538461
2860 295.2864238497
2864 295.2863122410
2866 295.2862458277
2873 295.2862050726
2877 295.2859987125
2886 295.2859769818
2888 295.2859351311
2895 295.2858569454
2897 295.2858460094
2899 295.2858375541
2901 295.2858281574
2903 295.2857577075
2905 295.2857227032
2906 295.2857051279
2907 295.2856936564
2910 295.2856926990
2911 295.2856726486
2912 295.2856623203
2914 295.2855952007
2959 295.2855948693
2961 295.2855934917
2962 295.2855713796
2963 295.2855596042
2964 295.2855506743
2966 295.2855427582
2967 295.2855258577
2970 295.2855247712
2974 295.2854875179
2975 295.2854666655
2988 295.2854439911
2990 295.2854134356
2992 295.2853977048
2993 295.2853542524
2995 295.2853224992
2996 295.2853030692
2998 295.2852976051
3000 295.2852693335
3001 295.2852255257
3004 295.2852195816
3005 295.2851700430
3008 295.2850566414
3009 295.2850268437
3011 295.2849404482
3014 295.2849320068
3016 295.2848901862
3017 295.2848358615
3018 295.2845332649
3020 295.2843505885
3026 295.2843411720
3027 295.2842392880
3030 295.2839815139
3032 295.2838867827
3033 295.2835774321
3039 295.2835112154
3041 295.2832733453
3042 295.2831826611
3047 295.2831104346
3048 295.2829114917
3050 295.2827423300
3051 295.2826280540
3053 295.2824190111
3055 295.2821791145
3056 295.2821423340
3058 295.2818441192
3061 295.2814528774
3066 295.2814230576
3067 295.2813733045
3068 295.2813046954
3095 295.2809039481
3097 295.2808649293
3098 295.2807501803
3099 295.2806655671
3101 295.2804431429
3103 295.2799963155
3106 295.2798166503
3107 295.2795967084
3110 295.2793203285
3111 295.2788442155
3112 295.2785418949
3113 295.2779740599
3115 295.2779674687
3116 295.2778979376
3117 295.2769822329
3122 295.2767331093
3133 295.2755705125
3141 295.2755632411
3143 295.2752062435
3144 295.2749121415
3189 295.2748916727
3191 295.2747218469
3193 295.2745630679
3195 295.2742360862
3196 295.2741896524
3198 295.2740863731
3200 295.2740175675
3201 295.2739961340
3202 295.2739720572
3204 295.2735719117
3206 295.2733393410
3214 295.2729777166
3222 295.2728665667
3223 295.2727384996
3224 295.2727263970
3230 295.2724402648
3231 295.2722032176
3234 295.2721838584
3245 295.2719533395
3254 295.2718347741
3255 295.2717837573
3259 295.2717081574
3261 295.2716974051
3264 295.2716827658
3265 295.2714856009
3267 295.2712825923
3268 295.2711275879
3272 295.2709873315
3273 295.2704265456
3275 295.2702408187
3277 295.2700003437
3281 295.2690262076
3283 295.2689065625
3302 295.2672616708
3307 295.2668399752
3309 295.2664769036
3310 295.2656864562
3311 295.2653171665
3312 295.2642130075
3314 295.2635032663
3329 295.2634209869
3331 295.2633449604
3334 295.2630298662
3335 295.2625451570
3337 295.2616968259
3340 295.2616517816
3346 295.2613876353
3347 295.2602993095
3351 295.2587208203
3356 295.2587076836
3358 295.2579493848
3366 295.2568627748
3369 295.2564388813
3371 295.2555651578
3373 295.2555316995
3375 295.2552885631
3383 295.2549143432
3385 295.2540260597
3386 295.2539139848
3388 295.2539046162
3389 295.2538471683
3399 295.2533252337
3402 295.2524810531
3403 295.2520436117
3413 295.2517474440
3415 295.2514000407
3418 295.2512742547
3421 295.2508915822
3423 295.2491551385
3426 295.2487252671
3430 295.2485937398
3433 295.2477653789
3453 295.2475654905
3460 295.2474396758
3462 295.2470674751
3467 295.2465012487
3470 295.2445887492
3471 295.2440251657
3474 295.2435500428
3475 295.2433778912
3477 295.2433341887
3479 295.2426122457
3482 295.2408354528
3484 295.2401822904
3543 295.2400615888
3547 295.2398360022
3551 295.2398062106
3553 295.2395046645
3554 295.2393400420
3555 295.2393282866
3556 295.2390423287
3560 295.2387688047
3568 295.2383472068
3570 295.2375865232
3571 295.2375696035
3580 295.2373908404
3581 295.2371453178
3583 295.2368322820
3586 295.2364159063
3587 295.2360054469
3602 295.2357397751
3603 295.2355670513
3612 295.2354545348
3613 295.2353929883
3617 295.2351814828
3618 295.2351022604
3621 295.2349363260
3623 295.2349244979
3626 295.2345911030
3629 295.2343480469
3632 295.2341474340
3640 295.2341103666
3643 295.2339848574
3645 295.2338806152
3646 295.2337475767
3654 295.2336385660
3655 295.2335769274
3657 295.2333935051
3659 295.2332887345
3661 295.2330467862
3663 295.2326792973
3667 295.2323836872
3670 295.2320033384
3678 295.2317324716
3680 295.2312013378
3682 295.2309086642
3693 295.2307290437
3695 295.2304638008
3698 295.2301790669
3714 295.2300869886
3719 295.2300368171
3720 295.2299979170
3721 295.2299923410
3722 295.2299321662
3724 295.2299080422
3726 295.2298758452
3730 295.2297656943
3731 295.2297388522
3735 295.2297362102
3737 295.2297002137
3739 295.2296073553
3743 295.2295581585
3808 295.2295536321
3812 295.2295345172
3813 295.2295156146
3815 295.2294876022
3817 295.2294808744
3829 295.2294749329
3831 295.2294696381
3833 295.2294595272
3834 295.2294527416
3835 295.2294482484
3837 295.2294373099
3838 295.2294118887
3846 295.2293487603
3861 295.2293330341
3891 295.2293189523
3904 295.2293151227
3916 295.2293042350
3919 295.2292920694
3922 295.2292819153
3923 295.2292741406
3925 295.2292710878
3928 295.2292606095
3932 295.2292488615
3933 295.2292453512
3937 295.2292445377
3941 295.2292389214
3942 295.2292351522
3943 295.2292279933
3945 295.2292155693
3947 295.2292095493
3950 295.2292022046
3951 295.2291730348
3955 295.2291594672
3957 295.2291403959
3961 295.2291231742
3967 295.2291164030
3969 295.2291090649
3970 295.2291038405
3971 295.2290956630
3973 295.2290777161
3976 295.2290716392
3977 295.2290455760
3981 295.2290160086
3985 295.2290096257
3987 295.2289735904
3989 295.2289708598
3992 295.2289595692
3993 295.2289291477
3996 295.2289002670
3997 295.2288809045
4001 295.2288692596
4003 295.2288353948
4005 295.2287744009
4008 295.2287385305
4010 295.2287216272
4011 295.2287208724
4012 295.2286992362
4013 295.2286339731
4015 295.2285536466
4018 295.2285112373
4019 295.2284025870
4021 295.2283632059
4026 295.2281708184
4028 295.2281143742
4030 295.2279827632
4031 295.2277562935
4036 295.2275870399
4037 295.2272133077
4040 295.2269988355
4042 295.2267637663
4049 295.2266389857
4051 295.2260518590
4054 295.2257894655
4067 295.2257759131
4072 295.2257507917
4075 295.2256153144
4084 295.2254105242
4085 295.2251750143
4088 295.2250154761
4089 295.2246574323
4091 295.2243486909
4098 295.2242042795
4099 295.2241608773
4100 295.2239606310
4101 295.2237139798
4104 295.2234176275
4109 295.2233560323
4111 295.2231850717
4118 295.2231442780
4120 295.2229599940
4121 295.2227329058
4124 295.2225762884
4125 295.2223181280
4128 295.2221975776
4130 295.2215272981
4132 295.2210344632
4133 295.2206649536
4134 295.2204576298
4135 295.2199746219
4138 295.2196903775
4140 295.2194756894
4142 295.2184271302
4143 295.2169858080
4146 295.2160293728
4147 295.2143948628
4150 295.2138323088
4153 295.2128416267
4154 295.2108396762
4157 295.2087265733
4158 295.2083497057
4160 295.2062398703
4161 295.2042919042
4166 295.2018561469
4168 295.2013945906
4169 295.1992722970
4171 295.1967945537
4172 295.1949544909
4175 295.1933626491
4184 295.1905366464
4186 295.1853231085
4187 295.1796510035
4190 295.1779183383
4191 295.1723830769
4193 295.1601351889
4195 295.1570009877
4196 295.1483401151
4200 295.1416419684
4209 295.1416306490
4210 295.1407230440
4225 295.1402107682
4227 295.1397830041
4232 295.1396364129
4233 295.1395173368
4236 295.1389942485
4288 295.1389539943
4289 295.1388296329
4293 295.1387774187
4303 295.1387691122
4306 295.1387432531
4308 295.1386410644
4309 295.1386038183
4363 295.1385931819
4365 295.1385867034
4367 295.1385745828
4368 295.1385723151
4370 295.1385633702
4371 295.1385589657
4373 295.1385311623
4376 295.1384863191
4388 295.1384779277
4389 295.1384557052
4401 295.1384530466
4403 295.1384384716
4405 295.1384302464
4413 295.1384236556
4416 295.1384053063
4417 295.1383933655
4421 295.1383898414
4426 295.1383849670
4429 295.1383727003
4430 295.1383561681
4432 295.1383358544
4438 295.1383050952
4439 295.1382744210
4441 295.1382653673
4444 295.1382555387
4446 295.1382487092
4448 295.1382268616
4455 295.1382097857
4457 295.1381954684
4459 295.1381782108
4460 295.1381564245
4464 295.1381048816
4469 295.1380863908
4471 295.1380729085
4476 295.1380647111
4477 295.1380439060
4480 295.1380410411
4482 295.1380374348
4483 295.1380223529
4484 295.1379912004
4486 295.1379468151
4487 295.1379445871
4489 295.1379165150
4570 295.1379050067
4585 295.1378526004
4586 295.1378245940
4588 295.1380468851
evaluations raw_y
1 15033558.2784299795
9 3728493.3821862703
11 1158053.2854676095
14 12949.1037874463
19 12491.4374071896
45 4075.3403287441
87 375.3893782438
112 176.5369660769
612 176.5241804133
614 176.3198666953
615 176.1923530369
617 176.0314788570
619 175.8589069813
620 175.5978561630
621 175.2426767563
625 174.5389488582
628 174.3137026200
629 173.8148647099
630 172.9850319794
632 172.8510871999
634 172.2291613695
636 171.8948503126
642 171.5876474045
643 171.3515124943
646 170.8449885635
653 170.8425286472
656 170.6447138935
659 170.6439975810
661 170.4304106633
663 170.4253972031
664 170.3949718419
667 170.1305600590
669 170.0151290270
670 169.8738316893
673 169.7801141140
674 169.4937730890
676 169.2629479556
680 169.0787871590
682 168.7972744281
684 168.5683833280
685 167.8325601292
687 167.6724899495
688 167.5735128846
706 167.0999789584
708 165.7983715802
709 165.4718454783
712 164.9341662182
715 163.6991182231
783 163.3703534445
786 163.2548896698
790 162.7295335365
791 162.6167333251
793 162.1344510136
808 161.8650581615
810 161.7030416206
817 161.6802753741
819 161.6043913664
821 161.0534517046
825 160.9518044002
826 160.7753711712
827 160.5738509096
829 160.3915901776
830 160.0641582001
831 159.3283995077
839 158.7017535019
841 158.6688843824
842 158.1044504444
843 158.0189351004
845 157.4311637824
847 157.2705839030
852 156.6098757428
854 156.5418261058
855 155.9424228923
860 153.8866312628
862 153.1912579473
864 152.0071020299
865 150.3782658274
875 148.8280536053
877 147.8828670124
879 147.1371215275
881 146.4447684334
882 146.1573962459
883 145.5466843916
884 144.3132598902
903 144.2014322499
906 142.8493908802
907 138.6344695671
911 137.4398591626
924 137.2364412554
928 137.2264235104
929 137.1564936666
935 136.9804312103
939 136.7031628132
979 136.7015246361
988 136.6923206611
990 136.6052386196
1048 136.5958937778
1053 136.5723965312
1055 136.5596301420
1057 136.5304509336
1095 136.5225019630
1097 136.5159459523
1101 136.5131099383
1103 136.5105314081
1106 136.4989810150
1108 136.4931166092
1112 136.4827134492
1113 136.4777526618
1115 136.4713077913
1119 136.4691562594
1121 136.4617466622
1123 136.4585057892
1196 136.4577597724
1198 136.4575326899
1203 136.4555285312
1206 136.4538554303
1208 136.4530474568
1210 136.4517626042
1213 136.4500366375
1217 136.4465236220
1218 136.4461874750
1220 136.4427863383
1228 136.4424525103
1239 136.4420565653
1255 136.4417471014
1260 136.4405737341
1263 136.4392717715
1266 136.4372455805
1270 136.4368109353
1274 136.4367316374
1275 136.4361489441
1281 136.4340194953
1284 136.4332982358
1286 136.4300665577
1289 136.4254615082
1292 136.4205592582
1293 136.4189973911
1295 136.4147027511
1299 136.4145323650
1300 136.4139511725
1302 136.4119335221
1304 136.4084516211
1305 136.4069345784
1306 136.4009520863
1307 136.4006602183
1308 136.3990589679
1309 136.3978548720
1311 136.3855098986
1312 136.3739347151
1313 136.3676204352
1314 136.3663656972
1316 136.3608020501
1318 136.3594339476
1323 136.3572802445
1324 136.3310190225
1340 136.3251315071
1341 136.3179990588
1343 136.3156540025
1345 136.2857730904
1354 136.2813692570
1356 136.2742897140
1357 136.2735735744
1358 136.2690388726
1361 136.2530849889
1364 136.2315836130
1366 136.2207436736
1383 136.2159155113
1385 136.2131148777
1387 136.1970266997
1389 136.1817764840
1400 136.1771218324
1402 136.1752939748
1403 136.1623105881
1408 136.1606455503
1409 136.1582822926
1412 136.1450826829
1413 136.1423504962
1416 136.1423050620
1419 136.1362175489
1425 136.1291523144
1431 136.1266608338
1433 136.1250036888
1437 136.1199759316
1441 136.1177688566
1443 136.1132977021
1444 136.1105272172
1445 136.1098871922
1447 136.1040757149
1452 136.1038375893
1453 136.1026346045
1455 136.0949917603
1457 136.0934874336
1458 136.0852674021
1460 136.0754340792
1461 136.0629102630
1463 136.0596291953
1465 136.0587592649
1467 136.0437930761
1469 136.0374579160
1493 136.0373324772
1495 136.0352836750
1504 136.0329351775
1505 136.0326593185
1507 136.0321289502
1509 136.0320544365
1512 136.0319676732
1517 136.0290105486
1520 136.0264538701
1523 136.0261600542
1525 136.0245279131
1526 136.0244021311
1527 136.0243330139
1529 136.0241670790
1530 136.0215284990
1534 136.0210886796
1556 136.0202454553
1557 136.0196501938
1558 136.0193212654
1559 136.0187554798
1561 136.0172251720
1576 136.0169992932
1577 136.0148610255
1579 136.0146179471
1581 136.0127999141
1583 136.0118203319
1584 136.0118140918
1586 136.0114022218
1587 136.0107105536
1590 136.0098886608
1592 136.0098029624
1594 136.0088094022
1595 136.0067822302
1597 136.0046884972
1600 136.0041816480
1602 136.0040614561
1606 136.0035585806
1607 136.0034116780
1611 136.0010934191
1615 136.0002786619
1619 135.9991231331
1620 135.9975495801
1623 135.9969114920
1626 135.9964514835
1627 135.9959321204
1628 135.9934127097
1629 135.9929818051
1630 135.9926927957
1631 135.9920753782
1633 135.9900473542
1637 135.9889942565
1640 135.9864681495
1645 135.9845319281
1648 135.9834175150
1650 135.9802051498
1651 135.9764626022
1653 135.9746054744
1654 135.9731412302
1655 135.9655966963
1658 135.9578914806
1660 135.9552868627
1664 135.9458484216
1665 135.9376411809
1680 135.9347792936
1687 135.9324783679
1691 135.9312445703
1694 135.9291094089
1695 135.9280659870
1698 135.9279707897
1708 135.9277541175
1711 135.9274143150
1716 135.9265032991
1717 135.9262638796
1719 135.9258582711
1721 135.9251935472
1723 135.9246331161
1727 135.9241097163
1728 135.9237967845
1729 135.9236555579
1732 135.9235964121
1735 135.9234839593
1736 135.9230046168
1737 135.9226901263
1739 135.9224593181
1740 135.9220861348
1741 135.9220434828
1742 135.9204123445
1743 135.9190595547
1745 135.9186222275
1746 135.9175689606
1754 135.9165807242
1756 135.9161380188
1758 135.9150277190
1759 135.9145577460
1760 135.9117690553
1764 135.9095159549
1765 135.9073858840
1767 135.9068480749
1775 135.9044106448
1795 135.9031225955
1803 135.9019177391
1806 135.9012313638
1812 135.9008246980
1813 135.8998937203
1818 135.8997800544
1819 135.8980491473
1822 135.8967131827
1823 135.8961100277
1828 135.8954874538
1835 135.8946125637
1836 135.8944522918
1838 135.8919829503
1839 135.8910062744
1840 135.8892081345
1843 135.8882379412
1844 135.8851258672
1846 135.8823245276
1847 135.8780294218
1849 135.8755184014
1850 135.8745177050
1854 135.8699679093
1855 135.8698177388
1857 135.8661848773
1864 135.8631183563
1866 135.8623763384
1870 135.8551720784
1871 135.8334113354
1873 135.8166530142
1875 135.8114018437
1882 135.8087358135
1883 135.7709109310
1886 135.7548335457
1895 135.7415683574
1898 135.7164563640
1899 135.7062225740
1902 135.6852351899
1903 135.6679518918
1905 135.6587666791
1908 135.6288365899
1914 135.6276024120
1916 135.6067826911
1918 135.5754207170
1921 135.5631756513
1933 135.5224345860
1941 135.5130164112
1944 135.5125510705
1946 135.5077502083
1948 135.5043997197
1964 135.5017470075
1965 135.4951147398
1969 135.4918973978
1985 135.4890714620
1988 135.4861667460
1989 135.4834453032
1991 135.4765798335
1994 135.4691276662
1999 135.4672513904
2012 135.4601388806
2013 135.4576568887
2016 135.4535525939
2018 135.4524980515
2025 135.4495163697
2027 135.4471573616
2033 135.4426152458
2047 135.4424979950
2063 135.4415547767
2071 135.4406167937
2072 135.4396013761
2073 135.4390264987
2075 135.4374592138
2077 135.4371787353
2078 135.4363958846
2079 135.4359618012
2084 135.4354322619
2086 135.4333894204
2087 135.4320528455
2090 135.4297282065
2096 135.4280684451
2097 135.4260011291
2099 135.4215967194
2101 135.4208646758
2104 135.4196087275
2105 135.4153433694
2109 135.4105311072
2115 135.4082056253
2117 135.4052715052
2122 135.3986231157
2125 135.3948313727
2135 135.3908684832
2136 135.3897090122
2150 135.3871953958
2154 135.3822183667
2156 135.3799701969
2157 135.3732392713
2161 135.3706675122
2164 135.3662030328
2173 135.3607192641
2187 135.3589416098
2190 135.3585500410
2191 135.3559921667
2195 135.3551208545
2198 135.3541464929
2199 135.3522149160
2201 135.3409756741
2203 135.3370820609
2205 135.3359761782
2207 135.3348697440
2210 135.3314979031
2224 135.3311667838
2231 135.3288830929
2232 135.3285703088
2234 135.3215229892
2237 135.3214683172
2240 135.3098097006
2242 135.3020335706
2243 135.2979871249
2246 135.2969661012
2255 135.2965426656
2257 135.2964214141
2259 135.2929920037
2262 135.2878268420
2272 135.2865192715
2274 135.2800305549
2275 135.2794126437
2278 135.2786718250
2281 135.2773303206
2284 135.2772414680
2286 135.2727095159
2288 135.2686790894
2289 135.2669515130
2293 135.2662338446
2296 135.2651297914
2297 135.2578101780
2301 135.2568478275
2304 135.2520204607
2306 135.2485036975
2307 135.2375272170
2309 135.2332189266
2311 135.2320703966
2313 135.2309859976
2315 135.2305612195
2319 135.2133425932
2321 135.2045016659
2324 135.2008172693
2326 135.1941338479
2328 135.1728957696
2329 135.1693230610
2331 135.1559746439
2333 135.1403738593
2334 135.1362567967
2336 135.1164523547
2337 135.1130674904
2347 135.0902671823
2370 135.0858174596
2382 135.0815712121
2385 135.0774364285
2387 135.0739106618
2390 135.0717197614
2391 135.0671372681
2399 135.0619926900
2401 135.0613441308
2409 135.0547437551
2411 135.0508399863
2414 135.0483015915
2418 135.0455533425
2420 135.0448050781
2421 135.0437844732
2423 135.0418415366
2424 135.0392104305
2425 135.0342023890
2427 135.0306765469
2430 135.0244180668
2432 135.0181114859
2433 135.0143817167
2434 135.0109755856
2435 135.0087307431
2436 135.0073603540
2439 135.0072127467
2448 135.0047118979
2450 134.9898694703
2452 134.9895872869
2453 134.9781821824
2454 134.9728353540
2456 134.9708895428
2457 134.9553132032
2461 134.9520682426
2462 134.9478316878
2463 134.9339565434
2466 134.9176867300
2468 134.8783933000
2469 134.8652412185
2471 134.8547624756
2472 134.8466703976
2473 134.8445616217
2474 134.8373415267
2489 134.7713110666
2491 134.7298341586
2494 134.7223386214
2496 134.6564063949
2508 134.6418906496
2530 134.6184679642
2532 134.5931540619
2533 134.5316816989
2535 134.5098506804
2542 134.5009233492
2543 134.4794552620
2544 134.4705586394
2546 134.4284031849
2549 134.4219481002
2553 134.3795363412
2554 134.3760753227
2555 134.3169483934
2557 134.3027884099
2558 134.2389138007
2561 134.2121664416
2563 134.1691590925
2565 134.1505274318
2566 134.0974987391
2567 134.0909422140
2570 134.0708891268
2582 134.0499616877
2589 133.9676123278
2594 133.9157117420
2596 133.9015821460
2597 133.8888475058
2617 133.8751697053
2677 133.8654609814
2680 133.8601651285
2685 133.8476663022
2687 133.8343922626
2696 133.8044691347
2697 133.7931059752
2701 133.7898643338
2703 133.7786398755
2708 133.7695725635
2712 133.7588283968
2714 133.7533427536
2716 133.7521427512
2717 133.7472848617
2720 133.7426572122
2722 133.7304361707
2724 133.7292490419
2725 133.7249418863
2726 133.7121117545
2729 133.6919485185
2748 133.6664101315
2750 133.6626489257
2752 133.6333754954
2755 133.6231069943
2758 133.6149753607
2760 133.5824060025
2764 133.5812438199
2765 133.5603416309
2768 133.5537540422
2774 133.5514489803
2787 133.5470212375
2791 133.5465436833
2793 133.5317389590
2796 133.5282861924
2812 133.5172068622
2813 133.5084699771
2819 133.5042304470
2824 133.4923943738
2826 133.4841183096
2828 133.4838100605
2831 133.4837802484
2833 133.4820769407
2841 133.4810009526
2842 133.4743302990
2843 133.4693407895
2844 133.4690081100
2846 133.4662917656
2848 133.4632652989
2849 133.4557058144
2852 133.4544107801
2853 133.4526306952
2857 133.4518425666
2858 133.4504405127
2859 133.4473997119
2862 133.4460907679
2864 133.4393591829
2865 133.4360091445
2867 133.4314256157
2881 133.4261859176
2883 133.4171140355
2886 133.4137945112
2911 133.4119876759
2913 133.4113585869
2914 133.3972840167
2916 133.3957166068
2919 133.3948741171
2921 133.3839191771
2939 133.3735605568
2942 133.3713727975
2943 133.3567920784
2946 133.3558344372
2947 133.3434973457
2966 133.3415360453
2967 133.3405739751
2969 133.3354296654
2971 133.3160904058
2980 133.3110809887
2985 133.3098761186
2987 133.3091610903
2989 133.3023116084
3002 133.3006366212
3006 133.2973976337
3007 133.2932767937
3009 133.2862724210
3034 133.2839541086
3035 133.2765058254
3038 133.2731224778
3039 133.2711178698
3042 133.2644176974
3043 133.2627894345
3046 133.2612610258
3047 133.2594733628
3049 133.2563717250
3050 133.2531181692
3052 133.2503874204
3054 133.2491971202
3055 133.2460984293
3057 133.2386360636
3059 133.2378817532
3063 133.2353047436
3068 133.2339540524
3069 133.2206426399
3075 133.2154324472
3077 133.2118971512
3078 133.2061065365
3079 133.2037240400
3086 133.2030698493
3089 133.1995261484
3093 133.1949453590
3095 133.1826157087
3097 133.1825147875
3100 133.1709356010
3101 133.1704906118
3102 133.1609253515
3103 133.1574954050
3104 133.1491281256
3108 133.1399315310
3110 133.1375021678
3111 133.1309510835
3113 133.1201198546
3117 133.1108275367
3119 133.0964328390
3124 133.0660992704
3126 133.0597505994
3130 133.0454245698
3131 133.0427547244
3155 133.0332441732
3163 133.0321208265
3166 133.0205879147
3174 133.0108551938
3201 133.0078655184
3203 133.0073498250
3208 133.0056720332
3210 133.0040104978
3211 133.0015871818
3212 132.9996142495
3216 132.9962331762
3217 132.9958879793
3219 132.9891820791
3222 132.9860828420
3223 132.9791001546
3225 132.9747916167
3235 132.9687643452
3324 132.9671138714
3325 132.9663775738
3326 132.9659738280
3332 132.9645690374
3359 132.9644585306
3375 132.9644182650
3377 132.9641462240
3380 132.9627947323
3387 132.9618623220
3398 132.9611919027
3400 132.9597930777
3401 132.9579248576
3404 132.9575845643
3405 132.9569834086
3407 132.9566194673
3409 132.9561921859
3412 132.9540780133
3415 132.9518662376
3420 132.9489106026
3421 132.9475321673
3424 132.9456842521
3426 132.9446053225
3428 132.9437331003
3430 132.9429424841
3432 132.9420568148
3433 132.9379497460
3446 132.9377291843
3448 132.9367856527
3450 132.9363721493
3461 132.9363555222
3463 132.9355454623
3466 132.9355317036
3467 132.9343762627
3475 132.9342518129
3478 132.9340402207
3479 132.9335797086
3481 132.9334814812
3483 132.9316970418
3488 132.9316581110
3492 132.9313244417
3493 132.9307231562
3494 132.9306221525
3495 132.9303876034
3499 132.9303488006
3501 132.9303231698
3502 132.9300399535
3505 132.9297886164
3506 132.9292766078
3510 132.9288285078
3514 132.9280798806
3533 132.9277187571
3535 132.9277099322
3549 132.9272379657
3552 132.9268159197
3553 132.9259510008
3555 132.9252216513
3557 132.9252136614
3563 132.9248492332
3574 132.9247733100
3576 132.9235537855
3578 132.9227860541
3579 132.9219375958
3582 132.9218246408
3587 132.9218197803
3590 132.9216228798
3601 132.9202502054
3603 132.9198254005
3609 132.9194211192
3616 132.9186306461
3617 132.9180874952
3620 132.9169230004
3622 132.9163192086
3623 132.9154439634
3625 132.9148281691
3627 132.9147573244
3628 132.9143859925
3631 132.9132434326
3635 132.9130484702
3646 132.9130040666
3647 132.9122433756
3649 132.9121780353
3650 132.9119847496
3654 132.9113380670
3656 132.9110069744
3657 132.9108529298
3659 132.9099579212
3663 132.9091090119
3665 132.9086395449
3669 132.9083758234
3678 132.9080696799
3679 132.9075991347
3690 132.9073926963
3692 132.9071853194
3693 132.9065951197
3696 132.9063020743
3698 132.9057895538
3705 132.9055507716
3709 132.9053407803
3724 132.9051051943
3725 132.9048666822
3726 132.9045156041
3728 132.9035932785
3734 132.9031331479
3736 132.9028894300
3738 132.9025740247
3745 132.9024877792
3746 132.9021018917
3754 132.9020829702
3762 132.9020251967
3763 132.9018454205
3773 132.9000930105
3775 132.8988951358
3779 132.8985689008
3782 132.8981223393
3783 132.8981092096
3786 132.8972540937
3788 132.8969917443
3792 132.8966723171
3793 132.8958826831
3794 132.8956380581
3796 132.8951123883
