evaluations raw_y
1 773620.6035489555
2 625800.7029190775
12 352668.4128275049
29 351027.5135740702
50 241483.1365238625
80 217425.2611684864
83 167738.3501703606
97 136091.0727135937
158 115332.9119608951
182 71042.7440646829
272 40867.4019341178
1164 31947.0802147826
1251 24940.7032484072
1289 24574.4240571621
1404 22555.1768025925
1406 14918.8495423211
1427 11843.7042650411
1564 11155.8687405179
1585 9308.7468145166
1610 8130.0715871546
1686 7622.4047772705
1687 4834.6956378997
1787 4723.5257388175
1830 4066.9980163174
1859 2868.9584724457
1881 1608.4887739652
2160 1298.2075157881
2353 921.3490486132
2459 640.7081502588
2698 357.5487449583
2942 333.7579638351
2975 330.6689083419
2994 262.1976239403
3063 245.2027701565
3187 244.0143395225
3202 235.4601367874
3206 224.9955473431
3240 147.4833459746
3546 143.8137639848
3611 139.0501721012
3667 122.4244625889
3698 118.9103207548
3738 71.1916132540
3912 65.6976425675
3936 63.5378187487
3993 59.3646228051
4243 56.4954200260
4292 46.1842331990
4584 39.4277900299
4634 34.2542526382
4778 33.3850809960
4873 30.7505131841
4877 28.2459741400
4938 25.9380601124
5026 25.3280580548
5099 24.0061620665
5348 23.1943913775
5406 22.4928007321
5463 21.5364526593
5603 20.5901404039
5608 20.5694247424
5726 20.4402498495
5891 20.0307404488
6040 19.9054139519
6051 19.7490049757
6073 19.6767224967
6116 19.4621411451
6199 19.4510128485
6336 19.3507047615
6378 19.3474098779
6445 19.3093788655
6490 19.1399767962
6543 19.1297083636
6641 19.1183193255
6642 18.9842259269
6651 18.9064609523
6708 18.8561773618
6728 18.8442856989
6858 18.8258244705
6875 18.8090452454
6920 18.6702409957
7135 18.6451579499
7256 18.4810451816
8296 18.4801940288
8480 18.4544841390
8490 18.2381739636
8766 18.2372078050
8791 18.1784588998
8797 18.1609433678
8855 18.1342911623
8858 17.9827558740
9009 17.9366090713
9281 17.9141674449
9466 17.8830261228
9828 17.8236442921
9984 17.5158482841
10715 17.4853647391
10732 17.4598006247
10767 17.3893975885
10815 17.1809637622
10848 16.9074129309
11304 16.4932265818
11711 16.3413857935
12356 16.2960465372
12358 16.1420001360
12487 16.1401174279
12513 15.9953853712
12589 15.9853003261
12954 15.9313849023
13261 15.8493362249
13279 15.8266936459
13298 15.8113003551
13326 15.8013572627
13436 15.7405468620
13464 15.7160606673
13661 15.6153286322
14464 15.5454587576
14746 15.2835493417
14927 15.1537827723
14981 15.0432390536
15421 14.9883007193
15427 14.9748752769
15491 14.8811615599
15608 14.8509193644
15648 14.8102847970
15667 14.6926168122
15847 14.5699294780
15943 14.5667294143
16034 14.5339221089
16265 14.5274105663
16544 14.4418633414
16691 14.4399089542
16725 14.4297422902
16817 14.3236912037
16853 14.2478104886
16903 14.2443599514
17025 14.2244103181
17137 14.1685929180
17399 14.1591457801
17467 14.1464557585
17491 14.0790371921
17555 14.0662355361
17608 14.0306473821
17773 13.9751199624
17852 13.9618606999
17874 13.8952563285
17949 13.8134337137
18027 13.7798997877
18179 13.7606334670
18208 13.7266849652
18963 13.5510189106
19624 13.2298539378
20136 13.2012787148
20431 13.1257205874
20661 13.0611259964
21068 12.8535203458
21294 12.7649503700
21316 12.7506979861
21372 12.7090279902
21423 12.6670883520
21510 12.6554088436
21732 12.6363492664
21905 12.6264617179
22053 12.6039055421
22298 12.4772546372
22329 12.4118662828
22342 12.3729768032
22786 12.3519988598
22936 12.3374673763
23123 12.1267385790
23773 12.0492155858
23837 11.9866594458
23871 11.9710805759
24279 11.9232531923
24416 11.8940920834
24988 11.8723273857
25016 11.7910653499
25145 11.7333861311
25248 11.6704507176
25336 11.5639969878
25377 11.5613129212
25426 11.4851127038
25475 11.4063880790
25713 11.3664717617
25762 11.3109625968
25800 11.2000820130
26105 11.1924200740
26289 11.1368233319
26437 11.0766104406
26462 11.0452113256
26717 11.0445652199
26779 11.0064551173
26840 10.9435667355
27035 10.8428704550
27328 10.8313982641
27383 10.8129872888
27394 10.7948136096
27412 10.7289289689
27447 10.7127226588
27482 10.6093401701
27794 10.5950654242
27923 10.5918557618
28023 10.5450780758
28122 10.3234571852
28412 10.2760966911
28719 10.2407739582
28744 10.2195190931
28893 10.1664362212
29027 10.0894398729
29046 10.0153790654
29232 9.9324319631
29704 9.9283483624
29711 9.9278150924
29737 9.8844373469
30015 9.8321712557
30016 9.8280982343
30023 9.7642612827
30560 9.6298336354
30893 9.6293070802
31040 9.5409807995
31253 9.5257197612
31309 9.4712718441
31389 9.4291280348
31396 9.3734989828
31689 9.3552801618
31719 9.3381886199
31746 9.2676909234
31822 9.2604446653
32046 9.2223956534
32090 9.1586275460
32208 8.9625887791
32760 8.8823350869
32865 8.7843965079
33049 8.5483881094
33811 8.4259034327
34218 8.3488988802
34240 8.3001859624
34312 8.2890758688
34659 8.2518218635
34735 8.2438390150
34760 8.1962509364
34823 8.1677773506
34839 8.1401630703
35045 8.1118896844
35060 8.0768947259
35229 8.0159009669
35457 7.9747419917
35546 7.9709028213
35579 7.8087072706
36212 7.7765528093
36232 7.7204633970
36571 7.6860055939
36668 7.6300874014
36758 7.4877184806
37029 7.4312756491
37083 7.4257623979
37173 7.4049639096
37231 7.3109145712
37499 7.2467286555
38083 7.2391044376
38280 7.0644368945
38399 6.7622173778
38930 6.7247727248
39071 6.6515533016
39194 6.6237283836
39299 6.5781693803
39808 6.5473075940
39862 6.4966973085
39948 6.3882102551
40082 6.3224210150
40352 6.1992462017
40400 6.0307514332
40947 5.9355052580
41180 5.9249959555
41410 5.9214579148
41507 5.8685557264
41517 5.7443489556
41834 5.7329055496
41915 5.7097879695
42018 5.7039127913
42054 5.6773437137
42076 5.6364552568
42132 5.5422869691
42284 5.5348309717
42299 5.5345685733
42436 5.5115917129
42725 5.4701871039
42780 5.4353008815
43044 5.4004899044
43121 5.2581178873
43380 5.1296616847
43949 5.1103821167
44094 4.9356504544
44453 4.8696043200
44615 4.8331307619
44628 4.8274100451
44807 4.6986958351
45154 4.5796055995
45477 4.4188360657
46379 4.3089865246
46416 4.1595492689
46766 4.1185889737
46925 4.0997252484
46977 3.9698127117
47252 3.9059506629
47687 3.8752463924
47819 3.8232838522
47890 3.8017572784
47907 3.7589586336
47950 3.6688349145
48041 3.4813578735
48168 3.4564605693
48386 3.4207799637
48437 3.3842636889
49019 3.2481685382
49251 3.2243020764
49579 3.0768731074
49661 3.0505066169
50167 3.0470118082
50300 2.9574348268
50432 2.9361854903
50635 2.8022585677
50698 2.8017831253
50723 2.7613492825
50826 2.6496803482
50866 2.6284028010
50902 2.6209388853
50984 2.5507498199
51051 2.4915595562
51150 2.3999240523
51876 2.2979576360
51986 2.2666748946
52048 2.2242798146
52050 2.1608403345
52123 2.1437674189
52437 2.1113998588
52470 2.1009673776
52474 2.0317923170
52716 1.8394625451
53094 1.8238751237
53405 1.7993639801
53764 1.7188609215
53984 1.6667518465
54035 1.5724780073
54076 1.5680704636
54302 1.5463528401
54383 1.5355556540
54412 1.5210889828
54453 1.5118590752
54459 1.4953120681
54675 1.4680412234
54807 1.4223215350
54819 1.3204194162
55050 1.3147288749
55117 1.2988982275
55169 1.2794690766
55347 1.2606131071
55595 1.2139131489
55703 1.0636154863
56175 1.0114419231
56185 1.0035150754
56202 1.0024571246
56337 0.9768320308
56354 0.9636533200
56396 0.9618877215
56420 0.8912668062
56429 0.8841967419
56614 0.8081684348
57281 0.7576117119
57666 0.7479093863
57739 0.7297244576
57829 0.6661528210
57966 0.6401714230
58429 0.6053629458
58936 0.5235562915
59007 0.4924070592
59492 0.4627578595
59624 0.4524334480
59683 0.4510553213
59720 0.4452951180
59811 0.4424116555
59858 0.4383301992
59883 0.4216837455
59939 0.3979214559
59997 0.3933970283
60003 0.3877599835
60068 0.3625404572
60194 0.3142274511
60402 0.3059647501
60900 0.2802362533
60988 0.2723700219
61268 0.2716245425
61356 0.2296238131
61415 0.2217473322
61935 0.2139722714
62141 0.1831315034
62308 0.1810518026
62319 0.1514508220
62518 0.1500244028
62749 0.1352175861
62906 0.1311650391
63064 0.1248500442
63068 0.1221153818
63144 0.1213406012
63187 0.1121228573
63270 0.0978928057
63399 0.0953002965
63552 0.0861006462
64339 0.0755929758
64407 0.0747310424
64454 0.0727842712
64513 0.0625041118
64692 0.0609845080
64733 0.0500992608
65154 0.0484910677
65187 0.0320462694
65674 0.0245378262
65699 0.0233646442
65863 0.0176169309
66260 0.0137873549
66604 0.0129190410
66660 0.0119576289
66916 0.0104768188
67218 0.0103873901
67240 0.0087393434
67401 0.0068606187
67560 0.0068591440
67563 0.0059704773
67790 0.0054018548
67966 0.0051805282
68040 0.0040249458
68119 0.0039663590
68180 0.0038586076
68185 0.0034955666
68252 0.0032005714
68400 0.0012483659
69233 0.0008235771
69348 0.0005313485
69679 0.0002908391
70194 0.0001692968
70436 0.0001612326
70601 0.0001240199
70607 0.0001142927
70850 0.0000947852
70908 0.0000839883
71015 0.0000669046
71193 0.0000488704
71242 0.0000450621
71313 0.0000400964
71484 0.0000333161
71491 0.0000313246
71565 0.0000262452
71775 0.0000259137
71798 0.0000200719
71834 0.0000181386
71954 0.0000178454
71978 0.0000165447
72004 0.0000151389
72060 0.0000107809
72270 0.0000069538
72426 0.0000053852
72558 0.0000047593
72667 0.0000027833
72815 0.0000026426
72941 0.0000021698
73009 0.0000018546
73143 0.0000016494
73144 0.0000014130
73237 0.0000010612
73579 0.0000006669
73702 0.0000005483
73827 0.0000004698
73960 0.0000004357
74011 0.0000004226
74021 0.0000003336
74032 0.0000003276
74037 0.0000003186
74162 0.0000001520
74249 0.0000001325
74381 0.0000001257
74530 0.0000000986
74594 0.0000000903
74633 0.0000000855
74688 0.0000000836
74714 0.0000000662
74832 0.0000000622
74876 0.0000000612
74885 0.0000000567
74944 0.0000000508
75021 0.0000000505
75048 0.0000000445
75050 0.0000000364
75153 0.0000000330
75167 0.0000000280
75329 0.0000000263
75485 0.0000000163
75585 0.0000000156
75849 0.0000000130
75922 0.0000000122
75962 0.0000000117
75999 0.0000000085
76042 0.0000000058
76323 0.0000000046
76425 0.0000000044
76444 0.0000000021
76788 0.0000000016
77050 0.0000000015
77051 0.0000000012
77147 0.0000000011
77159 0.0000000008
77403 0.0000000008
77413 0.0000000006
77601 0.0000000004
77781 0.0000000004
77898 0.0000000003
77923 0.0000000002
78287 0.0000000001
78319 0.0000000001
78504 0.0000000001
78799 0.0000000001
78898 0.0000000001
78900 0.0000000001
78967 0.0000000001
79077 0.0000000000
79209 0.0000000000
79232 0.0000000000
79363 0.0000000000
79448 0.0000000000
79539 0.0000000000
79590 0.0000000000
79695 0.0000000000
79855 0.0000000000
79878 0.0000000000
79975 0.0000000000
79982 0.0000000000
80054 0.0000000000
80113 0.0000000000
80180 0.0000000000
80181 0.0000000000
80510 0.0000000000
80617 0.0000000000
80679 0.0000000000
80750 0.0000000000
80752 0.0000000000
80802 0.0000000000
80815 0.0000000000
80888 0.0000000000
81127 0.0000000000
81128 0.0000000000
81158 0.0000000000
81203 0.0000000000
81236 0.0000000000
81367 0.0000000000
81762 0.0000000000
81872 0.0000000000
81915 0.0000000000
82154 0.0000000000
82406 0.0000000000
82944 0.0000000000
83487 0.0000000000
84193 0.0000000000
evaluations raw_y
1 523250.1434810261
14 504809.3768389221
17 367696.8145593507
21 275562.7254412849
44 113466.0977807818
66 88099.5771568077
159 64850.8450316472
211 52579.9765757198
215 47281.6616473354
226 44323.8664624524
287 23107.5784173715
1088 18133.2657674638
1120 9719.3538493741
1371 9085.3402313747
1375 5939.8291390351
1476 5447.0772418258
1561 4900.6606860172
1660 4163.0250112579
1739 2685.9940743139
1763 2531.6314053328
1798 2330.1481657829
1843 2152.3531492779
1856 1981.2343735855
1860 1861.4558845521
1871 1696.8317756880
1949 1658.5629562715
1976 1432.9050644088
1994 1319.8284115205
2061 924.8853633921
2191 474.8946663320
2296 473.5499371847
2403 443.3426838840
2482 340.8196629329
2834 145.6626190799
3109 145.5176935518
3157 136.8343443290
3165 97.0369367419
3520 95.9573447719
3606 86.3353931581
3654 80.1284657795
3674 75.9204511745
3864 68.4952832161
3878 60.5542414553
3966 52.4333933008
4126 46.1298226873
4195 39.8949452213
4325 36.7489037419
4387 32.7136945460
4527 31.3843745858
4644 30.1365696421
4772 26.6005741750
4844 23.1426457687
4922 22.1526640313
5286 21.8617082958
5397 20.8765813818
5403 20.7846061678
5480 20.7119287293
5521 19.9611441598
5634 19.8271867410
5970 19.6598451889
6208 19.5843164909
6213 19.3950963201
6292 19.1979532949
6801 19.0934018158
6883 18.8193863872
7014 18.7818318444
7115 18.6349027978
7168 18.6165895040
7217 18.5012654424
7282 18.2347799813
7445 18.2110624467
7525 18.2065945677
7629 18.2046334154
7636 18.1206043760
8345 18.1094666573
8417 18.0673654721
8456 17.9547197600
8573 17.6608640571
9336 17.4979251322
9431 17.4554890420
9492 17.2856608530
9600 17.2790964656
9729 17.1628161774
9755 17.1322004925
10191 17.0870408492
10236 17.0316834313
10277 16.7305040962
10346 16.6014905262
11505 16.4573844703
11695 16.4432827833
11734 16.3886524008
11784 16.3464789845
11793 16.2701495231
11855 16.0987054953
11889 16.0288765217
11952 16.0175146387
12001 15.8244448385
12100 15.7326426307
12599 15.6752426650
12611 15.6223598047
12674 15.5341611713
12893 15.4824146708
13325 15.4790821714
13415 15.3539804540
13612 15.3374417045
13674 15.2346747453
13998 15.2258578354
14010 15.1994638153
14046 15.0479766973
14141 14.9928688670
14397 14.9148687631
14580 14.9145387896
14585 14.9133606166
14597 14.8730142668
14602 14.7464424424
14651 14.7081039487
14811 14.6839626336
15179 14.5040422743
15459 14.3976884626
15625 14.3199950060
16071 14.2195758523
16231 14.1703622262
16248 14.1468865798
16460 14.0279478688
16526 13.9552100456
16831 13.9321972273
16937 13.9107382742
17020 13.8239076939
17109 13.6199304848
17597 13.5956355504
17705 13.5548697848
17778 13.5074919777
17943 13.4466370162
18002 13.3382438268
18216 13.1973167444
18615 13.1200610169
18946 13.0468622281
19444 12.9967372012
19537 12.9519793288
19575 12.9372446818
19680 12.9217387255
19695 12.9093113782
19788 12.8503948035
19943 12.7625874621
20200 12.7075266485
20319 12.6105117584
20393 12.5720870715
20801 12.5627268727
20834 12.4973165890
20936 12.3358248308
21312 12.2742466271
21667 12.2255795207
21881 12.1242916413
22106 12.0684686627
22149 11.9938982946
22385 11.9608696546
22624 11.9492592350
22646 11.7561783672
22776 11.6349326872
23139 11.5314589912
23435 11.3993876793
23646 11.3440527785
24070 11.2908821129
24306 11.2586320065
24337 11.2401357399
24345 11.1423850715
24400 10.9930218946
24578 10.9581375395
24657 10.9364551278
24666 10.8816662433
25371 10.7495758332
25581 10.6924035082
25794 10.6268930703
25874 10.6180984531
25936 10.6051240307
25952 10.5298994710
26032 10.5133739479
26211 10.4756368023
26258 10.4617234306
26275 10.4004096114
26335 10.3491977370
26468 10.3058246816
26631 10.2439225022
26881 10.0669615975
26883 9.9992645493
27156 9.9395413294
27547 9.7838291850
28195 9.7595939841
28253 9.6959073538
28447 9.6255440413
28450 9.5482760219
28680 9.4954872579
29244 9.4450016184
29301 9.3036825821
29996 9.2547966897
30202 9.1680550389
30306 9.1546905065
30494 9.0886625936
30547 9.0827385495
30568 8.9909246051
30580 8.8844514681
30767 8.8080097949
31044 8.7382275325
31057 8.6509301399
31335 8.6426261667
31402 8.6112152255
31496 8.5481994319
31545 8.5277712234
31624 8.4726215034
31697 8.3507968272
32353 8.2891764967
32538 8.2578770772
32688 8.1212950051
33147 8.0838278717
33227 7.9930190691
33238 7.9724460006
33313 7.9405073673
33345 7.9382407673
33346 7.8921394422
33439 7.8095594439
33518 7.7465129256
33583 7.7053800990
33645 7.6163379148
33944 7.6074740373
34030 7.5999831288
34063 7.5526632854
34113 7.5256335459
34154 7.4866982291
34299 7.4603661218
34585 7.4547486127
34652 7.4352330191
34726 7.4078472733
34746 7.2832532545
35486 7.2622627786
35747 7.1646303456
35762 7.0448756656
36028 7.0216874668
36128 6.9480222753
36268 6.9419418713
36577 6.8863812601
36796 6.8534008848
37132 6.8200866103
37458 6.6738897910
37528 6.6648276335
37691 6.6631631839
37806 6.5801054947
37912 6.5264545539
37980 6.3943959547
38051 6.3894198751
38114 6.3820891440
38150 6.3047745814
38210 6.2832780558
38358 6.2100468981
38526 6.1835642219
38630 6.1235518962
39218 6.0554141403
39268 5.9575520429
39422 5.9105052856
39712 5.8477402382
39823 5.8207224095
39875 5.7634707232
39939 5.7488441581
40099 5.6512222113
40528 5.6158020513
40758 5.4983931669
40836 5.4884514039
41064 5.4467608010
41109 5.3938118119
41218 5.3536778439
41607 5.3337354522
41893 5.1116435408
42301 4.9910306603
42913 4.8303451143
43183 4.7702234907
43184 4.7037946919
43302 4.6737133117
43564 4.4680436909
44593 4.4143713357
44783 4.2993225465
44906 4.2720368266
45261 4.1679627936
45639 4.1529048387
45904 4.0835416052
45976 4.0733752867
46066 4.0318403179
46070 3.8370104395
47246 3.7776968800
47347 3.7044173692
47406 3.6719682960
47416 3.6670213566
47462 3.4106007033
47560 3.3635270440
47659 3.3475708403
47873 3.2962207543
48009 3.2899279625
48019 3.2754942715
48073 3.1735866864
48168 3.1629810965
48188 3.1538148749
48275 3.1133471149
48416 3.0712290049
48533 3.0177065332
48820 2.9711630536
48836 2.8123298589
49417 2.7871399300
49621 2.6472745128
49834 2.5497751103
49857 2.4791677200
50360 2.3338196399
50449 2.2377188139
50898 2.2333489665
51090 2.2216600587
51123 2.1337499754
51188 2.0692433533
51409 2.0530723777
51417 1.9662102235
51489 1.9501217406
51491 1.9146332303
51497 1.8504882231
51588 1.8072020546
51790 1.8038706212
51859 1.7728966588
52077 1.7474218941
52396 1.7199627270
52627 1.6227414046
52948 1.5653269972
53205 1.4092598109
53359 1.3503558212
53965 1.2959836687
54040 1.2909668205
54113 1.2810402000
54127 1.2509736009
54226 1.1763051577
54608 1.0709486058
54768 1.0207748454
54850 0.9672847922
54864 0.9332971984
55547 0.8548762056
55868 0.8532768621
55911 0.8276913453
55970 0.8253513423
55988 0.8116259753
56028 0.8028815760
56040 0.7850666099
56089 0.7662289174
56090 0.7577527247
56120 0.7238871561
56136 0.6836460032
56177 0.6607062868
56232 0.6529668142
56298 0.6432204138
56322 0.6379862943
56570 0.6282539133
56667 0.5927241857
56730 0.5847365824
57486 0.5756027801
57496 0.5657341382
57802 0.5192611795
58012 0.4590659834
58381 0.4148465022
58452 0.3967696110
58540 0.3536449120
59117 0.2933169769
59685 0.2869459254
59721 0.2670245635
59883 0.2510247113
60180 0.2447466252
60317 0.2434474139
60319 0.2392967117
60352 0.2319236699
60369 0.2281087012
60416 0.2193939629
60465 0.2144230981
60502 0.2102832620
60503 0.1998181251
60514 0.1864680528
60562 0.1845675414
60731 0.1738403789
60745 0.1692804581
60748 0.1689403410
60821 0.1582965556
61018 0.1559678262
61139 0.1542258705
61167 0.1222007831
61499 0.1218001347
61628 0.1183496843
61917 0.1181117957
61984 0.1150862767
62073 0.1092019261
62153 0.1081698566
62170 0.1016635407
62311 0.0948684776
62336 0.0893552996
62371 0.0858058789
62524 0.0729871688
62774 0.0725552742
62804 0.0717707397
62868 0.0674068501
62981 0.0609270497
63004 0.0601484601
63036 0.0568083207
63189 0.0539760535
63398 0.0480145867
64129 0.0464308306
64223 0.0458265876
64246 0.0328493080
64297 0.0243053626
64778 0.0235231025
64790 0.0185947396
64812 0.0178693986
64852 0.0148578782
65312 0.0137125519
65533 0.0104315623
65613 0.0089265771
65938 0.0088975589
66127 0.0081515967
66182 0.0056936397
66508 0.0050606816
66509 0.0035580106
66797 0.0034137391
66919 0.0033847926
66982 0.0033557943
67115 0.0030906395
67132 0.0028816975
67192 0.0025527641
67307 0.0024160561
67378 0.0019799413
67439 0.0015441094
67572 0.0014594704
67594 0.0013174423
67728 0.0010971700
67992 0.0010447989
68043 0.0008447201
68316 0.0007953093
68321 0.0006857093
68322 0.0006542905
68414 0.0005854913
68418 0.0005629980
68426 0.0005556540
68558 0.0004672261
68645 0.0004402862
68675 0.0003634783
69019 0.0003082135
69162 0.0001833317
69376 0.0001737575
69454 0.0000959491
69854 0.0000585048
69952 0.0000513369
70248 0.0000473262
70293 0.0000389692
70393 0.0000368152
70421 0.0000289759
70542 0.0000207155
70809 0.0000173208
70824 0.0000155547
70865 0.0000149294
70912 0.0000134410
70994 0.0000117278
70999 0.0000066219
71195 0.0000057321
71447 0.0000051857
71516 0.0000044690
71661 0.0000040630
71794 0.0000032421
71952 0.0000030610
71967 0.0000028882
71989 0.0000026682
72069 0.0000021506
72128 0.0000017646
72232 0.0000015511
72268 0.0000008238
72609 0.0000007542
72647 0.0000006970
72669 0.0000006329
72734 0.0000005073
72852 0.0000004755
72891 0.0000004521
73074 0.0000004383
73088 0.0000004267
73110 0.0000003757
73168 0.0000003194
73183 0.0000003001
73204 0.0000002640
73226 0.0000001130
73526 0.0000001124
73628 0.0000000677
73732 0.0000000637
73928 0.0000000617
73974 0.0000000458
74137 0.0000000443
74143 0.0000000437
74161 0.0000000399
74183 0.0000000257
74234 0.0000000251
74235 0.0000000236
74318 0.0000000159
74597 0.0000000109
74953 0.0000000078
75107 0.0000000064
75199 0.0000000034
75471 0.0000000033
75573 0.0000000032
75619 0.0000000027
75679 0.0000000022
75685 0.0000000021
75818 0.0000000020
75827 0.0000000019
75836 0.0000000019
75874 0.0000000012
75983 0.0000000011
76151 0.0000000009
76231 0.0000000007
76319 0.0000000007
76376 0.0000000006
76393 0.0000000005
76523 0.0000000004
76613 0.0000000003
76714 0.0000000003
76723 0.0000000003
76773 0.0000000003
76879 0.0000000002
76882 0.0000000002
77099 0.0000000001
77238 0.0000000001
77365 0.0000000001
77645 0.0000000000
77694 0.0000000000
77752 0.0000000000
77792 0.0000000000
77909 0.0000000000
77986 0.0000000000
77999 0.0000000000
78072 0.0000000000
78098 0.0000000000
78140 0.0000000000
78226 0.0000000000
78227 0.0000000000
78392 0.0000000000
78551 0.0000000000
78606 0.0000000000
78799 0.0000000000
78899 0.0000000000
78916 0.0000000000
78992 0.0000000000
79143 0.0000000000
79183 0.0000000000
79220 0.0000000000
79292 0.0000000000
79338 0.0000000000
79727 0.0000000000
79848 0.0000000000
80109 0.0000000000
80230 0.0000000000
80236 0.0000000000
80467 0.0000000000
80615 0.0000000000
80656 0.0000000000
80707 0.0000000000
80878 0.0000000000
81176 0.0000000000
81821 0.0000000000
82444 0.0000000000
evaluations raw_y
1 1480520.8610249925
3 1449938.3553255710
5 407150.5350766461
12 334414.3258429217
25 248929.0159258999
27 195971.6846311250
60 183923.5300113717
66 157533.3644105339
68 78741.8423171019
72 50600.0640052537
174 47216.9379816997
280 31819.0578258833
880 23355.4036842552
1079 23325.2477636099
1130 18137.2162250510
1138 17397.3781282022
1156 16855.1332713340
1166 15607.7312922490
1215 9113.8512948594
1274 5557.4872223516
1312 5256.9888190675
1359 4391.1449998466
1394 2840.1361894945
1404 2606.2314170271
1576 2202.5987001943
1653 1568.8813064104
1723 1506.1878737641
1825 1501.4402492053
1844 1185.7475492265
1846 1143.4937357112
1861 968.7205811723
1864 798.3914208677
1920 784.9568294296
1947 489.2616793172
2071 445.5389806937
2180 403.5332723621
2239 270.4788034978
2464 262.0073124835
2683 213.4069935392
2686 182.9412106956
2834 153.9812656011
2861 145.2705984775
2950 102.5917529585
3126 86.1349353408
3442 85.4026171733
3488 84.3600511557
3509 72.2791769757
3620 69.7055947627
3654 62.5789878614
3665 54.7778785539
3714 42.0741291767
4072 34.5522170609
4258 27.7769092662
4474 25.6605387870
4648 25.2151812542
4788 24.6745297373
4802 23.2224854476
4952 23.1357108683
4971 22.7623186497
4996 22.7496165864
5025 22.3408427264
5048 22.3218890278
5063 22.2962170377
5071 21.1682617470
5231 21.1397116834
5265 20.6178899294
5302 20.1936793921
5428 19.8431890954
5489 19.8165323160
5552 19.6584418669
5581 19.6096468305
5650 19.5530128003
5710 19.4432317098
5731 19.2922567931
5787 19.2644924778
5790 19.1577365769
5843 19.0717983849
5908 18.8751895172
6062 18.8513200021
6149 18.7983399167
6243 18.7553471819
6301 18.6758838045
6451 18.6465982180
6499 18.5749843084
6635 18.5418521105
6911 18.5224235887
7312 18.4162282836
7402 18.2591744668
7599 18.1009666449
8572 18.0605591577
8622 17.7722584232
9131 17.7131895412
9270 17.5841799660
9280 17.4132195859
9608 17.2549947817
9699 17.2304712367
10092 17.2269717182
10226 17.0361463718
10953 16.9283683488
10982 16.9186110514
11049 16.8575432457
11057 16.7137275016
11201 16.5409157929
11294 16.4160147177
11378 16.3052241649
11505 16.1878581479
11532 16.1013252138
11560 15.9675391880
11804 15.9098100105
11815 15.8620222770
12141 15.6906663579
12213 15.6881798189
12303 15.6321768824
12484 15.6104949485
12809 15.4258097195
13414 15.3992769233
13517 15.1537935918
14035 15.0580336410
14414 14.8689124618
14662 14.7367564731
14736 14.6654432852
15000 14.5475210188
15074 14.5274657494
15164 14.5258180928
15191 14.4050166228
15374 14.1847840634
15798 14.1439479588
15987 14.0569055903
16305 13.9470220301
16522 13.7995803304
16586 13.7641882963
16874 13.7340234183
16956 13.7007352361
17090 13.6901549085
17236 13.6744980012
17258 13.6437714886
17380 13.5228147257
17707 13.4303361844
18188 13.4244791160
18208 13.4232971878
18248 13.3298151481
18337 13.2322332243
18360 13.2004464034
18547 12.9775740166
19261 12.9408257393
19356 12.9000784444
19890 12.8164662321
20068 12.5516209881
20906 12.4409727751
20918 12.3121505707
21057 12.2454479865
21099 12.0847103014
21353 12.0498160933
21379 11.9960752412
21515 11.9327554697
21533 11.8287136980
22128 11.7448384959
22156 11.7363293577
22201 11.7251916609
22444 11.5198163390
23016 11.5079340642
23086 11.4215907464
23313 11.3865167816
23607 11.2533251566
23766 11.1273614006
24409 11.0725501302
24440 11.0052186419
24535 10.9313471573
24567 10.8884081525
24791 10.8753112075
24935 10.8192115656
25053 10.7638726325
25117 10.6862569577
25388 10.5011516179
25499 10.4495212538
26056 10.2731276481
26882 9.9235957346
26959 9.8169564483
27570 9.7791792251
27813 9.7086697380
27852 9.6572531503
27936 9.5740613828
28234 9.5115350125
28435 9.4757265252
28514 9.3874196108
28925 9.3358144280
29026 9.2795991086
29078 9.2104117741
29099 9.1210848333
29225 9.0531515834
29612 9.0276928355
29870 8.9874332496
29988 8.9814553386
30101 8.8548829809
30103 8.7850091831
30319 8.7785703930
30480 8.7698899375
30685 8.6325762314
31030 8.6160312992
31106 8.5983745093
31188 8.5948503363
31299 8.5061779728
31531 8.4913701997
31672 8.4690492849
32015 8.4363128162
32263 8.4087204542
32295 8.2799707323
32390 8.0840591231
33053 8.0179659600
33086 7.9365980313
33112 7.8965987370
33162 7.8879798847
33303 7.7873892901
33407 7.7688398223
33562 7.6494999363
33695 7.6183253721
33791 7.6042498561
33876 7.5674555975
34108 7.5612856754
34175 7.5104788438
34225 7.4850291573
34251 7.4577138283
34569 7.4010294350
35238 7.3764361566
35302 7.3598182383
35361 7.2337083397
35555 7.2236891244
35561 7.1721218958
35573 7.0863557908
35674 7.0423543867
35691 7.0274397790
35906 6.9157699370
35924 6.9101768149
36048 6.8499270079
36131 6.8335574618
36170 6.8220351762
36245 6.7312141254
37103 6.6618397216
37113 6.6319170794
37200 6.5710806710
37381 6.5452779793
37479 6.5232871607
37512 6.5133716006
37593 6.5113277190
37614 6.4966519661
37667 6.4413439821
37694 6.3485278340
37772 6.3035373352
37990 6.2823507356
38690 6.2281978801
39266 6.1140883048
39382 6.0902824108
39586 5.9842321447
39683 5.9519074283
39711 5.7475560735
39859 5.7380063640
39892 5.4573422221
40257 5.4500025707
40371 5.3884906939
40595 5.2089026839
40720 5.1985859687
40821 5.1812937461
41134 5.1365541036
41164 5.0945319558
41356 5.0363686804
41942 4.9898528288
41946 4.9063753808
42105 4.8797393938
42121 4.8416999998
42442 4.7145353954
42557 4.7096964187
42630 4.6761214408
42748 4.6403058505
42801 4.5756488324
42905 4.5414862024
42940 4.5335162610
42963 4.5153314845
42998 4.5093415278
43051 4.4648648333
43090 4.3899194888
43244 4.3710277540
43343 4.3122300836
43411 4.3120085105
43611 4.3007491399
43619 4.2429824770
44211 4.0774071808
44635 4.0356675486
44663 3.9359277133
45059 3.9072683351
45106 3.6361016085
45621 3.5134291169
46012 3.4958888992
46164 3.4032831709
46619 3.2667664137
46740 3.1253837970
47033 3.0956706671
47940 3.0388803198
48014 2.8896643573
48170 2.7543245873
48323 2.7045085678
48889 2.6590185127
48962 2.4490646082
49040 2.4124272082
49132 2.3996093974
49184 2.2851224635
49868 2.2623262656
49995 2.2594007474
50176 2.2386209824
50265 2.1531866773
50537 2.1469312933
50545 2.1439780368
50656 2.1268727178
50691 2.1053061359
50755 2.0521095066
50784 2.0258809499
50851 1.9724355889
50858 1.9492357387
50915 1.8579762398
51242 1.8406627244
51285 1.7899945802
51619 1.7693142689
51823 1.7582837594
51915 1.6987591947
52416 1.6918753941
52460 1.5906134568
52867 1.4958457841
53191 1.4911806865
53204 1.4697580112
53251 1.4673361005
53338 1.2436122855
54180 1.1554584450
54184 1.1404898757
54263 1.0623474264
54537 1.0146876627
54643 0.9825520240
54903 0.9366435110
55039 0.8535954025
55726 0.8100898339
56265 0.7273089260
56593 0.6864203185
56624 0.6788083349
56667 0.6203320910
56756 0.6180722038
56843 0.5603980545
56912 0.5483952264
57324 0.5463354283
57573 0.5329039351
57579 0.5148292033
57596 0.4984715029
57618 0.4868503574
57713 0.4835154090
57759 0.4774414678
58311 0.4484285258
58573 0.4273943105
58594 0.3749380280
58622 0.3652484541
58886 0.3647956793
58982 0.3167579702
59480 0.3165586627
59564 0.2681139466
59889 0.2675161376
60421 0.2560501445
60467 0.2443848223
60494 0.1970786632
60799 0.1850667392
60842 0.1549803919
61044 0.1350862022
61127 0.1335565528
61139 0.1250975617
61355 0.1156640239
62076 0.0828249177
62130 0.0763506551
62556 0.0680936697
62780 0.0639558801
62791 0.0563701138
62893 0.0557383673
63110 0.0538837753
63150 0.0485168335
63196 0.0465346012
63404 0.0458126610
63460 0.0415982807
63560 0.0375741906
63618 0.0357415378
63619 0.0310024850
63773 0.0264320448
64208 0.0227579243
64583 0.0225531820
64653 0.0198642769
64918 0.0193676221
65048 0.0188243957
65176 0.0143227362
65471 0.0127799659
65575 0.0123852660
65579 0.0108675041
65599 0.0089550802
65768 0.0073662006
65836 0.0064015194
65915 0.0057687044
66078 0.0055811386
66110 0.0043280627
66203 0.0039302869
66204 0.0036317601
66304 0.0034060393
66528 0.0034019428
66573 0.0029301288
66582 0.0023293661
66974 0.0019371286
66978 0.0016517107
67157 0.0012124549
67466 0.0006696031
67658 0.0005235305
67850 0.0005164466
68156 0.0004913167
68201 0.0003676657
68389 0.0003465670
68420 0.0002960752
68439 0.0002032032
68775 0.0001471435
68897 0.0001287203
69275 0.0000943911
69430 0.0000924365
69516 0.0000876432
69533 0.0000835142
69591 0.0000800874
69608 0.0000774517
69671 0.0000634205
69725 0.0000436549
69933 0.0000388541
70042 0.0000272309
70177 0.0000225125
70389 0.0000203037
70391 0.0000199101
70400 0.0000154780
70524 0.0000141632
70583 0.0000095663
70795 0.0000080880
70964 0.0000076725
70991 0.0000069545
71009 0.0000050941
71027 0.0000048870
71359 0.0000029247
71554 0.0000020172
71712 0.0000016820
71874 0.0000014569
71944 0.0000013417
72098 0.0000012497
72099 0.0000012471
72160 0.0000010674
72259 0.0000007545
72501 0.0000007523
72527 0.0000006696
72564 0.0000006224
72703 0.0000005872
72757 0.0000005191
72816 0.0000004923
72843 0.0000004765
72881 0.0000004753
72891 0.0000003567
72896 0.0000002525
72998 0.0000001661
73347 0.0000001492
73471 0.0000001287
73483 0.0000000950
73517 0.0000000940
73568 0.0000000763
73643 0.0000000715
73843 0.0000000558
73856 0.0000000484
74021 0.0000000445
74048 0.0000000444
74074 0.0000000395
74111 0.0000000373
74117 0.0000000361
74152 0.0000000291
74185 0.0000000242
74287 0.0000000180
74349 0.0000000171
74354 0.0000000167
74581 0.0000000162
74582 0.0000000162
74594 0.0000000131
74655 0.0000000102
74687 0.0000000089
74823 0.0000000062
74975 0.0000000047
75101 0.0000000037
75241 0.0000000037
75322 0.0000000034
75353 0.0000000029
75414 0.0000000026
75452 0.0000000021
75518 0.0000000017
75587 0.0000000016
75690 0.0000000012
75711 0.0000000010
75925 0.0000000008
75958 0.0000000006
76001 0.0000000005
76091 0.0000000005
76113 0.0000000005
76124 0.0000000004
76233 0.0000000004
76241 0.0000000002
76320 0.0000000002
76570 0.0000000002
76630 0.0000000002
76693 0.0000000002
76760 0.0000000002
76779 0.0000000002
76834 0.0000000001
76858 0.0000000001
76864 0.0000000001
76897 0.0000000001
76903 0.0000000001
76923 0.0000000001
77040 0.0000000000
77250 0.0000000000
77310 0.0000000000
77403 0.0000000000
77646 0.0000000000
77705 0.0000000000
77755 0.0000000000
77758 0.0000000000
77975 0.0000000000
78004 0.0000000000
78209 0.0000000000
78252 0.0000000000
78330 0.0000000000
78491 0.0000000000
78500 0.0000000000
78584 0.0000000000
78703 0.0000000000
78708 0.0000000000
78794 0.0000000000
78813 0.0000000000
78823 0.0000000000
78887 0.0000000000
79027 0.0000000000
79115 0.0000000000
79126 0.0000000000
79191 0.0000000000
79218 0.0000000000
79318 0.0000000000
79528 0.0000000000
79579 0.0000000000
79703 0.0000000000
79730 0.0000000000
79760 0.0000000000
79945 0.0000000000
80043 0.0000000000
80170 0.0000000000
80450 0.0000000000
80588 0.0000000000
80714 0.0000000000
81032 0.0000000000
81175 0.0000000000
81180 0.0000000000
81989 0.0000000000
82453 0.0000000000
evaluations raw_y
1 1563810.0639822236
2 1559661.0756733455
5 777089.1790513133
8 390367.1798912455
37 143293.5875158512
45 81210.2705867179
147 79094.7553276093
154 58811.8760098561
907 44554.1765703830
976 43822.6644590287
1098 43738.0659538223
1161 39212.8412783830
1166 38592.6047693939
1201 23257.6374854407
1238 17151.0713361800
1261 15445.0738466600
1299 10218.4252711623
1516 10096.2046875642
1527 9620.5415994094
1564 2955.8250975184
1610 2888.0026657606
1943 2665.5911307456
1946 2294.6440929073
1979 1793.5661883780
2158 1246.6812418207
2212 1243.2145820435
2305 994.4835440543
2504 937.2930488147
2507 918.0851487734
2561 591.4807058294
2969 547.7708407297
3006 512.4816827400
3118 440.9900286788
3338 419.9483089935
3364 329.0974887014
3658 274.5968471655
3889 241.8861912601
4125 222.6882714111
4465 205.6791560048
4519 187.8599208619
4789 174.7928596342
5385 170.4267710085
5454 164.6842063540
5474 163.6276851514
5565 161.6885503509
5566 160.4537347425
5618 158.9891807181
5658 158.0490712964
5784 151.2075530713
5873 144.3381482325
5897 144.2317907004
6008 142.9500638495
6089 135.3035517449
6446 133.7801789862
6521 128.5326232259
6710 114.8824020711
7687 114.7863867396
8006 112.3206366008
8076 109.0403533704
8356 106.4316402665
8623 106.3381510493
8676 106.1778148946
8991 103.5578467451
9300 102.6888149284
9444 102.3457869342
9469 100.9446385024
9540 100.3595619828
9657 99.1763129203
9688 98.8345790218
9998 97.0343461828
10539 96.6834277548
10584 96.1975113572
10683 96.1089797343
10700 95.8628633489
10710 95.7403640957
10840 95.4210087114
10965 95.2568486354
11047 95.1831058326
11068 94.6345946601
11455 94.5816149411
11744 94.5705129750
11757 94.2395141308
12286 94.1524532978
12308 94.0603087876
12441 93.9828738972
12801 93.8173914560
13157 92.7254647362
13550 92.6818808222
13746 92.5343411520
13767 91.8850154994
13929 91.2016206139
13994 90.5965210795
14171 90.5306075831
14387 88.8697938589
15137 88.3565359750
15236 88.1685505151
15368 85.0288252783
15430 83.0960078607
15438 81.9477614358
15442 80.1187110985
15564 78.1535027975
15580 77.4198717112
15619 74.3529091399
15665 71.9580747656
15848 70.5840584675
15888 61.0661351108
15892 58.4828209864
16015 51.4497564377
16859 37.3646862432
17285 36.8224037538
17345 36.7244306941
17360 35.5254700032
17411 27.6550860070
17865 26.6182214506
17879 26.3297093967
18002 24.9243114981
18122 24.1889179448
18393 22.6393346416
18395 21.9114009828
18608 21.2002205368
18796 19.9866575590
19110 19.8323076268
19168 19.6272115598
19189 19.4439726408
19240 19.4259090363
19305 19.3881672005
19371 19.1017735573
19397 19.0980560397
19495 18.9541792073
19558 18.9097294995
19588 18.5866656573
20012 18.3228544685
20156 18.1848461780
20424 18.1536679610
20691 18.1367259159
20735 18.1169307714
20841 18.0545264861
20882 18.0398956736
20907 18.0119603875
21289 17.9448137596
21544 17.8679061070
21655 17.8460457777
21702 17.7830438821
21711 17.7263322651
22138 17.6759268885
22644 17.6317508194
22720 17.5528373983
22800 17.5231592750
22939 17.5216253256
23100 17.4206524758
23389 17.3710627468
23703 17.2043059648
24112 17.1351680974
24238 16.9806091642
24263 16.9337963206
24617 16.9274839458
24833 16.8350088271
24895 16.7744961781
25012 16.7742670783
25038 16.7707020687
25147 16.7698144480
25195 16.7683645564
25287 16.6884358143
25299 16.6283466727
25341 16.5197805414
25440 16.4951421889
25443 16.4937709806
25580 16.4761743404
25740 16.4689995890
26091 16.4190273721
26092 16.3930054549
26284 16.1682555560
26972 16.0910829590
27288 15.9923607108
27301 15.9796372671
27528 15.9337377836
27669 15.8916530604
27729 15.7301012709
27783 15.6621571839
27954 15.5559574051
28441 15.5424532957
28618 15.4221065906
28707 15.3766403371
28923 15.3662117421
28974 15.3228526721
29052 15.2978156549
29109 15.1894465005
29211 15.1884327443
29535 15.1651700931
29613 14.9736338000
30686 14.9319668001
30802 14.8968701854
30826 14.6943074162
30915 14.6194380319
30957 14.5004205436
31314 14.4485300484
31515 14.4050455541
31565 14.4024025362
31772 14.1520417056
31883 14.0079929722
32256 13.9815642835
32383 13.9400192150
32402 13.9356657164
32529 13.8911285728
32574 13.8715399105
32701 13.8354463615
32877 13.8286645942
33004 13.6919032769
33219 13.6888563464
33260 13.6796015887
33324 13.6778358105
33427 13.6740442705
33452 13.5075493328
33673 13.3552695589
33872 13.3258438687
34771 13.3030934800
34810 13.2004965282
34873 13.0455900873
35109 12.9736035856
35224 12.8320413768
35805 12.6982920209
35828 12.6538810262
35923 12.6397478426
35960 12.6041073877
36057 12.5205364160
36154 12.4793378540
36215 12.4660834442
36609 12.4567335033
36653 12.4564159538
36835 12.3975943044
36888 12.3835983008
37026 12.2019754839
37037 12.1621188299
37128 12.1079627091
37144 12.0936320631
37199 12.0623674467
37289 11.9765210363
37827 11.9721646070
37851 11.9165683410
37961 11.7962378121
38064 11.7530344946
38090 11.7125877587
38544 11.6059009591
38665 11.4953074293
39159 11.4933870488
39172 11.4523821105
39182 11.3595548907
39488 11.2908768131
39616 11.2714001140
39728 11.2538533848
39846 11.2418167780
39915 11.2249981395
40021 11.1830002383
40031 11.0750529341
40232 10.9960660189
40261 10.9320470154
41105 10.7818980265
41394 10.7430518669
41465 10.6101972557
41974 10.3486077514
42620 10.3228341992
42718 10.2618022352
42785 10.0794452801
42877 10.0168263154
43321 9.9970990556
43366 9.9114456998
43528 9.8312131744
43762 9.7056990685
43921 9.7022109656
44304 9.6160539989
44312 9.5949846519
44673 9.5522081935
44710 9.5371474425
44785 9.4805541356
45048 9.4725834655
45071 9.4505440017
45162 9.2973020903
45207 9.2526338497
45272 9.2520310946
45392 9.2420112004
45490 9.1563050972
45979 9.1372556306
45994 9.1314594028
46075 9.0910333389
46138 9.0742672779
46217 9.0707144419
46312 9.0671641047
46379 9.0604488784
46391 8.9161335479
46405 8.9073372453
46443 8.8970719455
46527 8.7829248597
46767 8.7302553213
47583 8.6790745698
47743 8.6336558226
47828 8.5814504801
47972 8.4900898109
48153 8.4867566505
48319 8.3335764605
48630 8.2320268575
49014 8.1647257369
49379 8.1125767221
49393 8.1110022299
49472 8.0565322934
49620 8.0026558550
49696 7.9833923532
49988 7.9485608387
50070 7.8550079044
50320 7.8531747332
50398 7.8339592668
50613 7.7923009905
50644 7.7225045306
50677 7.6271361704
50740 7.5812672774
50986 7.5373377187
51129 7.4028640002
51634 7.2843448854
51655 7.2677209562
51729 7.2384897861
51884 7.1485711483
52485 7.0086650323
52753 6.9695180153
52779 6.8627161145
53367 6.7917615963
53637 6.7631196566
53936 6.7600976189
53946 6.6805562392
53986 6.6778490150
54045 6.6252090558
54299 6.5340676259
54323 6.3665107055
54779 6.3122887699
54816 6.3091875944
55190 6.2195163117
55385 6.1265338341
55735 6.0992549021
55756 6.0417856465
56116 5.9352369927
56478 5.8521457084
56972 5.7815178389
57082 5.6657104951
57276 5.4852413758
57390 5.4433296817
57628 5.3324244631
57656 5.3011528547
57729 5.2341847055
58074 5.2304491205
58083 5.2122927800
58124 5.1558849703
58287 5.1171724538
58307 5.0991351780
58637 5.0195574816
58807 5.0105452343
58907 5.0063478929
59018 4.9477639763
59377 4.8052638090
59581 4.7216151961
59668 4.6328019409
59790 4.5328077361
60116 4.4818529052
60132 4.4538726709
60173 4.4416927558
60482 4.4219556648
60683 4.4196346552
60865 4.2939737898
60982 4.1432102918
61441 4.0426176206
61795 4.0414146479
61810 3.9098206429
61825 3.8412392655
62184 3.8363463225
63031 3.7738777999
63047 3.6683721396
63069 3.6159546199
63323 3.4617318444
63674 3.4312612127
63726 3.4195139836
63751 3.3795056645
63790 3.3513357117
63822 3.2597329311
63848 3.2540608270
63879 3.1608330381
64433 3.1024473754
64513 3.1007735295
64596 3.0660495759
64631 3.0205702165
64719 2.9583673546
64796 2.8322579912
65218 2.6365745362
65556 2.5068633483
65844 2.4850397396
65978 2.3534748492
66359 2.3223288524
66383 2.2688141244
66448 2.2241263965
66581 2.2081242745
66619 2.2070745215
66752 2.1856377067
66791 2.1459804351
67082 2.1245320669
67087 2.1076285389
67197 2.1018187884
67230 2.0970220926
67281 1.9713811684
67918 1.9645863592
67958 1.8599820457
68016 1.8205330472
68062 1.6572405983
68391 1.6267362498
68698 1.5432965728
68826 1.5401525613
69191 1.5381471130
69228 1.5312041764
69249 1.3380542635
69605 1.3254682432
69938 1.3179529090
69940 1.2120322127
70238 1.2099962854
70257 1.1610386243
70531 1.0060259874
71185 0.9662499055
71359 0.9577267419
71393 0.9218809867
71507 0.9110445393
71545 0.8346836556
71600 0.8342841483
71603 0.8261244913
71718 0.8252593924
71867 0.8083202991
71892 0.7961658664
71908 0.7903702290
71929 0.6929680189
72050 0.6740894442
72871 0.6704744024
72913 0.6283792718
72939 0.6228312018
72955 0.5872213612
72956 0.5830071908
72989 0.5825943350
73032 0.5496894237
73145 0.5208980162
73149 0.5164859670
73200 0.5110289863
73297 0.5045043821
73302 0.4604670282
73401 0.4413150987
73525 0.4295342694
73606 0.3968329503
73800 0.3669404404
74164 0.3627003849
74331 0.3503215565
74406 0.3491143821
74654 0.3422219021
75049 0.2874442064
75586 0.2772286454
75742 0.1796290295
76411 0.1656403193
76678 0.1641438532
76703 0.1575018218
76859 0.1486169220
76865 0.1479019176
76954 0.1370848417
77127 0.1144862056
77346 0.0987211726
77387 0.0927947789
77677 0.0908422185
77696 0.0897021655
77828 0.0803709260
77924 0.0780804110
78083 0.0693108845
78403 0.0677958302
78551 0.0661019559
78561 0.0638124394
78694 0.0573400433
78824 0.0539965721
78839 0.0458580814
78963 0.0454099151
78966 0.0440157705
79148 0.0411434023
79234 0.0371596893
79445 0.0315367630
79538 0.0313772275
79883 0.0243676821
80259 0.0219578989
80765 0.0186152073
81000 0.0170391317
81036 0.0155971934
81199 0.0142240020
81207 0.0140538227
81235 0.0120230495
81437 0.0107148253
81439 0.0101541365
81625 0.0098917064
81797 0.0087176563
81858 0.0085487503
81884 0.0057459152
82137 0.0053907493
82145 0.0052864939
82179 0.0051007206
82342 0.0041360122
82623 0.0039759497
82633 0.0031378292
82684 0.0027574250
82748 0.0027572661
82760 0.0019360173
83164 0.0018357390
83403 0.0016899718
83472 0.0014808190
83501 0.0014520219
83502 0.0014038707
83559 0.0013135380
83584 0.0009442884
83687 0.0008493875
83759 0.0008410450
83931 0.0007689616
84151 0.0007283666
84196 0.0006974925
84232 0.0005044238
84314 0.0003638392
84337 0.0003626765
84441 0.0003060244
84733 0.0002741689
84921 0.0001739797
85037 0.0001423861
85258 0.0001158227
85338 0.0001096794
85469 0.0001051585
85491 0.0000880885
85622 0.0000653151
85625 0.0000472944
85705 0.0000450549
86038 0.0000322487
86158 0.0000261506
86344 0.0000179434
86558 0.0000127537
86960 0.0000083003
87223 0.0000051068
87591 0.0000044300
87667 0.0000042217
87680 0.0000041581
87723 0.0000040004
87744 0.0000032283
87752 0.0000032088
87765 0.0000017405
88503 0.0000013453
88577 0.0000012870
88630 0.0000011087
88632 0.0000008750
88647 0.0000006695
88847 0.0000004819
89152 0.0000004069
89157 0.0000003375
89201 0.0000002465
89368 0.0000002352
89517 0.0000001844
89649 0.0000001788
89653 0.0000001753
89656 0.0000001599
89689 0.0000001521
89713 0.0000001159
89755 0.0000000943
90056 0.0000000808
90101 0.0000000764
90194 0.0000000700
90244 0.0000000445
90297 0.0000000399
90391 0.0000000366
90403 0.0000000221
90620 0.0000000175
90789 0.0000000160
90927 0.0000000135
90948 0.0000000089
91233 0.0000000066
91306 0.0000000060
91398 0.0000000038
91745 0.0000000037
91765 0.0000000033
91799 0.0000000033
91834 0.0000000025
91975 0.0000000023
92023 0.0000000023
92061 0.0000000020
92091 0.0000000018
92147 0.0000000017
92151 0.0000000016
92177 0.0000000015
92266 0.0000000014
92275 0.0000000013
92325 0.0000000010
92542 0.0000000008
92620 0.0000000006
92683 0.0000000004
92806 0.0000000004
92854 0.0000000004
92979 0.0000000004
92997 0.0000000004
93015 0.0000000002
93095 0.0000000002
93102 0.0000000002
93244 0.0000000002
93329 0.0000000002
93350 0.0000000002
93386 0.0000000002
93421 0.0000000002
93434 0.0000000001
93634 0.0000000001
93635 0.0000000001
93708 0.0000000000
93801 0.0000000000
93823 0.0000000000
94068 0.0000000000
94105 0.0000000000
94407 0.0000000000
94450 0.0000000000
94461 0.0000000000
94466 0.0000000000
94472 0.0000000000
94783 0.0000000000
94834 0.0000000000
94855 0.0000000000
94949 0.0000000000
94951 0.0000000000
94984 0.0000000000
95062 0.0000000000
95133 0.0000000000
95405 0.0000000000
95574 0.0000000000
95584 0.0000000000
95645 0.0000000000
95741 0.0000000000
95853 0.0000000000
95923 0.0000000000
95996 0.0000000000
96124 0.0000000000
96248 0.0000000000
96280 0.0000000000
96296 0.0000000000
96419 0.0000000000
96534 0.0000000000
96653 0.0000000000
96755 0.0000000000
96846 0.0000000000
96965 0.0000000000
97238 0.0000000000
97678 0.0000000000
98016 0.0000000000
98798 0.0000000000
evaluations raw_y
1 1344979.2810486015
2 1121210.5551739989
3 639072.6818704157
5 432493.1544718778
12 354556.6524084584
30 339259.8692074386
31 322586.4413072658
32 226655.3804696354
69 169083.4013932214
73 134206.0105653872
78 132139.9834938369
91 56875.5076850196
187 44077.9854477366
1067 38715.8709312264
1121 30118.1004637724
1122 29884.2509056927
1127 26366.3529962938
1152 24867.4052325072
1177 23972.1933275872
1183 20098.9960687065
1237 16610.9464258202
1242 6653.7070769757
1314 4217.0343835866
1416 2114.2401860256
1751 1991.3609829810
1774 1824.0497814576
1822 1799.1923081318
1851 1411.8964086328
1855 1407.1847448693
1926 1192.8575676220
2020 1121.3791453353
2027 1068.0646347346
2051 889.5224286719
2101 772.4771191295
2149 645.6620455265
2210 569.6437621689
2218 562.2006068158
2241 344.4088568133
2280 236.8554655489
2430 228.7562402561
2516 215.2750254764
2530 168.5348824559
2708 138.7099403153
2860 110.2481938197
3076 109.2538375691
3106 76.2539530077
3255 66.6008837139
3417 57.1219971401
3427 44.5790369062
3630 38.9451133450
3740 38.4464349152
3815 37.7600074219
3882 31.9337287917
4027 30.4462242029
4050 28.8501244110
4128 27.3098844428
4213 27.0811068629
4216 25.8988456051
4425 25.6941789291
4450 24.0102212857
4474 23.0550430330
4571 21.7142468643
4660 21.6755824764
4708 21.4652601057
4725 21.2755098596
4805 20.9017119630
4862 20.0734587726
4945 19.8340409125
5119 19.7645340468
5229 19.2542942103
5315 19.1498301912
5336 19.0261414081
5359 19.0202011115
5475 18.9909880860
5490 18.9634726668
5502 18.8532303379
5577 18.8481260722
5605 18.8405306751
5637 18.7241084636
5720 18.6130663296
5727 18.6038844969
5755 18.5520849574
5761 18.5170278881
5773 18.4586549831
5876 18.3875102205
5938 18.3156812328
5971 18.2397020940
6258 18.2359111673
6322 18.2328439139
6433 18.2293237708
6598 18.1721279760
6644 18.0928113627
7009 17.9196344471
7334 17.8548049002
7854 17.6489500133
8173 17.5840976155
8200 17.5668680050
8419 17.3532950019
8622 17.1825749892
9127 17.1399881720
9659 17.1078711444
9767 16.9122142059
9820 16.8973321740
9934 16.5911661491
10194 16.5823013340
10225 16.5762174591
10272 16.4664351188
10286 16.3679150067
10658 16.3616092481
10787 16.3038130824
10884 16.2734264574
10957 16.1960899556
11035 16.1172599135
11135 16.1093177065
11140 15.8662352063
11275 15.8298764609
11889 15.8116105458
11893 15.6433436418
11928 15.4939417801
11988 15.3436723956
12800 15.3019460410
12907 15.1490007030
13054 14.8461228715
13300 14.8323031392
13736 14.8315641401
13787 14.8002957197
13896 14.7016564266
13991 14.6394218906
14046 14.6276001781
14048 14.5934129828
14058 14.4843241941
14350 14.3782078971
14583 14.2545247071
14925 14.1595974544
14970 14.1479291248
14995 14.1138335236
15127 14.0403387570
15170 14.0329663854
15617 13.9190923865
15669 13.8819471086
15678 13.7988071734
15972 13.7295313324
15991 13.7069832502
16062 13.6789952269
16119 13.5117912662
16661 13.3929119104
17033 13.2420213895
17232 13.1337206936
17254 13.1259589815
17416 13.1165682599
17745 12.9717182657
17999 12.8891435609
18264 12.6938554442
18476 12.6850594231
18555 12.6728744092
18629 12.6693519904
18869 12.5818003224
18921 12.5087478987
18931 12.4772119545
18992 12.3796894471
19434 12.3150906458
20024 12.2832429449
20155 12.1770780773
20441 12.1048985525
20473 12.0295190709
20848 11.9787564753
20909 11.9620016561
20912 11.9494219359
21050 11.8781852976
21483 11.8507532453
21598 11.7177968836
21797 11.7083416762
21873 11.6826659822
21932 11.6606002730
21992 11.6177469768
22035 11.4775121402
22284 11.4446183694
22338 11.4121036837
22627 11.3849135412
22634 11.3656956183
22644 11.3433249479
22772 11.3313724647
22845 11.2714349979
23021 11.2482620095
23050 11.1444779939
23482 11.0943032974
23486 10.9319915755
23613 10.7447500695
24280 10.6583056988
24945 10.5329396282
25237 10.4810058053
25253 10.4115839065
25389 10.2661033088
25642 10.2201740373
25664 10.1883806547
25672 10.1262336360
25935 10.0199283269
26019 9.9294475497
26288 9.9218897544
26298 9.8275982352
26587 9.7409485904
27005 9.7292314973
27115 9.6812198505
27319 9.5670832961
27798 9.5125629889
27926 9.4769982510
27937 9.3944311163
28130 9.2465106536
28684 9.1841008493
28799 9.0676601700
29009 9.0105007186
29087 9.0102736466
29200 8.9446201208
29851 8.8760332660
30163 8.8468391516
30179 8.6722450087
30219 8.6239687066
30241 8.5982415614
30322 8.5703918171
30392 8.4757923966
30764 8.4676621836
30936 8.4518366554
30951 8.3967702959
31135 8.3481411507
31474 8.3360447406
31555 8.2240316546
31795 8.1292086475
32472 8.0456551656
32493 7.9694493007
32610 7.9471230623
32713 7.9178126817
33036 7.8843417600
33094 7.8771749362
33111 7.7848803557
33220 7.7362242108
33221 7.6766360770
33232 7.5326433650
33647 7.4979425774
33934 7.4137793471
34054 7.3963202794
34220 7.3074581689
34372 7.2425744092
34588 7.1151072204
34900 6.9729026916
35215 6.8656295232
35301 6.8133521827
35842 6.7790685164
35879 6.5787714883
36154 6.5232819356
36508 6.3704881472
36948 6.2724888017
37219 6.2468154503
37267 6.2430129064
37438 6.2059249377
37442 6.1508226503
37509 6.1193650321
37655 6.0909035844
37756 6.0526736893
37781 5.9208830232
38165 5.8713688044
38676 5.8187902615
38736 5.7424127211
38784 5.7078528229
38992 5.5974816253
39229 5.5939785737
39283 5.4608977547
39644 5.4074249160
40245 5.3860649109
40477 5.3501966710
40588 5.3323620363
40605 5.2970441820
40658 5.2167587968
40674 5.2061553665
40879 5.1496986328
41029 4.9129865418
41178 4.8651522527
41535 4.8327482464
41687 4.8299725744
41779 4.7972864748
41834 4.7614691756
41968 4.6629208968
42404 4.4091259779
42850 4.4043074641
42972 4.3987833301
42995 4.3724756177
43010 4.3672221106
43126 4.3620804873
43133 4.1762122109
43350 4.1490621139
44035 4.1033113856
44115 4.0840130614
44297 4.0757970995
44456 4.0061272677
44531 3.8946275946
44665 3.8279574147
44854 3.8244773916
44908 3.7605443295
44936 3.7083329148
45054 3.6417474044
45161 3.5918997206
45558 3.5801161241
45565 3.5404900948
45719 3.4463298398
46141 3.3375694164
46495 3.2980426324
46670 3.2617760507
46742 3.2549297108
46844 3.2226450042
46898 3.0482567662
46930 3.0447546638
47759 2.8613535287
47765 2.8513842160
47863 2.8289457715
47867 2.7768713247
48358 2.7744670030
48407 2.6772679680
48451 2.6417849957
48556 2.6360989982
48562 2.5450379078
48891 2.5063678546
49021 2.4885558202
49085 2.4868859971
49179 2.4830476904
49191 2.3838705912
49283 2.3198163213
49489 2.2530872496
49757 2.1818477630
50062 2.1760071897
50357 2.0549823085
50405 2.0059360196
51059 1.7252797571
51452 1.7236097408
51488 1.7007977528
51495 1.6115445123
51931 1.5670237208
52087 1.5414066693
52201 1.5351974998
52230 1.4963962417
52273 1.4629038622
52287 1.3494582072
52307 1.3413057682
52722 1.3238827611
52815 1.3048415670
52834 1.2266708766
53252 1.2124637176
53287 1.1857263217
53351 1.1278113830
53651 1.1237062497
53703 1.0620390021
53965 1.0300472272
54060 1.0253350556
54143 1.0025188819
54244 1.0000909638
54295 0.9966717012
54351 0.9751911422
54418 0.9731843105
54442 0.9420774939
54511 0.9333594886
54563 0.9003880775
55046 0.8631660277
55183 0.8303187359
55717 0.8270491499
55730 0.8189327883
55817 0.8168009730
55829 0.6693699928
56139 0.6577571043
56256 0.6434227096
56493 0.6387724512
56523 0.6145798188
56722 0.5700947051
56849 0.5399197495
57197 0.4956196725
57357 0.4944483261
57620 0.4890924875
57813 0.4577668066
57862 0.4565015459
57880 0.4279355024
58016 0.4051260021
58178 0.4045905526
58427 0.3560152408
58494 0.3524347766
58829 0.3300379683
59008 0.2849576373
59132 0.2660231738
59295 0.2365685564
59503 0.2292563844
59557 0.2245861416
59586 0.2142235587
59895 0.2061545924
60092 0.2014553272
60138 0.1894769223
60148 0.1636089825
60454 0.1549095729
60579 0.1446044973
60624 0.1342735152
60726 0.1155120320
61146 0.1120488972
61622 0.1100635790
61663 0.1087808044
61723 0.0862601624
61771 0.0837188543
62373 0.0794387495
62585 0.0577792019
62641 0.0566040532
62900 0.0452509002
62997 0.0414297877
63291 0.0395829822
63819 0.0383129852
63895 0.0377164628
63924 0.0311048298
64118 0.0299506590
64137 0.0189461948
64341 0.0167227302
64569 0.0155850187
64726 0.0106585413
64848 0.0106290000
65069 0.0105096045
65112 0.0103107779
65162 0.0077471414
65426 0.0071605269
65674 0.0070259757
65762 0.0069564413
65831 0.0054703512
65845 0.0049547883
66034 0.0044224617
66050 0.0031418273
66696 0.0026668304
66794 0.0026590738
66829 0.0023774050
66831 0.0015181830
66949 0.0012888343
67114 0.0012470377
67338 0.0009303735
67415 0.0008820823
67527 0.0007839681
67763 0.0007304189
67976 0.0007112220
68011 0.0005544553
68144 0.0005352510
68185 0.0002885769
68356 0.0002871261
68443 0.0002068695
68454 0.0001846325
68754 0.0001614519
68836 0.0001571568
68862 0.0000895404
69184 0.0000631879
69363 0.0000613167
69515 0.0000597896
69590 0.0000587040
69638 0.0000544666
69650 0.0000513251
69734 0.0000497939
69735 0.0000416835
69830 0.0000326344
69843 0.0000319683
69844 0.0000319030
69908 0.0000297409
69966 0.0000258872
70029 0.0000247926
70030 0.0000147140
70078 0.0000136506
70246 0.0000099443
70605 0.0000093420
70640 0.0000071431
70644 0.0000047960
70874 0.0000045288
70892 0.0000045033
70973 0.0000037884
71070 0.0000035397
71147 0.0000035233
71187 0.0000032199
71206 0.0000030162
71247 0.0000021460
71327 0.0000018156
71559 0.0000015872
71702 0.0000015175
71790 0.0000014321
71804 0.0000010553
71896 0.0000009493
72028 0.0000006521
72106 0.0000005162
72281 0.0000004088
72485 0.0000004042
72488 0.0000003652
72604 0.0000003499
72609 0.0000003422
72658 0.0000003051
72692 0.0000002600
72744 0.0000001975
72980 0.0000001291
73108 0.0000001177
73194 0.0000000810
73318 0.0000000774
73415 0.0000000668
73476 0.0000000581
73627 0.0000000514
73716 0.0000000511
73747 0.0000000444
73800 0.0000000399
73873 0.0000000363
73963 0.0000000301
73981 0.0000000273
74025 0.0000000269
74085 0.0000000167
74128 0.0000000167
74184 0.0000000132
74224 0.0000000118
74314 0.0000000097
74341 0.0000000073
74446 0.0000000063
74763 0.0000000050
74820 0.0000000050
74864 0.0000000036
74884 0.0000000035
74944 0.0000000029
74989 0.0000000027
75003 0.0000000023
75224 0.0000000020
75386 0.0000000017
75530 0.0000000011
75612 0.0000000007
75726 0.0000000007
75819 0.0000000006
75879 0.0000000005
75978 0.0000000005
75998 0.0000000004
76106 0.0000000003
76178 0.0000000003
76230 0.0000000003
76261 0.0000000002
76394 0.0000000001
76456 0.0000000001
76632 0.0000000001
76750 0.0000000001
76789 0.0000000001
76887 0.0000000000
76966 0.0000000000
76970 0.0000000000
77000 0.0000000000
77249 0.0000000000
77437 0.0000000000
77582 0.0000000000
77605 0.0000000000
77794 0.0000000000
77881 0.0000000000
77935 0.0000000000
78098 0.0000000000
78321 0.0000000000
78431 0.0000000000
78432 0.0000000000
78479 0.0000000000
78660 0.0000000000
78736 0.0000000000
78858 0.0000000000
78882 0.0000000000
79028 0.0000000000
79029 0.0000000000
79197 0.0000000000
79305 0.0000000000
79366 0.0000000000
79375 0.0000000000
79401 0.0000000000
79501 0.0000000000
79607 0.0000000000
79653 0.0000000000
80061 0.0000000000
80413 0.0000000000
80942 0.0000000000
81631 0.0000000000
82435 0.0000000000
evaluations raw_y
1 2022616.5678165092
2 783522.3369645958
5 194116.6782205065
16 139517.0806701229
73 133175.9104650931
97 125924.9140875977
129 74448.0444278093
187 50558.2098848225
274 35399.4277843805
737 20563.6679705253
865 15148.4730291199
1009 13742.3939121934
1083 12119.3164461734
1094 11102.8187454342
1189 8654.6614111507
1306 7932.4660757511
1358 6077.0889409065
1371 5586.0705622144
1408 3717.8253310157
1535 2961.9616376481
1600 2748.5294240509
1613 2282.4084874722
1716 1467.1017549539
1922 1103.3649520852
1971 794.0213163961
2297 369.9847486742
2807 348.6335161198
2983 317.9989860298
3053 251.1326195121
3284 233.2183602576
3357 218.0994532549
3460 139.9061999844
3788 139.3387960461
3895 136.6899482443
3943 123.5937386975
3971 87.7599676986
4174 84.1645734111
4195 60.0211133387
4417 48.8627898547
4607 45.7602115649
4653 42.5722206404
4704 38.7076863595
4736 37.4116050749
4872 30.5457085041
5154 30.1984813793
5158 26.7749622099
5301 26.1054542210
5302 25.8942170901
5386 23.6965701793
5577 23.5145376980
5580 23.1271383073
5621 20.5918538229
5867 20.4439597079
6015 19.9092099928
6082 19.6329420764
6473 19.4448227536
6528 19.2307334077
6565 18.7430834021
6842 18.6934324587
6994 18.5588894003
7198 18.5208902582
7215 18.4574097555
7276 18.3651876240
7526 18.0569777544
8033 17.9407354132
8180 17.8373750501
8248 17.7007646734
8380 17.6900067490
8438 17.6584162967
8584 17.6501055359
8607 17.5399617657
8708 17.5278434360
8995 17.4027382040
9779 17.3834502958
9940 17.3262664832
10007 17.2218145581
10047 16.8432330247
10721 16.4618930948
10771 16.4188930018
11192 16.4119822394
11219 16.2389155686
11357 15.9614852956
12031 15.7951495211
12211 15.7040684513
12295 15.5974190027
12892 15.4755082271
12973 15.3303535413
13227 15.3287704708
13270 15.2859153590
13293 15.2141267379
13314 15.1918518655
13794 15.0246870150
14117 15.0205058758
14136 15.0000152565
14137 14.7543511776
14169 14.7179433301
14196 14.6795265195
14566 14.6733724151
14653 14.6443054314
14680 14.5817451753
14683 14.5699064767
14727 14.5552728778
14769 14.4589681103
14823 14.4311282088
14987 14.2456722529
15451 14.2213346362
15703 14.1374455232
15709 14.1292075749
15791 14.0039320200
16056 13.8743802656
16158 13.8051175392
17038 13.5507178649
17540 13.5111663541
17667 13.4598406273
17847 13.3794847104
17981 13.3702737021
18030 13.3640274986
18044 13.2752865769
18132 13.2620323379
18252 13.2265004823
18592 13.1703153917
18726 12.9957562605
18909 12.9919801503
18954 12.9733699175
19059 12.9129064779
19433 12.9124302527
19840 12.8820227029
19856 12.8014529935
19884 12.7995865805
19935 12.7962995556
20043 12.7939288513
20075 12.7457005497
20077 12.6608749441
20220 12.6166770416
20241 12.5975009036
20269 12.5740666733
20311 12.5020177767
20359 12.4934503956
20498 12.4622225655
20725 12.4209920316
21014 12.3461943488
21061 12.2066586790
21681 12.1789652132
21700 12.0487621830
21789 11.9982486145
21884 11.8951829067
21981 11.7733778231
22529 11.7661176895
22689 11.5644812618
23032 11.4716185395
23140 11.4459007463
23241 11.4073903408
23425 11.3714192025
23476 11.3514189490
23524 11.3339234055
23568 11.1716638359
23839 11.0636733688
23983 11.0372218524
24016 10.8620623242
24682 10.8360624887
24747 10.6829971374
25047 10.6729399946
25358 10.6720988255
25567 10.5710841348
25629 10.5581396438
25743 10.5532853392
26090 10.4783646893
26105 10.4567113224
26155 10.3352853547
26367 10.2976176470
26527 10.2200532532
26543 9.9418186578
27258 9.9119424326
27786 9.8694382709
27811 9.6349416544
27883 9.6206864916
28122 9.5461428796
28190 9.5374883247
28212 9.4563840324
28764 9.4114163718
28780 9.2864415575
28907 9.2010695557
29021 9.1894738015
29053 9.1723373950
29157 9.1568779324
29216 9.1178463694
29306 9.0608029420
29354 9.0414842995
29408 9.0219125073
30049 8.9013972090
30146 8.7771224218
30298 8.7591504180
30372 8.6780914730
30543 8.6167332105
30966 8.5410418938
31365 8.4483383724
31502 8.3492397674
31517 8.3391035852
31690 8.2843658140
31744 8.2695123499
31948 8.0777149718
32006 7.9789856919
32597 7.8722084005
32939 7.7951172381
32969 7.7740279035
33104 7.7602312636
33157 7.7465336851
33207 7.7098195558
33233 7.5993626978
33407 7.5789127487
34463 7.5558678695
34471 7.5241274885
34515 7.3646972617
34739 7.3553136518
34758 7.1917378355
34847 7.1473537178
34916 6.9971366941
35424 6.9967221741
35466 6.9929001543
35623 6.9311982964
35628 6.8411982208
35847 6.7225724304
36113 6.6760501388
36566 6.6583985291
36677 6.6553575036
36705 6.6490813997
36729 6.6302141049
36893 6.5319562737
36943 6.3274643724
37700 6.3005000170
37751 6.2986448305
37820 6.2639460578
37950 6.2626873355
37983 6.2023541475
38007 6.1790619320
38078 6.1268841835
38236 6.1124757973
38238 6.0974288578
38267 5.9580137246
39237 5.7314118089
40101 5.5684455015
40210 5.4911548282
40235 5.4606308151
40443 5.4118263983
40579 5.3900330220
40584 5.3655256099
40647 5.2893748301
40747 5.2352331090
41062 5.1192294652
41137 5.0072523726
41153 4.9954901645
42632 4.9884601844
42649 4.9449970760
42699 4.9353220197
42789 4.8730428314
42879 4.7442888457
43036 4.7084221548
43100 4.6165874320
43135 4.5613741414
43205 4.4328802013
43554 4.3398198001
43696 4.2887361184
43943 4.2818776280
44035 4.1443366139
44688 4.0490169226
45189 3.9265434005
45301 3.9051951397
45351 3.6468563418
45672 3.4036059147
46660 3.4020453037
46663 3.3673817412
46771 3.3512254307
46841 3.2355765768
47050 3.2255557084
47182 3.0755916529
47257 3.0461186691
47346 3.0438990643
47420 2.9892525064
47422 2.9718401888
47619 2.9510464098
47851 2.9453885017
47887 2.9324913635
47919 2.8672503586
47991 2.8086731193
48198 2.6364518767
48654 2.5764491937
48914 2.4750547045
48936 2.3954220823
49940 2.2956115489
50000 2.2072868922
50265 2.0702151811
50610 1.9706011467
50799 1.9434350675
50895 1.9144825388
51089 1.8591852433
51104 1.8391169878
51319 1.7833926159
51365 1.7362352874
51385 1.7091177230
51429 1.6481048759
51890 1.6136441853
52012 1.5666994621
52091 1.5465076978
52138 1.5415770373
52177 1.5384191844
52290 1.4709449542
52680 1.4208968713
52780 1.3906361002
52831 1.3023125546
53541 1.2868902446
53722 1.1889942880
53855 1.0486005410
54051 1.0331043947
54054 0.9767252302
54193 0.9441037556
54355 0.8638338529
54514 0.8314205381
55141 0.7598381343
55746 0.7087228859
55821 0.6796066019
55868 0.6766709710
55917 0.6213990882
56038 0.5956003919
56098 0.5497564311
56351 0.5236789188
56767 0.5215795787
56865 0.4779707909
57184 0.4524262830
57873 0.4229572941
58060 0.4221766721
58094 0.4101972408
58154 0.3913884402
58184 0.3778590088
58194 0.3734671706
58202 0.3722160948
58333 0.3655467377
58395 0.3522760688
58413 0.3462578274
58434 0.3372955298
58454 0.3208166448
58530 0.2975816186
58873 0.2898471288
58917 0.2785123146
58950 0.2754138632
59079 0.2137276543
59408 0.2100231472
59425 0.2090058508
60488 0.1915655403
60587 0.1810293524
60670 0.1751987193
60685 0.1586499001
60965 0.1549796087
60985 0.1546842478
61047 0.1160176137
61458 0.1097319584
61661 0.0991915257
61728 0.0887301811
62243 0.0777141598
62517 0.0765812091
62567 0.0455699535
63123 0.0452040208
63259 0.0362201826
63450 0.0304477349
63754 0.0292475852
63810 0.0257961743
63877 0.0239055311
64133 0.0225442628
64253 0.0204491493
64269 0.0193917862
64277 0.0177356866
64279 0.0158809226
64731 0.0154713497
64788 0.0149836988
64851 0.0144545676
65058 0.0134816716
65111 0.0119014768
65380 0.0118394434
65398 0.0112113477
65537 0.0101457861
65551 0.0094387874
65674 0.0086355699
65706 0.0073087430
65839 0.0070967123
65867 0.0062327886
65902 0.0060001054
66234 0.0053172361
66282 0.0045195438
66436 0.0028612073
66780 0.0025694686
67050 0.0024266990
67082 0.0022308294
67259 0.0022003792
67311 0.0018394520
67337 0.0015732876
67472 0.0012964224
67683 0.0012906079
67707 0.0012635152
67717 0.0012017260
67790 0.0011688348
67821 0.0006442553
68037 0.0005943491
68259 0.0005557018
68632 0.0004535522
68635 0.0004494924
68706 0.0003433902
68775 0.0003164955
68812 0.0002990663
69051 0.0002651778
69071 0.0002432570
69087 0.0002211067
69336 0.0002055800
69384 0.0001932294
69469 0.0001395375
69554 0.0000814363
69796 0.0000568595
69933 0.0000527421
69953 0.0000393207
70153 0.0000335629
70220 0.0000299549
70293 0.0000214064
70357 0.0000188944
70642 0.0000137452
70889 0.0000135556
71016 0.0000082006
71102 0.0000077314
71222 0.0000069275
71343 0.0000065393
71374 0.0000062266
71429 0.0000049117
71547 0.0000037246
71632 0.0000027753
71834 0.0000018392
71962 0.0000016836
72025 0.0000014239
72347 0.0000007704
72807 0.0000006807
72813 0.0000005821
72834 0.0000005727
72998 0.0000005445
73145 0.0000004440
73160 0.0000003774
73246 0.0000003743
73253 0.0000002265
73507 0.0000001586
73615 0.0000001324
73842 0.0000001072
73951 0.0000000837
74192 0.0000000686
74335 0.0000000346
74591 0.0000000343
74605 0.0000000335
74610 0.0000000322
74722 0.0000000235
74731 0.0000000222
74865 0.0000000192
74871 0.0000000178
74923 0.0000000170
75000 0.0000000096
75053 0.0000000094
75270 0.0000000082
75299 0.0000000071
75390 0.0000000069
75451 0.0000000043
75571 0.0000000030
75879 0.0000000024
75927 0.0000000023
75986 0.0000000020
75998 0.0000000013
76292 0.0000000013
76309 0.0000000013
76322 0.0000000011
76367 0.0000000011
76438 0.0000000011
76460 0.0000000010
76477 0.0000000009
76484 0.0000000008
76493 0.0000000007
76513 0.0000000006
76669 0.0000000005
76725 0.0000000004
76727 0.0000000004
76786 0.0000000003
76814 0.0000000003
77025 0.0000000002
77084 0.0000000002
77087 0.0000000002
77174 0.0000000002
77199 0.0000000002
77240 0.0000000001
77331 0.0000000001
77387 0.0000000001
77465 0.0000000001
77845 0.0000000000
78009 0.0000000000
78041 0.0000000000
78229 0.0000000000
78326 0.0000000000
78327 0.0000000000
78338 0.0000000000
78475 0.0000000000
78598 0.0000000000
78736 0.0000000000
78800 0.0000000000
78815 0.0000000000
78960 0.0000000000
79046 0.0000000000
79050 0.0000000000
79075 0.0000000000
79081 0.0000000000
79283 0.0000000000
79324 0.0000000000
79345 0.0000000000
79386 0.0000000000
79438 0.0000000000
79477 0.0000000000
79640 0.0000000000
79672 0.0000000000
79875 0.0000000000
79925 0.0000000000
79931 0.0000000000
79936 0.0000000000
80028 0.0000000000
80047 0.0000000000
80059 0.0000000000
80063 0.0000000000
80218 0.0000000000
80276 0.0000000000
80336 0.0000000000
80634 0.0000000000
80660 0.0000000000
80807 0.0000000000
80863 0.0000000000
81046 0.0000000000
81276 0.0000000000
81284 0.0000000000
81413 0.0000000000
81428 0.0000000000
81647 0.0000000000
81719 0.0000000000
81872 0.0000000000
81913 0.0000000000
82094 0.0000000000
82328 0.0000000000
83086 0.0000000000
83988 0.0000000000
evaluations raw_y
1 1298646.8156440021
2 779404.0107467127
11 681017.6243732391
19 501917.3616084704
23 432249.5885624305
28 286344.6981533419
88 237021.9059383835
118 230075.3365065784
134 217928.4982311174
135 167049.1999251606
189 163711.2822478822
193 143925.9486324280
209 141484.4803302076
236 130516.5205223587
266 125403.0692878186
291 44732.5830234427
973 35660.8428259734
1138 35123.1437198023
1222 34173.5267149648
1243 28403.3569212292
1305 19935.0922087259
1368 15961.5669849742
1459 12778.7262378392
1473 9945.0861604725
1477 9640.3558088835
1480 4642.2989541345
1533 4365.6610281716
1716 3637.5975777167
1741 3416.3432077693
1808 2444.4476702407
1899 1522.4943178762
1969 1275.7190137921
2163 1258.1899313954
2165 1150.1117196969
2166 553.0866564458
2294 521.8332030133
2367 411.6216777626
2403 238.8416402627
2810 225.8261214230
2812 170.8412672963
2974 112.5962937489
3189 81.9527650219
3223 59.4288037104
3604 46.1943583193
3805 43.6132218116
4009 43.2377546911
4043 39.3205188041
4045 36.1795541188
4230 35.4934952098
4322 34.7234887482
4325 34.3610037826
4340 32.3729306514
4371 30.6997257237
4408 29.5509335018
4424 29.0708500508
4553 28.2657497787
4571 28.0620891045
4594 24.1911851781
4682 23.1846912085
4834 22.0124534929
4871 21.1227528899
5070 20.2683143959
5104 19.6963489585
5359 19.6455091085
5390 19.2932540230
5477 18.7317955431
5715 18.6463615384
5919 18.3837099517
5938 18.3688007206
6092 18.2988911071
6200 18.1972564734
6371 18.1167224493
6608 18.0749185923
6644 17.9929203144
7146 17.9894046407
7330 17.9307916776
7393 17.8918933341
7510 17.8327448575
7576 17.6952789608
7681 17.6364895715
7723 17.5885237193
7782 17.5488538192
8141 17.4952234553
9045 17.3407025950
9188 17.2650030226
9232 17.0516515782
9313 16.9089175594
9382 16.8021605601
9621 16.7584883149
9746 16.6954925520
9853 16.6135460017
9898 16.5208698923
10092 16.4703809182
10135 16.4363491155
10312 16.3505702599
10343 16.3180953143
10432 16.2535079217
10669 16.1697644144
10693 16.0478552445
11118 15.9955473076
11270 15.8862028177
11491 15.5915788837
11934 15.5657510135
12332 15.3504808055
12406 15.3349781740
12831 15.0403465368
12960 14.8399916500
13748 14.8011409630
14009 14.7912529357
14015 14.7323438947
14022 14.7242447318
14023 14.7241235575
14088 14.4440660190
14163 14.2288932720
14766 14.1851642678
15367 14.1308461596
15405 14.0662034907
15408 14.0454202823
15414 13.9162571707
15425 13.8211410115
15502 13.7780312606
15874 13.7151255394
15961 13.6868968442
16068 13.6616888339
16090 13.6283074394
16127 13.5724792963
16272 13.5612302528
16383 13.3863878275
16553 13.2646856728
17702 13.2503113727
17708 13.2099888092
17722 13.1944018481
17743 13.1844958161
17755 13.1147274463
17805 12.9778289274
17817 12.8079593201
18530 12.7635091662
18956 12.6660639684
19117 12.5732074067
19260 12.5317151079
19300 12.5218445989
19462 12.5180291402
19553 12.3086846967
19627 12.2634769668
19881 12.1408793925
20315 12.0151194828
20474 11.9942292255
20629 11.8595712718
20764 11.7904795720
20831 11.7266685769
21654 11.6475187967
21745 11.5961257884
21778 11.5160547870
21887 11.4805099106
21892 11.3406696035
22201 11.3149090170
22421 11.1553637303
22933 11.1510168922
22994 11.1192039887
22995 11.1018283519
23068 11.0992413888
23210 11.0404930450
23335 10.9787964292
23390 10.9739358216
23480 10.9222542147
23522 10.8786441727
23631 10.6756135778
24169 10.6207318362
24227 10.5593134857
24386 10.5581248012
24565 10.2178907506
25143 10.1916086953
25482 10.1894230720
25548 10.1440434748
25640 10.0444399003
26313 10.0411121897
26330 9.9826051252
26460 9.9759893636
26465 9.9528512227
26574 9.8777207137
26585 9.8346064609
26691 9.8164640063
26765 9.7900086745
26819 9.7459722249
26823 9.7296116057
27245 9.7112465894
27287 9.5757091542
27415 9.4915311058
27809 9.4889780838
28277 9.4574814039
28453 9.4465801372
28586 9.2543061060
28801 9.2080575707
28825 9.1896649282
28919 9.1634929108
29246 9.0502581977
29505 9.0365607586
29539 9.0323608193
29705 8.9870033838
29745 8.9091368920
30207 8.8710044348
30288 8.7517785544
30403 8.7034468184
30630 8.6826818437
30640 8.6775310763
30657 8.6309012344
30709 8.6106809696
30770 8.5470523969
30829 8.5370240750
30868 8.4872496790
30902 8.4761031158
31125 8.4594343345
31147 8.4557030925
31170 8.4247906616
31449 8.3525992788
31535 8.3373782052
31547 8.2392515467
31621 8.1764473296
31940 8.1705682048
32123 8.0921474868
32527 8.0373515975
32586 8.0280340767
32634 7.8234507619
33017 7.7609746233
33131 7.6901009289
33205 7.6814618189
33311 7.6186158259
33428 7.5948290126
33870 7.5383626408
34112 7.3541153414
34478 7.2697598093
34610 7.0339807464
35354 7.0087303269
35359 6.9908982192
35470 6.9889639195
35608 6.8848066428
35652 6.8806829084
35709 6.8657992395
35723 6.8458686816
35731 6.7922718141
35867 6.7684725521
35869 6.6325318626
36427 6.5945154678
36443 6.5934106674
36636 6.5464706343
36740 6.5324028260
36753 6.3872001967
36950 6.3029482956
37252 6.2894379089
37476 6.2093512438
37655 6.1685082870
37785 6.1324067586
37995 6.0944725182
38520 6.0295438007
38737 6.0171960463
38809 5.9629203466
38928 5.7361289458
39336 5.6943226668
39483 5.6682791166
39492 5.5834870954
39711 5.5551804851
39747 5.5226657159
39790 5.5132446552
39826 5.4751174270
39832 5.4397883815
40064 5.3982223230
40091 5.3716668685
40183 5.3519267427
40282 5.2590485115
40393 5.1832810369
40681 5.0831650877
41638 4.9105413180
41892 4.7912328047
42235 4.7818720705
42341 4.6655073487
42465 4.6625087368
42509 4.6357365056
42701 4.5630016961
42803 4.4512679828
42902 4.4374160423
43135 4.4228717531
43450 4.3199573133
43640 4.2794950239
43852 4.2115361381
43870 4.0858316908
44504 3.9520332359
44870 3.9122557293
44989 3.7709288596
45607 3.7164732637
45727 3.6911073753
45838 3.5415615991
46373 3.4882196927
46737 3.4635379627
46899 3.3594948537
47009 3.3027679444
47051 3.2899594373
47071 3.2275226415
47167 3.1267578095
47330 2.9890037310
47815 2.9673030700
48019 2.9647963050
48021 2.8738880999
48081 2.8127792966
48317 2.7966657975
48330 2.7781000744
48353 2.7561711997
48655 2.6633859409
48769 2.6505679609
49031 2.6208493002
49393 2.3859859223
49897 2.3799803675
49989 2.3241722024
50058 2.3099736315
50072 2.2461270609
50272 2.1618525149
50516 2.1086281060
50735 2.0909576705
50746 2.0892897367
50850 2.0118097774
51020 2.0063067955
51102 1.9998687253
51120 1.9873392572
51210 1.9265021454
51608 1.8670618359
52254 1.7891351865
52256 1.7533257036
52274 1.7314857655
52514 1.6652016067
52604 1.6393702734
52680 1.4951904696
52885 1.4849948176
53008 1.2803349791
53706 1.2704321069
54061 1.2401732390
54188 1.1563163919
54195 1.1458447816
54528 1.0497848543
54764 1.0180548248
54930 0.9622176549
55234 0.8885684620
55518 0.8682966584
55556 0.8648977979
55678 0.8208601674
56320 0.7766181755
56502 0.7391916658
56679 0.6538649678
56952 0.5469560740
57238 0.5307405759
57285 0.5159693801
57774 0.4877516612
57958 0.4830195766
58150 0.4806152526
58219 0.4241339119
58234 0.3676256465
58696 0.3634846571
59101 0.3582551230
59168 0.3510803895
59196 0.3490117049
59273 0.3321254635
59279 0.2986391772
59392 0.2876389336
59458 0.2483911175
59709 0.1766201990
60425 0.1352623756
60613 0.1275234992
61119 0.1170444487
61353 0.1107809479
61504 0.0930646274
62192 0.0907061716
62307 0.0866647246
62355 0.0802946107
62390 0.0800438484
62791 0.0793428712
62853 0.0595965163
63017 0.0549723473
63108 0.0384589786
63353 0.0225217862
64020 0.0202237808
64146 0.0198583749
64186 0.0183318567
64190 0.0112444377
64448 0.0110539360
64737 0.0103617998
64846 0.0081707973
65272 0.0080363858
65362 0.0067307614
65417 0.0052796134
65463 0.0051680506
65679 0.0049729895
65846 0.0047728377
65992 0.0044710695
66017 0.0039534402
66037 0.0033387666
66200 0.0029178451
66500 0.0028394245
66591 0.0020059196
66702 0.0015443456
66825 0.0011751610
67350 0.0011627136
67511 0.0011478097
67541 0.0011378703
67584 0.0009095797
67628 0.0008722852
67665 0.0007131163
67867 0.0007124957
68008 0.0006727134
68141 0.0006351587
68300 0.0002820391
68649 0.0002563178
68803 0.0001333428
69069 0.0001217111
69102 0.0001104528
69105 0.0000895857
69240 0.0000585689
69509 0.0000488592
69752 0.0000441872
69801 0.0000431580
69846 0.0000425892
69890 0.0000384426
69927 0.0000380233
69981 0.0000269991
69982 0.0000269348
70045 0.0000255365
70099 0.0000244481
70112 0.0000187770
70311 0.0000186686
70486 0.0000149048
70508 0.0000116443
70533 0.0000091071
70549 0.0000075523
70815 0.0000070060
70816 0.0000067489
70928 0.0000065775
70969 0.0000052188
71003 0.0000051190
71050 0.0000039833
71326 0.0000037324
71330 0.0000034907
71357 0.0000032438
71369 0.0000026914
71504 0.0000024078
71511 0.0000023267
71513 0.0000022734
71639 0.0000021175
71646 0.0000020268
71665 0.0000018069
71750 0.0000009281
71828 0.0000009079
72032 0.0000007691
72133 0.0000006025
72201 0.0000005731
72225 0.0000004955
72272 0.0000004622
72374 0.0000003273
72492 0.0000002810
72567 0.0000002743
72631 0.0000002551
72768 0.0000002256
72824 0.0000001927
72878 0.0000001907
73040 0.0000001697
73052 0.0000001530
73082 0.0000001221
73163 0.0000000761
73212 0.0000000643
73373 0.0000000621
73618 0.0000000491
73643 0.0000000433
73665 0.0000000427
73678 0.0000000395
73790 0.0000000356
73819 0.0000000324
73822 0.0000000316
73851 0.0000000270
73857 0.0000000269
73913 0.0000000267
73969 0.0000000261
74006 0.0000000198
74123 0.0000000175
74133 0.0000000130
74299 0.0000000074
74607 0.0000000071
74615 0.0000000066
74642 0.0000000063
74655 0.0000000060
74667 0.0000000049
74771 0.0000000047
74775 0.0000000034
75019 0.0000000024
75099 0.0000000021
75145 0.0000000020
75481 0.0000000020
75494 0.0000000015
75521 0.0000000012
75527 0.0000000010
75723 0.0000000005
76095 0.0000000004
76260 0.0000000004
76262 0.0000000003
76318 0.0000000003
76408 0.0000000002
76549 0.0000000002
76609 0.0000000001
76789 0.0000000001
76879 0.0000000001
76883 0.0000000001
76893 0.0000000001
76982 0.0000000001
76989 0.0000000001
77001 0.0000000001
77016 0.0000000000
77197 0.0000000000
77302 0.0000000000
77501 0.0000000000
77519 0.0000000000
77561 0.0000000000
77574 0.0000000000
77698 0.0000000000
77725 0.0000000000
77764 0.0000000000
77821 0.0000000000
77905 0.0000000000
78072 0.0000000000
78132 0.0000000000
78198 0.0000000000
78267 0.0000000000
78277 0.0000000000
78280 0.0000000000
78392 0.0000000000
78485 0.0000000000
78521 0.0000000000
78525 0.0000000000
78583 0.0000000000
78596 0.0000000000
78605 0.0000000000
78608 0.0000000000
78641 0.0000000000
78684 0.0000000000
78760 0.0000000000
78787 0.0000000000
78895 0.0000000000
78934 0.0000000000
78999 0.0000000000
79039 0.0000000000
79064 0.0000000000
79279 0.0000000000
79351 0.0000000000
79361 0.0000000000
79473 0.0000000000
79526 0.0000000000
79698 0.0000000000
79739 0.0000000000
79929 0.0000000000
80019 0.0000000000
80426 0.0000000000
81050 0.0000000000
81139 0.0000000000
evaluations raw_y
1 1494108.5899515876
3 958644.6121144637
5 762869.7439287549
7 623971.8558165071
16 270683.2308148913
47 164987.8011852369
132 93334.0974142054
220 73937.7763880101
226 44895.7394752489
1032 40968.8142754122
1244 35581.6878994143
1291 26898.9809024689
1381 21516.0249695960
1383 12781.7902255908
1500 9340.1876005609
1551 4907.7918297337
1672 4452.0236799294
1746 4376.8446616178
1781 4212.5408941015
1803 3334.5021826283
1809 3256.4133655893
1826 2142.3643053392
1849 1703.7912422158
1895 1620.6449554178
1900 1304.9912068844
2072 839.9301462508
2220 828.1789069719
2346 333.3287820703
2596 327.4801314836
2641 267.5039280464
2659 206.3165673885
2888 171.2119867319
2960 167.9418373705
3053 161.4849886494
3112 153.8921417349
3155 153.2337789114
3181 120.1995956347
3301 116.1560902896
3310 94.9154273840
3447 91.7015885658
3504 71.6736415227
3539 57.5725313941
3826 47.2032825441
4081 46.3487773147
4092 43.8600340210
4100 43.2052738491
4138 36.5985262512
4223 35.2701718875
4284 32.4273127615
4462 31.0836507588
4545 30.8940484921
4638 30.3855976915
4661 26.4411456269
4703 25.9014727416
4747 25.8080395220
4774 25.5174172331
4854 22.9509589351
5121 22.1501255942
5277 22.0079359350
5285 21.9819613609
5347 21.4313257877
5435 21.1528444023
5464 20.9127268626
5519 20.5186591310
5526 19.5247680600
5770 19.4469809702
5933 19.2686486609
5936 19.2620406821
5941 19.1629492597
5991 18.9934739809
6331 18.8177698121
6397 18.7566012825
6447 18.6329091105
6520 18.5632608327
6796 18.5351955416
6837 18.5298236402
6838 18.4467910749
6896 18.3759289711
6941 18.3273799081
7779 18.0333863653
8145 18.0229596342
8698 17.9721834447
8847 17.8048258497
8859 17.5073964844
8895 17.4689621421
9059 17.4487157270
9143 17.2215610700
9344 17.1923382039
9566 17.1117128526
9893 17.0310096682
10414 16.8047245922
10625 16.7799326977
10710 16.7562191234
10796 16.5707432906
10944 16.5698295250
10991 16.5665200272
11122 16.4437399913
11594 16.2197723474
11990 16.0532341338
12104 16.0086862284
12280 15.7806882408
12386 15.7460463907
12459 15.6966867243
12701 15.6447969806
12730 15.4300937156
12935 15.4005295905
13015 15.3509859549
13057 15.3352608126
13166 15.3297627459
13168 15.2422310070
13366 15.1613932413
13543 15.0996367732
13693 15.0499272241
13747 15.0429056329
13789 15.0038434188
13909 14.8858704902
14293 14.7900964116
14540 14.7530647064
14616 14.6056905654
14923 14.5932511891
15118 14.4827209043
15492 14.4562836076
15808 14.4293217476
15844 14.3470462229
15882 14.0775785351
16040 13.9357667514
16636 13.9310768439
16855 13.8557479101
17011 13.8320909850
17026 13.8011249906
17035 13.7221406217
17343 13.6265586290
17641 13.5751247326
17809 13.5364605007
17858 13.5034453873
17910 13.4441321302
18091 13.3575333658
18191 13.3041108183
18363 13.2887675581
18368 13.2138098653
18480 13.1659341435
18482 13.0372208370
18840 12.9746392440
18966 12.9450364133
19149 12.8883674680
19394 12.8798300609
19416 12.8742594394
19469 12.8689940868
19471 12.8416297181
19551 12.8164314327
19562 12.7057320363
20292 12.5683929347
20699 12.5400455210
20784 12.5395017148
20871 12.3950494375
21099 12.1515802703
21367 12.1326398989
21790 11.9884875466
22061 11.8603120004
22318 11.7469124608
22394 11.7157429382
22763 11.6112566118
22935 11.5349571512
23063 11.4955693233
23209 11.4450186914
23482 11.4026385043
23506 11.3831084167
23626 11.3600311574
23637 11.3104077527
23835 11.2427729130
23880 11.2397638244
23921 11.2150402442
23937 11.1124879065
24132 11.0669019632
24400 10.9977382078
25163 10.8522405805
25463 10.5800358641
26092 10.5164824300
26352 10.4943048496
26431 10.3757600074
26706 10.2974249981
26944 10.2928935958
27082 10.2645025560
27123 10.1936937613
27340 10.1177838483
27477 10.0418357028
27581 9.9627579023
27622 9.8596854667
27772 9.7914721547
27983 9.7564846242
28055 9.6598218112
28100 9.6488437693
28338 9.5482942541
29082 9.3045466351
29683 9.2021721444
29789 9.1248686122
29986 8.9936904962
30944 8.9858985785
31094 8.9677347183
31180 8.9388724735
31246 8.9251493244
31298 8.6359916106
31496 8.6242858848
31778 8.6211224371
31836 8.4604135833
32163 8.3249009843
32338 8.3248700988
32494 8.3006895865
32722 8.2828200014
32766 8.2373827567
32792 8.2183070786
32856 8.2177066500
32916 8.1877150106
33109 8.1372966114
33322 8.1296053808
33326 8.0481921970
33915 8.0417504109
33947 7.8070556614
34254 7.8037941216
34474 7.7686544743
34678 7.7053559060
34683 7.7049742333
34787 7.6902952699
34857 7.6810577994
34895 7.6333818385
35118 7.4609203498
35671 7.4448219222
35714 7.3872795066
35786 7.2580476419
35993 7.2261822937
36167 7.2128574886
36225 7.1864940994
36307 7.1688519132
36393 7.0806749486
36622 7.0096484279
36771 6.9628660950
36840 6.9588606442
36855 6.9483734587
36866 6.9350884404
37124 6.8975815438
37420 6.8268962329
37470 6.7592640316
37749 6.6056211933
38087 6.5127985212
38934 6.4373920583
39030 6.2847636105
39251 6.2139964070
39282 6.1713108811
39494 6.1707392114
39515 6.0964675248
39805 6.0766283531
39866 6.0741902797
39917 5.9614535344
40138 5.9532997616
40187 5.8985582230
40319 5.8228101277
40537 5.7477899429
41114 5.7427192911
41186 5.7352651688
41283 5.7146727953
41372 5.5499066276
41494 5.3975248074
42262 5.3647437446
42271 5.1317119601
43132 4.9696126141
43441 4.9448728316
43495 4.9347503115
43508 4.8487978544
43519 4.8245238993
43636 4.8172487840
43669 4.6181413549
44473 4.4638099680
44906 4.4613975110
44968 4.3703596408
44986 4.3648064291
44994 4.3517776162
45086 4.2010032018
46029 4.1903957538
46279 4.1208864166
46294 3.9890081543
46887 3.9630922580
47001 3.9369263493
47006 3.8447978440
47300 3.7370564490
47550 3.6782779403
47601 3.6205463050
47659 3.5510029582
47870 3.5389498862
48129 3.5203007366
48157 3.4290617477
48247 3.4223139082
48368 3.3900285553
48841 3.3786886555
48996 3.3306556427
48997 3.1951064996
49597 3.1461774106
49780 2.9871366224
49784 2.7950899429
50401 2.7771161043
50568 2.6152556818
50639 2.5509296208
51004 2.4652535107
51043 2.4404485401
51059 2.3866710643
51093 2.3583234734
51210 2.3275477815
51223 2.3271302872
51287 2.3069136005
51337 2.2910274400
51410 2.1242033863
52072 2.1119459181
52261 2.0885409172
52414 2.0587652726
52485 2.0209370617
52497 2.0077978613
52505 1.9680175412
52556 1.9482586057
52567 1.9457562999
52616 1.9064550373
52776 1.8765414097
52980 1.8314620654
53005 1.8132175808
53096 1.8074030368
53204 1.8037147509
53207 1.6512988087
53819 1.6402822150
53868 1.6075793404
53886 1.5871931142
53933 1.5341045061
54063 1.4953062667
54094 1.4461684466
54130 1.4395238885
54281 1.3735540110
54310 1.3712718765
54407 1.2020500617
55628 1.0123299621
56092 0.9954083311
56223 0.9768862775
56333 0.8817976868
56754 0.8709951374
57046 0.8522462798
57132 0.8010934854
57384 0.7840798873
57467 0.7448237430
57606 0.7336199665
57687 0.7298772188
57954 0.6872601540
58001 0.6554082601
58194 0.6381551406
58195 0.6330819772
58309 0.5991612165
58694 0.5860605661
58735 0.5859599508
58755 0.5734582446
59082 0.5469965947
59391 0.5043074119
59738 0.4493760648
60190 0.4427389147
60253 0.4367678911
60510 0.4113627466
60535 0.3404762587
60900 0.3137832816
61070 0.3025713083
61392 0.2536980666
61568 0.2392349091
61616 0.2360532066
61925 0.2345868153
62127 0.2230518224
62430 0.1721343190
62699 0.1648919744
62707 0.1345406396
62988 0.1246555009
63452 0.1041634599
63688 0.1004086688
63795 0.0976912723
63908 0.0933013390
64080 0.0664639898
64539 0.0618936342
64813 0.0518631740
65104 0.0514044064
65117 0.0465238423
65170 0.0446395387
65241 0.0439283561
65340 0.0375321036
65347 0.0373290845
65376 0.0272751252
65912 0.0240835664
66693 0.0193844144
66901 0.0154588979
67146 0.0141994560
67150 0.0081118538
67229 0.0079721648
67355 0.0064342700
67695 0.0049683158
67784 0.0044101069
67916 0.0034470974
67959 0.0023799116
68299 0.0017768155
68635 0.0014431135
68960 0.0009662668
69423 0.0007663400
69538 0.0006692871
69687 0.0003850781
69848 0.0002616176
70208 0.0002389816
70237 0.0002316593
70353 0.0001887352
70478 0.0001566103
70772 0.0001328934
70797 0.0001181689
71004 0.0000782916
71341 0.0000692614
71409 0.0000666475
71436 0.0000593211
71444 0.0000577960
71456 0.0000459304
71563 0.0000453862
71577 0.0000358749
71589 0.0000242067
71744 0.0000192660
71867 0.0000188277
71958 0.0000156752
72128 0.0000134609
72203 0.0000131489
72208 0.0000131224
72209 0.0000130481
72212 0.0000127198
72222 0.0000111884
72243 0.0000108162
72302 0.0000070028
72330 0.0000042991
72543 0.0000037581
72636 0.0000035229
72661 0.0000031474
72779 0.0000024922
72931 0.0000020762
72993 0.0000010213
73246 0.0000009663
73558 0.0000009578
73594 0.0000009026
73639 0.0000008333
73681 0.0000007627
73747 0.0000006484
73753 0.0000005216
73781 0.0000004341
73821 0.0000003698
73983 0.0000002566
74056 0.0000002258
74327 0.0000002112
74344 0.0000001576
74395 0.0000001251
74731 0.0000001200
74802 0.0000001077
74811 0.0000000608
74987 0.0000000548
75060 0.0000000503
75076 0.0000000419
75292 0.0000000340
75349 0.0000000254
75570 0.0000000213
75587 0.0000000194
75597 0.0000000154
75678 0.0000000150
75772 0.0000000141
75794 0.0000000090
76012 0.0000000088
76016 0.0000000083
76079 0.0000000071
76193 0.0000000058
76338 0.0000000045
76352 0.0000000042
76423 0.0000000020
76685 0.0000000018
76794 0.0000000017
76846 0.0000000017
76960 0.0000000017
76961 0.0000000016
77048 0.0000000013
77138 0.0000000013
77151 0.0000000012
77237 0.0000000011
77253 0.0000000010
77317 0.0000000009
77334 0.0000000009
77360 0.0000000009
77392 0.0000000008
77393 0.0000000007
77510 0.0000000006
77558 0.0000000005
77579 0.0000000004
77621 0.0000000003
77813 0.0000000003
77850 0.0000000002
77897 0.0000000002
78136 0.0000000002
78326 0.0000000001
78341 0.0000000001
78499 0.0000000001
78596 0.0000000000
78657 0.0000000000
78833 0.0000000000
78844 0.0000000000
79165 0.0000000000
79426 0.0000000000
79442 0.0000000000
79483 0.0000000000
79495 0.0000000000
79504 0.0000000000
79527 0.0000000000
79555 0.0000000000
79561 0.0000000000
79815 0.0000000000
79884 0.0000000000
80075 0.0000000000
80076 0.0000000000
80157 0.0000000000
80190 0.0000000000
80225 0.0000000000
80324 0.0000000000
80429 0.0000000000
80523 0.0000000000
80792 0.0000000000
80818 0.0000000000
80868 0.0000000000
80871 0.0000000000
81002 0.0000000000
81101 0.0000000000
81166 0.0000000000
81180 0.0000000000
81387 0.0000000000
81493 0.0000000000
81603 0.0000000000
81788 0.0000000000
81810 0.0000000000
82056 0.0000000000
82149 0.0000000000
82886 0.0000000000
83646 0.0000000000
evaluations raw_y
1 5097720.8796286667
2 1385018.4235584654
4 1360338.7809350083
6 839024.8815269184
8 388063.1399811833
29 359270.1577581704
69 299066.3859998916
71 259060.2802675045
99 252343.3434535909
146 210662.5055258476
148 194121.5612655702
172 123883.4848095568
226 115285.6875848592
243 80997.5763504741
950 67341.0340820319
1063 36252.0509540529
1149 30981.0711489825
1305 25897.8176667148
1347 25501.3877383264
1398 20350.1442724708
1399 15366.1294121194
1495 13842.9090528259
1536 10616.0764982840
1578 10197.5579265518
1660 6534.4284961464
1691 5789.8361685603
1752 4760.8361796278
1788 4289.1016361326
1847 3968.5210068105
1906 3759.9986913273
1964 1959.5723618154
1975 1908.8116700558
2031 1855.8769446006
2066 1810.4802070746
2087 1322.4514949516
2113 1267.1902218906
2170 925.7432733698
2225 869.5419756366
2229 816.0587957072
2305 655.1996489335
2363 490.2976137970
2405 388.7643259496
2494 320.8290069917
2779 289.4844975068
2885 283.9234868692
2976 258.1343148211
3016 234.9058992335
3054 216.3272035481
3074 148.0204090384
3147 97.4201041953
3196 84.0573695746
3293 81.8567673667
3412 64.5239009394
3757 58.5004092645
3794 50.5467524156
3801 41.8968910894
3910 40.8439496749
4104 31.1686547289
4367 28.8861924017
4464 24.3907842616
4806 24.0049413511
4835 21.9120025046
5049 21.7925629384
5103 21.6338734873
5110 20.9630844885
5154 20.9433883744
5271 20.0258963036
5284 19.7649323859
5396 19.3364585020
5695 19.1956159151
5789 18.9348282131
5822 18.7007170220
6056 18.5522930509
6212 18.4946970754
6269 18.3915356313
6329 18.2126613190
6658 18.1507606288
6676 18.1081191939
6823 18.0752471155
6859 18.0048275183
7125 17.9610314782
7229 17.9348592475
7358 17.9080937575
7382 17.8731667124
7421 17.8054406768
7497 17.7095779416
7910 17.5426695598
8263 17.5201229153
8391 17.4914225855
8448 17.4139810285
8509 17.3947961347
8599 17.3658702168
8662 17.3402516479
8763 17.2697681688
9453 17.1367066043
9729 17.0122256612
9771 16.9407524229
9995 16.8241267811
10270 16.7867127470
10758 16.7291407302
10861 16.7247866119
10893 16.6720284705
10916 16.6355956917
10924 16.2620728377
11430 16.0862476160
11852 15.8196028007
12159 15.7525152948
12324 15.7092685204
12396 15.6414793902
12480 15.5935477642
12780 15.4626017014
12807 15.4235414163
12944 15.3673497975
13256 15.3297061671
13263 15.2117195486
13265 15.1645071319
13338 14.9323263180
13918 14.9126677869
14049 14.8380768344
14145 14.8184173768
14339 14.4916168721
14731 14.4792557976
14791 14.3074477441
15173 14.2826838683
15444 14.2017905110
15644 14.1670187212
15663 14.0233275504
15777 14.0199013528
15871 13.9549408445
16088 13.8841900716
16204 13.8032947583
16667 13.7942506039
16669 13.6809849286
16734 13.5563932841
16882 13.5199535728
16885 13.3151004827
17454 13.2867450541
17623 13.1826900983
17804 13.1430632394
18153 12.9147559804
18482 12.8386908665
18716 12.8343347290
19116 12.8121337432
19228 12.7112705393
19285 12.6021901151
19633 12.5136956753
19819 12.4939550021
19900 12.4309643417
19961 12.4210095112
19975 12.3974412908
20000 12.3832759885
20001 12.3572375831
20005 12.3524360637
20008 12.3451482448
20011 12.3217461128
20037 12.1748366391
20060 12.1715056044
20150 12.1614298057
20159 12.1463458006
20172 12.1457309055
20199 12.1418084796
20877 12.0497965995
20914 11.9529772472
20937 11.9120701042
21003 11.8928440196
21053 11.8900665393
21088 11.8805180218
21093 11.8347199281
21237 11.8280095731
21373 11.7642664577
21633 11.7315788898
21796 11.5334300301
21904 11.5258875370
22065 11.5171150342
22322 11.4285401862
22423 11.2955050154
22506 11.2336549714
22830 11.0763133348
23332 11.0556500637
23759 10.9509107380
23945 10.8885533135
24124 10.7678447295
24332 10.7552545124
24372 10.6326846875
24534 10.6053389147
24782 10.5835009306
24791 10.5698437343
24810 10.5483890354
24869 10.4437978960
25038 10.4314290555
25183 10.3681363565
25317 10.3451416258
25439 10.3195789279
25612 10.3195427840
25614 10.2981615991
25627 10.2546947323
26027 10.2268487668
26131 10.0647663667
26431 10.0154813618
26483 10.0009763342
26634 9.8208614962
27544 9.8030170562
27619 9.7100868243
27650 9.6913259859
27731 9.6452548274
27818 9.5413110268
27935 9.5368086204
28004 9.4555882007
28046 9.3117545924
28423 9.1260710696
28714 9.0842485329
29408 8.9647219686
29415 8.7653357202
29602 8.7491698809
30101 8.7313614301
30118 8.7000748832
30188 8.6851710234
30311 8.6470727593
30389 8.5873887876
30440 8.5371595072
30631 8.5219438978
30635 8.4349173198
30644 8.4026500451
30999 8.3669791536
31087 8.3154981074
31132 8.2939694810
31305 8.2481033224
31326 8.2336274575
31553 8.1780079808
31758 8.1142293718
31853 8.0338441395
32527 8.0150812961
32696 8.0056279411
32736 7.9892077282
32776 7.8768933862
32862 7.8743772271
32930 7.8500132692
33175 7.7384391153
33398 7.6963884199
33557 7.6671105366
33594 7.6129014041
33637 7.5757470178
33646 7.5571595747
33768 7.5137315618
34167 7.5008560398
34362 7.3060197469
34711 7.2771429382
35061 7.2467258789
35148 7.1996464312
35172 7.1969019148
35341 7.1725478310
35394 7.0904288251
35751 7.0693371345
35944 6.9314779515
36050 6.7366715525
36426 6.6693806859
36480 6.5396381261
36929 6.4941701500
36930 6.4244076391
37273 6.3815353909
37348 6.3506887901
37403 6.2485879449
37696 6.2191249275
37769 6.0506163689
38024 6.0382189535
38124 5.9220086157
38446 5.9007720252
38558 5.8568296999
38624 5.8026564649
39001 5.7426373531
39116 5.7226716200
39134 5.7199890435
39180 5.6288321650
39404 5.5304848870
39538 5.4879133871
39565 5.4786157428
39644 5.4451781847
39658 5.4182365919
40120 5.3427823489
40248 5.3407574347
40407 5.3080427656
40484 5.2978897760
40591 5.2592015456
40663 5.2314142008
40678 5.1345970204
40968 5.1101891657
41268 5.1053510090
41346 5.0934420336
41355 5.0348257858
41689 5.0302429242
41804 4.9564249980
41814 4.7821974425
42562 4.6325909399
42603 4.5605687355
42790 4.5525266658
43199 4.4792565773
43385 4.3735380171
43649 4.3436314029
43699 4.3326812855
43730 4.3234795339
43744 4.2957896537
43829 4.2877727335
43847 4.1435536572
43948 4.1137017166
43978 4.0941282802
44100 4.0863016965
44206 4.0626747011
44241 4.0188377838
44282 4.0180783441
44295 3.9950530828
44595 3.8146085776
45367 3.7233463938
45603 3.4529681929
46028 3.4451364759
46233 3.4050883092
46352 3.3917765184
46357 3.3703792072
46383 3.2662625787
46466 3.1298235235
46709 2.8331337685
47843 2.7766855079
47849 2.7368548298
47964 2.7028506881
47965 2.5218307878
48294 2.3912582387
48358 2.3817923372
48559 2.3200595913
48860 2.3080038443
49099 2.2339265839
49217 2.2004147206
49227 2.1242154581
49566 2.0602949602
49937 2.0566836039
49948 2.0069976551
50066 1.9858587817
50134 1.9220712642
50472 1.8568302319
50517 1.8348696092
51085 1.8209648800
51263 1.7099615525
51427 1.5945882446
51748 1.5211832465
51824 1.5181440715
51973 1.4583072950
52405 1.2730709231
52559 1.1791171859
53885 1.1656266669
53901 1.0808697464
53986 0.9385324748
54449 0.8684338511
54600 0.8456850781
54665 0.8192032660
54847 0.8005396599
55243 0.7728523592
55553 0.7265592265
55667 0.6888856620
55785 0.6855169941
56184 0.6704277089
56240 0.6323844487
56347 0.6152077837
56593 0.5289802667
56895 0.5037326153
57147 0.4941481553
57185 0.4915054547
57243 0.4750376020
57581 0.4254716444
57624 0.4181537001
57713 0.4180112178
57741 0.4084886543
57768 0.3465862782
58001 0.3400476344
58029 0.3155588519
58114 0.2878042772
58138 0.2745685048
58337 0.2661996096
58352 0.2399712139
58491 0.2394864681
58562 0.2323303057
58621 0.2211239933
58832 0.2198579573
58939 0.2107120663
59049 0.1749911329
59809 0.1677888616
60006 0.1205166848
60650 0.1194483501
60694 0.1192383846
61148 0.1167779675
61287 0.0916115652
61607 0.0882321555
61732 0.0716421637
61883 0.0634887584
62105 0.0608442526
62110 0.0608422357
62178 0.0535780426
62261 0.0517356437
62313 0.0516418472
62335 0.0461910968
62462 0.0395533373
62491 0.0377128711
62650 0.0360051782
62718 0.0358833283
62916 0.0335219587
62934 0.0325958490
62977 0.0270045413
63249 0.0240849098
63355 0.0233140732
63357 0.0230250814
63540 0.0217881800
63581 0.0187088625
63983 0.0177657925
64391 0.0165331847
64664 0.0164442347
64766 0.0137254639
64776 0.0135084063
64804 0.0108216333
65326 0.0069732962
65726 0.0067963004
65730 0.0064073270
65785 0.0053616782
65846 0.0042808827
65913 0.0042238310
66043 0.0039599336
66111 0.0030853936
66220 0.0026516465
66338 0.0015973302
67026 0.0014439962
67075 0.0014245959
67117 0.0013295874
67211 0.0009731652
67245 0.0009264074
67412 0.0008247638
67438 0.0007258395
67588 0.0006437870
67592 0.0005635284
67824 0.0005260482
67892 0.0003341218
67975 0.0003037607
68056 0.0002616233
68212 0.0001912469
68424 0.0001479464
68425 0.0001221766
68759 0.0001190555
68767 0.0000985087
68852 0.0000897791
68926 0.0000658265
69069 0.0000573812
69172 0.0000530656
69320 0.0000515959
69337 0.0000476724
69370 0.0000435936
69371 0.0000300598
69412 0.0000209979
69634 0.0000148839
70224 0.0000139111
70295 0.0000137995
70306 0.0000133744
70365 0.0000128464
70366 0.0000078685
70525 0.0000072476
70624 0.0000055643
70639 0.0000050052
70773 0.0000036263
70981 0.0000034468
71027 0.0000032607
71031 0.0000029717
71139 0.0000028214
71162 0.0000019276
71402 0.0000017469
71583 0.0000012523
71663 0.0000009964
71737 0.0000008285
71929 0.0000007415
71987 0.0000007175
71999 0.0000005384
72140 0.0000003971
72242 0.0000003869
72281 0.0000003779
72364 0.0000003493
72404 0.0000002863
72442 0.0000002237
72516 0.0000002143
72598 0.0000002039
72658 0.0000001851
72687 0.0000001820
72730 0.0000001360
72839 0.0000001118
72848 0.0000000882
72940 0.0000000869
73064 0.0000000816
73080 0.0000000672
73280 0.0000000597
73286 0.0000000588
73341 0.0000000561
73381 0.0000000299
73710 0.0000000271
73751 0.0000000179
73900 0.0000000149
73987 0.0000000143
73999 0.0000000140
74131 0.0000000135
74260 0.0000000097
74318 0.0000000096
74334 0.0000000085
74397 0.0000000082
74418 0.0000000066
74477 0.0000000056
74482 0.0000000047
74532 0.0000000039
74702 0.0000000036
74782 0.0000000032
74873 0.0000000020
75157 0.0000000019
75176 0.0000000018
75220 0.0000000017
75256 0.0000000015
75306 0.0000000013
75339 0.0000000010
75551 0.0000000010
75613 0.0000000007
75659 0.0000000007
75722 0.0000000006
75984 0.0000000006
76036 0.0000000005
76076 0.0000000004
76134 0.0000000003
76246 0.0000000003
76307 0.0000000002
76495 0.0000000002
76616 0.0000000001
76651 0.0000000001
76696 0.0000000001
76838 0.0000000001
76949 0.0000000001
76960 0.0000000000
77222 0.0000000000
77456 0.0000000000
77498 0.0000000000
77556 0.0000000000
77575 0.0000000000
77773 0.0000000000
77953 0.0000000000
78095 0.0000000000
78190 0.0000000000
78317 0.0000000000
78338 0.0000000000
78391 0.0000000000
78434 0.0000000000
78583 0.0000000000
78639 0.0000000000
78724 0.0000000000
78826 0.0000000000
78856 0.0000000000
78952 0.0000000000
78971 0.0000000000
79070 0.0000000000
79157 0.0000000000
79201 0.0000000000
79206 0.0000000000
79222 0.0000000000
79259 0.0000000000
79346 0.0000000000
79359 0.0000000000
79381 0.0000000000
79501 0.0000000000
79702 0.0000000000
79867 0.0000000000
80352 0.0000000000
80432 0.0000000000
80861 0.0000000000
80924 0.0000000000
80938 0.0000000000
81071 0.0000000000
81363 0.0000000000
82144 0.0000000000
82795 0.0000000000
evaluations raw_y
1 1159680.1689849149
4 884381.6741472579
6 627515.2549880818
12 611209.8719733261
15 436564.4965728579
22 381966.3707410931
38 375086.1284568203
39 287219.6036576192
58 284036.9368852234
62 274418.8301353562
66 145566.0243022396
134 58163.6906653909
230 43112.8835210872
260 36409.2413896983
1028 18301.2516316473
1182 15897.3449806697
1259 12801.6631851182
1260 12740.2814211080
1291 9564.0529591574
1293 9486.1961922787
1433 8652.9817126868
1437 4568.7460757720
1602 3679.3464135787
1708 3199.8084256936
1713 2978.1819588404
1770 2701.3849032285
1810 1987.7671653024
1924 1715.3138475307
1970 1658.9882617899
1972 1265.1037823883
2036 1251.6596399831
2037 1109.8563636269
2044 1001.8561433047
2069 960.1232000704
2118 864.2177611184
2216 591.9909185458
2328 466.8696715560
2461 290.3304727735
2736 290.0583382609
2756 262.4103026828
2783 240.4345733645
2839 209.4067304388
2860 149.7028783918
3107 139.4544873448
3223 126.1735894500
3306 123.5638118526
3441 90.5684973759
3444 71.9115215378
3518 71.0906740341
3520 67.7637667369
3717 66.4413172322
3722 54.4515962704
3876 48.9111158824
4033 47.8113632120
4056 45.0019321392
4071 43.9986321115
4073 43.6904949576
4076 32.1040746432
4419 28.7411047297
4467 28.5053409730
4512 27.4121770731
4635 26.6523641016
4643 25.2894990010
4716 23.9746349883
4792 22.3701125175
4961 21.4772458145
5166 20.5707539480
5420 20.5286989258
5445 20.2754099767
5456 20.0234910685
5493 19.7777114922
5622 19.7525066126
5685 19.6806046728
5826 19.5631397967
5941 19.5204093246
5970 19.4732114663
6010 19.4676716191
6045 19.4147070551
6074 19.2753651552
6192 19.1134158188
6214 19.0915261451
6340 19.0090007554
6393 19.0054642393
6401 18.8631191225
6512 18.7085361066
7441 18.5365063493
7585 18.5165040874
7871 18.3521382067
7969 18.3278193610
7976 18.0329757374
8199 18.0089044292
8402 17.9455337383
8602 17.8583322672
8756 17.8008731588
8810 17.6322372149
8934 17.5937835168
9066 17.5364681296
9097 17.3610170473
9483 17.2034737861
9527 17.1950072178
10842 17.1647074513
10882 16.5428773980
11122 16.3138235614
11424 16.2685998865
11632 16.2298930219
11700 16.1944758202
11828 16.1874147437
11862 16.1120678400
11885 16.0983094064
11907 16.0376267473
11977 15.9726692002
12063 15.9560367754
12077 15.9017585845
12348 15.8486690865
12387 15.7725322443
12609 15.7014175281
12701 15.6602959675
12946 15.5536679057
13091 15.5084358642
13454 15.4742157560
13766 15.2824684310
13973 15.1491260161
14004 15.1195883252
14152 15.1117108341
14218 14.9326627894
15077 14.9222005710
15319 14.8541621020
15326 14.8114855185
15333 14.7306513735
15370 14.6619199902
15377 14.5942325703
15479 14.5830283038
15565 14.5569846544
15602 14.5037845124
15633 14.4980723278
15686 14.4443695600
15700 14.3977648863
15755 14.3110223460
16076 14.2543195944
16385 14.1482836111
16659 13.9481749693
16754 13.8977323489
17393 13.8921979210
17508 13.6449224950
17780 13.5871258940
18283 13.5498106291
18410 13.4621558228
18498 13.2717868640
18608 13.1728806218
18701 13.0397267495
19070 12.9936040481
19087 12.8599828049
19497 12.7105285045
19602 12.6462197451
19979 12.5294329797
20170 12.5010177019
20337 12.4896356715
20552 12.4038689760
20803 12.1409985707
20866 12.0542565868
21615 11.8292115573
22178 11.7392893476
22458 11.7207272501
22465 11.7060515311
22476 11.6233457867
22526 11.6087257711
22642 11.3645705116
22995 11.3098925230
23115 11.1852530738
23346 11.1203753683
23630 11.1186870397
23817 11.1147916037
23945 11.0668816704
23961 10.8283585364
24473 10.8274659319
24607 10.7494268095
24681 10.7281926742
25022 10.7007683619
25165 10.6392195157
25197 10.6390824419
25290 10.5215325010
25381 10.5158036607
25442 10.3525563144
25821 10.2847203689
26233 10.2454535358
26271 10.1562424470
26426 10.1032911034
26512 10.0755476338
26678 9.9891090094
26756 9.9780276758
26919 9.9028171172
27163 9.8092899796
27638 9.8020508249
27759 9.6847623830
27998 9.6711587654
28107 9.5323456457
28268 9.5289838005
28566 9.4803526195
28777 9.2787716464
28918 9.0694248877
29863 9.0482574631
29968 9.0276255759
29996 8.9843452499
30000 8.9662189605
30072 8.8438332893
30189 8.7426494425
30344 8.7314280017
30484 8.6746765693
30653 8.6518367238
30699 8.5891014613
30791 8.5849769022
30875 8.5230767705
30952 8.5040144296
31163 8.5034381798
31426 8.4329496862
31804 8.4296667604
31862 8.3987170469
31923 8.3077287716
31970 8.2061080012
32316 8.1489655716
32929 7.8943566316
33312 7.8784571307
33426 7.7459671430
33676 7.6622844490
33829 7.6512093955
33863 7.5556564684
33951 7.4665767941
33999 7.4603124385
34019 7.4409281745
34021 7.3982160145
34216 7.3974447213
34441 7.3554640085
34543 7.2487125597
34619 7.1390966408
35061 7.0482253004
36004 7.0329061222
36029 6.7323188243
36554 6.7195669245
36841 6.6552659382
36910 6.6517826494
36983 6.4561440536
37590 6.3733338804
37597 6.3563437328
37608 6.3309953310
37672 6.1704538300
38058 6.0697969672
38308 6.0619634270
38340 5.9973308339
38562 5.9119974735
39407 5.7643269395
39851 5.7561598051
39904 5.6968304547
39951 5.6334149650
40307 5.5818353010
40332 5.4165155795
40504 5.3649433913
40531 5.3587030693
40631 5.3569752050
40662 5.3374344810
40767 5.2405261301
41145 5.1469724568
41264 5.1115969569
41742 5.0842187040
41888 4.9929185470
41919 4.8646389246
42134 4.8468538188
42457 4.7447926746
42804 4.7354982392
42931 4.4756939631
43385 4.3840502136
43469 4.1952336304
43855 4.0563875110
44252 4.0393597901
44338 3.9583329875
44357 3.9547664113
44515 3.8970837247
44631 3.8926824468
44734 3.7444168420
44970 3.6874697057
45723 3.5066391368
46093 3.4373942784
46513 3.2806733010
47272 3.1982473521
47380 3.1465942265
47412 3.0901377631
47421 3.0893887597
47545 3.0644847695
47557 2.8881887971
47928 2.8231827121
47968 2.8176492442
48099 2.8101175348
48110 2.7553395459
48314 2.6666078799
48376 2.6424710019
48615 2.6370054087
48625 2.4932122909
49243 2.4613106463
49300 2.4589583982
49619 2.4555352536
49676 2.4272725207
49724 2.4130115930
49747 2.3370830033
49751 2.2878882508
49752 2.1695739325
50021 2.1050153050
50189 2.0667661178
50947 1.9987570106
50972 1.9075708870
51083 1.8761571140
51149 1.8613658564
51297 1.7930355388
51351 1.7579085843
51505 1.5480463639
52617 1.4686027559
52752 1.4672554343
52783 1.4326195077
52821 1.4068742101
52832 1.3834150291
52911 1.3185671328
53046 1.3042128471
53259 1.2461098150
53303 1.2190822794
53464 1.2152817210
53572 1.1815947428
53600 1.1569877334
54079 1.1510785127
54133 1.1255053785
54237 1.0989698080
54827 1.0942576236
55022 1.0216266324
55061 1.0179108206
55125 1.0092730003
55135 0.9770733781
55185 0.8920349126
55267 0.8122242701
55505 0.7742097729
55529 0.6727696374
55836 0.6632081691
56107 0.6366938416
56216 0.6245748463
56386 0.6046661076
56455 0.5834283558
56489 0.5481806784
56776 0.5269269513
57083 0.5157820931
57533 0.4940187922
57536 0.4825878662
57722 0.4503610225
57859 0.4373235896
57890 0.4073414504
58299 0.4069179589
58326 0.3968879326
58404 0.3871630049
58570 0.3495540063
58846 0.3264353775
58885 0.3044889976
58912 0.3034382720
59142 0.3023589447
59363 0.2936083991
59784 0.2706234229
59791 0.2384948085
59857 0.2077229993
60180 0.2038187085
60294 0.1862329567
60462 0.1778918854
60571 0.1521788433
60658 0.1452502894
61003 0.1314349944
61321 0.1017155674
61843 0.0935437446
61999 0.0915232052
62143 0.0833887810
62433 0.0790093829
62549 0.0728222716
62676 0.0722707727
62682 0.0681947094
62987 0.0547040948
63252 0.0515205412
63403 0.0464328684
63450 0.0416049159
63597 0.0397418154
63634 0.0362982652
63687 0.0348175005
63836 0.0295522383
63906 0.0287858234
64012 0.0263440416
64090 0.0226448282
64613 0.0177386734
64946 0.0149287671
65141 0.0128325001
65285 0.0120117918
65437 0.0090387124
65523 0.0079372120
65595 0.0060166324
66019 0.0051787257
66106 0.0051500077
66131 0.0044669256
66236 0.0041024344
66446 0.0035895627
66464 0.0034023159
66472 0.0033816460
66489 0.0033787811
66523 0.0032849361
66653 0.0029631728
66691 0.0018417707
66886 0.0017586112
66909 0.0014201372
67228 0.0010589277
67377 0.0009510338
67522 0.0008492180
67628 0.0007425139
67747 0.0007128506
67821 0.0006903610
67860 0.0006642458
67902 0.0004882877
67944 0.0004300097
68103 0.0004139544
68132 0.0004000321
68139 0.0003822638
68170 0.0003799399
68260 0.0003560455
68267 0.0003376513
68293 0.0002434268
68384 0.0001749258
68514 0.0001748378
68595 0.0000996512
68766 0.0000872978
68992 0.0000456750
69459 0.0000420269
69535 0.0000397406
69641 0.0000362149
69721 0.0000307447
69861 0.0000290415
69894 0.0000236982
70060 0.0000214545
70141 0.0000214491
70170 0.0000183769
70171 0.0000157786
70253 0.0000138112
70277 0.0000118676
70397 0.0000073366
70475 0.0000062575
70758 0.0000060058
70867 0.0000050509
70891 0.0000038598
71016 0.0000034833
71303 0.0000030865
71310 0.0000024534
71503 0.0000024242
71613 0.0000018478
71746 0.0000017707
71791 0.0000016825
71797 0.0000014357
71808 0.0000010181
71821 0.0000007650
72045 0.0000007602
72084 0.0000007466
72123 0.0000005581
72421 0.0000003415
72677 0.0000002611
72685 0.0000002006
72862 0.0000001642
73090 0.0000001588
73119 0.0000001540
73204 0.0000001295
73215 0.0000001084
73377 0.0000001000
73521 0.0000000880
73529 0.0000000853
73565 0.0000000527
73668 0.0000000460
73913 0.0000000324
74082 0.0000000306
74089 0.0000000235
74324 0.0000000205
74392 0.0000000198
74458 0.0000000099
74684 0.0000000093
74695 0.0000000078
74756 0.0000000078
74780 0.0000000048
74974 0.0000000039
75246 0.0000000031
75279 0.0000000031
75313 0.0000000027
75468 0.0000000023
75537 0.0000000022
75652 0.0000000018
75758 0.0000000010
75873 0.0000000009
75877 0.0000000008
75989 0.0000000008
76075 0.0000000006
76105 0.0000000006
76131 0.0000000004
76323 0.0000000004
76324 0.0000000004
76412 0.0000000003
76555 0.0000000003
76557 0.0000000003
76571 0.0000000003
76608 0.0000000003
76646 0.0000000002
76728 0.0000000001
76904 0.0000000001
76909 0.0000000001
77114 0.0000000001
77179 0.0000000001
77188 0.0000000001
77229 0.0000000001
77502 0.0000000000
77569 0.0000000000
77723 0.0000000000
77729 0.0000000000
77825 0.0000000000
77963 0.0000000000
78069 0.0000000000
78140 0.0000000000
78173 0.0000000000
78200 0.0000000000
78323 0.0000000000
78349 0.0000000000
78367 0.0000000000
78494 0.0000000000
78543 0.0000000000
78642 0.0000000000
78700 0.0000000000
78752 0.0000000000
78883 0.0000000000
79021 0.0000000000
79042 0.0000000000
79046 0.0000000000
79055 0.0000000000
79063 0.0000000000
79216 0.0000000000
79280 0.0000000000
79294 0.0000000000
79301 0.0000000000
79423 0.0000000000
79597 0.0000000000
79622 0.0000000000
79646 0.0000000000
79684 0.0000000000
79856 0.0000000000
79976 0.0000000000
79993 0.0000000000
80034 0.0000000000
80070 0.0000000000
80114 0.0000000000
80171 0.0000000000
80314 0.0000000000
80453 0.0000000000
80500 0.0000000000
80677 0.0000000000
80709 0.0000000000
80742 0.0000000000
81053 0.0000000000
81279 0.0000000000
81452 0.0000000000
81784 0.0000000000
82393 0.0000000000
evaluations raw_y
1 1898161.2775993666
2 832636.7541561584
3 456716.3079966324
13 411167.9705021629
14 337367.2300140638
17 175541.7845027129
67 101961.0468353278
73 84051.1427425136
210 59864.6991588254
240 32322.6156111601
385 29641.7712561168
1059 19609.5385628761
1234 17865.7192746107
1250 8390.4323361742
1390 8287.1442489517
1425 5948.6497054828
1480 5087.5203759594
1542 4503.3638217348
1546 2942.8859247280
1551 2906.7878719225
1610 2124.6090411712
1698 1916.8791462891
1711 1694.6950350306
1715 1103.6921093845
1807 985.4778026392
1846 716.2720248458
2015 612.5397636057
2037 573.4792410470
2051 457.4526677687
2160 346.8930476613
2275 342.5790235543
2338 333.3023555548
2355 330.7204889802
2362 306.5845280891
2384 274.6675086005
2403 274.5808209689
2409 200.5231342985
2476 163.6169388010
2599 152.8678408301
2644 106.6442751670
2781 100.8422698940
2911 80.0437240619
2977 76.4273313095
3133 67.6526275510
3237 65.9633348868
3297 60.1776732672
3313 55.2410594635
3418 46.8401872858
3572 44.5075959757
3615 38.8764466498
3630 35.4515673482
3646 33.9299153940
3752 30.8788304896
3770 29.7319939274
3968 29.2902256378
3979 28.5564039604
3981 28.1039162198
4032 26.2166467933
4146 24.7676777436
4248 22.2172752849
4538 19.8051200347
5019 19.5750122602
5020 19.5385002560
5108 19.4765928100
5195 19.2288516464
5283 19.1496226630
5316 18.9987665809
5383 18.9258421131
5391 18.8344522684
5509 18.7437699803
5578 18.7265903581
5594 18.6985294873
5638 18.6531838699
5666 18.4768346953
5784 18.4456341330
5827 18.3792645229
5840 18.3761685161
5947 18.2842931489
6056 18.2270530508
6131 18.1885695323
6647 18.1479394435
6768 18.0362135196
6827 18.0356854264
6863 18.0021211975
7173 17.9007332891
7206 17.8634492699
7369 17.7081633761
7424 17.6485469152
7572 17.5780342749
7938 17.5669362462
7967 17.4923626939
8053 17.3232740141
8386 17.1377364194
8629 17.0520610998
8679 16.9557355234
8819 16.7630453915
9255 16.7485497024
9878 16.6932965427
9937 16.4739603448
9971 16.3111763569
10014 16.1554289994
10285 15.9112612871
10392 15.7985318365
10555 15.7284030476
10795 15.4412650793
10970 15.4297312037
11364 15.2999786143
12099 15.2871031861
12132 15.1600855368
12593 14.9202761020
12828 14.4596373149
13511 14.3252563530
13823 14.0231020765
14291 13.8740925581
14474 13.7571487616
14882 13.3576401925
15709 13.3103206723
15976 13.2331462173
15984 13.1828879489
16103 13.1807908979
16207 13.1106124821
16343 13.0943180392
16575 13.0822092550
16712 12.9975425960
16860 12.9821009778
16922 12.9360969816
16975 12.9016240263
16993 12.8967751098
17076 12.8069038734
17276 12.7873175189
17327 12.7680361009
17382 12.6729128045
17547 12.5276941625
18614 12.4118836781
18680 12.2915727311
18828 12.2188828998
18891 12.1167821279
19003 12.0318700335
19258 11.9513387402
19308 11.9446773127
19347 11.9237030624
19447 11.8962371684
19534 11.7948145247
19901 11.7853454548
19990 11.6727304366
20347 11.5971040449
20569 11.5386223183
20832 11.5138035828
20853 11.2647628260
21040 11.1406418884
22031 11.0347334976
22271 10.8561275424
22460 10.8127249675
22592 10.7966885055
22771 10.7437730278
22781 10.7225833370
23032 10.6151266403
23373 10.4829139099
24070 10.4471154931
24119 10.3103830453
24411 10.2044021891
24599 10.2013069712
24614 10.1011279318
24649 10.0752383425
24759 10.0057799066
25043 9.9823157958
25136 9.9522925024
25155 9.8830240965
25390 9.8822747602
25425 9.6989838626
25650 9.6957757922
25765 9.6900084225
25799 9.6097961873
25995 9.6048833893
26002 9.5442110407
26164 9.4796125309
26577 9.4074427914
26681 9.3655693434
26718 9.3561492979
26926 9.2456804738
27183 9.2238325173
27189 9.1977286705
27198 9.1581515917
27219 9.0702909814
27687 8.9665892620
27799 8.9594512180
27990 8.8005358849
28264 8.7366752623
28560 8.7322535428
28639 8.7077035501
28804 8.4811256322
28978 8.4605162031
29431 8.3315363715
29819 8.2218331484
29990 8.2156215379
30456 8.1531439682
30461 8.0948091336
30667 8.0378352205
30776 8.0339587920
30808 7.8534928495
31079 7.7617522729
31255 7.6960949686
31396 7.6959574977
31614 7.5735646136
31941 7.5478478666
32037 7.5444560414
32065 7.3738151980
32225 7.3158730863
32563 7.3026925838
32618 7.2979847407
32730 7.2090360667
32871 7.0179739629
33562 7.0150488831
33585 6.9827848081
33654 6.8787884493
34094 6.7936091317
34251 6.7233907475
34419 6.7191291903
34438 6.4082917403
34914 6.3568527647
35471 6.3475454369
35567 6.1737849229
35789 6.0908147443
36118 5.9175042459
36399 5.8527805708
36578 5.7326368102
36981 5.7264376731
37200 5.6955762581
37260 5.6539666141
37299 5.6527417356
37408 5.6050653556
37834 5.6026328401
37843 5.5247480773
37938 5.5192240063
38047 5.5121276502
38095 5.4983754687
38111 5.4932358003
38190 5.4664796270
38251 5.4468484713
38254 5.4111592317
38496 5.3896441798
39180 5.2364327518
39401 5.2333978186
39736 5.1915843623
39824 5.1436043386
39907 5.0875835890
40046 4.9887112476
40142 4.9391311520
40308 4.9258452187
40313 4.8603772831
40415 4.8320833784
40593 4.7531279508
40965 4.6496502425
41114 4.5276966253
41312 4.4968753903
41457 4.4163521528
41524 4.4004136765
41850 4.2291392973
42171 3.9883075954
42680 3.9826233159
42765 3.9775190880
42789 3.9234812841
43094 3.9231449200
43173 3.9087379169
43355 3.8937685487
43364 3.8041192685
44089 3.7628931313
44225 3.5821780695
44306 3.4949448393
44588 3.4720857576
45073 3.4602103033
45239 3.3885884195
45304 3.3474057084
45402 3.2401799957
45423 3.2377315180
45475 3.2230351898
45505 3.1077225437
45566 3.0971674887
45613 3.0130540736
45708 2.9980260165
45774 2.9658350912
45884 2.9258582032
45923 2.9182912392
45997 2.8143218692
46179 2.8059321425
46306 2.7569686081
46802 2.7561076915
46836 2.7071933702
47017 2.6516507685
47022 2.6279871061
47079 2.5633007432
47265 2.4907190037
47363 2.4894468225
47554 2.4340447414
48466 2.4046695206
48630 2.3212052016
48643 2.1585094355
48845 2.0923517632
48909 2.0161844463
49104 1.9894989107
49105 1.9588132586
49330 1.9158024546
49520 1.8410014688
49827 1.8032646323
49881 1.7425245168
49929 1.7275064264
49934 1.6917395905
50189 1.6641774013
50272 1.5405255962
50625 1.5235529559
50690 1.5173423814
50749 1.5167732566
50898 1.4869324190
50914 1.4537376054
50945 1.3102678654
51268 1.2765562326
51293 1.2561228646
51441 1.2008877272
51557 1.1798803877
51573 1.1771433377
51614 1.1702571652
51697 1.1581412101
51732 1.1219755820
51841 1.0516043562
52091 1.0381261045
52221 1.0365806649
52290 1.0248975131
52361 0.9842457487
52522 0.9805249119
52713 0.9674785495
53022 0.9456359782
53103 0.9418452924
53165 0.8623052699
53341 0.8618755139
53354 0.8373279724
53443 0.8216474577
53513 0.8200422375
53869 0.8084751579
54098 0.7923523553
54189 0.7690792068
54791 0.7576587690
54808 0.7391313573
54912 0.7380598098
54922 0.6245545783
55181 0.6194664230
55364 0.5969046830
55403 0.5540410494
55539 0.5528945388
55702 0.5149468100
55975 0.4710617602
56075 0.4632352523
56212 0.4311442586
56318 0.3920892135
56524 0.3728516503
56588 0.3665067495
57065 0.3662187757
57185 0.3436245501
57398 0.2813914884
57835 0.1978518036
58477 0.1962403501
58583 0.1920188855
58905 0.1884302154
59011 0.1810219155
59127 0.1624460125
59163 0.1498133444
59406 0.1220171900
59682 0.1020540207
60017 0.0862517337
60067 0.0859185611
60160 0.0846158590
60667 0.0777255377
61039 0.0754375316
61233 0.0677478455
61351 0.0559306936
61638 0.0474112775
61765 0.0416223746
61857 0.0352102353
62021 0.0251729232
62163 0.0244078965
62321 0.0227406462
62346 0.0208276784
62773 0.0203991911
62842 0.0198616873
62863 0.0190152100
62874 0.0170719578
62924 0.0147201009
63003 0.0144491755
63123 0.0134973106
63145 0.0119587739
63304 0.0112531703
63477 0.0102967110
63497 0.0095877481
63636 0.0077401844
63975 0.0058139036
64176 0.0038646163
64501 0.0028399720
64545 0.0027770715
64781 0.0023341502
65105 0.0021739211
65359 0.0014039757
65915 0.0012789608
65944 0.0012564881
66219 0.0010782254
66469 0.0008979807
66598 0.0007405938
66641 0.0005023733
66822 0.0003840998
67254 0.0002601969
67342 0.0002154562
67575 0.0001702096
67636 0.0001137380
67847 0.0000840211
67989 0.0000824914
67994 0.0000768420
68144 0.0000749623
68322 0.0000605691
68406 0.0000578217
68410 0.0000577579
68419 0.0000555266
68502 0.0000481558
68510 0.0000393753
68661 0.0000292043
68763 0.0000180191
69052 0.0000130804
69163 0.0000095288
69323 0.0000093603
69408 0.0000068843
69469 0.0000037314
69968 0.0000026352
70052 0.0000021443
70133 0.0000015729
70466 0.0000014689
70473 0.0000014458
70516 0.0000013104
70633 0.0000008849
70780 0.0000006140
70921 0.0000003933
71060 0.0000003536
71138 0.0000003076
71264 0.0000002262
71285 0.0000001644
71535 0.0000001169
71784 0.0000001046
71839 0.0000000933
71889 0.0000000926
71939 0.0000000838
71984 0.0000000794
72061 0.0000000765
72097 0.0000000702
72109 0.0000000694
72172 0.0000000553
72221 0.0000000492
72231 0.0000000355
72254 0.0000000319
72562 0.0000000285
72585 0.0000000270
72632 0.0000000255
72682 0.0000000177
72782 0.0000000147
72960 0.0000000115
73051 0.0000000095
73052 0.0000000087
73055 0.0000000079
73120 0.0000000078
73196 0.0000000068
73395 0.0000000062
73402 0.0000000038
73555 0.0000000035
73617 0.0000000029
73689 0.0000000028
73794 0.0000000020
73872 0.0000000019
74024 0.0000000019
74056 0.0000000017
74086 0.0000000005
74687 0.0000000005
74840 0.0000000005
74844 0.0000000004
74874 0.0000000004
74914 0.0000000004
74960 0.0000000003
74991 0.0000000003
75109 0.0000000002
75236 0.0000000002
75258 0.0000000002
75283 0.0000000002
75333 0.0000000001
75488 0.0000000001
75742 0.0000000001
75838 0.0000000001
75889 0.0000000001
75904 0.0000000001
76007 0.0000000001
76024 0.0000000001
76069 0.0000000000
76080 0.0000000000
76105 0.0000000000
76153 0.0000000000
76155 0.0000000000
76169 0.0000000000
76213 0.0000000000
76268 0.0000000000
76319 0.0000000000
76385 0.0000000000
76690 0.0000000000
76890 0.0000000000
77087 0.0000000000
77105 0.0000000000
77286 0.0000000000
77505 0.0000000000
77516 0.0000000000
77778 0.0000000000
78141 0.0000000000
78235 0.0000000000
78244 0.0000000000
78367 0.0000000000
78651 0.0000000000
79337 0.0000000000
79834 0.0000000000
evaluations raw_y
1 811982.9426716741
2 592328.6031692867
5 531058.5075306199
12 436790.3631789695
18 244697.5210853941
64 202959.8919020959
113 190222.5251580254
120 159689.0754505304
134 154702.9899813760
135 44976.7149452590
251 34670.9018518379
950 23711.8218020917
1262 14048.6166035109
1301 13857.3458246200
1327 13242.0791962912
1422 11286.7726915241
1455 10811.3381367909
1489 9321.4835027173
1524 6366.1445410754
1547 5479.9869811519
1620 5347.9883854675
1627 4296.0344965034
1650 3233.2428882964
1651 2548.8879414056
1685 2434.6170172325
1720 1741.5158931899
1789 1361.5033347795
2074 645.6009640754
2143 537.9272576634
2318 472.5734902271
2321 455.0771299218
2338 446.0663641465
2354 443.3246238252
2418 324.8023668637
2460 174.2563919175
2785 171.4160492814
2852 162.2876708840
3026 132.5953201147
3161 114.7466471925
3205 101.4131263706
3246 99.4541613263
3248 95.0043953182
3304 60.0690672030
3631 59.5008431809
3728 42.8586947199
4070 42.6421626308
4099 39.9824203232
4135 37.7732409105
4217 32.4673053912
4256 30.9954110142
4263 29.2928018213
4367 26.5297025301
4492 22.4182532648
4535 21.9026871109
4842 21.8628035082
4915 21.3033308759
5039 20.2634758797
5080 20.2447371226
5086 20.0944116983
5171 19.6968569525
5320 19.5215897444
5324 19.1667913228
5327 19.1642944085
5469 18.9724471511
5509 18.8711818075
5569 18.8631713914
5571 18.6551951442
5772 18.3358073455
5926 18.3275523546
6213 18.2464805336
6307 18.2096844336
6375 18.1934253752
6448 18.1837199516
6577 18.1656186518
6685 18.0297445644
6693 18.0256366178
6855 17.9767911442
7337 17.8353954192
7644 17.8281265461
7648 17.7793476590
7773 17.7559026493
7779 17.7156353377
8222 17.6727919798
8362 17.5340640837
8701 17.5063973680
8727 17.3247194859
8816 17.1413634601
8993 17.0819942227
9053 16.8478164495
9403 16.8354504917
9420 16.4553273855
9651 16.3135702016
10708 16.2786703952
10840 16.1477831115
10998 16.0308319420
11007 15.9616078973
11053 15.8442828016
11116 15.7395660575
11414 15.7061552563
11425 15.5946659382
11584 15.5788118499
11587 15.5688901853
11643 15.4801305013
11691 15.4692879501
11744 15.4404910382
11790 15.3397748312
11792 15.2356860792
12160 15.1695404139
12492 15.1286588249
12516 15.0645847606
12583 14.8400989877
12602 14.8018683943
13249 14.7272146137
13409 14.6733275063
13556 14.5971840051
14385 14.5347206334
14523 14.4087471251
14543 14.2607758105
14618 14.0870244723
14672 13.8679322760
15003 13.8377875421
15052 13.8262361499
15135 13.6348817507
15465 13.6266076852
15837 13.5381609576
16144 13.5266830386
16156 13.4435979309
16186 13.3794793331
16288 13.3479141772
16307 13.3396766666
16474 13.2090496576
16631 13.2038132997
16691 13.1619323793
16728 13.1136831992
16772 13.1121387901
16782 13.0642336949
16801 12.9635537183
17173 12.9268656078
17234 12.8261403373
17644 12.8232116575
17652 12.7233151196
17742 12.7006698755
17751 12.6625871981
18085 12.5634805581
18457 12.5559787917
18507 12.4592050906
18623 12.3907262570
18746 12.3050668842
19179 12.1447206183
19431 12.0310779328
19540 11.7520172374
20270 11.7409134533
20351 11.6957628634
20451 11.6906192765
20476 11.5969934923
20503 11.5452828987
20974 11.4161002446
20980 11.4060086057
21134 11.3963889958
21168 11.3615846619
21810 11.2851340006
21926 11.1925268826
22142 11.0142655632
22322 10.9852346093
22372 10.8209296694
22697 10.6190037418
23240 10.5636891359
23478 10.5524191807
23636 10.4215821428
23854 10.3847972313
23874 10.3522153565
23929 10.3486720826
24001 10.3411311466
24030 10.3029425902
24074 10.0803110073
24694 9.9069555101
24927 9.8099469661
26122 9.7643517635
26168 9.7522311412
26250 9.6132428249
26322 9.5474168066
26363 9.4431491710
26507 9.1479642129
27208 9.1311225505
27240 8.9128621855
27525 8.9010586582
28114 8.8097546434
28671 8.8004495249
28672 8.7743140296
28679 8.7337203912
28712 8.6979440156
28822 8.6788757772
28873 8.6536010182
28906 8.6525555364
28957 8.5621503157
28978 8.5452062884
28987 8.5320705606
29072 8.4865891362
29098 8.4709432857
29147 8.4430694387
29162 8.4427767670
29464 8.4309202203
29715 8.3811716744
30273 8.3768042743
30280 8.2793943932
30451 7.9402635676
30870 7.8960016026
31204 7.8697859937
31251 7.7249834470
31806 7.7237549614
31830 7.6197018574
31839 7.5856919172
32072 7.5589089945
32439 7.3035140437
32910 7.0668556425
33325 7.0380627660
33451 7.0164673013
33661 6.9963324946
33697 6.9685609390
33704 6.8131234255
33748 6.8064134997
34085 6.7305103287
34714 6.6983682987
34787 6.6240543426
34869 6.5064696106
35271 6.5063065818
35339 6.4119445747
35343 6.3795332687
35436 6.3326385596
35577 6.3220845987
35611 6.2953845033
35617 6.2855619266
35709 6.2735794705
35718 6.2614399100
35721 6.2561351969
35781 6.1831807344
35968 6.1667638524
36194 6.1583507031
36253 6.1408761803
36254 6.1397258655
36479 6.0898253278
36656 5.9901311872
36904 5.8756520933
37732 5.8484039978
37798 5.7761450751
37861 5.7609532712
37888 5.7200586014
38006 5.6541548996
38087 5.5969779007
38273 5.5939009975
38327 5.5936136955
38398 5.5721376191
38467 5.5528981107
38512 5.4907501703
38520 5.4086726537
39115 5.3597521621
39247 5.3003522699
39306 5.1844730894
40031 4.9167764182
40232 4.9160643522
40615 4.8202395923
40665 4.7895565217
40728 4.7094225537
41296 4.6466932065
41572 4.4228796537
42120 4.3266792317
42259 4.2817379019
42297 4.2512801252
42501 4.2241634924
42649 4.2172785215
42752 4.2048657037
42862 4.1214370582
42882 4.0127454127
43015 3.9969247935
43781 3.9871434887
43845 3.9734233318
43910 3.9633028800
43947 3.9086762667
43949 3.8814518809
43961 3.8735046719
43975 3.8167703844
44009 3.7657520137
44041 3.6842329330
44182 3.6795453464
44188 3.5832360378
44506 3.5298157055
44677 3.5195224929
45445 3.4476720113
45710 3.2971164539
45880 3.2655717210
46095 3.1707867775
46550 3.1551594736
46712 3.1405674104
46779 3.0891533797
46786 3.0570754383
46836 2.9659541976
46851 2.8200419637
47149 2.6398303807
47313 2.4776916897
47643 2.4718430353
47769 2.3981835769
47812 2.2976433878
48561 2.2909979602
48620 2.2418985363
48621 2.2398808187
48654 2.2109469313
48777 2.2013349962
49104 2.1371373923
49309 1.9815987439
49457 1.9666092288
49486 1.8829515049
49500 1.8269131449
50154 1.8129618146
50162 1.7288014545
50289 1.7225734064
50338 1.5939056726
51291 1.4936141726
51322 1.4618685788
51421 1.3385185675
51492 1.2615949212
51730 1.2335507836
51775 1.2132556734
51873 1.1711662526
52236 1.1444356619
52417 1.0898822639
52570 1.0886008458
52712 1.0826373812
52718 1.0153585292
52856 0.9968988152
52987 0.9824273469
53066 0.9224262608
53177 0.8818814973
53200 0.8783780204
53269 0.8564757633
53361 0.8257422082
53709 0.7916653342
54078 0.7422930010
54111 0.6960299216
55023 0.6854260293
55091 0.6746842029
55100 0.6534809474
55211 0.6184335539
55389 0.6112186176
55445 0.6073638404
55475 0.6068750273
55549 0.5324602469
55858 0.4514023783
56718 0.3516095701
56845 0.3277213873
57032 0.3098914215
57291 0.2946343743
57293 0.2773436681
57402 0.2758112274
57826 0.2736363157
57907 0.2422617267
58372 0.2414582861
58392 0.1840714313
58428 0.1740679478
58917 0.1569984668
59031 0.1519366459
59051 0.1467129575
59208 0.1461421489
59228 0.1421995437
59294 0.1193429439
59504 0.1140532390
59638 0.1081640719
59813 0.0996955319
59958 0.0996545625
60132 0.0923087059
60144 0.0830523099
60346 0.0826757332
60451 0.0818718376
60551 0.0807167805
60588 0.0796308498
60655 0.0768696660
60832 0.0727803840
60978 0.0681985106
61028 0.0656713862
61071 0.0584713296
61124 0.0554627429
61190 0.0478073528
61914 0.0468345379
61973 0.0445581418
62105 0.0437455390
62185 0.0354323938
62241 0.0333317156
62339 0.0328517995
62401 0.0316144082
62500 0.0233358619
62789 0.0223860355
62835 0.0216330200
62844 0.0190879368
63255 0.0188419909
63298 0.0158492016
63337 0.0147887433
63775 0.0109300865
63850 0.0091032391
63992 0.0086899883
64070 0.0066292206
64581 0.0061036804
64614 0.0057470337
64712 0.0048520173
64721 0.0037371769
65019 0.0037297947
65098 0.0036737517
65110 0.0036276809
65135 0.0031037075
65147 0.0030955368
65177 0.0030444815
65192 0.0027026300
65275 0.0026486938
65290 0.0026131752
65455 0.0023094128
65484 0.0022600665
65521 0.0017083780
65650 0.0011905467
65707 0.0011811547
65962 0.0009249461
66290 0.0008196190
66418 0.0006499550
66495 0.0004567095
66654 0.0003064661
66756 0.0002993599
66795 0.0002944353
66851 0.0002297220
66852 0.0002170236
66951 0.0002168107
66969 0.0001960369
67087 0.0001690692
67089 0.0001685614
67156 0.0001430943
67191 0.0001349392
67257 0.0001201266
67348 0.0001131410
67436 0.0000825974
67564 0.0000700529
67610 0.0000548119
67826 0.0000370463
68023 0.0000327782
68080 0.0000186435
68251 0.0000184072
68306 0.0000181992
68571 0.0000181818
68634 0.0000149991
68679 0.0000133522
68720 0.0000120000
68760 0.0000098314
68841 0.0000083384
68906 0.0000075829
68931 0.0000074212
69041 0.0000062938
69169 0.0000052224
69224 0.0000050433
69270 0.0000042250
69292 0.0000041538
69374 0.0000031999
69384 0.0000031996
69442 0.0000029778
69443 0.0000026902
69549 0.0000021470
69944 0.0000021218
69955 0.0000020995
69971 0.0000017161
70026 0.0000016562
70043 0.0000010588
70251 0.0000010357
70295 0.0000007795
70375 0.0000006973
70379 0.0000006905
70421 0.0000006406
70490 0.0000006029
70506 0.0000005848
70616 0.0000004739
70668 0.0000003786
70718 0.0000002669
70847 0.0000002319
71001 0.0000001373
71244 0.0000001317
71371 0.0000001172
71531 0.0000001162
71545 0.0000000843
71706 0.0000000561
71760 0.0000000558
71987 0.0000000556
72010 0.0000000418
72023 0.0000000389
72066 0.0000000351
72112 0.0000000210
72344 0.0000000158
72502 0.0000000154
72544 0.0000000142
72673 0.0000000060
73047 0.0000000059
73065 0.0000000054
73090 0.0000000043
73152 0.0000000039
73246 0.0000000031
73263 0.0000000028
73350 0.0000000027
73395 0.0000000023
73582 0.0000000020
73682 0.0000000018
73699 0.0000000015
73737 0.0000000012
73781 0.0000000011
73817 0.0000000010
73842 0.0000000009
73934 0.0000000009
73972 0.0000000008
74044 0.0000000008
74046 0.0000000008
74101 0.0000000007
74134 0.0000000006
74196 0.0000000005
74245 0.0000000003
74534 0.0000000003
74544 0.0000000003
74612 0.0000000003
74643 0.0000000003
74700 0.0000000002
74765 0.0000000002
74806 0.0000000002
74861 0.0000000002
74921 0.0000000001
75253 0.0000000001
75304 0.0000000001
75383 0.0000000001
75455 0.0000000000
75571 0.0000000000
75769 0.0000000000
75803 0.0000000000
75861 0.0000000000
75960 0.0000000000
75994 0.0000000000
76070 0.0000000000
76077 0.0000000000
76139 0.0000000000
76224 0.0000000000
76330 0.0000000000
76486 0.0000000000
76487 0.0000000000
76647 0.0000000000
76767 0.0000000000
76820 0.0000000000
76839 0.0000000000
77037 0.0000000000
77127 0.0000000000
77208 0.0000000000
77359 0.0000000000
77602 0.0000000000
77609 0.0000000000
77698 0.0000000000
77861 0.0000000000
77940 0.0000000000
78201 0.0000000000
78397 0.0000000000
78440 0.0000000000
78572 0.0000000000
78645 0.0000000000
78874 0.0000000000
78941 0.0000000000
78966 0.0000000000
79177 0.0000000000
79253 0.0000000000
79760 0.0000000000
80324 0.0000000000
81125 0.0000000000
evaluations raw_y
1 211257.7402638423
35 197663.5068329959
44 145197.6352700225
65 84033.7686318677
123 75345.4353724820
143 41862.1205213642
210 39730.5523519970
211 31471.8503779919
265 29153.2761149826
270 24225.2042137800
362 20767.6080375122
398 13694.9952539110
1003 12389.0700189173
1006 8485.1027186115
1010 4609.9700137227
1074 4244.5902018576
1209 4196.3445057312
1323 2446.4612478828
1454 2248.0011324205
1473 2188.2209201586
1489 2123.9076018857
1493 1742.6828226415
1506 1609.5080252558
1565 1454.7653336743
1674 757.7922777739
1676 696.5108115816
1734 486.8850522226
1815 468.4749139776
1893 449.4255308444
1938 430.9774486009
1983 425.6967964537
1995 416.3390878340
2053 410.6677650923
2149 374.1911605086
2221 359.6625004343
2224 249.8409840121
2281 216.5321232832
2518 158.4500029785
2729 147.5666243927
2734 147.3129072533
2757 140.5876196960
2764 137.8156921974
2783 126.9761372246
2809 111.2888544371
2844 105.4083917988
2969 89.2768953940
2996 69.4778758506
3138 68.2818688441
3202 62.2059337464
3301 54.1411146899
3320 51.4701149332
3349 51.3149433994
3449 48.0802001770
3485 44.6754086639
3528 39.2675690365
3587 35.8398442100
3695 33.7306164841
3731 32.6304823507
3753 26.1122330027
4140 25.7924766085
4191 24.1281483659
4309 23.3744667080
4358 22.4761185521
4381 22.2200680168
4420 22.0434471484
4517 21.1432880601
4625 20.8670381860
4629 20.8635026449
4633 20.8390822920
4655 20.5886560821
4764 20.5007263091
4794 20.2749414429
4836 20.0759773123
4890 20.0375136574
4901 19.9812582168
4942 19.8882956449
4950 19.7376809553
5005 19.1563703344
5148 18.8556920977
5245 18.6769755281
5286 18.5907286009
5446 18.5864290596
5546 18.4314647766
5590 18.2891681014
5706 18.2650370964
5709 18.1799724075
5877 18.0889119438
6238 18.0835174736
6373 17.9791158714
6413 17.9347607438
6959 17.8562245709
7006 17.7181959947
7098 17.5200245088
7145 17.5089454351
7279 17.3025257084
7384 17.2894784951
7989 17.2605963693
8068 17.0897007992
8073 16.7219673043
8914 16.6282507002
9002 16.4356043782
9203 16.4247104204
9246 16.4114454830
9291 16.2063777548
9624 16.1540596156
9684 15.9311120470
10060 15.9259609868
10099 15.9045266151
10112 15.7886377084
10164 15.7434031962
10216 15.7049799589
10421 15.6644282753
10602 15.5912470044
10677 15.5092510321
10780 15.4743183963
10837 15.4385299069
10963 15.4076549126
11368 15.2917837916
11588 15.2630383499
11637 15.2559195608
11693 15.2310819097
11737 15.1337132878
11768 15.0408647377
11811 15.0253821042
11914 15.0031192360
11932 14.9135796178
12175 14.8590755703
12190 14.8165431001
12230 14.8110134946
12272 14.7873540668
12301 14.7575494237
12324 14.6996874412
12352 14.6575303633
12598 14.6001573556
12714 14.5816692506
12789 14.5095216507
12945 14.4844783408
13166 14.4785891711
13208 14.4736847423
13276 14.4090916675
13339 14.3728335374
13368 14.2908829921
13820 14.2762053686
13889 14.1441449267
13962 14.1408727918
14182 14.0123095005
14186 13.9706961737
14221 13.8413619758
14456 13.7223654920
14530 13.6959666047
14803 13.6833594612
14805 13.6282961481
14954 13.5170347801
15081 13.5083854427
15374 13.4356516013
15739 13.2635583484
15836 13.2569278110
16146 13.0912908454
16903 13.0827366253
17033 13.0090686914
17121 12.8048807153
17494 12.7274755256
17532 12.7273800775
17543 12.6304575609
17706 12.6022698831
17885 12.5933053652
17886 12.4718322005
17903 12.4692269216
17939 12.3940862064
18030 12.3363167835
18127 12.3258474690
18234 12.1520720572
18852 12.0766684106
18979 12.0246177247
19017 12.0236767375
19300 12.0016160597
19364 11.8769794590
19901 11.8757678499
19988 11.7264826633
20368 11.6486969116
20472 11.4918978670
21756 11.4844153533
21765 11.4298646624
21809 11.3953991248
21824 11.1308157115
21893 11.1081142707
21926 11.1014397582
22220 11.1010218483
22254 11.0149313142
22545 10.9110276673
22589 10.8728763107
22679 10.7800570581
22937 10.7673372947
22972 10.7004983952
23054 10.6275592830
23108 10.5794696656
23276 10.5036848853
23674 10.4915693215
23892 10.3787306027
24064 10.3420077588
24298 10.2704064775
24304 10.2527805327
24468 10.2404173924
24494 10.2219333535
24817 10.0975936763
25211 10.0875938321
25287 10.0283879443
25643 9.7879296930
26420 9.7001495401
26864 9.5929317598
27115 9.3363122341
27585 9.2391902703
27636 9.1113338651
27752 8.9294582286
27830 8.9233916920
28035 8.8835504602
28769 8.7104554398
28872 8.4167176835
29449 8.4009337920
29751 8.4003193479
29923 8.3863506578
29932 8.3743362983
30073 8.2889061992
30140 8.2493019494
30211 8.1943499424
30624 8.1460189267
30850 8.0775562473
30995 7.8759103326
31399 7.8120269639
31547 7.7049575605
32431 7.5616919108
32492 7.4414856091
32931 7.4337319658
32990 7.3670037343
33166 7.3392948666
33219 7.2459092156
33293 7.2357097969
33375 7.2194371555
33393 7.0974128469
33639 7.0646916166
33738 7.0364200449
33811 7.0234209620
33819 6.9713095438
33928 6.9602807596
34547 6.9294695775
34653 6.7790621732
35057 6.7447325643
35059 6.6842003047
35189 6.6817613631
35249 6.6174669986
35255 6.4906439055
35645 6.4529879423
35836 6.3491031891
35975 6.3027483880
36371 6.2593120951
36764 6.2013243761
36824 6.1502459789
36866 6.1148513886
36917 6.0966285450
37027 6.0243026464
37235 5.9369543965
37397 5.9134076365
37760 5.7834913637
37882 5.6892684736
37885 5.6580238621
38067 5.6346268139
38158 5.5332553516
38184 5.5268840323
38236 5.5170471858
38520 5.4511622731
38860 4.9480467526
40219 4.8985326207
40378 4.8921072207
40430 4.8505295858
40449 4.8116628181
40483 4.7973906206
40602 4.7972270410
40623 4.7868241387
41189 4.6349111601
41492 4.6147081202
41973 4.5431623831
42501 4.3063128722
42750 4.0343446264
42963 4.0115480470
43280 3.9887358134
43302 3.9343619450
43328 3.9021009766
43528 3.8697759550
43634 3.8621256714
43638 3.8464273068
43677 3.8200399384
43682 3.7481597029
43719 3.7152450790
43775 3.6825828429
44077 3.6264469235
44642 3.5528474455
44974 3.3135774443
45159 3.2597981212
45303 3.2537455376
45423 3.1307838374
45845 2.9775719934
46312 2.9661684670
46663 2.8314274829
46842 2.7818170255
47433 2.7072077178
47560 2.6731972847
47613 2.6467150985
47859 2.6280843605
47920 2.5467052129
47961 2.4880145594
48074 2.4525956869
48098 2.4401550378
48133 2.4291030282
48141 2.4118888323
48206 2.3940684569
48234 2.3882563976
48270 2.3820999466
48288 2.3204979921
48386 2.2666669763
49127 2.2444795573
49278 2.1973171653
49667 2.0210801570
49899 2.0192973773
49964 1.9916682237
50231 1.9665431509
50402 1.9307458259
50622 1.6931121855
51071 1.6701983316
51335 1.5346892490
51382 1.4494146374
51391 1.4250391501
51718 1.3961954244
51953 1.3226641040
52209 1.2995563796
52537 1.2198051978
52647 1.1758093868
52693 1.1287153780
52965 1.1234452222
52971 0.9623112694
53472 0.9439584678
53496 0.9286625799
53831 0.9070994345
53914 0.8462979373
54277 0.8192392884
54374 0.8184307502
54379 0.8104147364
54380 0.7750909436
54471 0.7597207341
54498 0.7436014744
54703 0.7003865669
55135 0.6993308013
55206 0.6184090823
55517 0.6031784077
55680 0.5350070960
55852 0.5107048481
56213 0.4840781428
56536 0.4734933788
56754 0.4681617484
56833 0.4678236754
56890 0.4640630281
56952 0.4307114332
56973 0.4156373734
57042 0.3975962679
57352 0.3783543161
57374 0.3517864919
57516 0.2978825479
57899 0.2973563675
58405 0.2211169795
58658 0.2093653674
59030 0.2007751995
59259 0.1704960394
59409 0.1651214279
59548 0.1644634506
59596 0.1641083677
59633 0.1584144605
59635 0.1517757481
59642 0.1467905824
59662 0.1236353987
59900 0.1181824150
60159 0.1042665966
60392 0.0989073578
60393 0.0872448814
60907 0.0841808825
61095 0.0678601034
61895 0.0617447038
61928 0.0613689893
61932 0.0506146381
62151 0.0500344266
62183 0.0467249589
62193 0.0403972036
62268 0.0394193598
62490 0.0367391973
62723 0.0350337354
62726 0.0317391097
63082 0.0278540639
63085 0.0209355010
63396 0.0204348671
63430 0.0186159379
63478 0.0130079491
63740 0.0110374234
64081 0.0107687091
64346 0.0060871973
64506 0.0060153209
64516 0.0057067294
64701 0.0048135362
64799 0.0041545185
64898 0.0038887618
64902 0.0026809056
65254 0.0026533272
65367 0.0017441791
65808 0.0012423778
65925 0.0010364716
66336 0.0008381296
66374 0.0007359151
66423 0.0005484818
66811 0.0004633678
66814 0.0004590704
66868 0.0004500410
66931 0.0004339374
66983 0.0004032154
67057 0.0003510144
67094 0.0003302722
67106 0.0003263946
67116 0.0003227760
67122 0.0002680330
67257 0.0002395148
67270 0.0001861650
67333 0.0001073785
67483 0.0000929874
67756 0.0000913784
67905 0.0000854346
68000 0.0000794840
68036 0.0000672157
68229 0.0000627322
68285 0.0000572706
68319 0.0000571769
68345 0.0000527726
68348 0.0000507924
68358 0.0000504060
68391 0.0000238575
68789 0.0000233915
68808 0.0000121933
68937 0.0000075737
69307 0.0000060454
69417 0.0000042750
69506 0.0000036460
69672 0.0000026312
69903 0.0000024135
70031 0.0000021676
70055 0.0000019324
70126 0.0000017570
70152 0.0000013392
70200 0.0000013317
70250 0.0000006246
70674 0.0000006099
70688 0.0000005680
70713 0.0000004076
70847 0.0000003658
71068 0.0000003365
71099 0.0000003286
71104 0.0000003103
71142 0.0000003044
71145 0.0000002642
71162 0.0000002605
71165 0.0000002361
71229 0.0000002132
71264 0.0000001812
71316 0.0000001772
71436 0.0000001264
71511 0.0000001239
71523 0.0000001183
71586 0.0000001066
71753 0.0000000949
71790 0.0000000936
71824 0.0000000910
71865 0.0000000823
71866 0.0000000685
71920 0.0000000651
71959 0.0000000592
72010 0.0000000415
72021 0.0000000366
72232 0.0000000263
72299 0.0000000220
72535 0.0000000197
72576 0.0000000161
72625 0.0000000145
72707 0.0000000104
72845 0.0000000078
72973 0.0000000076
73068 0.0000000071
73093 0.0000000070
73128 0.0000000049
73425 0.0000000035
73542 0.0000000034
73598 0.0000000034
73645 0.0000000031
73715 0.0000000030
73734 0.0000000029
73769 0.0000000019
73778 0.0000000018
74026 0.0000000017
74054 0.0000000016
74109 0.0000000016
74126 0.0000000012
74175 0.0000000012
74263 0.0000000011
74313 0.0000000009
74365 0.0000000008
74481 0.0000000005
74703 0.0000000004
74795 0.0000000004
74807 0.0000000004
74900 0.0000000004
74928 0.0000000003
74943 0.0000000002
75085 0.0000000002
75115 0.0000000002
75175 0.0000000002
75243 0.0000000002
75314 0.0000000002
75321 0.0000000001
75363 0.0000000001
75678 0.0000000001
75714 0.0000000001
75775 0.0000000000
75888 0.0000000000
76083 0.0000000000
76134 0.0000000000
76434 0.0000000000
76543 0.0000000000
76627 0.0000000000
76716 0.0000000000
76733 0.0000000000
76784 0.0000000000
76857 0.0000000000
76859 0.0000000000
76975 0.0000000000
77014 0.0000000000
77044 0.0000000000
77117 0.0000000000
77392 0.0000000000
77393 0.0000000000
77551 0.0000000000
77665 0.0000000000
77717 0.0000000000
77782 0.0000000000
77813 0.0000000000
78075 0.0000000000
78082 0.0000000000
78245 0.0000000000
78407 0.0000000000
78419 0.0000000000
78534 0.0000000000
78577 0.0000000000
78756 0.0000000000
78781 0.0000000000
78824 0.0000000000
78847 0.0000000000
78888 0.0000000000
78965 0.0000000000
78978 0.0000000000
79265 0.0000000000
79276 0.0000000000
79874 0.0000000000
80247 0.0000000000
80996 0.0000000000
evaluations raw_y
1 1161905.3600936807
2 712530.1039338948
18 492818.9589930036
34 370722.8000650447
40 342823.5652105278
68 303225.0665860951
102 190490.5779322464
132 137454.8766113516
239 132049.5805159647
346 88904.5201779262
950 60558.1802448929
977 54708.7991946729
1146 48220.1023754871
1154 19190.6161289505
1487 18663.0079362716
1535 17821.5718881783
1542 16181.1987908294
1555 9049.3899327807
1619 5760.2923974930
1771 5282.1737568176
1869 4406.0104480951
1880 1457.9870879051
2163 1212.6618102338
2172 1146.7175261135
2275 584.7889840964
2334 406.5453191382
2616 299.5605259491
2834 248.2442056193
2853 247.8987378163
2977 222.6582453720
3061 203.3176808366
3098 194.5558871966
3118 63.8322044163
3732 63.5967874645
3816 60.5173854738
3827 55.0762312224
3834 49.7551966626
3912 43.3492898859
3924 42.1727143673
4004 41.5176140005
4061 39.9251229246
4091 37.1267844956
4143 34.3941020030
4279 33.3288054928
4311 31.1882816381
4348 29.3504295123
4428 27.5030020159
4558 27.3641003216
4627 27.1590579848
4638 25.4159217864
4804 24.8473545318
4808 24.5294464869
4863 24.5252340876
4919 24.0386351334
4923 23.5930871159
4954 22.7296584814
5008 22.3721023197
5095 21.9534115125
5261 21.9343089380
5289 21.9191310691
5341 21.5568779485
5350 20.3861077414
5611 20.1887060954
5722 20.1360048805
5729 20.0137218364
5802 19.7729829884
5925 19.7538424101
5943 19.6290207783
6072 19.6080725005
6117 19.5980553654
6190 19.5254482633
6226 19.4709489367
6355 19.4543313245
6367 19.3619844410
6477 19.3194572573
6623 19.1935674143
6752 19.1404042531
6831 19.1340532637
6847 19.0966776746
7372 19.0649774420
7618 19.0189923174
7668 18.9630245644
7766 18.9594324004
8043 18.9314679108
8149 18.9076958283
8419 18.9045091590
8652 18.8387492120
8734 18.6907088025
8966 18.6474789440
8968 18.6034816226
9011 18.5838564885
9068 18.5545994931
9116 18.4638184345
9277 18.4056856358
9377 18.3035284560
9529 18.1877982433
9814 18.0517726450
10299 18.0304369942
10339 18.0246940516
10347 17.9527383303
10381 17.8330743294
10409 17.7982199921
10433 17.7455740638
10474 17.6225657331
10595 17.6224940390
11187 17.3782443595
11888 17.3686597755
12002 17.3441245005
12073 17.1440717213
12140 16.9808223770
12205 16.9222287098
12483 16.8993406847
12539 16.8199084649
12568 16.7139369483
12629 16.6721248281
12696 16.6146216535
12774 16.5970627427
12784 16.5528736606
12799 16.3870243546
13144 16.3535215454
13156 16.3459140795
13363 16.3334185043
13391 16.2783902994
13488 16.2781933902
13502 16.2726958066
13542 16.2667860860
13544 16.2324030314
13750 16.1759274658
13753 16.1516728011
13797 16.0503610206
14724 15.9204535331
14978 15.9022642317
15065 15.6364165111
15351 15.3276229979
15920 15.2533311593
16235 15.1995557014
16332 15.1482518311
16435 15.0838705522
16453 15.0747434242
16478 14.9433563587
16657 14.9269424385
16816 14.9038249022
16852 14.8708805036
16853 14.8271267587
16987 14.6469783165
17016 14.6332335831
17612 14.6155625784
17658 14.5089841994
17999 14.4072418677
18015 14.2840281063
18192 14.2448623082
18213 14.2423600293
18643 14.2189188823
18744 14.1044570187
18795 14.0866227268
18853 14.0848968515
18921 14.0612960717
18946 14.0195714012
19040 13.9193648869
19689 13.9056957169
19795 13.8792962136
19800 13.8390299776
19825 13.7836195397
19865 13.7042954702
19901 13.6877110840
20001 13.5424897211
20477 13.5027756916
20508 13.4697553069
20511 13.3316927534
20684 13.3166579685
20929 13.2512233248
21527 13.1185142777
21607 13.0841690789
21728 12.9929686490
21749 12.9472195082
21794 12.8812824502
21836 12.8560836033
21882 12.6644879011
22183 12.6452785805
22812 12.4749611686
22872 12.4502968537
23163 12.3823080862
23451 12.3286909706
23732 12.1171275961
23735 12.0883774377
24073 12.0703780504
24108 12.0044051442
24329 11.9726193490
24416 11.9544361800
24620 11.8251695180
24877 11.8246006557
24927 11.7932887717
25063 11.7624297563
25137 11.6353646270
25552 11.6100874566
25646 11.5619112360
25722 11.5445795763
25768 11.5174657564
25837 11.5062591683
25888 11.3923643457
26175 11.3514086093
26251 11.2240554608
26852 11.0632245458
27505 11.0095948886
27687 10.9476176766
27721 10.7173110445
27922 10.7030923622
28347 10.6669445464
28496 10.6474910085
28529 10.5020105743
28747 10.4261964116
28830 10.3533173227
28981 10.2877316472
29076 10.2641877049
29381 10.2213668077
29425 10.1871296475
29435 10.1200084419
29825 10.0198238785
29865 9.9653252702
30076 9.9142771710
30292 9.9033903669
30531 9.7302424044
31102 9.6475319644
31525 9.5814036603
31729 9.5770901305
31897 9.5707655997
31916 9.4460530611
32116 9.3539782779
32341 9.3120626290
32349 9.1734032553
32733 9.0867919169
32977 9.0245371484
33054 8.9185112337
33061 8.8712719043
33221 8.8588735266
33347 8.8301804957
33495 8.7926098528
33606 8.6482922340
33924 8.6263719275
34275 8.6250127927
34457 8.5771786938
34511 8.4797571744
34626 8.4039602973
35262 8.3691286668
35393 8.2139760632
35718 8.1660444051
35856 8.1593133729
36025 8.1560403812
36116 7.9049397449
36203 7.8291272284
36334 7.7583988437
36418 7.7252003654
36637 7.5700712242
37126 7.5394075705
37293 7.5350292719
37397 7.4886518452
37434 7.4875287908
37460 7.4692074460
37507 7.4033298835
37643 7.3271471197
37744 7.3070459524
37797 7.2317284070
37870 7.2140506284
37891 7.1836104727
38216 7.1671018131
38463 7.1655238975
38495 7.0752000135
38521 7.0620890909
38702 7.0583274049
38724 7.0138489848
38786 7.0048937815
38880 6.9891625622
38915 6.9661102501
38938 6.9365684790
39008 6.8437936905
39303 6.8396223437
39338 6.8375755675
39347 6.7612044290
39649 6.6533715936
40150 6.4816739391
40640 6.3685368787
41083 6.2771382960
41371 6.1689426712
41754 6.1278967323
41755 6.0966004353
41909 6.0860055556
41933 6.0511493807
42019 6.0465170497
42065 6.0436919073
42091 6.0241400001
42097 5.9651019453
42128 5.8867434266
42397 5.8738595419
42526 5.8726222327
42534 5.8260077077
42598 5.8048258882
43208 5.7267889068
43505 5.6816921476
43794 5.6139140613
44047 5.5662836395
44159 5.5334354485
44419 5.4707402655
44562 5.4578671716
44630 5.4421399627
44659 5.3593469800
44787 5.3226414061
44961 5.3192404795
44978 5.3022235480
45002 5.2408722944
45035 5.2308383274
45078 5.1913628410
45227 5.1721105004
45228 5.1449759350
45305 5.0308290759
45349 5.0262516131
45488 5.0239952533
45786 4.8658623102
46043 4.7619673710
46956 4.6939361079
47121 4.6830620685
47150 4.5844042551
47203 4.5624373349
47216 4.5225619720
47422 4.4946408218
47557 4.4632275069
47708 4.3671930703
48220 4.2546448333
48408 4.2343221225
48474 4.1997148734
48511 4.1754869495
48592 4.1454540645
48765 4.0143172607
48987 3.9736782851
49460 3.9532890914
49533 3.9429785972
49584 3.9186315923
49770 3.8977203773
49864 3.7368517689
50191 3.6489521586
50236 3.6339420890
50331 3.5673148333
50667 3.5469629864
50687 3.5110835218
51002 3.5083728032
51034 3.4813184505
51072 3.4669819271
51176 3.4658360968
51200 3.3896725220
51358 3.3626762382
51393 3.3280646561
51491 3.3212187851
51715 3.2828086160
51946 3.2803700305
51949 3.2643962460
52002 3.2314826162
52016 3.2238870184
52126 3.1392607800
52276 3.0753445050
52352 2.9430209417
52605 2.9420097438
52643 2.8171643015
52873 2.7812630961
52973 2.7618733649
53019 2.7512502668
53410 2.4916107462
53720 2.4366923187
54640 2.4025852158
54666 2.3314285937
54772 2.3312920257
54839 2.3278344229
54846 2.1115084349
55494 2.0965875189
55499 2.0286422571
55519 2.0148610504
55606 2.0131714847
55722 1.8968125824
55842 1.8884976998
55957 1.7851809616
56440 1.7245721402
56566 1.6921594788
56571 1.6843218971
56763 1.5993285317
57075 1.5739519504
57500 1.3554807651
57693 1.2957582179
58025 1.2814854943
58028 1.2238434453
58269 1.1947342820
58491 1.1687860793
58494 1.1541118493
58568 1.1297169059
58793 1.1290486406
58935 1.0008539910
59229 0.9900132890
59762 0.9733969944
60222 0.9712363474
60295 0.9499532699
60401 0.9205781445
60438 0.8875561168
60505 0.8567072583
60518 0.8529886004
60633 0.8250977417
60668 0.8168157996
60678 0.7994341702
60939 0.7733591432
61064 0.7246444254
61176 0.6875210202
61605 0.6799631819
61632 0.6548512311
62196 0.5972547359
62239 0.5616611491
62585 0.5042886112
63018 0.4616097364
63094 0.4177039269
63390 0.3904338970
63412 0.3867604531
63479 0.3798369958
63708 0.3709899167
63727 0.3681489037
63753 0.3270162446
63999 0.3264760219
64222 0.3011657181
64375 0.2474101347
65148 0.2276139264
65628 0.1699103467
65705 0.1568742821
65952 0.1502435461
66017 0.1475757566
66030 0.1388331635
66122 0.1329029436
66537 0.1310214465
66894 0.1156589501
67001 0.1105574822
67130 0.0978490947
67314 0.0653236306
67939 0.0593313082
68061 0.0441763710
68383 0.0414280434
68427 0.0409681528
68646 0.0396356067
68648 0.0385878247
68734 0.0357952631
68770 0.0318713583
68970 0.0298294389
69087 0.0274525383
69088 0.0196997895
69434 0.0174872395
69458 0.0170850749
69468 0.0152266596
69579 0.0150472768
69592 0.0139783346
69678 0.0139592739
69687 0.0132417555
69738 0.0108732340
70563 0.0086747542
70940 0.0082489369
71043 0.0066729611
71196 0.0057392982
71408 0.0056578457
71547 0.0048006209
71800 0.0042292315
71808 0.0038228443
71924 0.0031191027
72023 0.0029149514
72037 0.0026462642
72044 0.0022064850
72307 0.0015943840
72393 0.0013697479
72547 0.0013608936
72606 0.0012781029
72608 0.0012682234
72626 0.0010808606
72649 0.0010757291
72660 0.0010025301
72742 0.0007718881
72767 0.0005602070
72862 0.0004195546
73298 0.0003417303
73367 0.0003190167
73383 0.0002967138
73513 0.0002401519
73585 0.0001698151
73776 0.0001185612
74081 0.0001159493
74098 0.0000853952
74281 0.0000840405
74361 0.0000785938
74498 0.0000712963
74558 0.0000407552
74881 0.0000309802
75004 0.0000139003
75366 0.0000099861
75593 0.0000086130
75618 0.0000079055
75739 0.0000078003
75831 0.0000059688
75910 0.0000034381
76448 0.0000032074
76554 0.0000026955
76636 0.0000019788
76751 0.0000018095
76793 0.0000018002
76804 0.0000011375
77021 0.0000008568
77050 0.0000006926
77202 0.0000004300
77630 0.0000004261
77678 0.0000004216
77725 0.0000003149
77749 0.0000001831
77954 0.0000001722
78082 0.0000001042
78161 0.0000000925
78398 0.0000000872
78448 0.0000000822
78537 0.0000000580
78760 0.0000000569
78776 0.0000000448
78835 0.0000000386
78838 0.0000000305
78991 0.0000000208
79160 0.0000000205
79216 0.0000000148
79266 0.0000000130
79348 0.0000000129
79368 0.0000000110
79461 0.0000000100
79545 0.0000000095
79596 0.0000000088
79703 0.0000000081
79760 0.0000000065
79854 0.0000000062
79921 0.0000000052
79938 0.0000000041
80221 0.0000000027
80271 0.0000000026
80349 0.0000000022
80487 0.0000000016
80566 0.0000000009
80932 0.0000000007
81035 0.0000000005
81125 0.0000000005
81189 0.0000000003
81464 0.0000000003
81487 0.0000000002
81641 0.0000000002
81649 0.0000000002
81696 0.0000000002
81779 0.0000000001
81903 0.0000000001
81969 0.0000000001
82027 0.0000000001
82087 0.0000000000
82411 0.0000000000
82614 0.0000000000
82886 0.0000000000
83027 0.0000000000
83035 0.0000000000
83247 0.0000000000
83342 0.0000000000
83523 0.0000000000
83590 0.0000000000
83611 0.0000000000
83639 0.0000000000
83664 0.0000000000
83672 0.0000000000
83816 0.0000000000
83891 0.0000000000
84079 0.0000000000
84145 0.0000000000
84154 0.0000000000
84183 0.0000000000
84442 0.0000000000
84540 0.0000000000
84543 0.0000000000
84580 0.0000000000
84778 0.0000000000
84823 0.0000000000
85077 0.0000000000
85084 0.0000000000
85328 0.0000000000
85400 0.0000000000
85491 0.0000000000
85506 0.0000000000
85519 0.0000000000
85681 0.0000000000
85768 0.0000000000
85851 0.0000000000
85853 0.0000000000
85956 0.0000000000
86064 0.0000000000
86160 0.0000000000
86467 0.0000000000
87152 0.0000000000
87515 0.0000000000
evaluations raw_y
1 2363040.3342035091
2 1748840.3289813458
4 1589783.6967061283
7 1341169.1083254351
10 1059755.3588733613
17 864165.6691689070
19 731627.4414321657
22 679353.0420824980
60 634417.7396574254
77 599903.5383643775
105 424895.8188608862
121 350553.8361011359
128 286790.4833374519
189 273056.4523982004
213 190811.3724424839
250 161662.6171005565
260 140076.4863009743
333 80166.7727672899
1345 79541.1253580921
1382 64429.0223772985
1395 64325.4432950212
1404 45582.2574887906
1535 34567.6324339172
1603 31728.6479260047
1614 31683.5307603827
1634 26435.2488442082
1643 19175.0882154838
1644 18218.6000854667
1658 14485.3792091617
1660 14170.6929355068
1703 9399.9334490442
1883 8448.1164456767
1905 4742.9262662607
2072 3988.1849792043
2090 1880.3261504253
2175 1633.9827008105
2439 1393.4061133238
2493 987.9239886877
2543 612.4295424720
2909 508.6354015995
2916 479.5688161418
2952 273.1220080594
3058 264.1986505770
3288 257.0851542322
3310 237.9626962240
3333 235.1598265706
3383 160.3003813020
3554 152.6903940727
3570 130.5843786833
3663 118.0167367498
3732 101.2528088058
3772 86.2543728022
3938 80.6006250776
4013 70.8033341904
4063 66.4615097441
4105 65.9306782198
4194 61.1262741934
4199 60.0730494041
4212 59.5139455688
4221 56.2777440439
4225 53.7960363263
4229 43.3057344818
4326 35.6066803003
4594 34.8281897358
4600 33.5795331126
4668 30.7530718654
4823 28.5628163903
4907 27.4402246649
4911 26.7869721244
4972 24.3166466014
5090 23.9263526461
5133 22.3395626565
5335 21.8845154443
5478 21.8010391869
5557 21.3404629450
5678 20.8399165200
5688 20.6207682219
5700 20.5807800003
5733 20.5593596363
5766 20.5341774335
5795 20.4952016651
5803 20.3322814160
5918 20.1285012388
6007 19.9592372613
6034 19.7667929909
6131 19.7164275320
6167 19.7071981165
6210 19.6915734120
6276 19.6110867909
6320 19.5784941464
6370 19.5457837850
6479 19.5041406723
6524 19.4863234076
6538 19.4620330974
6631 19.4537057992
6652 19.3673713144
6685 19.3288836703
6762 19.2747123558
6973 19.2514178452
7018 19.1842999423
7175 19.1624408632
7303 19.1599659548
7377 19.1504123381
7394 19.1491088755
7423 19.1487524132
7461 19.1403381539
7476 19.1402215951
7719 19.1348559040
8051 18.9904117995
8831 18.9637049713
9108 18.9052847285
9163 18.8860275738
9315 18.8330194873
9325 18.7800482112
9500 18.6586349861
10132 18.4823898193
10413 18.3948343131
10528 18.2893526862
10617 18.1698528529
10702 18.0950933055
10882 17.8636044170
11306 17.8481771485
11338 17.5315147006
11849 17.3976345779
12087 17.3510578480
12141 17.2815371952
12314 17.2504478841
12390 17.1806424161
12605 17.1720769734
12696 17.0951413031
12708 17.0436907546
13057 16.9857044094
13071 16.9676979060
13127 16.7979142487
13417 16.4459010597
14123 16.3393967840
14476 16.3196340004
14498 16.2564195536
14527 16.2078745100
14780 16.1699559381
14851 16.0774561520
15015 15.9584365840
15201 15.8562592475
15419 15.8472452575
15642 15.7771141547
15701 15.7627809189
15771 15.7364202016
15955 15.5666731559
16572 15.5633788423
16578 15.5016860373
16583 15.3733858599
16851 15.0497926479
17613 15.0353362499
17926 14.9800673124
17983 14.9020473399
18104 14.8944027650
18136 14.8478754489
18242 14.8169236313
18313 14.8079162577
18422 14.6588749852
18428 14.5609701452
18806 14.4542472737
19274 14.4087644831
19495 14.3793946403
20050 14.2954874989
20170 14.1367762211
20210 14.1099921415
20251 14.0636491424
20404 13.9973518074
20417 13.8972252085
20582 13.8318903013
20781 13.8260550389
20862 13.8100156930
20949 13.8010086997
21102 13.6126678592
21328 13.5500596090
21389 13.4957790515
21478 13.4827096117
21732 13.4003305118
21766 13.3746005164
22221 13.3457322077
22258 13.2319200390
22376 13.1829610724
22495 13.1693366415
22791 13.0985187099
23064 12.9359115572
23480 12.7233942103
23829 12.7209722512
23892 12.6418830521
23993 12.6307764740
24058 12.5662611784
24540 12.5210271131
25113 12.2870997101
25196 12.1990817829
25771 12.1161541854
25796 12.0024450108
25966 11.8636139692
26086 11.8154671331
26274 11.6743154201
26323 11.6219299103
26496 11.5981471905
26751 11.5689385530
26940 11.4765397243
27158 11.4546720049
27199 11.4522015909
27334 11.4443023859
27593 11.4089911388
27816 11.3919128787
27952 11.3374974816
28019 11.2155921959
28151 11.1919052323
28249 11.1277915413
28591 11.0967304683
28648 10.9639399075
28753 10.8005990412
29277 10.7773463505
29721 10.6095761148
29910 10.5839984799
30003 10.5066709612
30017 10.4731745100
30066 10.3512249613
30871 10.2271738231
31236 10.0362833901
31573 9.9430252083
32124 9.8931482848
32169 9.8048815456
32297 9.7095255705
32794 9.6530194131
32899 9.6431394885
32968 9.5419880397
33073 9.5035530074
33451 9.4430105691
33871 9.3505893608
34132 9.3087391273
34231 9.2894312054
34252 9.2029544465
34282 9.2006556078
34388 9.1890807242
34390 9.1847322886
34464 9.1823473257
34619 9.1045774912
35014 9.0470949678
35096 8.9569268270
35283 8.9233541124
35613 8.8544210170
35707 8.7276847801
36077 8.5705801925
36289 8.5212093093
36495 8.4690705482
36792 8.3919026198
36963 8.3528897288
36985 8.3501410819
37251 8.2708401292
37358 8.1335659684
38470 7.9453485951
38762 7.7950573333
39301 7.7864680761
39349 7.6815052872
39367 7.6355913598
39427 7.4852102279
39681 7.4630238199
39708 7.4449279240
39713 7.4117069965
39826 7.4020007128
40301 7.4004234175
40542 7.3889988662
40579 7.3627031373
40629 7.3506802273
40762 7.1716978317
40830 7.0854424083
41016 7.0405113013
41153 6.9460043503
41426 6.9439580695
41444 6.8560678819
41894 6.7173726437
42318 6.6905186483
42458 6.6079454231
42505 6.5020879697
42670 6.4670884213
42851 6.3531127183
43099 6.2945155217
43178 6.1194823809
43292 5.9986979812
43897 5.9874219666
44145 5.9390429603
44157 5.8751052049
44601 5.7538482796
44708 5.6461139138
45935 5.5482705678
46095 5.5405236298
46108 5.5363688467
46155 5.5307198695
46184 5.4791459116
46214 5.4565607560
46255 5.4404366637
46285 5.3957781971
46366 5.3506958421
46388 5.3319789467
46583 5.3181269567
46636 5.2891837319
46684 5.2697963647
46811 5.1724814724
46994 5.1013967135
47236 5.0948144760
47409 5.0542022131
47428 4.9556854997
47458 4.9407897952
47640 4.8900914010
47776 4.8696467877
47941 4.8636107654
47955 4.8489692898
48017 4.8227426416
48047 4.7805677688
48056 4.7467737471
48147 4.7291816592
48202 4.6463645019
48525 4.4879085168
49675 4.4571590238
49725 4.4462784123
49740 4.2563247781
49964 4.2495109859
50197 4.1261712264
50296 4.1191907875
50351 4.0936264082
50358 4.0688100690
50369 4.0174642731
50732 3.9614137487
50869 3.9460358614
50903 3.9278548579
51244 3.8617845455
51371 3.8464567738
51397 3.8252842394
51435 3.8246637542
51514 3.8219009855
51628 3.8070503636
51648 3.7872417581
51663 3.7736389831
51888 3.7378941633
51910 3.6535002338
52271 3.6298001243
52492 3.5770140579
52590 3.5546753654
52686 3.5439313932
52750 3.4458586790
53128 3.4269304088
53140 3.2911869256
53585 3.1793723712
53768 3.1462561217
53798 3.0936499944
53809 3.0479538935
54115 2.9859005527
54442 2.9175470461
54487 2.9057394911
54803 2.8630742154
54927 2.7761833826
55067 2.7664242728
55306 2.7410152863
55376 2.7086070303
55737 2.5873360515
55808 2.5709330543
55914 2.5294139523
56209 2.5019651508
56220 2.4970215953
56430 2.4475375757
56514 2.3547274414
56732 2.3135865475
56890 2.3113854745
56896 2.2363747946
57077 2.2160930234
57426 2.0948344781
57458 2.0908267794
57714 1.9621275884
58042 1.9346162497
58094 1.9193846164
58273 1.8938716530
58593 1.5879109290
59044 1.5878208760
59188 1.4392231604
59330 1.4337864381
59424 1.4314015430
59589 1.4081823597
59605 1.3675246113
59629 1.2788065271
60100 1.2434694781
60339 1.2178718063
60345 1.1576443270
60360 1.1486177838
60512 1.1287626767
60576 1.1121691465
60685 1.0796738596
60862 1.0675932845
60944 0.9909680992
61897 0.9803836675
61967 0.9357125539
62069 0.9048293652
62100 0.8964028819
62132 0.8931396129
62253 0.8728242465
62353 0.8364052932
62456 0.7513433090
63315 0.7044248393
63402 0.6408546437
63668 0.6372597082
63779 0.6160017677
63814 0.5734504483
63851 0.5463231849
63868 0.4868699516
64316 0.4508166288
64767 0.4408962340
64778 0.4070053743
64875 0.4048875101
64945 0.3812547029
65188 0.3740670389
65221 0.3596700274
65733 0.3419131335
65973 0.3173097338
66209 0.3135870185
66248 0.3046036868
66321 0.2998940823
66324 0.2905122881
66435 0.2563039160
66553 0.2516041851
66560 0.2243391764
67107 0.2230043973
67147 0.2066954590
67450 0.1997251246
67597 0.1982599964
67619 0.1977457353
67754 0.1893490939
67770 0.1848551111
67808 0.1838391740
67914 0.1803358977
67968 0.1773926962
67998 0.1680219319
68013 0.1277406437
68546 0.1158151578
68724 0.1140726413
68788 0.1096460972
68822 0.1070527524
69192 0.1024133415
69232 0.1008265018
69233 0.0981788637
69304 0.0927721122
69465 0.0878502443
69496 0.0750357054
69776 0.0616703093
69886 0.0544560710
70289 0.0501056484
70387 0.0450882432
70389 0.0417202991
70582 0.0392094529
70635 0.0352910598
70884 0.0351450064
70892 0.0313912407
70928 0.0294637875
71001 0.0262714882
71008 0.0241608097
71090 0.0225607051
71460 0.0202152228
71490 0.0200059024
71537 0.0182365228
71595 0.0165782533
71678 0.0164549559
71731 0.0131244609
72059 0.0128625665
72082 0.0123815235
72142 0.0120701336
72304 0.0113609790
72358 0.0103576320
72704 0.0096654561
72995 0.0091585722
73043 0.0069443426
73178 0.0068396975
73243 0.0042845297
73392 0.0038413890
73613 0.0033048165
73748 0.0027785530
73844 0.0023739214
74045 0.0022387376
74093 0.0020084443
74158 0.0016949698
74196 0.0010938596
74331 0.0009686782
74415 0.0007502278
74626 0.0005397479
74650 0.0005227985
74728 0.0005164330
74843 0.0004133830
75118 0.0003946585
75201 0.0003506818
75519 0.0002901082
75691 0.0001610251
75956 0.0001319148
76033 0.0001157711
76051 0.0000853509
76077 0.0000726095
76357 0.0000691953
76459 0.0000418510
76478 0.0000371628
76594 0.0000361498
76722 0.0000309422
76811 0.0000278238
76822 0.0000259545
76922 0.0000248841
76942 0.0000204944
77054 0.0000170032
77084 0.0000155694
77085 0.0000134810
77193 0.0000089941
77447 0.0000073743
77635 0.0000046955
77957 0.0000045159
78049 0.0000041042
78079 0.0000036502
78207 0.0000028039
78296 0.0000027852
78310 0.0000022242
78445 0.0000020371
78504 0.0000018957
78535 0.0000013900
78668 0.0000013849
78670 0.0000013255
78688 0.0000012010
78718 0.0000011213
78724 0.0000010883
78725 0.0000010203
78743 0.0000009937
78814 0.0000009518
78823 0.0000008376
78833 0.0000006936
78932 0.0000005924
78995 0.0000005347
79001 0.0000004892
79040 0.0000003821
79243 0.0000003739
79323 0.0000003479
79363 0.0000002315
79397 0.0000002157
79482 0.0000001298
79729 0.0000000986
80024 0.0000000980
80214 0.0000000878
80232 0.0000000823
80250 0.0000000722
80259 0.0000000663
80292 0.0000000608
80317 0.0000000591
80367 0.0000000462
80475 0.0000000438
80572 0.0000000370
80610 0.0000000347
80787 0.0000000341
80803 0.0000000287
80849 0.0000000189
81077 0.0000000160
81242 0.0000000117
81270 0.0000000103
81401 0.0000000056
81697 0.0000000054
81753 0.0000000052
81761 0.0000000042
81796 0.0000000038
81814 0.0000000032
82002 0.0000000030
82028 0.0000000028
82070 0.0000000019
82074 0.0000000018
82188 0.0000000017
82250 0.0000000014
82327 0.0000000010
82486 0.0000000009
82572 0.0000000008
82648 0.0000000007
82736 0.0000000005
82959 0.0000000004
82961 0.0000000004
82966 0.0000000004
83080 0.0000000003
83166 0.0000000003
83285 0.0000000003
83317 0.0000000003
83397 0.0000000002
83438 0.0000000002
83506 0.0000000002
83557 0.0000000001
83605 0.0000000001
83785 0.0000000001
83796 0.0000000001
83821 0.0000000001
83826 0.0000000001
83860 0.0000000001
83872 0.0000000001
83885 0.0000000001
83902 0.0000000001
83975 0.0000000001
84026 0.0000000000
84424 0.0000000000
84506 0.0000000000
84610 0.0000000000
84806 0.0000000000
84890 0.0000000000
84940 0.0000000000
85222 0.0000000000
85261 0.0000000000
85281 0.0000000000
85360 0.0000000000
85532 0.0000000000
85542 0.0000000000
85577 0.0000000000
85633 0.0000000000
85742 0.0000000000
85754 0.0000000000
85813 0.0000000000
85835 0.0000000000
85849 0.0000000000
85886 0.0000000000
86016 0.0000000000
86079 0.0000000000
86263 0.0000000000
86392 0.0000000000
86448 0.0000000000
86569 0.0000000000
86575 0.0000000000
86635 0.0000000000
87097 0.0000000000
87314 0.0000000000
87380 0.0000000000
88114 0.0000000000
88427 0.0000000000
