evaluations raw_y
1 5958.1688898168
13 5491.9862585625
21 3729.6855132832
46 3330.7798505048
48 2344.6900457105
70 1727.1809570919
93 1505.5040134336
96 1421.1282798984
115 1234.0239115886
126 1218.3148336310
168 1167.6461212194
191 1109.2254119633
210 1082.9484530711
222 1019.3967022490
234 810.3203006863
392 776.6152133119
444 733.3100304700
453 700.6310965057
511 688.6010512014
536 672.4758534427
553 588.8059573264
644 584.0372952198
650 567.3374272166
655 546.3062711802
709 541.9847687545
724 516.5194634068
824 459.0256880132
1170 448.1542202289
1276 440.3463708612
1390 421.2088826569
1528 417.7718966970
1543 412.9164945580
1587 387.0616931146
1596 386.3120095687
1621 364.7623634629
2115 345.9011644622
2683 345.0474827141
3101 297.1337239837
8766 259.7952660901
9272 244.1216817073
9882 240.3616826582
9977 218.0525673705
10069 217.2993835675
10109 213.3756563563
10141 184.8218969405
10325 182.5917254276
10367 171.1017297611
10386 149.3726765800
10512 144.0870841061
10599 127.7310404013
10715 113.7171111824
10924 103.7655797874
11064 101.9710497869
11071 95.7090426005
11192 92.4419955137
11195 86.0313312416
11258 79.6407995526
11367 74.1062789265
11400 73.7790166717
11447 71.9875081812
11473 70.9485221669
11527 66.6497971473
11688 65.7321427576
11706 60.4597702524
11750 53.6921306439
11846 48.4745406839
11974 44.9924509773
12130 42.2616411959
12251 42.2081414956
12259 39.2890611177
12398 38.5085115650
12537 37.5655089535
12553 37.5345377100
12571 36.8889091181
12575 36.8443974440
12614 35.6770304106
12646 34.4215161620
12651 33.5882045951
12795 33.4922892173
12884 32.9840962771
12893 32.8771619644
12924 32.0945530163
13011 31.7819519674
13104 31.5698494971
13405 31.4239350246
13419 30.4603567590
13445 29.9180562317
13545 29.7632366884
13567 29.4514669945
13604 29.0453887721
13676 28.9107392227
13767 28.6929319416
13810 28.6013750528
13850 28.3305898892
13901 27.8782436026
14058 27.5850510676
14172 27.4662011989
14210 27.3588541071
14213 27.3533050661
14224 27.3264745614
14234 27.0973674374
14360 27.0087476960
14369 26.7290157804
14518 26.7249149899
14585 26.5489119047
14693 26.4766554658
14755 26.4164000918
14918 26.2930242790
15140 26.2370998116
15197 26.1386404409
15414 26.1322404218
15461 26.1179592448
15472 26.0905724755
15496 26.0574982657
15589 26.0369626811
15661 26.0328609390
15682 26.0079185296
15761 26.0012734692
15927 25.9949213527
16001 25.9846502268
16078 25.9674873044
16100 25.9653473362
16132 25.9557068021
16141 25.9517002451
16229 25.9479791219
16249 25.9440864831
16264 25.9345517864
16368 25.9345419918
16469 25.9337846963
16505 25.9290260815
16543 25.9255332540
16557 25.9076637172
16660 25.9066354547
16778 25.9051507297
16918 25.8934376490
17131 25.8867646410
17296 25.8860311702
17388 25.8857160154
17418 25.8854589969
17419 25.8842092727
17455 25.8833753076
17463 25.8815831744
17517 25.8792663588
17696 25.8786721492
17716 25.8773869224
17793 25.8765405420
17846 25.8756692394
18025 25.8749330939
18035 25.8740664928
18076 25.8729363475
18156 25.8728933142
18196 25.8727836289
18337 25.8726062239
18429 25.8725665803
18440 25.8715701631
18549 25.8711718588
18777 25.8708690389
18871 25.8706974665
18921 25.8706156553
19084 25.8705443178
19181 25.8704137036
19291 25.8701788532
19321 25.8700326896
19325 25.8700321518
19345 25.8699294152
19424 25.8698774924
19492 25.8698049305
19524 25.8697060806
19536 25.8696682088
19568 25.8696264541
19648 25.8695846701
19655 25.8695636933
19694 25.8695392660
19743 25.8695042099
19747 25.8694768003
19924 25.8693698212
19934 25.8693613247
19998 25.8693450661
20039 25.8693222542
20088 25.8693086060
20154 25.8692109688
20225 25.8691996034
20303 25.8691605089
20360 25.8691529663
20379 25.8691410578
20432 25.8691376559
20462 25.8691325807
20484 25.8691084625
20553 25.8691033729
20574 25.8690841341
20705 25.8690605701
20735 25.8690587191
20857 25.8690497410
20864 25.8690259208
20977 25.8690154002
21050 25.8690126301
21133 25.8689869121
21379 25.8689743950
21463 25.8689697345
21465 25.8689685449
21515 25.8689679196
21572 25.8689637564
21609 25.8689590072
21616 25.8689569923
21856 25.8689569470
21947 25.8689559761
21962 25.8689525204
21977 25.8689512695
22039 25.8689508643
22058 25.8689493110
22075 25.8689487933
22083 25.8689468384
22090 25.8689450218
22152 25.8689438107
22194 25.8689399964
22293 25.8689379823
22430 25.8689376249
22491 25.8689371152
22492 25.8689367620
22504 25.8689352765
22539 25.8689351320
22595 25.8689344252
22639 25.8689337585
22680 25.8689335156
22698 25.8689329468
22779 25.8689322894
22821 25.8689322031
22860 25.8689303588
22922 25.8689287979
23132 25.8689278112
23368 25.8689277707
23539 25.8689276748
23603 25.8689275482
23620 25.8689275302
23652 25.8689274366
23653 25.8689273339
23752 25.8689272861
23754 25.8689271935
23767 25.8689269336
23802 25.8689268580
23854 25.8689265687
24005 25.8689265333
24037 25.8689263632
24065 25.8689262918
24127 25.8689261358
24176 25.8689261207
24218 25.8689260520
24314 25.8689260396
24320 25.8689258835
24564 25.8689258366
24611 25.8689257536
24700 25.8689257413
24774 25.8689257319
24778 25.8689256921
24846 25.8689256853
24852 25.8689256834
24885 25.8689256586
24902 25.8689255961
25020 25.8689255449
25215 25.8689255375
25230 25.8689255350
25240 25.8689255146
25344 25.8689255145
25415 25.8689255036
25517 25.8689254936
25553 25.8689254922
25632 25.8689254863
25662 25.8689254722
25816 25.8689254629
25885 25.8689254457
26106 25.8689254452
26146 25.8689254374
26269 25.8689254347
26320 25.8689254342
26356 25.8689254267
26481 25.8689254258
26646 25.8689254242
26680 25.8689254239
26700 25.8689254207
26779 25.8689254205
26845 25.8689254188
26883 25.8689254169
27002 25.8689254163
27066 25.8689254162
27088 25.8689254161
27134 25.8689254154
27140 25.8689254147
27142 25.8689254146
27179 25.8689254137
27191 25.8689254131
27325 25.8689254130
27391 25.8689254120
27448 25.8689254119
27590 25.8689254119
27655 25.8689254109
27759 25.8689254107
27868 25.8689254105
27916 25.8689254104
27952 25.8689254100
28165 25.8689254099
28222 25.8689254099
28259 25.8689254098
28293 25.8689254096
28423 25.8689254096
28455 25.8689254095
28468 25.8689254095
28533 25.8689254095
28585 25.8689254094
28665 25.8689254093
28853 25.8689254092
28867 25.8689254092
28915 25.8689254091
29044 25.8689254091
29083 25.8689254091
29088 25.8689254091
29119 25.8689254090
29190 25.8689254090
29254 25.8689254090
29345 25.8689254089
29373 25.8689254089
29405 25.8689254089
29496 25.8689254089
29581 25.8689254089
29718 25.8689254089
29759 25.8689254089
29855 25.8689254089
29936 25.8689254089
29944 25.8689254088
29949 25.8689254088
29978 25.8689254088
30011 25.8689254088
30085 25.8689254088
30114 25.8689254088
30156 25.8689254088
30160 25.8689254088
30202 25.8689254088
30210 25.8689254088
30261 25.8689254088
30278 25.8689254088
30311 25.8689254088
30450 25.8689254088
30460 25.8689254088
30481 25.8689254088
30511 25.8689254088
30558 25.8689254088
30798 25.8689254088
30830 25.8689254088
30854 25.8689254088
30855 25.8689254088
30862 25.8689254088
30969 25.8689254088
31050 25.8689254088
31079 25.8689254088
31288 25.8689254088
31349 25.8689254088
31375 25.8689254088
31396 25.8689254088
31418 25.8689254088
31460 25.8689254088
31461 25.8689254088
31500 25.8689254088
31604 25.8689254088
31612 25.8689254088
31652 25.8689254088
31773 25.8689254088
31796 25.8689254088
31846 25.8689254088
32052 25.8689254088
32059 25.8689254088
32100 25.8689254088
32101 25.8689254088
32122 25.8689254088
32139 25.8689254088
32145 25.8689254088
32151 25.8689254088
32281 25.8689254088
32322 25.8689254088
32424 25.8689254088
32580 25.8689254088
32594 25.8689254088
32636 25.8689254088
32667 25.8689254088
32832 25.8689254088
32870 25.8689254088
32880 25.8689254088
32934 25.8689254088
32972 25.8689254088
33071 25.8689254088
33147 25.8689254088
33329 25.8689254088
33557 25.8689254088
34043 25.8689254088
34140 25.8689254088
34347 25.8689254088
36345 25.8689254088
41138 25.8689254088
95098 25.8689254088
200940 25.8689254088
evaluations raw_y
1 3866.3082094270
2 3307.8005934008
6 2963.7458058612
16 2523.9736083102
20 2263.9399570116
36 2046.4798180763
48 1904.9501604431
57 1828.5317299541
65 1697.3118509418
66 1526.8698746594
81 1357.0813675653
166 1191.9291538893
172 1167.9380166032
182 1091.7126673079
230 1022.1429333396
273 968.3576636502
281 941.2149522836
294 814.1669790861
402 752.5856672196
418 748.0954611086
471 744.1849454564
483 739.5433804958
488 660.2815439247
513 635.8031824924
558 605.9179145444
559 548.6102391064
660 533.7096859353
735 506.0616304760
823 499.6231498675
834 464.5853425336
840 458.3180560040
884 433.0759388542
1145 428.3692465431
1369 405.3190987644
1414 394.9539484946
1466 374.2440805200
2068 358.7950607200
2272 333.6032799889
2916 327.1819702011
3246 322.6504961876
3407 316.7468702563
4215 304.6063683178
4910 284.3032140810
5006 280.6951672669
7638 280.3640632580
7706 278.1429735934
7966 269.0404422075
8012 241.0218265400
8193 240.9956459416
8225 231.3966866942
8341 209.3755514304
8766 208.2344821007
8791 198.0682656680
8840 167.2242656216
8972 122.1410706783
9452 121.3520551869
9498 116.7064479535
9530 109.1350461744
9612 105.5332836528
9652 100.5162182672
9741 93.5870102744
9760 89.6096075198
9881 89.2592066770
9992 85.9217573328
10015 82.5810539592
10030 82.5274505553
10042 82.3945580939
10048 77.1216362456
10165 75.4181959999
10190 69.3615305989
10281 59.5719132992
10682 59.4197643526
10757 56.7779802971
10764 50.1842145609
10816 45.9683998972
11198 44.9255104495
11258 43.5798135447
11369 41.5288533956
11375 39.8672447337
11611 39.4384425681
11676 38.1985596042
11829 37.4975813187
11921 37.3931893667
11960 37.3353150946
11990 37.2175190097
12031 36.4483086351
12094 36.2017100027
12125 35.9764483859
12185 35.5314187130
12242 35.1031809173
12282 34.8328182780
12329 34.5186871478
12432 33.9237770209
12559 33.8822474431
12743 33.3912447803
12968 33.0715287914
13039 32.9308555534
13073 32.7782405151
13198 32.7546209407
13280 32.7218080142
13300 32.4114481367
13512 32.3735443919
13616 32.3658052834
13625 32.3547830489
13645 32.3475211358
13666 32.3328868906
13694 32.2931248270
13747 32.2367235850
13804 32.1703961279
13909 32.1703580212
13941 32.1625385591
13950 32.0991299488
13989 32.0486814786
14046 32.0425168739
14140 32.0400838425
14310 32.0074757879
14523 32.0041952956
14645 32.0009456455
14695 31.9737816823
14756 31.9682810587
14802 31.9564652384
14824 31.9365414610
14854 31.9327513674
15068 31.9253314709
15079 31.9192944986
15118 31.9139875244
15148 31.9130888516
15204 31.9015942136
15210 31.8970904934
15320 31.8964527222
15406 31.8895486337
15442 31.8865143902
15556 31.8802063407
15608 31.8787723042
15627 31.8779476554
15660 31.8753742734
15697 31.8745991709
15776 31.8723454372
15791 31.8699630440
15820 31.8653679258
15927 31.8622380468
16011 31.8595586659
16036 31.8577424853
16159 31.8552543134
16193 31.8549716014
16227 31.8543640057
16272 31.8527539275
16302 31.8519443623
16371 31.8485546096
16475 31.8479676953
16507 31.8478426016
16526 31.8476903362
16529 31.8456850092
16613 31.8455793162
16712 31.8454634977
16737 31.8440835123
16791 31.8438749588
16839 31.8437370741
16914 31.8433141411
16915 31.8423582794
16969 31.8418573472
17156 31.8417786754
17165 31.8417552448
17176 31.8410761805
17213 31.8403003980
17257 31.8402379935
17585 31.8400835597
17720 31.8396150209
18050 31.8394246870
18213 31.8394101537
18240 31.8393644197
18254 31.8392611518
18263 31.8391009734
18540 31.8390246565
18638 31.8390216561
18672 31.8390130845
18673 31.8389850619
18781 31.8389748034
18796 31.8389707891
18797 31.8389561517
18842 31.8389045514
18848 31.8388971072
18931 31.8388845928
19006 31.8388776430
19007 31.8388306426
19149 31.8388218127
19314 31.8387927929
19380 31.8387905809
19389 31.8387893133
19423 31.8387717430
19553 31.8387662913
19566 31.8387536996
19620 31.8387535726
19625 31.8387498400
19670 31.8387465370
19714 31.8387451770
19796 31.8387362865
19879 31.8387294305
19979 31.8387266124
20003 31.8387263933
20034 31.8387231933
20134 31.8387180277
20140 31.8387174567
20226 31.8387153522
20283 31.8387125893
20348 31.8387089078
20438 31.8387077019
20457 31.8387048484
20473 31.8387046911
20477 31.8387042560
20516 31.8387039145
20519 31.8387038353
20520 31.8387034856
20533 31.8387000054
20548 31.8386991865
20597 31.8386972893
20667 31.8386965232
20712 31.8386957788
20757 31.8386939788
20883 31.8386913533
20955 31.8386910501
20971 31.8386906707
21073 31.8386902766
21082 31.8386881858
21338 31.8386881460
21344 31.8386863951
21485 31.8386862902
21512 31.8386856394
21515 31.8386852229
21556 31.8386849501
21579 31.8386843460
21636 31.8386841437
21658 31.8386833632
21772 31.8386829901
21816 31.8386827265
21834 31.8386824873
21861 31.8386820592
22028 31.8386818433
22069 31.8386816124
22180 31.8386813662
22337 31.8386812139
22415 31.8386811852
22417 31.8386811169
22472 31.8386810270
22496 31.8386808381
22504 31.8386808039
22521 31.8386807183
22591 31.8386806722
22624 31.8386803475
22832 31.8386803052
22891 31.8386801895
23021 31.8386801182
23188 31.8386800849
23253 31.8386800058
23370 31.8386799282
23410 31.8386799172
23485 31.8386799111
23491 31.8386799109
23572 31.8386798878
23598 31.8386798794
23629 31.8386798744
23828 31.8386798663
23847 31.8386798443
23887 31.8386798310
23930 31.8386798263
23941 31.8386798218
23976 31.8386798134
24119 31.8386798134
24143 31.8386798103
24166 31.8386798082
24221 31.8386798066
24226 31.8386798000
24373 31.8386797991
24444 31.8386797957
24445 31.8386797954
24478 31.8386797801
24620 31.8386797743
24664 31.8386797715
24832 31.8386797707
24864 31.8386797696
24870 31.8386797695
24889 31.8386797666
25040 31.8386797640
25111 31.8386797624
25198 31.8386797614
25224 31.8386797614
25238 31.8386797607
25253 31.8386797586
25279 31.8386797567
25519 31.8386797550
25676 31.8386797541
25812 31.8386797535
25962 31.8386797533
26150 31.8386797532
26174 31.8386797531
26184 31.8386797530
26276 31.8386797529
26279 31.8386797528
26304 31.8386797528
26305 31.8386797527
26320 31.8386797525
26371 31.8386797525
26405 31.8386797524
26508 31.8386797523
26553 31.8386797523
26582 31.8386797520
26644 31.8386797519
26894 31.8386797518
26901 31.8386797518
26927 31.8386797518
26973 31.8386797518
27025 31.8386797518
27049 31.8386797518
27055 31.8386797517
27076 31.8386797517
27116 31.8386797516
27140 31.8386797516
27276 31.8386797516
27293 31.8386797516
27353 31.8386797516
27371 31.8386797516
27418 31.8386797515
27442 31.8386797515
27447 31.8386797515
27526 31.8386797515
27554 31.8386797515
27667 31.8386797515
27672 31.8386797515
27700 31.8386797514
27801 31.8386797514
27825 31.8386797514
27828 31.8386797514
27851 31.8386797514
27863 31.8386797514
27881 31.8386797514
27897 31.8386797514
27974 31.8386797514
28096 31.8386797514
28217 31.8386797514
28230 31.8386797514
28248 31.8386797514
28296 31.8386797514
28322 31.8386797514
28349 31.8386797514
28365 31.8386797514
28384 31.8386797514
28528 31.8386797514
28539 31.8386797514
28572 31.8386797514
28574 31.8386797514
28617 31.8386797514
28673 31.8386797514
28711 31.8386797514
28727 31.8386797514
28810 31.8386797514
28840 31.8386797514
28858 31.8386797514
28886 31.8386797514
28921 31.8386797514
28951 31.8386797514
29018 31.8386797514
29069 31.8386797514
29099 31.8386797514
29179 31.8386797514
29186 31.8386797514
29439 31.8386797514
29462 31.8386797514
29472 31.8386797514
29591 31.8386797514
29596 31.8386797514
29656 31.8386797514
29662 31.8386797514
29725 31.8386797513
29901 31.8386797513
29917 31.8386797513
29947 31.8386797513
30112 31.8386797513
30172 31.8386797513
30183 31.8386797513
30242 31.8386797513
30350 31.8386797513
30414 31.8386797513
30457 31.8386797513
30464 31.8386797513
30566 31.8386797513
30752 31.8386797513
30786 31.8386797513
30837 31.8386797513
30972 31.8386797513
30989 31.8386797513
31187 31.8386797513
31309 31.8386797513
31379 31.8386797513
31435 31.8386797513
31828 31.8386797513
31923 31.8386797513
32054 31.8386797513
32055 31.8386797513
32069 31.8386797513
33281 31.8386797513
33515 31.8386797513
34377 31.8386797513
34672 31.8386797513
43593 31.8386797513
50424 31.8386797513
62677 31.8386797513
158231 31.8386797513
293179 31.8386797513
evaluations raw_y
1 4685.9704908259
7 3128.5231691073
21 2901.0629707974
23 2700.6493882590
34 2682.6127715631
36 2653.0272744276
43 2128.3772153226
53 2111.9255048304
57 1768.4026165697
80 1571.9819946693
97 1478.5937665556
104 1419.4723010643
121 1311.2875510903
137 1118.5748114806
196 1016.6521399345
321 1003.6414070102
322 972.0279953459
368 961.0206741446
382 934.8539977130
390 861.6098871106
405 848.9335685689
467 705.1016264812
553 673.2697661223
596 660.4295223291
614 654.1863591539
619 615.5756281052
633 603.8990504016
641 592.1254832521
663 558.7446635057
677 546.8048616455
690 524.4816189774
708 489.1656267570
1002 469.6127550798
1036 428.4090375688
1353 390.0188287063
1423 378.5120851144
1564 365.4083853059
1578 322.7010934371
3359 321.7177158610
3392 289.9587020355
3970 289.8664101985
4391 277.6367840216
5943 272.2803923921
6273 263.7926059821
6337 245.4665562956
6749 234.0539399890
6762 226.4164355865
6793 215.7250865236
6963 189.9753360861
7165 184.4103059253
7219 182.9646598736
7251 175.5627345573
7285 170.0157022270
7304 166.5608102836
7351 165.0422022981
7363 148.3452343418
7368 109.9520391022
7759 99.6761419272
7825 93.6389672679
7885 89.6142234640
7969 85.1224141380
8032 83.7101553152
8058 83.4229801393
8078 79.8507371907
8109 77.5839396932
8199 72.0339587382
8228 68.3456795574
8341 67.8722529738
8349 66.8808523256
8367 59.4642946944
8437 46.8277028379
8550 46.7692734760
8630 46.0444911882
8732 45.9735427463
8775 43.7483547381
8843 40.5565159358
8903 40.1835468391
8926 35.5395482181
9185 34.1708544239
9324 32.2176626799
9407 31.1506065575
9445 30.7918753840
9566 30.7458776113
9642 30.0206573457
9676 29.8074778833
9693 29.6058643101
9781 29.4777383829
9786 29.4635007588
9824 28.0700963998
9828 27.5070790949
9885 27.2203061469
9930 26.2221025577
9982 25.9205736740
10138 25.7268392585
10152 25.5418662996
10189 24.9298893811
10291 24.0532927355
10661 23.8941929559
10723 23.8624148400
10736 23.7466272563
10779 23.5986849618
10781 23.5855090804
10785 23.4497104102
10809 23.4336100923
10862 23.0762312726
10914 22.9221777513
10964 22.8593537897
10981 22.8029550054
11133 22.7848230333
11135 22.5515427570
11169 22.1849296390
11332 22.1583764920
11397 22.0109299631
11544 21.8209194429
11813 21.7245268603
11927 21.6513493355
11948 21.5806910523
11989 21.5547295654
12060 21.5173973913
12155 21.4051662783
12442 21.3552817833
12488 21.2716426155
12878 21.2539277116
12929 21.2497215082
12956 21.2244946163
12986 21.2101020854
13015 21.1918861985
13026 21.1732929566
13146 21.1642932983
13173 21.1180115716
13254 21.0987831440
13312 21.0939762530
13439 21.0826276640
13552 21.0734982999
13614 21.0715794705
13662 21.0481835522
13808 21.0472464767
13816 21.0436937266
13820 21.0435987881
13868 21.0225281997
13903 21.0190164131
13986 21.0111390431
14065 21.0078024710
14316 20.9912714653
14352 20.9864621130
14434 20.9837881261
14526 20.9766467295
14551 20.9741029653
14644 20.9683602979
14730 20.9678520962
14731 20.9676405032
14765 20.9484561593
15213 20.9410627907
15325 20.9402005273
15393 20.9387443665
15452 20.9331626861
15491 20.9272593269
15587 20.9265140362
15698 20.9234343643
15760 20.9221999861
15834 20.9181237693
15912 20.9171493115
15964 20.9141671396
16066 20.9121915865
16311 20.9116788577
16315 20.9105762207
16365 20.9103182400
16374 20.9097145893
16377 20.9093770779
16394 20.9080210455
16414 20.9077383918
16416 20.9075048680
16445 20.9067399843
16504 20.9044981754
16582 20.9029379335
16840 20.9021457248
17042 20.9020674708
17047 20.9014610303
17062 20.9003569345
17095 20.8998938782
17240 20.8994812221
17442 20.8989435803
17448 20.8984009038
17481 20.8982565673
17521 20.8981390522
17591 20.8980283053
17653 20.8976540481
17852 20.8975575077
17872 20.8969794919
17913 20.8969380962
18021 20.8959000859
18258 20.8956931737
18305 20.8956471733
18418 20.8955996834
18442 20.8954911276
18495 20.8953234565
18699 20.8952087902
18834 20.8950867383
18837 20.8949744545
18916 20.8949136172
18932 20.8949112314
18937 20.8949102293
18956 20.8948731298
18984 20.8947858191
19141 20.8947779775
19147 20.8947694661
19161 20.8946856816
19271 20.8946835579
19295 20.8944933757
19365 20.8944932516
19378 20.8944783599
19415 20.8944454330
19437 20.8944078642
19620 20.8943633897
19734 20.8943329697
19893 20.8943299674
19903 20.8943121063
20103 20.8942880398
20168 20.8942858058
20235 20.8942765311
20264 20.8942716447
20317 20.8942669912
20343 20.8942564825
20363 20.8942152949
20586 20.8941967747
20748 20.8941919065
20845 20.8941901227
20896 20.8941826218
20944 20.8941743217
21078 20.8941729348
21089 20.8941694767
21232 20.8941564683
21433 20.8941563206
21450 20.8941543295
21583 20.8941525662
21607 20.8941497263
21695 20.8941475588
21738 20.8941473561
21758 20.8941461409
21797 20.8941449706
21960 20.8941435137
22040 20.8941428956
22053 20.8941425597
22120 20.8941415836
22146 20.8941411328
22210 20.8941408279
22223 20.8941399816
22250 20.8941396015
22292 20.8941389944
22319 20.8941386737
22585 20.8941386550
22671 20.8941382012
22771 20.8941381626
22774 20.8941377631
22850 20.8941374289
22859 20.8941373224
22881 20.8941370131
22899 20.8941369461
22928 20.8941369227
22933 20.8941365353
22982 20.8941362656
23364 20.8941361394
23409 20.8941361349
23411 20.8941360207
23438 20.8941359985
23488 20.8941359665
23541 20.8941358002
23548 20.8941356841
23611 20.8941356701
23705 20.8941355373
23890 20.8941354400
24089 20.8941354329
24110 20.8941353681
24146 20.8941353611
24267 20.8941353411
24321 20.8941353281
24403 20.8941353154
24452 20.8941352920
24462 20.8941352873
24520 20.8941352704
24701 20.8941352560
24779 20.8941352336
24876 20.8941352287
24947 20.8941352224
24959 20.8941352222
24992 20.8941352200
25057 20.8941352091
25143 20.8941352027
25208 20.8941351976
25346 20.8941351962
25432 20.8941351925
25520 20.8941351917
25521 20.8941351867
25561 20.8941351840
25753 20.8941351838
25836 20.8941351820
25853 20.8941351813
25879 20.8941351805
25882 20.8941351796
25890 20.8941351761
25975 20.8941351753
26012 20.8941351715
26045 20.8941351711
26121 20.8941351701
26159 20.8941351699
26189 20.8941351686
26390 20.8941351676
26412 20.8941351672
26473 20.8941351669
26514 20.8941351669
26517 20.8941351652
26635 20.8941351650
26723 20.8941351647
26758 20.8941351643
26775 20.8941351642
26809 20.8941351639
26943 20.8941351639
26945 20.8941351638
26979 20.8941351630
27146 20.8941351630
27198 20.8941351628
27203 20.8941351627
27245 20.8941351625
27300 20.8941351624
27334 20.8941351623
27371 20.8941351623
27460 20.8941351620
27536 20.8941351620
27550 20.8941351620
27575 20.8941351620
27587 20.8941351618
27675 20.8941351618
27705 20.8941351616
27869 20.8941351616
27966 20.8941351616
28021 20.8941351615
28027 20.8941351615
28068 20.8941351615
28135 20.8941351615
28201 20.8941351614
28354 20.8941351614
28432 20.8941351614
28447 20.8941351614
28463 20.8941351613
28486 20.8941351613
28583 20.8941351613
28696 20.8941351613
28719 20.8941351613
28762 20.8941351613
28847 20.8941351612
28993 20.8941351612
29006 20.8941351612
29060 20.8941351612
29123 20.8941351612
29233 20.8941351612
29254 20.8941351612
29333 20.8941351612
29436 20.8941351612
29475 20.8941351612
29584 20.8941351612
29600 20.8941351612
29633 20.8941351612
29641 20.8941351612
29647 20.8941351612
29677 20.8941351612
29754 20.8941351612
29776 20.8941351612
29798 20.8941351612
29800 20.8941351612
29812 20.8941351612
29833 20.8941351612
29839 20.8941351612
29862 20.8941351612
29990 20.8941351612
30094 20.8941351612
30246 20.8941351612
30251 20.8941351612
30362 20.8941351612
30365 20.8941351612
30376 20.8941351612
30417 20.8941351611
30633 20.8941351611
30675 20.8941351611
30694 20.8941351611
30746 20.8941351611
30806 20.8941351611
30887 20.8941351611
30902 20.8941351611
30974 20.8941351611
30992 20.8941351611
30993 20.8941351611
30998 20.8941351611
31053 20.8941351611
31067 20.8941351611
31080 20.8941351611
31099 20.8941351611
31131 20.8941351611
31141 20.8941351611
31158 20.8941351611
31202 20.8941351611
31319 20.8941351611
31347 20.8941351611
31392 20.8941351611
31524 20.8941351611
31529 20.8941351611
31561 20.8941351611
31605 20.8941351611
31614 20.8941351611
31774 20.8941351611
31777 20.8941351611
31843 20.8941351611
31902 20.8941351611
31933 20.8941351611
32029 20.8941351611
32097 20.8941351611
32138 20.8941351611
32205 20.8941351611
32444 20.8941351611
32486 20.8941351611
32503 20.8941351611
32619 20.8941351611
32673 20.8941351611
32739 20.8941351611
32775 20.8941351611
32784 20.8941351611
32873 20.8941351611
33027 20.8941351611
33175 20.8941351611
33503 20.8941351611
33655 20.8941351611
33688 20.8941351611
36775 20.8941351611
47935 20.8941351611
53273 20.8941351611
56618 20.8941351611
182569 20.8941351611
400010 20.8941351611
evaluations raw_y
1 8079.5666982403
3 7399.6891701006
17 7270.8990828076
20 5357.6697910241
25 5249.2999047644
34 4348.2258890225
49 3809.0040302374
55 3721.8910517289
68 3163.3553577090
71 3039.8975251782
88 2682.1705480637
89 2593.8041030008
110 2318.2226790261
133 2186.3435412653
149 2136.1813484468
154 2026.8202870857
175 1875.0887917434
195 1709.6917563877
200 1696.5368650362
205 1689.9022903490
220 1677.9967454062
222 1499.6703665894
225 1497.4271422790
251 1341.4219237345
260 1329.8862887773
285 1294.7327882857
287 1196.6481170461
289 1135.3227396604
355 1117.7402543356
363 1000.6204764938
382 817.1629310853
462 797.9470814724
475 793.1007243950
484 745.6405582998
532 654.9004959634
582 654.1788166038
621 607.6295536619
663 605.6529937263
670 534.7325382782
716 514.4864552138
738 500.0968561218
776 487.3573639784
791 466.8480133771
986 458.2742028163
1001 453.4012414381
1010 440.3768954543
1037 439.9600469181
1038 423.4979075205
1129 404.3695335869
1232 402.8568667807
1312 395.9266756378
1580 374.1312160062
1953 317.3935616317
2849 306.0513780157
5418 292.7296365820
5422 291.2994207741
7019 283.2594013799
7456 274.7028007381
7716 259.4776136414
7821 211.8654238445
8508 193.7899953769
8525 166.2030344357
8636 163.4922041329
8692 153.0271492480
8825 150.8110876714
8886 148.7340228005
8890 141.4619461898
8920 139.9197269707
8943 116.5151936066
9113 113.8733709035
9211 106.9831757409
9221 104.1925743145
9271 96.5754080581
9463 86.1734461659
9471 78.8121348267
9652 70.4646966729
9664 67.4219209159
9672 66.4962722467
9697 64.3586733985
9700 61.7255251811
9737 60.3727623898
9873 57.9086781035
9915 57.1788636931
9970 56.4951595837
9972 50.8977776531
10074 50.3169864068
10133 46.2678733195
10273 43.1476645949
10360 41.1285635479
10435 41.0104471476
10481 39.6259625254
10522 38.7150432361
10558 37.3187546897
10566 36.4437719039
10631 35.3733349385
10659 34.5016171606
10699 34.4272273864
10799 34.1578907158
10936 33.8721706871
11024 33.4999696854
11027 32.5068595192
11091 31.0370075965
11358 30.8211188724
11362 30.5770211651
11370 28.9170658136
11656 28.8263227222
11891 28.6027177957
12036 28.1512831031
12201 28.0955316537
12241 27.8347596187
12577 27.7548187779
12597 27.6213063296
12681 27.5490202743
12764 27.5159029737
12858 27.5070092237
12896 27.4064555717
12911 27.3462365693
13156 27.2569346430
13257 27.2279358978
13264 27.2125208695
13265 27.1514323760
13334 27.1490987405
13395 27.1476268791
13410 27.1371940165
13440 27.1196818022
13457 27.1016699524
13493 27.0994175167
13529 27.0956816733
13532 27.0853377005
13586 27.0652336393
13608 27.0623898409
13622 27.0579531570
13651 27.0265043677
13881 26.9972681854
13904 26.9907630843
14073 26.9716128604
14335 26.9544322064
14455 26.9419216507
14622 26.9371946395
14656 26.9368059569
14800 26.9229740234
14961 26.9159813711
15122 26.9077449445
15341 26.9072021258
15353 26.9022807917
15578 26.9001850786
15595 26.8997386377
15638 26.8977090665
15669 26.8935738828
15719 26.8924532840
15779 26.8883208261
16039 26.8835650657
16177 26.8816479743
16232 26.8810972206
16259 26.8809460727
16405 26.8804992325
16446 26.8789931358
16475 26.8766072724
16598 26.8755251917
16716 26.8752411028
16738 26.8752195526
16761 26.8738184943
16777 26.8729733410
16918 26.8717265812
17239 26.8690985906
17755 26.8690676819
17909 26.8685708003
18000 26.8679413343
18133 26.8675805612
18257 26.8673108420
18292 26.8665037467
18322 26.8664361123
18576 26.8661801974
18620 26.8659435022
18711 26.8655767788
18918 26.8655332340
18919 26.8654878102
18920 26.8652066135
19149 26.8651927104
19180 26.8651094082
19197 26.8650223062
19276 26.8647869749
19475 26.8647806105
19695 26.8647298940
19738 26.8646740077
19900 26.8646485612
20083 26.8646354002
20097 26.8646004723
20099 26.8645481550
20161 26.8645228811
20206 26.8644193277
20366 26.8643723930
20477 26.8643389479
20545 26.8642753996
20699 26.8642571190
20774 26.8642468879
20785 26.8641888723
20880 26.8641862006
20890 26.8641813143
20915 26.8641472796
21114 26.8641351964
21404 26.8641259365
21497 26.8641196808
21582 26.8640958868
21661 26.8640931767
21700 26.8640858552
21796 26.8640768169
21810 26.8640679187
21824 26.8640608858
21971 26.8640592542
21995 26.8640566043
22025 26.8640540678
22140 26.8640532732
22165 26.8640412388
22268 26.8640386958
22510 26.8640306892
22617 26.8640250851
22646 26.8640222639
22670 26.8640210040
22739 26.8640152057
22744 26.8640057124
22905 26.8639985127
22946 26.8639947863
23075 26.8639906788
23150 26.8639802840
23262 26.8639798851
23295 26.8639756241
23334 26.8639705219
23408 26.8639655216
23490 26.8639542674
24516 26.8639432888
24716 26.8639333031
24725 26.8639230064
24940 26.8639220471
24952 26.8639156948
25002 26.8639152614
25011 26.8639141269
25048 26.8639088988
25218 26.8638994575
25529 26.8638976596
25714 26.8638956379
25820 26.8638952312
25823 26.8638951420
25832 26.8638936252
25864 26.8638917546
25993 26.8638913528
26108 26.8638909295
26118 26.8638887203
26451 26.8638881838
26564 26.8638879895
26599 26.8638872420
26673 26.8638869947
26801 26.8638862512
27101 26.8638861086
27122 26.8638859778
27188 26.8638858438
27192 26.8638856321
27195 26.8638856114
27292 26.8638855771
27344 26.8638853635
27377 26.8638852282
27548 26.8638851882
27577 26.8638851135
27640 26.8638850756
27665 26.8638850178
27710 26.8638849610
27728 26.8638849364
27807 26.8638849088
27904 26.8638848662
27981 26.8638848502
28013 26.8638848247
28072 26.8638847753
28170 26.8638847491
28209 26.8638847441
28224 26.8638846502
28441 26.8638846429
28509 26.8638846416
28570 26.8638845943
28640 26.8638845888
28670 26.8638845820
28766 26.8638845735
28806 26.8638845689
28822 26.8638845337
29090 26.8638845309
29102 26.8638845204
29176 26.8638845181
29214 26.8638845101
29326 26.8638845067
29330 26.8638844994
29373 26.8638844992
29425 26.8638844980
29444 26.8638844970
29537 26.8638844938
29569 26.8638844935
29581 26.8638844930
29625 26.8638844905
29634 26.8638844880
29755 26.8638844826
29799 26.8638844820
29821 26.8638844814
29893 26.8638844800
30063 26.8638844781
30096 26.8638844780
30128 26.8638844777
30147 26.8638844775
30165 26.8638844770
30176 26.8638844749
30202 26.8638844737
30327 26.8638844732
30410 26.8638844719
30428 26.8638844716
30434 26.8638844704
30691 26.8638844693
30818 26.8638844693
30823 26.8638844689
30845 26.8638844689
30988 26.8638844684
30997 26.8638844682
31022 26.8638844678
31076 26.8638844678
31084 26.8638844675
31217 26.8638844674
31249 26.8638844673
31326 26.8638844672
31344 26.8638844670
31365 26.8638844668
31645 26.8638844667
31684 26.8638844666
31700 26.8638844666
31710 26.8638844664
31880 26.8638844664
31894 26.8638844663
32030 26.8638844663
32129 26.8638844663
32142 26.8638844663
32143 26.8638844662
32214 26.8638844662
32253 26.8638844662
32259 26.8638844661
32261 26.8638844661
32318 26.8638844661
32395 26.8638844661
32464 26.8638844661
32504 26.8638844661
32530 26.8638844661
32543 26.8638844660
32588 26.8638844660
32601 26.8638844660
32718 26.8638844660
32719 26.8638844660
33000 26.8638844660
33005 26.8638844660
33066 26.8638844660
33102 26.8638844660
33158 26.8638844660
33173 26.8638844660
33213 26.8638844659
33229 26.8638844659
33239 26.8638844659
33301 26.8638844659
33441 26.8638844659
33461 26.8638844659
33588 26.8638844659
33599 26.8638844659
33653 26.8638844659
33744 26.8638844659
33842 26.8638844659
33913 26.8638844659
34125 26.8638844659
34131 26.8638844659
34261 26.8638844659
34271 26.8638844659
34311 26.8638844659
34334 26.8638844659
34360 26.8638844659
34397 26.8638844659
34423 26.8638844659
34598 26.8638844659
34599 26.8638844659
34851 26.8638844659
34955 26.8638844659
35200 26.8638844659
35410 26.8638844659
35570 26.8638844659
35806 26.8638844659
35968 26.8638844659
36444 26.8638844659
36895 26.8638844659
37941 26.8638844659
evaluations raw_y
1 5351.4853772209
3 4883.1369508451
9 4564.0764963718
12 3849.0929763293
13 3464.0931304637
31 2800.9383713166
34 2449.8543538894
61 2370.9812065548
70 2252.5167364690
78 2114.9432648238
93 2049.5444467634
100 1790.4135264731
102 1679.8744688469
112 1425.2152555559
138 1362.2176553240
159 1284.9543377983
197 1284.6910513876
211 1158.0146855151
225 1134.8975329278
226 981.2866779949
252 966.6904073933
314 840.3329265837
323 797.6262690859
475 791.8782901858
481 782.5158107895
501 706.3215089795
524 676.9087066482
528 671.9583770929
550 604.6085513524
569 602.6373642222
589 555.3117612524
677 504.2476550144
743 493.5492667493
793 491.7110755883
909 488.4558011244
921 459.8905104500
957 423.6777065880
995 374.5713610391
1441 370.2504899630
1679 363.3454664810
1697 354.5960551558
2231 348.8917934484
2319 346.0646661231
2377 300.8387836724
5084 280.7081302598
5615 279.2799393968
6680 274.2838016331
6700 253.7412979433
7156 206.7519049059
7377 204.9501713770
7510 200.1366581866
7562 180.5281747427
7723 172.8041544691
7895 154.0112128788
7958 150.2671305709
8026 143.6651904809
8092 139.0468535079
8134 128.6751633148
8166 122.0016143864
8246 120.8029509743
8251 118.1538623318
8259 101.6324092526
8321 96.5008005421
8356 92.2940854295
8436 89.4376704567
8459 88.2463285132
8497 86.2228932332
8540 84.1755128239
8560 75.6116147240
8571 66.4298841102
8669 60.3127246591
8823 59.4466823866
8845 52.1246851567
8945 51.9058394365
9042 50.2341264316
9050 48.8728169682
9109 47.9674043205
9113 47.4373624026
9221 45.0822676644
9223 44.1391818971
9226 44.0877788803
9232 41.8658925215
9288 41.5209029432
9323 35.4667488871
9425 33.6745044634
9507 32.7738580377
9603 32.4386957100
9611 32.2308414020
9665 31.9551502133
9694 30.8529819688
9714 30.4848197709
9781 30.4529014635
9878 30.3048024956
9879 30.1386184179
9892 27.4289097839
9980 26.9502221248
9999 25.8797127654
10215 25.5556998950
10286 25.1211071167
10305 25.1017192680
10317 24.9421791174
10374 24.2341803007
10387 23.5724603147
10405 23.3915200454
10530 22.3848690723
10610 21.8583461111
10715 21.7725755563
10821 21.7647612439
10842 21.7310541629
10869 21.5259880952
10900 21.5191754828
10944 21.4995732847
10957 21.4721438429
10963 21.2840433705
10996 21.2118441288
11040 21.1916457881
11174 20.7592865039
11338 20.6614655759
11415 20.5337375132
11631 20.5057585347
11653 20.4200206204
11763 20.3907464186
11779 20.3876936742
11822 20.3753597120
11878 20.3109353109
11889 20.2970233789
11930 20.2817659263
11932 20.2729542625
11993 20.2187252788
12029 20.1574279508
12110 20.1472923919
12156 20.1446783111
12171 20.1172649273
12173 20.0970430932
12386 20.0739581743
12481 20.0598427615
12487 20.0360956060
12495 20.0003329102
12738 19.9977460032
12739 19.9939893058
12833 19.9864145132
12872 19.9785801995
13086 19.9738953586
13179 19.9737160094
13226 19.9636057768
13243 19.9612369487
13273 19.9608016663
13416 19.9572375998
13442 19.9533014672
13454 19.9511046434
13461 19.9430473531
13629 19.9377300194
13739 19.9372884912
13743 19.9350069666
13773 19.9309898351
13820 19.9299393457
13891 19.9261143136
13966 19.9213006874
14147 19.9203777266
14220 19.9188589231
14230 19.9183760781
14322 19.9182185033
14391 19.9154825614
14504 19.9142655289
14840 19.9134176543
15114 19.9132368532
15124 19.9130717303
15131 19.9124748984
15151 19.9124134891
15165 19.9119054974
15216 19.9103828251
15460 19.9096150270
15567 19.9089923025
15676 19.9087128729
15680 19.9083444384
15829 19.9082523363
15897 19.9070956617
16015 19.9060451510
16070 19.9052964397
16114 19.9051355223
16347 19.9035458018
17081 19.9031818347
17174 19.9029696352
17189 19.9027947544
17208 19.9026087437
17223 19.9025874098
17255 19.9025317569
17262 19.9022164504
17284 19.9015662873
17355 19.9014531815
17368 19.9012237994
17381 19.9010919098
17412 19.9010107531
17513 19.9007480239
17544 19.9007068158
17634 19.9006841696
17683 19.9005413940
17701 19.9003772988
17747 19.8998859522
18014 19.8997069291
18235 19.8996545469
18360 19.8996261262
18425 19.8996241951
18454 19.8996034820
18455 19.8995988563
18460 19.8995393045
18563 19.8994997492
18620 19.8994512056
18708 19.8994194596
18801 19.8993832777
18808 19.8993713430
19127 19.8993446458
19173 19.8993364539
19216 19.8993067788
19257 19.8992710502
19434 19.8992564536
19619 19.8992278977
19777 19.8992232748
19796 19.8992111677
19911 19.8992067303
19944 19.8992064828
20175 19.8992061787
20183 19.8992014149
20191 19.8991969920
20298 19.8991962453
20352 19.8991922914
20414 19.8991917060
20541 19.8991909331
20545 19.8991900996
20622 19.8991892869
20670 19.8991889193
20671 19.8991867043
20895 19.8991840768
21170 19.8991828449
21225 19.8991824266
21261 19.8991822443
21309 19.8991822427
21355 19.8991822085
21372 19.8991819870
21383 19.8991811791
21492 19.8991808322
21518 19.8991804922
21612 19.8991799656
21643 19.8991795933
21766 19.8991794722
21816 19.8991793119
21879 19.8991787540
21980 19.8991784029
22238 19.8991783837
22402 19.8991778202
22515 19.8991774840
22707 19.8991773265
22708 19.8991773051
22766 19.8991772011
22940 19.8991771837
22953 19.8991770734
23006 19.8991770414
23029 19.8991770083
23124 19.8991770013
23213 19.8991769856
23267 19.8991768585
23321 19.8991768059
23419 19.8991767260
23431 19.8991767152
23553 19.8991766705
23605 19.8991766254
23661 19.8991766236
23711 19.8991766036
23764 19.8991765822
23820 19.8991765772
23872 19.8991765407
23985 19.8991765045
23996 19.8991765004
24014 19.8991764979
24030 19.8991764884
24129 19.8991764567
24348 19.8991764539
24368 19.8991764031
24491 19.8991763250
24997 19.8991763214
25140 19.8991763032
25247 19.8991762643
25562 19.8991762144
25795 19.8991762083
25973 19.8991761982
26006 19.8991761616
26199 19.8991761602
26304 19.8991761502
26431 19.8991761464
26483 19.8991761434
26517 19.8991761397
26540 19.8991761312
26580 19.8991761278
26649 19.8991761245
27072 19.8991761237
27184 19.8991761226
27232 19.8991761223
27276 19.8991761172
27313 19.8991761127
27484 19.8991761127
27571 19.8991761116
27611 19.8991761109
27837 19.8991761100
27887 19.8991761092
27927 19.8991761089
28119 19.8991761086
28130 19.8991761084
28177 19.8991761084
28186 19.8991761083
28249 19.8991761082
28287 19.8991761078
28314 19.8991761077
28320 19.8991761075
28340 19.8991761070
28366 19.8991761070
28372 19.8991761067
28412 19.8991761067
28415 19.8991761064
28509 19.8991761063
28533 19.8991761063
28565 19.8991761063
28571 19.8991761058
28584 19.8991761057
28622 19.8991761056
28634 19.8991761055
28719 19.8991761055
28785 19.8991761054
28798 19.8991761053
28819 19.8991761053
28847 19.8991761053
28849 19.8991761053
28852 19.8991761052
28894 19.8991761052
28929 19.8991761051
28956 19.8991761050
28980 19.8991761048
29109 19.8991761047
29143 19.8991761046
29252 19.8991761045
29314 19.8991761045
29357 19.8991761045
29370 19.8991761044
29377 19.8991761044
29400 19.8991761044
29468 19.8991761044
29513 19.8991761044
29533 19.8991761044
29614 19.8991761043
29739 19.8991761043
29820 19.8991761043
29821 19.8991761043
29858 19.8991761042
29889 19.8991761042
29935 19.8991761042
30107 19.8991761042
30112 19.8991761042
30179 19.8991761042
30239 19.8991761042
30271 19.8991761042
30359 19.8991761041
30367 19.8991761041
30472 19.8991761041
30566 19.8991761041
30599 19.8991761041
30645 19.8991761041
30817 19.8991761041
30826 19.8991761041
30943 19.8991761041
31025 19.8991761041
31073 19.8991761041
31087 19.8991761041
31115 19.8991761041
31213 19.8991761041
31245 19.8991761041
31252 19.8991761041
31284 19.8991761041
31331 19.8991761041
31401 19.8991761041
31781 19.8991761041
31797 19.8991761041
31803 19.8991761041
32030 19.8991761041
32050 19.8991761040
32235 19.8991761040
32242 19.8991761040
32370 19.8991761040
32400 19.8991761040
32450 19.8991761040
32452 19.8991761040
32458 19.8991761040
32501 19.8991761040
32518 19.8991761040
32548 19.8991761040
32580 19.8991761040
32775 19.8991761040
32798 19.8991761040
32928 19.8991761040
33005 19.8991761040
33125 19.8991761040
33140 19.8991761040
33356 19.8991761040
33402 19.8991761040
33501 19.8991761040
33553 19.8991761040
33600 19.8991761040
33649 19.8991761040
33680 19.8991761040
33720 19.8991761040
33876 19.8991761040
34052 19.8991761040
34091 19.8991761040
34098 19.8991761040
34269 19.8991761040
34344 19.8991761040
34583 19.8991761040
34759 19.8991761040
35274 19.8991761040
38485 19.8991761040
45787 19.8991761040
69213 19.8991761040
91396 19.8991761040
394523 19.8991761040
evaluations raw_y
1 7183.2571604803
2 6766.9207739758
3 6289.6684842985
10 6083.4455506585
14 6050.4210185034
21 5616.5400688473
22 4832.2766237527
26 3645.0042228469
34 3188.6849680924
52 2682.6999420033
54 2132.3757960713
96 2062.0187174867
130 1888.4811032532
154 1830.8880749473
181 1549.7240317823
209 1488.5673518172
243 1291.3762130218
278 1210.0718331671
301 1139.8233686902
318 1122.8773656687
319 1035.7423555467
327 1029.7532961487
340 938.5336909795
366 878.2194128727
399 825.3858433814
454 788.6418630946
464 746.5424195786
469 717.7036986876
477 707.1889561134
584 622.8879859775
683 621.6607460397
708 610.0498551484
729 555.6986947248
792 539.2672939522
806 509.1707662752
837 484.3980072428
889 446.1196554547
1023 441.3484677766
1028 428.8891283229
1041 426.8027684506
1064 419.4594418453
1194 414.8436715630
1553 398.8907075672
1572 392.0937202845
1575 373.8875767959
1585 345.7516932520
2259 334.4731426944
2362 321.0506144251
3108 308.8807608066
3677 301.0462779960
4384 289.4781979439
4902 287.3288825671
6995 240.4086616974
7459 229.0388802311
7723 218.1471631645
7798 218.1311241996
7853 195.2967031995
8122 189.3060274952
8142 180.6209285534
8148 178.0125619917
8188 158.3173907605
8265 146.7405173219
8431 146.3510009618
8441 142.9664723435
8467 141.0166045645
8484 135.3175614036
8485 98.0650911061
8995 96.9644469202
9007 94.3821303999
9008 83.6717857808
9053 82.6511125957
9092 78.5210972950
9197 74.5280617112
9269 71.5578134847
9292 61.2178358179
9452 57.8829825897
9667 54.4047343795
9859 49.4064801569
10129 45.8472204787
10265 42.9247334803
10405 42.5458250282
10463 42.1252236893
10519 41.9513414675
10549 41.7931997007
10551 41.5696171711
10557 40.2214601829
10574 39.7792785954
10586 39.2130713379
10601 38.4727920931
10741 36.2126452314
10919 36.1894745179
10928 35.8161047301
10975 35.4485340404
10988 35.3255867691
11005 35.0171005732
11163 35.0062283719
11203 34.3454062732
11223 34.1918445961
11341 33.9749854719
11369 33.8925356265
11416 33.2151435560
11470 33.2020791298
11623 33.1639081779
11633 33.1506910610
11666 32.7586007701
11736 32.5839243048
11872 32.3584560465
11954 32.3412642139
12093 32.2138297929
12129 32.0447959909
12304 32.0358992648
12314 31.8911418680
12338 31.8700708829
12359 31.8639755959
12432 31.8247820886
12443 31.7945189598
12472 31.7200599523
12502 31.6240674497
12676 31.5727156213
12740 31.5146889276
12761 31.4835033175
12798 31.4759840691
12811 31.4434965821
12914 31.4247609145
12922 31.4005396978
12986 31.3678723399
13096 31.3452624714
13152 31.2294842470
13294 31.2111805160
13303 31.1837081594
13446 31.1789450652
13537 31.1362995098
13576 31.1152562536
13694 31.1151295316
13741 31.0718457633
14048 31.0200549851
14179 31.0036127337
14296 30.9898440395
14351 30.9780782068
14470 30.9625994261
14691 30.9579268884
14703 30.9474116851
14805 30.9465589469
14823 30.9438495529
14912 30.9298414128
14941 30.9217877197
15154 30.9194928872
15157 30.9164661228
15192 30.9108043167
15217 30.9071739310
15252 30.8982998647
15279 30.8932803496
15472 30.8881875635
15666 30.8831257884
15712 30.8781648289
15749 30.8777925193
15750 30.8766678727
15806 30.8748501418
15811 30.8732438361
15867 30.8729447501
15904 30.8681743248
15985 30.8675291730
16029 30.8660033686
16031 30.8635849685
16071 30.8631305933
16250 30.8628841312
16262 30.8557450501
16572 30.8555428588
16582 30.8555394485
16636 30.8539260841
16643 30.8538354378
16647 30.8520011177
16653 30.8510392969
16827 30.8507858618
17328 30.8498485126
17355 30.8497947922
17409 30.8495530840
17420 30.8491894823
17421 30.8489403945
17462 30.8481253114
17535 30.8475170524
17641 30.8474430389
17707 30.8471306167
17729 30.8467859477
17819 30.8465955076
17838 30.8462891062
17977 30.8462490629
18073 30.8459338869
18119 30.8453905261
18246 30.8453432724
18335 30.8453370313
18363 30.8453365423
18381 30.8452945868
18391 30.8451040768
18470 30.8451026357
18477 30.8450510948
18568 30.8449261495
18590 30.8449177263
18697 30.8447056909
18863 30.8446826377
18881 30.8445640162
18918 30.8445313058
19021 30.8444955379
19112 30.8444806506
19151 30.8444370477
19301 30.8444075526
19310 30.8443811603
19337 30.8442310238
19678 30.8442010727
19870 30.8441930807
19889 30.8441442288
20020 30.8441320896
20046 30.8441068257
20088 30.8440789740
20200 30.8440391995
20272 30.8440376834
20302 30.8440012675
20305 30.8439900940
20316 30.8439871047
20322 30.8439415958
20491 30.8439299085
20589 30.8439134232
20624 30.8439096206
20700 30.8438629385
20748 30.8438348789
21024 30.8438330169
21037 30.8438286088
21121 30.8437960397
21572 30.8437945829
21758 30.8437860094
21797 30.8437768883
21820 30.8437727703
21870 30.8437520039
21905 30.8437513424
22089 30.8437457559
22118 30.8437436757
22234 30.8437375612
22339 30.8437369421
22347 30.8437364959
22383 30.8437332653
22526 30.8437293033
22611 30.8437277386
22681 30.8437269300
22719 30.8437253088
22848 30.8437228352
22893 30.8437216123
22912 30.8437198079
23140 30.8437191408
23153 30.8437176164
23235 30.8437170638
23239 30.8437146236
23588 30.8437145958
23600 30.8437142214
23664 30.8437138264
23668 30.8437138079
23685 30.8437133645
23796 30.8437133634
23798 30.8437132850
23823 30.8437128848
23834 30.8437125212
24027 30.8437124368
24076 30.8437122813
24080 30.8437122768
24099 30.8437122077
24129 30.8437121502
24137 30.8437120780
24187 30.8437120258
24190 30.8437118423
24192 30.8437117824
24213 30.8437114111
24531 30.8437113805
24618 30.8437113050
24707 30.8437112352
24740 30.8437111418
24752 30.8437111167
24821 30.8437110786
24872 30.8437110513
24887 30.8437109642
25143 30.8437108975
25182 30.8437108839
25248 30.8437108787
25256 30.8437108634
25307 30.8437108012
25351 30.8437107951
25433 30.8437107560
25565 30.8437107430
25605 30.8437107374
25680 30.8437107125
25738 30.8437107093
25872 30.8437106859
26007 30.8437106815
26032 30.8437106709
26204 30.8437106642
26287 30.8437106561
26333 30.8437106550
26339 30.8437106503
26559 30.8437106501
26617 30.8437106438
26638 30.8437106393
26726 30.8437106379
26757 30.8437106361
27118 30.8437106347
27127 30.8437106315
27271 30.8437106304
27283 30.8437106302
27322 30.8437106296
27333 30.8437106281
27365 30.8437106281
27376 30.8437106275
27401 30.8437106250
27620 30.8437106234
27727 30.8437106231
27756 30.8437106231
27835 30.8437106230
27842 30.8437106224
27964 30.8437106218
28016 30.8437106216
28096 30.8437106211
28154 30.8437106209
28313 30.8437106206
28425 30.8437106204
28469 30.8437106201
28565 30.8437106199
28623 30.8437106199
28655 30.8437106193
28831 30.8437106192
29010 30.8437106191
29104 30.8437106190
29311 30.8437106190
29359 30.8437106190
29381 30.8437106190
29385 30.8437106189
29446 30.8437106189
29463 30.8437106189
29516 30.8437106189
29554 30.8437106189
29559 30.8437106188
29601 30.8437106188
29625 30.8437106188
29698 30.8437106188
29815 30.8437106188
29904 30.8437106188
29908 30.8437106188
29920 30.8437106187
29996 30.8437106187
30047 30.8437106187
30118 30.8437106187
30174 30.8437106187
30205 30.8437106187
30250 30.8437106187
30419 30.8437106187
30461 30.8437106187
30505 30.8437106187
30592 30.8437106187
30612 30.8437106187
30627 30.8437106186
30666 30.8437106186
30682 30.8437106186
30852 30.8437106186
30895 30.8437106186
30899 30.8437106186
30987 30.8437106186
31303 30.8437106186
31320 30.8437106186
31380 30.8437106186
31557 30.8437106186
31574 30.8437106186
31627 30.8437106186
31692 30.8437106186
31724 30.8437106186
31732 30.8437106186
31766 30.8437106186
31985 30.8437106186
31999 30.8437106186
32016 30.8437106186
32063 30.8437106186
32354 30.8437106186
32404 30.8437106186
32581 30.8437106186
32622 30.8437106186
32708 30.8437106186
32948 30.8437106186
33054 30.8437106186
33117 30.8437106186
33152 30.8437106186
33270 30.8437106186
33413 30.8437106186
33696 30.8437106186
34528 30.8437106186
38940 30.8437106186
39055 30.8437106186
evaluations raw_y
1 5928.9271087263
12 4444.0972550449
21 3470.9897348567
55 3178.6175742597
58 2798.0373506706
73 2187.9329346485
82 1636.1396539541
96 1566.9840205055
155 1534.5189622299
170 1200.7478836061
276 1198.0343930669
281 1174.3228183760
329 1171.9393517749
333 1141.8679468825
367 1115.2044626723
377 1017.9439811554
391 998.5283404864
399 976.5220726858
406 915.6064598158
420 874.4567292789
455 842.1405224208
532 747.3830251252
610 648.5526507350
647 636.1407659498
674 556.4727135828
808 488.1871533441
903 471.4400158110
911 465.9994932072
918 463.0710420584
923 423.5217336090
1146 393.6861178561
1378 359.8715397960
2100 337.7423920326
3205 334.4326530089
3325 324.9486667249
4333 304.4388879364
4383 297.6564997108
4695 293.8044400949
5183 275.3325843622
5953 272.3618296753
5964 262.2029235908
6067 254.6661019539
6274 202.6253951394
6569 197.3392027832
6582 187.6352507164
6622 187.4023691886
6784 185.7443471825
6820 183.3450911822
6903 168.0872398932
6938 156.8234053282
6950 154.3752234637
7113 142.8929230716
7123 136.8618188199
7259 131.8618342834
7290 110.2564020421
7369 106.6855370514
7542 91.4001565130
7615 84.7824581002
7641 84.5282586287
7669 83.0896992191
7815 82.1225709564
7825 71.3595019042
7917 70.0843300383
7940 69.7724588384
7941 66.9261316989
7975 65.1087987350
8024 62.6532596597
8101 60.3830545653
8225 59.8222453974
8275 57.5834680291
8420 57.4174423410
8446 55.3873254258
8491 53.0544036654
8525 50.2432410531
8582 48.2649859257
8652 47.0358787172
8835 45.7478914667
8948 43.9898747817
9005 42.4958327351
9035 41.9805177561
9045 41.8360118725
9184 40.9499160940
9257 40.8281501159
9261 39.3193355417
9313 38.2436359594
9350 36.7082373669
9649 36.0245302103
9776 35.8912406941
9780 35.6320291879
9786 35.3855297993
9859 35.0465547039
9956 34.8797792390
9981 34.7966194516
10018 34.6944011585
10053 34.4247067339
10173 34.3700333054
10220 33.9085980292
10291 33.5854363578
10409 33.3087061073
10504 33.1320965855
10785 33.1003063695
10806 33.0612278107
10837 32.9381749886
10887 32.8681311494
10903 32.8539863357
10920 32.7786818320
10947 32.6473959764
10976 32.5957885740
10977 32.5320857055
10978 32.3753184007
11329 32.3300601630
11405 32.2036020942
11625 32.1974453751
11635 32.1927323916
11683 32.1699288364
11778 32.1581431380
11805 32.1451652929
11834 32.1345665545
11878 32.0939883535
11973 32.0694050049
11977 32.0622585025
12062 32.0365295900
12118 32.0350828945
12123 32.0159599601
12232 32.0004808921
12264 31.9919225646
12303 31.9574284921
12533 31.9539253803
12562 31.9471441670
12682 31.9246999783
12737 31.9245572106
12815 31.9226295207
12926 31.9150042215
12968 31.9131235319
12988 31.9021362956
13114 31.9001682405
13115 31.8900344911
13244 31.8891809629
13253 31.8859607702
13269 31.8834693547
13341 31.8777116109
13463 31.8712928841
13834 31.8601542668
13983 31.8589960125
14026 31.8578665589
14089 31.8573158562
14211 31.8513070512
14398 31.8508949736
14415 31.8495988931
14547 31.8495060333
14603 31.8486750065
14612 31.8473027586
14636 31.8470082189
14693 31.8468597995
14716 31.8465112477
14749 31.8448744343
14851 31.8446671736
14856 31.8439326302
14942 31.8437034688
14996 31.8429098620
15030 31.8419357393
15306 31.8418689249
15327 31.8418337351
15386 31.8413004234
15407 31.8409124742
15411 31.8408411397
15568 31.8406121003
15618 31.8404870483
15673 31.8404154154
15712 31.8404068081
15788 31.8403020148
15861 31.8400990777
15901 31.8399994808
16007 31.8399325016
16050 31.8396715536
16309 31.8396342129
16310 31.8395953497
16348 31.8395884116
16356 31.8393994359
16764 31.8393811133
16839 31.8393568017
16917 31.8393046735
16961 31.8392962625
17000 31.8392787295
17059 31.8392215310
17305 31.8392136330
17306 31.8391902540
17363 31.8391892310
17364 31.8391796339
17402 31.8391678410
17479 31.8391287939
17527 31.8391236161
17613 31.8390915490
17700 31.8390902573
17774 31.8390538850
18254 31.8390448068
18516 31.8390298207
18626 31.8389991224
18749 31.8389948915
18767 31.8389835205
18794 31.8389747180
18842 31.8389610146
18844 31.8389412219
18937 31.8389250857
19050 31.8389160160
19140 31.8388688136
19373 31.8388647544
19791 31.8388497079
19812 31.8388391880
19857 31.8388222538
19899 31.8388139507
19993 31.8388074928
20001 31.8387952660
20080 31.8387899410
20227 31.8387758332
20252 31.8387716619
20299 31.8387695651
20307 31.8387628533
20338 31.8387532368
20381 31.8387513369
20439 31.8387338068
20487 31.8387294981
20549 31.8387252420
20614 31.8387193656
20857 31.8387110040
20956 31.8387057602
20960 31.8387052790
21010 31.8387046670
21226 31.8387030732
21272 31.8387022309
21319 31.8386965758
21344 31.8386958021
21452 31.8386952739
21541 31.8386901241
21595 31.8386890059
21613 31.8386847147
21857 31.8386845052
21980 31.8386836728
22102 31.8386832332
22115 31.8386828296
22210 31.8386826621
22260 31.8386814876
22412 31.8386789448
22968 31.8386788278
23042 31.8386782734
23128 31.8386778402
23187 31.8386777442
23231 31.8386773641
23276 31.8386769756
23377 31.8386768990
23386 31.8386768957
23416 31.8386768858
23469 31.8386768489
23490 31.8386768327
23492 31.8386764949
23518 31.8386762533
23536 31.8386760174
23698 31.8386759238
23821 31.8386758343
24009 31.8386757860
24059 31.8386757823
24133 31.8386757281
24136 31.8386756925
24161 31.8386754598
24398 31.8386754227
24433 31.8386753797
24552 31.8386753441
24596 31.8386752750
24714 31.8386752729
24776 31.8386752586
24808 31.8386752397
24820 31.8386752336
24881 31.8386751920
25034 31.8386751792
25067 31.8386751359
25145 31.8386751181
25172 31.8386750697
25238 31.8386750452
25322 31.8386750247
25347 31.8386750234
25422 31.8386750023
25443 31.8386749771
25490 31.8386749704
25529 31.8386749536
25733 31.8386749532
25765 31.8386749522
25775 31.8386749430
25826 31.8386749384
25880 31.8386749225
25966 31.8386749189
26085 31.8386749059
26178 31.8386749048
26209 31.8386748820
26211 31.8386748705
26413 31.8386748619
26456 31.8386748397
26559 31.8386748322
26662 31.8386748271
26728 31.8386748230
26771 31.8386748112
26887 31.8386748028
26924 31.8386747995
27052 31.8386747819
27233 31.8386747803
27255 31.8386747787
27295 31.8386747682
27384 31.8386747645
27427 31.8386747526
27514 31.8386747518
27555 31.8386747515
27601 31.8386747481
27688 31.8386747472
27710 31.8386747442
27745 31.8386747381
27919 31.8386747377
27950 31.8386747368
28049 31.8386747345
28218 31.8386747325
28316 31.8386747315
28432 31.8386747312
28455 31.8386747291
28536 31.8386747288
28595 31.8386747261
28673 31.8386747259
28686 31.8386747250
28703 31.8386747241
28709 31.8386747237
28730 31.8386747218
28857 31.8386747217
28869 31.8386747203
28955 31.8386747187
29005 31.8386747185
29045 31.8386747183
29111 31.8386747182
29143 31.8386747180
29175 31.8386747174
29188 31.8386747171
29227 31.8386747170
29349 31.8386747167
29357 31.8386747160
29549 31.8386747159
29650 31.8386747159
29686 31.8386747155
29689 31.8386747154
29809 31.8386747153
29861 31.8386747150
29899 31.8386747147
30154 31.8386747147
30172 31.8386747146
30184 31.8386747146
30206 31.8386747145
30231 31.8386747144
30255 31.8386747143
30290 31.8386747143
30293 31.8386747141
30412 31.8386747141
30459 31.8386747140
30512 31.8386747140
30541 31.8386747140
30600 31.8386747139
30625 31.8386747139
30688 31.8386747138
30737 31.8386747138
30761 31.8386747138
30795 31.8386747138
30857 31.8386747138
30879 31.8386747137
30908 31.8386747137
30975 31.8386747137
30978 31.8386747137
31029 31.8386747137
31037 31.8386747137
31078 31.8386747137
31082 31.8386747136
31172 31.8386747136
31276 31.8386747136
31365 31.8386747136
31503 31.8386747136
31592 31.8386747136
31616 31.8386747136
31741 31.8386747136
31792 31.8386747136
31898 31.8386747136
31934 31.8386747136
31968 31.8386747136
32025 31.8386747136
32042 31.8386747136
32126 31.8386747135
32244 31.8386747135
32298 31.8386747135
32388 31.8386747135
32405 31.8386747135
32440 31.8386747135
32545 31.8386747135
32659 31.8386747135
32738 31.8386747135
32781 31.8386747135
32789 31.8386747135
32924 31.8386747135
33045 31.8386747135
33096 31.8386747135
33142 31.8386747135
33191 31.8386747135
33210 31.8386747135
33268 31.8386747135
33301 31.8386747135
33358 31.8386747135
33430 31.8386747135
33454 31.8386747135
33492 31.8386747135
33612 31.8386747135
33661 31.8386747135
33691 31.8386747135
33725 31.8386747135
33773 31.8386747135
33981 31.8386747135
33990 31.8386747135
34068 31.8386747135
34072 31.8386747135
34132 31.8386747135
34137 31.8386747135
34186 31.8386747135
34232 31.8386747135
34278 31.8386747135
34299 31.8386747135
34371 31.8386747135
34442 31.8386747135
34467 31.8386747135
34477 31.8386747135
34524 31.8386747135
34551 31.8386747135
34584 31.8386747135
34590 31.8386747135
34781 31.8386747135
35039 31.8386747135
35148 31.8386747135
35291 31.8386747135
35416 31.8386747135
35501 31.8386747135
35729 31.8386747135
35999 31.8386747135
37651 31.8386747135
38446 31.8386747135
41559 31.8386747135
44828 31.8386747135
56180 31.8386747135
58770 31.8386747135
95491 31.8386747135
230550 31.8386747135
400010 31.8386747135
evaluations raw_y
1 6369.1490240239
3 5996.2495069997
5 5606.4817326432
6 5266.6507268497
14 4287.0600924328
17 2685.4558139217
35 2611.9878917461
38 2494.1519688275
45 2352.1698926984
52 2120.1149981227
62 1442.9730516288
151 1324.9271654697
155 1186.0579539216
209 1100.2254429223
243 909.3434833799
344 858.3614318294
369 689.9556146859
421 677.9389303148
446 623.5175944865
514 587.9234947328
518 583.9085808389
563 578.4469981023
584 522.9063509532
665 522.7798001381
719 510.5479138789
744 508.5873112554
767 498.6203386012
789 455.3063813471
804 446.1801186793
860 445.2398905034
910 443.3551324460
1026 440.7548114746
1057 431.0159748161
1120 394.3070941630
1162 365.2891813261
1431 365.0305789731
1846 332.5592712344
2121 328.9191340108
2250 325.2755886634
2492 288.0801813269
7398 268.0953328749
7536 254.3254151748
7780 193.4420620449
8439 186.4970267803
8509 164.3392416948
8630 159.3735320323
8646 153.5805156761
8762 146.0584875587
8872 137.0374947600
8902 129.0320107101
8962 128.2759993839
8974 122.0175326472
9015 116.8258853304
9109 111.2083558812
9124 102.2890388728
9153 97.0831236783
9307 97.0547101641
9315 82.8329084643
9507 82.2598571757
9696 78.8592775726
9789 76.8289512766
9821 75.2729249560
9849 73.4288667679
9890 61.9546162900
10006 61.6548068364
10061 59.8786862933
10165 59.3245089005
10211 56.1141151165
10212 53.8529966982
10317 53.7356480440
10366 50.9043911802
10435 49.2496511226
10441 48.7727342856
10463 42.0487887761
10957 39.7339378721
11061 39.4302772138
11150 39.0011859239
11220 38.5618793966
11343 37.1817259412
11440 37.0873125250
11519 36.6906316193
11561 36.0344151250
11704 35.2656755064
11788 35.0420496941
11834 34.6197024305
11854 34.4857347220
11945 34.3821202650
12032 34.3334423839
12036 33.6796553125
12422 33.4962352924
12499 33.1925065435
12612 33.1306555113
12655 33.0646752462
12693 33.0401123494
12847 33.0028874914
12857 32.8837842872
12881 32.7572091713
12884 32.7324439207
12968 32.6764359902
13027 32.5143714057
13106 32.4311573381
13299 32.3589671833
13340 32.3385716537
13493 32.2419861782
13676 32.2361889070
13800 32.2247854906
13904 32.1964415867
13929 32.1254180695
13951 32.1184740563
13974 32.1015302594
13988 32.0810477017
14182 32.0708399389
14209 32.0346302239
14282 32.0202001115
14443 31.9905451432
14485 31.9850262043
14578 31.9711600608
14640 31.9622370821
14755 31.9620582501
14786 31.9578231047
14803 31.9382925081
14876 31.9342289655
14949 31.9267954040
15001 31.9224504260
15039 31.9220238031
15094 31.9116754963
15191 31.9100909543
15214 31.9087663876
15310 31.8982024472
15336 31.8971541739
15526 31.8916169373
15644 31.8907304820
15659 31.8876684988
15676 31.8848060149
15746 31.8756603296
15896 31.8728657326
16032 31.8697374501
16054 31.8678841814
16359 31.8667578391
16362 31.8654368023
16393 31.8645971905
16483 31.8613624512
16518 31.8610371755
16553 31.8582672371
16597 31.8577962835
16637 31.8561410356
16716 31.8543569237
16769 31.8475240414
17308 31.8469230450
17353 31.8450802630
17508 31.8436745749
17620 31.8432965233
17668 31.8430134849
17882 31.8426303905
17939 31.8425616916
17969 31.8420010463
17989 31.8418211868
18078 31.8417836010
18094 31.8417154484
18106 31.8414288841
18138 31.8413920701
18175 31.8413225020
18208 31.8411423499
18246 31.8408883505
18319 31.8407576050
18386 31.8407154496
18408 31.8405655466
18418 31.8403815080
18483 31.8403537526
18573 31.8403305648
18659 31.8400242442
18696 31.8400211124
18713 31.8398427753
18778 31.8394782738
18827 31.8394575201
19110 31.8394214434
19238 31.8394034293
19259 31.8393884385
19305 31.8392786701
19440 31.8390677809
19584 31.8390554117
19656 31.8390274467
19699 31.8390087601
19832 31.8390083158
19848 31.8389934516
19849 31.8389768765
19860 31.8389540021
19933 31.8389501128
19950 31.8389015884
20109 31.8388519319
20174 31.8388518980
20225 31.8388505516
20312 31.8388425552
20315 31.8388273929
20465 31.8388233657
20506 31.8387907695
20525 31.8387858669
20778 31.8387813425
20895 31.8387736812
20980 31.8387725078
21106 31.8387683014
21108 31.8387673713
21116 31.8387587710
21278 31.8387503699
21398 31.8387465207
21409 31.8387456671
21466 31.8387355180
21610 31.8387351841
21636 31.8387309457
21673 31.8387219593
21756 31.8387195962
22036 31.8387178837
22230 31.8387174108
22237 31.8387121030
22379 31.8387060185
22657 31.8387028771
22692 31.8387006569
22704 31.8387001632
22853 31.8386998083
22855 31.8386989939
22921 31.8386962109
22982 31.8386951445
23180 31.8386948299
23215 31.8386940422
23269 31.8386923961
23302 31.8386916096
23346 31.8386916054
23366 31.8386899324
23443 31.8386893626
23683 31.8386892041
23763 31.8386885354
23853 31.8386884660
23900 31.8386874104
24029 31.8386872975
24056 31.8386868840
24096 31.8386868259
24113 31.8386868064
24148 31.8386866632
24161 31.8386865787
24162 31.8386851843
24269 31.8386849598
24324 31.8386844338
24397 31.8386840012
24530 31.8386834545
24564 31.8386834388
24728 31.8386832970
24753 31.8386832430
24807 31.8386830233
24848 31.8386823997
24987 31.8386822720
25003 31.8386822479
25129 31.8386820441
25265 31.8386819783
25343 31.8386819431
25350 31.8386818977
25391 31.8386809883
25448 31.8386808779
25469 31.8386807500
25488 31.8386805696
25644 31.8386805302
25765 31.8386804877
25917 31.8386799385
25930 31.8386790004
26269 31.8386788084
26401 31.8386786310
26629 31.8386786044
26647 31.8386784711
26755 31.8386784521
27087 31.8386784179
27105 31.8386779689
27129 31.8386779485
27146 31.8386778783
27162 31.8386777631
27166 31.8386777365
27329 31.8386776029
27379 31.8386775984
27396 31.8386775933
27402 31.8386774983
27404 31.8386774735
27423 31.8386772029
27432 31.8386769389
27524 31.8386769043
27539 31.8386768356
27567 31.8386767115
27616 31.8386765087
27688 31.8386764753
27693 31.8386762933
27704 31.8386762397
27775 31.8386761891
27824 31.8386761745
27850 31.8386761261
27889 31.8386761195
27936 31.8386761018
27944 31.8386760302
27963 31.8386760182
27968 31.8386759238
27985 31.8386758799
28014 31.8386756805
28035 31.8386756633
28091 31.8386756458
28130 31.8386755374
28160 31.8386754884
28238 31.8386754544
28331 31.8386754441
28333 31.8386753774
28508 31.8386753577
28613 31.8386753575
28689 31.8386751256
29227 31.8386750862
29298 31.8386750855
29320 31.8386749351
29531 31.8386749076
29633 31.8386748703
29758 31.8386748556
29815 31.8386748551
29874 31.8386748221
29882 31.8386748184
29921 31.8386748129
29934 31.8386748044
29998 31.8386748014
30091 31.8386747906
30096 31.8386747686
30122 31.8386747634
30187 31.8386747477
30523 31.8386747462
30591 31.8386747361
30851 31.8386747341
31081 31.8386747322
31176 31.8386747315
31193 31.8386747290
31194 31.8386747271
31205 31.8386747269
31218 31.8386747255
31250 31.8386747253
31251 31.8386747245
31310 31.8386747236
31349 31.8386747231
31356 31.8386747224
31508 31.8386747223
31515 31.8386747218
31550 31.8386747209
31647 31.8386747203
31712 31.8386747200
31806 31.8386747200
31810 31.8386747186
31853 31.8386747181
31909 31.8386747178
31936 31.8386747170
32035 31.8386747166
32111 31.8386747165
32154 31.8386747164
32157 31.8386747162
32177 31.8386747162
32196 31.8386747161
32216 31.8386747161
32245 31.8386747159
32263 31.8386747155
32272 31.8386747155
32292 31.8386747154
32383 31.8386747151
32422 31.8386747151
32449 31.8386747151
32481 31.8386747149
32515 31.8386747149
32523 31.8386747148
32554 31.8386747148
32591 31.8386747147
32629 31.8386747143
32838 31.8386747141
32944 31.8386747140
33060 31.8386747139
33077 31.8386747139
33146 31.8386747139
33189 31.8386747139
33258 31.8386747139
33307 31.8386747139
33332 31.8386747138
33359 31.8386747137
33633 31.8386747137
33656 31.8386747137
33871 31.8386747137
33876 31.8386747137
33888 31.8386747136
33941 31.8386747136
33945 31.8386747136
33990 31.8386747136
34051 31.8386747136
34089 31.8386747136
34275 31.8386747136
34334 31.8386747136
34582 31.8386747136
34718 31.8386747136
34728 31.8386747136
34781 31.8386747135
34850 31.8386747135
35046 31.8386747135
35082 31.8386747135
35151 31.8386747135
35246 31.8386747135
35268 31.8386747135
35339 31.8386747135
35362 31.8386747135
35554 31.8386747135
35571 31.8386747135
35619 31.8386747135
35706 31.8386747135
35717 31.8386747135
35753 31.8386747135
35768 31.8386747135
35913 31.8386747135
35946 31.8386747135
35949 31.8386747135
35992 31.8386747135
36082 31.8386747135
36209 31.8386747135
36254 31.8386747135
36314 31.8386747135
36334 31.8386747135
36338 31.8386747135
36350 31.8386747135
36354 31.8386747135
36406 31.8386747135
36517 31.8386747135
36518 31.8386747135
36549 31.8386747135
36672 31.8386747135
36722 31.8386747135
36756 31.8386747135
36794 31.8386747135
36967 31.8386747135
37023 31.8386747135
37078 31.8386747135
37194 31.8386747135
37678 31.8386747135
37717 31.8386747135
37792 31.8386747135
37798 31.8386747135
38083 31.8386747135
38612 31.8386747135
38838 31.8386747135
40901 31.8386747135
46874 31.8386747135
51272 31.8386747135
55249 31.8386747135
400029 31.8386747135
evaluations raw_y
1 13689.3803583965
2 6042.4379970287
13 5773.8468606395
16 5205.2349193783
20 5003.6131000401
24 4790.7849904097
32 4612.2896495312
36 4174.5728143894
47 3692.9907872520
69 3392.3214958850
76 3198.8924295989
101 3050.4895308642
102 2589.8085340583
117 2072.9646944622
149 2071.4736277421
158 1889.2796327915
163 1888.1028629580
173 1514.6545708009
176 1430.4212200495
247 1343.2986221673
302 1143.0507053814
341 945.8869980125
404 875.5565359488
410 867.5760479504
439 859.5817781528
469 807.2104578744
530 783.0429386775
591 762.9961418549
597 762.3243273967
655 744.0651524954
662 667.9542561491
694 653.8660500886
870 626.6292639206
878 567.5836937563
889 521.7512071286
1063 513.2617309519
1067 508.9688794681
1073 507.6775470374
1095 452.7228698313
1167 436.0123549388
1281 432.8618675031
1302 404.7376343111
1498 397.1754198717
1515 356.6839954863
2030 339.9886084363
2142 276.6034382065
5561 269.2903157321
6019 241.5973993753
6129 219.0482788410
6579 211.0310800711
6591 205.2153425128
6678 203.8332417102
6755 196.5983257002
6779 190.6882070538
6796 172.5121525999
6827 163.7664612276
7040 154.9390577099
7103 146.8816411557
7127 140.9411102723
7169 139.0704089757
7227 126.6170043603
7259 122.1567678059
7378 115.5140866408
7420 112.9648543903
7443 112.2218085609
7489 95.8379166917
7514 88.1507150608
7597 84.6437081836
7715 84.1323254594
7840 76.6565180337
8026 73.2569611861
8122 71.4725404906
8136 66.1212377046
8371 65.6536042761
8389 62.4404202714
8509 62.3922910134
8558 59.7594523634
8645 59.7483988754
8663 55.7886892609
8779 55.2638627341
8825 53.0967357244
9021 51.1444889113
9149 50.8192080023
9157 50.3420214644
9169 47.5952153411
9337 47.3733468150
9344 46.9788301983
9391 46.0342119960
9409 45.5856394353
9486 45.5761861549
9704 45.0293319042
9829 44.1593437223
9937 43.5106954196
10073 43.1194009827
10191 42.5477767162
10268 42.2429374436
10315 42.1002938754
10507 41.9302360517
10692 41.8000623609
10697 41.6239993945
10702 41.5130817170
10742 41.4409934128
10772 41.1917307875
10928 41.1105333154
10959 40.9043000563
11004 40.8212345238
11091 40.7625184192
11116 40.6825943595
11172 40.6477130282
11228 40.6403962060
11248 40.5634902727
11312 40.4520438350
11457 40.3430103005
11673 40.3058004302
11692 40.2841397240
11704 40.2405014207
11800 40.1629753047
11835 40.0673497289
12170 40.0638763885
12183 40.0139850055
12185 40.0071956011
12210 40.0055572571
12250 39.9820542280
12328 39.9807440163
12396 39.9526493359
12508 39.9178552121
12686 39.8998440469
12845 39.8904518332
12984 39.8840376254
13070 39.8728996443
13102 39.8699625552
13133 39.8629400859
13194 39.8613160780
13309 39.8594447716
13331 39.8506615489
13560 39.8466781976
13632 39.8430779267
13656 39.8386471648
13760 39.8310336884
13885 39.8262475797
14082 39.8236801333
14146 39.8201244255
14499 39.8194329325
14711 39.8179218108
14750 39.8146108611
15032 39.8114046870
15096 39.8097232846
15387 39.8085035335
15480 39.8084544650
15519 39.8079233850
15617 39.8077840651
15734 39.8075248421
15768 39.8061782130
15856 39.8061338072
15896 39.8058125880
15905 39.8057831690
15948 39.8056145363
15969 39.8054720978
15978 39.8051163615
15984 39.8049908370
15987 39.8043831386
16151 39.8041455260
16185 39.8038053188
16297 39.8037100011
16374 39.8036020968
16419 39.8033424387
16679 39.8031110772
16734 39.8027928912
16822 39.8024706415
16870 39.8020081972
16977 39.8014305101
17387 39.8011636454
17734 39.8010943883
17751 39.8010070363
17792 39.8007761816
17807 39.8007689858
17832 39.8007452791
17849 39.8004163702
17963 39.8003635444
18037 39.7997796753
18120 39.7997526225
18311 39.7996854432
18319 39.7996535259
18354 39.7995582969
18417 39.7995181377
18460 39.7993868562
18549 39.7993134916
18595 39.7993039376
18626 39.7991962959
18734 39.7991706948
18743 39.7991657990
18750 39.7991612064
18782 39.7991538885
18810 39.7990658401
18938 39.7990067203
19024 39.7989862529
19071 39.7989616140
19113 39.7989588252
19219 39.7989130079
19346 39.7988930204
19564 39.7988851831
19573 39.7988765028
19579 39.7988379540
19639 39.7988355253
19666 39.7987365489
20075 39.7987121947
20169 39.7987075183
20209 39.7987061544
20263 39.7986846887
20264 39.7986782230
20380 39.7986467521
20526 39.7986308342
20602 39.7986284615
20776 39.7986097803
20912 39.7986086690
21037 39.7986025837
21082 39.7985948633
21108 39.7985859265
21142 39.7985753223
21165 39.7985693257
21274 39.7985656426
21420 39.7985546447
21606 39.7985454481
21626 39.7985307964
21755 39.7985039830
22061 39.7984890334
22129 39.7984799364
22375 39.7984723709
22627 39.7984716920
22656 39.7984468030
22664 39.7984345989
22765 39.7984300725
22946 39.7984227729
23011 39.7983929706
23035 39.7983894579
23184 39.7983859244
23268 39.7983831197
23279 39.7983787968
23351 39.7983737871
23375 39.7983683184
23462 39.7983678245
23468 39.7983643599
23477 39.7983626028
23493 39.7983617704
23538 39.7983617481
23597 39.7983603152
23643 39.7983556075
23696 39.7983532828
23703 39.7983521153
23756 39.7983496189
23775 39.7983473192
23811 39.7983469333
23827 39.7983389818
24057 39.7983357999
24224 39.7983338437
24325 39.7983337254
24335 39.7983336282
24337 39.7983320994
24372 39.7983303753
24378 39.7983299141
24391 39.7983291143
24432 39.7983287534
24490 39.7983285247
24507 39.7983284305
24520 39.7983278596
24583 39.7983275833
24634 39.7983269027
24674 39.7983268775
24688 39.7983268257
24689 39.7983266417
24716 39.7983264000
24719 39.7983256150
24770 39.7983254944
24805 39.7983254300
24825 39.7983245685
25016 39.7983245547
25037 39.7983243114
25046 39.7983241760
25053 39.7983235155
25231 39.7983235053
25239 39.7983234301
25240 39.7983232300
25395 39.7983229949
25454 39.7983229392
25611 39.7983229143
25619 39.7983228449
25658 39.7983227998
25686 39.7983227174
25692 39.7983226801
25709 39.7983225680
25798 39.7983225601
25820 39.7983224938
25894 39.7983224243
25984 39.7983223293
26093 39.7983222828
26197 39.7983222783
26206 39.7983222260
26224 39.7983222257
26238 39.7983221417
26246 39.7983221406
26447 39.7983221114
26581 39.7983220811
26681 39.7983220808
26699 39.7983220361
26791 39.7983220216
26830 39.7983220112
26868 39.7983220105
27054 39.7983220050
27144 39.7983220003
27189 39.7983219948
27216 39.7983219861
27224 39.7983219856
27260 39.7983219855
27264 39.7983219837
27293 39.7983219828
27321 39.7983219699
27541 39.7983219662
27589 39.7983219638
27623 39.7983219596
27627 39.7983219556
27798 39.7983219544
27855 39.7983219541
27872 39.7983219502
27936 39.7983219484
27941 39.7983219475
28039 39.7983219465
28114 39.7983219462
28134 39.7983219454
28156 39.7983219451
28205 39.7983219450
28221 39.7983219449
28273 39.7983219448
28294 39.7983219444
28313 39.7983219408
28386 39.7983219403
28548 39.7983219397
28656 39.7983219391
28783 39.7983219391
28818 39.7983219382
28859 39.7983219380
29001 39.7983219380
29024 39.7983219380
29048 39.7983219378
29051 39.7983219376
29100 39.7983219376
29133 39.7983219375
29202 39.7983219367
29495 39.7983219367
29532 39.7983219363
29723 39.7983219363
29742 39.7983219363
29885 39.7983219362
29931 39.7983219361
29969 39.7983219361
30017 39.7983219361
30033 39.7983219361
30054 39.7983219361
30152 39.7983219360
30232 39.7983219360
30276 39.7983219360
30320 39.7983219360
30362 39.7983219359
30413 39.7983219359
30415 39.7983219359
30434 39.7983219359
30454 39.7983219359
30482 39.7983219359
30529 39.7983219359
30568 39.7983219358
30726 39.7983219358
30832 39.7983219358
30966 39.7983219358
31026 39.7983219358
31121 39.7983219358
31149 39.7983219358
31197 39.7983219358
31308 39.7983219358
31388 39.7983219358
31450 39.7983219358
31465 39.7983219358
31470 39.7983219358
31523 39.7983219358
31735 39.7983219358
31781 39.7983219358
31884 39.7983219358
31898 39.7983219358
31918 39.7983219358
31983 39.7983219358
31985 39.7983219358
31995 39.7983219358
32001 39.7983219357
32117 39.7983219357
32132 39.7983219357
32181 39.7983219357
32223 39.7983219357
32330 39.7983219357
32453 39.7983219357
32472 39.7983219357
32618 39.7983219357
32697 39.7983219357
32711 39.7983219357
32718 39.7983219357
32740 39.7983219357
32741 39.7983219357
32774 39.7983219357
32803 39.7983219357
32911 39.7983219357
32913 39.7983219357
33032 39.7983219357
33128 39.7983219357
33172 39.7983219357
33189 39.7983219357
33196 39.7983219357
33330 39.7983219357
33494 39.7983219357
33512 39.7983219357
33541 39.7983219357
33605 39.7983219357
33642 39.7983219357
33645 39.7983219357
33668 39.7983219357
33673 39.7983219357
33739 39.7983219357
33955 39.7983219357
34106 39.7983219357
34113 39.7983219357
34168 39.7983219357
34194 39.7983219357
34216 39.7983219357
34219 39.7983219357
34227 39.7983219357
34402 39.7983219357
34672 39.7983219357
34739 39.7983219357
34907 39.7983219357
35451 39.7983219357
35794 39.7983219357
36634 39.7983219357
36790 39.7983219357
43364 39.7983219357
48223 39.7983219357
70375 39.7983219357
72616 39.7983219357
96266 39.7983219357
327391 39.7983219357
evaluations raw_y
1 4550.8156719248
4 4220.6589076554
5 3544.3357685170
17 3275.2313027673
25 3242.9070187846
32 3001.3778362729
36 2838.4148601329
38 2544.8006864597
66 2271.2988671000
82 2147.2397560214
83 1979.8922888239
105 1737.0354250948
147 1710.8481325576
159 1622.3386192370
171 1618.1162044701
175 1484.6244370053
190 1413.6670860664
195 1246.9747546824
230 1107.3994142631
303 825.6037711989
360 801.5841650148
388 712.7357769999
460 633.8705157155
467 622.9175088625
522 598.4596011960
591 589.9811124310
612 560.2076624794
708 525.7365004015
770 502.4723039672
783 498.2914713361
790 478.2206794715
919 457.7012270290
1022 443.7963151599
1044 439.9021726709
1046 404.8264303180
1148 383.7032537932
1217 373.3014595309
1290 346.3964747837
1580 335.0144876350
2022 273.0644033539
4014 271.4402478735
4234 269.7808394202
4428 257.0402626520
4523 249.5286703488
4551 217.3050087331
5029 181.4593093783
5275 178.7848346244
5367 164.7945294522
5462 162.0047491881
5490 152.2187271478
5504 127.2359362781
5609 116.7821389896
5781 116.4523092109
5783 114.9775155556
5790 97.3549835771
5864 85.6600039403
6039 84.7079651347
6099 79.1689773682
6144 75.7599177079
6222 71.1958003679
6246 71.0426911288
6344 69.6545651625
6388 66.0565828770
6411 65.0250779548
6449 59.5796333656
6646 59.5349254907
6674 57.2978631387
6682 54.2275330024
6809 53.3715674179
6854 52.5399700797
6892 46.9208669399
6926 46.8201372580
6997 44.1994917863
7005 43.2079393989
7048 41.4725338607
7064 41.0236323836
7135 36.7650446525
7455 36.4178085998
7475 36.3601787275
7496 35.7136141913
7551 35.2580413893
7557 34.6457626457
7672 34.4056843042
7673 33.9857749333
7683 33.2354454326
7693 32.7991813255
7796 32.5843005770
7839 32.5577736717
7926 31.6583142791
8114 31.0563728478
8200 29.9469390127
8284 29.9115673732
8296 29.5252169875
8387 29.5084580462
8412 28.8875012071
8492 28.8176400990
8519 28.7045663331
8631 28.6728332626
8660 28.2971870984
8666 28.2736460060
8699 28.1674508321
8732 27.9292623318
8810 27.8355015257
8811 27.7021871252
9152 27.6924549077
9173 27.5872379551
9182 27.5421104498
9268 27.5175577506
9321 27.3855183848
9345 27.3119700190
9382 27.2885437886
9514 27.2027600628
9592 27.1756209657
9727 27.1528648412
9900 27.0765457365
10060 27.0393362325
10171 27.0365612261
10338 27.0116249205
10437 26.9959814646
10459 26.9934557871
10621 26.9899211408
10637 26.9879987383
10638 26.9664052300
10673 26.9597545266
10742 26.9526016118
10781 26.9499332298
10822 26.9455543174
10869 26.9363476731
10983 26.9226995147
11055 26.9118908672
11392 26.9059134929
11441 26.9031670872
11459 26.9004199919
11565 26.8982394002
11726 26.8967900067
11731 26.8937754115
11792 26.8924050093
11837 26.8903489807
11916 26.8896059009
11937 26.8880972788
11977 26.8826568960
12118 26.8823608703
12194 26.8823218369
12225 26.8814991054
12305 26.8801582241
12318 26.8794976436
12337 26.8793292833
12356 26.8781840703
12371 26.8780782835
12383 26.8765414011
12384 26.8753779252
12556 26.8744050513
12557 26.8739884283
12585 26.8723480757
12738 26.8709752650
12753 26.8705393070
12888 26.8702600189
12911 26.8700053093
12975 26.8690649695
13024 26.8690084508
13036 26.8678335963
13171 26.8677867598
13223 26.8674065363
13308 26.8672306213
13326 26.8671724148
13412 26.8667407210
13463 26.8663994327
13494 26.8662323433
13507 26.8661669174
13538 26.8659267720
13730 26.8657828575
13762 26.8654324321
13827 26.8653423379
13829 26.8652857214
13866 26.8651313035
13874 26.8651009302
13887 26.8650980565
13986 26.8649878554
14043 26.8644761567
14272 26.8643319437
14563 26.8643312704
14673 26.8642574743
14749 26.8642253850
14801 26.8642112659
14973 26.8641830143
15120 26.8641796400
15121 26.8641698416
15184 26.8640561061
15519 26.8640415349
15535 26.8640218758
15557 26.8640173195
15606 26.8639970417
15676 26.8639831284
15781 26.8639808265
15782 26.8639758244
15796 26.8639723343
15876 26.8639695549
15901 26.8639672254
15906 26.8639606640
15919 26.8639562929
15984 26.8639545991
16034 26.8639518556
16035 26.8639460236
16172 26.8639400693
16199 26.8639297533
16306 26.8639229349
16396 26.8639224535
16480 26.8639135929
16557 26.8639120698
16627 26.8639091066
16751 26.8639089578
16762 26.8639060210
16869 26.8639033148
16970 26.8639029660
16984 26.8639018560
16987 26.8638996250
17057 26.8638969548
17163 26.8638967036
17205 26.8638958478
17208 26.8638947925
17263 26.8638942227
17334 26.8638916217
17599 26.8638909264
17717 26.8638908190
17761 26.8638907530
17821 26.8638895886
17844 26.8638892904
17890 26.8638892341
17935 26.8638876335
18306 26.8638876066
18384 26.8638875885
18410 26.8638872032
18449 26.8638868141
18467 26.8638866501
18532 26.8638866039
18571 26.8638864267
18616 26.8638863358
18624 26.8638861607
18648 26.8638859692
18763 26.8638858395
18772 26.8638857079
18797 26.8638855426
19026 26.8638855196
19080 26.8638854859
19113 26.8638850830
19520 26.8638850627
19571 26.8638850422
19588 26.8638849847
19677 26.8638849624
19694 26.8638849032
19781 26.8638848172
19902 26.8638847953
19909 26.8638847646
19959 26.8638847477
19963 26.8638846711
19982 26.8638846566
20186 26.8638846459
20288 26.8638846381
20320 26.8638846345
20341 26.8638846263
20468 26.8638846049
20515 26.8638845878
20592 26.8638845869
20718 26.8638845813
20739 26.8638845478
20890 26.8638845469
20970 26.8638845376
20971 26.8638845274
21008 26.8638845255
21025 26.8638845143
21203 26.8638844987
21361 26.8638844946
21391 26.8638844916
21598 26.8638844897
21680 26.8638844846
21773 26.8638844834
21840 26.8638844827
21889 26.8638844802
21944 26.8638844798
21972 26.8638844793
21980 26.8638844766
22174 26.8638844754
22182 26.8638844746
22246 26.8638844746
22287 26.8638844722
22361 26.8638844709
22431 26.8638844704
22465 26.8638844703
22576 26.8638844698
22677 26.8638844698
22685 26.8638844696
22760 26.8638844695
22782 26.8638844693
22798 26.8638844688
22857 26.8638844686
22953 26.8638844685
22971 26.8638844685
23004 26.8638844683
23018 26.8638844679
23069 26.8638844674
23208 26.8638844673
23318 26.8638844673
23346 26.8638844673
23350 26.8638844672
23380 26.8638844672
23414 26.8638844672
23423 26.8638844668
23508 26.8638844667
23654 26.8638844665
23833 26.8638844665
23931 26.8638844665
23999 26.8638844664
24043 26.8638844663
24169 26.8638844662
24279 26.8638844662
24328 26.8638844662
24329 26.8638844661
24565 26.8638844661
24604 26.8638844661
24688 26.8638844661
24705 26.8638844661
24750 26.8638844661
24850 26.8638844661
24865 26.8638844660
25039 26.8638844660
25072 26.8638844660
25108 26.8638844660
25123 26.8638844660
25304 26.8638844660
25408 26.8638844659
25443 26.8638844659
25487 26.8638844659
25591 26.8638844659
25662 26.8638844659
25818 26.8638844659
25928 26.8638844659
25932 26.8638844659
25937 26.8638844659
25964 26.8638844659
25974 26.8638844659
26000 26.8638844659
26015 26.8638844659
26133 26.8638844659
26195 26.8638844659
26474 26.8638844659
26635 26.8638844659
26672 26.8638844659
26846 26.8638844659
26887 26.8638844659
26923 26.8638844659
27175 26.8638844659
27228 26.8638844659
27235 26.8638844659
27338 26.8638844659
27525 26.8638844659
27626 26.8638844659
27665 26.8638844659
27687 26.8638844659
27745 26.8638844659
27835 26.8638844659
27868 26.8638844659
27958 26.8638844659
28001 26.8638844659
28108 26.8638844659
28773 26.8638844659
29108 26.8638844659
30084 26.8638844659
evaluations raw_y
1 3985.1177011792
4 3486.6510036206
7 3081.7139789028
9 2239.5673174416
49 2236.7207882673
62 2236.4083978576
68 2216.4650885938
69 2181.0490837239
71 1900.8538181427
83 1878.7279335342
103 1639.4556817877
146 1495.8817964061
154 1438.0107683059
176 1271.2601750443
195 1199.1815679157
198 1178.1808142416
211 1167.4394653496
233 1099.2366453901
305 1085.1905071802
310 1028.1675594832
332 1000.1919389141
340 980.7239703306
429 966.2854273218
433 782.8438780724
456 773.2479719656
480 659.8408035900
552 657.9122459794
568 613.5865319972
579 581.7157653189
580 563.9745099638
609 545.1532899035
695 544.9497789141
700 542.2886313962
712 510.5407222144
770 501.1226612841
820 498.0532730395
854 461.6571606623
1003 445.1167854455
1025 444.7572025289
1027 428.9634549144
1039 419.8244224995
1094 414.8450959436
1098 407.6504371974
1104 402.6880091445
1130 396.0923273192
1279 365.9091724501
1392 344.3299005570
2566 342.5314150156
2866 332.9801905671
3151 309.0634290344
3286 305.9332158614
3822 293.8919554487
5160 291.1237032816
5366 260.3240280109
5800 245.4661033625
6056 228.0624911726
6353 222.1549159676
6372 221.0984259915
6406 213.1223259573
6508 176.4302804891
6650 163.9235513259
6713 162.6396759239
6740 147.8877740568
6763 136.8134688147
6800 133.7641856161
7026 110.0239562803
7143 106.7150534183
7414 105.5796052061
7416 100.9175537469
7431 99.2916946107
7465 90.1199521099
7573 87.7641937991
7652 87.6800647351
7654 83.3093956579
7676 81.5609148692
7756 65.7346782578
8105 62.8675937602
8128 61.7079916991
8140 61.1953862807
8282 61.0271936206
8301 59.2644873148
8324 56.4082586796
8330 53.3948310393
8457 52.9078851366
8458 51.8168203645
8488 51.5540755281
8496 48.1762121721
8579 47.4677539934
8684 46.8421514330
8741 41.5324107891
8995 40.6593587664
9165 38.4658388305
9174 38.4241174575
9188 36.9838306112
9314 35.6823071618
9435 34.8486089055
9571 34.3037778501
9685 33.6522184274
9719 33.3220730364
9799 33.0550681375
9857 33.0138826397
9890 32.1759395449
9953 31.8570784591
10044 31.5654001546
10336 31.3497601063
10354 31.3212361809
10425 31.2126162657
10437 31.1295679293
10479 31.0510034350
10483 31.0103996157
10552 30.8096883420
10683 30.7171023217
10724 30.6705179546
10728 30.4882221665
10740 30.3111191927
10767 30.1959870248
10771 30.1317798581
10851 29.9457849842
10993 29.8856284478
11056 29.7696546814
11132 29.7330052396
11155 29.6594369871
11175 29.6070658975
11239 29.4919896511
11317 29.4423180324
11354 29.3688187810
11444 29.3428237232
11465 29.3286896612
11601 29.2639718683
11606 29.2553786483
11624 29.2110711134
11703 29.1652519820
11827 29.1246387787
11916 29.1162360220
11966 29.0707399346
12113 29.0108963290
12293 28.9988987292
12393 28.9968253360
12442 28.9715567891
12478 28.9506270810
12634 28.9457109238
12683 28.9403809547
12704 28.9301742228
12747 28.9263154748
12832 28.9254004743
12864 28.9147997258
12910 28.9093684105
12956 28.9066155732
13007 28.9056116527
13042 28.8954674756
13091 28.8952102157
13130 28.8941602232
13132 28.8908137413
13270 28.8825327600
13385 28.8788309909
13490 28.8771053496
13538 28.8740091499
13721 28.8723259657
13731 28.8712328049
13854 28.8690421093
13855 28.8686267536
13907 28.8682331170
13951 28.8657626701
14054 28.8639540380
14062 28.8637901281
14319 28.8635099498
14335 28.8628449148
14337 28.8624457909
14437 28.8602097683
14566 28.8595760515
14567 28.8592848094
14608 28.8592803803
14698 28.8577390310
14841 28.8575670524
14908 28.8575065396
14915 28.8570109109
14929 28.8565480705
14981 28.8561035626
15113 28.8560326430
15124 28.8553074250
15439 28.8552023786
15493 28.8550333788
15503 28.8549101613
15638 28.8546628045
15739 28.8545691019
15858 28.8545476099
15860 28.8544745917
15878 28.8543865984
15882 28.8542964948
15983 28.8542920118
16097 28.8542836018
16131 28.8542236143
16167 28.8542091620
16183 28.8541421886
16233 28.8541335792
16302 28.8541318423
16343 28.8540988028
16349 28.8540827076
16491 28.8540607438
16507 28.8540537464
16566 28.8540436557
16576 28.8539783873
16708 28.8539570205
16804 28.8539476107
16827 28.8539252788
16903 28.8539234399
16958 28.8538997283
17067 28.8538704542
17223 28.8538689054
17338 28.8538595990
17444 28.8538546507
17530 28.8538542348
17560 28.8538508039
17612 28.8538429986
17650 28.8538412938
17700 28.8538297373
17966 28.8538290627
18048 28.8538240777
18102 28.8538204680
18157 28.8538204249
18328 28.8538171383
18418 28.8538164699
18420 28.8538161788
18443 28.8538148338
18473 28.8538135724
18517 28.8538132222
18526 28.8538124364
18562 28.8538117995
18616 28.8538113448
18651 28.8538103363
18734 28.8538089216
18851 28.8538088823
18856 28.8538070027
18980 28.8538069110
19046 28.8538060692
19332 28.8538052887
19355 28.8538052823
19375 28.8538045402
19634 28.8538045239
19689 28.8538043715
19690 28.8538043433
19723 28.8538042965
19751 28.8538040161
19776 28.8538039260
19787 28.8538035514
19877 28.8538034153
20110 28.8538030456
20367 28.8538029810
20481 28.8538029514
20508 28.8538029422
20515 28.8538028986
20660 28.8538028510
20665 28.8538028353
20685 28.8538028005
20744 28.8538027682
20774 28.8538027674
20784 28.8538027542
20890 28.8538027052
20999 28.8538027001
21025 28.8538026951
21075 28.8538026872
21213 28.8538026856
21299 28.8538026841
21330 28.8538026573
21398 28.8538026451
21506 28.8538026411
21562 28.8538026386
21606 28.8538026306
21656 28.8538026296
21718 28.8538026266
21745 28.8538026219
21785 28.8538026188
21794 28.8538026181
21838 28.8538026143
21883 28.8538026137
21900 28.8538026112
21923 28.8538026043
22066 28.8538026022
22137 28.8538026007
22148 28.8538025991
22181 28.8538025955
22199 28.8538025948
22236 28.8538025918
22518 28.8538025918
22526 28.8538025916
22568 28.8538025905
22613 28.8538025905
22628 28.8538025886
22766 28.8538025884
22773 28.8538025855
22996 28.8538025851
23003 28.8538025846
23154 28.8538025845
23178 28.8538025845
23197 28.8538025837
23235 28.8538025834
23258 28.8538025826
23409 28.8538025822
23538 28.8538025822
23572 28.8538025819
23598 28.8538025818
23626 28.8538025815
23774 28.8538025815
23784 28.8538025813
23801 28.8538025812
23848 28.8538025811
23870 28.8538025809
23895 28.8538025808
23967 28.8538025808
24027 28.8538025807
24249 28.8538025806
24254 28.8538025805
24458 28.8538025805
24523 28.8538025805
24524 28.8538025804
24601 28.8538025804
24631 28.8538025804
24667 28.8538025803
24701 28.8538025803
24769 28.8538025803
24849 28.8538025803
24859 28.8538025802
24886 28.8538025802
24964 28.8538025802
25002 28.8538025802
25037 28.8538025802
25041 28.8538025802
25048 28.8538025802
25060 28.8538025802
25098 28.8538025802
25173 28.8538025802
25232 28.8538025802
25252 28.8538025802
25299 28.8538025801
25473 28.8538025801
25498 28.8538025801
25537 28.8538025801
25555 28.8538025801
25587 28.8538025801
25643 28.8538025801
25675 28.8538025801
25710 28.8538025801
25815 28.8538025801
25853 28.8538025801
25879 28.8538025801
25948 28.8538025801
26026 28.8538025801
26035 28.8538025801
26112 28.8538025801
26135 28.8538025801
26239 28.8538025801
26257 28.8538025801
26302 28.8538025801
26458 28.8538025801
26508 28.8538025801
26593 28.8538025801
26615 28.8538025801
26622 28.8538025801
26647 28.8538025801
26685 28.8538025801
26702 28.8538025801
26787 28.8538025801
26792 28.8538025801
26841 28.8538025801
26868 28.8538025801
26879 28.8538025801
26945 28.8538025801
26966 28.8538025801
26968 28.8538025801
27043 28.8538025801
27235 28.8538025801
27284 28.8538025801
27287 28.8538025801
27491 28.8538025801
27592 28.8538025801
27622 28.8538025801
27800 28.8538025801
27905 28.8538025801
27915 28.8538025801
27965 28.8538025801
28000 28.8538025801
28145 28.8538025801
28229 28.8538025801
28235 28.8538025801
28261 28.8538025801
28447 28.8538025801
28534 28.8538025801
28556 28.8538025801
28613 28.8538025801
28827 28.8538025801
28850 28.8538025801
29003 28.8538025801
29158 28.8538025801
30657 28.8538025801
31393 28.8538025801
31750 28.8538025801
41807 28.8538025801
80017 28.8538025801
400014 28.8538025801
evaluations raw_y
1 5196.9332092132
2 5138.0350163102
6 4617.9417089309
18 4336.8443435188
34 3120.2923069070
45 2966.3872729565
53 2898.7571997762
54 2882.6212873183
62 2316.0355303040
77 2241.4919169020
82 1902.4119257363
99 1723.5479948104
135 1444.2408749149
191 1433.3180538272
203 1166.2300251108
232 1142.5355584563
238 1139.0681764831
249 986.1129658475
263 831.3847634748
350 819.0137111966
351 777.3478666741
415 748.7460451484
477 691.0304427004
485 633.4765083039
502 631.0749793010
508 620.2439396114
512 616.1132254355
526 561.0783223636
536 547.3600775274
716 520.9089170103
829 492.2455473310
845 485.5666236102
857 455.2574666084
1037 434.9793896576
1088 416.8984303775
1135 399.0717907900
1262 390.3148733925
1308 366.0283865113
1398 357.6593842271
1467 351.4771734809
1930 339.7120232046
2095 325.7189014222
2604 325.2045736332
3059 324.6562981000
3815 300.4451585815
6512 283.9276104845
6899 274.4421773107
7083 251.5601120123
7136 251.3534188847
7558 246.3298684245
7588 217.9260715459
7793 205.0636041702
7994 204.5475332496
8009 195.9775954360
8018 182.2943698033
8199 154.2247178596
8288 153.3286492278
8536 142.5339154172
8538 115.4098502764
8782 113.0438175466
8832 107.8129233624
8849 106.1797135202
8850 105.1410827074
8892 103.8815550634
8895 102.7342136920
8902 100.9327132579
8920 93.9370397868
8933 93.8324217852
8972 91.9008865826
9010 89.0464823666
9062 88.9387679645
9065 79.1003033998
9110 75.6967077883
9160 75.4566058662
9208 69.6846146563
9320 64.2456734270
9413 64.1752060656
9510 60.8927611982
9527 57.3399398991
9655 54.5683181369
9754 52.5615368212
9796 49.6347529073
9811 48.8402006601
9946 48.5647802656
9954 48.2338432892
9958 47.9491988600
10007 47.8663917053
10022 47.0097465710
10081 46.4029308018
10122 46.2547585612
10186 45.8834330135
10225 45.7632697938
10241 45.0918937870
10256 44.6750410058
10275 43.3403059305
10326 42.7268088292
10339 41.8528220847
10475 41.3131398367
10570 40.4809633287
10619 39.6455175811
10910 39.2440997848
10940 38.8043042897
10944 37.9412895971
11062 37.8210219333
11087 37.5127595986
11107 37.0969691885
11146 36.2453350264
11377 35.5076844115
11442 35.2974137641
11584 35.1223288494
11591 34.7895351461
11643 34.7368881367
11727 34.6803844149
11741 34.6758807236
11813 34.6290545794
11829 34.2806610684
11882 34.2093002354
11978 33.5467033648
12132 33.5464731930
12386 33.4021226170
12402 33.3749039910
12527 33.2443545423
12640 33.1251443679
12643 33.0193599867
12680 32.8920028930
12717 32.6641257924
12987 32.6246848339
13061 32.5448227219
13090 32.5252904075
13212 32.5211241301
13227 32.5027677415
13264 32.5012697635
13270 32.4939286450
13312 32.4345113545
13375 32.4140535539
13395 32.3979679816
13577 32.2770207088
13733 32.2633908868
13747 32.2534611464
13787 32.2123565710
13949 32.1266470248
14106 32.1262854536
14199 32.0930953837
14343 32.0916087418
14347 32.0049254560
14691 31.9968171458
14741 31.9868071905
14772 31.9760946235
14788 31.9745730907
14791 31.9509534692
14944 31.9397599272
15007 31.9325624613
15020 31.9280543867
15169 31.9259172403
15182 31.9120301376
15202 31.9034335189
15379 31.8958605973
15541 31.8946112056
15604 31.8812076709
15879 31.8762838144
15900 31.8718838904
15910 31.8710010715
15930 31.8688186708
15964 31.8684824149
16085 31.8673498595
16097 31.8642773562
16271 31.8632655663
16298 31.8612399048
16323 31.8570645157
16382 31.8551826579
16586 31.8539807490
16605 31.8511587806
16640 31.8491884921
16779 31.8473591081
16968 31.8451593048
17022 31.8450471989
17063 31.8448279835
17144 31.8446665226
17180 31.8444113453
17192 31.8443770300
17202 31.8431650213
17377 31.8421070796
17457 31.8413346210
17702 31.8411321613
17710 31.8407683583
17765 31.8406429117
17876 31.8405034509
17890 31.8403850761
18003 31.8402879966
18009 31.8401597886
18082 31.8398539177
18105 31.8396941335
18207 31.8396603537
18337 31.8394646862
18528 31.8392444578
18578 31.8392326911
18722 31.8391760156
18796 31.8391552111
18850 31.8391526494
18881 31.8391306779
18904 31.8391055556
18947 31.8389949884
19046 31.8389434542
19117 31.8389242146
19207 31.8389217680
19278 31.8388864629
19306 31.8388729404
19412 31.8388270596
19515 31.8388182540
19654 31.8388166798
19655 31.8388147867
19656 31.8387712903
19841 31.8387684297
19891 31.8387667590
19918 31.8387541175
19984 31.8387535870
20018 31.8387403623
20149 31.8387335908
20342 31.8387331394
20364 31.8387209852
20578 31.8387160644
20655 31.8387092638
20760 31.8387083463
20856 31.8387057891
20947 31.8387014317
20996 31.8387009030
21001 31.8387008829
21120 31.8386984507
21162 31.8386966292
21191 31.8386958646
21281 31.8386928126
21390 31.8386914800
21420 31.8386910961
21613 31.8386907243
21625 31.8386893590
21663 31.8386884786
21713 31.8386877770
21763 31.8386864268
21788 31.8386861166
21833 31.8386851499
21867 31.8386842412
21982 31.8386836222
22139 31.8386825407
22202 31.8386823407
22388 31.8386822799
22410 31.8386816908
22618 31.8386815619
22650 31.8386815420
22653 31.8386812955
22704 31.8386810135
22830 31.8386809801
22856 31.8386809682
22867 31.8386804540
23340 31.8386802016
23628 31.8386801192
23790 31.8386800322
23871 31.8386800135
23941 31.8386800091
23992 31.8386800013
24030 31.8386799553
24100 31.8386799430
24109 31.8386799088
24141 31.8386799073
24184 31.8386798984
24255 31.8386798866
24273 31.8386798859
24330 31.8386798641
24450 31.8386798607
24466 31.8386798422
24469 31.8386798418
24574 31.8386798407
24613 31.8386798327
24705 31.8386798295
24733 31.8386798168
24847 31.8386798143
24854 31.8386798048
24894 31.8386798036
24980 31.8386798012
25069 31.8386797877
25086 31.8386797819
25175 31.8386797805
25193 31.8386797794
25266 31.8386797765
25309 31.8386797763
25364 31.8386797753
25366 31.8386797723
25554 31.8386797702
25589 31.8386797684
25625 31.8386797675
25646 31.8386797653
25670 31.8386797644
25786 31.8386797628
25940 31.8386797602
25970 31.8386797588
26080 31.8386797587
26082 31.8386797584
26143 31.8386797578
26171 31.8386797575
26319 31.8386797573
26328 31.8386797570
26422 31.8386797564
26490 31.8386797559
26520 31.8386797543
26679 31.8386797535
26815 31.8386797535
26921 31.8386797533
26947 31.8386797530
26954 31.8386797529
27033 31.8386797528
27073 31.8386797526
27151 31.8386797524
27266 31.8386797523
27467 31.8386797523
27501 31.8386797523
27522 31.8386797522
27539 31.8386797522
27587 31.8386797520
27599 31.8386797520
27673 31.8386797519
27698 31.8386797519
27780 31.8386797519
27863 31.8386797518
27968 31.8386797517
27973 31.8386797517
27987 31.8386797516
28143 31.8386797516
28221 31.8386797516
28318 31.8386797515
28372 31.8386797515
28444 31.8386797515
28561 31.8386797515
28669 31.8386797515
28722 31.8386797514
28780 31.8386797514
28880 31.8386797514
28904 31.8386797514
29027 31.8386797514
29134 31.8386797514
29152 31.8386797514
29206 31.8386797514
29259 31.8386797514
29284 31.8386797514
29344 31.8386797514
29405 31.8386797514
29437 31.8386797514
29478 31.8386797514
29611 31.8386797514
29694 31.8386797514
29702 31.8386797514
29710 31.8386797514
29737 31.8386797514
29738 31.8386797514
29752 31.8386797514
29783 31.8386797514
29890 31.8386797514
30045 31.8386797514
30058 31.8386797514
30182 31.8386797514
30375 31.8386797514
30508 31.8386797514
30513 31.8386797514
30644 31.8386797514
30697 31.8386797514
30890 31.8386797514
31070 31.8386797513
31108 31.8386797513
31188 31.8386797513
31264 31.8386797513
31282 31.8386797513
31293 31.8386797513
31358 31.8386797513
31369 31.8386797513
31415 31.8386797513
31758 31.8386797513
31929 31.8386797513
31992 31.8386797513
32220 31.8386797513
32457 31.8386797513
32460 31.8386797513
32566 31.8386797513
32681 31.8386797513
32910 31.8386797513
33303 31.8386797513
33331 31.8386797513
33674 31.8386797513
33876 31.8386797513
34298 31.8386797513
34564 31.8386797513
34673 31.8386797513
38966 31.8386797513
41023 31.8386797513
44006 31.8386797513
92424 31.8386797513
142217 31.8386797513
evaluations raw_y
1 8225.8862857463
2 6214.4937005654
3 4783.7383927046
8 3903.0070173122
15 3216.3443046711
19 3114.1842568711
25 2470.7898107748
35 2367.6031080599
58 2079.6485732742
66 2034.1531140386
76 1876.4552058961
84 1812.6597894527
94 1739.8639053326
115 1704.0705720136
118 1512.3828247609
130 1429.6271836324
148 1377.4385250111
159 1092.5996343692
225 1076.3492580166
239 1006.4693818680
261 809.9410999728
357 750.4774536385
433 720.4186423273
442 701.2395139520
477 695.5474259789
484 638.4725660795
516 630.7278075480
517 586.5541494461
602 564.7208550512
644 564.3043728480
648 549.0258779901
650 491.6456597954
769 470.3327414678
823 446.6430706906
1013 440.1348839781
1044 432.7646591870
1053 424.9604682504
1408 419.5932514864
1443 417.9598796156
1462 413.4948176383
1518 395.5364252848
1687 383.7729028870
1746 367.5246181171
2543 325.5934685534
4709 316.3797755783
5188 312.8743539846
6213 307.9278894199
6898 306.0230898580
7015 302.1645116864
7976 290.6293197658
9185 286.2701357020
9568 283.6376212656
10222 275.8620946388
10492 275.3279190262
10809 271.1630023192
10871 260.0139053533
11076 247.9201382258
11143 241.6156275219
11226 233.9200603609
11339 225.5236579218
11376 225.3228922168
11429 208.5458582508
11507 197.7730076996
11552 190.0940427277
11648 173.4794772025
11722 164.2997407246
11878 159.9319955802
11978 158.0598925431
12065 156.1867342964
12078 155.9551884463
12113 144.2804289383
12118 138.9177870456
12290 136.2393567038
12312 125.3753497728
12322 117.0200110694
12413 108.3853331395
12489 105.0426517502
12578 96.3825087083
12678 94.6672945680
12681 92.2438509704
12760 91.8470095868
12830 90.7851348973
12960 90.4956805451
12971 87.8436621050
13033 86.8467359227
13054 82.8326653229
13057 78.9764351193
13154 78.7317885585
13158 75.1696655403
13245 74.8165936519
13251 74.1285469970
13265 71.0189770019
13346 69.2449314628
13390 69.0219965406
13520 68.1713377911
13569 67.6400371973
13633 64.5960785310
13705 62.5274855880
13995 62.2094703976
14170 62.1201889752
14171 59.7628413360
14417 59.2322352592
14616 59.1718579735
14707 58.8955660167
14755 58.6583649231
14943 58.4735828041
15068 57.9962330545
15205 57.9959908404
15224 57.9048005488
15294 57.8860741832
15408 57.7263140061
15437 57.6125080462
15459 57.3824989442
15494 57.2960386310
15504 57.2385610816
15554 56.9555595095
15907 56.8492544110
16066 56.8355837484
16085 56.8257737447
16096 56.5949024225
16193 56.5937779286
16203 56.5373878448
16277 56.5063782706
16384 56.3271085135
16529 56.1420810978
16874 56.1055191875
16983 56.0677433442
17005 56.0217554701
17064 55.9711827937
17174 55.9676577523
17180 55.9597842661
17195 55.9470656579
17221 55.9096274338
17409 55.8884358515
17439 55.8719502719
17483 55.8641762420
17724 55.8587509978
17813 55.8561954297
17854 55.8368671194
17964 55.8277435190
17976 55.8275890078
18054 55.7984588917
18111 55.7968644201
18187 55.7925640763
18208 55.7864270522
18226 55.7839651645
18248 55.7673519285
18400 55.7656990757
18407 55.7601771784
18565 55.7509961598
18811 55.7509530324
18830 55.7508171088
18842 55.7482365781
18847 55.7406948170
18996 55.7405943274
19024 55.7378348432
19077 55.7323759822
19249 55.7315708583
19255 55.7296075103
19311 55.7287217544
19496 55.7277253150
19541 55.7275237838
19617 55.7273994182
19626 55.7266931972
19648 55.7260953606
19713 55.7259105169
19714 55.7244909931
19828 55.7229801466
19922 55.7227611868
19943 55.7222195858
20057 55.7216965349
20140 55.7209872541
20261 55.7208787256
20315 55.7202065465
20491 55.7201481024
20505 55.7200423321
20571 55.7195977054
20666 55.7195160103
20696 55.7194780077
20741 55.7193718882
20828 55.7193040654
20830 55.7190316093
20970 55.7189835280
20989 55.7187260058
21090 55.7187080006
21226 55.7185772018
21233 55.7184891102
21310 55.7184609375
21378 55.7184254525
21394 55.7183929729
21404 55.7182819434
21487 55.7181944980
21556 55.7181901844
21636 55.7181035353
21695 55.7180838371
21707 55.7180807338
21748 55.7180644364
21774 55.7180417146
21781 55.7179273631
22043 55.7179172771
22059 55.7178625137
22344 55.7178512488
22378 55.7178335071
22403 55.7178160816
22437 55.7177915522
22462 55.7177717732
22469 55.7177625265
22649 55.7177613539
22650 55.7177599207
22717 55.7177468597
22729 55.7177376621
22768 55.7177263079
22897 55.7177201365
22907 55.7177193116
22910 55.7177180244
23017 55.7177073643
23042 55.7177002174
23075 55.7176951892
23087 55.7176933673
23194 55.7176812346
23418 55.7176739950
23434 55.7176719916
23540 55.7176717161
23557 55.7176675488
23615 55.7176675412
23641 55.7176668214
23669 55.7176656066
23712 55.7176648012
23797 55.7176593134
23940 55.7176555012
23991 55.7176551934
24106 55.7176543042
24156 55.7176535957
24165 55.7176518540
24193 55.7176503626
24227 55.7176498612
24242 55.7176494795
24319 55.7176491722
24365 55.7176491259
24403 55.7176481539
24437 55.7176468930
24557 55.7176465465
24571 55.7176462734
24581 55.7176461983
24672 55.7176456083
24707 55.7176453597
24846 55.7176447027
24890 55.7176446479
24996 55.7176443578
25032 55.7176442671
25054 55.7176442376
25087 55.7176440535
25144 55.7176437477
25163 55.7176435797
25257 55.7176435200
25278 55.7176433469
25312 55.7176432283
25337 55.7176432159
25359 55.7176431968
25375 55.7176429460
25391 55.7176427021
25558 55.7176424727
25799 55.7176423949
26103 55.7176422698
26140 55.7176421838
26176 55.7176421610
26331 55.7176421294
26378 55.7176418881
26780 55.7176418612
26798 55.7176418435
26888 55.7176418328
26947 55.7176418324
26955 55.7176418218
26980 55.7176418200
27017 55.7176418129
27024 55.7176418024
27051 55.7176417637
27062 55.7176417608
27123 55.7176417598
27141 55.7176417528
27153 55.7176417451
27163 55.7176417343
27261 55.7176417259
27321 55.7176417199
27409 55.7176417116
27411 55.7176417100
27528 55.7176417052
27554 55.7176417045
27667 55.7176416913
27924 55.7176416897
28012 55.7176416851
28035 55.7176416850
28069 55.7176416818
28101 55.7176416815
28109 55.7176416796
28132 55.7176416773
28290 55.7176416768
28332 55.7176416762
28340 55.7176416759
28405 55.7176416751
28423 55.7176416749
28431 55.7176416742
28496 55.7176416740
28542 55.7176416738
28556 55.7176416714
28577 55.7176416698
28650 55.7176416697
28703 55.7176416690
28735 55.7176416688
28745 55.7176416665
28967 55.7176416659
29039 55.7176416653
29133 55.7176416644
29255 55.7176416633
29390 55.7176416628
29607 55.7176416627
29615 55.7176416623
29631 55.7176416621
29736 55.7176416617
29782 55.7176416617
29830 55.7176416617
29839 55.7176416612
30072 55.7176416612
30142 55.7176416611
30223 55.7176416611
30252 55.7176416609
30299 55.7176416608
30342 55.7176416608
30364 55.7176416607
30466 55.7176416605
30706 55.7176416605
30782 55.7176416605
30792 55.7176416605
30904 55.7176416604
31020 55.7176416604
31073 55.7176416604
31091 55.7176416603
31107 55.7176416603
31116 55.7176416603
31207 55.7176416603
31280 55.7176416603
31324 55.7176416603
31346 55.7176416603
31431 55.7176416603
31445 55.7176416603
31454 55.7176416602
31475 55.7176416602
31559 55.7176416602
31582 55.7176416602
31667 55.7176416602
31801 55.7176416602
32032 55.7176416602
32055 55.7176416602
32057 55.7176416602
32061 55.7176416602
32214 55.7176416602
32271 55.7176416602
32308 55.7176416602
32317 55.7176416602
32330 55.7176416602
32399 55.7176416602
32658 55.7176416602
32660 55.7176416602
32664 55.7176416602
32750 55.7176416601
32788 55.7176416601
32811 55.7176416601
32874 55.7176416601
32883 55.7176416601
32972 55.7176416601
33092 55.7176416601
33144 55.7176416601
33182 55.7176416601
33258 55.7176416601
33343 55.7176416601
33417 55.7176416601
33430 55.7176416601
33438 55.7176416601
33482 55.7176416601
33493 55.7176416601
33604 55.7176416601
33654 55.7176416601
33747 55.7176416601
33853 55.7176416601
33872 55.7176416601
33903 55.7176416601
33919 55.7176416601
34012 55.7176416601
34225 55.7176416601
34238 55.7176416601
34270 55.7176416601
34293 55.7176416601
34317 55.7176416601
34455 55.7176416601
34621 55.7176416601
34634 55.7176416601
35179 55.7176416601
35234 55.7176416601
35322 55.7176416601
35325 55.7176416601
35968 55.7176416601
36316 55.7176416601
37253 55.7176416601
39812 55.7176416601
50695 55.7176416601
123802 55.7176416601
239827 55.7176416601
evaluations raw_y
1 4621.8451458598
2 4581.3173591271
3 3325.0521277467
4 3166.5346110863
10 3010.0546845136
17 2569.2521281223
28 2288.7713672485
44 2053.4743345363
49 1882.0202224786
76 1589.5260655817
80 1568.7282204484
91 1506.7371236996
98 1386.5313656308
103 1135.0955378066
127 1108.0995247052
129 1047.0522044439
190 1041.9154135060
208 1039.2867039582
221 963.6001884717
255 895.0177109310
323 882.6889744924
340 869.9538775821
372 799.7419206618
388 797.6350234986
410 675.0276022596
471 667.8584027174
477 619.8846499509
519 614.6026672803
548 592.3245497538
558 577.8632033467
562 571.3439335528
757 546.3301404590
759 541.3741672337
791 489.2135620148
908 482.9734133262
945 458.5262170796
955 440.4348706467
1024 433.2060338841
1080 382.0689082212
1263 362.1336461744
1406 353.0341198550
1886 339.3160060457
2437 300.8658253343
4582 285.9617036187
5017 275.4485932511
6935 239.5219214965
7628 226.3169704869
7738 225.7587170322
7845 223.6586116679
7927 214.5094498277
7936 190.1195164246
8146 185.5101689854
8192 171.5481816805
8233 163.0457824946
8244 162.6560837348
8252 157.9384539227
8290 138.8020180824
8321 127.5925651548
8412 122.4395914391
8585 100.7784444564
8656 98.8124598909
8770 97.8509193449
8804 97.3511127844
8848 82.9413471225
8892 76.6473482249
8983 76.0205334833
9020 70.8267007455
9294 66.8468331690
9325 65.6553023233
9338 59.4485521029
9380 58.3051136141
9448 57.6591385088
9516 55.2575341849
9581 53.3145584887
9601 51.6115620390
9613 51.2958202821
9644 49.2079279729
9659 47.5686840225
9770 47.3961347231
9785 44.3167998779
9878 43.7899422967
9980 41.9114619146
10201 40.0946281160
10332 39.5270663745
10368 39.1139856082
10378 37.7776366982
10484 37.5267141618
10539 37.0402510290
10546 36.5386876705
10592 36.2659409545
10611 35.6016785753
10658 34.7033824770
10783 34.6988664412
10797 33.9199923563
10962 33.4420245736
10978 33.4268325437
11004 33.4246555379
11005 33.1008047883
11092 32.3195977908
11174 32.0101618232
11229 31.5037911889
11441 31.3662287474
11565 31.2876802316
11568 31.1148066508
11597 30.9652972823
11609 30.8654587570
11722 30.6138073968
11884 30.5193561092
12187 30.4784267778
12252 30.4535281194
12254 30.3655573814
12422 30.3630119670
12732 30.3256754798
12756 30.2949246632
12846 30.2875779173
12942 30.2831042387
12963 30.2173237744
13195 30.2151908631
13284 30.1803466430
13286 30.1752430020
13359 30.1743089504
13435 30.1742716587
13448 30.1160388579
13565 30.1099534236
13632 30.0938888442
13754 30.0921213080
13790 30.0784740967
13804 30.0766043733
13835 30.0760569297
13872 30.0627413031
13910 30.0424313237
13958 30.0329550234
14011 30.0295464438
14061 30.0264405219
14075 30.0220462041
14084 30.0123279087
14099 30.0074141187
14202 29.9935684083
14212 29.9926767505
14911 29.9837645289
14975 29.9775953790
14990 29.9741678279
15026 29.9644009144
15068 29.9604714706
15147 29.9497692807
15191 29.9380571061
15228 29.9352772008
15288 29.9267944046
15408 29.9170989589
15513 29.9156465212
15520 29.9154583722
15608 29.9106115691
15730 29.9077125625
15793 29.9038726823
15816 29.8993902078
15899 29.8952380895
15906 29.8892348253
16090 29.8879837410
16176 29.8871574690
16267 29.8854971208
16343 29.8823149743
16391 29.8795291746
16526 29.8783645638
16588 29.8707479699
16796 29.8694747138
16808 29.8681720647
16824 29.8676142077
16834 29.8667532555
16859 29.8646177607
17092 29.8637241149
17153 29.8604307563
17215 29.8598421145
17226 29.8591971484
17321 29.8591720600
17362 29.8588795350
17412 29.8582021797
17568 29.8578702198
17599 29.8576917826
17642 29.8576065634
17659 29.8560407309
17666 29.8560276429
17711 29.8557941934
17746 29.8555767640
17750 29.8544051393
17827 29.8543386317
17884 29.8538920416
17887 29.8529008901
18054 29.8527334287
18055 29.8523196525
18133 29.8522946329
18168 29.8516554511
18287 29.8516412779
18311 29.8515456249
18350 29.8515288350
18418 29.8504241439
18449 29.8504104366
18656 29.8503742668
18707 29.8502394756
18765 29.8499973596
18828 29.8498306580
18894 29.8494602917
19034 29.8493081717
19099 29.8492349193
19325 29.8492332976
19328 29.8492137966
19351 29.8491902460
19385 29.8491540524
19404 29.8491082725
19408 29.8490941944
19610 29.8490740791
19635 29.8490278883
19642 29.8490011384
19746 29.8489978947
19749 29.8489761734
19775 29.8489491829
19881 29.8489359408
19891 29.8489255255
19922 29.8489059545
19927 29.8488919325
20021 29.8488711241
20101 29.8488599149
20190 29.8488385211
20354 29.8488377423
20383 29.8488206225
20433 29.8488183534
20509 29.8488107509
20605 29.8488047325
20656 29.8488036931
20664 29.8487979725
20749 29.8487966342
20789 29.8487831672
20868 29.8487830876
20973 29.8487812028
21036 29.8487808366
21092 29.8487801783
21116 29.8487767585
21156 29.8487744581
21191 29.8487703115
21390 29.8487693727
21410 29.8487682953
21535 29.8487681056
21595 29.8487673949
21610 29.8487665162
21611 29.8487663154
21633 29.8487658888
21804 29.8487650438
21852 29.8487645407
21898 29.8487638189
21988 29.8487632836
22121 29.8487629660
22174 29.8487626688
22226 29.8487611176
22330 29.8487606857
22465 29.8487606768
22472 29.8487598823
22602 29.8487591170
22727 29.8487587292
22853 29.8487584753
22870 29.8487581272
23218 29.8487581214
23222 29.8487579079
23226 29.8487577564
23266 29.8487574321
23413 29.8487573321
23580 29.8487573237
23664 29.8487572771
23688 29.8487572106
23699 29.8487571670
23707 29.8487570627
23859 29.8487570468
23902 29.8487570015
23917 29.8487569834
23922 29.8487569749
23975 29.8487569177
23982 29.8487569124
24090 29.8487568462
24147 29.8487568408
24172 29.8487568303
24195 29.8487568226
24196 29.8487567746
24263 29.8487567574
24291 29.8487567469
24318 29.8487567379
24345 29.8487567320
24375 29.8487567307
24472 29.8487567130
24526 29.8487567007
24634 29.8487566745
24781 29.8487566641
24857 29.8487566613
24960 29.8487566585
24972 29.8487566536
25012 29.8487566501
25084 29.8487566455
25182 29.8487566429
25217 29.8487566352
25472 29.8487566338
25474 29.8487566329
25548 29.8487566316
25558 29.8487566302
25563 29.8487566300
25582 29.8487566288
25598 29.8487566280
25603 29.8487566219
25697 29.8487566182
25754 29.8487566172
25858 29.8487566151
25861 29.8487566139
25864 29.8487566137
26004 29.8487566136
26046 29.8487566099
26102 29.8487566098
26148 29.8487566080
26270 29.8487566069
26382 29.8487566054
26517 29.8487566054
26574 29.8487566047
26602 29.8487566047
26658 29.8487566047
26687 29.8487566041
26701 29.8487566038
26718 29.8487566037
26760 29.8487566034
26778 29.8487566029
26804 29.8487566018
26930 29.8487566015
27033 29.8487566014
27292 29.8487566014
27303 29.8487566012
27346 29.8487566011
27362 29.8487566010
27392 29.8487566009
27412 29.8487566007
27551 29.8487566006
27665 29.8487566003
27680 29.8487566003
27762 29.8487566003
27790 29.8487566002
27836 29.8487566002
27875 29.8487566001
27935 29.8487566000
27949 29.8487566000
28075 29.8487565999
28134 29.8487565998
28406 29.8487565998
28449 29.8487565997
28589 29.8487565997
28594 29.8487565997
28596 29.8487565996
28644 29.8487565995
28890 29.8487565995
29102 29.8487565995
29262 29.8487565995
29273 29.8487565994
29459 29.8487565994
29719 29.8487565994
29738 29.8487565994
29755 29.8487565994
29867 29.8487565994
29888 29.8487565994
29943 29.8487565994
29996 29.8487565994
30126 29.8487565994
30285 29.8487565994
30324 29.8487565994
30417 29.8487565994
30446 29.8487565994
30465 29.8487565994
30470 29.8487565994
30512 29.8487565994
30628 29.8487565994
30639 29.8487565994
30640 29.8487565994
30693 29.8487565993
30813 29.8487565993
30837 29.8487565993
30840 29.8487565993
30853 29.8487565993
30865 29.8487565993
30868 29.8487565993
30909 29.8487565993
30985 29.8487565993
31018 29.8487565993
31035 29.8487565993
31081 29.8487565993
31145 29.8487565993
31203 29.8487565993
31204 29.8487565993
31285 29.8487565993
31287 29.8487565993
31303 29.8487565993
31326 29.8487565993
31387 29.8487565993
31514 29.8487565993
31560 29.8487565993
31654 29.8487565993
31802 29.8487565993
31855 29.8487565993
31907 29.8487565993
31923 29.8487565993
32090 29.8487565993
32134 29.8487565993
32156 29.8487565993
32335 29.8487565993
32449 29.8487565993
32465 29.8487565993
32516 29.8487565993
32535 29.8487565993
32544 29.8487565993
32558 29.8487565993
32658 29.8487565993
32724 29.8487565993
33056 29.8487565993
33345 29.8487565993
33975 29.8487565993
34852 29.8487565993
43317 29.8487565993
68302 29.8487565993
243003 29.8487565993
evaluations raw_y
1 11673.9915346243
2 5060.4208454255
3 4711.3528006533
7 3395.4854611427
23 3120.4937307358
35 2556.4166938740
42 2306.3688318318
50 2274.8858661063
58 1920.1968023619
70 1771.3914922601
83 1720.6931012294
100 1427.9274863032
138 1329.0854880294
147 1309.4610269104
166 1280.9076891022
171 1229.9540544366
183 1134.8767139720
213 1108.0287458454
222 769.6969455153
333 683.1872840376
383 654.8842936909
418 644.4398504345
438 633.4751942366
493 560.1372186043
573 558.7588041989
612 541.7879021772
627 509.0876563920
654 496.7761446256
664 465.7530011037
671 457.6244435362
706 434.7225765700
814 413.7955111593
923 381.1728107649
1109 358.7776500706
1155 356.9789685418
1187 343.2410982767
1294 342.0621419048
1376 341.2501877520
1523 325.0902262388
1719 321.3615164232
2087 319.5237294948
2114 316.1222809145
2677 312.5973000054
3192 286.9450122175
3393 284.7995092398
4323 278.6470130019
4649 242.9809085842
5528 241.7873035590
5587 226.8553292146
5797 173.7251303919
6152 170.9572013859
6253 167.1643428898
6262 151.8903495180
6311 145.1729510633
6336 142.1588275377
6392 140.2464455161
6424 139.2085299863
6425 109.2687262953
6705 91.5513912659
7072 86.9943968433
7103 83.2055614038
7196 78.8665384656
7206 74.9322366109
7267 64.6187231515
7377 57.0105975398
7417 50.2610326290
7669 48.6727856491
7708 48.5638734001
7763 43.9983166022
7807 39.8663031279
7988 35.1828372096
8256 33.7215467609
8637 30.5081333350
8959 30.1637107329
8968 30.0014019597
9078 29.1965315602
9185 29.0844512133
9209 28.7302529498
9268 28.4009883265
9303 28.3036998706
9462 27.9638751779
9479 27.8780914602
9589 27.7371820001
9604 27.3006695844
9860 27.2490852758
9871 27.1675865092
9875 27.0375459129
9928 27.0248368491
9970 26.9738821499
9993 26.9695019526
10037 26.8772485913
10059 26.6885827738
10106 26.4108637485
10383 26.3675112546
10429 26.2848501563
10550 26.2349388524
10609 26.2239571561
10662 26.1965652452
10750 26.1889393576
10768 26.0917197793
11167 26.0678196125
11183 26.0369980131
11281 26.0205292277
11307 26.0145709529
11413 25.9652211102
11520 25.9584948621
11530 25.9551319718
11748 25.9429318415
11785 25.9333886833
11925 25.9315993848
11954 25.9147499893
12052 25.9076199958
12087 25.9032415107
12218 25.8972491089
12283 25.8933503056
12366 25.8923899516
12463 25.8845525501
12672 25.8822771933
12723 25.8816026715
12781 25.8796099975
12885 25.8779982627
13081 25.8760758938
13163 25.8753779001
13244 25.8751027025
13286 25.8744100529
13455 25.8743925006
13456 25.8736096642
13543 25.8730943265
13638 25.8730436621
13655 25.8729344204
13705 25.8725807542
13726 25.8724821026
13767 25.8723314766
13787 25.8719086533
13795 25.8717951639
13820 25.8716510696
13867 25.8716350944
13943 25.8710686038
13986 25.8708907531
14080 25.8708807321
14110 25.8707850743
14151 25.8707404391
14172 25.8705002631
14230 25.8704669156
14302 25.8702579014
14347 25.8700843624
14374 25.8698953522
14588 25.8698868317
14603 25.8698208173
14716 25.8698061064
14717 25.8696770440
14766 25.8696185842
14794 25.8695564900
14892 25.8695320935
14938 25.8694887351
14944 25.8693056409
15152 25.8692926078
15223 25.8692755837
15234 25.8692073611
15279 25.8691760269
15357 25.8691736644
15362 25.8691528168
15400 25.8691310461
15496 25.8690998167
15607 25.8690952948
15657 25.8690775168
15865 25.8690633344
15900 25.8690567680
15939 25.8690555031
16040 25.8690367896
16043 25.8690175261
16192 25.8690016987
16355 25.8689890374
16484 25.8689873686
16519 25.8689811187
16582 25.8689731358
16659 25.8689722463
16733 25.8689703187
16761 25.8689658834
16847 25.8689595880
16915 25.8689567713
17093 25.8689555980
17137 25.8689537947
17174 25.8689530568
17176 25.8689509677
17190 25.8689509282
17221 25.8689494825
17291 25.8689490389
17325 25.8689467937
17463 25.8689455716
17572 25.8689436677
17658 25.8689430996
17667 25.8689393882
17748 25.8689370718
17922 25.8689366853
17983 25.8689363865
18003 25.8689360166
18017 25.8689359011
18081 25.8689355616
18087 25.8689348818
18158 25.8689344542
18223 25.8689336776
18303 25.8689334484
18396 25.8689330600
18612 25.8689330048
18644 25.8689327230
18706 25.8689326789
18757 25.8689326305
18805 25.8689324068
18863 25.8689322544
18891 25.8689322112
18948 25.8689320764
18974 25.8689317692
19069 25.8689315837
19134 25.8689314261
19202 25.8689312150
19439 25.8689312051
19528 25.8689311316
19606 25.8689311146
19611 25.8689310526
19631 25.8689310112
19639 25.8689310054
19649 25.8689309509
19679 25.8689308669
19783 25.8689307963
19896 25.8689307679
20040 25.8689307503
20095 25.8689307227
20135 25.8689306841
20146 25.8689306656
20194 25.8689306561
20200 25.8689306352
20387 25.8689306072
20452 25.8689305959
20486 25.8689305925
20497 25.8689305910
20509 25.8689305860
20515 25.8689305800
20565 25.8689305773
20572 25.8689305752
20579 25.8689305664
20583 25.8689305446
20622 25.8689305346
20721 25.8689305187
20732 25.8689305119
20789 25.8689305065
20848 25.8689305062
20975 25.8689305027
21048 25.8689305013
21057 25.8689305004
21074 25.8689304945
21094 25.8689304829
21284 25.8689304798
21289 25.8689304768
21400 25.8689304750
21521 25.8689304739
21523 25.8689304614
21914 25.8689304613
21922 25.8689304601
21955 25.8689304576
21972 25.8689304561
22042 25.8689304560
22092 25.8689304559
22106 25.8689304555
22131 25.8689304552
22212 25.8689304550
22263 25.8689304527
22309 25.8689304523
22469 25.8689304522
22566 25.8689304518
22576 25.8689304506
22751 25.8689304503
22830 25.8689304497
22853 25.8689304496
23010 25.8689304491
23111 25.8689304485
23178 25.8689304485
23243 25.8689304483
23320 25.8689304482
23323 25.8689304477
23340 25.8689304475
23585 25.8689304474
23779 25.8689304474
23850 25.8689304473
23869 25.8689304473
23889 25.8689304473
23893 25.8689304473
23930 25.8689304472
23949 25.8689304472
23970 25.8689304472
23991 25.8689304471
24013 25.8689304471
24017 25.8689304470
24119 25.8689304470
24160 25.8689304470
24189 25.8689304470
24218 25.8689304470
24231 25.8689304470
24248 25.8689304469
24270 25.8689304469
24284 25.8689304469
24288 25.8689304469
24444 25.8689304469
24450 25.8689304468
24535 25.8689304468
24565 25.8689304468
24607 25.8689304468
24616 25.8689304468
24634 25.8689304468
24656 25.8689304467
24662 25.8689304467
24694 25.8689304467
24712 25.8689304467
24750 25.8689304467
24773 25.8689304467
24817 25.8689304467
24893 25.8689304467
25016 25.8689304467
25174 25.8689304467
25296 25.8689304467
25472 25.8689304466
25597 25.8689304466
25629 25.8689304466
25831 25.8689304466
25832 25.8689304466
26014 25.8689304466
26027 25.8689304466
26032 25.8689304466
26053 25.8689304466
26111 25.8689304466
26180 25.8689304466
26228 25.8689304466
26266 25.8689304466
26284 25.8689304466
26401 25.8689304466
26402 25.8689304466
26424 25.8689304466
26480 25.8689304466
26533 25.8689304466
26593 25.8689304466
26889 25.8689304466
26983 25.8689304466
27014 25.8689304466
27110 25.8689304466
27143 25.8689304466
27382 25.8689304466
27520 25.8689304466
27734 25.8689304466
27816 25.8689304466
27888 25.8689304466
27916 25.8689304466
27970 25.8689304466
28061 25.8689304466
28088 25.8689304466
28475 25.8689304466
28572 25.8689304466
28579 25.8689304466
28638 25.8689304466
28962 25.8689304466
29001 25.8689304466
29185 25.8689304466
29316 25.8689304466
29584 25.8689304466
29961 25.8689304466
31351 25.8689304466
32371 25.8689304466
41863 25.8689304466
67148 25.8689304466
312669 25.8689304466
