evaluations raw_y
1 266463.0252685125
3 131794.3835990085
5 86660.7065429279
7 62977.8581109125
14 13330.0189507681
73 10523.3529774697
112 4858.7083860959
166 1481.9076173372
206 1093.7194816781
25082 1030.9720416834
26366 1007.2085169786
26387 994.2922232250
26388 993.1703177063
26394 952.3666335283
26460 949.5552627327
26499 937.0229497977
26500 900.4999529159
26548 885.4526707967
26560 884.3606937863
26584 877.2450087108
26593 864.3096045560
26618 857.7317370823
26668 836.7016082822
26741 835.1298544180
26753 825.8748521647
26779 808.1817669196
26785 801.1475664901
26811 791.3729995498
26836 791.1845061911
27305 783.3285731606
27490 782.7561049327
27508 763.0852646646
27598 759.3430490531
27602 731.9014777795
27607 725.0537261461
27658 712.4440447582
27720 705.1248503325
27734 703.3467838891
27758 703.0375841898
27766 692.4809995481
27797 675.9874843408
27889 667.3202310714
27979 665.8618521341
27990 659.4789307358
28017 649.4046511448
28036 646.3829850045
28104 617.9015819498
28223 609.0662561645
28252 604.8343484205
28266 592.8620679036
28381 565.3311889793
28588 551.1726017846
28618 550.2277106041
28667 549.4760479551
28693 549.0159724657
28697 543.8442945212
28701 539.1786604712
28732 535.5664734562
28800 531.9906038981
28814 522.7868477822
28847 516.0458233338
28926 508.9188876648
28935 489.3802792961
29043 481.3029662100
29078 477.0657466997
29137 476.4715422399
29163 469.6650311514
29275 466.1454949619
29363 465.5671959738
29377 463.9439130805
29381 463.7445621525
29418 461.5161342704
29504 456.8820582864
29547 452.8175502301
29669 449.0792098832
29716 445.0234129215
29855 441.4535140822
29866 441.1270752585
29875 433.2683319251
30057 429.2292355148
30096 425.4458137435
30132 424.6910729746
30155 419.4001768583
30237 417.9029868126
30258 415.1875591805
30268 408.2597616822
30297 406.9398384028
30346 404.9671613636
30350 404.2491426802
30387 401.1504875776
30393 394.3974933765
30498 389.4034670532
30501 389.0466536228
30608 381.6335760217
30621 380.7504048539
30636 380.1073537192
30647 366.0351954512
30686 362.3698565324
30702 359.4738290989
30734 352.8234837788
30799 339.4524605011
30960 323.8173675876
30989 314.3648987023
31072 307.4093326049
31131 295.9512862481
31582 290.1988026570
31592 278.0186752819
31661 268.7006327867
31684 268.3333151743
31840 267.1425590130
31847 264.8453895147
31852 263.4051155411
31933 262.5464010356
31947 261.4632581560
31951 239.6903408110
31982 224.7259809117
32004 207.9470993692
32038 206.4035110506
32481 205.5003979152
32514 203.2577004564
32527 202.8380325846
32534 202.2566037933
32547 196.5770753766
32571 194.5506675079
32577 191.4644820800
32619 191.1858065425
32643 189.9794481767
32646 187.6027008555
32657 176.2146864396
32722 174.9033891766
32886 172.0840477337
32922 171.1232041042
32959 170.7104715082
32998 159.0098720478
33094 158.3612238071
33115 154.0397812988
33133 150.8136880390
33182 147.8010044577
33213 146.3845000793
33365 139.9575866759
33398 137.5534679872
33481 132.1742869540
33554 130.8366105263
33632 127.3374129239
33731 127.0603748246
33746 125.5156064481
33759 121.7114752929
33810 120.7605901790
33853 117.4692314945
33918 109.5790502590
34460 106.6474223554
34566 105.5501548201
34832 103.5218298704
34871 101.3952866445
34899 99.5945502861
34951 97.9442831794
34988 97.1491419941
35007 94.0055545297
35142 93.8235469448
35190 89.8791341432
35215 85.2871265533
35319 82.8928424907
35403 76.0664648311
35784 72.6137217862
35830 68.6080526542
36126 66.9284792399
36140 61.0490801616
36423 60.8980471966
36489 60.7269158879
36679 59.5040865204
36763 59.1988246475
36878 55.2233030883
37171 52.7654599795
37233 49.9842512435
37493 48.1702450934
37562 48.1062562253
37631 45.5897615378
37636 41.8782854334
37984 40.4954901439
38042 38.9109219139
38098 36.4392513728
38301 35.9478568290
38327 34.4149717854
38385 33.8477368444
38465 33.7508724953
38474 29.9578852861
38542 28.9463706356
38591 28.5188410384
38608 28.1841815331
38654 26.2626829347
39291 26.1553401454
39313 25.1034543169
39475 22.8378571707
39575 21.6920141979
39672 19.2808309070
39679 19.0508485942
39936 16.7025577510
40299 14.6012173715
40377 13.6763659658
40713 13.3868583033
40962 13.2604714025
41012 12.4191579319
41055 11.7281459835
41105 11.3415133734
41118 11.1479591571
41153 10.8313558187
41408 9.4853611036
41836 9.4310332904
41839 9.1334183006
41866 8.6768905160
42066 8.0665160491
42092 7.0985984986
42514 7.0148772076
42597 6.5825676725
42762 6.2462432046
43002 6.1757860295
43126 6.0033912899
43224 5.9955657161
43225 5.6589012506
43389 5.5244404714
43428 5.3839064455
43431 5.1226658582
43466 4.9125778264
43513 4.8203163937
43904 4.6718879567
44021 4.3549856950
44040 3.7800561679
44227 3.7632988069
44380 3.5974759082
44453 3.2776582601
44498 3.2056963023
45177 3.1388639609
45225 2.7665012695
45236 2.7493339412
45299 2.4114987543
45360 2.2793665713
45448 2.2770172209
45744 2.2385878417
45820 2.0928517920
45973 2.0754147118
45994 2.0456726363
46024 1.9330882650
46071 1.6852071499
46479 1.5359549285
46491 1.4090217418
46678 1.3700601081
46776 1.2864757554
46803 1.1488675685
47010 1.0157174614
47217 0.9503550506
47300 0.9010399096
47356 0.6691399744
48051 0.5859549487
48181 0.5060072315
48390 0.5048615417
48531 0.4748889846
48629 0.3993603372
48854 0.3453043774
48944 0.3317266668
49064 0.3152474946
49100 0.3097381755
49232 0.3008162007
49238 0.2971525216
49259 0.2937167858
49360 0.2759156954
49414 0.2682346024
49565 0.2636188432
49683 0.2436603993
49869 0.2115359552
49922 0.1872950945
50050 0.1737929862
50082 0.1688734496
50192 0.1676337421
50262 0.1661383568
50276 0.1556181174
50281 0.1528238501
50319 0.1525449033
50341 0.1452739108
50372 0.1328147263
50383 0.1292674014
50424 0.1186710120
50555 0.1166422685
50764 0.1026719304
51164 0.0987364544
51209 0.0695552259
51401 0.0685365265
51627 0.0557373546
51839 0.0555177875
52034 0.0504569301
52065 0.0468755124
52258 0.0453194473
52363 0.0427380192
52379 0.0404945493
52434 0.0393357198
52460 0.0389726783
52481 0.0368206567
52728 0.0339263179
52777 0.0324421552
52900 0.0295008637
52949 0.0287179570
52955 0.0267100725
53095 0.0266375479
53146 0.0262673853
53219 0.0248071616
53365 0.0232522414
53502 0.0204493675
53542 0.0202043885
53550 0.0167275559
53787 0.0165504678
53822 0.0162244752
53977 0.0145782646
54031 0.0140921456
54074 0.0123865003
54143 0.0107378352
54438 0.0105739487
54462 0.0097002651
54492 0.0089307087
54610 0.0083001590
54766 0.0080027285
54944 0.0075425028
55013 0.0072977955
55076 0.0068610488
55142 0.0054681514
55326 0.0049899538
55339 0.0044762671
55543 0.0040631320
55799 0.0035823154
55837 0.0031606768
56146 0.0031173160
56212 0.0029639754
56265 0.0028928455
56475 0.0025247098
56524 0.0024950986
56578 0.0022633090
56588 0.0021227812
56671 0.0021067943
56672 0.0018968725
56741 0.0018064978
56811 0.0016882378
57011 0.0016444390
57028 0.0015223064
57061 0.0014034327
57193 0.0013288588
57383 0.0013126965
57440 0.0009453668
57736 0.0008798022
57889 0.0008212151
58096 0.0007399989
58398 0.0007391043
58423 0.0006223014
58452 0.0005494230
58574 0.0005039431
58590 0.0004800669
58670 0.0004733111
58822 0.0004534528
58830 0.0004361554
58852 0.0003683825
58900 0.0003502236
58977 0.0003272508
59155 0.0003212606
59156 0.0002846233
59350 0.0002646362
59459 0.0002210596
59676 0.0002173951
59737 0.0001722658
60057 0.0001672071
60095 0.0001551832
60127 0.0001529580
60367 0.0001489967
60375 0.0001230289
60439 0.0001203927
60468 0.0000996691
60537 0.0000934407
60781 0.0000883627
60895 0.0000658662
61063 0.0000651288
61064 0.0000622566
61116 0.0000617091
61148 0.0000492953
61383 0.0000444751
61402 0.0000420630
61648 0.0000395743
61663 0.0000384624
61799 0.0000267961
62184 0.0000252321
62256 0.0000207492
62380 0.0000202876
62396 0.0000196227
62481 0.0000194702
62517 0.0000191016
62600 0.0000156178
62789 0.0000123384
62845 0.0000117618
62916 0.0000114269
63005 0.0000105476
63035 0.0000096904
63127 0.0000085929
63332 0.0000084039
63347 0.0000063695
63638 0.0000062801
63659 0.0000048845
63818 0.0000043734
63895 0.0000035650
64228 0.0000028851
64342 0.0000028339
64374 0.0000027169
64394 0.0000023722
64649 0.0000021680
64796 0.0000019798
64878 0.0000019522
64959 0.0000017621
65040 0.0000016764
65135 0.0000015970
65162 0.0000015965
65328 0.0000013847
65349 0.0000012782
65558 0.0000009850
65724 0.0000009095
65728 0.0000008172
65758 0.0000008086
65779 0.0000007958
65837 0.0000007549
65972 0.0000007352
65982 0.0000007284
66001 0.0000005762
66042 0.0000005166
66154 0.0000004757
66253 0.0000004395
66419 0.0000004203
66423 0.0000002985
66565 0.0000002233
66867 0.0000002026
66888 0.0000001978
66985 0.0000001556
67227 0.0000001487
67252 0.0000001456
67260 0.0000001360
67280 0.0000001335
67289 0.0000001141
67408 0.0000001126
67426 0.0000001082
67450 0.0000000795
67755 0.0000000789
67760 0.0000000761
67785 0.0000000638
67969 0.0000000632
67972 0.0000000436
68058 0.0000000426
68169 0.0000000398
68298 0.0000000381
68346 0.0000000361
68476 0.0000000301
68775 0.0000000255
68851 0.0000000250
68919 0.0000000227
68935 0.0000000213
68988 0.0000000212
69064 0.0000000206
69069 0.0000000202
69073 0.0000000198
69088 0.0000000187
69096 0.0000000172
69122 0.0000000163
69156 0.0000000151
69186 0.0000000137
69314 0.0000000119
69324 0.0000000106
69536 0.0000000098
69625 0.0000000094
69719 0.0000000088
69793 0.0000000083
69839 0.0000000079
69971 0.0000000069
70069 0.0000000067
70090 0.0000000066
70094 0.0000000056
70293 0.0000000049
70308 0.0000000047
70309 0.0000000045
70373 0.0000000044
70405 0.0000000034
70541 0.0000000027
70638 0.0000000027
70716 0.0000000022
71005 0.0000000022
71076 0.0000000018
71192 0.0000000014
71347 0.0000000014
71357 0.0000000013
71487 0.0000000011
71511 0.0000000007
72137 0.0000000007
72192 0.0000000006
72195 0.0000000006
72196 0.0000000005
72241 0.0000000005
72276 0.0000000005
72308 0.0000000005
72359 0.0000000004
72397 0.0000000004
72467 0.0000000003
72624 0.0000000003
72766 0.0000000003
72786 0.0000000002
72856 0.0000000002
72889 0.0000000002
73077 0.0000000001
73205 0.0000000001
73267 0.0000000001
73414 0.0000000001
73618 0.0000000001
73725 0.0000000001
73771 0.0000000001
73823 0.0000000001
73877 0.0000000001
73923 0.0000000001
74044 0.0000000001
74046 0.0000000000
74253 0.0000000000
74256 0.0000000000
74286 0.0000000000
74316 0.0000000000
74416 0.0000000000
74429 0.0000000000
74489 0.0000000000
74503 0.0000000000
74577 0.0000000000
74613 0.0000000000
74801 0.0000000000
74995 0.0000000000
75058 0.0000000000
75084 0.0000000000
75173 0.0000000000
75174 0.0000000000
75206 0.0000000000
75423 0.0000000000
75550 0.0000000000
75692 0.0000000000
75760 0.0000000000
75777 0.0000000000
75906 0.0000000000
75995 0.0000000000
76044 0.0000000000
76047 0.0000000000
76198 0.0000000000
76205 0.0000000000
76429 0.0000000000
76590 0.0000000000
76634 0.0000000000
76793 0.0000000000
76828 0.0000000000
76855 0.0000000000
77030 0.0000000000
77171 0.0000000000
77222 0.0000000000
77342 0.0000000000
77369 0.0000000000
77561 0.0000000000
77594 0.0000000000
77739 0.0000000000
77862 0.0000000000
78017 0.0000000000
78081 0.0000000000
78245 0.0000000000
78400 0.0000000000
78542 0.0000000000
78891 0.0000000000
79754 0.0000000000
evaluations raw_y
1 33400256.1834857911
2 707298.8314258031
9 510443.8616696161
17 13763.2094743310
28 1523.8278866452
32 1002.6038100026
46 789.7438062062
200 676.5609124475
20601 666.2272614572
20788 638.5812941943
20824 629.5696195325
20834 618.4585679639
21138 612.5905474615
21162 611.1408861515
21235 578.3624533888
21329 565.0312323437
21610 557.4142254668
21649 531.6765471049
21806 529.5645825820
21863 511.2798729868
21885 487.2893040129
22238 454.4756223495
22340 438.7479939243
22764 434.7255510661
23085 432.2894072249
23191 426.9764668664
23384 424.9982358776
23466 422.4902158985
23498 417.5380614330
23507 414.9619264738
23584 403.5736822122
23592 400.3576827101
23667 393.8947521185
23708 393.3238854469
23736 392.3614041534
23743 390.9814056676
23860 377.8491419956
24013 371.3779070825
24167 366.2299795802
24230 365.3343456380
24256 364.3715093316
24380 355.1797766028
24395 352.0248277527
24412 345.0732450535
24415 343.2478763584
24528 341.8952531872
24666 336.7391282275
24677 333.3301857348
24744 332.8019759890
24773 317.0576493130
24807 312.8642958122
24897 307.8013087789
24993 304.0283258643
25171 295.9104407016
25273 282.6692802443
25583 273.0243125501
25737 264.4723285902
25925 262.9620232426
25983 261.4470164573
26050 259.1242074275
26356 253.6910621372
26574 251.9720865855
26593 251.9658905906
26615 245.2790378707
26694 244.8350988923
26705 242.3901190040
26736 242.3459062544
26743 238.9709649588
26887 237.3778173311
26890 228.9142165363
26928 228.4435898971
27014 223.8328789734
27183 219.9063834942
27333 217.1302930097
27405 212.2205776818
27507 211.0858585191
27531 210.6610596429
27554 206.7694040369
27585 202.1129110377
27701 201.1434100121
27736 196.1864794764
28012 192.7781092290
28021 188.9762238165
28218 186.7966136799
28280 181.7826653222
28374 181.2785781230
28380 169.9100960098
28403 165.9918197805
28617 161.8887458066
28640 155.4822066981
28924 155.4089331631
28936 153.2002802486
29014 147.7342304922
29065 145.8198762323
29149 136.0413336340
29302 135.1202753173
29447 129.3234981159
29513 125.3955630868
29889 119.5070059008
30787 109.5565895246
30833 107.8184239730
31695 107.0364101302
31751 103.6816905635
31801 98.8694844702
32018 96.0842525804
32116 95.4873665336
32153 90.8305858871
32163 81.6826668534
32263 81.2054276865
32286 76.0112560062
32557 72.3647663808
32718 69.5482386235
32810 67.5058440607
32965 64.5023219626
32976 63.6965773425
33151 61.9240591536
33199 60.6720176760
33224 58.7592998477
33272 57.6630852360
33418 56.6346310162
33467 56.2085668346
33517 55.9952033107
33558 55.8426745374
33602 53.1577259416
33637 50.1464959497
33672 49.3570592086
33837 48.5354155560
33848 48.1818754349
34007 47.4843877838
34101 46.4311800943
34323 45.3210742251
34407 41.1941791246
34790 40.6269634405
34918 40.4177268259
35068 40.0897547715
35087 38.7974712751
35088 38.7330050067
35189 37.3250182082
35325 35.3027334917
35530 35.2432622482
35555 35.0311531784
35585 32.7220445349
35615 32.6740003450
35637 32.2887329761
35745 31.3130221668
35863 29.0148020226
36130 28.5202259049
36201 28.3769615279
36209 28.0398778916
36249 27.1004478907
36387 26.3618800346
36399 25.3009070056
36601 25.1919764682
36726 24.8515450594
36743 24.2092650697
36762 22.0549427158
36832 20.6725956682
37346 18.2179501885
37478 17.4573373122
37574 17.1934997623
37584 16.8612079811
37754 16.2643436690
37858 15.9582450470
37861 14.4307225599
38070 13.6000737073
38211 13.0142846184
38285 12.2698576443
38386 11.7024481473
38430 11.5547668473
38456 11.1751817723
38769 10.8927252391
39254 10.1232329874
39367 9.3472181813
39534 9.2325482743
39570 9.1429608270
39576 8.4104209587
39694 8.0218872082
39740 6.9324816846
39893 6.7761343344
40118 6.6801704008
40136 6.5030233231
40176 6.5004897565
40430 6.4414055369
40471 6.0058450561
40489 5.6574702232
40832 5.5864416646
40846 5.4376205397
40921 5.2769227247
40997 5.2338285990
41070 5.1629002316
41219 4.9614953785
41328 4.7255958202
41395 4.6767221481
41404 4.6248932557
41484 4.2903763872
41613 4.0908297889
41697 3.9764352935
41846 3.7013232086
41900 3.5700140650
42109 3.5334404401
42327 3.4369028981
42415 3.3845620683
42506 3.3068981390
42677 3.2334445799
42696 3.1977076653
42833 3.1832038773
42866 3.1513239722
42875 3.1198684765
42880 3.0005544538
42921 2.9320496322
42935 2.9270176318
42938 2.8981319935
42953 2.8046140134
42977 2.6878443120
43096 2.6673179162
43131 2.5621520294
43258 2.3350208389
43311 2.1738531738
43656 1.8830718775
43679 1.8386649168
43964 1.8256376888
43997 1.6107848880
44102 1.5897772343
44216 1.5014487535
44372 1.3555427211
44543 1.2599429093
44640 1.1959054420
44703 1.1231473788
44890 1.0455510952
44963 1.0021122280
44980 0.9213242622
45226 0.9055469316
45354 0.8624153340
45366 0.8620137694
45417 0.7773376547
45517 0.7173909375
45681 0.6889855780
45747 0.6250612240
46018 0.5888082025
46037 0.5866559447
46167 0.5007811578
46305 0.4675682866
46743 0.4516558531
46764 0.4014441774
46791 0.3913992755
46985 0.3829715632
46990 0.3466951511
47110 0.3338902195
47180 0.3306418860
47207 0.2949880354
47450 0.2738589405
47667 0.2659624588
47671 0.2521893965
47704 0.2376062167
47727 0.2349379098
47758 0.2343097126
47899 0.2118309714
47940 0.2057646485
48063 0.1913423810
48129 0.1911318088
48140 0.1749049543
48315 0.1696321509
48332 0.1515565885
48636 0.1331774975
48680 0.1246822513
48871 0.1191986779
48883 0.1132113911
48955 0.1122104347
48971 0.1056167945
49154 0.1052928211
49172 0.1044979627
49188 0.1001990942
49273 0.0990584578
49419 0.0829526747
49474 0.0823282047
49537 0.0780288887
49807 0.0727976937
49902 0.0618886244
50085 0.0579259121
50140 0.0571719422
50167 0.0558520562
50356 0.0486286854
50566 0.0449539781
50633 0.0403659022
50924 0.0380221920
50957 0.0380053430
50976 0.0334252433
50985 0.0334033575
51070 0.0292551939
51312 0.0264824591
51431 0.0255716146
51470 0.0190548796
51866 0.0165200981
51987 0.0136148077
52356 0.0115812534
52714 0.0115693435
52758 0.0083642743
53011 0.0081360173
53317 0.0073041866
53349 0.0070803297
53496 0.0063125238
53650 0.0053210143
53857 0.0044754361
54087 0.0043063859
54113 0.0041905955
54276 0.0041624774
54379 0.0032562171
54537 0.0032363554
54553 0.0029849066
54645 0.0029834610
54652 0.0028770678
54730 0.0027131047
54903 0.0023471179
55177 0.0021395182
55215 0.0020248438
55247 0.0018594945
55289 0.0018367294
55330 0.0018036222
55375 0.0017329912
55403 0.0016700121
55439 0.0016482103
55523 0.0012060465
55759 0.0011578536
55914 0.0011148936
55995 0.0010738421
56016 0.0010013901
56046 0.0009630113
56085 0.0008318156
56112 0.0008239128
56297 0.0008001803
56342 0.0007274683
56361 0.0004937630
56900 0.0004652129
57015 0.0004582016
57025 0.0004536669
57031 0.0004423537
57044 0.0004036169
57072 0.0003724689
57078 0.0003083189
57319 0.0002894812
57509 0.0002632321
57648 0.0002339342
57785 0.0002245915
57876 0.0001852505
58233 0.0001719753
58263 0.0001701813
58264 0.0001602898
58270 0.0001554151
58359 0.0001326317
58468 0.0001313016
58517 0.0001241316
58565 0.0001142580
58623 0.0000969656
58828 0.0000868434
58937 0.0000764341
59169 0.0000716437
59310 0.0000668937
59433 0.0000647598
59525 0.0000629751
59554 0.0000510785
59684 0.0000477308
59827 0.0000471923
59841 0.0000470364
59869 0.0000465708
59885 0.0000378619
59917 0.0000335571
60033 0.0000327141
60034 0.0000316061
60074 0.0000295665
60184 0.0000245611
60557 0.0000244007
60599 0.0000235155
60628 0.0000226649
60665 0.0000214993
60710 0.0000176805
60846 0.0000166524
60963 0.0000159584
60997 0.0000159312
60999 0.0000155541
61018 0.0000152147
61022 0.0000134585
61065 0.0000130390
61086 0.0000127999
61156 0.0000127189
61171 0.0000112558
61297 0.0000110165
61307 0.0000102633
61346 0.0000054617
61997 0.0000052219
62123 0.0000048945
62145 0.0000045313
62575 0.0000044767
62588 0.0000038589
62614 0.0000032065
62734 0.0000031558
62790 0.0000029665
62847 0.0000027996
62876 0.0000027657
62879 0.0000025948
62885 0.0000023632
62932 0.0000020535
62965 0.0000019636
62966 0.0000017659
63114 0.0000017050
63141 0.0000015727
63247 0.0000015487
63420 0.0000013280
63441 0.0000013053
63442 0.0000013017
63464 0.0000012499
63492 0.0000012482
63507 0.0000012049
63519 0.0000011822
63521 0.0000011352
63537 0.0000011344
63549 0.0000011293
63554 0.0000010255
63570 0.0000009382
63760 0.0000009288
63770 0.0000009069
63778 0.0000007572
63879 0.0000006496
64092 0.0000005832
64111 0.0000005284
64137 0.0000004551
64538 0.0000003949
64699 0.0000003876
64750 0.0000003361
64795 0.0000003095
64982 0.0000002511
65105 0.0000002500
65168 0.0000002428
65187 0.0000001926
65293 0.0000001845
65354 0.0000001719
65357 0.0000001668
65382 0.0000001421
65427 0.0000001170
65504 0.0000001151
65553 0.0000001133
65820 0.0000001131
65898 0.0000001096
65969 0.0000000977
66215 0.0000000953
66273 0.0000000888
66276 0.0000000803
66289 0.0000000792
66306 0.0000000567
66619 0.0000000465
66894 0.0000000385
66979 0.0000000270
67256 0.0000000252
67312 0.0000000246
67340 0.0000000245
67343 0.0000000242
67356 0.0000000197
67471 0.0000000190
67491 0.0000000187
67556 0.0000000180
67591 0.0000000143
67642 0.0000000125
67691 0.0000000100
67858 0.0000000092
67905 0.0000000087
67945 0.0000000068
68218 0.0000000068
68272 0.0000000066
68347 0.0000000058
68376 0.0000000053
68401 0.0000000052
68425 0.0000000048
68549 0.0000000043
68606 0.0000000040
68627 0.0000000037
68628 0.0000000034
68740 0.0000000032
68805 0.0000000027
69073 0.0000000025
69150 0.0000000020
69329 0.0000000017
69336 0.0000000016
69384 0.0000000014
69595 0.0000000013
69724 0.0000000010
69795 0.0000000009
69826 0.0000000009
70150 0.0000000008
70151 0.0000000008
70176 0.0000000008
70236 0.0000000007
70301 0.0000000006
70313 0.0000000006
70368 0.0000000005
70492 0.0000000005
70515 0.0000000004
70518 0.0000000003
70697 0.0000000003
70717 0.0000000003
70851 0.0000000003
71022 0.0000000001
71265 0.0000000001
71316 0.0000000001
71521 0.0000000001
71728 0.0000000001
71837 0.0000000001
71853 0.0000000001
71864 0.0000000001
71969 0.0000000001
72045 0.0000000000
72139 0.0000000000
72300 0.0000000000
72321 0.0000000000
72407 0.0000000000
72409 0.0000000000
72452 0.0000000000
72480 0.0000000000
72504 0.0000000000
72543 0.0000000000
72595 0.0000000000
72672 0.0000000000
72700 0.0000000000
72741 0.0000000000
72814 0.0000000000
72829 0.0000000000
72928 0.0000000000
73334 0.0000000000
73373 0.0000000000
73490 0.0000000000
73494 0.0000000000
73718 0.0000000000
73908 0.0000000000
74142 0.0000000000
74171 0.0000000000
74193 0.0000000000
74263 0.0000000000
74313 0.0000000000
74690 0.0000000000
74724 0.0000000000
74738 0.0000000000
74858 0.0000000000
74967 0.0000000000
75036 0.0000000000
75061 0.0000000000
75435 0.0000000000
75646 0.0000000000
75659 0.0000000000
75698 0.0000000000
75704 0.0000000000
75811 0.0000000000
75870 0.0000000000
75943 0.0000000000
76168 0.0000000000
76173 0.0000000000
76298 0.0000000000
76378 0.0000000000
76921 0.0000000000
77293 0.0000000000
77490 0.0000000000
77892 0.0000000000
78863 0.0000000000
evaluations raw_y
1 34161740.0390889123
2 7903432.5241171718
6 2033432.7380684435
16 1970396.1507183698
17 336531.0409824595
27 60280.1097623818
64 30302.9458058105
95 9178.3560175772
146 5184.4210255376
163 804.5401176175
21944 804.3235408355
21974 799.8656007681
21979 792.6739414539
22001 786.4381055838
22005 777.0420225683
22060 773.7009911789
22073 761.7291157871
22103 756.8458350933
22132 749.2013818725
22158 743.3657580064
22172 741.4917576226
22186 720.2683574755
22203 718.1953946230
22214 701.3674207659
22254 696.4438919182
22263 695.3597417295
22264 687.1824985247
22309 686.7818304621
22321 676.4214967807
22384 665.2551290905
22397 660.7924757823
22406 659.4020065642
22414 649.8596576047
22435 640.6167911567
22448 617.8669693844
22466 612.3859171049
22508 605.8024516817
22512 602.3897079059
22530 599.3406005436
22538 588.5389310104
22620 576.5039435195
22621 571.5944016193
22658 556.4060804436
22841 531.7280290762
22896 511.9014482481
22922 510.0703987631
22931 506.1860537735
22946 505.1058837903
22979 502.0897097226
23002 498.4579844155
23003 484.7288185828
23030 463.5193313125
23102 461.8103695717
23115 460.7573059640
23228 457.8162523237
23288 450.0043352529
23338 441.3708922961
23362 437.7826287891
23386 424.5241464803
23415 420.9504118431
23575 415.2091203866
23587 409.9965743352
23590 405.9284234783
23606 394.2826139493
23654 386.0671233861
23805 381.0147301242
23951 378.7306258991
23962 347.9619796518
24086 344.5098683473
24087 332.9770373359
24162 326.4558598593
24189 317.3185962831
24243 315.3870925175
24258 313.2076414860
24261 307.8483698748
24277 294.6365285292
24287 290.8410410353
24300 270.7984090071
24355 264.7820392421
24390 259.2816347239
24394 259.0881328544
24408 257.8684980504
24441 256.6076239191
24551 252.1639250712
24576 243.7236692282
24615 234.5088144052
24634 224.6129300072
24640 223.1213253430
24939 217.8042955028
24982 212.9129563778
25009 208.3246393502
25012 203.1227459242
25042 193.7349772323
25102 191.8970438627
25149 189.4994853385
25153 187.1701917585
25193 186.2066214323
25197 180.5865883061
25326 169.3642107264
25343 166.7193047597
25370 159.2712075384
25381 154.2332020967
25407 150.1268129054
25439 145.9100271916
25472 140.5945989767
25531 139.3240960303
25546 138.4449398215
25547 136.2719313935
25591 133.5952734952
25624 130.8468011247
25720 130.5620033078
25721 126.7762365729
25867 126.7502483750
25879 123.6383654315
25901 117.3354440121
25944 116.8501023591
26051 114.5487416790
26065 109.9284375183
26085 101.5277877944
26122 99.2882019511
26138 94.3743711651
26289 93.2166016174
26324 88.8249750555
26391 85.4664327447
26432 85.2007380887
26447 84.8732383106
26560 80.8699510276
26671 74.1606064933
26749 69.0149526172
26779 67.1154724006
26816 63.2939684657
26831 62.4945630379
26836 60.4647729748
26955 56.9044590466
27158 53.9998935324
27185 52.0331663464
27203 51.5915446007
27218 51.2457778396
27242 46.7153147703
27269 43.4692286394
27349 41.6058065636
27353 35.6687246832
27382 35.0368117832
27419 34.7566429448
27442 30.8765846737
27740 30.6076856650
27787 27.6947640293
27801 26.2965132476
28138 25.2954002437
28225 24.6646760205
28287 24.6007209574
28310 23.4107888070
28345 22.8821929570
28409 21.8713958645
28461 21.8417401555
28514 21.5029419257
28560 20.2797204409
28624 20.1392044168
28728 19.5464852933
28754 18.9173499362
28762 18.4909445729
28789 17.7523273003
28864 17.0870981231
28990 16.6922318625
28993 16.3337864031
29067 15.9604959430
29180 15.9409322892
29205 15.4980302846
29214 15.4735297012
29349 14.0377064785
29467 13.7086206849
29499 13.6953359215
29626 13.3883040945
29629 13.3384814821
29700 13.0855917121
29716 12.7390739917
29811 12.5595206796
29845 12.2617887486
29934 12.2604734518
29960 11.3737908712
29979 10.4809174550
30054 9.3670865025
30104 9.2851215471
30196 8.8466341152
30750 7.7622295129
30893 6.9747783354
31149 5.3628935662
31655 5.1380321418
31669 5.1351378496
31772 5.1282510351
31846 4.8102299067
31904 4.2446159137
32020 4.0106465643
32055 3.8787343350
32966 3.6500679363
33193 3.6254258583
33295 3.3975731056
33490 3.3404574899
33618 2.9559705137
33745 2.9484683705
33769 2.6800823040
33779 2.3026561336
33997 2.2609989872
34115 2.0531229347
34345 1.9923903263
34541 1.9747447734
34619 1.7040031049
34708 1.3441199435
34878 0.9756521513
35346 0.9425744280
35421 0.9139638604
35434 0.8384109792
35697 0.8127630773
35764 0.8004528348
35815 0.6655189068
35938 0.5796892393
36268 0.5498100843
36285 0.5193895084
36298 0.4052652020
36572 0.3966203395
36649 0.3474449228
37118 0.3058757111
37125 0.2984135594
37260 0.2744622635
37408 0.2417163349
37590 0.2408857897
37698 0.1873852656
37747 0.1807197665
37877 0.1486562854
37931 0.1386427087
38161 0.1226837383
38379 0.1189094113
38606 0.1120534683
38650 0.1054341113
38975 0.1017514742
39006 0.1000342241
39009 0.0972560734
39049 0.0856578562
39065 0.0840490837
39187 0.0812637126
39256 0.0690655472
39371 0.0599749056
39559 0.0590891757
39609 0.0432054830
39978 0.0413115082
40132 0.0397924935
40144 0.0345083027
40254 0.0339554712
40312 0.0296223097
40385 0.0288715351
40389 0.0268868229
40519 0.0231471957
40727 0.0225330627
40734 0.0222543249
41186 0.0197560396
41308 0.0184210937
41479 0.0171767610
41497 0.0144562806
41725 0.0142990015
41785 0.0135858805
41900 0.0132797611
41915 0.0130888181
41935 0.0122012475
42007 0.0101445523
42118 0.0098729840
42245 0.0093183772
42280 0.0090505017
42293 0.0089861629
42311 0.0084838940
42398 0.0082936990
42472 0.0081429683
42592 0.0072707972
42612 0.0071998067
42735 0.0067249738
42745 0.0066603693
42764 0.0050413869
42857 0.0049346623
42873 0.0046719964
43019 0.0039842823
43156 0.0038787361
43292 0.0036251970
43393 0.0032981633
43424 0.0032613244
43486 0.0031529824
43608 0.0028692998
43612 0.0024445104
43740 0.0022062346
43821 0.0021406482
43831 0.0017593820
44162 0.0013512405
44288 0.0013047957
44799 0.0012069967
44919 0.0009496094
45067 0.0007192333
45406 0.0006578602
45437 0.0006491689
45638 0.0006352707
45642 0.0006205992
45682 0.0006147771
45684 0.0005840636
45763 0.0004714547
45803 0.0003793100
45838 0.0003467721
45895 0.0002889636
46085 0.0002229526
46235 0.0002001635
46299 0.0001911860
46319 0.0001882991
46431 0.0001831055
46448 0.0001778780
46509 0.0001736228
46544 0.0001573195
46645 0.0001558930
46654 0.0001233064
46816 0.0001222732
46956 0.0001087935
47013 0.0000992001
47135 0.0000791203
47241 0.0000725924
47335 0.0000724833
47347 0.0000682738
47384 0.0000630129
47388 0.0000427985
47537 0.0000413508
47612 0.0000357254
47664 0.0000314851
47927 0.0000308851
47978 0.0000275948
48137 0.0000266170
48225 0.0000249411
48341 0.0000237689
48344 0.0000220830
48441 0.0000201432
48472 0.0000148296
48646 0.0000139791
48811 0.0000127528
49077 0.0000127345
49142 0.0000117899
49153 0.0000112240
49199 0.0000096592
49223 0.0000082493
49453 0.0000079654
49671 0.0000078872
49694 0.0000070541
49726 0.0000069962
49790 0.0000069876
49795 0.0000050348
50103 0.0000050201
50137 0.0000044836
50151 0.0000041571
50242 0.0000041357
50332 0.0000032800
50443 0.0000025676
50547 0.0000025330
50762 0.0000018309
50885 0.0000016008
51015 0.0000015163
51031 0.0000014045
51272 0.0000014042
51279 0.0000013295
51320 0.0000012833
51342 0.0000011965
51365 0.0000010859
51371 0.0000009197
51483 0.0000009061
51505 0.0000008992
51532 0.0000008922
51552 0.0000007836
51574 0.0000007225
51676 0.0000006419
51807 0.0000006015
51824 0.0000005760
51845 0.0000005568
51893 0.0000004735
52095 0.0000003997
52096 0.0000003958
52225 0.0000003815
52476 0.0000003474
52519 0.0000003105
52605 0.0000003055
52712 0.0000002951
52730 0.0000002766
52767 0.0000002710
52780 0.0000002253
52810 0.0000002129
52818 0.0000002074
52852 0.0000002046
52890 0.0000001933
53228 0.0000001690
53285 0.0000001473
53290 0.0000001360
53405 0.0000001274
53543 0.0000001022
53781 0.0000000882
53953 0.0000000705
54030 0.0000000700
54056 0.0000000628
54181 0.0000000557
54219 0.0000000454
54400 0.0000000359
54593 0.0000000300
54751 0.0000000283
54851 0.0000000261
54871 0.0000000234
54967 0.0000000208
55188 0.0000000196
55244 0.0000000157
55358 0.0000000142
55523 0.0000000138
55533 0.0000000118
55658 0.0000000068
56100 0.0000000066
56161 0.0000000066
56181 0.0000000062
56287 0.0000000057
56318 0.0000000055
56400 0.0000000048
56441 0.0000000043
56530 0.0000000037
56620 0.0000000037
56650 0.0000000035
56651 0.0000000031
56680 0.0000000028
56796 0.0000000027
56828 0.0000000025
56932 0.0000000022
56939 0.0000000020
57023 0.0000000018
57207 0.0000000017
57228 0.0000000015
57240 0.0000000013
57378 0.0000000013
57394 0.0000000013
57409 0.0000000011
57593 0.0000000011
57608 0.0000000008
57924 0.0000000006
57956 0.0000000005
58043 0.0000000004
58491 0.0000000003
58539 0.0000000003
58812 0.0000000003
58917 0.0000000003
58944 0.0000000003
58975 0.0000000003
58986 0.0000000002
59008 0.0000000002
59029 0.0000000002
59165 0.0000000002
59353 0.0000000002
59449 0.0000000001
59589 0.0000000001
59608 0.0000000001
59642 0.0000000001
59647 0.0000000001
59709 0.0000000001
59783 0.0000000001
59863 0.0000000001
59919 0.0000000001
59920 0.0000000001
59974 0.0000000001
60025 0.0000000001
60079 0.0000000001
60141 0.0000000000
60142 0.0000000000
60168 0.0000000000
60337 0.0000000000
60429 0.0000000000
60571 0.0000000000
60640 0.0000000000
60666 0.0000000000
60700 0.0000000000
60733 0.0000000000
60929 0.0000000000
61060 0.0000000000
61082 0.0000000000
61144 0.0000000000
61257 0.0000000000
61274 0.0000000000
61285 0.0000000000
61458 0.0000000000
61546 0.0000000000
61577 0.0000000000
61837 0.0000000000
61911 0.0000000000
61921 0.0000000000
62075 0.0000000000
62088 0.0000000000
62142 0.0000000000
62204 0.0000000000
62230 0.0000000000
62321 0.0000000000
62443 0.0000000000
62539 0.0000000000
62564 0.0000000000
62717 0.0000000000
62769 0.0000000000
62787 0.0000000000
62790 0.0000000000
62870 0.0000000000
62900 0.0000000000
62942 0.0000000000
63105 0.0000000000
63171 0.0000000000
63216 0.0000000000
63403 0.0000000000
63476 0.0000000000
63625 0.0000000000
63644 0.0000000000
63673 0.0000000000
63695 0.0000000000
63779 0.0000000000
63882 0.0000000000
64021 0.0000000000
64186 0.0000000000
64228 0.0000000000
64229 0.0000000000
64330 0.0000000000
64418 0.0000000000
64435 0.0000000000
64600 0.0000000000
64799 0.0000000000
64858 0.0000000000
64937 0.0000000000
65098 0.0000000000
65438 0.0000000000
65523 0.0000000000
65773 0.0000000000
66809 0.0000000000
evaluations raw_y
1 1038007.6819558756
2 816866.5269223575
6 393743.4703933775
7 153079.8502634632
9 120631.3304684101
11 57270.2672842656
13 42195.0455350431
38 11537.7420574857
65 1361.8476966385
132 958.4829814981
286 588.2426716427
25531 576.3431657103
26529 570.1628591326
26533 565.3265719417
26642 558.4059573248
26675 552.2740419063
26689 551.9537666925
26695 545.3637791651
26718 541.9940650431
26764 523.8588970822
27121 520.3319444080
27130 513.0950248086
27263 512.0396069405
27274 483.4236949546
27526 483.1832915037
27531 482.4633725438
27569 467.5020649718
27599 460.7454051209
27636 455.6023224550
27643 450.6461846488
27654 447.2024187518
27688 446.7947935244
27705 428.5984399962
27713 420.0849142699
27771 407.4238696947
27841 407.3393204913
27854 398.8350785764
27888 386.9360367676
27902 384.3306249343
27909 376.3804116855
27910 375.0470943968
27930 371.5416354785
28002 353.2400286434
28045 326.1360053638
28163 304.1224467532
28503 296.6652815101
28582 270.2548140163
28698 254.0015158309
28724 241.0642725119
28745 239.3666571434
28763 238.6752584067
28784 236.9472826351
28788 225.8907883677
28936 214.8624323360
28957 206.0750729444
29019 199.4363992974
29299 197.7221007512
29365 192.5020216130
29386 189.4426509223
29448 184.5175410915
29455 182.3937910029
29481 177.5705778879
29494 176.2326422072
29510 168.5908724775
29547 168.1817240151
29566 150.3885424201
29935 141.6879172230
30219 134.6758896011
30294 129.8461102922
30339 124.6130125529
30364 123.4902976556
30372 114.2919567267
30680 113.4724278762
30763 102.2499260856
30807 97.4307879040
30813 94.5856541986
30856 86.9975038822
30881 81.2906674485
30904 78.6200035759
30954 74.9419145636
31155 74.0990330104
31165 68.8578963281
31187 66.8836825686
31208 62.0098661392
31823 60.8413414910
31885 58.4748832665
31943 57.7459498230
31952 51.8308606173
31977 49.1859682333
32185 48.3796938390
32207 46.7348118960
32230 44.1829320205
32256 43.7056958084
32349 41.5742419084
32430 39.1801906017
32559 38.5720656634
32613 37.6306686877
32622 35.2162400991
32785 34.5565201213
32889 34.0363923878
33042 33.9219996514
33076 33.2796459176
33130 33.0548788996
33133 32.9159622033
33155 32.8646239491
33184 30.8819466384
33238 29.9270435537
33470 29.3501776761
33492 28.9972554253
33541 25.5914831430
33950 25.3769818147
34109 25.3197686185
34149 24.8900456756
34213 23.0254417862
34674 22.8069333758
34769 22.7507427615
34902 22.5275026361
34922 21.4604446818
35009 21.1382823257
35016 19.7136977411
35085 17.7873257510
35225 17.6206900687
35275 15.1225743771
35443 14.7521584243
35544 13.7901172198
35884 13.6835887667
36314 13.3538185171
36428 12.7302511089
36433 12.4656891890
36473 12.2553074855
36528 11.6020497851
36641 11.0394952297
36644 9.3030830547
36751 8.8553360372
36909 8.8397116439
36915 8.5960615794
37119 8.2906640970
37199 8.1208770314
37224 7.9557826864
37385 7.3482140193
37449 7.2804198762
37535 6.8097547766
37593 6.7780429595
37735 6.7393181388
37738 6.5218026021
37747 6.3789609483
37901 6.2544877928
37935 5.7326690705
38210 5.2625503147
38298 5.0790761055
38459 4.9008033092
38727 4.8920546663
38771 4.8475301285
39139 4.6126678963
39156 4.4919898439
39239 4.3805291147
39292 4.1263633272
39453 4.0813405216
39618 3.5030072787
39725 3.3430431034
39748 3.3378840476
39761 3.0617895867
39792 2.7633137654
39864 2.6127310333
40139 2.1358741318
40355 1.9114975312
40790 1.4966714588
41210 1.4895348139
41213 1.4102049883
41215 1.3583546361
41294 1.3320523061
41605 1.1798973585
41724 1.1073096197
42347 1.0547052513
42368 1.0161578542
42378 1.0011185248
42406 0.8667065934
42627 0.8310256988
42723 0.7854184102
42728 0.7825995139
42834 0.6874559593
42839 0.6754250651
42895 0.5928501294
43260 0.5897301618
43441 0.5608668427
43619 0.5424410607
43736 0.5087063921
43841 0.4906674406
43843 0.4319451075
43944 0.4238929776
44097 0.4045439522
44157 0.3528265099
44313 0.3506883233
44387 0.3339320403
44450 0.3208092156
44494 0.3102084158
44498 0.3068774842
44523 0.2964964261
44587 0.2883610904
44673 0.2834699404
44722 0.2581315627
44854 0.2149198930
44984 0.1957698345
45047 0.1798582227
45414 0.1582231218
45512 0.1549133082
45531 0.1435132077
46014 0.1350438634
46202 0.1315619982
46251 0.1314799391
46361 0.1073901561
46819 0.0984062411
46846 0.0908244408
47048 0.0855914592
47156 0.0712306256
47644 0.0696630022
47764 0.0669968322
47875 0.0586345096
47907 0.0537072807
48123 0.0484950797
48144 0.0482879748
48147 0.0420346732
48403 0.0403957752
48424 0.0387245190
48448 0.0378632320
48504 0.0373861903
48507 0.0358038850
48591 0.0336824454
48662 0.0298936075
48813 0.0258830122
48967 0.0246918662
49180 0.0245235776
49237 0.0216896447
49261 0.0196222741
49329 0.0131944989
50169 0.0129191047
50325 0.0128131282
50365 0.0127793094
50387 0.0123878076
50438 0.0123064156
50488 0.0088185450
50744 0.0087292622
50750 0.0086848121
50958 0.0086460860
50976 0.0083847047
51088 0.0077919666
51099 0.0069182225
51276 0.0059431125
51329 0.0056835910
51345 0.0053551607
51464 0.0051297875
51554 0.0050439829
51573 0.0047418689
51814 0.0042574730
51855 0.0042101315
51935 0.0040352868
51947 0.0038788951
52003 0.0032423161
52156 0.0032240114
52212 0.0027557130
52427 0.0026239463
52483 0.0024429997
52540 0.0019064170
52599 0.0018252033
52920 0.0016538051
52958 0.0016153354
52990 0.0012937174
53042 0.0012772333
53238 0.0011633751
53276 0.0008281311
53286 0.0007815987
53418 0.0007591689
53615 0.0007211764
53655 0.0006620307
53711 0.0005718202
54332 0.0005205663
54334 0.0004685547
54432 0.0003600876
54547 0.0003523154
54572 0.0003358888
54685 0.0002785022
54789 0.0002740397
54847 0.0002654123
54876 0.0002160048
54890 0.0001985213
54937 0.0001964819
55087 0.0001669543
55239 0.0001368821
55313 0.0001126095
55532 0.0000974908
55794 0.0000820545
55979 0.0000761939
56073 0.0000667683
56098 0.0000665550
56137 0.0000598555
56213 0.0000460146
56305 0.0000401260
56469 0.0000354373
56687 0.0000339183
56724 0.0000289971
56890 0.0000276853
57330 0.0000251389
57382 0.0000226064
57410 0.0000218085
57485 0.0000187909
57515 0.0000182935
57548 0.0000144416
57712 0.0000115134
58005 0.0000115112
58057 0.0000074917
58386 0.0000072493
58423 0.0000070742
58560 0.0000055726
58606 0.0000055547
58656 0.0000042901
58728 0.0000034529
59233 0.0000029679
59291 0.0000024116
59612 0.0000020167
59718 0.0000020015
59755 0.0000018191
59852 0.0000017654
59960 0.0000012792
60139 0.0000011365
60170 0.0000007980
60560 0.0000007743
60600 0.0000007681
60612 0.0000007343
60659 0.0000007286
60685 0.0000006682
60719 0.0000005049
60855 0.0000004833
60913 0.0000004571
60990 0.0000004300
61032 0.0000004086
61106 0.0000002954
61274 0.0000002866
61380 0.0000002708
61406 0.0000002263
61415 0.0000001988
61549 0.0000001944
61711 0.0000001891
61758 0.0000001692
61853 0.0000001675
61894 0.0000001277
62132 0.0000001149
62328 0.0000001020
62347 0.0000000847
62412 0.0000000831
62479 0.0000000802
62497 0.0000000784
62525 0.0000000783
62542 0.0000000768
62566 0.0000000608
62679 0.0000000591
62787 0.0000000566
62879 0.0000000526
63008 0.0000000458
63016 0.0000000412
63122 0.0000000354
63128 0.0000000259
63582 0.0000000150
63849 0.0000000148
64132 0.0000000139
64287 0.0000000116
64343 0.0000000108
64352 0.0000000090
64371 0.0000000086
64380 0.0000000084
64522 0.0000000066
64526 0.0000000053
64758 0.0000000050
64794 0.0000000047
64914 0.0000000046
64919 0.0000000040
64945 0.0000000038
64972 0.0000000037
64986 0.0000000034
65204 0.0000000033
65210 0.0000000030
65324 0.0000000029
65361 0.0000000029
65395 0.0000000028
65448 0.0000000026
65558 0.0000000023
65569 0.0000000022
65595 0.0000000017
65755 0.0000000015
65856 0.0000000014
65955 0.0000000013
65980 0.0000000011
66026 0.0000000010
66147 0.0000000010
66192 0.0000000008
66263 0.0000000006
66422 0.0000000006
66448 0.0000000005
66502 0.0000000005
66535 0.0000000004
66638 0.0000000003
66800 0.0000000003
66849 0.0000000003
67091 0.0000000003
67094 0.0000000002
67185 0.0000000002
67224 0.0000000002
67270 0.0000000002
67312 0.0000000002
67380 0.0000000002
67390 0.0000000002
67405 0.0000000001
67555 0.0000000001
67705 0.0000000001
67836 0.0000000001
67923 0.0000000001
67926 0.0000000001
68065 0.0000000001
68169 0.0000000001
68186 0.0000000000
68206 0.0000000000
68321 0.0000000000
68332 0.0000000000
68388 0.0000000000
68447 0.0000000000
68449 0.0000000000
68474 0.0000000000
68477 0.0000000000
68479 0.0000000000
68500 0.0000000000
68527 0.0000000000
68549 0.0000000000
68664 0.0000000000
69114 0.0000000000
69130 0.0000000000
69298 0.0000000000
69328 0.0000000000
69394 0.0000000000
69398 0.0000000000
69627 0.0000000000
69632 0.0000000000
69651 0.0000000000
69734 0.0000000000
69857 0.0000000000
69973 0.0000000000
69999 0.0000000000
70002 0.0000000000
70054 0.0000000000
70182 0.0000000000
70217 0.0000000000
70338 0.0000000000
70383 0.0000000000
70481 0.0000000000
70549 0.0000000000
70754 0.0000000000
70859 0.0000000000
71005 0.0000000000
71008 0.0000000000
71024 0.0000000000
71076 0.0000000000
71173 0.0000000000
71179 0.0000000000
71238 0.0000000000
71495 0.0000000000
71567 0.0000000000
71643 0.0000000000
71717 0.0000000000
71792 0.0000000000
71811 0.0000000000
71898 0.0000000000
71962 0.0000000000
71976 0.0000000000
72069 0.0000000000
72099 0.0000000000
72315 0.0000000000
72413 0.0000000000
72455 0.0000000000
72579 0.0000000000
72882 0.0000000000
73124 0.0000000000
73907 0.0000000000
evaluations raw_y
1 35857627.1872948259
4 24792509.6338166483
22 20473045.4891349114
28 8697216.3256510645
31 5613436.7138833329
40 2064422.5296169382
49 79061.6892348050
50 41721.5417541876
78 15699.7374156221
98 2184.0680962578
153 1275.2210479709
20272 1272.7955842228
20285 1227.7210006252
20320 1213.9018487109
20366 1166.9072973904
20452 1142.2588078546
20457 1132.2047539562
20461 1119.5558627531
20486 1039.3139568561
20508 1005.5075302118
20528 968.5221879500
20595 938.1766965276
20596 899.1855744563
20609 892.8156828529
21036 887.7802298922
21080 876.0171314287
21107 869.2151833989
21108 865.5631950113
21127 817.7917404854
21394 816.1468469225
21395 815.4350471154
21412 787.8590667231
21453 722.8280054500
21485 650.0735466574
21544 621.9095939615
21588 588.1277148491
21600 570.1365740668
21627 541.5437253148
22131 518.6154641776
22145 514.2181157706
22146 512.2533587203
22154 509.4591759116
22162 505.1502057876
22169 502.6070614513
22187 493.2691036281
22211 485.3952038034
22215 483.7712340526
22226 472.8765732483
22232 463.7272664275
22282 445.6836694744
22530 438.7689794493
22544 437.3243041053
22625 421.8052492369
22658 419.1973807009
22663 411.6372138407
22673 407.0491107771
22714 377.8724574367
22759 361.8974866366
22876 361.2971689801
22877 337.4810883386
22951 332.3517685899
22969 319.3633034977
22975 315.8162070482
22986 311.1447256345
23000 295.3031938782
23088 288.1741421662
23308 286.1891433719
23345 278.6865400651
23359 269.4267499239
23364 267.1592791273
23443 262.3555105170
23475 255.2724343173
23515 252.0755518527
23533 251.7444423700
23569 248.4699804591
23584 246.5118019782
23598 245.2376642804
23612 239.4686569707
23636 236.9219318705
23643 232.6228857564
23653 227.7489994290
23718 224.6273059547
23723 222.3615985758
23736 218.5360454975
23775 216.9029025136
23776 209.4516066511
23832 208.4413733595
23851 205.5954908664
23862 204.3424961294
23881 196.5845565836
23894 196.2377254138
23955 185.6892593819
23967 183.2066909167
23990 181.4229617479
24008 172.2411202893
24019 171.7292751246
24021 168.9057954070
24029 167.6959064282
24052 166.3681535045
24070 162.4184346917
24095 158.6556576955
24123 152.2570784424
24242 150.6696277275
24246 146.3712109768
24247 131.5388928515
24278 131.5093861655
24293 131.3738959641
24295 125.8400922952
24305 120.6915487522
24352 117.2751155982
24373 116.8270875761
24396 114.1567904263
24603 111.4665845149
24626 108.9090303470
24628 107.0555236765
24630 106.8667913491
24644 106.3876460357
24646 104.3728404042
24652 104.1208390792
24657 100.8208580509
24667 97.3948826578
24702 94.5385619872
24724 94.3959504739
24731 88.7270654803
24820 85.3023466784
24838 83.1482782709
24842 82.5567201803
24866 79.6140894087
24887 78.4141123374
25034 73.1201827351
25408 68.8989545973
25438 68.3128495509
25461 65.6556491793
25503 65.4301878722
25522 61.7193433157
25568 59.4048119106
25590 58.4423719833
25626 57.6668569164
25681 56.7778801415
25778 55.0951039742
25781 54.4581243126
25794 54.3004734196
25879 53.9969497431
25897 50.8974892125
25982 49.7745488599
26088 49.7443403428
26212 48.6553696854
26213 48.1824006946
26264 47.8380757399
26727 45.2292688815
26830 44.8378951728
26864 42.9002384276
26865 42.5772358442
27040 42.3616694759
27094 40.6801389926
27150 40.1126395502
27198 39.4226952678
27211 37.1399909541
27325 37.0191780020
27420 35.4683954570
27474 35.3091638543
27480 33.6998807738
27545 33.3937229703
27612 32.6303750215
27616 29.9173996247
27650 27.8936735139
27758 27.7300084657
27867 26.3586783051
27999 24.3924253520
28015 22.8842450553
28063 22.7304512686
28220 22.0767425200
28246 20.8855211118
28282 20.4386300708
28405 19.5832247116
28440 18.4983871751
28441 17.5009588765
28502 17.4944980238
28658 14.8469888923
28741 14.1329425111
28809 13.8317179093
28914 12.1739265144
28947 12.1008934400
28976 11.9952968916
29317 11.4818435738
29523 11.0565263423
29958 10.7285155069
29976 9.8900639516
29995 9.5496651946
30244 7.9593454750
30360 7.8886805621
30386 7.2289653841
30485 7.0240534059
30522 6.5548053645
30788 6.0769897317
31043 5.4245802027
31048 4.9213628059
31192 4.8300684891
31212 3.8114792568
31596 3.4644509841
31669 3.4279096445
31710 3.2579507942
31949 3.0453007423
31968 2.7492499955
32057 2.7165363834
32125 2.2649646541
32195 2.0907556617
32237 1.8987075409
32598 1.8632600348
32649 1.8175258571
32707 1.6897547022
32720 1.5521136654
32789 1.3108552005
32845 1.2667196302
33100 1.2499187305
33196 1.2422222980
33229 1.1377830295
33303 0.9544075066
33368 0.9456694314
33469 0.9094997986
33534 0.8690425499
33581 0.7816267381
33727 0.7626680385
33766 0.6935754595
33945 0.6919317440
34142 0.6632799300
34143 0.6621834364
34240 0.5935214106
34323 0.5928364868
34332 0.5488132271
34376 0.4722776200
34445 0.4261341802
34585 0.4191164229
34727 0.3995921887
34731 0.3979907791
34891 0.3943555789
35255 0.3614921408
35376 0.3335068112
35472 0.3189825623
35518 0.2727079797
35703 0.2663307544
35738 0.2608757572
35786 0.2553485304
35808 0.2161402995
36000 0.1871244670
36057 0.1760627159
36075 0.1736597223
36267 0.1580032943
36322 0.1494233183
36539 0.1414664011
36642 0.1390178014
36704 0.1181830195
37307 0.1100033269
37323 0.0919103739
37534 0.0854733885
37555 0.0852033628
37623 0.0844386723
37661 0.0800113255
37716 0.0776292048
37752 0.0759822720
37859 0.0730261621
37927 0.0690781037
38065 0.0684475280
38134 0.0671420233
38136 0.0660004293
38365 0.0552079853
38501 0.0540607707
38536 0.0515093624
38627 0.0503796876
38688 0.0503637339
38727 0.0469414112
38767 0.0433685903
38896 0.0428579268
38929 0.0390137235
39010 0.0381494220
39037 0.0358790767
39291 0.0353384821
39299 0.0337194652
39569 0.0297270236
39910 0.0292711442
39989 0.0285289270
40028 0.0222978924
40186 0.0206679086
40192 0.0203459332
40256 0.0195678566
40314 0.0193837117
40345 0.0164157139
40419 0.0154692058
40545 0.0148841444
40720 0.0146813627
40975 0.0144869192
41063 0.0138557669
41066 0.0129125352
41129 0.0123443012
41270 0.0107463457
41366 0.0106981343
41408 0.0101594907
41418 0.0085249457
41522 0.0080549257
41612 0.0074674632
41619 0.0068826266
41713 0.0055096797
41991 0.0053951423
41996 0.0045647631
42239 0.0044392051
42388 0.0042204806
42408 0.0040079336
42507 0.0038712989
42564 0.0036249742
42666 0.0036125035
42721 0.0034852392
42724 0.0029466208
42780 0.0028537676
42845 0.0027761526
42910 0.0026521790
42934 0.0021943132
42971 0.0021479100
43081 0.0019889632
43152 0.0017159840
43164 0.0013927965
43488 0.0013878984
43544 0.0012444448
43559 0.0012163560
43584 0.0012153279
43589 0.0010430677
43624 0.0010135625
43721 0.0009253843
43774 0.0009124553
43807 0.0007931845
43859 0.0007802908
43999 0.0007354860
44120 0.0007343426
44180 0.0006018176
44216 0.0005230869
44727 0.0004469783
44842 0.0003877521
44986 0.0003730093
45146 0.0003475975
45320 0.0003437117
45379 0.0003193390
45408 0.0002551720
45592 0.0002478912
45778 0.0002304354
45822 0.0002303682
45828 0.0002279559
45843 0.0002074589
45867 0.0001944668
45910 0.0001455827
46184 0.0001401997
46395 0.0001123271
46418 0.0000878666
46592 0.0000819961
46770 0.0000765199
46802 0.0000615790
47275 0.0000536294
47469 0.0000524690
47472 0.0000460115
47579 0.0000421411
47661 0.0000327299
47984 0.0000217763
48071 0.0000199452
48218 0.0000189498
48261 0.0000181339
48262 0.0000165215
48490 0.0000152096
48601 0.0000138676
48638 0.0000136474
48683 0.0000134233
48714 0.0000132714
48717 0.0000122333
48826 0.0000121785
48903 0.0000119391
48952 0.0000106099
49102 0.0000091743
49131 0.0000090635
49152 0.0000075205
49176 0.0000068618
49217 0.0000064402
49264 0.0000061701
49319 0.0000058023
49547 0.0000049938
49548 0.0000049226
49561 0.0000048576
49632 0.0000047045
49696 0.0000042544
49708 0.0000039758
49825 0.0000033233
49915 0.0000031655
49925 0.0000030366
50067 0.0000029577
50137 0.0000020001
50577 0.0000019290
50640 0.0000018295
50720 0.0000015497
50856 0.0000013754
50971 0.0000010617
51156 0.0000009775
51176 0.0000008208
51320 0.0000007451
51469 0.0000006934
51552 0.0000006785
51581 0.0000006045
51682 0.0000005850
51762 0.0000005295
51823 0.0000004838
51881 0.0000003170
52198 0.0000002360
52371 0.0000001938
52534 0.0000001927
52539 0.0000001885
52548 0.0000001707
52601 0.0000001611
52602 0.0000001593
52738 0.0000001522
52754 0.0000001511
52785 0.0000001386
52821 0.0000001366
52841 0.0000001001
53052 0.0000000944
53282 0.0000000860
53295 0.0000000842
53303 0.0000000800
53336 0.0000000661
53445 0.0000000592
53575 0.0000000574
53583 0.0000000534
53611 0.0000000527
53638 0.0000000376
53818 0.0000000357
53828 0.0000000355
53845 0.0000000351
53853 0.0000000287
53955 0.0000000282
53995 0.0000000219
54351 0.0000000205
54453 0.0000000167
54523 0.0000000161
54625 0.0000000159
54628 0.0000000158
54672 0.0000000135
54705 0.0000000113
54734 0.0000000095
54832 0.0000000095
54987 0.0000000092
55026 0.0000000090
55047 0.0000000068
55098 0.0000000062
55371 0.0000000056
55414 0.0000000056
55579 0.0000000047
55623 0.0000000044
55792 0.0000000044
55798 0.0000000041
55835 0.0000000038
55859 0.0000000037
55882 0.0000000035
55889 0.0000000029
55952 0.0000000026
56013 0.0000000021
56165 0.0000000019
56315 0.0000000017
56395 0.0000000017
56448 0.0000000016
56461 0.0000000014
56514 0.0000000011
56556 0.0000000011
56611 0.0000000010
56771 0.0000000009
56772 0.0000000009
56863 0.0000000009
56939 0.0000000008
56964 0.0000000008
57194 0.0000000004
57583 0.0000000003
57754 0.0000000002
57965 0.0000000002
57995 0.0000000002
57999 0.0000000002
58061 0.0000000002
58113 0.0000000002
58136 0.0000000001
58217 0.0000000001
58339 0.0000000001
58402 0.0000000001
58433 0.0000000001
58540 0.0000000001
58595 0.0000000001
58618 0.0000000001
58808 0.0000000001
58823 0.0000000001
58842 0.0000000001
58922 0.0000000001
59106 0.0000000001
59182 0.0000000000
59278 0.0000000000
59293 0.0000000000
59317 0.0000000000
59636 0.0000000000
59873 0.0000000000
59966 0.0000000000
59980 0.0000000000
60098 0.0000000000
60146 0.0000000000
60233 0.0000000000
60267 0.0000000000
60313 0.0000000000
60396 0.0000000000
60400 0.0000000000
60525 0.0000000000
60617 0.0000000000
60672 0.0000000000
60750 0.0000000000
60984 0.0000000000
61042 0.0000000000
61268 0.0000000000
61326 0.0000000000
61356 0.0000000000
61376 0.0000000000
61504 0.0000000000
61507 0.0000000000
61527 0.0000000000
61819 0.0000000000
61941 0.0000000000
61976 0.0000000000
61999 0.0000000000
62246 0.0000000000
62317 0.0000000000
62360 0.0000000000
62579 0.0000000000
62713 0.0000000000
63120 0.0000000000
63797 0.0000000000
evaluations raw_y
1 82743.1484233858
18 78840.2519482797
57 4983.0684726683
130 1579.9971418496
21786 1562.5008528390
22003 1535.7998957696
22151 1495.6940603362
22285 1459.7456483223
22404 1457.9703558650
22425 1418.0674010193
22571 1386.5170042080
22635 1379.0638636214
22649 1369.4138079867
22656 1322.8867333062
22679 1314.0844285890
22731 1309.5675988036
22736 1263.7317586839
22798 1256.1303075104
22817 1254.8617184884
22836 1240.4605555161
22852 1224.5932131839
22861 1213.8085961350
22893 1206.3579815757
22906 1182.9604005279
22918 1155.9164143636
22939 1154.2216386232
22982 1149.7507633978
22987 1125.0730861290
22994 1113.7160796514
23013 1107.9128455648
23021 1094.0902155053
23034 1080.6541629034
23059 1068.7696129289
23071 1068.1975639580
23088 1063.7935447582
23093 1035.4915802381
23111 1026.7570920484
23116 1020.7971291720
23146 1018.1482390348
23149 1015.2897502360
23160 985.0760622809
23215 970.5499158602
23216 956.2395202369
23291 950.6123140972
23292 923.9453036871
23319 898.6750117436
23413 895.8000832850
23431 888.2101435858
23433 862.0892219704
23743 847.2126194554
23775 813.2749866269
23795 801.8796133801
23895 792.3709010565
24026 789.5447080069
24035 786.5258375917
24062 782.3231401530
24071 774.0404344909
24087 765.6302364149
24104 758.3443472434
24113 755.5538713159
24121 751.1658389196
24130 748.7612216587
24147 747.6162655007
24151 743.5740052099
24185 740.7879132743
24237 739.1842462390
24305 734.9825627136
24427 725.4000509719
24432 724.1947152708
24531 722.9741879965
24550 705.3254512431
24612 699.8972013162
24635 699.7951614844
24682 679.5976536152
24685 665.2926523183
24719 659.4028016906
24743 657.1460442906
24746 627.8437535373
24799 604.9130222390
24831 576.6734722356
24862 568.9131872015
24864 554.0306793827
24889 541.0283878791
24926 506.1556182602
24972 493.8509085978
25021 451.7669266400
25044 450.7562042902
25055 448.2949940734
25061 442.1950948527
25072 419.2332946914
25086 406.9321990521
25117 406.7665965958
25118 406.1559319053
25120 393.0918938437
25151 381.9171235767
25155 371.0222072899
25169 347.0839810115
25205 346.2191213309
25210 343.9806042349
25213 323.4323260150
25459 307.8480112912
25486 302.2672223219
25537 281.3676247779
25567 271.6734040840
25980 269.6221374479
26016 268.3692562302
26034 267.6764304962
26047 252.9312790996
26086 250.3554960405
26146 244.6052107497
26167 228.3589188063
26180 214.0900504312
26182 210.3257492984
26194 195.6226622196
26272 192.6366022415
26287 185.9566692023
26339 183.4609846040
26489 170.9917654949
26565 158.0043266810
26589 157.6920584576
26645 149.6848961597
26655 141.8581151268
26675 139.1792550049
26691 129.3958718823
26705 123.2396447396
26756 106.6785357955
26873 100.3753625859
26887 92.8725184184
26951 86.8854083338
26957 85.6885211689
27168 83.9124347343
27170 83.3994223494
27183 78.2555243247
27186 75.8440813669
27234 71.9749338657
27259 67.2081314362
27277 60.3070989610
27438 56.1337857848
27935 53.3571843921
27956 50.9131415426
28150 48.6000305599
28184 47.0622156092
28246 43.3577208817
28735 42.2758266959
28811 36.7105498372
28840 36.0998377793
28923 34.5499480735
29057 33.7920722629
29063 31.5168538811
29071 31.4033666436
29085 31.2720574813
29105 31.0804289966
29145 30.6267813853
29151 29.4702021497
29224 29.0906517804
29237 27.3050712829
29279 27.0603430609
29314 27.0217997999
29376 25.1649565489
29409 23.9566479042
29458 23.8564684640
29489 23.6263056682
29559 22.2254320280
29577 21.5429959221
29733 21.4605634753
29816 21.4415720132
29821 21.0733323681
29878 19.6872938054
29919 19.1404718580
29991 18.1534580942
30080 17.6281677104
30174 17.5808638590
30220 16.5862790937
30238 16.2162028293
30325 15.4629959987
30384 14.8378158031
30462 13.0945745443
30595 12.4748208797
30694 12.3839371027
30797 12.1330614197
30929 10.7042399745
31012 10.5144305899
31045 9.3381025699
31219 9.3279820742
31715 8.7865620275
31729 8.7063348952
31828 6.9315494738
32059 6.5323348922
32065 6.1366225367
32177 4.9517509429
32643 4.3428441014
33064 3.8278040500
33375 3.8077125928
33560 3.7667373879
33644 3.2173987791
33744 3.1263349808
33809 2.7694557897
33903 2.7085410476
34000 2.5827068952
34168 2.5217317439
34188 2.0196396046
34291 1.8291661750
34314 1.8019191890
34840 1.7541856546
34934 1.5766690320
35034 1.5103118588
35226 1.4020834672
35310 1.3805315686
35330 1.2039508621
35412 1.1709645205
35537 1.1112917206
35775 1.0702482522
35885 1.0562065714
35954 0.9444044455
36143 0.8120380669
36505 0.7507269809
36558 0.7324208371
36600 0.6103935052
36704 0.5838836294
36772 0.5769466789
36773 0.5739831828
36807 0.5411845725
36819 0.5405999874
36865 0.5074655610
36902 0.4685054097
37186 0.4282754550
37265 0.4142790541
37300 0.3570957796
37352 0.2629573674
37673 0.2517198583
37757 0.2510887171
37846 0.2474262453
38007 0.2469341853
38051 0.2041814342
38116 0.1534877047
38519 0.1420132754
38559 0.1354861837
38720 0.1326259557
38723 0.1228832666
38749 0.1199190005
38789 0.1051121542
38867 0.1032789503
39021 0.1030901648
39051 0.0991958535
39186 0.0949478408
39197 0.0933480271
39255 0.0915616572
39279 0.0868537967
39283 0.0860612394
39337 0.0789334111
39377 0.0726743359
39578 0.0721937865
39597 0.0642044546
39757 0.0613873624
39808 0.0584136105
40005 0.0552762380
40103 0.0531486940
40164 0.0438433894
40283 0.0397533240
40546 0.0396578561
40571 0.0378179514
40586 0.0364327367
40684 0.0355304494
40750 0.0324759409
41018 0.0323206120
41032 0.0286544333
41163 0.0239228312
41314 0.0223740112
41411 0.0221736625
41423 0.0216220433
41447 0.0207298861
41465 0.0194281458
41600 0.0191838974
41617 0.0158350095
41789 0.0138026420
41911 0.0132704418
41969 0.0108130394
42018 0.0095850540
42174 0.0094923061
42288 0.0064750009
42418 0.0064314368
42468 0.0056145667
42846 0.0041375164
43383 0.0037123276
43512 0.0032610178
43640 0.0032178321
43656 0.0031499024
43732 0.0031246465
43798 0.0030970577
43879 0.0027409371
43900 0.0027243270
43944 0.0026381601
43974 0.0024079251
44054 0.0019749731
44402 0.0018291546
44431 0.0017555211
44462 0.0015916230
44700 0.0015030412
44817 0.0013967382
44822 0.0013413335
44842 0.0011195538
45033 0.0011139449
45097 0.0010141213
45110 0.0009130364
45160 0.0009078847
45236 0.0008759619
45316 0.0008719492
45329 0.0008636400
45456 0.0008109146
45504 0.0007606460
45595 0.0007402887
45599 0.0007294567
45679 0.0007049040
45700 0.0006902346
45728 0.0006724173
45812 0.0006402372
45981 0.0005914086
46007 0.0005890743
46038 0.0005028467
46160 0.0004984233
46174 0.0004293499
46277 0.0004098135
46360 0.0003945639
46413 0.0003783619
46443 0.0003707631
46451 0.0003409407
46540 0.0003232402
46669 0.0003157843
46673 0.0002397490
46952 0.0002377779
47097 0.0002254858
47196 0.0001696467
47369 0.0001439401
47671 0.0001412314
47712 0.0001401794
47741 0.0001359203
47780 0.0001341343
47784 0.0001281222
47836 0.0001100180
47994 0.0001095360
48084 0.0001010035
48111 0.0000984593
48168 0.0000863430
48248 0.0000788917
48337 0.0000718187
48372 0.0000704781
48446 0.0000700966
48518 0.0000682057
48523 0.0000672463
48546 0.0000651331
48640 0.0000635018
48726 0.0000602847
48735 0.0000597495
48757 0.0000566995
48808 0.0000487538
48968 0.0000459315
49056 0.0000458301
49116 0.0000431834
49139 0.0000387358
49355 0.0000382787
49397 0.0000347997
49421 0.0000347229
49464 0.0000319186
49468 0.0000310899
49537 0.0000299054
49584 0.0000286771
49588 0.0000253253
49665 0.0000204650
49830 0.0000195841
49864 0.0000176138
49937 0.0000174196
50040 0.0000171294
50052 0.0000162210
50092 0.0000151467
50236 0.0000130700
50345 0.0000120858
50396 0.0000120313
50528 0.0000105297
50577 0.0000098067
50607 0.0000097400
50658 0.0000087369
50804 0.0000080429
50849 0.0000078306
50883 0.0000076497
50984 0.0000064319
51200 0.0000054025
51501 0.0000046542
51647 0.0000044332
51816 0.0000032341
52166 0.0000031857
52190 0.0000028539
52296 0.0000028107
52371 0.0000025727
52515 0.0000019720
52621 0.0000017493
52825 0.0000015769
52830 0.0000013898
52987 0.0000012064
53055 0.0000010382
53198 0.0000009331
53244 0.0000006442
53776 0.0000005787
53928 0.0000004767
54135 0.0000004465
54136 0.0000004394
54237 0.0000004143
54269 0.0000003379
54320 0.0000002928
54534 0.0000002916
54568 0.0000002807
54680 0.0000002736
54683 0.0000002605
54708 0.0000002184
54880 0.0000002009
55005 0.0000001996
55032 0.0000001866
55094 0.0000001636
55154 0.0000001430
55206 0.0000001346
55276 0.0000001147
55348 0.0000001115
55403 0.0000001105
55425 0.0000001088
55444 0.0000001084
55465 0.0000001002
55505 0.0000000953
55529 0.0000000610
55821 0.0000000550
55897 0.0000000543
55919 0.0000000457
56034 0.0000000452
56162 0.0000000450
56242 0.0000000434
56251 0.0000000384
56362 0.0000000324
56364 0.0000000289
56437 0.0000000280
56518 0.0000000270
56633 0.0000000233
56640 0.0000000181
56762 0.0000000117
57068 0.0000000111
57216 0.0000000083
57469 0.0000000080
57526 0.0000000079
57540 0.0000000079
57562 0.0000000072
57584 0.0000000059
57682 0.0000000055
57798 0.0000000047
57879 0.0000000047
57991 0.0000000036
58320 0.0000000034
58344 0.0000000033
58406 0.0000000024
58617 0.0000000023
58630 0.0000000021
58672 0.0000000016
58945 0.0000000013
59193 0.0000000011
59258 0.0000000011
59275 0.0000000010
59306 0.0000000009
59362 0.0000000008
59422 0.0000000007
59620 0.0000000007
59665 0.0000000006
59691 0.0000000006
59725 0.0000000006
59758 0.0000000005
59778 0.0000000005
59890 0.0000000005
59964 0.0000000005
60033 0.0000000005
60050 0.0000000004
60069 0.0000000004
60072 0.0000000003
60107 0.0000000003
60184 0.0000000003
60246 0.0000000002
60310 0.0000000002
60438 0.0000000002
60514 0.0000000002
60606 0.0000000002
60718 0.0000000001
60722 0.0000000001
61113 0.0000000001
61316 0.0000000001
61412 0.0000000001
61424 0.0000000001
61426 0.0000000001
61439 0.0000000000
61589 0.0000000000
61724 0.0000000000
61794 0.0000000000
61825 0.0000000000
61959 0.0000000000
61967 0.0000000000
62041 0.0000000000
62194 0.0000000000
62241 0.0000000000
62330 0.0000000000
62500 0.0000000000
62665 0.0000000000
62685 0.0000000000
62720 0.0000000000
62759 0.0000000000
62856 0.0000000000
62907 0.0000000000
62916 0.0000000000
62977 0.0000000000
63046 0.0000000000
63355 0.0000000000
63406 0.0000000000
63443 0.0000000000
63460 0.0000000000
63962 0.0000000000
64063 0.0000000000
64115 0.0000000000
64117 0.0000000000
64187 0.0000000000
64447 0.0000000000
64527 0.0000000000
64610 0.0000000000
64657 0.0000000000
64663 0.0000000000
64698 0.0000000000
64709 0.0000000000
64716 0.0000000000
64801 0.0000000000
64918 0.0000000000
64953 0.0000000000
65022 0.0000000000
65095 0.0000000000
65251 0.0000000000
65339 0.0000000000
65422 0.0000000000
65444 0.0000000000
65473 0.0000000000
65585 0.0000000000
65594 0.0000000000
65661 0.0000000000
65809 0.0000000000
65903 0.0000000000
66025 0.0000000000
66054 0.0000000000
66204 0.0000000000
66393 0.0000000000
67021 0.0000000000
67903 0.0000000000
evaluations raw_y
1 55423732.7112016082
2 18913019.7397144921
10 219551.9910579633
30 1736.6055888810
22902 1728.7034229732
22912 1701.3126740197
22918 1665.7279760237
22930 1619.1632787742
22938 1612.7175197369
22977 1519.8091672586
23029 1504.3538493371
23048 1424.6083623273
23103 1418.4010642815
23120 1354.2679536772
23224 1320.4606735994
23245 1313.6676194418
23256 1312.8138414424
23363 1249.7956078025
23535 1249.5711600267
23558 1207.7342178176
23699 1193.0797919308
23761 1186.0920963256
23789 1154.2906551716
23798 1144.4713603438
23807 1126.3868293108
23879 1093.1660841673
23900 1091.7961780207
23909 1075.1533914083
23937 1063.0991086901
23943 1050.0791727605
23962 1001.5720801312
24074 1000.7616328011
24095 998.1088788117
24106 995.0966116925
24141 961.1534319420
24156 934.3467440920
24211 904.4758785113
24348 890.5409856357
24419 879.1941888008
24487 870.9779671297
24562 857.8954899266
24578 843.7750668844
24614 831.4370906537
24623 827.4749418863
24645 820.2588801244
24677 792.9642993522
24694 792.4648761267
24702 778.1201051532
24741 777.8632958829
24745 774.1126527692
24763 767.0846740737
24870 764.3318202962
24878 762.8534565798
24903 762.8099010521
24939 760.9732911713
25011 760.3939173852
25014 730.6482665400
25043 723.2700525955
25064 704.1022969230
25079 698.9436452216
25104 683.3662978138
25200 682.1267363241
25206 668.3244568910
25208 663.3793286681
25245 650.8610210192
25313 645.6623030222
25336 640.2167377852
25344 618.5611938251
25353 597.3027614682
25472 579.4497306095
25513 575.3939062396
25629 556.7674987219
25722 542.1377962854
25723 533.1206830651
25741 523.0159942189
25755 506.1406624913
25771 500.4348870280
25782 499.8412962087
25900 497.2483083419
25910 492.6910573998
26031 471.4287737119
26058 435.4529359596
26101 421.6451313973
26137 407.6837789936
26179 406.4888898048
26193 364.0987043867
26717 353.5607457787
26742 352.5699852435
26758 351.0554877381
26788 349.8559935697
26935 347.8550976898
26946 339.6483090989
26986 330.2680999094
27005 320.8368190069
27032 320.6925767320
27048 312.9177371421
27080 311.2672938539
27093 305.6686449595
27187 292.2811930980
27233 286.0933419230
27250 273.9459178746
27292 260.9892680909
27401 255.0304551807
27410 254.7254626115
27442 249.2887523244
27451 241.1262830328
27499 234.3517686791
27512 233.2029117904
27572 225.3857350932
27650 225.1870070017
27667 221.6299377464
27714 217.8278917121
27716 215.9895663490
27748 214.5790172394
27788 213.8744669537
27821 211.4381477234
27839 202.6033456381
27860 202.3609153084
27871 197.7195378105
27902 185.9451880565
27977 185.3750232175
28201 183.2814819343
28214 176.9107781364
28222 164.5576490100
28254 162.4001920244
28259 158.2822005953
28271 155.5934471328
28283 152.7864739415
28294 150.5278309980
28302 149.7755616497
28315 148.7290860248
28325 143.5338186003
28495 140.7616980971
28513 139.4632619613
28569 137.8519422597
28610 135.6792196265
28669 131.2585075421
28692 129.8425501251
28694 127.5665876143
28721 126.0003030339
28735 123.0569800141
28745 121.7173270024
28757 115.1396294623
28780 106.5380184446
28810 103.8785219752
28960 101.1461946274
28961 99.6747162439
28979 97.1984000833
28994 94.1963368090
29006 93.0120438870
29010 91.2466607580
29011 85.9259256529
29038 83.5137169770
29066 81.0651612429
29121 80.5808326878
29147 78.5087549142
29154 74.0331226147
29241 73.7977869032
29292 72.2081562837
29305 71.2138652274
29370 70.9985982786
29371 70.0779466295
29393 66.4931379721
29417 66.3484541098
29435 62.3620941680
29491 60.3375276708
29557 56.7615925721
29585 52.8856988528
29691 51.8290758477
29718 49.2278483883
30226 47.7714785264
30332 46.8598595183
30355 45.9788201828
30439 45.1815070107
30460 43.6597346064
30483 42.7322008064
30493 41.4635928635
30531 41.4237327090
30544 40.2968228720
30590 40.0074764644
30625 39.2646643907
30628 38.9183557102
30670 37.8301431631
30736 37.6066377143
30742 37.0041292780
30762 35.7766966826
30768 31.2452761908
30933 28.5952453309
31062 28.1090652616
31111 27.8274769100
31113 27.4453821882
31188 23.1353522129
31407 22.0606712551
31472 20.4465344849
31711 17.8287975670
31917 17.1767329001
31924 16.8782522626
31973 16.4539754240
32097 15.1106517399
32189 13.3892669014
32197 13.3298863635
32256 13.2420518049
32275 11.2629461297
32530 10.7249204344
32574 8.7435847357
32733 7.4625433719
33082 7.0865538207
33133 6.0997157113
33232 5.4101973294
33463 4.4472109567
33536 4.3585044401
33791 3.3310317194
34705 2.9756198564
34905 2.9459166704
34909 2.9426092133
35125 2.8811065090
35238 2.5919142002
35277 2.3340532591
35607 2.3152863587
35735 1.9636013443
35846 1.9454992295
35872 1.7971517651
35914 1.6596140688
36126 1.5987520431
36396 1.5103068810
36405 1.4546121146
36407 1.4405459342
36427 1.2169128134
36748 1.0169045481
36871 0.8154799282
36935 0.7803495416
37313 0.6178233618
37351 0.6071318473
37493 0.5918570462
37678 0.5834857543
37847 0.5801760966
37877 0.5599637662
37922 0.5312333774
37931 0.4878971990
37970 0.4847504468
38010 0.4656701475
38110 0.4441859218
38162 0.4307004768
38281 0.4234228275
38368 0.4036360785
38639 0.3922258558
38672 0.3502883280
38854 0.3419776023
38908 0.3418844505
38958 0.3375466211
38972 0.2973632598
38985 0.2874389631
39016 0.2794861378
39067 0.2785598561
39092 0.2762309979
39155 0.2368208490
39457 0.2343414530
39542 0.2231012432
39571 0.2056478952
39743 0.2004813426
39841 0.1777612158
40112 0.1763003318
40219 0.1623261516
40271 0.1601039160
40296 0.1530645237
40412 0.1504075677
40418 0.1347053438
40465 0.1098937107
40790 0.1072671578
40812 0.0973456673
40882 0.0804772917
41044 0.0663567994
41359 0.0620727017
42289 0.0585612047
42379 0.0527099191
42407 0.0484502744
42481 0.0436951282
42757 0.0436636367
42789 0.0434234563
42838 0.0415265955
42913 0.0404816245
43074 0.0392049265
43090 0.0358456234
43237 0.0323629611
43329 0.0318463167
43442 0.0270510302
43498 0.0245955786
43560 0.0229267476
43678 0.0217505012
43792 0.0215663821
44016 0.0212762697
44021 0.0200709938
44061 0.0185486502
44069 0.0179230146
44094 0.0173063760
44155 0.0168379968
44384 0.0160735621
44398 0.0150905088
44412 0.0149617337
44471 0.0133882031
44500 0.0133688635
44527 0.0120246236
44683 0.0109280339
44820 0.0102202252
44956 0.0099446278
45047 0.0087745815
45280 0.0085754489
45382 0.0084777658
45538 0.0082133536
45559 0.0074247426
45705 0.0063053665
45739 0.0056225242
45883 0.0044661169
46432 0.0044606360
46618 0.0043429057
46681 0.0042248187
46750 0.0034595718
46764 0.0034553405
46879 0.0031024672
47006 0.0025706165
47056 0.0021483071
47071 0.0019797304
47213 0.0019247625
47290 0.0017696899
47336 0.0015971069
47737 0.0015543544
47766 0.0014770629
47833 0.0011415566
47999 0.0009881899
48089 0.0009521201
48161 0.0009351104
48163 0.0009019198
48242 0.0008160634
48667 0.0007667608
48708 0.0007396509
48763 0.0006914566
48780 0.0006810503
48792 0.0006381592
48878 0.0006363305
48880 0.0005724457
48943 0.0004857627
48995 0.0003944893
49143 0.0003308026
49362 0.0003136533
49386 0.0002957874
49624 0.0002639419
49744 0.0002104017
50159 0.0002083246
50309 0.0002039740
50361 0.0002034548
50363 0.0001933238
50380 0.0001498361
50451 0.0001318515
50455 0.0001163684
50653 0.0001055723
50786 0.0001045917
51066 0.0001005597
51154 0.0000969947
51207 0.0000941624
51223 0.0000850277
51234 0.0000828371
51269 0.0000655125
51418 0.0000615321
51430 0.0000612982
51457 0.0000516453
51590 0.0000503616
51640 0.0000447680
51669 0.0000446168
51680 0.0000224546
52352 0.0000184213
52427 0.0000183635
52530 0.0000180864
52655 0.0000158920
52779 0.0000140642
52961 0.0000130975
53071 0.0000119355
53119 0.0000105066
53189 0.0000095703
53339 0.0000086057
53353 0.0000077433
53516 0.0000073738
53534 0.0000070314
53547 0.0000064600
53669 0.0000064357
53723 0.0000061277
53807 0.0000047588
53982 0.0000046646
54003 0.0000043202
54086 0.0000033860
54272 0.0000030604
54300 0.0000030425
54420 0.0000029357
54497 0.0000026556
54638 0.0000026468
54710 0.0000023879
54712 0.0000023270
54718 0.0000022761
54727 0.0000022443
54781 0.0000016746
54939 0.0000014937
55074 0.0000014908
55105 0.0000010895
55656 0.0000010435
55670 0.0000010305
55698 0.0000009835
55702 0.0000009071
55765 0.0000009022
55805 0.0000008756
55852 0.0000008159
55889 0.0000006814
56099 0.0000006521
56106 0.0000005157
56139 0.0000004408
56168 0.0000004203
56298 0.0000003861
56355 0.0000003591
56375 0.0000003380
56482 0.0000003334
56532 0.0000003277
56551 0.0000002934
56565 0.0000002806
56605 0.0000002467
56686 0.0000002323
56694 0.0000002020
56893 0.0000001828
56949 0.0000001728
57073 0.0000001725
57128 0.0000001710
57149 0.0000001118
57387 0.0000000780
57511 0.0000000745
57629 0.0000000733
57634 0.0000000717
57657 0.0000000701
57696 0.0000000484
57930 0.0000000471
57958 0.0000000458
58015 0.0000000416
58070 0.0000000362
58146 0.0000000306
58288 0.0000000268
58478 0.0000000224
58484 0.0000000199
58806 0.0000000174
58818 0.0000000165
58868 0.0000000159
58958 0.0000000157
58961 0.0000000155
58965 0.0000000146
58972 0.0000000122
59055 0.0000000110
59169 0.0000000106
59179 0.0000000103
59192 0.0000000099
59272 0.0000000088
59280 0.0000000079
59408 0.0000000079
59441 0.0000000078
59486 0.0000000059
59511 0.0000000059
59615 0.0000000057
59640 0.0000000053
59697 0.0000000041
59741 0.0000000039
59939 0.0000000033
59957 0.0000000032
60104 0.0000000030
60160 0.0000000028
60178 0.0000000027
60238 0.0000000024
60258 0.0000000021
60402 0.0000000020
60458 0.0000000020
60465 0.0000000020
60524 0.0000000013
60602 0.0000000013
60706 0.0000000013
60753 0.0000000012
60779 0.0000000010
60784 0.0000000007
60988 0.0000000007
61021 0.0000000006
61142 0.0000000005
61234 0.0000000004
61550 0.0000000004
61563 0.0000000004
61630 0.0000000004
61683 0.0000000004
61692 0.0000000004
61737 0.0000000003
61748 0.0000000002
61963 0.0000000002
62060 0.0000000002
62079 0.0000000002
62173 0.0000000002
62218 0.0000000001
62266 0.0000000001
62357 0.0000000001
62506 0.0000000001
62538 0.0000000001
62562 0.0000000001
62625 0.0000000001
62736 0.0000000001
62874 0.0000000001
62929 0.0000000000
62952 0.0000000000
62964 0.0000000000
63019 0.0000000000
63028 0.0000000000
63147 0.0000000000
63246 0.0000000000
63260 0.0000000000
63438 0.0000000000
63483 0.0000000000
63497 0.0000000000
63541 0.0000000000
63585 0.0000000000
63594 0.0000000000
63697 0.0000000000
63737 0.0000000000
64052 0.0000000000
64099 0.0000000000
64134 0.0000000000
64160 0.0000000000
64211 0.0000000000
64248 0.0000000000
64354 0.0000000000
64552 0.0000000000
64579 0.0000000000
64588 0.0000000000
64591 0.0000000000
64799 0.0000000000
64923 0.0000000000
64927 0.0000000000
64992 0.0000000000
65004 0.0000000000
65082 0.0000000000
65188 0.0000000000
65226 0.0000000000
65255 0.0000000000
65297 0.0000000000
65459 0.0000000000
65484 0.0000000000
65631 0.0000000000
65678 0.0000000000
65856 0.0000000000
65858 0.0000000000
66302 0.0000000000
66400 0.0000000000
66445 0.0000000000
66660 0.0000000000
66712 0.0000000000
66754 0.0000000000
66809 0.0000000000
66903 0.0000000000
67157 0.0000000000
67241 0.0000000000
67311 0.0000000000
67325 0.0000000000
67347 0.0000000000
67430 0.0000000000
67592 0.0000000000
67632 0.0000000000
67789 0.0000000000
67874 0.0000000000
67941 0.0000000000
68443 0.0000000000
68746 0.0000000000
69448 0.0000000000
evaluations raw_y
1 132654.3276674715
8 28033.4890000950
25 18894.2389445577
45 1114.7149253331
179 1021.2496695922
306 971.0092314307
2574 3006507.5002718191
evaluations raw_y
1 756988.3258743571
11 12497.0839004534
27 740.6508908775
21898 731.9461381875
21925 720.6815729424
21940 716.1546193517
21945 701.9169742373
21965 696.7282235927
22011 692.1826275199
22021 667.4818913759
22028 663.9248714256
22037 662.2857919969
22040 658.2818093069
22043 657.2673963173
22047 622.7878630223
22114 620.0006347555
22128 615.0957504157
22139 610.0502107859
22160 595.3078245749
22201 589.9714148210
22204 588.9126956846
22205 585.4355310876
22207 583.1566153065
22214 573.8246471868
22220 570.8424205332
22234 552.7126601207
22263 533.8085038698
22363 501.7845722313
22378 496.2768993674
22388 474.6143979487
22433 471.1308372554
22444 468.4982993700
22456 462.6520463015
22460 447.6533490723
22485 425.5949781371
22500 410.9461406869
22515 389.2722857450
22527 382.8491114358
22537 372.2516789643
22541 369.8572947563
22544 355.6760326012
22556 340.4608313759
22685 326.0180745411
22704 322.0869714066
22725 307.1074887615
23205 307.0015168723
23308 286.7405432914
23340 286.6063042021
23361 274.4985602876
23409 267.5247729219
23506 265.9861634384
23539 260.2993668310
23575 253.1593651700
23719 247.9979275012
23734 245.1981266088
23770 245.0577999380
23773 238.9479554935
23789 236.7941940794
23801 235.8826845548
23822 224.5137997394
23834 219.4891598272
23848 218.8840978753
23921 213.2098031637
24035 208.3754953130
24070 192.5772351559
24137 191.1297324667
24138 189.7693349302
24141 181.2022128608
24168 175.2538830866
24169 172.9570835738
24177 161.2392327797
24187 157.5254039466
24199 153.9218625301
24211 150.8925930233
24254 150.6807828136
24267 145.5847401305
24277 142.7582070535
24282 140.3186821656
24303 133.9594422020
24322 128.8586053973
24329 124.6560258822
24408 123.6425071691
24417 114.3342100898
24444 109.5099751357
24466 106.9223995886
24492 106.3171163706
24505 105.0667613787
24520 100.0347122597
24531 90.7829449259
24679 87.8561028817
24726 86.7106242597
24912 83.0137626435
24922 82.3913687984
24924 81.0991049337
24948 79.8920324265
24982 79.5544722365
24983 77.0972433180
24996 74.4272009991
25018 69.9057141284
25058 69.3341300635
25069 66.4088438223
25071 63.2113182385
25121 59.2285592458
25160 54.8510060080
25266 44.6425499268
25346 44.5900863953
25366 43.5631195133
25403 40.2640436201
25563 37.7997877314
25601 37.7169244392
25751 37.5474986542
25767 36.7751482877
25769 33.8134285108
25796 32.8308188440
25818 32.0159882282
25875 31.5983245096
25962 31.5585594048
25968 31.2099042578
25995 31.0059311413
25997 28.0461251514
26024 27.5223403113
26112 23.8697706415
26267 23.3077286675
26296 23.0652601812
26333 22.1860051517
26440 21.6795170990
26446 21.2720211918
26461 20.1314690133
26497 20.0875602691
26506 19.3515260765
26574 18.9972929319
26638 18.6484255928
26678 18.2766488334
26749 16.3309530343
26808 15.6889355395
26813 14.6959446335
26882 14.0427491819
26955 13.0064971074
27009 10.8671594697
27079 10.8307239608
27167 10.5810171395
27237 10.3296408249
27279 10.2045562354
27309 9.7316700069
27389 9.1485021210
27451 8.7645055099
27838 7.5598007730
27956 5.7017548796
28165 5.2160273510
28255 5.1751253441
28276 5.0319671911
28374 4.9098701644
28515 4.5749730295
28692 4.5659962104
28738 4.1541389305
28774 3.6374791044
28820 3.5116222359
29019 3.2741584675
29321 3.1826986903
29394 2.8774148867
29620 2.3410641492
30007 1.9946142985
30069 1.9731456213
30080 1.9551121965
30098 1.8904203911
30110 1.7631477787
30139 1.7334660645
30186 1.6458693013
30723 1.5684445418
30735 1.4552847317
30863 1.3991261920
30882 1.3898007669
30894 1.3128655677
30941 1.3031243646
30960 1.2801816297
30999 1.2393710585
31011 1.2093902424
31039 1.1129558118
31156 1.1011708215
31200 1.0843632170
31231 0.9864061504
31410 0.9694936895
31435 0.9692442196
31436 0.8769389141
31497 0.7795236409
31629 0.7071940032
31772 0.7011481041
32025 0.6403828329
32048 0.6292692397
32074 0.5337041330
32244 0.4687892859
32698 0.4443834186
32717 0.4282859198
32744 0.3797950232
32773 0.3695693070
32844 0.2971610769
33035 0.2621306892
33148 0.2604357153
33158 0.2386833151
33253 0.1803847793
33726 0.1574831281
33943 0.1373583196
33953 0.1107316806
34142 0.1070203398
34426 0.0840657797
34924 0.0818276168
34959 0.0773447190
35004 0.0696532346
35118 0.0690437066
35134 0.0621835649
35190 0.0606283838
35205 0.0584705511
35273 0.0496680929
35447 0.0492460431
35471 0.0429530702
35487 0.0397317705
35557 0.0392040939
35589 0.0387972446
35641 0.0376359643
35685 0.0344587506
35687 0.0294278322
35847 0.0283424143
36263 0.0273190037
36264 0.0199979194
36681 0.0183955942
36725 0.0168650730
36802 0.0143639698
37000 0.0136119922
37032 0.0134390931
37065 0.0131197789
37103 0.0130816002
37106 0.0128559604
37148 0.0127637343
37181 0.0120513873
37198 0.0115554456
37203 0.0101146539
37217 0.0094288290
37328 0.0089490417
37330 0.0083749878
37409 0.0081126470
37432 0.0065251090
37538 0.0060097777
37576 0.0050801031
37773 0.0046837677
37796 0.0042922894
38143 0.0037938963
38195 0.0035614837
38249 0.0034133596
38450 0.0034117801
38456 0.0032131664
38464 0.0030300752
38482 0.0029959291
38525 0.0029382640
38563 0.0026218211
38594 0.0024070356
38604 0.0023875473
38654 0.0021411684
38889 0.0018228428
38947 0.0017183942
39045 0.0016045974
39133 0.0015941050
39180 0.0015907266
39190 0.0015281191
39244 0.0015025858
39283 0.0013827714
39321 0.0013621470
39398 0.0013244540
39403 0.0012574260
39422 0.0011130610
39579 0.0010687259
39605 0.0010602106
39630 0.0010303164
39657 0.0010290592
39824 0.0009906937
39876 0.0008665091
40013 0.0008282413
40033 0.0008246155
40034 0.0007043413
40072 0.0007037397
40138 0.0006425401
40145 0.0005743190
40146 0.0005378576
40251 0.0005170244
40292 0.0005070099
40296 0.0004909014
40350 0.0003914603
40712 0.0003680986
40745 0.0003375128
40895 0.0003094284
41183 0.0002921327
41206 0.0002744408
41298 0.0002399848
41332 0.0002184655
41431 0.0001744935
41616 0.0001071013
41895 0.0000946312
42376 0.0000940796
42419 0.0000711770
42517 0.0000706122
42537 0.0000656842
42609 0.0000602150
42639 0.0000567349
42651 0.0000480805
42680 0.0000463561
42689 0.0000359906
42694 0.0000311995
43130 0.0000290492
43284 0.0000237035
43438 0.0000185949
43667 0.0000144623
43674 0.0000124108
44068 0.0000121624
44100 0.0000117526
44156 0.0000101375
44181 0.0000086358
44258 0.0000085834
44339 0.0000078736
44364 0.0000078177
44425 0.0000069064
44473 0.0000061208
44510 0.0000060588
44653 0.0000060062
44724 0.0000053189
44772 0.0000048147
44793 0.0000040777
44903 0.0000036254
45051 0.0000036040
45079 0.0000030576
45125 0.0000030515
45217 0.0000029116
45285 0.0000027914
45315 0.0000020814
45397 0.0000020321
45541 0.0000018310
45605 0.0000016988
45626 0.0000015195
45769 0.0000015061
45905 0.0000008286
46471 0.0000007568
46682 0.0000005250
46867 0.0000005037
46917 0.0000004873
46926 0.0000004542
46985 0.0000004304
47061 0.0000004286
47067 0.0000004051
47101 0.0000003698
47206 0.0000003407
47316 0.0000003201
47348 0.0000003173
47471 0.0000002996
47528 0.0000002776
47558 0.0000002700
47653 0.0000002531
47705 0.0000001988
47709 0.0000001891
47749 0.0000001699
47964 0.0000001270
48439 0.0000001170
48618 0.0000000993
48663 0.0000000853
48748 0.0000000834
48751 0.0000000776
48804 0.0000000628
48858 0.0000000575
48892 0.0000000568
48989 0.0000000497
49003 0.0000000485
49034 0.0000000431
49035 0.0000000322
49476 0.0000000280
49487 0.0000000205
49591 0.0000000186
49624 0.0000000182
49822 0.0000000174
49839 0.0000000169
49858 0.0000000165
49874 0.0000000157
49950 0.0000000149
49971 0.0000000093
50141 0.0000000083
50275 0.0000000077
50343 0.0000000070
50457 0.0000000064
50473 0.0000000061
50529 0.0000000047
50690 0.0000000047
50733 0.0000000046
50787 0.0000000040
50833 0.0000000038
50883 0.0000000036
50956 0.0000000035
50968 0.0000000034
51068 0.0000000034
51076 0.0000000033
51169 0.0000000027
51317 0.0000000027
51350 0.0000000025
51368 0.0000000024
51413 0.0000000023
51416 0.0000000020
51487 0.0000000018
51507 0.0000000018
51517 0.0000000015
51523 0.0000000013
51536 0.0000000012
51762 0.0000000011
51858 0.0000000008
52021 0.0000000007
52076 0.0000000007
52112 0.0000000006
52150 0.0000000005
52452 0.0000000005
52606 0.0000000004
52728 0.0000000004
52823 0.0000000003
52858 0.0000000003
52891 0.0000000003
52907 0.0000000003
52921 0.0000000003
52932 0.0000000002
53204 0.0000000002
53221 0.0000000002
53242 0.0000000002
53291 0.0000000002
53340 0.0000000001
53627 0.0000000001
53735 0.0000000001
53838 0.0000000001
53940 0.0000000001
54010 0.0000000001
54032 0.0000000001
54112 0.0000000001
54155 0.0000000000
54238 0.0000000000
54483 0.0000000000
54764 0.0000000000
54901 0.0000000000
54960 0.0000000000
55066 0.0000000000
55162 0.0000000000
55166 0.0000000000
55255 0.0000000000
55461 0.0000000000
55463 0.0000000000
55500 0.0000000000
55626 0.0000000000
55762 0.0000000000
55974 0.0000000000
56199 0.0000000000
56267 0.0000000000
56336 0.0000000000
56681 0.0000000000
56688 0.0000000000
57017 0.0000000000
57070 0.0000000000
57090 0.0000000000
57243 0.0000000000
57326 0.0000000000
57375 0.0000000000
57376 0.0000000000
57445 0.0000000000
57469 0.0000000000
57555 0.0000000000
57560 0.0000000000
57662 0.0000000000
57693 0.0000000000
57698 0.0000000000
57707 0.0000000000
57807 0.0000000000
57826 0.0000000000
57827 0.0000000000
57920 0.0000000000
58039 0.0000000000
58043 0.0000000000
58105 0.0000000000
58122 0.0000000000
58151 0.0000000000
58196 0.0000000000
58207 0.0000000000
58227 0.0000000000
58313 0.0000000000
58566 0.0000000000
58652 0.0000000000
58661 0.0000000000
58662 0.0000000000
58705 0.0000000000
58778 0.0000000000
58779 0.0000000000
58837 0.0000000000
59075 0.0000000000
59123 0.0000000000
59297 0.0000000000
59342 0.0000000000
59500 0.0000000000
59504 0.0000000000
59714 0.0000000000
59764 0.0000000000
59784 0.0000000000
59800 0.0000000000
59898 0.0000000000
60013 0.0000000000
60237 0.0000000000
60469 0.0000000000
60545 0.0000000000
61026 0.0000000000
61912 0.0000000000
evaluations raw_y
1 1199672.4437586293
2 277449.5680460305
6 149793.7664745682
9 76873.2199811942
12 3679.8396245195
27 2166.4601308581
63 1238.3179340183
93 1010.6414816165
22358 1002.8326089597
22399 990.4444219581
22406 976.3765895504
22550 912.8751834438
22569 909.4906620034
22578 906.9066585838
22646 861.7828590106
22844 858.4567034462
23512 849.0190952084
23536 823.6241039967
23576 823.5466852742
23634 807.0267595135
23642 792.6010777310
23652 746.0965052137
23767 734.4543169990
23805 733.1852125770
23829 727.2111612334
23853 667.2510129506
24225 665.9497270957
24248 610.2255711801
24259 601.0764223262
24263 586.2939649539
24350 572.4890008575
24387 550.0868348297
24546 549.1798687925
24564 539.2317000641
24588 537.5612934540
24597 537.5178426849
24604 533.1783593665
24612 530.4899429690
24618 520.5181509532
24671 501.0560732251
24687 496.1572664386
24736 481.6024609435
24892 465.1576553120
25043 454.0719878737
25183 445.5243106334
25621 423.9794145804
25695 416.3769968855
25773 407.8811575648
25816 399.8104286673
25824 377.2321074627
25847 375.6533830516
25891 374.5737347101
25900 357.7054279405
25910 355.2860615125
25936 346.7790692066
25945 334.0846627481
25955 324.3046014182
26240 320.1767102081
26245 309.0015976075
26255 292.4651603236
26290 284.4827142080
26334 277.8221408800
26363 277.4280280376
26369 277.1685002944
26385 268.4884927837
26420 265.4393857638
26474 241.8765632905
26641 239.3814504501
26667 237.5962116926
26684 234.3355088381
26734 232.6033162824
26737 229.6391840575
26751 223.5514110635
26773 220.3894493241
26777 216.8088847049
26801 215.7859932152
26835 213.3153612808
26865 204.6415073990
26916 202.4036641148
26951 201.7973281986
26982 192.7457589143
26992 187.9520370614
27010 185.6172240829
27104 179.5440770783
27163 174.2815827990
27196 169.6219497888
27257 167.5724943623
27260 166.6529479545
27270 163.4324729406
27283 162.9612480820
27303 154.6187320894
27418 149.6121332317
27505 148.5817453605
27506 148.3168840565
27510 147.7854024572
27525 146.5870653058
27536 145.2224812070
27599 142.8356382413
27601 140.4036971821
27629 137.7894512065
27646 133.7076908678
27727 131.2668275001
27732 129.1860073550
27733 128.0962749966
27753 126.3484446280
27855 125.7469343672
27882 123.5420053426
27898 122.3898276918
27918 121.2451927376
27946 117.6933712959
27990 117.6477811122
27991 115.3029844910
28046 113.8981974568
28093 111.8176369338
28103 111.4695013147
28147 110.6342322369
28158 108.0784632903
28175 106.3890090377
28217 99.3401364161
28237 97.5736331685
28329 95.5375851743
28359 93.9943061394
28380 84.5348295916
28421 81.3722886920
28610 80.9974251587
28622 76.6849883791
28624 75.2211372084
28625 72.0412084449
28720 68.5122281551
28775 67.7172976267
28787 61.2353909073
29000 60.6875673374
29015 54.2911399805
29030 48.5926055693
29590 47.7698405581
29629 43.2924002594
29787 42.4961574738
29802 42.3762723432
29820 42.3278361947
29825 42.2808881314
29882 35.8591889804
29916 35.6112281929
29937 35.1431281967
29955 32.9902257260
30022 31.8997092019
30035 30.8063720736
30060 29.0647822189
30309 28.5396425365
30523 28.1744174295
30530 26.4602223343
30550 25.6768675685
30583 25.4511519754
30693 24.8607900555
30757 24.5936127971
30764 23.9048677610
30838 23.1432821290
30895 22.2821935726
31004 22.0582387602
31048 21.9811337322
31084 21.3233926704
31115 20.8824833918
31134 20.6238210394
31154 19.6662517591
31200 17.8074702090
31397 16.1786759549
31619 15.0008655777
31660 14.7331293654
31689 13.6964192796
32156 13.6510297386
32170 13.3922922584
32171 13.3695296934
32244 13.2781059302
32298 11.5449200987
32710 10.9781344939
32828 10.4800127535
32988 9.9814528645
33040 9.5165082204
33140 9.4853388213
33334 9.2039443007
33429 8.4144264368
33493 8.2335533608
33523 7.9336680634
33551 7.8613146955
33585 7.3256236453
33605 5.9293021254
33731 5.6767743449
34183 5.1418089948
34449 4.8194465845
34609 4.5566678835
34713 3.8560979970
35033 3.5622729424
35094 3.5299038414
35233 3.2110216842
35286 2.9488966893
35501 2.1727728743
36217 2.1657180204
36219 2.1377156096
36234 2.0902341916
36240 2.0148936886
36335 1.9841501831
36369 1.7157825188
36393 1.6980029048
36421 1.6866711911
36498 1.6800552130
36554 1.6739976797
36575 1.6498354938
36739 1.6272145559
36975 1.6242830764
37054 1.5813734149
37066 1.4749813022
37175 1.4371318017
37243 1.4368363078
37290 1.4184218171
37334 1.3781341757
37402 1.3161012875
37457 1.2689634555
37476 1.2636533834
37516 1.0762234797
37659 1.0554697958
37902 1.0205362446
37929 1.0083202478
37961 0.9335059131
38186 0.9136742846
38270 0.8551622514
38365 0.8473444281
38422 0.7494314159
38475 0.7032880739
38618 0.6784505693
38810 0.6587653985
38815 0.6393226720
38830 0.6383818701
38831 0.5265193810
39178 0.4843527087
39245 0.4707268838
39383 0.4659562661
39408 0.3916400282
39730 0.3868092924
39737 0.3847696798
39762 0.3378037917
39859 0.3282081350
39992 0.3260052248
40028 0.2921676211
40271 0.2389404254
40527 0.2320732559
40616 0.2312672234
40634 0.2307338337
40638 0.2235510370
40649 0.1908629601
40805 0.1775327642
40840 0.1773844707
41153 0.1626840537
41198 0.1500530452
41385 0.1452781363
41668 0.1334497622
41709 0.1247121832
41936 0.1156688790
41993 0.1116070729
42022 0.1087621024
42045 0.1034261842
42162 0.0838808319
42234 0.0807418287
42438 0.0797474079
42439 0.0736747976
42458 0.0725491723
42684 0.0660578215
42730 0.0627640396
42767 0.0619666090
42906 0.0618569747
42916 0.0569453218
43033 0.0566720734
43035 0.0551729565
43101 0.0511209179
43115 0.0478493813
43161 0.0429413950
43234 0.0417702320
43320 0.0362426062
43424 0.0354196026
43514 0.0342287088
43563 0.0340913112
43633 0.0310559634
44005 0.0306852862
44093 0.0276929800
44163 0.0273452261
44258 0.0262276152
44305 0.0262029433
44332 0.0253485431
44341 0.0198204702
44922 0.0178709501
45049 0.0150250162
45163 0.0148812154
45167 0.0145139828
45254 0.0121627344
45337 0.0112690173
45377 0.0105879363
45647 0.0104863609
45650 0.0100981764
45678 0.0098282922
45897 0.0085536599
45948 0.0075320499
45993 0.0063767753
46340 0.0062044635
46495 0.0058796204
46657 0.0056424066
46697 0.0050225934
46865 0.0048336483
46956 0.0043898959
47070 0.0035728744
47181 0.0029912906
47816 0.0026737480
48079 0.0022481204
48181 0.0018262860
48260 0.0017685466
48262 0.0015223657
48300 0.0015109627
48482 0.0014779398
48776 0.0014642978
48800 0.0008919289
49037 0.0008890671
49071 0.0008396685
49243 0.0008128326
49265 0.0008108127
49318 0.0007850947
49327 0.0007221416
49403 0.0007094552
49469 0.0006189032
49510 0.0005736344
49673 0.0005568787
49766 0.0004924620
49778 0.0004635717
49940 0.0004433421
50045 0.0004049472
50237 0.0003893397
50380 0.0003665557
50449 0.0003526706
50509 0.0003454694
50589 0.0003097227
50598 0.0003084407
50613 0.0003060127
50619 0.0003017152
50622 0.0002955652
50666 0.0002659385
50869 0.0002181717
50876 0.0002080447
50881 0.0002055608
51030 0.0001969314
51099 0.0001901011
51111 0.0001796713
51112 0.0001675869
51153 0.0001465414
51215 0.0001387674
51299 0.0001029119
51473 0.0000829881
51522 0.0000752598
51735 0.0000688910
51802 0.0000664115
51845 0.0000655135
51864 0.0000580004
52019 0.0000562099
52135 0.0000559622
52160 0.0000507359
52247 0.0000434170
52364 0.0000402581
52485 0.0000402303
52504 0.0000365188
52510 0.0000340449
52551 0.0000294913
52705 0.0000283336
52737 0.0000226691
52805 0.0000187596
53059 0.0000182478
53170 0.0000172390
53237 0.0000170383
53314 0.0000143360
53360 0.0000111607
53607 0.0000107426
53801 0.0000099825
54048 0.0000094986
54101 0.0000079833
54170 0.0000078365
54237 0.0000069974
54303 0.0000067581
54404 0.0000066236
54408 0.0000065853
54480 0.0000060372
54498 0.0000059640
54572 0.0000052393
54602 0.0000050519
54613 0.0000048880
54622 0.0000045537
54688 0.0000041309
54738 0.0000035227
54801 0.0000032691
54824 0.0000027308
55063 0.0000027238
55147 0.0000026987
55151 0.0000025537
55181 0.0000025512
55237 0.0000020218
55574 0.0000020031
55588 0.0000018724
55613 0.0000018426
55680 0.0000015552
55782 0.0000013902
55822 0.0000013766
55882 0.0000011344
55989 0.0000010762
56045 0.0000008682
56059 0.0000008500
56135 0.0000008134
56186 0.0000007933
56234 0.0000007013
56551 0.0000006577
56580 0.0000005983
56946 0.0000005924
56981 0.0000004153
57110 0.0000004002
57221 0.0000003904
57281 0.0000003051
57290 0.0000002980
57451 0.0000002870
57617 0.0000002298
57723 0.0000001718
57980 0.0000001477
58044 0.0000001288
58277 0.0000001170
58352 0.0000000872
58439 0.0000000784
58742 0.0000000760
58852 0.0000000718
58859 0.0000000715
58879 0.0000000687
59000 0.0000000645
59046 0.0000000572
59103 0.0000000569
59121 0.0000000508
59176 0.0000000413
59188 0.0000000412
59269 0.0000000389
59309 0.0000000372
59348 0.0000000323
59420 0.0000000313
59422 0.0000000270
59488 0.0000000260
59586 0.0000000222
59659 0.0000000216
59768 0.0000000197
59823 0.0000000182
59981 0.0000000172
59983 0.0000000168
59991 0.0000000168
60008 0.0000000157
60092 0.0000000157
60118 0.0000000154
60129 0.0000000149
60133 0.0000000106
60240 0.0000000094
60296 0.0000000089
60330 0.0000000079
60492 0.0000000072
60514 0.0000000070
60561 0.0000000052
60864 0.0000000046
60946 0.0000000040
61091 0.0000000038
61111 0.0000000037
61235 0.0000000035
61238 0.0000000034
61388 0.0000000028
61450 0.0000000028
61488 0.0000000028
61545 0.0000000026
61629 0.0000000020
61901 0.0000000020
61950 0.0000000018
61995 0.0000000016
62039 0.0000000014
62040 0.0000000013
62059 0.0000000012
62148 0.0000000012
62167 0.0000000011
62251 0.0000000010
62471 0.0000000010
62510 0.0000000009
62530 0.0000000008
62636 0.0000000007
62689 0.0000000007
62728 0.0000000006
62760 0.0000000006
63021 0.0000000004
63071 0.0000000004
63288 0.0000000004
63304 0.0000000004
63327 0.0000000003
63391 0.0000000003
63567 0.0000000002
63644 0.0000000002
63671 0.0000000002
63719 0.0000000002
63779 0.0000000002
63785 0.0000000002
63863 0.0000000001
64042 0.0000000001
64088 0.0000000001
64099 0.0000000001
64200 0.0000000001
64251 0.0000000001
64270 0.0000000001
64448 0.0000000001
64473 0.0000000001
64528 0.0000000001
64565 0.0000000001
64571 0.0000000001
64584 0.0000000001
64606 0.0000000001
64647 0.0000000000
64698 0.0000000000
64865 0.0000000000
64883 0.0000000000
65220 0.0000000000
65237 0.0000000000
65450 0.0000000000
65583 0.0000000000
65608 0.0000000000
65731 0.0000000000
65735 0.0000000000
65739 0.0000000000
65755 0.0000000000
65756 0.0000000000
65875 0.0000000000
65987 0.0000000000
66037 0.0000000000
66065 0.0000000000
66154 0.0000000000
66287 0.0000000000
66299 0.0000000000
66377 0.0000000000
66409 0.0000000000
66485 0.0000000000
66491 0.0000000000
66608 0.0000000000
66644 0.0000000000
66711 0.0000000000
66713 0.0000000000
66924 0.0000000000
66925 0.0000000000
67100 0.0000000000
67196 0.0000000000
67297 0.0000000000
67327 0.0000000000
67379 0.0000000000
67528 0.0000000000
67572 0.0000000000
67642 0.0000000000
67700 0.0000000000
67733 0.0000000000
67826 0.0000000000
67860 0.0000000000
68131 0.0000000000
68293 0.0000000000
68308 0.0000000000
68365 0.0000000000
68476 0.0000000000
68669 0.0000000000
68916 0.0000000000
69059 0.0000000000
69226 0.0000000000
69372 0.0000000000
70429 0.0000000000
evaluations raw_y
1 42625286.9042991698
2 5344012.6806718698
6 2006453.9583221984
17 1519815.6792884548
25 639574.1866765313
30 191241.8520490086
33 58594.0718976643
46 5433.9452188579
47 1530.8966740777
168 1150.3798367078
222 1136.9914121783
241 927.4810471326
18071 920.8097873973
18117 914.4193083095
18186 893.9724808759
18259 870.4110660694
18534 861.5223073177
18823 854.8203452923
18829 845.0905021970
18882 840.5104728257
18992 831.7456193873
18996 829.0605608263
19024 818.0680862668
19112 801.0027378927
19305 766.2777985022
19323 763.1109018863
19399 749.2776867615
19418 740.6080658586
19467 727.4386648546
19469 695.1180495163
19551 686.1872485481
19620 675.7029600444
19624 668.2083831072
19641 656.2506086376
19671 626.6083426811
19703 596.9522310402
19824 588.8046141860
19829 560.0479283251
19844 558.5943712329
20941 537.2979914278
21111 530.5273781760
21118 525.8623802609
21137 520.1586706406
21155 501.2899936988
21168 474.3781239246
21182 464.3555123527
21438 433.7582073732
21453 433.2782371475
21477 419.1610837846
21491 395.2255502819
21614 391.6006123843
21716 375.2501149939
21733 363.5972675960
21873 348.9682654635
21929 344.7922612237
22034 335.2709817565
22044 299.2775699101
22192 294.8421595056
22265 289.4519109305
22288 273.8909773591
22342 262.7857981651
22424 258.4249038109
22444 244.8634056138
22676 243.6591257553
22835 218.7314983360
22842 217.9005591191
22882 213.5241424316
22919 206.8449657666
22935 206.3651853611
22958 199.5862914663
23944 184.9192278994
23967 182.2019583033
23981 169.9574838283
24016 161.2893587188
24126 159.4298788835
24128 156.2422067913
24211 153.5425413142
24402 152.5499874761
24447 141.7815656559
24469 136.7983449913
24524 132.9687514347
24525 131.4938291640
24535 128.4526990621
24679 128.4116090072
24693 125.7080489435
24698 123.6780290685
24740 121.4892784733
24802 121.0234664351
24834 118.7391407582
24844 116.6043620875
24889 115.9128149796
24894 112.1676196501
25041 111.5044590492
25087 108.9331914789
25240 105.8360712115
25299 98.0706225196
25367 96.7445957416
25405 94.1887349929
25455 91.6237373161
25622 90.5270447468
25644 90.2151368859
25669 88.7972814198
25697 88.7002599877
25698 80.4714124274
25724 78.1388221052
25730 76.3068042247
25763 74.9372740341
25769 74.3445715569
25786 70.5781313428
25840 68.7444911039
25847 68.7359801219
25904 62.3525884303
25965 62.2787903462
25970 60.0464292851
25991 54.1231158201
26046 53.8301820101
26085 53.1757216731
26130 52.1532387837
26320 45.2731517320
27214 43.9127316722
27334 43.7270978481
27346 43.3091410017
27361 43.2282346681
27368 42.9347747668
27384 41.6996606389
27389 40.5909346203
27412 40.2780201917
27519 38.9032567755
27584 38.6697492748
27631 36.4384543455
27702 36.3212762657
27730 35.2901661257
27781 33.7856084833
27844 31.3388164517
27938 28.8253663951
27997 23.4247283977
28279 21.8473693459
28770 20.7308615187
28870 19.4974700029
29229 16.7764339564
29352 16.1483386719
29477 15.4103215765
29526 15.2921235097
29527 14.8204947431
29539 12.7838649550
29847 12.1215233427
29896 11.3261777229
29929 10.9292397341
30098 9.6649172316
30190 9.6218545903
30203 9.2788211960
30249 7.6310114274
30585 7.1626986944
30832 6.9977701916
31027 5.9064223364
31319 5.7887232488
31338 5.6435611094
31379 5.2916223058
31475 5.1982429470
31504 4.4110324695
31684 4.2160594466
31891 4.0704178891
31986 3.8827559431
32029 3.7522783165
32107 3.6046889337
32180 3.5179125976
32205 3.2372202259
32264 3.1312186096
32305 2.9502238014
32456 2.9498722486
32511 2.8848614044
32519 2.8644418180
32595 2.5175940069
32850 2.5103399186
32881 2.4716528762
32882 2.2322537995
32923 2.1910591307
32970 2.1466206232
33061 1.9431398904
33450 1.8690664875
33552 1.4546772058
34086 1.4490003890
34259 1.3969578571
34295 1.3652759289
34549 1.3229764260
34617 1.3188242771
34646 1.2256183996
34743 1.1986257266
34744 1.1821582933
34807 1.1196546644
34844 1.1095912184
34923 1.0461811912
34952 0.9600045124
34961 0.8804153125
35046 0.8281309115
35091 0.8172397339
35162 0.8163459720
35168 0.6319982983
35475 0.5704705808
35847 0.5614519761
35926 0.5523035040
36136 0.4992272210
36284 0.4968382791
36342 0.4824529995
36358 0.4439925289
36662 0.4297863409
36673 0.3810903495
36820 0.3390035503
36988 0.3358744539
37030 0.3326158710
37053 0.2961939185
37207 0.2592637964
37414 0.2491901042
37458 0.2071827757
37897 0.1944362873
37992 0.1927933112
38201 0.1825873280
38211 0.1757770436
38312 0.1624851026
38324 0.1540619549
38468 0.1458075401
38593 0.1422737109
38601 0.1332066582
38606 0.1292852745
38740 0.1163239417
38866 0.0812736228
39182 0.0808631520
39578 0.0792236491
39688 0.0650633162
39757 0.0646647922
39898 0.0623544132
39908 0.0621090233
39955 0.0560383988
40000 0.0480132804
40397 0.0439522351
40781 0.0330222337
41047 0.0327550270
41049 0.0322158265
41206 0.0303915739
41288 0.0252208630
41457 0.0238410348
41506 0.0223526527
41533 0.0214084423
41990 0.0204582407
42000 0.0177450784
42345 0.0176390156
42382 0.0161456707
42452 0.0160455993
42503 0.0144879054
42576 0.0136332098
42734 0.0134946330
42790 0.0122166768
43000 0.0119422895
43004 0.0098409448
43095 0.0091263524
43206 0.0080151032
43328 0.0079998203
43348 0.0064643461
44019 0.0061169153
44135 0.0056200921
44182 0.0050289122
44229 0.0044439971
44332 0.0036791350
44548 0.0030297920
44635 0.0026085012
44724 0.0024445698
44831 0.0020611855
44878 0.0015745551
45401 0.0015030292
45561 0.0013728432
45716 0.0010768250
45807 0.0010057697
45888 0.0009162987
45911 0.0008745628
46029 0.0007860624
46148 0.0007053673
46376 0.0006777493
46395 0.0006410846
46439 0.0005990367
46617 0.0005779562
46644 0.0005445583
46694 0.0005266288
46720 0.0004915133
46743 0.0004726495
46769 0.0004684643
46933 0.0003711995
46990 0.0003596333
47134 0.0003476826
47201 0.0003230382
47237 0.0003123037
47292 0.0003038778
47296 0.0002479446
47402 0.0002359759
47462 0.0002179844
48084 0.0002002808
48099 0.0001795476
48131 0.0001564810
48256 0.0001538745
48287 0.0001484660
48358 0.0001335831
48416 0.0001313797
48448 0.0001208410
48488 0.0001100239
48529 0.0000932175
48644 0.0000845145
48720 0.0000816003
48755 0.0000643518
49059 0.0000594420
49077 0.0000586268
49082 0.0000528970
49157 0.0000468675
49221 0.0000450789
49381 0.0000425127
49397 0.0000380110
49554 0.0000337831
49658 0.0000330203
49728 0.0000327922
49737 0.0000269581
49794 0.0000260459
49945 0.0000186641
50151 0.0000171863
50445 0.0000165302
50469 0.0000151268
50562 0.0000139737
50631 0.0000137271
50710 0.0000124809
50776 0.0000119387
50779 0.0000100890
50858 0.0000077161
51246 0.0000075896
51353 0.0000074210
51400 0.0000073038
51451 0.0000065813
51453 0.0000064903
51501 0.0000059626
51568 0.0000049512
51693 0.0000045493
51794 0.0000043026
51845 0.0000042708
51923 0.0000040798
51999 0.0000029478
52141 0.0000028035
52215 0.0000027277
52289 0.0000021529
52397 0.0000021308
52421 0.0000021064
52454 0.0000016637
52494 0.0000015011
52530 0.0000013760
52891 0.0000012567
52946 0.0000012173
52994 0.0000007972
53241 0.0000007503
53338 0.0000005521
53843 0.0000004967
53862 0.0000004482
53981 0.0000004108
54032 0.0000004064
54196 0.0000004037
54215 0.0000003579
54221 0.0000003321
54427 0.0000003241
54493 0.0000003039
54498 0.0000002915
54666 0.0000002544
54693 0.0000002340
54767 0.0000002254
54770 0.0000002001
55037 0.0000001982
55112 0.0000001910
55126 0.0000001878
55166 0.0000001822
55298 0.0000001466
55355 0.0000001394
55508 0.0000001257
55536 0.0000001219
55558 0.0000001126
55612 0.0000001098
55641 0.0000001089
55702 0.0000000922
55733 0.0000000912
55815 0.0000000753
55884 0.0000000724
55915 0.0000000695
55981 0.0000000549
56464 0.0000000496
56585 0.0000000480
56587 0.0000000378
56635 0.0000000340
57016 0.0000000315
57165 0.0000000277
57267 0.0000000269
57295 0.0000000267
57310 0.0000000236
57328 0.0000000201
57415 0.0000000198
57466 0.0000000143
57504 0.0000000139
57568 0.0000000135
57663 0.0000000127
58018 0.0000000126
58064 0.0000000116
58233 0.0000000101
58299 0.0000000101
58304 0.0000000081
58359 0.0000000078
58407 0.0000000076
58420 0.0000000076
58457 0.0000000064
58480 0.0000000059
58631 0.0000000058
58666 0.0000000057
58727 0.0000000052
58744 0.0000000045
58805 0.0000000043
58823 0.0000000042
58864 0.0000000040
58891 0.0000000039
58944 0.0000000038
58966 0.0000000034
59012 0.0000000027
59214 0.0000000027
59252 0.0000000024
59416 0.0000000022
59521 0.0000000022
59546 0.0000000022
59612 0.0000000018
59640 0.0000000018
59694 0.0000000017
59743 0.0000000016
59761 0.0000000015
59768 0.0000000013
59834 0.0000000012
59867 0.0000000012
59905 0.0000000012
59919 0.0000000011
59962 0.0000000010
60123 0.0000000010
60233 0.0000000007
60369 0.0000000007
60428 0.0000000006
60517 0.0000000006
60584 0.0000000006
60626 0.0000000006
60634 0.0000000005
60698 0.0000000005
60733 0.0000000005
60751 0.0000000005
60771 0.0000000005
60805 0.0000000004
60811 0.0000000004
60933 0.0000000003
60973 0.0000000003
60994 0.0000000003
61131 0.0000000003
61215 0.0000000002
61323 0.0000000002
61377 0.0000000002
61427 0.0000000002
61445 0.0000000002
61511 0.0000000002
61613 0.0000000001
62001 0.0000000001
62207 0.0000000001
62209 0.0000000001
62279 0.0000000001
62394 0.0000000001
62530 0.0000000001
62549 0.0000000000
62671 0.0000000000
62979 0.0000000000
63124 0.0000000000
63211 0.0000000000
63251 0.0000000000
63314 0.0000000000
63594 0.0000000000
63859 0.0000000000
64045 0.0000000000
64080 0.0000000000
64156 0.0000000000
64321 0.0000000000
64425 0.0000000000
64647 0.0000000000
64679 0.0000000000
64712 0.0000000000
64809 0.0000000000
64877 0.0000000000
64905 0.0000000000
65106 0.0000000000
65321 0.0000000000
65418 0.0000000000
65437 0.0000000000
65557 0.0000000000
65690 0.0000000000
65727 0.0000000000
65808 0.0000000000
65847 0.0000000000
65853 0.0000000000
65883 0.0000000000
66069 0.0000000000
66211 0.0000000000
66378 0.0000000000
66442 0.0000000000
66506 0.0000000000
66919 0.0000000000
67076 0.0000000000
67940 0.0000000000
evaluations raw_y
1 133484.2989632631
15 49803.3778756941
21 11772.3146531712
46 1537.1601462385
108 1221.8478903924
224 1164.4001609268
23987 1163.1592928354
24102 1158.4406346789
24296 1157.8125650799
24327 1145.2600715196
24414 1131.9239960316
24446 1124.7217543265
24495 1120.7239171366
24506 1097.1862322988
24683 1087.3395359196
24702 1086.5926878995
24779 1076.3171484885
24809 1075.7562045039
24872 1065.3937898756
24913 1049.0496949868
24972 1044.6071966505
24984 1044.0065122910
25000 1043.3688064630
25001 1038.5657442433
25026 1036.5933589965
25029 1034.6214080127
25044 1027.9087721601
25057 1017.5581290801
25193 998.8563545658
25213 992.0684694100
25267 974.8704405858
25336 963.0723745183
25341 961.9574575685
25364 960.8704375416
25437 944.3243925803
25507 942.5773255654
25532 919.2163076775
25548 905.7110119931
25556 903.2269551728
25560 887.9018980932
25571 874.0107172324
25638 861.5305518853
25651 853.0261963698
25652 850.4629773599
25666 794.6421810751
25735 792.8168728826
25748 791.8175615246
25868 790.4835387335
25870 790.2250228421
25878 789.6587332001
25881 776.0101268278
25891 764.6373908618
25935 762.2049453163
25950 760.3456985261
25970 758.0176384830
25993 756.6121378582
26006 745.4801589163
26011 733.1834350557
26017 733.1633070837
26062 727.0484118748
26070 724.0239265675
26111 715.4800353848
26113 712.1161638034
26122 711.7995591755
26127 691.3731776570
26187 680.3269746207
26193 672.1910995347
26214 670.5410044145
26229 643.8373621186
26235 615.9983700346
26407 582.1812058649
26430 571.1656260189
26485 558.9455579709
26497 551.7714035639
26508 551.5759886172
26519 548.8949606515
26523 544.4410168300
26525 526.9124718199
26560 507.8941118234
26562 499.0823473110
26573 497.5925784946
26583 460.5939860304
26625 459.5472979408
26684 447.9651133349
26701 439.7702149535
26721 424.5110327147
26724 420.9355297929
26733 420.2731248322
26826 370.2406974206
26933 361.7886616283
27117 358.6521847708
27128 358.4080764487
27129 339.6916705905
27225 319.5254680356
27388 304.4533850673
27396 302.2382986262
27455 299.7980153274
27466 283.1417367389
27525 282.4146060963
27531 273.8124516279
27558 273.3726459835
27565 263.8513179963
27604 262.3024519765
27670 260.7613648728
27712 249.9073078679
27730 246.8277286147
27736 245.4823810319
27826 235.6751453209
27870 231.8491599239
27969 230.0366308269
28224 224.4693411959
28291 221.3719209924
28373 217.9580180257
28390 215.9923853571
28400 210.0750871328
28434 207.7921701562
28437 202.4326854833
28480 200.9392643956
28521 195.7610878994
28541 194.4269107492
28554 190.9336676195
28571 185.0000065504
28587 180.1788014302
28588 176.5508933680
28736 176.4863837860
28778 168.1616856764
28822 162.9516491596
28835 156.9925219073
28847 156.6592856932
28905 140.8875462455
28917 136.8741347073
28944 129.8262823837
29035 126.8763007522
29093 126.1021454497
29156 124.2931083542
29176 123.2242155086
29207 112.0668161404
29560 102.6034802361
29586 100.9555986315
29604 100.0081285765
29621 98.3371163307
29666 98.3240661140
29677 96.8427269788
29820 95.4466680797
29887 95.0775475489
29894 93.8288819021
29899 87.8458484309
29927 86.0962445207
29933 84.8593078405
29947 79.8502878794
29973 77.2127735607
29998 75.4029417105
30003 73.5470993593
30035 72.7868215322
30041 72.7223130312
30042 69.6479139684
30118 69.2691717589
30120 69.1207617746
30136 67.5618100463
30149 66.7387417895
30162 63.5106908187
30182 62.3838902303
30245 61.5314587423
30253 60.8268906526
30350 58.0010605395
30368 57.9488039251
30393 54.7573205993
30439 53.7215847843
30499 52.4965123564
30506 52.3337069027
30737 48.6595520504
30855 46.6490758927
30873 44.8371562298
30970 41.7404376466
31039 41.7094452365
31050 41.3481521250
31081 39.5059183996
31102 38.7224053688
31111 36.6338100287
31163 35.0826160928
31264 30.1657078758
31428 30.1424076634
31436 29.2860389371
31508 26.8065329746
31541 26.6592883204
31549 25.1975460814
31635 23.0218337767
31813 22.3211545780
31874 21.0551458710
31894 19.5301517757
31970 18.5992743742
32252 18.0869640712
32271 16.9140868827
32343 16.7056570520
32391 15.7271082500
32446 15.5871212805
32462 15.3816801970
32501 14.8330225020
32503 14.0167219666
32548 13.2073232347
32657 12.7242878339
32669 10.8627016211
32745 10.5843079378
32830 9.1044060549
33328 8.1255126745
33941 7.4602411922
34376 7.3824783962
34409 6.1737054317
34466 5.6465363304
34897 5.3175757754
34969 4.9619533606
35089 4.6333817940
35248 4.4073471762
35374 4.4015229555
35463 4.3695302844
35569 4.2325837212
35592 3.7691441402
35675 3.5379712321
35787 2.8357956549
35932 2.8131421076
36260 2.6515753271
36356 2.5391721102
36387 2.4103024349
36409 2.2782794559
36516 2.2410355237
36609 2.1833368489
36661 2.1409630507
36682 2.1188000897
36722 2.0335459014
36753 1.8030525611
36757 1.7557598163
36916 1.6369045172
37067 1.6228812654
37135 1.6165844062
37157 1.5869631753
37196 1.5692472943
37210 1.3984893354
37265 1.3814113324
37518 1.3448721363
37586 1.1428281564
37920 1.0947530318
38005 1.0808471987
38030 0.9589498303
38066 0.9573139023
38122 0.9404668875
38129 0.9310850991
38210 0.8350420085
38275 0.8079542818
38420 0.7568881448
38536 0.7547707249
38542 0.7400865226
38557 0.7381761226
38618 0.6225912870
38671 0.6086230325
38798 0.5792342922
38852 0.5545315122
39051 0.5132368685
39119 0.5003668766
39178 0.4734981414
39266 0.4199836384
39373 0.3379427932
39646 0.3234347868
39772 0.2753585455
39845 0.2613871393
39976 0.2429052344
40038 0.2360863080
40128 0.2181793133
40139 0.2098102638
40183 0.1882626414
40251 0.1560010224
40429 0.1541053371
40756 0.1514263367
40772 0.1435038248
40855 0.1361485477
40887 0.1248699362
40904 0.1211368010
40948 0.1015804995
40989 0.0887779988
41340 0.0667549837
41637 0.0654721099
41668 0.0498527282
41784 0.0498138062
41953 0.0404121733
42235 0.0307857175
42645 0.0293512864
42705 0.0245804641
42791 0.0226025682
42934 0.0217276412
43059 0.0183666916
43347 0.0148483712
43402 0.0146939241
43495 0.0116450926
44010 0.0114190706
44109 0.0105711658
44160 0.0084681480
44279 0.0076863473
44348 0.0060690366
44394 0.0056043401
44504 0.0048184443
44906 0.0044178141
45103 0.0043470648
45167 0.0041874373
45242 0.0040957505
45299 0.0034387330
46022 0.0030960459
46169 0.0028164250
46267 0.0023750282
46332 0.0023318386
46379 0.0023016707
46408 0.0022770663
46784 0.0021492567
46892 0.0021252888
46932 0.0020193614
47013 0.0018222502
47026 0.0017618566
47031 0.0016688918
47067 0.0014863063
47231 0.0013968103
47235 0.0013092897
47304 0.0011296278
47420 0.0010713731
47469 0.0010130753
47624 0.0007591050
48036 0.0007501197
48128 0.0007327131
48215 0.0007313387
48218 0.0005847966
48241 0.0005522340
48327 0.0005425644
48367 0.0005276855
48405 0.0005165348
48537 0.0005033990
48577 0.0004955828
48672 0.0004656811
48729 0.0003929634
48789 0.0003916541
48816 0.0003652175
48924 0.0003509382
48938 0.0003199940
49265 0.0003000661
49285 0.0002536823
49382 0.0001955324
49770 0.0001544700
49992 0.0001337518
50019 0.0001108341
50432 0.0000917938
50543 0.0000884508
50642 0.0000795455
50722 0.0000777568
50736 0.0000687937
50807 0.0000608616
50924 0.0000415617
51188 0.0000407855
51241 0.0000380879
51328 0.0000378675
51337 0.0000338353
51527 0.0000325953
51602 0.0000263054
51705 0.0000230769
51866 0.0000229670
51917 0.0000201214
52077 0.0000174739
52176 0.0000159523
52307 0.0000147522
52318 0.0000141800
52337 0.0000103343
52445 0.0000097743
52640 0.0000097277
52646 0.0000095012
52681 0.0000079119
52779 0.0000078133
52799 0.0000065820
52851 0.0000062723
52880 0.0000059707
52933 0.0000059172
53017 0.0000054094
53130 0.0000051463
53186 0.0000042660
53246 0.0000025783
53886 0.0000025210
54012 0.0000022640
54164 0.0000019951
54344 0.0000016700
54394 0.0000016397
54481 0.0000016287
54503 0.0000012660
54731 0.0000012602
54734 0.0000012555
54776 0.0000011938
54816 0.0000011834
54830 0.0000011280
54861 0.0000011186
54864 0.0000009838
54903 0.0000009149
54906 0.0000008568
54960 0.0000008008
55093 0.0000006986
55181 0.0000006532
55195 0.0000006526
55610 0.0000006258
55653 0.0000005583
55701 0.0000004855
55738 0.0000004351
55822 0.0000003886
55862 0.0000003741
55908 0.0000003518
56031 0.0000003140
56111 0.0000003037
56137 0.0000002918
56166 0.0000002637
56199 0.0000002440
56235 0.0000002335
56236 0.0000001888
56728 0.0000001869
56752 0.0000001670
56851 0.0000001346
57037 0.0000001115
57122 0.0000001079
57239 0.0000001069
57314 0.0000000982
57381 0.0000000890
57475 0.0000000706
57676 0.0000000530
57731 0.0000000505
57854 0.0000000438
57873 0.0000000430
57880 0.0000000336
58240 0.0000000253
58321 0.0000000249
58442 0.0000000238
58549 0.0000000238
58636 0.0000000235
58674 0.0000000226
58727 0.0000000171
58865 0.0000000159
58955 0.0000000139
58975 0.0000000124
58977 0.0000000123
59042 0.0000000122
59081 0.0000000111
59240 0.0000000107
59259 0.0000000104
59269 0.0000000096
59355 0.0000000094
59402 0.0000000091
59406 0.0000000089
59471 0.0000000089
59478 0.0000000078
59517 0.0000000062
59545 0.0000000058
59807 0.0000000054
59891 0.0000000045
60115 0.0000000045
60174 0.0000000045
60175 0.0000000041
60243 0.0000000039
60249 0.0000000031
60652 0.0000000031
60724 0.0000000029
60803 0.0000000028
60826 0.0000000027
60871 0.0000000021
61229 0.0000000017
61297 0.0000000015
61325 0.0000000015
61384 0.0000000012
61428 0.0000000010
61519 0.0000000010
61674 0.0000000008
61741 0.0000000008
61794 0.0000000007
61912 0.0000000006
61943 0.0000000006
61961 0.0000000005
62070 0.0000000004
62215 0.0000000004
62290 0.0000000004
62337 0.0000000004
62375 0.0000000003
62536 0.0000000003
62638 0.0000000002
62664 0.0000000002
62684 0.0000000002
62724 0.0000000002
62854 0.0000000002
62966 0.0000000002
63024 0.0000000002
63098 0.0000000001
63124 0.0000000001
63233 0.0000000001
63244 0.0000000001
63697 0.0000000001
63797 0.0000000001
63810 0.0000000001
63811 0.0000000001
63838 0.0000000000
63871 0.0000000000
63928 0.0000000000
63969 0.0000000000
63974 0.0000000000
64165 0.0000000000
64210 0.0000000000
64220 0.0000000000
64274 0.0000000000
64374 0.0000000000
64518 0.0000000000
64565 0.0000000000
64590 0.0000000000
64598 0.0000000000
64627 0.0000000000
64720 0.0000000000
64771 0.0000000000
64821 0.0000000000
64834 0.0000000000
64932 0.0000000000
65125 0.0000000000
65164 0.0000000000
65240 0.0000000000
65283 0.0000000000
65528 0.0000000000
65538 0.0000000000
65579 0.0000000000
65592 0.0000000000
65645 0.0000000000
65787 0.0000000000
66008 0.0000000000
66033 0.0000000000
66151 0.0000000000
66161 0.0000000000
66213 0.0000000000
66543 0.0000000000
66616 0.0000000000
66730 0.0000000000
66767 0.0000000000
67019 0.0000000000
67566 0.0000000000
67792 0.0000000000
68656 0.0000000000
evaluations raw_y
1 71121843.8175840527
2 34191909.3320610747
15 17998009.3526668139
16 10753553.1768933143
19 6644621.1769687384
23 2062551.1838169429
24 1846108.5292857890
37 303393.7643122585
38 52413.0601390072
53 22478.4931736400
73 10735.1639221541
74 1945.4125543953
147 1529.0270542324
19068 1507.1786763356
19122 1495.2832481815
19712 1475.9534449034
19740 1475.0433426060
19744 1468.0259947100
19764 1390.5676915326
19825 1371.9019315949
19906 1362.4897590626
19915 1333.7643346016
19918 1325.6343773528
19937 1278.0222721206
19959 1240.5812555132
19999 1193.7541012915
20069 1175.6643033211
20149 1150.7084820266
20173 1133.7323131143
20193 1131.1552569032
20211 1123.5609408724
20218 1087.6940909669
20241 1060.5866599596
20258 1013.3095715504
20326 1012.2284005658
20485 986.8256756258
20498 986.3852019598
20502 972.8739533740
20515 960.7333446061
20544 932.4624171041
20555 888.2680064249
20651 887.5076871989
20668 874.9860784043
20715 872.7637481092
20720 840.3083851396
20810 816.7392341828
20869 809.0565247285
20892 799.5761499834
20896 790.2774174315
20897 771.5229913400
20928 746.9638088624
20964 723.6770146310
21004 690.9670515098
21054 689.7350974764
21090 649.9738040331
21186 632.5677850917
21209 628.6613275242
21221 610.9281415582
21234 597.0743079725
21242 584.9436487163
21269 574.3118858829
21308 572.7621576762
21314 565.8109088895
21350 549.3743752145
21360 511.8678386593
21384 498.6135638821
21413 491.7673632865
21479 466.5437992026
21511 463.3861515544
21585 437.2498077990
21624 416.6185377052
21681 415.1543036338
21731 407.0061089750
21844 400.4785747268
21849 390.1631583519
21912 387.0782031914
21914 382.8864509920
21992 380.8444505208
21993 377.7646345295
22011 373.7303510389
22039 366.0867810755
22067 355.5453474804
22080 339.8261750705
22162 330.2659860420
22188 328.7842401790
22194 327.3068453957
22197 320.3171983650
22229 313.4720867520
22286 307.5441590153
22305 305.5584161473
22313 301.8875508239
22370 301.8148089773
22383 300.2077700077
22443 298.9641922049
22444 297.2001597339
22522 296.1953785591
22529 287.8752627655
22545 278.0234085483
22649 269.6671281493
22671 262.8635688253
22705 262.3085871194
22725 260.9328480912
22755 255.1666010009
22765 254.0285601529
22768 244.1432493072
22797 240.5028963635
22821 235.9143530408
23226 230.6884582158
23256 228.1761282165
23291 228.0613948153
23292 227.9910091431
23343 223.4253288931
23357 218.4073875712
23397 202.7933626168
23460 197.5933993424
23483 187.5185713642
23521 181.7989160290
23546 175.6224453175
23618 174.6460772125
23640 167.0605413928
23668 164.1501374905
23703 162.3576935304
23717 161.4963745301
23747 161.0424977180
23764 157.6602757526
23919 152.8958171479
24200 143.5192096785
24232 142.3528091859
24260 131.1469660406
24274 128.6642477125
24304 122.0052347825
24325 121.4601029043
24337 114.4820012791
24364 107.9088592732
24601 100.8283705913
24619 100.3749370349
24624 99.0845078288
24671 94.4743928004
24693 93.0195531758
24726 90.6736999557
24749 89.0348344059
24800 86.8997568050
24843 86.1298903953
24887 83.6735400498
24900 82.4296738223
24959 81.4438429491
24986 77.1562884021
25004 76.5132652602
25037 73.7825913269
25122 72.6326275582
25129 71.6506462874
25175 71.5545636935
25185 70.2034833727
25229 66.9158992863
25280 66.8758645099
25399 65.4655853361
25417 64.8068158268
25430 64.6229247458
25444 63.3220209881
25452 59.9750844207
25510 59.3916020936
25588 55.9121301993
25756 53.2715925545
25784 49.7167465972
25849 48.9527160296
25896 48.3027968752
25921 48.2627666213
26007 47.2755453655
26041 46.9717523589
26047 46.6073522466
26055 43.4980224565
26245 43.0628862257
26306 42.9617888060
26521 42.2272961785
26598 39.0108171951
26659 38.9567924152
26666 38.8198923959
26812 36.1765081587
27029 33.6225536068
27129 33.2086349364
27192 31.2992803756
27264 29.1736588973
27353 29.1379020624
27506 22.9535758329
27587 22.8430807066
27965 22.0044915640
28304 20.4359304530
28716 20.3807864078
28745 19.6113652891
29328 18.1982240692
29388 17.6820018864
29404 17.2426525700
29417 16.6656078546
29516 16.3113581229
29525 16.2467477187
29528 16.0236849660
29557 15.3990949815
29618 15.2602761137
29657 14.6895304326
29667 14.5185719808
29736 14.0005506351
29742 13.1157769513
29872 11.1045430232
30639 10.8996384560
30906 9.8126063894
31016 9.4393906247
31069 8.3028522438
31202 7.5465319998
31238 6.8425392148
31317 6.7759852766
31357 5.0695972530
32405 4.7517392502
32469 4.1216198371
32564 4.0742414816
32891 3.9790068346
33261 3.6228165340
33327 3.2496964910
33520 2.9087056416
33641 2.7998701557
33833 2.5192788682
33952 2.4531799568
33959 2.3713663745
34039 1.8460018764
34192 1.6349617530
34313 1.5702081814
34538 1.4341969519
34552 1.4053019184
34619 1.3967410423
34620 1.3226407840
34698 1.3068151698
34702 1.2810789475
34735 1.0695008129
34782 1.0209299445
35091 0.9695266931
35161 0.8552753080
35216 0.8410034815
35358 0.7952138356
35575 0.7417108839
35674 0.7016140189
35686 0.5747297034
35908 0.5409795649
35969 0.4762371983
36201 0.4730573587
36257 0.4489520129
36278 0.3313481521
36469 0.3228633804
36489 0.3095198535
36561 0.3052086604
36717 0.2426517761
36873 0.2250420470
36992 0.2234523787
37011 0.2089473192
37158 0.2011495390
37204 0.1635292187
37243 0.1431312202
37395 0.1379166868
37410 0.1265782734
37478 0.1251255835
37820 0.1232297653
37869 0.1031529699
37910 0.0888576094
38030 0.0888085581
38118 0.0881122476
38172 0.0783630540
38174 0.0750964391
38305 0.0663089135
38416 0.0548562837
38613 0.0465678736
38857 0.0431870103
39296 0.0420385143
39463 0.0391606875
39547 0.0375131624
39661 0.0362234200
39686 0.0293126092
39804 0.0268674927
39820 0.0254363228
40525 0.0249436894
40532 0.0237308461
40553 0.0221694947
40639 0.0197697898
40644 0.0195304847
40661 0.0160571198
40880 0.0104280644
41412 0.0103356202
41543 0.0083602462
41781 0.0077007077
41909 0.0075135207
42133 0.0067034770
42143 0.0055214599
42230 0.0050746134
42355 0.0047593986
42470 0.0041195747
42586 0.0040896275
42696 0.0032930807
43403 0.0032067170
43669 0.0028191568
43687 0.0022389425
43927 0.0020454203
44129 0.0019984468
44156 0.0019897542
44157 0.0019446937
44239 0.0016764880
44347 0.0016691771
44358 0.0016554555
44430 0.0016315232
44435 0.0015207200
44623 0.0012851455
44743 0.0012033751
44771 0.0010181637
44824 0.0009797835
44956 0.0008332392
45091 0.0008178974
45246 0.0007674934
45405 0.0006279209
45743 0.0004601410
45878 0.0004186029
45974 0.0004159306
46044 0.0004152329
46078 0.0004054451
46237 0.0003951889
46310 0.0003053750
46409 0.0002787877
46735 0.0002769194
46837 0.0002724802
46901 0.0002482300
47030 0.0002299821
47188 0.0001933227
47260 0.0001538294
47470 0.0001344397
47577 0.0000861301
47881 0.0000844000
47898 0.0000806526
47995 0.0000761672
48077 0.0000703138
48137 0.0000658388
48226 0.0000628417
48246 0.0000586345
48308 0.0000505641
48388 0.0000501136
48442 0.0000483767
48470 0.0000463774
48512 0.0000385584
48541 0.0000361703
48818 0.0000333917
48842 0.0000302292
49059 0.0000294469
49078 0.0000287712
49086 0.0000286606
49098 0.0000238351
49286 0.0000227508
49337 0.0000225410
49354 0.0000218521
49376 0.0000217803
49380 0.0000183641
49383 0.0000149732
49613 0.0000126872
49862 0.0000124479
49939 0.0000111659
50062 0.0000103231
50115 0.0000100483
50130 0.0000097194
50162 0.0000093000
50220 0.0000091252
50260 0.0000077594
50320 0.0000069185
50501 0.0000065275
50506 0.0000060039
50848 0.0000058449
51103 0.0000050542
51151 0.0000047916
51159 0.0000042828
51299 0.0000042790
51601 0.0000032394
51613 0.0000030675
51680 0.0000029790
51688 0.0000029032
51700 0.0000022941
51725 0.0000022836
51807 0.0000021035
51827 0.0000019668
51876 0.0000011015
52122 0.0000010551
52404 0.0000009844
52437 0.0000009714
52600 0.0000009263
52617 0.0000008364
52643 0.0000008070
52647 0.0000007149
52695 0.0000006843
52804 0.0000006567
52883 0.0000006037
52927 0.0000005535
52946 0.0000004711
53101 0.0000004317
53253 0.0000004165
53257 0.0000003355
53300 0.0000003344
53305 0.0000003109
53453 0.0000002965
53534 0.0000002727
53562 0.0000002505
53575 0.0000002244
53708 0.0000002227
53719 0.0000002154
53871 0.0000002131
53976 0.0000002031
54000 0.0000001621
54101 0.0000001592
54105 0.0000001591
54124 0.0000001274
54185 0.0000001114
54297 0.0000001042
54621 0.0000001022
54671 0.0000000977
54742 0.0000000847
54780 0.0000000782
54818 0.0000000762
54841 0.0000000724
54843 0.0000000662
54886 0.0000000610
54982 0.0000000596
55083 0.0000000595
55155 0.0000000576
55157 0.0000000551
55176 0.0000000497
55222 0.0000000491
55236 0.0000000486
55266 0.0000000475
55389 0.0000000412
55394 0.0000000383
55409 0.0000000377
55447 0.0000000283
55692 0.0000000217
55697 0.0000000187
55966 0.0000000185
56032 0.0000000176
56049 0.0000000168
56095 0.0000000151
56102 0.0000000129
56431 0.0000000102
56496 0.0000000092
56577 0.0000000086
56643 0.0000000085
56664 0.0000000079
56711 0.0000000076
56760 0.0000000074
56914 0.0000000071
56951 0.0000000068
56958 0.0000000049
57067 0.0000000042
57164 0.0000000041
57168 0.0000000040
57237 0.0000000038
57347 0.0000000036
57366 0.0000000031
57421 0.0000000030
57467 0.0000000030
57537 0.0000000025
57581 0.0000000021
57757 0.0000000019
57838 0.0000000019
57881 0.0000000016
57947 0.0000000015
57985 0.0000000013
58020 0.0000000012
58157 0.0000000010
58424 0.0000000008
58611 0.0000000008
58612 0.0000000007
58650 0.0000000007
58660 0.0000000007
58681 0.0000000007
58720 0.0000000006
58727 0.0000000005
58986 0.0000000005
58993 0.0000000005
58996 0.0000000004
59055 0.0000000004
59120 0.0000000003
59188 0.0000000003
59233 0.0000000003
59297 0.0000000003
59414 0.0000000003
59473 0.0000000003
59488 0.0000000003
59529 0.0000000002
59589 0.0000000002
59613 0.0000000002
59632 0.0000000002
59705 0.0000000002
59899 0.0000000002
59987 0.0000000002
60040 0.0000000002
60067 0.0000000001
60083 0.0000000001
60622 0.0000000001
60633 0.0000000001
60666 0.0000000001
60692 0.0000000001
60706 0.0000000001
60732 0.0000000001
60749 0.0000000001
60880 0.0000000000
61007 0.0000000000
61043 0.0000000000
61198 0.0000000000
61222 0.0000000000
61252 0.0000000000
61270 0.0000000000
61298 0.0000000000
61432 0.0000000000
61458 0.0000000000
61500 0.0000000000
61501 0.0000000000
61606 0.0000000000
61633 0.0000000000
61788 0.0000000000
61838 0.0000000000
61868 0.0000000000
61959 0.0000000000
62202 0.0000000000
62219 0.0000000000
62417 0.0000000000
62442 0.0000000000
62445 0.0000000000
62554 0.0000000000
62648 0.0000000000
62688 0.0000000000
63087 0.0000000000
63094 0.0000000000
63126 0.0000000000
63134 0.0000000000
63223 0.0000000000
63284 0.0000000000
63346 0.0000000000
63408 0.0000000000
63459 0.0000000000
63581 0.0000000000
63602 0.0000000000
63789 0.0000000000
63839 0.0000000000
63932 0.0000000000
63963 0.0000000000
63968 0.0000000000
64004 0.0000000000
64164 0.0000000000
64338 0.0000000000
64504 0.0000000000
64548 0.0000000000
64786 0.0000000000
64840 0.0000000000
64949 0.0000000000
65186 0.0000000000
65259 0.0000000000
65402 0.0000000000
65449 0.0000000000
65483 0.0000000000
65799 0.0000000000
65912 0.0000000000
66337 0.0000000000
67038 0.0000000000
evaluations raw_y
1 14555155.7446846683
2 7949640.7115987334
3 3364423.3137200512
4 36417.1484610881
16 12697.5114647623
23 5457.2922280018
64 727.7709825869
2534 4631157.2583080353
evaluations raw_y
1 10491640.7999919206
2 28258.9972060574
19 3818.1827753510
20 684.4810889517
2534 3857911.6635006154
