evaluations raw_y
1 2110635701.6884531975
2 1206693565.3650584221
11 167428971.1152608097
15 119817366.5158223957
17 67136812.6038212925
61 53633550.1949929520
69 37324366.8896135762
70 28504559.5461784303
73 13494705.9011573866
76 4859103.2843920356
80 2219442.7160376618
82 1635208.4465890811
105 1350370.1748696943
223 953977.1818923934
359 935602.9893153827
361 912071.6522513579
363 902407.3202923834
374 887857.5813189712
378 885922.6301387363
393 870430.0921226806
395 866175.7028166191
398 843520.4336032922
399 834223.9737484679
401 819444.7392175884
417 809237.5800993096
419 794404.3566258183
421 788929.2011222257
428 785869.1902967461
441 784119.5199072460
444 779124.5340486155
445 777343.5109389720
446 774539.5225015705
448 772702.0516183972
450 771157.6381771122
451 771110.5893925603
453 769679.7804906314
454 769411.9773565409
457 768413.5315359978
460 768199.7646320101
462 757438.5802591799
463 746208.0203813936
465 739803.7660536438
468 739040.2478630227
471 732178.2090958914
472 728286.3244054448
474 724678.7807249870
504 715730.0174377341
524 715122.0865818954
525 712126.8223033964
527 710562.7428779555
528 709771.6783728545
529 706124.4969047300
531 705621.3873426823
532 703599.0776694010
537 702508.0669644109
539 701932.4583800961
541 697162.6875923271
543 691167.0364194729
546 686754.9307240939
548 686320.3483715655
550 677251.7445394497
551 670433.9839360366
554 659268.1878640145
555 649439.1993832233
558 635744.2747993988
559 617834.1015856684
561 616987.7084416375
578 608017.3571875623
580 596923.8505784237
581 587996.0986963934
589 581088.8054170387
590 578064.2796432807
592 572406.6112991816
599 569757.4569182040
600 566709.3804091825
602 565557.0016424784
603 562631.3558556420
605 562026.0649823924
607 557262.3944505218
608 552293.4137660132
609 546238.0531770785
611 544981.1550358224
612 542842.2353077536
627 540423.3987795219
628 537140.3616613875
632 536373.6393333327
634 534888.1491167471
637 527647.0293184401
641 527382.7463682955
643 523045.7534642823
645 516841.6948558206
647 513140.1069537969
649 511062.5351425970
650 506807.1509405507
674 501362.6911168779
684 500313.7832152077
686 499319.4957328800
687 495169.3912964712
689 495087.5424656487
691 494395.9761369171
692 492969.1122227843
699 491686.1987657633
704 491400.8389744748
707 489922.1336918617
712 487609.3092467406
714 483794.6258774179
715 481268.6270666730
729 480229.3330606206
732 479602.0661990821
735 479047.0523569170
740 478532.5069355492
741 477054.7930764414
745 475014.2766508819
747 474865.8800488340
748 473706.0320005976
749 471361.4994387505
751 469328.8680863592
754 467703.6419244368
757 466316.0423490272
762 466154.9323641452
771 465788.7475406312
777 462304.0493835867
779 460675.7239157190
780 459595.3403742316
781 456151.2878182669
789 455652.6407049575
791 453520.9699780729
793 452484.7971781315
795 451884.7113917558
799 450228.0138753621
801 449978.4509410113
804 449217.2802508468
805 447569.3888104569
820 447135.2198357370
821 446566.4832196871
822 446150.6495779200
823 445556.5457294369
825 444952.4354339986
845 442543.1079615965
848 441490.2998227039
849 439835.8883812292
851 433682.7922683940
856 432259.7971727985
859 431843.1234887535
860 430854.1932368906
861 429263.2832801036
864 426804.4636257308
875 424434.1693984567
878 422319.1527738111
881 417780.6539111505
883 416587.9743536996
884 414137.6079711693
891 411036.5181853711
892 406020.7382299204
894 404727.1018616988
900 401390.3038255875
903 396996.7126163277
909 396747.9861299743
927 395928.6775949501
943 395619.3354844078
948 394368.2855428091
959 393696.2138961013
961 392727.3665986756
965 390826.6620930377
967 390501.9525094215
969 388931.0303090209
972 387706.9960874253
975 386272.2400040725
976 385375.9307291383
978 383725.5743275899
982 383545.0427243403
985 383027.2410742913
986 382724.8910662074
987 382191.8463379715
988 380315.0020106955
989 376103.5497649429
1003 375930.6465956221
1005 374674.6671007114
1006 369298.4435114228
1007 367107.4848106444
1015 366068.2708215779
1018 365532.9836543044
1019 364207.9039539241
1020 363726.2822969784
1023 363440.5365328553
1025 362063.2881976588
1026 361656.8532299983
1027 360372.1712599081
1029 356381.3342920381
1031 355554.4505491407
1033 353737.5554761852
1034 348178.1270056441
1035 348075.2337481335
1039 346943.1052499755
1042 341818.0858012233
1043 341750.0646955693
1054 341366.5073837981
1057 336797.4625081511
1059 335011.0349079020
1068 334207.2248006814
1072 332931.6042571600
1074 330671.9860162365
1075 329527.4090943049
1077 328729.8761831835
1080 324029.5702506299
1081 323473.0860901466
1083 321413.4237587744
1087 321075.0611385877
1088 318685.8835558997
1097 318614.5472456531
1099 316431.9305509469
1101 315443.4935695864
1107 315181.8697686961
1108 313886.0053984639
1110 312974.6840567393
1112 312924.1547327281
1114 309035.8038317626
1115 307554.9750074423
1119 304590.7261650249
1124 301326.7621745835
1142 300650.7517142111
1143 299731.5140148118
1146 299671.6009146218
1148 297914.0625802467
1150 295691.1133151726
1151 293274.2962020028
1152 293154.0697612006
1155 292776.2539432360
1157 288490.8695096311
1158 285693.0344382231
1167 285374.5785899933
1169 282210.1894176740
1173 279192.6608971948
1175 278425.5130985034
1176 278388.4038110698
1177 276883.5524993174
1178 276687.5719472459
1179 272720.2904612941
1181 268744.8703033738
1182 266870.6745377610
1184 266590.4405699328
1186 265666.8271468977
1187 257485.9277250525
1190 256539.9277338848
1191 251712.0411725226
1193 249221.9521725029
1195 247468.2745545351
1196 246758.1434125371
1197 246417.8078566571
1201 245012.6363370043
1202 240684.1538902684
1204 240613.9100898213
1205 240515.6830242155
1206 235373.1506794231
1210 235159.3525314510
1212 234705.8099649097
1213 231132.5445156166
1217 228769.1149556391
1219 227078.1463679072
1222 225026.7110616778
1245 223771.9672819162
1269 223139.9843996007
1271 221873.4673429933
1273 221244.2402174905
1274 220978.9790612598
1275 219898.1793169981
1278 219299.1140347736
1279 217996.9776985695
1280 217258.9130463770
1284 216105.8982722085
1285 213884.0456398113
1286 213260.4518962528
1287 211668.2978738047
1288 210401.8564998660
1289 208702.8090727868
1291 204563.2626450108
1293 204038.0155270668
1294 203801.0059087316
1298 201308.1364807677
1299 197418.3530751826
1300 196446.1975385089
1303 194679.2636382620
1306 192867.3267325081
1313 192603.5399793543
1316 190647.9221487921
1317 186795.9745356679
1324 182318.1759560099
1325 181217.9226133534
1326 176352.4081057858
1327 168234.8668622816
1331 162369.3060197982
1339 161994.3356825103
1340 161546.9017842422
1350 157229.8096289147
1351 153568.7006844926
1352 153526.0466722094
1353 152707.6207336298
1355 148540.0864801191
1361 143710.9066567100
1365 137663.3629903149
1369 133806.1484679570
1373 127546.5214594440
1375 124786.4020521899
1379 121660.1271781618
1380 121362.5173094981
1381 120539.0603842972
1382 115070.5892961978
1384 111810.4113573768
1417 111293.9082169464
1420 110963.0593352364
1421 110755.7090840603
1422 109739.0812388247
1424 108614.0301082060
1426 108342.9170922850
1428 108310.7039841860
1439 108002.9245617102
1443 107756.8877337205
1445 107462.7594358616
1446 106916.3584912505
1447 105879.9567270528
1451 105367.8134611626
1475 103781.3536191376
1478 103725.5207394493
1479 103472.7801622467
1483 103402.5198612706
1488 103071.3241721564
1490 102837.2319892433
1491 102771.8355040832
1494 102144.0856308148
1503 101918.0269742439
1600 101866.7316889805
1601 101841.7223427136
1603 101701.3739651566
1615 101691.9645783601
1616 101640.4239159021
1638 101519.7139916920
1640 101324.0556321428
1641 101036.8071745859
1644 100988.9935382281
1645 100775.7039422311
1697 100738.5482359633
1704 100714.2476482775
1705 100596.5176515756
1710 100573.5019773751
1719 100556.5109500083
1722 100526.5481862435
1723 100511.8704987492
1724 100456.9389277433
1725 100442.6856985375
1728 100426.3685495854
1730 100404.1970787142
1731 100391.9713061247
1733 100384.4045712909
1736 100339.4542035443
1738 100331.7323280918
1739 100280.3984194213
1742 100270.2265856475
1743 100191.0687677452
1746 100155.8841974164
1758 100136.3958688269
1760 100120.4777899983
1761 100020.5148889315
1763 100008.8014602623
1766 100007.9259904976
1768 99952.6193514199
1775 99914.8523865280
1777 99874.1296353020
1780 99844.3833635544
1782 99821.7917107144
1792 99815.7344422292
1793 99779.9984887576
1795 99764.7797612129
1801 99751.6152171708
1808 99717.8723352352
1810 99700.4693481883
1811 99649.1099711534
1827 99642.5213863554
1839 99640.4637410132
1841 99601.5284928951
1844 99595.8554410132
1846 99574.8446540880
1847 99565.5635813165
1848 99556.0384891327
1849 99520.8910099656
1855 99498.6773434537
1857 99491.7859712031
1859 99454.3740966971
1873 99423.3798826749
1875 99388.1504669216
1877 99355.3345567549
1879 99339.2544478286
1886 99294.9800085702
1888 99288.3478618712
1890 99202.3957618738
1891 99187.7207579505
1894 99183.7297776336
1895 99063.8955057552
1897 99018.8443191485
1898 98974.2176328458
1899 98930.7895772947
1901 98893.0819215498
1904 98836.4501420809
1911 98690.5589030408
1913 98631.1037149573
1919 98465.7304472032
1922 98421.2873708896
1926 98257.0658951915
1935 98140.9842114458
1937 98079.3877241521
1942 98013.1390608668
1943 97814.6702483743
1948 97605.0461125092
1949 97528.3978802160
1950 97419.0624243414
1960 97334.8193909777
1966 97249.6641193815
1968 97106.3417399905
1975 97073.5013091982
1984 97048.7010090491
1986 97022.7598912844
1988 97021.3584807175
1989 96975.5864132230
1991 96927.4860712757
1993 96900.9312213401
1994 96876.0365466143
1995 96861.5760588174
1996 96839.9009833599
2008 96803.5386267477
2009 96790.5598380631
2014 96781.4465244672
2015 96778.5680377580
2017 96727.6021625932
2019 96713.4810886667
2025 96703.4589056368
2046 96698.1006407102
2047 96695.7858867630
2049 96688.1409788916
2054 96679.1520174208
2055 96654.5972534028
2056 96652.8397293232
2061 96633.2596645341
2063 96632.3668117895
2065 96625.9481590485
2066 96603.0210652803
2073 96573.7975016042
2079 96573.2731864692
2080 96564.9725979903
2082 96561.1936878441
2087 96534.8095327648
2090 96505.9865753039
2093 96505.3257492219
2103 96496.7630261306
2104 96493.9141467043
2105 96487.0140050697
2106 96461.8082542088
2107 96454.1651790118
2108 96441.6608207282
2109 96421.5376923089
2117 96420.1874984745
2119 96405.3564671951
2120 96365.0721764850
2121 96353.2228303064
2123 96334.5530551649
2126 96315.0585518405
2133 96306.4046442480
2136 96293.5034084795
2137 96280.0156609032
2139 96272.6175565285
2140 96263.8100603772
2153 96263.1027924991
2156 96246.5688211271
2160 96229.3970348631
2161 96210.2917691712
2167 96208.8301549800
2168 96170.7383588814
2171 96148.3848029423
2174 96086.0411402410
2227 96082.8951105734
2229 96076.9334776677
2231 96076.7559425088
2234 96061.7803914136
2235 96048.5958021875
2238 96042.8211623843
2239 96021.3690716527
2242 96017.5809546466
2243 96014.1813407414
2244 95986.2037208703
2249 95982.6940590037
2252 95981.9406476378
2256 95974.5408214850
2258 95973.7860983752
2259 95953.2126105887
2263 95950.8967806552
2265 95946.7855796243
2269 95945.3776300715
2272 95942.6055550936
2278 95938.6747268750
2280 95934.1379092035
2281 95928.9216986303
2282 95921.8731470486
2283 95914.0022055788
2286 95910.9969971901
2288 95906.5987966240
2294 95890.9148123149
2296 95882.5543196027
2297 95878.5818883940
2300 95860.9325594581
2303 95857.0182776029
2304 95833.5177110602
2305 95815.0923665455
2307 95812.8033954802
2309 95812.0456335976
2315 95787.8444211624
2320 95786.9752224401
2325 95785.8176229776
2327 95774.4875994658
2343 95755.8678887140
2346 95754.0979773223
2352 95734.5976059172
2353 95727.5207347418
2359 95702.9359864073
2361 95695.4824468995
2362 95689.1524053572
2363 95678.2404804756
2365 95675.3140164514
2368 95665.5109801829
2372 95663.9868478693
2374 95630.7488198785
2375 95599.7765354144
2378 95554.0204677595
2379 95503.4017921308
2382 95491.7965605901
2384 95417.0557950667
2386 95363.9953866265
2387 95320.0507968951
2389 95244.0047551869
2390 95213.3427567607
2394 95143.8936850491
2395 95136.6528837931
2397 95074.0376073563
2399 95050.3138807999
2411 94933.7278867044
2413 94812.0806674143
2422 94722.3365645395
2423 94633.2389931982
2425 94617.3685343049
2427 94607.3801786669
2432 94581.7744538951
2435 94511.7750227346
2436 94506.9729505615
2438 94470.4272487421
2439 94374.9633121223
2442 94296.8466172203
2443 94225.0848912492
2445 94214.9206864533
2448 94123.8106310414
2456 94088.9071407296
2467 94071.6280535618
2470 94034.7951617697
2473 94012.7657771901
2478 94011.0411172498
2479 93996.9152439747
2481 93930.6783580181
2486 93927.6077635628
2496 93914.7430477711
2498 93871.2967266267
2500 93839.0239986742
2502 93835.8000436909
2505 93829.7901208083
2507 93802.3296157421
2509 93775.5576908814
2514 93774.1470363681
2522 93757.6567742681
2525 93702.7310475705
2527 93679.6349246404
2531 93676.9497383094
2534 93650.6284200668
2539 93617.4695470590
2541 93553.7491240792
2550 93546.7817045015
2551 93498.7953935091
2552 93487.7522028813
2553 93471.2402875484
2556 93433.0669707235
2559 93427.2116744702
2560 93408.2676970274
2561 93389.8033964734
2563 93358.9070677438
2565 93327.6972687978
2568 93281.1940533891
2575 93267.6444244897
2578 93214.0318532128
2580 93184.5379898130
2585 93168.4597505942
2587 93166.5244288160
2588 93145.4114904621
2598 93137.1808135020
2600 93099.7129920872
2602 93056.6218729508
2603 92955.1286106129
2610 92922.3927657088
2611 92903.1438073157
2612 92831.4990752309
2623 92822.6641287413
2632 92793.5945982995
2634 92791.2551229906
2636 92788.6806921256
2637 92763.6857937141
2639 92759.6436027357
2645 92733.9888332904
2647 92698.1407167704
2650 92684.9829364227
2652 92672.3403101602
2653 92640.9618841273
2657 92636.4774673377
2661 92628.5220093757
2663 92614.5883591972
2665 92614.3546649982
2667 92591.5608499257
2670 92589.5769334143
2675 92573.6456528682
2677 92561.4336829131
2682 92544.6813022907
2686 92539.8104338567
2689 92534.1958692584
2693 92532.0493550260
2694 92527.6920971186
2695 92521.3548603343
2697 92513.9085722875
2706 92511.9436860946
2707 92509.3537260461
2708 92506.1706684619
2709 92498.6296468470
2715 92491.8674021295
2717 92484.2278265979
2720 92479.4894688415
2721 92477.4146685907
2728 92475.6064165650
2732 92466.9753129874
2733 92464.3843885489
2738 92464.0799896254
2739 92457.0441373092
2742 92447.5339658619
2745 92436.0664085316
2748 92421.5947924965
2749 92415.1056191657
2751 92400.8897767264
2753 92397.6811610663
2754 92395.3427930913
2759 92387.4971039837
2763 92385.1194343287
2764 92379.6866372536
2765 92374.7894541495
2767 92364.1620749995
2769 92363.1582620072
2770 92348.6096786049
2771 92343.7778766337
2772 92340.7721443090
2773 92331.6783613104
2777 92305.5948556144
2780 92304.7742433917
2783 92282.9974276720
2789 92274.8514131316
2791 92270.5383985921
2792 92269.3940490060
2794 92263.2735791954
2824 92260.8381007843
2827 92260.2320557482
2828 92258.6312402051
2829 92257.4998317889
2831 92256.0310744469
2834 92251.3753686540
2837 92249.7670942481
2839 92242.7090517202
2841 92233.3700556641
2844 92228.8546767024
2845 92221.9044670397
2847 92208.8448003627
2849 92192.2913740781
2851 92183.1042618480
2854 92166.4185226830
2856 92162.2816631683
2857 92149.6392736252
2858 92139.6420687706
2859 92101.0023868670
2862 92044.3030565229
2863 92035.1405611553
2866 92033.7006291427
2867 92032.5454827320
2868 91995.3554474944
2869 91965.8362084826
2871 91933.2174924299
2873 91921.9829688558
2874 91892.3217112773
2875 91871.0093553238
2876 91785.2051191476
2879 91696.6894239010
2881 91640.6557342658
2884 91543.8416737697
2886 91362.5460045742
2887 91240.0311461636
2891 91234.5352453573
2894 91087.2234244543
2895 90450.3093392129
2900 90314.5425581098
2919 90260.2619283085
2928 90140.0736874010
2934 89941.1396164133
2938 89805.9996068643
2940 89694.8978198718
2942 89326.4365121774
2943 89266.1442118056
2956 88870.7993987171
2957 88775.9174182002
2958 88293.6413646529
2961 88058.0366437760
2965 87956.2188798043
2968 87793.8136796100
2969 87722.8386137836
2971 87642.4360429813
2973 87616.3448160917
2977 87588.8758217149
2980 87398.3191064227
2986 87350.3969516408
2990 87296.5166256516
2995 87162.7546069359
2997 87068.2988973209
2998 86936.9070251765
3003 86760.2528107572
3036 86685.0534235264
3050 86352.2468954787
3052 86349.7239594376
3054 86162.1605184347
3058 86111.5142171802
3060 86107.4130465850
3062 85910.0863345363
3070 85724.1777358161
3071 85638.3712383944
3073 85619.3529576843
3075 85600.8160363090
3082 85441.7397523232
3083 85344.1461507441
3084 84997.5586403075
3085 84509.3083976343
3096 84409.8738040106
3100 83988.1085200264
3101 83679.6282467972
3104 83218.6200434180
3116 82482.7570558671
3130 80933.0178410707
3132 79570.8588055941
3133 79046.4980550052
3172 78663.4872749262
3173 77747.0771193302
3175 76679.6325808796
3178 76122.8995050888
3180 75938.3197951360
3183 75518.9539402373
3189 74868.7110926856
3192 74429.7111055044
3193 73399.9179767509
3201 73331.6316059713
3207 73290.1911730710
3208 72988.0401334878
3209 72308.5164403761
3212 72154.1948686223
3213 72058.0624486785
3214 71458.5372426835
3215 71257.4481332287
3217 71114.7281298425
3218 70745.5798525123
3220 70111.4340832736
3228 69291.1853524204
3229 68652.9112942053
3231 68505.7181742901
3234 68250.7756280131
3236 68053.4347448868
3244 67233.7333764037
3249 66288.4328110140
3252 64590.2175123025
3254 64489.4298720597
3255 63858.8319279134
3258 63604.1056501942
3259 63390.2549837008
3262 63262.5421494070
3263 63052.9747986596
3267 58740.5357404789
3269 58507.8221021440
3271 55812.2333222163
3274 53531.8674215870
3288 53400.3062307790
3290 52527.9791099997
3293 52348.8708385414
3295 52280.5248732991
3297 51092.3427744127
3300 50129.9848833120
3301 49983.9650929510
3302 49312.8970566067
3303 48249.8793655513
3305 46148.4763463724
3315 44344.9008252770
3320 44214.2382052229
3321 44030.2116401084
3323 43129.4336547685
3325 42455.9763687531
3329 42393.2276428769
3331 41921.2105112958
3332 40917.0377986456
3337 40578.3112395057
3339 39675.5495284394
3343 39339.5989987777
3348 39339.2943318753
3349 38871.2160784166
3363 38824.2574377054
3366 38656.9046502692
3367 38377.7226281713
3369 37685.4319358558
3371 37370.1663749369
3374 37083.0137834335
3375 36563.5337279771
3378 35829.8688293223
3379 35602.2282644131
3381 35479.7800810363
3382 34434.2049699809
3388 34204.1846349060
3389 33515.6708892506
3392 32901.7376737315
3403 32859.8446802711
3423 32515.0727897674
3426 32364.6125222207
3427 32025.8942809464
3433 31912.7300988685
3435 31287.5488476527
3437 31148.0777988079
3438 30547.4682843776
3440 30522.2145561549
3442 29717.7137520207
3448 29216.7167561721
3449 28572.9112791690
3452 28500.4830799062
3453 27880.7138882029
3458 27574.8433714575
3460 27348.5038016584
3463 27250.2966059183
3465 27216.3913770881
3466 27065.2320741885
3489 26759.1482379190
3507 26570.4155997634
3510 26559.1375987188
3515 26410.4060301208
3518 26390.0616903332
3519 26389.6137432142
3521 26228.9951889777
3558 26228.5736450695
3559 26209.7266602106
3567 26196.8239437024
3626 26193.0014805675
3627 26189.7126009425
3628 26176.3770927520
3630 26173.4438872306
3651 26165.3043472432
3658 26158.7542050571
3670 26158.2110928083
3675 26157.7687198463
3679 26148.8312051981
3682 26147.2442830661
3684 26146.0050139813
3685 26145.5173017544
3686 26143.6366409668
3687 26136.8210364490
3689 26135.4278506423
3690 26132.3137220141
3692 26118.8270479115
3695 26116.1562519234
3697 26096.9658377601
3699 26087.0704992353
3701 26067.3405466859
3705 26048.6717299042
3708 26038.1448893566
3709 26005.2598963096
3711 25973.8077370970
3716 25960.7832494604
3717 25941.9352128336
3728 25910.3433481426
3729 25897.4612485126
3741 25888.6500598870
3753 25877.8240356301
3755 25876.9323618159
3756 25868.1394801828
3758 25864.2621218094
3760 25837.8540259552
3768 25799.4512140501
3770 25791.6070518927
3772 25780.1417358578
3774 25779.3150589792
3777 25772.3253647017
3779 25766.9394525357
3780 25740.1935320125
3783 25716.7438689575
3785 25678.7170490831
3787 25662.5237119604
3788 25642.7607317161
3790 25627.2832869016
3794 25578.0224966358
3795 25577.1319498030
3796 25529.9314844869
3797 25478.2831929782
3801 25452.4420925801
3803 25438.8810759592
3806 25419.8252275256
3807 25374.3999345385
3819 25318.8237547506
3823 25295.3028533828
3824 25278.8301049175
3843 25274.0711696939
3847 25260.2281288768
3849 25238.8237315054
3851 25232.1862076005
3854 25216.9602755047
3856 25213.8430240521
3857 25202.3112134302
3860 25175.2201550936
3864 25174.2078393620
3869 25152.2602125518
3909 25151.2934745312
3912 25144.1007116337
3914 25141.4765616967
3918 25140.2693983701
3919 25127.8976119760
3926 25126.6626812948
3928 25125.0646613667
3933 25113.9841595278
3936 25097.9488702139
3941 25089.3536971781
3942 25079.1008898568
3944 25077.2664292017
3946 25053.6174194996
3947 25032.6159241304
3948 25032.0376744923
3949 25013.5017537795
3952 24996.6668728612
3954 24993.3912073231
3957 24962.9484582663
3962 24924.6492094637
3963 24922.1860015156
3964 24903.5389059804
3965 24896.8434693644
3966 24887.1749848491
3969 24883.9186174816
3971 24877.7587177787
3972 24845.7529322600
3973 24820.3964354120
3974 24770.8152704725
3986 24747.0741344649
3988 24694.9224767164
4008 24683.4528027420
4021 24662.3388556489
4023 24644.5286952416
4027 24590.3679670801
4032 24573.9736385777
4034 24570.6625617499
4035 24549.9658639583
4037 24531.8213057347
4038 24527.9352078629
4076 24524.3144058710
4081 24521.5911117331
4082 24505.7801565364
4083 24489.2817010860
4084 24458.4713640124
4086 24457.3881959275
4088 24446.2365488933
4089 24443.4773003539
4093 24439.4443999612
4095 24412.9506375668
4097 24400.9251162465
4099 24393.8035045762
4102 24352.2275061894
4130 24323.2668836306
4137 24284.8066334188
4499 21367.8382258313
4501 17948.6940714901
4505 17806.4550428137
4508 16980.9518805591
4510 15158.6456000228
4512 15000.5092048709
4513 14452.4348472496
4516 14093.3788747929
4518 12292.2972752917
4519 11904.2591635451
4524 11338.4944934839
4537 11061.5706814016
4541 10431.9602288635
4544 10268.0374795531
4548 10047.5820259989
4563 9782.6726269261
4565 9056.8632422362
4583 9016.4426059789
4585 8881.0814332341
4588 8796.6896162983
4596 8707.3975403287
4597 8684.4430417902
4598 8546.0154445880
4621 8531.8770964687
4623 8436.5120424263
4626 8362.7953761823
4628 8193.4843820101
4629 8176.0863365860
4631 8077.9322375177
4632 8069.0893183461
4634 7989.9590400433
4635 7802.2345531133
4637 7786.1687482116
4641 7661.7764074913
4644 7395.2371583867
4645 7219.3864845302
4647 7121.1484859704
4648 7088.8972648095
4661 7043.3261598772
4687 7008.1455983694
4693 6989.9593930150
4696 6958.1646761756
4697 6928.1396715320
4699 6925.4847040828
4700 6903.4177347262
4703 6873.3933455861
4706 6837.1164201158
4707 6834.2441791358
4724 6822.2840216168
4725 6809.4922356938
4726 6791.8567917806
4728 6790.5125714896
4731 6790.4406403147
4732 6773.4247643366
evaluations raw_y
1 2052994825.3663382530
2 122756479.5008800775
20 40134148.0742298141
36 39540272.1815432906
37 37122927.4361326247
41 35478112.7511828095
52 35205629.3366240859
66 34218327.9885557592
68 33167940.8454871029
71 31675500.2307369784
72 29686411.1561338827
76 17098301.1421413869
95 15558630.5850539189
97 11127510.9903237224
99 10923758.6982668713
101 9765508.5619694442
103 4340133.0925531564
105 3783747.9681984312
109 1299760.0138791548
206 1111873.1127565769
211 628492.1193026803
267 544197.3992377559
287 527217.3121776785
296 472509.4956548723
298 465836.8744726165
300 458827.0566560827
303 440255.8324447254
305 399277.7078268809
346 389154.5417886569
348 374418.9376063215
356 365612.4955082894
358 360369.7227669322
368 354747.3082516993
370 347352.0638429382
373 343132.9011354396
384 342185.8442025635
385 338803.2914522552
387 337590.5754439672
394 334803.6648399415
396 332251.2038230660
397 330746.2026574803
399 330523.8097912698
405 330051.8589970793
408 326086.1784262669
410 325253.1577953263
412 320239.4044986874
430 314721.8662321833
443 304565.9255188154
457 299223.8429790552
459 297568.1157875829
460 294602.2472800389
461 286350.0968880313
464 286171.9525875333
465 279798.6105272995
467 276512.1021264268
469 269048.8046112690
472 266620.2053116047
474 266031.3466344382
479 265609.9298198030
481 264199.9536365153
485 261036.2977658964
498 259425.6302992202
501 259292.3772854598
506 258963.9762967257
507 256586.9850035670
510 255324.4073469538
511 253444.0455295568
516 251938.4719657546
518 250071.6771522379
519 245670.3568328014
521 244591.4261950969
523 242083.1528987400
526 231582.8207459899
528 228849.5544546105
529 225971.8995938981
534 225803.8601237195
560 224301.9275551704
561 219918.7729969918
562 219177.5059161081
564 208824.2548511192
565 199808.7711545902
568 199806.5261953723
569 194084.3552942624
573 185424.1379654796
575 168512.1175545158
577 159052.3304752772
579 142679.5321480086
619 139789.9148668793
631 139352.7907110946
634 135889.8016327870
635 133965.4850460655
637 123592.2214255825
640 119044.7430225438
642 118547.6354508759
643 115004.8870000307
646 109671.1085845831
656 108912.4533350229
660 105555.6620137748
662 102518.5868001905
665 102279.9888591998
667 99938.3239950569
668 99091.8201989386
681 94127.3195006673
684 92099.3230845257
691 87342.9767596253
694 86446.4724824264
699 86305.3073366503
702 84997.6481248938
703 83437.3003203799
705 81396.7051345617
707 80044.3425281267
709 79223.6994418663
735 75397.0459451081
737 73659.5293069392
739 64841.2903467037
742 59886.6893034855
750 59772.9825269152
754 54896.6191393602
755 53002.4167372754
756 50926.9524842498
789 48962.3096471262
792 46939.4103666865
824 46131.8482813474
826 44734.6818690002
827 43591.2018389743
831 43013.5632007007
835 41422.3041030436
837 39280.9327415876
840 38580.1702866113
841 38171.0964900561
842 36241.4554992515
845 35179.1335235288
847 33260.5239722205
853 32304.0186375883
855 28264.4450917950
860 27748.5596896060
862 24798.8618595088
865 24061.3148826026
867 22466.3241006253
870 20515.5096239073
873 17072.8472876789
876 15231.1863652663
884 13586.5623750835
894 10859.2472510453
899 9847.8004821867
902 8890.4139830699
937 8837.0719597706
941 8799.2501547591
943 8796.4437097754
944 8733.3290421726
945 8576.8081300922
948 8542.9622914378
955 8448.4439956749
960 8350.1573989095
961 8007.0000788270
963 7861.9952237133
966 7795.5535164277
970 7627.8822751595
971 7395.8196834561
980 6985.1500327355
981 6862.3163675669
983 6557.3999143501
985 6515.5892444167
993 6015.5551004747
999 6011.8178211098
1000 5843.5791744279
1018 5663.8027784195
1020 5467.0959220181
1022 5436.6864468571
1024 5319.1692904219
1047 5174.3051776492
1049 4924.5699015848
1053 4912.0064557638
1065 4635.9812423868
1097 4596.0236266833
1100 4400.7249828438
1102 4176.1539285619
1122 4127.2071523158
1123 4096.8171258936
1148 4094.9716094936
1161 4091.0148454243
1163 4074.1331362882
1165 4069.7295691525
1167 4067.6962765593
1168 4067.0645912532
1170 4060.6465236116
1173 4058.4311188392
1175 4054.5690246827
1208 4051.7828622417
1209 4050.1244169722
1211 4045.4520934830
1214 4044.8324174611
1215 4044.4105974221
1217 4043.7757544598
1220 4042.6413418013
1221 4038.5901191559
1224 4033.6419600463
1225 4033.6330449277
1226 4030.2457677037
1227 4027.9099847254
1230 4025.7941591969
1232 4016.6626884378
1235 4014.0647979190
1238 4008.7133693309
1257 4006.9715241309
1260 4004.1763593174
1262 3997.8289276272
1264 3997.1861721946
1266 3993.7116274768
1268 3992.6088760480
1272 3991.5192502780
1279 3984.0713519491
1281 3977.5810179792
1283 3971.3214988605
1284 3970.7258794110
1292 3970.5068988215
1295 3967.6308279857
1297 3965.5688744743
1298 3959.3410330521
1300 3955.6760024036
1301 3954.7632330543
1302 3952.3256243414
1303 3942.2605536375
1320 3934.9274030673
1323 3933.8432390388
1324 3926.1637778102
1326 3924.1882354091
1327 3922.4882618673
1328 3914.0400758646
1329 3913.0084651023
1336 3912.8488521247
1345 3912.8466741662
1346 3910.3144325256
1348 3909.3608748049
1349 3903.6411061476
1351 3899.5860207080
1352 3896.4080885647
1353 3895.0304350818
1356 3890.4512484156
1358 3885.6698055961
1359 3877.7790641741
1360 3872.2163818678
1362 3865.4561346541
1363 3863.0668804948
1365 3861.7741506659
1366 3856.6171921909
1367 3847.6811955979
1369 3834.3356000379
1373 3833.5138700998
1375 3824.7658162063
1376 3821.4667723048
1377 3821.1687698643
1379 3815.2540570152
1380 3807.7479069163
1381 3795.4199701208
1387 3794.9497242317
1388 3789.5329635972
1395 3781.9667035463
1398 3776.1886704884
1399 3773.9850039917
1401 3770.0034519798
1406 3765.0962855838
1407 3763.6615806420
1409 3763.1426280593
1414 3760.7740532692
1415 3756.1625600789
1422 3752.8651097408
1423 3749.6391164191
1427 3746.8795078203
1429 3737.9941718071
1434 3737.0056440479
1435 3731.6808604739
1437 3730.2081230853
1439 3725.1662847598
1442 3723.3055616042
1451 3723.2418257604
1453 3721.1951283245
1454 3718.4548058389
1457 3718.4445067389
1459 3716.4227455263
1464 3712.6174768906
1466 3707.7702359439
1469 3706.0466039153
1472 3701.0119181679
1475 3697.9703957055
1477 3692.8550772379
1480 3690.7823497626
1481 3689.1887313668
1483 3686.6687621324
1484 3680.9018986912
1485 3675.0135333919
1489 3667.8609849568
1493 3663.7333495363
1496 3648.0562518494
1497 3632.2999703391
1499 3621.2126694895
1501 3606.6059378851
1503 3596.1375523909
1515 3592.1377240934
1517 3592.1157055704
1520 3589.0723922907
1521 3583.3313113023
1523 3577.9179403013
1525 3570.2008428184
1528 3565.4412763260
1540 3563.5413106889
1541 3563.3623814464
1543 3553.5219440932
1545 3548.0281746687
1547 3542.2769212234
1555 3532.6736273686
1559 3526.8818292178
1560 3519.1846372867
1567 3518.2054356712
1570 3513.6131543863
1575 3511.5637942788
1586 3509.8174381255
1589 3506.5713923525
1592 3506.1290557967
1601 3504.9666434499
1609 3501.0618352126
1612 3500.8784956863
1615 3496.0804602791
1616 3495.4631673050
1618 3492.0418700461
1623 3485.9712417835
1626 3479.4835263206
1627 3470.9785301248
1631 3465.3401519409
1636 3459.4326193366
1638 3447.9197718600
1639 3444.7720052708
1642 3433.4307612516
1643 3426.6677879729
1647 3422.1508554095
1649 3415.0002748181
1650 3414.2180275949
1657 3413.7064305672
1658 3403.5733568330
1698 3396.2527959521
1701 3386.3079279836
1709 3376.6230475335
1712 3368.0609765799
1714 3338.1625989758
1716 3335.7969745832
1717 3317.4784302111
1719 3309.3340620940
1720 3307.5888171890
1721 3291.9195151544
1723 3228.4110126924
1725 3216.9186757043
1726 3178.1743206611
1728 3059.8331793545
1729 2986.6448390700
1730 2974.7467371629
1732 2946.1323079844
1733 2888.9935381050
1735 2819.7272185557
1737 2711.4252635005
1753 2696.3645403097
1761 2629.4779484832
1763 2591.3273302491
1765 2574.9642858412
1768 2565.5424430801
1780 2472.2208477359
1789 2441.7566408500
1792 2349.8958935386
1793 2325.6078760575
1794 2316.7904925599
1795 2264.0955537176
1799 2172.9700672761
1801 2162.3226437612
1802 2129.4065782650
1803 2069.2369995516
1806 1946.2065629131
1807 1894.0977283637
1813 1885.6052763137
1816 1799.6963733421
1819 1644.6868276897
1820 1584.1593693375
1821 1302.1858506429
1824 1143.0915754802
1838 1045.6582204931
1839 963.8542957960
1851 909.4355851531
1854 876.4458630070
1858 851.6965257730
1860 804.0306164856
1861 715.3271329519
1862 708.9225202783
1871 678.1207860002
1876 587.4403196963
1890 581.2263293722
1900 572.2489663083
1920 560.2179938050
1923 540.8693471822
1926 534.5576504699
1929 523.5891056496
1946 510.4130285863
1968 504.8608283560
1971 495.0478745096
1975 494.7469514449
1976 485.9740791155
1977 483.8472068711
2025 483.7799714433
2027 481.4829714963
2030 479.6337816145
2031 478.0910467496
2033 477.5227251903
2035 472.5743712432
2038 470.8229822052
2040 470.6947041765
2051 470.6922643164
2054 469.7059121294
2056 466.9510202370
2057 463.4934989773
2059 456.4254083212
2063 453.2643453513
2066 450.9339531082
2068 446.7526391538
2090 446.5295999721
2113 444.8374480893
2115 443.0104804342
2118 442.6021868912
2120 441.4040590865
2121 441.0288190596
2125 438.4988934813
2130 438.1603924271
2140 437.0541202869
2157 436.2774891172
2160 436.0816865717
2163 435.5772452197
2165 434.3573919216
2168 433.1809913614
2169 432.7768032893
2170 431.4741848522
2171 430.1543342246
2173 428.9793676076
2176 428.0565571918
2192 427.0540215094
2193 426.9895490538
2197 425.1413423102
2201 423.2140754229
2248 423.1945330794
2270 422.6157419861
2277 422.2700743682
2278 422.2390706080
2281 421.8352085926
2283 421.2749364376
2285 421.0256714516
2287 420.3467344719
2291 420.1550925981
2292 419.9987222625
2293 418.2896653729
2296 417.6761015383
2300 417.2511848584
2306 416.7977688449
2308 416.2179890496
2309 416.0622217609
2312 415.0497046527
2315 414.2228926108
2318 413.2331049577
2319 413.0481223451
2333 412.7902425289
2336 412.3881556538
2338 410.9977372615
2346 410.2557354406
2347 408.7807855734
2349 408.7791223594
2352 408.0940637466
2354 407.6883522098
2355 406.9599347629
2357 406.7246635006
2359 406.4377380690
2362 406.3157417857
2363 405.1830620921
2365 404.9497254153
2366 404.5032957007
2371 404.1969231474
2374 403.6202551921
2419 403.5536336208
2421 403.5266568369
2424 402.8328565853
2425 402.4825138321
2426 402.4555825817
2433 402.2075068887
2436 402.0326954704
2437 401.7806855352
2445 401.4222932144
2448 400.7352882493
2450 399.8892372680
2452 399.5855324514
2453 399.1012778644
2465 398.7542143280
2466 398.2141472600
2471 398.0145187754
2474 397.6365732016
2476 397.1408928493
2478 396.5724812634
2480 396.4556386821
2481 395.9249761586
2482 395.6753106022
2483 395.1666908655
2486 395.0457144325
2487 394.9686385436
2488 394.7109735540
2496 394.5263909445
2501 393.9067496097
2503 393.5480674835
2505 393.2574788873
2507 391.6760555687
2509 390.9306387741
2512 390.8244273416
2517 388.7660844982
2519 387.3488341215
2520 387.3456673883
2521 385.8999701138
2523 383.9043164655
2524 382.9984657991
2530 377.9536029209
2531 376.7614727364
2534 376.6182124121
2537 375.4477610169
2542 372.9585465904
2543 370.9217365830
2551 368.9165233319
2554 368.6216275113
2555 367.8716887385
2557 366.9344247776
2558 366.3918505943
2559 364.2329470185
2562 364.0828761620
2564 362.9273230412
2565 362.8423932344
2569 362.6086172759
2572 360.5979740381
2574 360.2060013781
2579 358.5189692235
2582 358.4577517061
2584 356.4082927256
2589 356.3008796512
2592 356.0409757295
2594 355.3446096442
2595 354.3932070642
2597 353.7036470529
2599 352.0924532175
2602 351.7396322822
2603 351.0516375355
2604 350.2302830318
2605 349.8565941904
2607 348.0589238263
2609 347.7287934535
2610 346.8036815649
2611 345.8944449869
2657 345.2595230496
2659 344.1853754804
2674 344.0564765377
2677 342.2673393148
2679 341.7454402392
2680 340.9918068216
2682 337.5458760771
2683 337.1240929018
2694 334.9542547774
2695 330.5609610374
2698 329.5414501243
2699 329.3888096260
2700 326.3352092435
2701 324.0807151151
2703 322.5293651098
2709 322.2884820523
2713 317.9227789276
2720 317.0383923672
2723 316.3235461389
2725 316.0876371680
2727 315.2586453098
2729 314.9277436224
2731 314.3319261068
2733 313.7823171993
2736 313.3390500167
2740 312.8241045157
2750 312.6794144765
2756 312.5344147634
2757 312.1425001905
2760 311.7342454774
2761 311.1774799741
2763 310.4891989801
2765 310.2928133840
2766 310.2469285345
2767 310.0733651092
2769 309.7220757558
2772 309.3880965372
2773 308.9597670844
2776 308.6511596856
2777 307.9603205063
2780 307.4580274795
2782 306.8858312585
2784 306.8276905037
2785 305.7712723453
2788 305.1821166392
2789 304.6168443519
2790 304.5885198215
2792 303.5015104132
2793 303.0078500397
2795 302.2931686630
2799 301.8224678162
2801 300.9863622760
2802 299.6921053581
2803 299.0711374389
2805 297.4195313058
2807 294.8292539251
2814 294.4829428201
2815 294.0520711851
2817 291.5061214770
2825 289.9502881942
2826 289.3527947901
2827 287.6302368540
2830 281.9065892445
2842 280.8920678307
2850 280.2296609180
2852 277.6845555432
2853 275.5103113677
2855 273.5988875630
2857 271.3237975941
2859 269.4727104985
2861 265.8991471502
2864 264.5411737344
2866 264.4725015511
2868 263.8619883763
2869 263.2071428099
2879 261.3209350851
2887 258.4024781641
2889 256.5040253135
2891 256.0184930148
2892 254.8246120769
2900 253.3982605846
2933 253.3590782147
2936 252.6353216429
2943 252.4310275956
2948 252.3307734689
2949 252.2268186671
2950 251.7629426325
2954 251.4720480530
2956 251.1305639896
2957 250.4327607056
2964 250.2287710127
2966 250.1215321652
2967 250.0624331227
2970 250.0277054356
2973 249.7025606037
2975 249.6442308087
2977 249.5793531849
2979 249.1060828463
2982 249.0190518583
2999 248.6288786926
3006 248.5750712200
3008 248.4340325281
3013 248.1264103357
3017 247.9154251757
3019 247.8384414434
3020 247.8265277682
3021 247.7334788107
3022 247.3360927605
3026 247.2834620204
3027 247.0298893291
3038 247.0161711340
3040 246.3700125815
3048 245.8323106211
3049 244.9566484930
3051 244.7096156579
3059 244.6549805915
3060 244.3884047991
3062 243.8197524967
3065 243.5437030710
3066 243.1050661954
3067 242.7780911407
3069 241.7191757078
3072 240.7785099093
3076 240.4849018022
3084 239.6231663563
3085 238.3746535316
3088 238.0370944484
3090 237.6758388937
3091 235.6362184253
3093 234.6620560019
3094 234.2917081252
3097 234.1040954788
3117 233.2150001861
3121 231.7036601082
3122 231.4890576650
3123 230.8052562552
3124 230.4423849509
3126 229.9070960803
3128 227.9260119104
3130 225.7287000553
3132 220.9577568835
3137 218.7719875070
3140 216.8748695749
3141 216.2856710310
3144 215.7485155183
3154 214.1204452078
3155 209.5073420541
3157 206.9077919205
3158 203.8109316172
3159 201.2535519387
3161 192.5917219084
3180 177.9916012142
3183 174.0839244780
3185 165.6527583719
3186 160.6536507423
3187 153.6791882406
3199 153.5523189173
3204 150.5355780863
3207 147.2429109743
3209 145.8203434329
3210 144.7181301913
3240 144.5700681327
3241 141.8237353572
3243 139.8337228069
3245 139.1761481208
3246 139.0567589238
3249 138.7094989274
3250 138.2200446440
3251 131.1917682976
3254 130.4558547972
3256 128.3162725511
3259 125.9454085789
3260 124.2253786551
3262 122.9860949864
3263 118.0950923035
3266 114.4532853852
3268 112.6912959266
3272 111.4224936318
3273 110.9831696335
3277 110.2235960905
3282 109.7122719242
3284 107.3689006048
3285 105.3627533161
3288 104.1572536891
3290 101.6712127503
3291 101.1347359408
3292 100.8648272083
3295 100.5633249873
3298 98.5624017692
3299 97.1878808376
3301 95.8871639739
3304 95.3562046375
3308 94.7339995278
3343 94.6461275243
3345 88.3915456016
3350 85.9588560037
3351 84.2050754851
3354 82.4808444909
3377 81.6619778897
3379 80.6164507902
3382 76.3268812591
3398 74.9398140441
3400 74.8575615154
3404 73.8771703230
3418 73.6096590589
3422 72.3588519804
3443 71.7201482701
3444 71.7120862894
3484 71.3889956583
3485 71.3253036528
3486 71.2613881046
3503 71.2314361893
3505 71.0451914958
3507 70.9597615008
3513 70.9558169497
3519 70.8663028970
3521 70.8156252543
3523 70.7930215087
3525 70.7526134736
3528 70.6059338872
3535 70.5977737550
3538 70.5790923890
3540 70.5232708012
3548 70.5320485084
evaluations raw_y
1 127797363.6378502995
3 97811208.1645363271
6 81727381.2077962905
16 58295662.5360177159
18 49270944.1480319798
27 39656119.8344369903
29 32327640.9866753109
30 25761495.7150907777
32 23810448.6472819410
33 22148731.9885286056
38 9341953.7960835919
54 5414587.4058841532
55 5271708.9673365280
56 2354614.4129493511
166 2317068.5761596276
167 2105143.6440923875
174 1974926.6702054229
180 1881804.4217427508
185 1815836.5102358572
186 1618565.2377681769
189 1607058.0746474364
224 1593048.4175352703
226 1559571.1694521194
227 1527991.3152185162
229 1511384.8931005881
230 1491841.6549750587
232 1480078.0107455309
238 1443001.1860981088
239 1427420.7759622666
241 1410827.5023860566
245 1399826.6130810422
248 1361195.9253508218
249 1348357.1071971064
252 1346218.4863791442
253 1333918.2679446437
255 1265566.4150982336
265 1238655.1507811910
277 1233519.9283329791
278 1224641.4872911237
279 1221811.2785171052
280 1208801.0222626110
282 1185157.8424980363
286 1182827.4664603816
287 1175217.5233955740
288 1159957.5813009399
290 1148182.9187054464
297 1146314.8555762114
299 1120721.8469750811
320 1118728.0172136347
331 1115282.2290636450
345 1109881.5740947220
347 1107732.9300287245
351 1096870.9034900588
354 1090465.7064605521
355 1062220.8204705787
358 1055224.1769159993
359 1047471.4993088166
372 1039186.7251902814
375 1024639.3468711502
377 1013019.4426649044
379 999021.6572897224
391 979468.2300569551
396 973640.7940248450
404 969234.8964960955
405 944379.5238822505
410 895012.3331413842
411 892183.9106246950
417 876034.7557476811
422 838408.2214534127
423 822029.4680568257
424 810255.5772023118
425 807432.3012644246
427 798092.7272538482
429 791863.3095764865
437 746026.3750751447
449 739575.8553737547
452 718373.7865702382
455 715042.3068047778
478 713942.0361079763
479 707656.3420028816
484 695524.1872761217
485 685472.1374764452
488 676382.2116103929
490 672907.6712813053
492 664026.1223248789
496 655622.1335054897
498 651914.5922982518
510 648657.4726176505
512 648024.3507397622
513 646812.1513243795
543 644634.9120092014
567 643198.3642336035
572 640110.3947868057
579 634041.4730281010
589 632755.0897433133
592 632113.2122226090
593 630539.8687650573
594 630461.8502992780
608 629708.2293904964
609 628979.8018030534
610 628436.2105302898
612 628131.9133211685
613 627041.3347809023
625 625425.1942876270
627 623676.6206178368
632 623016.1385780823
633 621566.9021621650
636 620071.6623033209
637 618942.0144251290
641 616746.5086220436
643 616675.1182387915
647 616183.9178967576
648 611466.6523409206
656 609840.5826222150
658 609787.2211905353
660 605780.4642627185
662 603210.7231175187
667 602319.6136242835
673 602131.6779335437
675 600465.5320057792
677 599055.2896632658
679 597722.2938794104
682 597683.7770491141
684 595703.8700882952
685 594693.5765977509
688 594404.9305272002
690 593135.3725648352
691 592785.4508800933
692 592405.8649666355
693 590818.2832922012
697 587632.3695945529
699 585949.5090282161
701 584766.4231542702
704 583828.5527603731
709 583436.7246456076
711 582550.0261221447
714 581749.8542677270
716 581218.1408843664
726 579583.5383054982
759 575210.6786069162
763 561764.9192945773
767 553527.6416104144
769 549276.9631378625
773 538260.8266932509
780 532863.2056911854
783 529373.0379388349
786 528681.5886783109
788 524807.0170353454
793 517598.4903154388
796 512256.5750074821
798 503587.1182999282
801 491781.5185523903
804 479594.5863968663
805 477579.9149739305
806 476908.8437310472
807 467135.1735022410
810 460625.6655583358
813 457931.8909233138
815 448921.9258253941
818 441252.7110867457
824 430611.8685003814
825 422092.4580682054
827 417868.5070423458
835 412423.2771355568
935 411548.1020513517
937 410849.6886081178
938 410061.7734278807
939 406627.3680231684
941 406512.8647145677
943 400625.0258867939
982 399942.0932716590
983 399143.5211391043
987 398041.3197631887
990 397076.6299638738
991 396839.4209360993
992 394715.4492631491
993 391053.9984049082
995 390195.0346073577
997 387801.7966726886
998 386980.6674883288
999 383990.8720854580
1001 379421.4591350858
1005 378800.9286734273
1009 378495.8732584033
1011 377645.4163262383
1013 377101.3526308956
1014 377031.1528737568
1018 374737.5748649509
1040 372581.0463913935
1044 368140.7430062602
1045 367913.2724497453
1049 363334.7861890135
1050 356213.7750654940
1067 349902.4703885440
1075 343958.2685003073
1082 342373.3964942312
1083 337639.3314215542
1088 335901.6554190904
1089 328198.6689517187
1091 326510.8208522325
1096 324570.6702713612
1098 323058.3694778167
1099 319618.1951894951
1112 317978.6210740127
1114 314805.5069946459
1116 313868.7352309547
1118 310900.6037205325
1129 307270.2590123537
1131 307184.4698653439
1148 306252.3358608371
1149 305915.2840370171
1153 304597.1679373042
1155 302103.1993179502
1157 300199.7106124540
1160 298772.7633881561
1189 298257.0213437045
1190 298204.8811029562
1194 297870.1933481414
1196 297247.8340317881
1197 296119.0356463410
1201 295290.3181097654
1203 294180.8565313579
1206 293784.6428235213
1207 292500.9091256412
1213 289939.2373673226
1226 289665.9501935990
1230 289610.1246821262
1233 289214.1848772052
1235 288610.4753757882
1237 288252.1568038159
1239 287712.4940001120
1241 287683.2942334743
1242 286901.4111048703
1243 285929.8503233285
1247 284839.3253864645
1252 284535.5288445281
1254 283249.4827368771
1260 283178.9434182430
1261 283157.5498351667
1262 282952.0424437617
1263 282891.8209756102
1266 282597.5602885161
1269 281615.1241799925
1271 280820.8260381910
1273 280455.5155327977
1275 280065.4217833977
1277 279789.9894104550
1278 279586.7365745140
1279 278584.2972063627
1282 277216.8549353434
1283 276866.3222923328
1285 276390.1450168716
1286 275606.3359043689
1288 273460.0845728316
1289 271053.6027460375
1294 269999.6307736239
1303 269097.2059471240
1305 268991.4833096591
1307 267190.9693031593
1310 265949.0168580320
1312 265563.6631235589
1319 264162.2569197135
1320 263470.2096795105
1321 263438.9413988549
1323 263172.9988675166
1324 262314.1833603725
1325 262187.4841030241
1328 261603.0422721416
1329 260791.4900374719
1332 259084.9405924752
1333 257598.0180768671
1334 256913.7070119175
1335 254069.3332968367
1338 253881.3960764676
1339 251821.4683448291
1353 251723.2409235756
1355 250552.6476917613
1360 248213.0920503938
1362 247130.6912114033
1364 245945.3783835255
1373 245246.2562872801
1375 245187.3056643093
1376 243273.9096014367
1380 241771.8274748409
1381 241153.9890584257
1382 240283.5958009299
1393 239490.8472324314
1395 237352.6210030456
1399 233969.2336402354
1401 232339.8052596431
1403 230213.6854465759
1409 229156.7794618843
1411 226522.0847231497
1413 223875.2110292992
1414 223560.7639989908
1416 221369.8803975299
1417 219643.5374618430
1423 218965.5421210646
1426 216508.0812216369
1427 216292.0683094672
1434 216028.2508244083
1436 215210.2210552690
1437 214613.1509002390
1440 213670.0564108680
1442 212735.6634446938
1452 211986.3966908834
1454 209873.3455448709
1455 209852.3410719614
1456 207780.3755761996
1458 206608.3029419340
1459 203155.7080898968
1462 201659.2801144846
1463 199784.0189159730
1467 198881.8355482121
1468 196330.4129985639
1469 194091.3645962413
1472 193357.3588185516
1475 190946.5347220133
1478 190345.4970933539
1480 187921.4236627043
1483 185965.9995253281
1487 185794.7388949744
1490 184090.7353667151
1491 183749.3092083969
1493 183507.0745138421
1494 180889.1455391662
1495 180257.3926870135
1496 178275.4613431710
1527 175585.5148333349
1530 174342.0408820148
1532 174087.1738929123
1533 172381.0586432184
1535 169108.6980614522
1541 164820.3874223352
1543 162771.3877830931
1550 159486.6432180434
1552 156537.9716162979
1553 155284.7911690850
1554 152422.3544757732
1556 151391.0244778839
1559 149446.2819258199
1560 148151.4608544407
1564 143116.3261610261
1565 140914.3126961934
1567 137607.3161792591
1571 132430.6455480751
1574 129283.3505739631
1583 128185.3454006445
1585 122961.7657705426
1592 121958.2873309613
1593 118825.1538095976
1597 116118.6346890161
1599 115997.8311737206
1602 112222.9498077521
1603 109961.6137761484
1607 108420.1259313009
1609 107417.1608329541
1613 105419.1157761558
1616 104086.4142234527
1617 103292.4717700192
1620 102616.1764890468
1621 102331.8705093537
1637 102213.3557920428
1639 101894.9251942474
1642 100604.4660200225
1669 100489.2868468604
1679 99814.1239477876
1681 98674.7501213755
1684 98431.6258299061
1687 98229.7562724685
1688 97113.5541986669
1689 96121.9479144911
1692 93385.4907232920
1693 92269.5251899037
1696 91389.5226729223
1697 90233.0875501390
1699 89934.0544022663
1702 89916.8863221246
1705 89481.0668377574
1709 87654.3782826400
1711 86867.4078251224
1713 86748.6268735897
1714 84946.9654152877
1715 84258.0786092481
1718 83921.7867510510
1732 83634.8875484169
1734 82315.5055191511
1736 80765.7821467997
1747 79588.9402533901
1749 79397.9033720886
1751 78592.8412209700
1752 76392.4637422869
1753 75305.5587057469
1757 74174.2040518488
1775 73518.6337003157
1776 70178.0409310508
1778 63903.5833013729
1780 63838.7644353432
1782 61438.2289113380
1791 59569.0177368265
1792 55803.4362341665
1793 54745.0796850584
1796 54674.3762869714
1798 53558.9779708587
1799 51007.9114124812
1806 49895.8992718830
1813 48887.6752878275
1814 48081.1398438407
1816 47089.2483148285
1817 43230.2268503146
1819 42255.8087146250
1824 40455.8709812063
1827 36520.3945671004
1830 33633.4135294724
1835 31199.5986404738
1840 30358.6526232185
1847 27397.2578132901
1867 24036.6092287527
1888 23667.0333487567
1889 22324.6150496978
1894 20464.0423846009
1903 19579.0103363177
1904 18893.4721323397
1905 17169.5539961985
1907 15473.7213845074
1909 14208.2656263856
1927 10679.6762756974
1930 8776.3845241867
1940 7237.8043353861
1954 6538.1918933515
1961 6451.4977463999
1964 6003.5847702683
1966 5426.9276260787
1967 4864.9823470001
1969 4707.4634953792
1971 4201.0589882912
1975 3707.8292880619
2001 3519.9003145799
2005 3471.0025406086
2011 3234.7309273392
2013 3193.0984293584
2014 3186.9840452864
2016 2976.7327975127
2017 2891.6789536265
2019 2844.3423785037
2028 2803.0248074898
2033 2727.3373128607
2073 2687.0586311320
2075 2579.4084743812
2077 2559.6133785764
2078 2539.5121676601
2080 2488.5431533052
2081 2466.1623514034
2090 2315.8737659708
2096 2306.4840414913
2097 2202.2718872774
2102 2201.3375673854
2103 2153.5786292618
2104 2087.1985854653
2106 1902.0939732238
2115 1748.2678358946
2116 1700.2340691129
2212 1693.8831974531
2215 1649.5582592938
2220 1614.7237703307
2224 1607.6764717973
2225 1584.6566646732
2228 1581.6262994930
2230 1537.5899936812
2231 1492.8402173021
2240 1474.4424370240
2245 1453.7616545095
2251 1452.6905759566
2255 1438.8783552407
2258 1412.8498309849
2261 1356.3312873524
2263 1313.1116390612
2265 1308.4812193206
2267 1260.9333455566
2270 1254.9784593008
2271 1206.7712957660
2274 1196.5927173034
2276 1176.8509975059
2277 1144.8597802943
2280 1095.9001242680
2281 1086.5946329961
2282 1021.5470585016
2283 950.9830455209
2290 949.0798971410
2291 904.9547047585
2295 893.2509887870
2297 821.1578222335
2299 699.1584808626
2304 687.3761872616
2305 681.5359066992
2306 559.7738490404
2308 473.8191271873
2309 408.7304568747
2315 380.4649933913
2317 376.2757318747
2318 366.6342748592
2319 338.6739868039
2332 330.5104329379
2335 281.4464481578
2337 225.6511048329
2344 213.8578260475
2345 200.5363488210
2347 198.0440027931
2350 196.1006243731
2357 147.3280664400
2389 139.8834267915
2395 133.1162240876
2407 125.1162292471
2411 115.1375779743
2414 113.9329942358
2415 109.4651154809
2431 107.1235915686
2436 106.2526922930
2439 105.4792404249
2452 100.9934901000
2453 93.9006480390
2456 93.1517080902
2458 92.5478048057
2460 92.2276999780
2466 91.1137740689
2468 91.0721237483
2481 90.8711289610
2502 90.5180082080
2503 89.9803080991
2506 89.7404065311
2510 89.4694346883
2511 89.1080598411
2513 88.4069792150
2515 88.2314725278
2518 88.1824689060
2520 87.8640490965
2521 87.6943537871
2530 87.6831159294
2531 87.5243487002
2539 87.3657475198
2542 87.3323405482
2568 87.3310235447
2570 87.3028880734
2571 87.2145768627
2573 87.1915170313
2576 87.1711809291
2700 87.1653960305
2701 87.1635315866
2703 87.1619328705
2705 87.1557447858
2708 87.1554829236
2715 87.1544784802
2718 87.1525766631
2728 87.1494445499
2730 87.1474773081
2766 87.1473771472
2768 87.1471363252
2769 87.1469097377
2770 87.1462494549
2771 87.1457395555
2774 87.1451535440
2775 87.1449220777
2777 87.1445338518
2779 87.1441691248
2780 87.1430951288
2782 87.1430753930
2784 87.1423560388
2788 87.1422258996
2798 87.1421306891
2852 87.1433696141
evaluations raw_y
1 736831019.1477346420
3 81411517.9921521842
18 59372664.0254182070
19 41515636.9041973576
22 40850858.0732271746
25 38800691.8937084451
29 38537007.0876934007
31 37525993.0180020258
33 22860642.0628207885
36 12028511.3236480374
40 9449840.7367574871
44 9446730.5704559535
45 9427476.0932814684
48 6513934.4813879486
50 3945493.5005867132
52 2729533.8754542121
53 1536809.1892010435
57 848355.9975471232
67 745963.5682326762
68 698923.1654124206
74 360224.3924258674
93 330609.6409143565
119 264453.0298901616
122 159520.7243566657
124 15704.5380725384
127 6550.6895541557
326 6090.3406306766
328 5702.4990021126
334 4130.5626269547
373 3849.9325867024
375 3692.4934456843
377 3617.0616798897
380 3229.6033559869
381 2771.6650482902
382 2059.5697128660
392 1547.9373920769
400 1538.0003207328
401 861.4130611738
550 809.7768692881
551 661.1808415007
552 543.0726852700
553 527.3637294862
554 495.4252806119
556 458.3437558025
592 455.1298175525
597 429.6512579570
600 367.8362638083
628 349.8644951755
629 338.8545488642
630 311.0900157631
631 300.8263295270
634 295.4076766884
638 292.5923574485
647 279.8148339246
649 276.3039828146
652 258.0014230718
654 248.7576632319
656 223.5789774386
657 219.7954807133
658 188.1524484989
660 170.2430863139
662 154.1420529529
664 126.4750555369
665 99.6998603834
667 76.1827197255
685 62.2250572961
687 54.3607418420
699 41.8459454834
701 41.2950405731
704 30.0971164740
711 28.4067797757
712 16.4731917667
714 10.8035555426
918 10.4480265797
919 10.2375263585
931 10.1659925146
935 10.0097242240
936 9.1767171777
937 8.5455785527
939 8.1018831607
940 7.7936051667
941 7.0334966467
944 7.0093406330
945 5.3499707231
965 5.0180224768
967 2.6477254691
974 1.3887434262
978 1.1367009559
979 0.5835496255
984 0.5271717154
985 0.2498471804
1205 0.2456813072
1212 0.2117664627
1214 0.1967453546
1216 0.1914946075
1220 0.1815614756
1225 0.1729103061
1227 0.1594860124
1229 0.1532818879
1263 0.1511471659
1284 0.1510288237
1285 0.1474367101
1291 0.1440095726
1292 0.1395468777
1293 0.1391471469
1296 0.1344921716
1297 0.1305210898
1314 0.1293720810
1315 0.1270092350
1321 0.1239281012
1323 0.1237415640
1326 0.1222366843
1328 0.1202398789
1330 0.1201766663
1338 0.1200111875
1340 0.1199423870
1341 0.1194846662
1343 0.1188125223
1344 0.1178564657
1345 0.1166268685
1351 0.1152413595
1354 0.1150387901
1355 0.1140658431
1359 0.1130549966
1365 0.1125862223
1367 0.1125861370
1370 0.1125401895
1453 0.1125132929
1457 0.1124914291
1460 0.1124536940
1461 0.1123972696
1464 0.1123792774
1465 0.1123216749
1473 0.1123020336
1478 0.1122535219
1484 0.1122222085
1485 0.1121720146
1487 0.1121682648
1490 0.1121149265
1492 0.1120710278
1493 0.1120400042
1496 0.1119985040
1499 0.1119868448
1501 0.1119438435
1504 0.1119288308
1507 0.1118988355
1509 0.1118959321
1513 0.1118908759
1557 0.1118908644
1562 0.1118889168
1563 0.1118885837
1564 0.1118880788
1598 0.1118866964
1599 0.1118860440
1602 0.1118840773
1603 0.1118839117
1604 0.1118837522
1660 0.1118830847
1668 0.1118830776
1670 0.1118830760
1680 0.1118830024
1681 0.1118826996
1687 0.1118826814
1690 0.1118824705
1694 0.1118823845
1696 0.1118821674
1697 0.1118821432
1702 0.1118820477
1703 0.1118820173
1704 0.1118820094
1705 0.1118819684
1706 0.1118819382
1709 0.1118817457
1733 0.1118816739
1736 0.1118815735
1741 0.1118815085
1744 0.1118813410
1745 0.1118811443
1748 0.1118809537
1750 0.1118809377
1751 0.1118808364
1753 0.1118807786
1754 0.1118807143
1756 0.1118806149
1757 0.1118804068
1787 0.1118803879
1797 0.1118803855
1813 0.1118803805
1831 0.1118803524
1833 0.1118803398
1837 0.1118803366
1839 0.1118803191
1841 0.1118803061
1852 0.1118802886
1853 0.1118802583
1857 0.1118802407
1859 0.1118801768
1861 0.1118801592
1935 0.1118801495
1954 0.1118801437
1956 0.1118801421
1957 0.1118801163
1965 0.1118801059
1973 0.1118801037
1975 0.1118801019
1978 0.1118800885
1979 0.1118800759
1981 0.1118800700
1994 0.1118800653
1998 0.1118800390
2000 0.1118800365
2001 0.1118800342
2003 0.1118800058
2005 0.1118799938
2011 0.1118799747
2015 0.1118799542
2019 0.1118799523
2023 0.1118799377
2025 0.1118799178
2027 0.1118799141
2029 0.1118799139
2031 0.1118799046
2049 0.1118798962
2069 0.1118798917
2071 0.1118798875
2074 0.1118798804
2091 0.1118798782
2093 0.1118798743
2099 0.1118798689
2102 0.1118798685
2103 0.1118798624
2105 0.1118798569
2107 0.1118798542
2111 0.1118798532
2115 0.1118798501
2117 0.1118798437
2120 0.1118798436
2122 0.1118798393
2125 0.1118798269
2127 0.1118798136
2130 0.1118798083
2132 0.1118798056
2133 0.1118798045
2147 0.1118798041
2149 0.1118798037
2150 0.1118797973
2151 0.1118797933
2154 0.1118797914
2156 0.1118797869
2157 0.1118797849
2168 0.1118797767
2169 0.1118797714
2171 0.1118797614
2174 0.1118797610
2253 0.1118797550
2255 0.1118797546
2258 0.1118797507
2268 0.1118797482
2278 0.1118797460
2280 0.1118797455
2296 0.1118797411
2298 0.1118797385
2299 0.1118797349
2301 0.1118797342
2303 0.1118797334
2310 0.1118797330
2319 0.1118797327
2325 0.1118797326
2328 0.1118797325
2329 0.1118797321
2330 0.1118797315
2331 0.1118797315
2333 0.1118797311
2337 0.1118797310
2340 0.1118797308
2341 0.1118797301
2344 0.1118797298
2349 0.1118797292
2351 0.1118797286
2353 0.1118797282
2358 0.1118797282
2363 0.1118797280
2366 0.1118797279
2369 0.1118797276
2373 0.1118797273
2377 0.1118797271
2378 0.1118797269
2382 0.1118797268
2385 0.1118797262
2387 0.1118797262
2388 0.1118797258
2391 0.1118797256
2392 0.1118797254
2393 0.1118797248
2395 0.1118797247
2398 0.1118797241
2400 0.1118797239
2411 0.1118797238
2413 0.1118797234
2415 0.1118797232
2434 0.1118797229
2435 0.1118797229
2438 0.1118797227
2444 0.1118797223
2445 0.1118797219
2446 0.1118797218
2449 0.1118797218
2451 0.1118797215
2480 0.1118797214
2481 0.1118797214
2484 0.1118797214
2486 0.1118797213
2490 0.1118797214
evaluations raw_y
1 33744124.6900076941
3 8118387.1002281439
9 3459214.0633340175
28 1460571.8859541242
34 1345590.4181887847
65 1137324.6336576894
87 1038324.1030165572
95 856556.4263493861
98 715378.6434490376
120 633745.3628687635
121 557120.4538861888
122 390568.5787299831
137 348196.6185180128
138 329366.9554436548
144 270286.4682141697
148 262042.6282081496
154 249164.4048341559
155 207857.2502595924
157 171333.7802599841
159 135349.4007666709
161 120721.9661173975
162 118691.3999383052
251 110356.8326397672
258 109598.6585036343
260 92262.0853605204
261 83651.9332418086
263 73844.1744359017
265 69677.6701803281
275 66230.3492641456
276 63880.9639830939
284 63701.8251299485
313 61949.6649230176
315 61253.8727774593
316 61111.1316670764
319 60688.2825916455
321 57773.8555179776
322 57438.2540461550
324 56149.1349346906
325 53101.4753309420
338 49399.3975115952
339 47588.4393015331
352 46779.6907668018
354 42348.2717436580
355 41378.5106523271
357 39092.1345068455
360 38877.8739681825
362 36317.0854114413
364 34179.6355184731
366 33312.8560148848
367 30074.0735848020
372 27882.5573566442
377 27325.9229115130
379 24532.4654380257
382 23928.8567586597
383 23843.6351731676
384 23226.3178232497
385 22635.3663948881
387 21428.0846774188
390 20429.5290678527
391 18832.1917463374
394 17922.0198336323
395 17590.3054141910
396 16829.4138805516
397 14738.3589304531
401 13070.3708180708
406 12673.6887757805
407 11937.7328944937
412 10810.5016537545
413 9321.2280774187
415 7684.1592407744
417 7375.3317146314
422 6798.6405853146
430 5378.2504511881
431 2139.0740467447
446 1646.7548280571
450 1346.1450919122
455 630.5014518443
465 613.0157847739
469 383.7224902019
472 294.4091193605
505 66.4380745931
544 36.3337346330
556 14.9579649165
2050 14.9560308576
2052 14.9395011949
2054 14.9258506515
2055 14.9254096508
2057 14.9149463474
2059 14.9079063378
2060 14.9057871143
2061 14.8842264304
2067 14.8841857205
2068 14.8809157710
2070 14.8454168973
2074 14.8441071806
2075 14.8404020743
2077 14.8353970259
2078 14.8320176749
2079 14.7919637072
2081 14.7748841611
2083 14.7641489729
2086 14.7526914208
2088 14.7514036254
2099 14.7377461416
2101 14.7367213361
2102 14.7318792737
2103 14.7107515716
2115 14.7089057141
2116 14.6548551401
2119 14.6424556317
2121 14.6153461591
2123 14.6017260077
2125 14.5956799859
2126 14.5902599953
2128 14.5899386843
2135 14.5844926111
2137 14.5749707612
2140 14.5560885053
2146 14.5470411086
2148 14.5362880662
2201 14.5349649208
2203 14.5334941351
2206 14.5265034569
2244 14.5230571096
2246 14.5218139952
2249 14.5170576455
2250 14.5113850628
2251 14.5080625488
2254 14.4972840501
2255 14.4920754703
2258 14.4882542994
2301 14.4872969351
2304 14.4856252148
2305 14.4843381594
2307 14.4838333539
2308 14.4824640684
2312 14.4819906798
2319 14.4806390728
2321 14.4785555926
2326 14.4777320093
2327 14.4772487775
2329 14.4745128597
2332 14.4730193574
2349 14.4728159987
2355 14.4716425236
2364 14.4712835472
2367 14.4711639040
2369 14.4710299692
2371 14.4705916986
2374 14.4703176242
2375 14.4693626961
2380 14.4687982212
2381 14.4677708768
2382 14.4677430976
2403 14.4673773509
2429 14.4673057044
2431 14.4673043662
2437 14.4671529655
2445 14.4670467514
2450 14.4669122815
2451 14.4667981839
2452 14.4667312162
2454 14.4664527194
2455 14.4663055699
2458 14.4660149003
2463 14.4659669211
2470 14.4657729533
2471 14.4656153638
2472 14.4655865062
2474 14.4652483053
2476 14.4650033090
2477 14.4649853810
2479 14.4646748176
2481 14.4646603190
2485 14.4646182798
2489 14.4644617064
2492 14.4639080870
2493 14.4637045800
2497 14.4632807369
2501 14.4627471513
2505 14.4623988971
2507 14.4617600372
2510 14.4613251551
2512 14.4605571495
2514 14.4604327206
2520 14.4603406419
2529 14.4597562451
2532 14.4586009128
2533 14.4579400137
2537 14.4578524524
2542 14.4574010296
2551 14.4566928743
2554 14.4554086708
2557 14.4553808421
2564 14.4548043264
2566 14.4547434462
2567 14.4543837798
2570 14.4543051946
2571 14.4542423260
2573 14.4541862304
2574 14.4538928596
2582 14.4535067564
2583 14.4533966329
2584 14.4531399104
2601 14.4528587489
2603 14.4527701422
2606 14.4527510412
2610 14.4525588495
2615 14.4524144474
2617 14.4518463388
2623 14.4517599817
2625 14.4517173402
2627 14.4513440992
2633 14.4510047384
2636 14.4507318668
2637 14.4502493313
2641 14.4501426445
2642 14.4498479205
2645 14.4497490585
2649 14.4494416427
2651 14.4491697368
2654 14.4490678061
2656 14.4488885658
2674 14.4488884490
2681 14.4487050819
2683 14.4486749506
2688 14.4486481975
2689 14.4485216171
2693 14.4483336001
2697 14.4483288539
2701 14.4478264922
2703 14.4476588961
2704 14.4475052745
2705 14.4468451528
2710 14.4466983051
2713 14.4460254389
2715 14.4448374366
2717 14.4435877930
2719 14.4422456507
2723 14.4419286780
2726 14.4406343001
2728 14.4399807174
2729 14.4398976490
2730 14.4393132843
2733 14.4391617461
2734 14.4387747796
2738 14.4383484573
2739 14.4378540714
2743 14.4376464498
2746 14.4374513291
2747 14.4348889986
2756 14.4343923373
2757 14.4337509350
2781 14.4334842647
2784 14.4333751645
2785 14.4331234620
2788 14.4328895391
2789 14.4328236263
2794 14.4322291441
2795 14.4319667274
2797 14.4314205803
2802 14.4305484271
2810 14.4300916336
2812 14.4297941253
2813 14.4293014167
2814 14.4292913538
2820 14.4285465520
2821 14.4284834321
2823 14.4281540437
2825 14.4278523670
2828 14.4276220150
2829 14.4275792495
2832 14.4265393202
2856 14.4262728992
2857 14.4258905970
2858 14.4257180993
2861 14.4256338804
2863 14.4250873578
2865 14.4248294823
2868 14.4245887549
2872 14.4245759137
2873 14.4238312914
2875 14.4238127194
2877 14.4237825169
2879 14.4229273756
2881 14.4225315603
2882 14.4221842877
2892 14.4224675338
evaluations raw_y
1 3259167491.8310799599
2 2363049228.2591829300
11 1156034851.2771496773
13 1093743144.5017805099
14 339870665.0879759789
18 209504356.0088472366
19 175760362.5137103498
21 66539167.4749631509
24 37852051.2642165869
25 7668836.6725664763
34 2767579.8189441659
68 2473887.3327256450
75 1066341.8719210513
77 1061886.1252867379
134 838771.3173467311
137 755332.6216073611
150 700213.5329962324
151 535740.4335609307
152 392320.1661043469
157 278727.4076652839
160 148794.4731813125
246 143102.3759380954
247 100546.3762177046
287 89894.4717763430
293 64273.4406193752
296 41045.0719000810
311 35728.1416106474
315 29657.1616346239
317 24336.8376846023
320 14955.7474143730
322 11269.0252978070
325 10630.8696791029
366 9221.6648997945
368 6148.7247446744
374 6069.8404926717
375 4407.1170775211
377 3948.2199526896
408 3740.6950025746
420 3467.5443825940
421 3085.6402352096
423 2895.3525127513
426 2479.4229072408
427 2403.7667451800
429 2346.9414526777
430 2141.5536172406
433 2120.4577370000
436 2097.2456960460
437 1754.4456494407
440 1714.1627130206
445 1662.3217642764
457 1444.1764249507
459 1265.4299222808
462 1009.5283169184
466 974.2989549624
470 824.7641069246
471 618.5902085956
474 599.0948805233
492 506.8445545042
493 465.2779161467
496 426.5387896756
499 415.0571171888
502 325.1141937726
503 238.3712228442
506 214.2342451721
512 87.4447921799
581 7.7984931143
595 5.5873890597
597 5.3381777068
598 5.1208424621
639 4.4604313760
641 3.9770182773
682 3.6683258122
684 3.5746551658
686 3.2698596063
687 3.2615742036
690 3.1233056875
692 2.6451060863
694 1.9478630714
721 1.9402491758
723 0.7079045745
726 0.2611811613
737 0.1809530659
1570 0.1795529792
1571 0.1787594166
1576 0.1771764783
1609 0.1757793267
1625 0.1754928350
1626 0.1745449876
1627 0.1743274445
1629 0.1740337336
1632 0.1734582983
1637 0.1734108827
1639 0.1729453605
1651 0.1720303856
1653 0.1718165581
1697 0.1717335059
1713 0.1716889667
1715 0.1716404371
1718 0.1715418584
1719 0.1714518750
1721 0.1710418083
1723 0.1709898698
1724 0.1708521335
1725 0.1706323437
1728 0.1702576252
1730 0.1698961825
1740 0.1696815391
1741 0.1696673460
1751 0.1694495960
1762 0.1692494232
1764 0.1692416545
1766 0.1691477237
1767 0.1689974416
1770 0.1688995517
1771 0.1687842891
1773 0.1687681047
1776 0.1684023213
1778 0.1683904533
1779 0.1683856149
1783 0.1683522304
1785 0.1682823622
1791 0.1681479003
1796 0.1681032671
1802 0.1677622853
1803 0.1677426982
1804 0.1676761975
1805 0.1676434439
1812 0.1674982226
1861 0.1674416638
1863 0.1668441804
1865 0.1667501422
1867 0.1656734701
1871 0.1644193173
1902 0.1641519487
1907 0.1635526993
1922 0.1631683357
1924 0.1625554556
1940 0.1595217341
1990 0.1574609875
2001 0.1546980139
2009 0.1538629018
2013 0.1515357235
2071 0.1515289652
2074 0.1514624574
2076 0.1513251178
2077 0.1512172489
2079 0.1510558862
2081 0.1509628513
2085 0.1508342359
2087 0.1505223268
2090 0.1502646056
2126 0.1502104904
2129 0.1501881206
2130 0.1501450774
2131 0.1501439546
2132 0.1501138282
2134 0.1501052722
2135 0.1500252594
2136 0.1500166484
2137 0.1499711413
2143 0.1499332031
2145 0.1498884893
2150 0.1498583671
2152 0.1498494245
2155 0.1498160373
2158 0.1497694425
2159 0.1497562016
2160 0.1496911224
2164 0.1496473031
2166 0.1495243769
2167 0.1494435086
2173 0.1494341341
2177 0.1493775010
2179 0.1493470283
2181 0.1493265353
2191 0.1492814882
2193 0.1492644773
2197 0.1492547971
2199 0.1491797083
2206 0.1491785801
2207 0.1491778481
2208 0.1491759424
2215 0.1491532580
2216 0.1491250018
2217 0.1491202579
2218 0.1490972482
2220 0.1490586926
2224 0.1490385156
2225 0.1490254426
2228 0.1489715820
2231 0.1489685728
2234 0.1488945347
2235 0.1488092676
2237 0.1487400259
2238 0.1486328058
2239 0.1484840944
2244 0.1484621497
2250 0.1484387814
2252 0.1483717341
2253 0.1483452086
2255 0.1482494752
2257 0.1480804538
2260 0.1479980090
2277 0.1479373596
2279 0.1478928060
2280 0.1477762226
2287 0.1477643778
2289 0.1475725373
2298 0.1472960469
2301 0.1472940077
2303 0.1472833969
2304 0.1472799152
2307 0.1472596855
2316 0.1472059168
2317 0.1470441517
2325 0.1470434934
2331 0.1470044030
2334 0.1469645098
2337 0.1469255816
2340 0.1468106359
2344 0.1467968811
2348 0.1467118876
2350 0.1466247275
2352 0.1466084998
2353 0.1465910371
2356 0.1465898952
2357 0.1465523487
2360 0.1463514891
2361 0.1463508183
2362 0.1462902507
2367 0.1462631822
2368 0.1462215172
2370 0.1461616731
2373 0.1461264175
2376 0.1460080051
2377 0.1459540505
2390 0.1459122992
2393 0.1459110971
2394 0.1457890840
2395 0.1457845981
2397 0.1457751175
2398 0.1457030376
2399 0.1456853349
2401 0.1456602124
2404 0.1456493951
2405 0.1455628190
2408 0.1455248255
2409 0.1453967888
2412 0.1453763007
2415 0.1453722026
2419 0.1453319641
2420 0.1453110101
2431 0.1452183150
2433 0.1451621289
2436 0.1451470567
2437 0.1450443232
2440 0.1450164324
2472 0.1449544646
2490 0.1449356977
2491 0.1449212531
2494 0.1448835507
2495 0.1448702632
2498 0.1447997064
2499 0.1447524074
2501 0.1447456780
2503 0.1447060659
2512 0.1446707402
2515 0.1446445732
2517 0.1446203781
2519 0.1445751718
2524 0.1445730118
2525 0.1445121689
2534 0.1444806393
2535 0.1444477645
2536 0.1444253002
2539 0.1443849617
2541 0.1443437057
2543 0.1443289682
2545 0.1442652518
2548 0.1442115491
2561 0.1441529909
2563 0.1440941881
2565 0.1440934153
2567 0.1440060112
2572 0.1438751136
2575 0.1438273364
2577 0.1437520838
2589 0.1437281765
2590 0.1436477101
2599 0.1436354177
2601 0.1435967386
2605 0.1435950749
2606 0.1435375455
2607 0.1435084395
2612 0.1434853997
2613 0.1434630271
2615 0.1434064674
2617 0.1433910364
2619 0.1433798935
2621 0.1433358428
2639 0.1433262280
2641 0.1433045172
2644 0.1432723898
2648 0.1432567958
2650 0.1432313178
2653 0.1431408497
2668 0.1430895980
2674 0.1430744097
2683 0.1430206196
2687 0.1429702461
2691 0.1429605617
2693 0.1429421358
2696 0.1429022599
2697 0.1428919521
2699 0.1428699784
2703 0.1428684716
2705 0.1427831294
2707 0.1426597469
2709 0.1426045781
2711 0.1424780009
2715 0.1424635825
2717 0.1423768720
2722 0.1422969122
2724 0.1422574274
2725 0.1422543298
2729 0.1420439793
2731 0.1420241083
2734 0.1417973008
2753 0.1416741857
2769 0.1415009002
2772 0.1412562983
2773 0.1405679105
2775 0.1402749907
2778 0.1401698879
2779 0.1391587090
2781 0.1384356336
2794 0.1382560274
2796 0.1377219620
2804 0.1374607543
2805 0.1370713079
2806 0.1369611645
2810 0.1360233611
2811 0.1359443169
2812 0.1353968402
2817 0.1351397518
2819 0.1342046752
2821 0.1334162998
2824 0.1325766737
2826 0.1324151739
2828 0.1323013322
2832 0.1320438289
2838 0.1318369355
2839 0.1318027997
2841 0.1311462566
2843 0.1309395022
2844 0.1302256941
2845 0.1299577513
2850 0.1297998664
2856 0.1297577106
2858 0.1297078123
2859 0.1294785120
2861 0.1289618616
2865 0.1289421777
2867 0.1288243578
2872 0.1287500919
2873 0.1278918595
2877 0.1277993689
2878 0.1277449671
2880 0.1272700836
2881 0.1270227020
2882 0.1258918165
2907 0.1253869463
2914 0.1253825439
2915 0.1251746401
2916 0.1245559848
2921 0.1238877159
2923 0.1232869704
2930 0.1232199223
2932 0.1225456018
2935 0.1220852533
2938 0.1217850918
2941 0.1212809862
2944 0.1207198994
2946 0.1201906973
2947 0.1199689950
2950 0.1194780184
2952 0.1189172835
2953 0.1186219451
2955 0.1175903877
2958 0.1169191234
2959 0.1168440509
2961 0.1168241754
2962 0.1161868458
2964 0.1159037923
2966 0.1153825466
2967 0.1149094516
2969 0.1147127936
2971 0.1138077990
2974 0.1137644112
2975 0.1132655121
2978 0.1119672876
2991 0.1116923523
3002 0.1109719635
3004 0.1089169192
3005 0.1088734127
3010 0.1088116352
3011 0.1081585575
3012 0.1081189686
3032 0.1080692663
3034 0.1075615497
3035 0.1067799319
3039 0.1067465350
3040 0.1064934720
3042 0.1044306149
3043 0.1030442213
3045 0.1024163191
3046 0.1024104036
3047 0.1023506526
3048 0.1023426207
3049 0.1017571653
3051 0.1007818618
3054 0.1003625385
3055 0.1002786446
3057 0.1000946905
3058 0.0998963354
3062 0.0998589274
3065 0.0996390554
3116 0.0995102116
3118 0.0994998911
3119 0.0994757309
3122 0.0993341171
3124 0.0992037105
3125 0.0990559544
3127 0.0990324832
3128 0.0990068519
3134 0.0989835539
3136 0.0987224012
evaluations raw_y
1 169104486757.8832702637
2 12299658314.3361301422
3 12012396117.2759933472
5 3001893111.0459480286
7 488851385.5217849612
8 322917406.8900969625
13 322699741.1683499217
14 263541845.2493602335
16 66911363.7802626640
29 59862057.9694123641
31 18745284.5772225037
52 17090149.3768343776
53 11457126.9266089462
63 8191764.9199177437
70 2959342.1798248976
71 2038381.1899856548
75 1195177.2959490037
164 880688.2258749561
166 637936.9947151896
175 275027.6359162357
177 159880.7552434322
207 158823.4236284650
228 142011.2864864691
230 109085.8872053622
232 105060.4595042865
245 25971.8148189708
258 9822.9403409156
277 9549.8577660603
280 1572.2638617923
359 691.9076202848
361 514.6212750317
362 422.4868542337
383 388.3136098837
393 380.7562465365
396 370.0950242213
398 242.7007288823
433 232.9665638062
434 200.1204985101
435 163.6230663254
437 155.3605663706
442 149.4265581873
443 134.1835167905
446 132.2249498021
451 131.1583192052
453 126.9286058386
477 120.6057953088
488 118.3253994211
492 90.5158227771
495 89.8689736263
515 87.9069159921
520 78.7570117274
522 77.2926366423
531 75.3586027824
533 74.9298600155
547 74.7705495445
549 74.4170686437
552 72.5222728079
553 72.2097274650
556 70.6569096757
557 69.7503476712
560 69.1400004724
582 68.2080670121
583 68.1128527388
584 66.9220627892
585 66.1188905627
588 65.5565730290
590 65.1913293313
592 64.7024802532
593 62.8233698934
599 62.6243969365
613 61.2506713007
615 61.0660687211
616 60.3815119195
618 60.1333265609
619 58.5619211680
625 57.7712407260
628 55.2034849031
641 53.9944540074
644 52.2523969437
657 51.8848751880
662 51.4685790326
668 50.0486598050
670 47.5236791632
672 45.6432816916
682 45.4913430146
692 42.8716315595
693 42.6895523474
694 42.3696032170
701 42.2378830405
703 41.0914615402
705 40.5622931849
713 39.9979747282
716 38.4165289876
724 37.7334488801
729 37.2856016205
731 36.7272151606
733 36.5411261607
735 36.2618444975
738 35.5442742794
739 35.0679059453
740 34.9901568551
741 34.3527361256
744 33.5617147419
747 33.4402967650
753 33.2072771771
756 32.2437514528
759 31.9323940209
761 30.6547583991
764 29.9015247999
765 29.5851107194
767 29.3044730006
768 29.0232150656
771 28.3218635760
773 27.7228921431
776 27.2157793695
791 26.9818860213
796 26.5618526450
798 26.3014495369
815 26.2725697356
817 25.9600709675
819 25.7703961209
821 25.7584538900
828 25.7386634388
829 25.7269784609
839 25.0647258935
841 24.6739398451
846 24.5093449081
847 24.1892554496
862 24.0509545869
868 23.8703098834
879 23.7683586758
881 23.7003383403
884 23.4166671148
893 23.3937921230
895 23.2972403819
896 23.2008283227
898 23.1185446292
899 23.0861444273
907 23.0684224674
910 23.0605001420
911 22.9727999325
913 22.7792334734
915 22.6712429756
917 22.5655228160
919 22.4767942161
920 22.4541175874
922 22.3475850922
926 22.1693707475
927 22.0976420870
932 22.0051939872
937 21.9138069803
938 21.7974627486
940 21.7764090342
943 21.5894766911
946 21.5636899268
947 21.2111927393
959 21.1835944266
964 20.9379058709
969 20.9183987501
971 20.9148123763
974 20.8593069035
976 20.8325410401
977 20.8290167914
987 20.7831838309
989 20.7544902229
992 20.7329825772
993 20.7156557687
994 20.7056626573
995 20.6698050460
997 20.6584810023
1000 20.6545910285
1007 20.6259793580
1008 20.6155651958
1024 20.6027045918
1025 20.5663839409
1027 20.5598692547
1030 20.5356479856
1032 20.5153398919
1035 20.5136520168
1036 20.5100785056
1038 20.4486947860
1039 20.4420973430
1072 20.4333414224
1073 20.4176529346
1074 20.4117983743
1075 20.3887276690
1078 20.3411600486
1081 20.3372540816
1083 20.3344997790
1084 20.2816329872
1086 20.2468803517
1088 20.2054204600
1089 20.1990764269
1090 20.1442418941
1091 20.0501925016
1096 19.9516787016
1097 19.8933867471
1099 19.8362540470
1103 19.6030835537
1106 19.5526677263
1108 19.3900896182
1109 19.3076813053
1110 19.0044114313
1111 18.9074706892
1114 18.7183348428
1116 18.5357001425
1125 18.5353529369
1132 18.2503043348
1133 17.7517569558
1135 17.5732595557
1136 17.3764127700
1139 16.9842266799
1143 16.6630294731
1144 16.6438320889
1145 16.3521127482
1146 16.0538902247
1147 15.9294538935
1148 15.8834956898
1154 15.3427174454
1157 15.0060627812
1161 14.7221381511
1175 14.6096991441
1177 14.5686849972
1179 14.4438481604
1180 14.4370726797
1181 14.2294404778
1195 14.1849105495
1198 14.1821738921
1205 13.9430513058
1208 13.8083566065
1210 13.5985480515
1213 13.3623617830
1266 13.3518278755
1268 13.3405834843
1269 13.3273604036
1270 13.1911396617
1271 13.1448758788
1273 13.1255737374
1274 13.0880796411
1275 13.0100698873
1291 12.9748440005
1293 12.8240141225
1297 12.6503142919
1298 12.6225579411
1300 12.5500011799
1301 12.4176329212
1304 12.2884764003
1308 12.1900884868
1311 12.1229739513
1314 12.0034816052
1317 11.8415977655
1327 11.8309651375
1329 11.7953833827
1331 11.7586263181
1335 11.7344838075
1339 11.6978718447
1346 11.6733131366
1348 11.6118742939
1349 11.6085346336
1352 11.5804366317
1353 11.5694556718
1355 11.5533223800
1357 11.5184390595
1359 11.4458920014
1361 11.4093311522
1373 11.4064165938
1375 11.3531568462
1377 11.3022631161
1380 11.2496211858
1381 11.2440115623
1382 11.2422346544
1383 11.2107379858
1384 11.1822439383
1385 11.1495162494
1387 11.1138346245
1390 11.0857933535
1392 10.9946966683
1394 10.9525484263
1396 10.9467094487
1402 10.9256078856
1404 10.8636932288
1405 10.7541827719
1406 10.6291104754
1408 10.5499778881
1409 10.4962331290
1410 10.4368082009
1412 10.3880953998
1413 10.3137802657
1414 10.3034222829
1416 10.1165435756
1422 10.0631805057
1423 9.8957156535
1430 9.7855185849
1431 9.6623523839
1436 9.5943471816
1438 9.3935595573
1439 9.2237685793
1441 9.1208417403
1443 8.9665767611
1446 8.8264889870
1449 8.5937907608
1451 8.4764964843
1458 8.3779553094
1461 8.2646659251
1463 7.9400057350
1465 7.7024174091
1476 7.6143248902
1477 7.3885142576
1486 7.2062016603
1490 7.1792007126
1494 7.0057093697
1502 6.8337892098
1503 6.7852312890
1505 6.5632031867
1507 6.5447144367
1510 6.4665682592
1512 6.4294036136
1523 6.4031348864
1601 6.3931721700
1603 6.3829686940
1606 6.3657208271
1610 6.3595843292
1611 6.3583613318
1614 6.3340160420
1618 6.3221681956
1620 6.2989475291
1628 6.2984989739
1629 6.2896852196
1634 6.2827688845
1636 6.2781291660
1638 6.2693276798
1647 6.2686230325
1649 6.2588292329
1651 6.2529363689
1657 6.2499080743
1662 6.2482652206
1663 6.2453425231
1664 6.2396990412
1665 6.2292776329
1667 6.2282946795
1668 6.2261220975
1678 6.2215844143
1680 6.2197416557
1683 6.2190594166
1684 6.2176713421
1686 6.2147553320
1688 6.2115572040
1689 6.2101917069
1693 6.2100152894
1696 6.2004019853
1697 6.1969824620
1699 6.1954965961
1702 6.1938895040
1727 6.1917026290
1733 6.1908437740
1735 6.1899192761
1737 6.1896519733
1743 6.1888828800
1745 6.1882716271
1746 6.1870499512
1751 6.1865590497
1753 6.1841495577
1755 6.1821574925
1756 6.1801108503
1757 6.1770902731
1764 6.1741322148
1765 6.1725682232
1766 6.1724949097
1768 6.1706741762
1769 6.1697604459
1770 6.1652252796
1771 6.1625808987
1773 6.1565505155
1777 6.1511490046
1779 6.1511224819
1781 6.1500584376
1783 6.1411071294
1788 6.1362446658
1790 6.1260643349
1792 6.1226912395
1797 6.1086305053
1799 6.1083201510
1801 6.1082085590
1803 6.1049431930
1805 6.0806804214
1809 6.0699111022
1814 6.0649356363
1817 6.0571642998
1819 6.0416807906
1822 6.0393435282
1824 6.0250644629
1825 6.0179533995
1828 6.0135384329
1830 6.0129019297
1855 6.0114905362
1868 6.0108698929
1869 6.0105137782
1871 6.0091250841
1898 6.0087226028
1899 6.0086127048
1908 6.0084797599
1910 6.0083143633
1928 6.0081518903
1929 6.0081060624
1931 6.0080687700
1933 6.0078525726
1945 6.0077607149
1948 6.0076842085
1949 6.0076742035
1950 6.0074811302
1961 6.0074671805
1963 6.0074519443
1964 6.0073760642
1966 6.0072961830
1967 6.0071915037
1970 6.0070410026
1996 6.0070188712
1997 6.0069763694
1999 6.0069575346
2000 6.0069387547
2003 6.0069315771
2004 6.0069092720
2019 6.0068606299
2029 6.0068443451
2031 6.0068322193
2033 6.0068303461
2035 6.0068151400
2036 6.0068146216
2037 6.0068073200
2038 6.0067650428
2041 6.0067179050
2043 6.0066959672
2044 6.0066545858
2045 6.0066505106
2046 6.0066377347
2047 6.0065960427
2049 6.0065526135
2052 6.0065174098
2054 6.0064303775
2055 6.0063148443
2058 6.0062775040
2060 6.0062376536
2081 6.0061264737
2090 6.0061257882
2092 6.0060376241
2095 6.0060119674
2096 6.0059966737
2098 6.0059900015
2099 6.0059721383
2101 6.0059385613
2102 6.0059193913
2118 6.0058761946
2122 6.0058560145
2125 6.0058058852
2128 6.0057853378
2149 6.0057692050
2153 6.0057654578
2188 6.0057627435
2189 6.0057503857
2202 6.0057464983
2204 6.0057405698
2206 6.0057250770
2208 6.0057157533
2213 6.0056941029
2220 6.0056764288
2222 6.0056658715
2233 6.0056630483
2234 6.0056570179
2237 6.0056564674
2240 6.0056510312
2241 6.0056439363
2245 6.0056386303
2247 6.0056382732
2248 6.0056381704
2249 6.0056286950
2252 6.0056144031
2254 6.0056017894
2255 6.0055869012
2256 6.0055864146
2257 6.0055821547
2259 6.0055391128
2264 6.0055190148
2265 6.0055135096
2287 6.0054934025
2292 6.0054922648
2294 6.0054831778
2300 6.0054647744
2302 6.0054581022
2304 6.0054382772
2307 6.0054283799
2313 6.0054216729
2315 6.0054183872
2318 6.0054146944
2324 6.0054087923
2326 6.0054072327
2327 6.0054052697
2329 6.0053994622
2332 6.0053957613
2333 6.0053857251
2335 6.0053767309
2340 6.0053340453
2342 6.0053326995
2344 6.0053303100
2346 6.0053165143
2347 6.0053164737
2348 6.0053028931
2349 6.0052946883
2358 6.0052930412
2362 6.0052753505
2363 6.0052703611
2364 6.0052652254
2375 6.0052519243
2383 6.0052473958
2384 6.0052432457
2389 6.0052145407
2396 6.0052056057
2398 6.0051704908
2399 6.0051670563
2402 6.0051526402
2404 6.0051457026
2419 6.0051373137
2421 6.0051298268
2422 6.0051180153
2423 6.0050914622
2427 6.0050836920
2430 6.0050574636
2431 6.0050558471
2434 6.0050429489
2436 6.0050408286
2439 6.0050301344
2441 6.0050173129
2444 6.0049914401
2450 6.0049793508
2453 6.0049693869
2457 6.0049617175
2460 6.0049290262
2462 6.0049135994
2464 6.0049051931
2476 6.0048773171
2494 6.0048754221
2495 6.0048750596
2498 6.0048692795
2502 6.0048617599
2503 6.0048478207
2504 6.0048367600
2508 6.0048305970
2510 6.0047964038
2511 6.0047867173
2512 6.0047602425
2527 6.0047564253
2536 6.0047560971
2537 6.0047495898
2538 6.0047427371
2540 6.0047353373
2554 6.0047338647
2556 6.0047330522
2559 6.0047170950
2566 6.0046882553
2568 6.0046859481
2569 6.0046431525
2571 6.0046023819
2573 6.0045439380
2589 6.0045281597
2590 6.0045181295
2591 6.0044858691
2598 6.0043869527
2602 6.0043709090
2604 6.0043511228
2605 6.0042565269
2609 6.0041977943
2610 6.0041966346
2615 6.0041266992
2617 6.0041083156
2628 6.0040613895
2630 6.0040452683
2631 6.0040243481
2633 6.0039645075
2635 6.0039582168
2643 6.0039219941
2644 6.0038775878
2645 6.0038721462
2649 6.0037900889
2651 6.0036892968
2653 6.0036430956
2656 6.0035785907
2657 6.0034395540
2660 6.0034245659
2662 6.0032690506
2712 6.0031935137
2715 6.0031502775
2723 6.0030949738
2726 6.0030690903
2738 6.0029923254
2740 6.0029448124
2744 6.0028680193
2755 6.0028538161
2756 6.0028326551
2758 6.0027786228
2759 6.0026569448
2765 6.0024944649
2768 6.0022112053
2792 6.0021466658
2793 6.0020705258
2794 6.0020481195
2796 6.0018781832
2798 6.0018048590
2799 6.0017770227
2800 6.0015982986
2802 6.0013744178
2805 6.0012301015
2807 6.0009916951
2815 6.0009056531
2817 6.0008378675
2818 6.0004851634
2819 6.0004850246
2820 6.0004326082
2822 6.0004041571
2830 6.0001975591
2831 6.0001505763
2834 5.9998080111
2836 5.9997897480
2837 5.9995859088
2838 5.9995352109
2840 5.9994233397
2841 5.9993637908
2845 5.9990080420
2847 5.9987091011
2853 5.9983397480
2858 5.9980757722
2870 5.9980323813
2880 5.9979715201
2882 5.9978783321
2886 5.9970776576
2887 5.9965439304
2891 5.9955809878
2899 5.9946288052
2901 5.9943313589
2905 5.9929737633
2909 5.9918053602
2913 5.9913474763
2916 5.9907375929
2919 5.9902376027
2921 5.9892835622
2924 5.9883182509
2925 5.9874122800
2927 5.9870675477
2928 5.9867162081
2935 5.9865131353
2939 5.9846773586
2941 5.9837310749
2943 5.9821980454
2945 5.9801308790
2948 5.9751236771
2949 5.9739592831
2951 5.9697951619
2953 5.9680193149
2958 5.9671912205
2964 5.9642459624
2965 5.9627319045
2967 5.9538646341
2969 5.9431424548
2990 5.9413590977
2992 5.9353716320
2993 5.9336538485
2994 5.9307060173
2995 5.9270030986
2998 5.9257455446
3001 5.9239083699
3002 5.9199541682
3007 5.9061543380
3009 5.9044381247
3017 5.9001706478
3028 5.9000656869
3029 5.8984984410
3031 5.8923809579
3033 5.8897524890
3034 5.8820880294
3036 5.8778174860
3038 5.8743230243
3043 5.8727396057
3045 5.8607833716
3048 5.8556834534
3049 5.8449403677
3051 5.8426645309
3052 5.8405202964
3053 5.8381888829
3055 5.8375497704
3058 5.8370912753
3062 5.8341846423
3064 5.8256742837
3065 5.8200922484
3066 5.8136071699
3068 5.8111430844
3090 5.8109888419
3093 5.8072977829
3096 5.8066816780
3098 5.8030318474
3099 5.8004070689
3101 5.7991307370
3109 5.7961092065
3110 5.7949952553
3111 5.7925533729
3114 5.7862248550
3116 5.7850424588
3117 5.7824569535
3121 5.7817310793
3122 5.7733525037
3130 5.7729346845
3131 5.7694145971
3134 5.7584973582
3135 5.7529201412
3138 5.7428646010
3141 5.7410324176
3142 5.7334549954
3144 5.7310070348
3146 5.7254241481
3150 5.7142051675
3157 5.6880896635
3160 5.6803657442
3170 5.6786674918
3172 5.6532625671
3174 5.6525547390
3175 5.6253808975
3180 5.6194692641
3196 5.5908889936
3197 5.5612877787
3199 5.5402874488
3202 5.5384340599
3209 5.4956300900
3211 5.4211776147
3213 5.3141714344
3215 5.2910113278
3216 5.2802383098
3217 5.2376331074
3219 5.2314407337
3229 5.1973192571
3231 5.1621076445
3234 5.1022939827
3298 5.1017437886
3299 5.1001145394
3303 5.0754817312
3306 5.0544030420
3307 5.0447624621
3310 5.0102835536
3312 4.9635170642
3316 4.9634798694
3317 4.9170361873
3337 4.9060456820
3339 4.8789219169
3342 4.8652850397
3346 4.8492359299
3382 4.8470374357
3383 4.8412025352
3388 4.8387370428
3390 4.8293096973
3394 4.8232754175
3397 4.8225407492
3399 4.8209650141
3400 4.7958033303
3401 4.7732794526
3402 4.7731621969
3403 4.7536759173
3406 4.7437410091
3408 4.7119418100
3410 4.6637282399
3411 4.6624791208
3412 4.6562729900
3419 4.6550665995
3422 4.6477787947
3423 4.6080988296
3426 4.5805097233
3430 4.5211098408
3431 4.5150685435
3459 4.4699900433
3464 4.4262763833
3465 4.3972134172
3466 4.3685664908
3469 4.3038482483
3471 4.2912217745
3473 4.2715428120
3481 4.2434907456
3483 4.2241114953
3487 4.2059859110
3492 4.1998429295
3495 4.1963563488
3496 4.1726740417
3498 4.1548019671
3511 4.1444245876
3513 4.1366166774
3515 4.1170128482
3516 4.1097437514
3517 4.0992133309
3519 4.0815835531
3521 4.0705110955
3523 4.0429834281
3524 4.0241448749
3525 3.9522776232
3527 3.9101212370
3532 3.9094000455
3533 3.8830965187
3534 3.8622710567
3535 3.8321189794
3538 3.8108351713
3543 3.7914947662
3546 3.7686653567
3547 3.7453985940
3551 3.7141539247
3552 3.7064848171
3553 3.6900142165
3555 3.6411675174
3557 3.6006652410
3560 3.5689986911
3563 3.5079305735
3565 3.4690787747
3568 3.4615047878
3569 3.3700576963
3571 3.3572972819
3572 3.3127841871
3573 3.2547704624
3574 3.2510971990
3580 3.2191330747
3595 3.1640725837
3598 3.1638796264
3611 3.1592864199
3615 3.1552790805
3617 3.1285951899
3620 3.1174876399
3628 3.1116878884
3629 3.1060384819
3630 3.1058952385
3634 3.0895077538
3636 3.0744740475
3637 3.0661579851
3640 3.0639518894
3686 3.0634240374
3688 3.0609288754
3721 3.0600682681
3723 3.0600053101
3737 3.0597186136
3745 3.0567807438
3747 3.0546908423
3750 3.0500354114
3751 3.0483593742
3753 3.0480254952
3755 3.0473644353
3757 3.0466016022
3763 3.0445366121
3765 3.0424659079
3767 3.0420057800
3769 3.0355727933
3773 3.0354091379
3776 3.0303597518
3778 3.0228480349
3780 3.0207737469
3781 3.0165684679
3784 3.0164727601
3785 3.0136422398
3787 3.0102338436
3789 3.0080978264
3791 2.9987176810
3792 2.9971238932
3793 2.9827131889
3795 2.9765622377
3800 2.9689928530
3801 2.9557169083
3804 2.9489876998
3811 2.9466832075
3834 2.9434824150
3835 2.9356848814
3837 2.9296762867
3840 2.9234386303
3841 2.9184350957
3845 2.9073830642
3847 2.9066694415
3848 2.8994467675
3849 2.8946621930
3851 2.8863523247
3854 2.8811502599
3855 2.8622802859
3857 2.8422299053
3859 2.8367267522
3873 2.8319220585
3877 2.8048191624
3879 2.8008542802
3884 2.7943148572
3900 2.7850000181
3903 2.7794831902
3910 2.7683284981
3942 2.7663695858
3943 2.7656273136
3945 2.7648100042
3946 2.7639638419
3948 2.7629759240
3949 2.7626917216
3951 2.7626320438
3952 2.7621728638
3955 2.7616737262
3958 2.7606250017
3968 2.7598713210
3970 2.7590537827
3974 2.7590396363
3976 2.7578733306
3978 2.7578164895
3980 2.7574277876
4007 2.7568594508
4012 2.7561070387
4013 2.7547603190
4015 2.7545109956
4019 2.7532276355
4021 2.7527321042
4023 2.7519358490
4026 2.7499622542
4030 2.7475908303
4031 2.7463454907
4034 2.7451604715
4036 2.7444201312
4037 2.7441729744
4038 2.7414141119
4040 2.7411531979
4042 2.7379751264
4044 2.7362410834
4046 2.7340183733
4049 2.7339278841
4050 2.7334752681
4051 2.7326573775
4058 2.7324117911
4059 2.7315218477
4060 2.7314220369
4061 2.7308513149
4064 2.7302404250
4067 2.7299152660
4069 2.7291920751
4075 2.7268013508
4077 2.7265281785
4090 2.7253531825
4091 2.7250522871
4095 2.7246653107
4101 2.7241950223
4102 2.7259690186
evaluations raw_y
1 132469148.1319684237
2 39408274.4774591029
11 35613538.3544637114
13 31352354.8842967078
17 18370646.4982275441
21 18246072.5498598926
22 16991161.8457719125
31 15909262.4551412854
32 15292083.3565457836
36 14969664.5805995967
37 13910290.0212710835
38 9701190.7499412261
39 4785275.0122655043
42 1226003.9727561893
54 632391.6184479063
55 621284.0933790896
56 303842.1895785385
74 156710.9194800771
78 63007.1828061288
124 61086.3419664524
126 60185.8367640660
139 23183.5498027245
155 14733.4242636545
184 12584.0607721579
813 12566.6823973682
814 12541.1058848076
815 12467.2521617297
817 12465.5784597254
818 12444.3280567722
820 12443.3656568586
835 12440.8688018508
837 12439.0321149441
840 12437.1924695154
842 12413.6125356117
844 12379.3367475488
858 12361.1621435192
859 12336.7406643531
861 12298.9143415090
863 12236.6220486195
866 12206.4904688729
868 12168.5428777763
869 12138.5496164321
870 12101.2762316080
871 12055.9615135798
872 12000.1835098535
873 11989.4394933918
875 11902.6348684774
877 11796.2140156408
879 11676.4036983189
914 11659.1141718526
915 11654.1628153674
916 11558.2586528983
918 11518.2131743521
922 11491.6041980514
923 11450.9949623758
956 11442.0247265765
957 11439.8363076019
960 11426.9232451997
964 11422.3908425373
965 11414.5289233475
968 11408.6607959968
971 11406.1003414555
972 11389.8310700298
980 11385.7178588786
981 11385.5409212507
982 11376.3046918447
983 11367.3072050830
987 11348.7715531248
1000 11339.2624199151
1001 11338.4304628654
1003 11329.7928910418
1008 11325.8588305589
1012 11324.4679445283
1013 11313.2509104127
1016 11307.6709518114
1017 11302.1740634635
1024 11300.1119690277
1025 11298.0348924779
1028 11297.4046573679
1029 11287.2060768852
1032 11284.8281317226
1033 11272.3091263838
1035 11261.9982530653
1037 11258.5250008019
1038 11246.6318411505
1040 11241.6229370602
1042 11203.4484547826
1043 11203.4450859068
1045 11185.5032810912
1050 11177.2187090529
1051 11162.3729998665
1054 11145.6380755858
1057 11117.7179730637
1074 11113.8824318734
1075 11104.5220440151
1078 11083.2796181036
1080 11082.3136046312
1081 11077.8867470858
1082 11061.5032043580
1086 11043.2851069053
1087 11033.6755661511
1088 11029.9069195575
1089 11013.0330918717
1092 11000.8201178122
1108 11000.7150161450
1109 10995.0941962864
1111 10982.1018007387
1113 10975.7775024504
1114 10974.4092966912
1115 10964.7135401912
1121 10944.0414900105
1127 10899.5568814450
1130 10868.3129069770
1133 10857.4215262993
1139 10815.9746501874
1142 10814.0337490039
1143 10788.4247040306
1146 10746.0218036750
1148 10745.9279423796
1154 10736.8611377695
1155 10728.7391480926
1159 10659.9495788045
1161 10651.7457112360
1162 10606.0166444826
1166 10577.9349748490
1170 10566.4838631906
1171 10530.1233096581
1174 10373.5983573404
1175 10210.1147884764
1179 10181.7211214644
1182 10145.9892770530
1183 10127.7052270173
1184 10097.7443668706
1186 10058.8979640522
1188 9959.3977272480
1189 9957.7277497168
1193 9823.3306171465
1197 9725.4751311784
1203 9649.3464386256
1205 9604.6488412442
1206 9589.5125838487
1209 9587.2080674871
1211 9518.4091032429
1217 9473.8966607444
1220 9421.6083338694
1224 9393.2854254261
1226 9389.7120891980
1227 9350.5474523882
1233 9290.6235834598
1234 9271.4191880198
1235 9252.4968870342
1237 9112.0142028292
1240 9053.6535315395
1243 9000.4946446073
1246 8899.9415704869
1247 8867.5946672909
1250 8784.1057703421
1255 8753.0456477744
1256 8746.8041624238
1257 8680.8138765985
1262 8628.7525294249
1264 8616.9795825501
1272 8580.0894745700
1273 8511.4267538315
1277 8412.0005481238
1282 8326.7832090475
1283 8306.8486277421
1289 8280.0983002784
1292 8189.9214204703
1294 8132.6771767253
1297 8126.5220607306
1309 8084.3555217176
1326 8062.8885345789
1327 8039.7080996195
1330 7992.8813770534
1331 7971.7099173940
1333 7920.4225415021
1334 7894.6084002524
1338 7823.0715790923
1339 7780.9145773713
1343 7768.3464854991
1345 7690.3736664376
1348 7638.7637307149
1356 7637.3725043605
1357 7616.1536809963
1359 7606.3921545599
1362 7506.5812798145
1363 7496.0619413516
1364 7486.5441453225
1365 7436.6253463793
1367 7358.5741142037
1370 7338.4241101807
1372 7271.9177160178
1373 7146.5612006377
1377 7102.7296611391
1380 6985.2688043022
1381 6913.5129665707
1396 6808.1514487139
1398 6623.9597983272
1399 6464.0876889846
1400 6405.4565751257
1402 6220.7434136933
1406 6114.1302191199
1407 5933.0624594094
1408 5886.8272351434
1410 5684.1523879729
1412 5450.8616395398
1417 5323.8592497465
1419 5165.9544135020
1425 5005.2784326217
1426 4996.8326373410
1427 4685.2050414699
1429 4457.1491131528
1436 4177.9862347278
1438 4152.1551779508
1439 3611.0362396429
1443 3520.7515556244
1450 3402.4613482381
1453 3315.7795670297
1455 2992.0229228929
1460 2916.8795955348
1467 2855.5586035536
1492 2829.3230393611
1493 2668.9233910828
1495 2581.7422327992
1504 2485.6248691599
1505 2387.6404958257
1507 2262.0357517761
1510 2239.4413918516
1511 2181.1897823815
1514 2095.3926921948
1520 2014.6840738683
1522 1748.5035844480
1523 1707.9040783637
1528 1681.7788532295
1530 1585.9024198632
1531 1548.1893581786
1532 1514.1330052924
1535 1448.5741354828
1538 1376.6388617187
1539 1300.5498925744
1543 1192.3560094168
1602 1179.5651601538
1603 1158.6771878867
1608 1117.7561891906
1610 1104.8824235971
1611 1094.5804801238
1612 1050.1402390440
1616 969.0389111750
1617 937.8190909205
1618 919.0153467093
1619 888.2060618324
1626 855.6642169944
1632 822.3287231937
1636 809.4294029231
1637 805.7332918391
1638 803.4392153840
1642 761.3756650201
1649 755.5077393579
1651 745.4685489187
1652 692.7590103627
1658 683.1310681492
1659 672.0563978838
1662 671.8299421066
1663 664.9295975451
1674 643.3874775320
1675 632.8463883639
1678 613.3417941732
1679 606.6770105335
1680 603.0264599307
1682 596.9312485852
1687 587.6675760368
1689 584.2407130349
1692 583.8755748665
1709 582.5053539603
1711 582.3106203153
1721 582.1190028894
1724 580.5694173545
1731 580.4727371805
1732 580.4420669912
1739 577.2775378794
1745 577.0427939119
1746 576.8443847374
1747 575.3284797751
1750 574.8984446907
1751 574.5092781792
1753 572.8764921312
1760 572.6503058459
1764 572.3168318074
1765 572.1781546483
1766 571.4935103225
1774 571.3605946077
1775 570.4285668238
1776 569.6571604619
1829 569.5026443982
1831 569.4251596907
1833 569.3324549740
1878 569.2989484330
1884 569.2927574493
1885 569.2876912097
1887 569.2659827879
1894 569.2406732498
1900 569.1958949161
1914 569.1833444952
1918 569.1798287288
1919 569.1389120509
1921 569.1183141735
1923 569.0965224770
1924 569.0761554276
1925 569.0671809996
1926 569.0671300501
1927 569.0516879885
1928 569.0008128430
1930 568.8852729104
1932 568.7690540324
1934 568.7480054141
1936 568.7165934619
1938 568.7127481194
1939 568.6471767337
1944 568.5007093572
1945 568.4338890235
1947 568.4251222543
1949 568.4062190133
1952 568.3965216064
1964 568.3689605295
1965 568.0025930931
1972 567.8559995176
1974 567.8063524933
1975 567.6950191674
1978 567.5673810738
2010 567.5515319516
2012 567.4874212998
2014 567.3822437192
2018 567.3124640226
2019 567.1396224416
2021 566.9636121497
2023 566.8577624020
2026 566.5243924154
2030 566.4556608734
2031 566.3239627296
2033 566.2940396713
2034 566.2043864985
2036 566.1601842007
2038 566.0738854401
2039 566.0335378865
2041 565.8985463055
2043 565.8855981241
2044 565.8386433010
2046 565.7240262326
2047 565.6087113160
2052 565.5943796449
2055 565.5429410560
2076 564.4975731667
2078 564.4611658779
2082 564.3106743263
2087 563.8822497705
2090 562.0522879699
2092 561.8673462532
2096 561.6111068758
2113 560.2145471275
2115 559.4944779207
2117 559.0455177585
2128 558.1842911519
2131 558.0981749312
2132 557.5414100186
2134 557.1787462262
2135 556.8366210634
2137 555.4856012339
2152 555.1949134377
2154 555.0702933803
2156 554.4894825340
2190 554.4073936545
2192 553.7558562626
2193 553.6821433825
2195 552.6179308911
2199 551.5550249064
2200 551.2777450918
2201 551.0682133287
2204 550.5441449409
2207 550.4244273361
2208 549.5758044336
2210 548.4464739552
2215 547.6027411751
2217 546.5316834876
2260 546.1176579343
2261 545.7982251025
2264 545.4965890496
2265 545.2587958123
2268 545.1913318821
2278 545.0364117214
2279 544.9575527556
2281 544.7053558831
2282 544.6989750774
2284 544.4078601083
2285 544.3785063851
2286 544.3595772951
2287 544.3377799769
2290 544.2087784218
2294 544.0639565403
2295 543.7863844747
2302 543.6629514144
2303 543.2622554710
2308 543.2435292854
2309 543.2427780647
2310 543.1742077181
2311 542.7533385054
2313 542.7189213800
2316 542.6175076176
2327 542.5132747976
2330 542.3989194613
2332 542.0202468518
2334 541.9378734926
2335 541.8001210341
2337 541.1853316710
2341 541.1271359849
2349 541.0110185609
2352 540.9390986313
2354 540.5893592817
2358 540.3979179950
2359 540.0521569641
2361 539.3147483470
2372 539.0602185592
2377 538.8418468535
2381 538.5122096838
2384 538.4053852539
2390 538.0841483281
2391 537.9543308773
2393 537.3957469020
2402 537.3148868914
2403 537.2720696334
2405 537.2325954055
2406 537.0107966277
2408 536.7151794071
2409 536.6044298908
2412 536.1857786082
2413 536.1535828947
2415 535.9656205851
2417 535.4576092963
2440 535.4521068944
2441 535.2774267031
2443 534.3738508804
2446 534.3735726922
2450 534.2855729494
2452 534.1730214224
2453 533.1438474869
2457 533.1173184977
2463 533.0481938604
2466 532.2723026054
2470 531.9460139735
2471 531.1934253846
2473 529.9128849579
2476 529.7716400238
2477 529.1023600608
2479 528.2920230609
2481 527.6151990041
2484 527.1814065077
2487 525.4036258078
2488 525.1055821711
2489 524.5059808860
2491 524.0339470052
2493 520.8125435486
2495 520.4023200585
2498 518.0619546208
2500 515.7682176618
2501 513.9544560142
2503 513.2177352274
2508 510.7694205810
2509 504.9540210580
2513 502.3579340959
2516 497.1539017605
2518 493.5049010431
2519 483.9614391828
2531 482.2069222612
2538 481.5758186964
2539 481.0099370001
2540 479.9312750913
2542 475.9842928855
2543 474.9118744458
2544 474.7011776532
2547 471.4884801951
2552 470.4385986017
2553 467.3349499456
2555 464.9578852228
2556 456.7384775125
2557 455.9629025621
2558 450.5347713567
2559 434.2912744826
2562 427.3704308392
2579 418.6906005583
2581 416.7687577834
2584 399.9717792527
2586 373.1254385877
2588 358.8627945064
2610 354.5887477629
2612 343.4745166885
2614 336.1212358580
2615 334.1744218417
2622 330.7958235021
2624 327.4781752664
2625 327.0776308004
2628 317.8298150677
2630 317.7328471674
2633 317.3747572535
2637 315.4661981433
2639 314.7146740155
2641 312.9205682531
2642 307.7298063027
2643 300.3693820892
2648 296.0684672987
2651 287.9839629258
2653 283.5178023236
2656 272.7897689847
2657 266.7044993745
2658 255.0840497098
2659 247.2359381522
2660 244.6079891115
2662 224.2920393170
2666 207.6232265000
2667 207.3236857248
2669 207.2593582068
2675 207.2023666718
2678 203.7229068541
2680 197.7201465307
2681 195.8425762737
2683 188.0634886283
2708 186.3437599919
2718 185.3635313717
2719 180.9600178283
2721 171.5274075798
2726 168.4783092528
2730 167.4266303549
2755 165.8268746728
2757 163.6785886745
2759 161.9480213321
2765 161.3712882846
2768 160.3830143677
2781 159.9534903024
2783 159.4090185983
2784 158.8318252979
2785 158.8094830048
2786 158.6442188314
2787 158.0042351822
2788 157.9309985739
2789 157.7963611409
2791 156.2430833647
2794 153.9002830097
2797 153.0884059256
2799 151.8874658580
2801 150.5723790669
2803 150.4403925219
2805 148.2598819286
2807 145.8697916871
2812 144.6119420675
2820 142.9393298449
2822 141.8878981123
2827 140.8751166657
2829 140.4484771238
2832 139.9125311705
2835 137.4209939891
2838 135.3425819821
2839 132.1607760342
2841 131.6474616045
2844 129.3126896774
2846 127.4239800135
2847 124.5530407631
2850 121.9637524145
2851 121.8720660979
2854 119.5111360907
2855 119.3115346693
2856 118.9703664264
2857 117.9446244580
2859 117.0851840323
2873 116.2686896638
2875 113.9350106686
2877 110.9779579977
2880 109.1379248251
2881 108.5617957635
2884 107.3255502920
2887 106.7502432317
2890 106.0953118453
2891 106.0849290759
2894 105.7864458485
2895 105.0426349192
2898 104.3318326806
2900 103.9029236033
2902 102.6215126880
2903 102.3188380917
2905 100.2778299375
2912 98.1699151436
2914 95.6580804697
2918 95.3137957005
2919 93.2155552586
2923 92.4315573897
2935 92.0039354861
2940 89.9986113680
2941 89.7248049146
2946 89.4733976668
2952 87.7564400383
2953 85.5266975521
2954 85.4107564182
2955 84.3002711158
2958 82.3292439620
2959 81.3248213369
2961 81.1054429712
2963 81.0493209249
2964 79.8333233996
2975 79.1611480293
2976 76.8548867804
2978 76.6391227940
2979 75.6428788202
2982 75.4390082640
2984 74.9045806205
2985 72.0318689298
2988 71.4562412415
2990 70.2985908970
2993 69.4573902668
2994 68.0709351599
2999 67.0514647349
3001 66.7290267029
3003 66.0893354276
3009 64.8946275090
3011 64.0652021099
3013 62.3700960610
3016 60.5216494868
3035 59.0391606982
3036 54.2479090760
3040 53.9537379815
3041 52.4375199428
3044 52.3071096697
3045 51.2911826036
3047 49.7376914869
3049 49.6876898039
3051 47.9412259378
3062 47.2340876735
3065 47.0706333833
3072 46.2589569215
3073 44.7296603110
3075 43.9954717367
3081 43.7512187427
3084 42.7075240584
3085 41.9988220204
3087 40.4544802780
3094 39.9136702497
3099 39.6514465745
3108 39.4812460891
3109 38.8713768571
3147 38.7543804876
3149 38.6707184026
3150 38.5921672110
3151 38.2371712420
3154 38.0745117697
3155 37.9681603030
3162 37.8444279784
3163 37.7909213623
3165 37.6323539204
3166 37.5231966942
3168 37.2940758566
3170 37.2909087473
3186 37.1188044691
3187 37.1063504201
3188 36.9557513197
3192 36.8954327514
3194 36.4748288875
3195 36.1748134685
3197 36.0365938090
3198 36.0261275537
3199 36.0102981616
3202 35.6983446061
3231 35.5878559500
3238 35.5855113667
3270 35.5521858681
3273 35.5231331686
3274 35.5198884167
3275 35.4717329117
3276 35.4702429943
3277 35.3884069793
3280 35.2884670447
3285 35.2878337446
3286 35.2284133340
3287 35.2200833734
3290 35.1797417669
3293 35.1702723260
3295 35.0681691953
3302 34.9014656380
3304 34.8490762165
3305 34.8074687698
3308 34.7985582296
3310 34.7635239026
3311 34.6834578182
3319 34.6546389308
3321 34.6167235837
3324 34.6144144245
3333 34.6030165270
3334 34.5690109651
3339 34.5649566960
3342 34.5524498272
3346 34.5363176047
3347 34.5232166224
3349 34.5229538464
3351 34.5123432227
3354 34.5015050275
3355 34.4991602264
3361 34.4936397769
3362 34.4702706936
3363 34.4582809714
3366 34.4358659641
3367 34.4242635713
3375 34.3801472947
3378 34.3536019859
3385 34.3507385009
3387 34.3461838189
3391 34.3266062987
3394 34.3168478317
3396 34.3165150323
3397 34.2984240300
3398 34.2966917106
3399 34.2966004762
3402 34.2793204755
3403 34.2774585485
3404 34.2769264184
3406 34.2663169825
3407 34.2281541563
3413 34.2177805469
3435 34.2148883410
3438 34.2067794966
3439 34.1926174926
3442 34.1549126237
3444 34.1512472899
3447 34.1156837423
3450 34.1055559253
3452 34.0895379301
3453 34.0518966927
3491 34.0478960614
3492 34.0468152530
3493 34.0242351366
3495 33.9937707845
3503 33.9875731688
3504 33.9817041358
3507 33.9765951681
3508 33.9338459471
3510 33.9336115068
3511 33.9078680984
3514 33.9003238057
3516 33.8574885497
3517 33.8568985785
3518 33.8494145898
3520 33.8151165747
3537 33.8128351962
3540 33.7935301415
3546 33.7848359567
3547 33.7444884982
3550 33.7242295166
3551 33.7051473293
3552 33.6840353456
3553 33.6343724065
3559 33.6326331182
3561 33.6227379192
3562 33.6215060004
3566 33.6146683642
3569 33.6143753867
3570 33.5597187083
3575 33.5493751335
3576 33.5336073404
3578 33.5301182050
3579 33.5140464244
3580 33.5030393388
3581 33.4942857741
3582 33.4898029563
3583 33.4511119641
3585 33.4146662227
3587 33.3988326344
3589 33.3931383405
3591 33.3714582457
3594 33.3378383165
3595 33.3285632360
3596 33.3175057011
3598 33.2628348356
3604 33.2463553900
3606 33.2100313098
3608 33.1782230369
3609 33.1542091773
3611 33.0386509762
3613 33.0182156908
3614 32.9860618422
3615 32.9793037880
3616 32.9544972679
3619 32.8642350407
3621 32.7561717105
3631 32.7075886738
3635 32.6403152386
3637 32.5958060390
3644 32.5090527818
3646 32.5050935772
3647 32.4969391591
3648 32.4336522111
3650 32.4076211867
3652 32.3154162429
3653 32.1030515377
3655 32.0011453620
3658 31.7459656424
3666 31.5803387683
3669 31.4855296181
3670 31.4351524994
3671 31.1659781551
3674 31.1462021175
3681 31.1026262036
3685 31.0466476468
3687 30.9336908614
3689 30.9179516285
3692 30.7658084469
3693 30.7149028265
3709 30.6855656341
3711 30.6262639849
3825 30.6249092742
3827 30.6234131403
3829 30.6220574653
3833 30.6203847797
3835 30.6180781459
3837 30.6173758057
3842 30.6167836842
3843 30.6132765552
3845 30.6128439677
3848 30.6109379584
3849 30.6058902212
3851 30.6018549463
3853 30.5990294677
3858 30.5951247995
3859 30.5934634390
3862 30.5869919682
3864 30.5844610690
3870 30.5821118026
3871 30.5741407215
3881 30.5726798402
3883 30.5715859831
3884 30.5686320873
3885 30.5646294574
3887 30.5578955457
3894 30.5548838057
3895 30.5530003387
3897 30.5514542750
3898 30.5479608248
3900 30.5479232582
3910 30.5455545130
3912 30.5383500333
3913 30.5376719195
3919 30.5294074230
3923 30.5275547681
3925 30.5182774131
3930 30.5156600412
3931 30.5139249333
3933 30.5129546928
3935 30.5056726601
3940 30.5008600214
3941 30.4957383372
3948 30.4914552386
3950 30.4821231254
3951 30.4694322086
3955 30.4521476058
3962 30.4364716575
3963 30.4171259121
3967 30.3984046087
3971 30.3762164026
3974 30.3634490452
3975 30.3463475119
3981 30.3366045566
3983 30.3237557374
3996 30.3095393275
3998 30.2902068102
4002 30.2866810113
4003 30.2714569548
4007 30.2489687767
4010 30.2320137326
4011 30.2248242773
4013 30.2059762222
4019 30.1922381637
4022 30.1634484700
4032 30.1625162132
4035 30.1546152888
4037 30.1504087871
4040 30.1474554043
4045 30.1422904338
4049 30.1322988440
4052 30.1237397262
4053 30.1083581441
4055 30.0939340657
4057 30.0802909081
4058 30.0730463767
4065 30.0689582377
4066 30.0584601997
4068 30.0160519691
4069 29.9886727235
4078 29.9621082720
4079 29.9484567665
4083 29.9367508402
4084 29.9047334557
4086 29.8515531564
4087 29.8382271013
4090 29.7466074043
4091 29.6976776332
4093 29.6870617405
4094 29.6807229608
4095 29.6768803932
4098 29.6608104377
4105 29.6067981957
4126 29.5939433685
4127 29.5909111515
4128 29.5795700251
4129 29.5647313533
4191 29.5620091957
4202 29.5603046546
4207 29.5474259396
4209 29.5368433598
4212 29.5311584028
4216 29.5307484142
4217 29.5172871001
4220 29.5142072946
4222 29.5022253182
4223 29.5004378663
4230 29.5003106581
4232 29.4985136874
4233 29.4957473981
4235 29.4922952524
4237 29.4878248392
4240 29.4856635290
4244 29.4778426474
4246 29.4751287846
4248 29.4720428050
4250 29.4653574998
4251 29.4593479824
4255 29.4584264366
4257 29.4499607015
4259 29.4475359823
4260 29.4458343830
4262 29.4357151875
4264 29.4329315404
4266 29.4191505432
4269 29.4158862599
4271 29.3821511193
4273 29.3344968782
4275 29.3067699766
4276 29.2920364386
4278 29.2813717148
4280 29.2765830532
4281 29.2514288718
4283 29.1931834818
4285 29.1332990883
4288 29.0864702920
4289 29.0634390528
4325 29.0411354813
4328 29.0221248738
4330 29.0103320288
4332 28.9952042645
4335 28.9862705007
4338 28.9619732264
4355 28.9467159264
4363 28.9297247174
4366 28.9258998567
4367 28.9079354099
4369 28.8954120754
4372 28.8929600237
4374 28.8863692793
4375 28.8599437578
4378 28.8434955923
4392 28.8387707112
4393 28.8245442111
4394 28.8022417989
4399 28.7961626757
4401 28.7858549522
4402 28.7849910114
4404 28.7415427285
4406 28.7320919258
4412 28.7254298906
4414 28.7197322717
4416 28.6924956211
4422 28.6875428127
4423 28.6477638185
4429 28.6340072714
4432 28.5926834174
4433 28.5835778979
4435 28.5389716399
4438 28.5330152354
4439 28.5254323214
4442 28.4975048298
4443 28.4672478061
4445 28.4365339109
4449 28.4171804758
4452 28.4052073497
4453 28.3953261720
4455 28.3663125932
4456 28.3454453517
4732 2356694.5173498364
evaluations raw_y
1 110139331.6361084878
2 63259414.6762471050
9 55355723.2845533788
13 48143416.1227801740
23 39715404.3417330831
25 27663337.6678193808
37 24646049.2361370698
39 17657907.8095852062
42 12115022.2762936875
57 11805126.1015227251
59 7949766.1122639328
60 6931667.5471329717
66 4793473.2564386688
67 2669632.9668274950
269 1851158.2170836709
325 1776941.3080008095
326 1673381.7675161713
338 1410577.6531375002
342 1225886.0662810146
355 1139907.1514875889
363 973377.0355203379
365 906437.5371268030
368 824873.2674312177
371 775340.8599140546
375 667063.8571399034
427 664180.6528138258
429 653473.5519773135
432 649806.5490779072
434 631339.4990361095
435 620363.5369517781
466 619954.2710552270
468 619570.4126398131
469 617487.3679670197
471 614829.9586839715
474 612441.7904773527
476 611311.5771997962
479 606777.3811502773
481 606708.4506114273
483 605466.4722801348
484 600520.6624915766
488 597501.5132920393
490 594047.4445059783
491 591042.9577595408
497 588387.8725102686
499 587205.4259768843
501 586221.2086865745
503 581045.7282084924
505 576712.0869205493
510 572618.5741941090
512 570521.0742968073
513 570063.4781696266
515 569052.6070119457
516 562591.1559093829
520 558825.7051461306
528 551329.6274064406
529 551327.1701252732
645 551217.0199314661
647 550446.0845878166
649 550289.1372718038
651 550040.0342231414
652 549753.8152011179
657 549184.4503546952
658 548361.3627327764
659 547632.4646184926
667 547312.5221121804
671 547255.2953888965
672 546565.0273515629
675 546525.1691202839
685 546415.5282369436
688 545925.3613427487
692 545874.2970167763
695 545536.2653165788
697 544409.6078208612
699 544323.8110155624
701 543561.2912061473
703 543211.5167049111
706 543150.9929106453
708 543137.0666491209
710 543069.5882561425
711 541340.6481372111
714 541074.8448079092
715 540763.8506433709
723 540361.2812270786
728 539656.6549894920
729 539134.8562192922
730 538929.7471219002
731 538439.1382635768
734 538100.1509915249
736 536985.0108203928
737 536089.2064240389
745 534925.2646979049
752 534635.1752853619
754 533671.9164265660
765 533124.4045192715
766 532935.0176067934
767 532532.8776483835
769 529630.2754987421
772 521569.5288140248
774 519819.6706687629
782 517648.5876351998
783 515845.4132051216
786 515675.2022727848
791 512280.3274949125
795 505597.2517189221
798 501174.8039105634
826 490104.7408672940
827 489228.5855922333
828 481917.3703332204
845 474384.7422572675
851 470510.5845255603
853 461629.9679305406
855 460936.3217884309
856 458562.9062904786
857 449292.5357504775
873 447583.0433984409
886 443224.4916801886
891 441998.6336102652
896 441632.4782741229
897 440900.6371182755
898 433486.6532157660
914 433218.0079563549
919 432766.6675193764
921 432371.8783227403
924 431613.4826649634
926 430713.9011879717
928 429321.5929043824
934 428500.6962025202
946 426705.2689978960
948 426548.7011131616
949 425290.5866184854
951 425223.4666397833
962 424963.7118187243
965 424790.6264103590
967 423625.1510082693
969 423559.1365186805
970 422561.2324922926
971 420813.6673580795
973 420116.0224696821
975 419817.2883128314
976 419657.0526117288
978 418947.5699253746
979 417560.9581540850
983 417210.4860767564
985 417101.2017999258
989 417072.5374582969
991 415260.4103891709
995 415028.9905038087
999 414657.7310108945
1002 412411.4628051986
1003 409663.2283542983
1006 409543.1205501471
1008 408209.7460400766
1030 407866.9227329679
1034 406774.8396000706
1036 406407.5987881226
1038 405676.6802155686
1040 402936.9656282227
1042 402808.6250436836
1047 402750.2552364391
1050 400986.5278902900
1053 400470.8585290092
1054 399591.0282395026
1055 397094.3734413892
1087 396365.2163655621
1089 395020.5635484150
1128 394534.4748880346
1130 394143.1006170333
1131 393525.6074514767
1134 393002.5441534586
1136 392952.6256920991
1138 391921.3247840764
1140 391487.8457136149
1143 390503.8307859680
1145 389878.2226882790
1146 387446.6402392508
1150 385353.5482208258
1151 383316.0138200771
1161 382586.8272070222
1164 382165.1799892018
1167 381209.4025018693
1168 380284.5055946555
1169 379967.9237932530
1172 378243.9500852853
1173 377979.4615211583
1174 377823.9476660372
1178 375844.3884652867
1179 373999.7807338418
1181 372848.2462107577
1190 370757.7045278023
1191 367598.9486370143
1193 367593.3847847100
1195 365530.6331134646
1201 363676.4502569737
1204 362838.7850784498
1205 362266.3495877149
1207 362094.9069681324
1209 358555.9216125189
1215 356795.0859242448
1218 355429.6465966697
1220 355193.2664902557
1221 354349.1508216467
1224 353338.4375227511
1225 352407.1130217285
1229 351857.5664545152
1230 348585.1164490154
1233 347902.3313140298
1237 345078.7812642476
1239 344337.6609545039
1240 343861.3318905976
1243 342270.1534163177
1250 342029.8374094515
1251 340888.4762270467
1254 339697.4787147706
1255 338269.6299482533
1261 338212.9958708647
1263 337476.0721851033
1265 334277.5584198732
1267 333955.6223961280
1268 333047.2785282913
1280 331750.9610793432
1282 326499.5863708943
1283 326478.3480512862
1284 326416.0222075370
1285 326366.8654770809
1287 322305.5761860776
1289 321768.0419736973
1292 320142.8724285061
1297 314405.0970645488
1301 312704.7978106126
1303 311560.1121950495
1305 301821.3094186136
1307 301139.7531358534
1309 298219.5620481165
1311 287347.0190231616
1314 282601.2193457882
1316 280429.2150582066
1317 269960.4112695410
1318 262939.9789601423
1323 258000.8592778184
1325 254237.0990158425
1326 233366.1115736483
1337 228789.3686462111
1343 222051.4807560808
1346 214901.7946896926
1354 207926.5135695146
1355 199926.9512362469
1357 192585.6593192961
1370 189514.4506134200
1378 189093.8359879515
1379 186751.4598504701
1382 185579.5961660474
1384 183969.0976064666
1385 183409.4796051718
1418 182192.7013923040
1419 181533.3393052926
1420 179674.5614476035
1422 177434.4056523641
1423 175648.0093100514
1425 174806.2985629067
1427 174547.6567513624
1429 173543.9820873613
1433 172459.9555787189
1438 168395.1771023818
1439 168263.5552558861
1440 167598.9360005067
1441 166223.6618857006
1442 163602.5091769487
1456 161299.7228171483
1475 160625.8152560573
1478 159792.9286053821
1479 159748.9975499260
1480 158909.9206401752
1482 156736.9875473047
1483 155704.6039677195
1484 155155.5552058195
1485 153755.8322738135
1503 150862.6862366435
1505 150005.3645399486
1506 147674.2769666666
1512 137251.9883863782
1516 135587.1600837777
1520 131898.3207918144
1539 129840.2212821543
1542 121050.0530969773
1544 117066.7666946955
1567 112650.9551651741
1569 109882.0093546187
1571 108733.9665925811
1576 108654.8435367258
1587 107827.8989287577
1590 106529.2978555947
1592 104376.2751322929
1596 103196.5563809284
1599 102636.1397896997
1601 98993.6993210302
1616 97715.3152317454
1617 97451.0136401076
1619 90690.3126927768
1621 89950.9248240877
1622 87070.3333071778
1623 84405.4899131481
1626 79335.6273048800
1636 77580.4790388810
1639 68930.0846600470
1641 68266.3502980261
1643 61467.2133013370
1660 55807.8063018261
1662 54121.2578766229
1664 39668.3458599018
1665 27148.2680128754
1670 27141.2009550161
1676 23992.4891897227
1710 21104.9225018069
1711 14708.0847427748
1712 11089.7532646871
1715 6612.7799683848
1798 6558.2475681190
1801 6109.4307106239
1810 5591.0443052905
1812 4922.1229900707
1818 4889.7874487819
1823 4220.6840577203
1826 4200.2260097793
1828 4049.0817094281
1998 4015.8378048147
2000 4004.2702257871
2001 3997.0484096056
2025 3990.1970067783
2031 3983.3746647785
2033 3974.8389275327
2035 3969.8087581317
2037 3962.4593113221
2098 3960.5838601553
2099 3959.7267504317
2102 3959.5179324323
2103 3955.1874619579
2105 3953.3773967655
2109 3948.3392027575
2114 3942.6087302558
2116 3938.3491164353
2141 3937.9947905307
2144 3936.4202522919
2147 3934.5099042238
2148 3934.3397720890
2149 3932.8209691673
2151 3932.5818198575
2154 3932.1436873150
2158 3930.9149671246
2161 3930.7195241145
2162 3930.4390426014
2168 3929.6237715198
2170 3929.0754313331
2171 3928.5805352267
2176 3927.8136085017
2180 3927.6715140634
2185 3926.1702468803
2187 3925.3462480581
2192 3922.0257662088
2194 3921.4994991824
2208 3921.3206917664
2209 3919.3845908447
2211 3918.8610581716
2214 3918.0776238009
2217 3916.4773817528
2221 3915.9892564200
2227 3914.7392064953
2229 3914.0624557109
2239 3913.7618063385
2244 3913.2561007685
2246 3911.4441688645
2247 3911.4255589183
2250 3909.6687985880
2266 3908.7426707323
2267 3906.3798832738
2269 3904.1679026990
2272 3901.9026525644
2295 3900.7166337384
2302 3900.4556492527
2303 3899.0444869234
2305 3898.3911857119
2308 3897.3830971448
2310 3896.7722846938
2313 3896.1349209997
2318 3895.5958373004
2319 3893.8028794243
2322 3893.6806916181
2323 3890.5596232916
2325 3885.3895690400
2329 3880.8992531468
2330 3880.3657460682
2331 3879.9695650543
2332 3879.3460298163
2334 3876.5338402808
2335 3867.7658158441
2337 3865.9169602249
2338 3864.1655085258
2339 3862.0438446144
2341 3857.0006498095
2345 3856.4452625207
2348 3855.3685414334
2352 3852.0498455563
2353 3851.6648607775
2356 3843.5798410019
2357 3843.4849816948
2358 3837.0785913229
2360 3828.3053783157
2363 3816.8063662239
2370 3810.0109251787
2372 3799.4339325647
2377 3799.3356805082
2380 3797.9639828748
2381 3796.1119872714
2385 3792.9786991251
2386 3777.9907957901
2391 3772.5637096500
2392 3769.4389108272
2394 3764.3591650576
2396 3744.3669624330
2397 3723.7769926906
2399 3714.1067869277
2400 3692.6752688886
2401 3688.9109973731
2405 3681.1788577117
2408 3675.7136552484
2409 3662.1322772639
2412 3654.7250069326
2413 3640.7662134671
2415 3632.1506978785
2416 3629.8023171295
2421 3629.5020755232
2423 3616.0828246398
2428 3614.8259603926
2433 3600.2686149177
2436 3598.0021575556
2439 3593.1942677563
2441 3589.2495656084
2442 3588.8157393656
2443 3587.1747608773
2445 3578.1563558658
2452 3577.2425197574
2460 3574.4304128212
2462 3571.3274713186
2464 3563.0997291653
2465 3561.9012834176
2466 3553.5597958478
2467 3549.7627721503
2468 3523.3560173760
2473 3514.1090157850
2475 3504.3984689843
2479 3479.6650267257
2488 3477.3976120438
2489 3465.4044048372
2493 3461.3257632530
2495 3448.0360562733
2501 3442.6571227908
2504 3436.1152176963
2508 3434.8867542234
2511 3429.1626272295
2513 3419.5858951767
2516 3416.5058044394
2517 3406.6171619217
2549 3397.6573150877
2551 3386.3283841147
2553 3382.0704594762
2576 3376.7893689417
2654 3375.4670877864
2656 3369.3437434925
2657 3367.2148352255
2662 3352.0467306446
2672 3349.7963524890
2675 3344.0048259867
2677 3323.1287277675
2678 3301.5133759234
2680 3279.0666858305
2685 3259.1183362102
2742 3258.2560412999
2745 3251.7707065561
2753 3250.5126765872
2756 3245.3407392525
2758 3242.7972027878
2759 3241.8338709784
2760 3241.3846036391
2762 3241.2162055832
2764 3237.3672320776
2765 3236.1123872796
2767 3233.4984842447
2776 3232.2402185921
2777 3228.4953478922
2779 3224.7907672827
2781 3223.5415931167
2782 3221.6036299553
2783 3221.3134112893
2809 3220.4447347850
2812 3218.2065892158
2814 3213.5136675968
2815 3211.5571108339
2819 3208.3050370679
2835 3207.8489974431
2838 3206.9899410418
2839 3204.2733714021
2840 3202.2210874389
2841 3201.6236897982
2844 3200.5271719918
2846 3198.7784254728
2848 3197.5949826759
2849 3197.2056063708
2852 3193.0127047128
2853 3191.1205672496
2856 3189.7977424225
2857 3184.8812911307
2859 3184.5875606211
2864 3183.6163036969
2865 3183.3234403108
2868 3179.1207093412
2871 3177.2676372556
2873 3175.6553372447
2876 3174.8735454635
2883 3174.2255862703
2885 3173.2034988875
2886 3171.2879997245
2894 3169.8081465758
2895 3167.7450937395
2897 3163.9496441285
2900 3161.3162787436
2901 3159.6619924270
2902 3158.0110557087
2905 3156.1556098868
2919 3155.1175240160
2924 3151.3865229289
2925 3150.8417101061
2935 3142.5636598761
2941 3141.3525782056
2942 3130.7855166233
2944 3119.5728167726
2947 3117.3792969575
2952 3107.4318329955
2959 3098.1088329099
2962 3091.4249978803
2964 3084.1808384380
2969 3074.0484826238
2974 3051.2371193891
2976 3033.9044385152
2983 3032.1768434653
2986 3025.7670768825
2987 3022.5876285269
2995 3014.4780885513
2997 3011.4826842095
3006 3009.0770003985
3007 3006.0268782361
3008 3000.1129210588
3009 2998.1396671068
3010 2987.1151155361
3023 2981.4344220182
3024 2978.9302509722
3028 2975.5305993919
3034 2972.7515834935
3036 2964.3401856498
3042 2960.7945027882
3045 2957.1593913483
3047 2957.1543263348
3048 2953.0905184411
3049 2950.8424348780
3051 2946.5128381479
3054 2943.6187498316
3056 2940.0918746643
3057 2935.2376839747
3062 2932.3478235101
3064 2923.5849090107
3072 2922.6953354867
3074 2921.0730266362
3078 2920.1652529082
3079 2919.1558401991
3083 2916.8759186628
3089 2915.8587432502
3092 2910.7578016351
3094 2909.0681479929
3095 2905.8439714116
3097 2902.8642383610
3100 2895.8551514714
3102 2891.9582432197
3103 2888.1987998112
3109 2879.2076613171
3112 2878.9955703621
3114 2878.5696662822
3115 2877.3895897447
3117 2875.9873727361
3118 2874.0024144172
3120 2870.7310366744
3152 2870.1773065083
3155 2870.0320661544
3158 2868.4700467149
3163 2867.6050603998
3166 2865.6599058866
3167 2863.9566344026
3170 2862.4768628593
3172 2862.0678953551
3174 2861.1253913579
3175 2860.1954538848
3180 2858.2309167460
3181 2855.8617287242
3182 2855.7712809734
3183 2853.7721900161
3192 2851.9965200108
3193 2851.3233616281
3196 2847.3704669207
3199 2847.0047982260
3241 2846.7464404793
3245 2845.5270566091
3248 2843.7695327675
3250 2842.5444860501
3253 2840.9720537519
3255 2838.9190712293
3257 2837.0940315663
3263 2833.4011314392
3266 2831.2721197587
3270 2831.0823991895
3271 2828.6860485499
3272 2828.2688928180
3273 2820.3242898548
3275 2819.2858728125
3277 2817.3464777831
3278 2815.1081908427
3362 2814.8123280781
3363 2813.3266345205
3393 2813.1823362145
3395 2812.8455514855
3397 2812.8349522677
3402 2812.1376558037
3409 2812.0973413631
3413 2812.0138309820
3415 2811.7454610723
3420 2811.4916860332
3422 2811.2946199927
3431 2811.1358001425
3434 2810.6356418954
3438 2810.5988537687
3440 2810.4687203355
3443 2810.2092049914
3446 2810.1338092551
3448 2809.4513807887
3450 2809.0399524394
3451 2808.3142415122
3453 2808.2743700253
3455 2808.1891900242
3456 2807.9575206766
3457 2807.8610013804
3460 2807.0059359591
3463 2806.9313521622
3475 2806.1917427152
3477 2804.8370700966
3480 2804.0866678119
3483 2802.8814247914
3489 2802.7730370545
3491 2802.5198255858
3493 2802.1537205120
3495 2801.9885453596
3496 2801.6999921650
3498 2801.6114734014
3502 2800.5998637326
3503 2800.4626723550
3504 2799.4233010186
3507 2799.2464297473
3509 2799.0170535745
3511 2798.6753026836
3513 2797.8701485975
3516 2797.6369363227
3517 2795.4241477588
3521 2794.9498235827
3525 2794.5415796520
3528 2792.1995516572
3530 2791.0426133534
3531 2789.8510452834
3536 2789.6040286358
3537 2789.2649028109
3539 2785.5695296613
3544 2784.0597856801
3545 2782.8359536841
3547 2782.6971554335
3548 2780.5786608266
3555 2780.3660566714
3557 2777.9927587941
3560 2775.7771828495
3566 2775.2887759032
3567 2772.0698346291
3572 2769.6892932127
3573 2768.5093254403
3576 2765.1340381589
3577 2761.2683556488
3579 2760.2622774511
3582 2758.5173031885
3621 2756.8742565843
3623 2755.5766784080
3625 2754.2685989760
3626 2753.4251056880
3629 2752.0336307392
3630 2751.4423715909
3635 2749.8363982721
3637 2747.5510337325
3639 2746.5712295466
3643 2746.0378392737
3646 2744.0309864385
3647 2741.1851349254
3649 2738.6244968433
3651 2735.6706861671
3652 2735.0963807771
3657 2732.9789127350
3659 2730.7472675988
3662 2725.1730634713
3666 2724.7542892968
3667 2721.9790820489
3671 2720.3491328440
3675 2718.3398273037
3677 2718.1123934227
3679 2716.5502578616
3682 2715.7276115814
3686 2713.0639717971
3693 2711.0710460282
3697 2709.4709820629
3699 2706.8298300267
3702 2706.6265167482
3704 2704.4809895705
3705 2704.4646437294
3706 2699.7301719534
3707 2698.0352706292
3709 2694.9422099331
3710 2692.3898526863
3712 2691.2930565068
3721 2690.6304404562
3723 2685.4305507338
3734 2675.4984154907
3735 2668.7510199420
3737 2665.5271911068
3739 2661.0541843706
3741 2656.6663318093
3742 2655.0912712120
3748 2650.4112452286
3750 2632.5315038768
3753 2612.7185331588
3757 2598.6319851903
3759 2572.0625243215
3768 2563.7800682529
3770 2548.1472514053
3773 2544.6040296947
3775 2542.8068226098
3779 2541.5230259209
3782 2532.4464556597
3783 2525.2534959557
3785 2519.0946824832
3790 2514.7734065879
3792 2501.2570825114
3793 2497.3800997544
3804 2490.2623527697
3805 2489.5134519478
3809 2488.6026054686
3812 2487.8643369902
3813 2486.6289821272
3814 2481.0450371710
3815 2477.2182877230
3817 2469.8195120552
3848 2466.3590094290
3849 2463.9212468284
3851 2459.8948831971
3859 2456.8880535302
3861 2456.0319702456
3863 2455.5348829539
3865 2452.3909388514
3867 2450.3952183921
3869 2449.1084022756
3871 2448.4585297560
3872 2442.3954660112
3880 2441.6928268459
3881 2439.8891812489
3884 2438.0795661799
3885 2435.2997333662
3903 2433.1827493447
3905 2432.6639831758
3910 2430.4371013417
3911 2427.5956116289
3916 2422.4176068827
3917 2420.8394411423
3918 2419.2084993797
3919 2418.5373814992
3921 2417.1285227300
3924 2413.3857090487
3925 2410.5188158967
3927 2405.1606173420
3929 2397.7293818442
3931 2390.7632313974
3965 2387.9870734069
3968 2384.4346186040
3970 2382.8466464439
3971 2380.4606332609
3976 2377.3386794546
3981 2377.1591058257
3982 2376.6242039448
3985 2372.2211521089
3990 2368.1727317940
3991 2366.0770357594
3997 2361.3136537624
3999 2357.6333728036
4001 2355.3003527601
4003 2354.4939608729
4004 2348.6337166892
4005 2343.9516951203
4008 2337.6169526469
4010 2337.3456040238
4021 2332.7165267551
4023 2331.8547577199
4024 2327.0967792157
4026 2326.4678977060
4039 2323.5267420929
4046 2322.5887723918
4048 2318.0435489065
4055 2312.5458540543
4059 2312.1884718219
4066 2311.6316912925
4067 2307.2307966667
4069 2303.7185538867
4083 2303.4883285173
4086 2301.0502285805
4087 2293.5427614358
4089 2293.4537590332
4094 2291.1354201266
4095 2289.0997587479
4096 2288.6282413028
4099 2284.1628986496
4103 2279.3883696042
4104 2279.2583630919
4105 2278.7938442478
4106 2276.1343198415
4111 2272.3793054590
4113 2270.7141770804
4114 2269.4076626130
4117 2268.1022806423
4119 2263.7845026134
4125 2263.5476106454
4126 2260.5387387615
4127 2256.7029023155
4129 2254.5774701385
4131 2250.2352423282
4133 2247.0369004218
4135 2242.5390728658
4136 2242.3042911862
4139 2239.1606197296
4141 2238.8727067246
4145 2236.3415720969
4147 2232.8813631242
4149 2224.8402121482
4152 2222.4697267708
4153 2219.9136552776
4154 2217.1522990838
4157 2213.8585587048
4158 2208.8678747275
4159 2207.2781146546
4164 2207.1146220669
4165 2202.6985030811
4168 2202.4434731095
4176 2191.0602200478
4177 2184.6813916321
4181 2172.1238150389
4183 2171.9855808710
4184 2170.4813424821
4195 2165.7198747078
4196 2161.9466974115
4198 2156.4318966469
4200 2144.1666465435
4208 2133.8699960856
4209 2129.3287848137
4212 2120.5758341658
4216 2114.2374449682
4217 2107.4478674699
4220 2105.6610341153
4226 2101.8434240624
4231 2094.3187813368
4233 2090.0138421395
4235 2087.9537622589
4237 2087.5563482560
4238 2084.1113938425
4249 2082.3291787003
4253 2081.9709851958
4263 2081.2624573871
4265 2081.0944368687
4266 2077.5707365997
4268 2075.2501903375
4269 2072.9933100503
4272 2069.5579473432
4274 2067.0732166654
4276 2066.2183380881
4278 2062.3944696395
4280 2058.2319325494
4281 2055.6102481058
4285 2054.0564982865
4286 2053.0501037442
4287 2049.5413526733
4289 2046.9351058566
4291 2045.9451561080
4295 2044.0905237470
4301 2037.9389419948
4304 2032.6710327359
4307 2031.1438587606
4309 2029.0938574663
4311 2023.0878500379
4314 2019.7082478442
4315 2012.1678430377
4321 2012.1070265315
4322 2008.0697627905
4323 2007.1149197876
4324 2006.3324306222
4325 2004.4255541165
4340 2004.0869234466
4345 2004.0820182100
4349 2003.6424854926
4358 2003.4390359080
4361 2003.3816024714
4363 2003.1053851986
4365 2002.9177521553
4366 2002.6670120091
4368 2002.2127588758
4369 2002.0821809558
4374 2001.8562604176
4385 2001.5747639003
4387 2001.0459912084
4388 2000.6001321324
4390 2000.1034150262
4391 1999.2249455826
4394 1998.6789066589
4444 1998.6596957409
4447 1997.3951479285
4452 1997.2349912496
4453 1994.4222733504
4469 1993.7509279116
4478 1993.4308057699
4479 1992.8761962687
4489 1992.8172022013
4491 1991.7112445167
4501 1991.3825895560
4504 1991.3300866929
4505 1991.0224296894
4508 1992.2602308871
evaluations raw_y
1 235726493.5800327957
3 118826512.9814583212
10 33891738.1435944885
37 20518237.1308053397
39 16490053.1131325066
41 8501519.1971218493
42 4506684.4727207404
104 2663826.9104802259
105 2024491.5902540041
141 2004245.5761162001
144 1399858.8164863817
147 1136631.7050395173
148 234735.7607754344
169 204809.2385708581
170 45533.6901232452
228 40327.4909179639
229 35715.3454949921
230 32628.8402973968
232 26809.6413732440
251 17715.0707948765
253 15321.9726544890
256 13775.6951166059
260 11566.8691749497
261 10038.2258182774
267 8431.4533634407
277 7938.2776979080
278 5999.0875303245
279 3926.6165743056
302 3121.7322757125
303 2918.1775925531
304 2746.9135977485
306 2670.9900754611
307 2179.7247494099
325 1577.2113390853
462 1570.2677843323
463 1563.9246069930
466 1559.9309223832
468 1536.5472578934
470 1522.2601633519
490 1515.2890627876
491 1510.9313403093
494 1506.3253847230
510 1506.1893700601
514 1500.2116692373
537 1498.1320195764
540 1495.4056979430
542 1492.9466110844
545 1490.8154539312
548 1488.0289802762
549 1487.8238843867
551 1485.5767333268
555 1484.4037145959
557 1483.6608674801
559 1483.0861110160
562 1480.0709062039
563 1476.6191434066
565 1476.3056518775
566 1474.1269091851
567 1473.3657239456
568 1471.9637941498
570 1466.7086743826
577 1465.0564056056
578 1464.2699026967
588 1463.9618366710
592 1462.3055777256
595 1460.2972058983
606 1459.7174483960
618 1459.6213822927
622 1458.9660778508
626 1458.6055400833
754 1458.5915454932
756 1458.5677953302
758 1458.5621647903
773 1458.5474516157
775 1458.5409533819
776 1458.5383691580
777 1458.5361647993
778 1458.5325402069
779 1458.5161959396
781 1458.5049052553
782 1458.4805998390
783 1458.4009261588
788 1458.3803116236
818 1458.3483702847
822 1458.3461692412
833 1458.3405283495
836 1458.3344477633
837 1458.3172714558
840 1458.3102233572
841 1458.3101715389
850 1458.3056624764
851 1458.3008722816
857 1458.2931342291
858 1458.2918209610
861 1458.2864541124
863 1458.2863908007
864 1458.2820143505
865 1458.2652529797
868 1458.2565688907
877 1458.2517292449
879 1458.2379462810
882 1458.2301469619
888 1458.2300772790
889 1458.2267631175
890 1458.2128428845
891 1458.2027307341
893 1458.1971350746
895 1458.1887061810
899 1458.1746499009
908 1458.1616966889
910 1458.1599689517
911 1458.1502905639
913 1458.1335513361
915 1458.1328558503
916 1458.1157454331
918 1458.1127877562
921 1458.1090029842
924 1458.0758460141
929 1458.0603990914
931 1458.0378789909
933 1458.0257308812
935 1458.0250499310
936 1458.0081446347
956 1458.0033860399
962 1457.9887361937
963 1457.9870785413
970 1457.9858279784
981 1457.9838375390
982 1457.9745220818
983 1457.9723364279
985 1457.9626130917
989 1457.9620359193
992 1457.9582642270
1004 1457.9558844338
1005 1457.9546449155
1006 1457.9516801386
1011 1457.9498896019
1015 1457.9487833004
1017 1457.9299360205
1019 1457.9222126962
1024 1457.9084495493
1047 1457.8866952992
1053 1457.8812417580
1060 1457.8696056050
1065 1457.8612598950
1067 1457.8576572326
1069 1457.8541363657
1072 1457.8413097356
1080 1457.8302586218
1081 1457.8120286556
1086 1457.7996412473
1115 1457.7890830081
1117 1457.7841670345
1118 1457.7800565209
1119 1457.7604199200
1125 1457.7433748761
1128 1457.7158976004
1129 1457.6854042019
1135 1457.6850731747
1136 1457.6735233001
1140 1457.6419594669
1153 1457.6139686053
1158 1457.6028917924
1177 1457.5993153014
1179 1457.5959989080
1193 1457.5959479356
1207 1457.5957493673
1209 1457.5940955140
1234 1457.5935961158
1235 1457.5924077449
1238 1457.5918718401
1239 1457.5914637625
1264 1457.5914511492
1266 1457.5912820393
1271 1457.5911367377
1273 1457.5908517685
1280 1457.5908015178
1330 1457.5907854097
1331 1457.5907666001
1335 1457.5907444936
1337 1457.5907291094
1338 1457.5907185105
1356 1457.5906905685
1358 1457.5906775070
1360 1457.5906452843
1361 1457.5906365852
1362 1457.5906214096
1363 1457.5906058898
1365 1457.5905787956
1366 1457.5905422057
1372 1457.5905386433
1373 1457.5904117039
1376 1457.5903744243
1390 1457.5903295146
1392 1457.5902071141
1393 1457.5901293625
1395 1457.5900003868
1399 1457.5898940568
1408 1457.5898294664
1410 1457.5898094734
1411 1457.5897610994
1412 1457.5896452387
1414 1457.5896433378
1416 1457.5896248292
1417 1457.5894946874
1418 1457.5894216217
1419 1457.5893266956
1421 1457.5891375443
1430 1457.5891349116
1431 1457.5890256261
1435 1457.5889508796
1436 1457.5888667245
1437 1457.5884543715
1439 1457.5883312722
1440 1457.5880476735
1441 1457.5878183900
1444 1457.5877925165
1445 1457.5877505500
1446 1457.5874235578
1457 1457.5872238776
1463 1457.5869378743
1465 1457.5867255918
1469 1457.5861526032
1471 1457.5858933293
1476 1457.5854944117
1494 1457.5853895694
1506 1457.5853296292
1507 1457.5852998461
1509 1457.5851303939
1513 1457.5851062009
1515 1457.5850646495
1517 1457.5850089657
1523 1457.5850041716
1525 1457.5849397801
1527 1457.5847890563
1529 1457.5847089984
1532 1457.5846293556
1533 1457.5844771470
1558 1457.5844646261
1559 1457.5843880550
1563 1457.5843877056
1564 1457.5843758362
1565 1457.5842692726
1567 1457.5842509910
1570 1457.5841964997
1597 1457.5841913473
1598 1457.5841846126
1599 1457.5841565846
1601 1457.5841213154
1605 1457.5840730640
1607 1457.5840033367
1609 1457.5839333836
1611 1457.5837968570
1615 1457.5837650409
1618 1457.5836900348
1619 1457.5836882572
1620 1457.5835782357
1621 1457.5835345800
1622 1457.5834369619
1623 1457.5833197725
1624 1457.5832879752
1626 1457.5832253117
1627 1457.5830945696
1631 1457.5830400244
1632 1457.5828975343
1642 1457.5827430816
1647 1457.5827410568
1648 1457.5826291550
1653 1457.5826171297
1654 1457.5825146153
1655 1457.5823745182
1661 1457.5821063583
1667 1457.5820653216
1669 1457.5818967592
1674 1457.5817301582
1683 1457.5816037699
1685 1457.5815902947
1687 1457.5815859582
1698 1457.5815827103
1702 1457.5815787538
1704 1457.5815280938
1708 1457.5814924338
1710 1457.5814905528
1713 1457.5814738250
1714 1457.5814511235
1715 1457.5814401335
1718 1457.5814162597
1723 1457.5813963960
1725 1457.5813733150
1727 1457.5813287887
1730 1457.5813093522
1734 1457.5812956453
1735 1457.5812787046
1736 1457.5812553444
1738 1457.5812486894
1740 1457.5812305752
1741 1457.5812134136
1743 1457.5811933375
1746 1457.5811844533
1747 1457.5811779572
1748 1457.5811674543
1749 1457.5811530285
1754 1457.5810893530
1755 1457.5810861616
1756 1457.5810659062
1757 1457.5810343142
1759 1457.5810060501
1761 1457.5809718275
1762 1457.5809384108
1763 1457.5809275426
1764 1457.5808662073
1765 1457.5808214034
1766 1457.5807994711
1768 1457.5807175222
1769 1457.5807129889
1771 1457.5806968688
1776 1457.5806914894
1778 1457.5806058820
1779 1457.5805856956
1780 1457.5805702887
1781 1457.5805673547
1783 1457.5805267942
1785 1457.5804485859
1791 1457.5804370321
1793 1457.5803710968
1795 1457.5803455556
1796 1457.5802914679
1798 1457.5802539829
1799 1457.5802163086
1804 1457.5801896081
1810 1457.5801869053
1812 1457.5801527597
1821 1457.5801372393
1823 1457.5801368565
1825 1457.5801231618
1828 1457.5800871731
1831 1457.5800576311
1837 1457.5800408983
1839 1457.5800149336
1842 1457.5800016580
1851 1457.5800007380
1853 1457.5800005394
1854 1457.5799974418
1855 1457.5799762476
1857 1457.5799649441
1859 1457.5799425408
1863 1457.5799157292
1866 1457.5798746981
1868 1457.5798554474
1895 1457.5798547564
1916 1457.5798308322
1917 1457.5798256307
1919 1457.5798098114
1921 1457.5798067788
1923 1457.5798049855
1924 1457.5797738038
1925 1457.5797538341
1927 1457.5797411738
1929 1457.5797156812
1955 1457.5797103371
1961 1457.5796962645
1964 1457.5796909975
1968 1457.5796720723
1969 1457.5796534810
1970 1457.5796224738
1974 1457.5796105472
1977 1457.5795821143
1985 1457.5795622732
1988 1457.5795502216
1991 1457.5795501380
1994 1457.5795393592
1997 1457.5795212403
2010 1457.5795181485
2011 1457.5795032457
2013 1457.5794841340
2024 1457.5794799443
2026 1457.5794496316
2027 1457.5794066483
2065 1457.5793982144
2069 1457.5793959944
2074 1457.5793861060
2075 1457.5793851738
2077 1457.5793764927
2079 1457.5793663410
2081 1457.5793599211
2083 1457.5793571306
2084 1457.5793513725
2085 1457.5793352196
2088 1457.5793273937
2091 1457.5793203434
2094 1457.5792949673
2095 1457.5792876919
2096 1457.5792829378
2099 1457.5792810708
2105 1457.5792773426
2108 1457.5792682962
2111 1457.5792670340
2115 1457.5792518287
2118 1457.5792482078
2120 1457.5792424845
2121 1457.5792368943
2124 1457.5792335255
2125 1457.5792249067
2127 1457.5792222530
2130 1457.5792198711
2133 1457.5791993212
2135 1457.5791910522
2137 1457.5791844808
2140 1457.5791717989
2144 1457.5791577877
2145 1457.5791529510
2153 1457.5791504468
2156 1457.5791363536
2172 1457.5791358708
2174 1457.5791344677
2175 1457.5791276307
2182 1457.5791173485
2184 1457.5791149301
2185 1457.5791105374
2187 1457.5790979466
2198 1457.5790885899
2199 1457.5790818683
2201 1457.5790674588
2203 1457.5790672854
2205 1457.5790631275
2207 1457.5790587483
2208 1457.5790567742
2212 1457.5790563560
2213 1457.5790539743
2215 1457.5790515883
2226 1457.5790491809
2228 1457.5790483770
2232 1457.5790447733
2233 1457.5790375944
2236 1457.5790362480
2237 1457.5790333934
2242 1457.5790324424
2245 1457.5790297492
2246 1457.5790292684
2249 1457.5790284972
2250 1457.5790266028
2252 1457.5790252086
2256 1457.5790216081
2258 1457.5790209003
2261 1457.5790194111
2263 1457.5790168036
2264 1457.5790120796
2266 1457.5790116185
2279 1457.5790066425
2281 1457.5790030886
2288 1457.5790006545
2290 1457.5789966894
2292 1457.5789958949
2295 1457.5789939785
2300 1457.5789931770
2303 1457.5789930850
2304 1457.5789866907
2305 1457.5789814734
2317 1457.5789805909
2342 1457.5789804464
2343 1457.5789803174
2345 1457.5789785044
2352 1457.5789761205
2354 1457.5789728437
2356 1457.5789702980
2357 1457.5789677587
2359 1457.5789664486
2362 1457.5789653684
2369 1457.5789620365
2374 1457.5789614786
2375 1457.5789598401
2377 1457.5789587625
2382 1457.5789570871
2383 1457.5789549907
2385 1457.5789545166
2390 1457.5789544727
2394 1457.5789526536
2395 1457.5789512943
2396 1457.5789492897
2397 1457.5789479991
2399 1457.5789457373
2402 1457.5789437520
2403 1457.5789395959
2405 1457.5789376391
2407 1457.5789368647
2412 1457.5789333044
2414 1457.5789304758
2415 1457.5789284671
2417 1457.5789271766
2418 1457.5789226359
2423 1457.5789207703
2426 1457.5789174231
2429 1457.5789167246
2431 1457.5789155348
2433 1457.5789138730
2434 1457.5789131325
2439 1457.5789117281
2442 1457.5789094480
2443 1457.5789079437
2445 1457.5789070985
2446 1457.5789068528
2447 1457.5789067688
2452 1457.5789066078
2453 1457.5789065643
2454 1457.5789053836
2459 1457.5789037783
2463 1457.5789025505
2467 1457.5789011779
2469 1457.5789010176
2470 1457.5789009022
2472 1457.5789003206
2476 1457.5788995893
2477 1457.5788979066
2483 1457.5788975173
2484 1457.5788970160
2485 1457.5788951805
2488 1457.5788934701
2494 1457.5788933838
2495 1457.5788920974
2498 1457.5788912755
2500 1457.5788903653
2501 1457.5788897253
2503 1457.5788896305
2504 1457.5788871100
2517 1457.5788863815
2523 1457.5788863384
2525 1457.5788858719
2536 1457.5788854241
2540 1457.5788850301
2542 1457.5788843625
2544 1457.5788836984
2547 1457.5788836685
2548 1457.5788834730
2556 1457.5788834264
2557 1457.5788825037
2559 1457.5788824563
2560 1457.5788819308
2561 1457.5788816795
2564 1457.5788801536
2567 1457.5788798460
2569 1457.5788787817
2572 1457.5788769280
2575 1457.5788756891
2579 1457.5788754644
2581 1457.5788740396
2583 1457.5788740186
2584 1457.5788725641
2586 1457.5788709111
2589 1457.5788689615
2591 1457.5788678793
2592 1457.5788677619
2593 1457.5788676385
2595 1457.5788662451
2597 1457.5788636121
2599 1457.5788631437
2609 1457.5788605258
2618 1457.5788589489
2619 1457.5788569799
2621 1457.5788567017
2624 1457.5788565910
2631 1457.5788564984
2635 1457.5788554372
2638 1457.5788552946
2639 1457.5788550183
2665 1457.5788546425
2667 1457.5788539790
2669 1457.5788522567
2673 1457.5788520565
2675 1457.5788507233
2679 1457.5788507169
2683 1457.5788486303
2685 1457.5788442348
2690 1457.5788426508
2691 1457.5788401016
2693 1457.5788391214
2698 1457.5788383970
2699 1457.5788323446
2708 1457.5788296752
2709 1457.5788282618
2711 1457.5788264858
2713 1457.5788260178
2727 1457.5788241726
2729 1457.5788226929
2731 1457.5788216655
2747 1457.5788200161
2750 1457.5788188126
2761 1457.5788184517
2762 1457.5788182066
2763 1457.5788162441
2765 1457.5788157080
2770 1457.5788152562
2771 1457.5788145444
2772 1457.5788140919
2773 1457.5788118042
2775 1457.5788112721
2777 1457.5788111028
2778 1457.5788051855
2779 1457.5788030739
2780 1457.5788009291
2781 1457.5788003660
2783 1457.5788000126
2785 1457.5787957629
2787 1457.5787932574
2790 1457.5787903429
2791 1457.5787880876
2794 1457.5787864568
2795 1457.5787808456
2797 1457.5787768832
2802 1457.5787758242
2803 1457.5787722280
2805 1457.5787671946
2808 1457.5787557119
2809 1457.5787426452
2813 1457.5787368771
2815 1457.5787325110
2817 1457.5787286809
2820 1457.5787235579
2821 1457.5787165219
2822 1457.5787093228
2823 1457.5787034094
2825 1457.5786889647
2826 1457.5786887849
2827 1457.5786678442
2828 1457.5786645784
2829 1457.5786302416
2832 1457.5786272748
2843 1457.5786199083
2849 1457.5786179279
2851 1457.5786150869
2853 1457.5786141008
2854 1457.5786062225
2857 1457.5786052654
2859 1457.5786007462
2860 1457.5785993296
2862 1457.5785979154
2864 1457.5785961537
2865 1457.5785911518
2875 1457.5785907543
2879 1457.5785818859
2883 1457.5785806645
2885 1457.5785796195
2895 1457.5785787295
2898 1457.5785764891
2910 1457.5785757021
2919 1457.5785750571
2924 1457.5785732758
2930 1457.5785727383
2932 1457.5785721775
2935 1457.5785716735
2937 1457.5785712932
2938 1457.5785711781
2943 1457.5785697003
2945 1457.5785681799
2948 1457.5785668646
2949 1457.5785660502
2951 1457.5785646126
2953 1457.5785634417
2955 1457.5785631013
2956 1457.5785623641
2957 1457.5785623483
2958 1457.5785615503
2959 1457.5785585935
2964 1457.5785581192
2981 1457.5785580423
2982 1457.5785571219
2991 1457.5785569800
2996 1457.5785568638
2999 1457.5785567337
3004 1457.5785560947
3008 1457.5785537874
3009 1457.5785526989
3013 1457.5785525720
3014 1457.5785523570
3027 1457.5785519428
3029 1457.5785513794
3030 1457.5785494915
3032 1457.5785489753
3033 1457.5785489709
3034 1457.5785477554
3036 1457.5785476174
3038 1457.5785463779
3039 1457.5785457392
3040 1457.5785452163
3041 1457.5785444372
3043 1457.5785432019
3045 1457.5785428280
3047 1457.5785424502
3051 1457.5785423141
3052 1457.5785395881
3053 1457.5785394282
3054 1457.5785385236
3057 1457.5785382891
3060 1457.5785367606
3062 1457.5785364623
3063 1457.5785358327
3064 1457.5785351379
3067 1457.5785346596
3068 1457.5785340910
3072 1457.5785333875
3073 1457.5785332668
3078 1457.5785331899
evaluations raw_y
1 83718971.9433178753
3 73121763.9204256684
4 59137061.9597060233
5 24490778.7322551571
9 14923088.0655002166
12 9830940.2763800938
13 9327115.1310623959
16 8580689.6394603476
17 8375965.3033576943
20 2133362.7422216241
21 1670690.3377524817
23 233458.6869903784
183 202585.5282850173
186 171523.0865664664
187 168213.5694909047
222 158463.5452775911
224 127209.1276340839
228 112652.2099594260
229 109347.6493968822
230 86987.5038912102
231 70891.1029729016
233 59557.0994269989
236 31400.3508369363
245 25264.8784070950
254 24131.3105409203
255 22083.5154705402
256 9768.0027924572
259 8801.6372825730
261 7588.9364043227
264 5619.2964520103
290 5577.5827941433
291 4330.8637843573
305 2761.0538001030
308 1744.2661219347
313 1628.9711481196
322 640.9103453369
375 470.3979466363
390 455.1582885202
392 451.2366881488
421 350.0199844341
443 348.4899669940
444 325.0398808334
455 216.7835034465
459 190.9907748323
463 167.5833419997
473 152.1004913947
475 117.3439711239
551 95.9416392671
552 85.6758512413
553 30.8078047026
563 18.8707033333
614 9.8843562509
626 8.4889405003
635 8.3407946548
673 8.3140962483
743 8.3043560993
749 8.2375062735
753 8.2174138299
786 8.1992532060
796 8.1867106195
802 8.1823583279
821 8.1732317694
826 8.1699950343
831 8.1681130712
844 8.1674325457
1006 8.1673209876
1007 8.1672921321
1008 8.1670861574
1009 8.1669504453
1013 8.1669456562
1014 8.1668988469
1015 8.1667618856
1022 8.1666719657
1023 8.1665702269
1025 8.1664914534
1026 8.1664826015
1029 8.1664598521
1039 8.1664381574
1043 8.1664291909
1044 8.1663966695
1063 8.1663835190
1069 8.1663788622
1070 8.1663710892
1072 8.1663615569
1074 8.1663545814
1075 8.1663481554
1077 8.1663458273
1079 8.1663370783
1082 8.1663271384
1085 8.1663081064
1094 8.1663070547
1101 8.1663001662
1103 8.1662856966
1105 8.1662702532
1108 8.1662665850
1110 8.1662610522
1112 8.1662350253
1116 8.1662344964
1119 8.1662342976
1120 8.1662307407
1121 8.1662302499
1122 8.1662246322
1124 8.1662152105
1125 8.1662139897
1126 8.1662050500
1128 8.1662011202
1130 8.1661932782
1132 8.1661887459
1133 8.1661809787
1135 8.1661804806
1138 8.1661627431
1141 8.1661582850
1144 8.1661556945
1146 8.1661392601
1149 8.1661295336
1157 8.1661254134
1159 8.1661157492
1162 8.1661036421
1167 8.1660966244
1170 8.1660824750
1182 8.1660675618
1183 8.1660655587
1186 8.1660502129
1187 8.1660402703
1190 8.1660392083
1206 8.1660352389
1208 8.1660213963
1209 8.1660086683
1211 8.1660079936
1212 8.1659905206
1213 8.1659777700
1215 8.1659712138
1216 8.1659631035
1220 8.1659549957
1222 8.1659354764
1224 8.1659226374
1225 8.1658840307
1227 8.1658647963
1234 8.1658630039
1236 8.1658316879
1248 8.1656572283
1254 8.1656031341
1256 8.1655325619
1257 8.1655151305
1258 8.1654222534
1260 8.1652310700
1290 8.1651970088
1291 8.1651665828
1292 8.1650568724
1303 8.1650322053
1313 8.1649748325
1316 8.1649108136
1318 8.1648806421
1322 8.1648471886
1325 8.1647405869
1353 8.1647356432
1355 8.1647028148
1358 8.1646828465
1360 8.1646651887
1364 8.1646538704
1365 8.1646320203
1368 8.1646199963
1370 8.1646097533
1373 8.1646020886
1380 8.1645967683
1385 8.1645907261
1388 8.1645755068
1392 8.1645726739
1394 8.1645664502
1395 8.1645573816
1398 8.1645529790
1400 8.1645420568
1402 8.1645349682
1404 8.1645301464
1407 8.1645284671
1411 8.1645276664
1451 8.1645175002
1463 8.1645118555
1465 8.1645115551
1466 8.1645091183
1470 8.1645077156
1471 8.1644885714
1473 8.1644806902
1476 8.1644741981
1480 8.1644677312
1488 8.1644625712
1489 8.1644586006
1490 8.1644541549
1491 8.1644528840
1493 8.1644455717
1504 8.1644354080
1505 8.1644293905
1506 8.1644274418
1507 8.1644267344
1525 8.1644140719
1530 8.1643981407
1531 8.1643798759
1534 8.1643766160
1537 8.1643692099
1543 8.1643587743
1545 8.1643516929
1547 8.1643459383
1548 8.1643290387
1571 8.1642965931
1577 8.1642964826
1581 8.1642729238
1583 8.1642141585
1585 8.1641742819
1586 8.1641663189
1588 8.1641575175
1589 8.1641008185
1590 8.1640947683
1591 8.1640907494
1597 8.1640620031
1599 8.1640131636
1603 8.1639846766
1605 8.1639806129
1606 8.1639593201
1608 8.1638871056
1612 8.1638769472
1628 8.1638754688
1630 8.1637971149
1633 8.1637308680
1635 8.1636672619
1637 8.1635943583
1641 8.1635710148
1642 8.1634494310
1643 8.1634165579
1683 8.1633620536
1685 8.1633530714
1686 8.1632819717
1687 8.1632738100
1688 8.1632555181
1689 8.1632325534
1706 8.1632251945
1708 8.1631054599
1714 8.1630961755
1716 8.1630761965
1717 8.1630646479
1720 8.1630533267
1731 8.1630041789
1737 8.1629688561
1743 8.1629013615
1749 8.1627896033
1754 8.1627856017
1755 8.1627642492
1757 8.1626421497
1759 8.1625766537
1761 8.1624394023
1763 8.1622975596
1768 8.1620137544
1769 8.1619877115
1773 8.1616892676
1774 8.1616255989
1784 8.1614563603
1836 8.1614414672
1838 8.1614365780
1840 8.1613148417
1847 8.1613033727
1849 8.1612318232
1864 8.1611978140
1866 8.1611369727
1868 8.1610684381
1873 8.1610555078
1874 8.1610447906
1876 8.1610270406
1886 8.1610241126
1887 8.1610114613
1891 8.1610045049
1893 8.1609873970
1894 8.1609766830
1897 8.1609763594
1898 8.1609659703
1900 8.1609330473
1904 8.1609289652
1906 8.1608999559
1908 8.1608791516
1909 8.1608580093
1925 8.1608503372
1927 8.1608475515
1928 8.1608073674
1929 8.1607551045
1931 8.1607274465
1938 8.1607047562
1943 8.1606796318
1945 8.1606791491
1952 8.1606678586
1954 8.1606557997
1957 8.1606514968
1972 8.1606481486
1974 8.1606286670
1977 8.1606214745
1981 8.1606001862
1984 8.1605498798
1986 8.1605187322
1989 8.1604897713
2027 8.1604823968
2030 8.1604692755
2032 8.1604662369
2041 8.1604627913
2042 8.1604621041
2043 8.1604580631
2044 8.1604338313
2050 8.1604182694
2051 8.1604066242
2079 8.1604058461
2081 8.1604003457
2082 8.1603954411
2083 8.1603764162
2085 8.1603639061
2087 8.1603506172
2089 8.1603461749
2090 8.1603296208
2092 8.1603262269
2094 8.1603128678
2095 8.1603091053
2097 8.1603025659
2099 8.1602707051
2113 8.1602677891
2115 8.1602520485
2117 8.1602330629
2121 8.1602118301
2125 8.1602054815
2126 8.1602007640
2128 8.1601931457
2132 8.1601767129
2134 8.1601471542
2137 8.1601219275
2139 8.1601201117
2140 8.1600802499
2141 8.1600735911
2142 8.1600531760
2144 8.1600529420
2145 8.1600444425
2149 8.1600335825
2153 8.1600300505
2156 8.1600006368
2158 8.1599650070
2160 8.1599536689
2161 8.1599453159
2164 8.1599337147
2166 8.1599316057
2167 8.1598861819
2169 8.1598689723
2258 8.1598554793
2265 8.1598546055
2268 8.1598202675
2269 8.1598140651
2270 8.1598108353
2271 8.1597981806
2277 8.1597864338
2281 8.1597638657
2284 8.1597337030
2287 8.1597237722
2294 8.1597211031
2295 8.1597059770
2302 8.1596972677
2305 8.1596913088
2307 8.1596655629
2310 8.1596615769
2311 8.1596494482
2312 8.1596468644
2315 8.1596299423
2316 8.1596204883
2317 8.1596081807
2323 8.1596028343
2326 8.1595957864
2328 8.1595929088
2329 8.1595885232
2331 8.1595863712
2332 8.1595677151
2333 8.1595639495
2334 8.1595622002
2335 8.1595516693
2340 8.1595443586
2354 8.1595357219
2355 8.1595207516
2357 8.1595183330
2363 8.1595102264
2368 8.1595042355
2371 8.1594923345
2374 8.1594875612
2375 8.1594848314
2376 8.1594835493
2379 8.1594742500
2381 8.1594587605
2388 8.1594529268
2389 8.1594504269
2393 8.1594319160
2401 8.1594274059
2405 8.1594220931
2414 8.1594151713
2419 8.1594010925
2421 8.1593948610
2422 8.1593893559
2426 8.1593853335
2427 8.1593804680
2432 8.1593684196
2434 8.1593580620
2435 8.1593471840
2440 8.1593271217
2441 8.1593259945
2442 8.1593241149
2444 8.1593183446
2451 8.1593020405
2456 8.1593004284
2462 8.1592932210
2463 8.1592787149
2468 8.1592755987
2472 8.1592604172
2476 8.1592464444
2477 8.1592326466
2479 8.1592248843
2480 8.1592187326
2486 8.1591620615
2488 8.1591481076
2494 8.1591464169
2496 8.1591266349
2497 8.1591183085
2498 8.1591169385
2501 8.1591104877
2503 8.1591059447
2504 8.1590926441
2507 8.1590825625
2511 8.1590772609
2526 8.1590756834
2527 8.1590696997
2530 8.1590692132
2531 8.1590691405
2540 8.1590682771
2547 8.1590669462
2569 8.1590656507
2589 8.1590653400
2591 8.1590639435
2593 8.1590636106
2602 8.1590628928
2607 8.1590624279
2618 8.1590620559
2620 8.1590614629
2623 8.1590602015
2642 8.1590595317
2654 8.1590595281
2655 8.1590592626
2658 8.1590590629
2661 8.1590590270
2662 8.1590589692
2667 8.1590589498
2676 8.1590589084
2685 8.1590588456
2687 8.1590588017
2689 8.1590587965
2696 8.1590587804
2697 8.1590587628
2718 8.1590587598
2719 8.1590587555
2721 8.1590587438
2726 8.1590586961
2727 8.1590586709
2730 8.1590586530
2736 8.1590586428
2747 8.1590586355
2749 8.1590586352
2751 8.1590586124
2754 8.1590585965
2756 8.1590585928
2758 8.1590585604
2759 8.1590585462
2765 8.1590585421
2767 8.1590585400
2768 8.1590585269
2775 8.1590585268
2776 8.1590585004
2778 8.1590584878
2779 8.1590584702
2783 8.1590584314
2786 8.1590584285
2795 8.1590583912
2800 8.1590583519
2811 8.1590583352
2814 8.1590583025
2815 8.1590582803
2818 8.1590582783
2819 8.1590582613
2821 8.1590582232
2823 8.1590581981
2825 8.1590581304
2836 8.1590581124
2838 8.1590581007
2840 8.1590580671
2842 8.1590579356
2848 8.1590577601
2849 8.1590577293
2851 8.1590577110
2856 8.1590575569
2866 8.1590574999
2867 8.1590572495
2869 8.1590572466
2870 8.1590572031
2871 8.1590571411
2872 8.1590571371
2875 8.1590569819
2878 8.1590569450
2880 8.1590567917
2882 8.1590567175
2883 8.1590565473
2887 8.1590564052
2894 8.1590562182
2902 8.1590561880
2903 8.1590561694
2905 8.1590560353
2909 8.1590559807
2912 8.1590559629
2919 8.1590559352
2921 8.1590558390
2925 8.1590557831
2926 8.1590557260
2939 8.1590557202
2942 8.1590556865
2945 8.1590556819
2948 8.1590556353
2949 8.1590556238
2950 8.1590555533
2951 8.1590555215
2954 8.1590554862
2955 8.1590554713
2958 8.1590554414
2959 8.1590554091
2960 8.1590553423
2961 8.1590553129
2994 8.1590553002
2996 8.1590552861
2997 8.1590552687
3001 8.1590552029
3003 8.1590551802
3005 8.1590551096
3007 8.1590550643
3008 8.1590550154
3011 8.1590549868
3012 8.1590549156
3014 8.1590549076
3015 8.1590547275
3018 8.1590546357
3020 8.1590546050
3021 8.1590545708
3025 8.1590545009
3028 8.1590544549
3029 8.1590543262
3032 8.1590543218
3033 8.1590542807
3034 8.1590542530
3035 8.1590540787
3038 8.1590540325
3039 8.1590539317
3041 8.1590537459
3044 8.1590535445
3045 8.1590534834
3050 8.1590534743
3054 8.1590532373
3055 8.1590531867
3056 8.1590531544
3076 8.1590531400
3080 8.1590530206
3082 8.1590529783
3086 8.1590528702
3113 8.1590528499
3121 8.1590526489
3139 8.1590525071
3147 8.1590524835
3148 8.1590524716
3150 8.1590524716
3151 8.1590524603
3152 8.1590524184
3153 8.1590523332
3155 8.1590522331
3158 8.1590521250
3159 8.1590520732
3163 8.1590520660
3166 8.1590520349
3167 8.1590519980
3169 8.1590519718
3174 8.1590519084
3175 8.1590518011
3177 8.1590517259
3181 8.1590517094
3184 8.1590516673
3186 8.1590516412
3187 8.1590514865
3191 8.1590514163
3194 8.1590513513
3195 8.1590513511
3196 8.1590511778
3197 8.1590509315
3206 8.1590507947
3216 8.1590507838
3218 8.1590506827
3230 8.1590505121
3232 8.1590503927
3237 8.1590503572
3238 8.1590500434
3239 8.1590498978
3242 8.1590498748
3265 8.1590498737
3267 8.1590498148
3273 8.1590497877
3276 8.1590497696
3281 8.1590496533
3283 8.1590495430
3292 8.1590494493
3305 8.1590494381
3314 8.1590494244
3316 8.1590493760
3317 8.1590492998
3340 8.1590492811
3342 8.1590492664
3348 8.1590491782
3350 8.1590491187
3352 8.1590491067
3354 8.1590490426
3358 8.1590489933
3367 8.1590489909
3369 8.1590489856
3372 8.1590489556
3374 8.1590489162
3388 8.1590489117
3389 8.1590488651
3397 8.1590488321
3407 8.1590488073
3409 8.1590487735
3411 8.1590487518
3414 8.1590487500
3415 8.1590487393
3418 8.1590487189
3420 8.1590487123
3421 8.1590486896
3425 8.1590486895
3427 8.1590486775
3428 8.1590486630
3430 8.1590486541
3431 8.1590485559
3438 8.1590485486
3439 8.1590485091
3440 8.1590485029
3442 8.1590485007
3444 8.1590484660
3446 8.1590484299
3447 8.1590484158
3449 8.1590484018
3450 8.1590483987
3465 8.1590483765
3470 8.1590483579
3477 8.1590483560
3479 8.1590483289
3480 8.1590483258
3481 8.1590483064
3482 8.1590483031
3485 8.1590482847
3487 8.1590482766
3490 8.1590482765
3492 8.1590482667
3493 8.1590482163
3495 8.1590481725
3497 8.1590481699
3499 8.1590481413
3502 8.1590481130
3503 8.1590481103
3504 8.1590480673
3510 8.1590480330
3519 8.1590480087
3522 8.1590480041
3524 8.1590479754
3526 8.1590479477
3527 8.1590479331
3531 8.1590479206
3532 8.1590479180
3533 8.1590478982
3535 8.1590478966
3536 8.1590478469
3538 8.1590478426
3539 8.1590477970
3540 8.1590477748
3541 8.1590477584
3542 8.1590477344
3549 8.1590476763
3551 8.1590476731
3553 8.1590476002
3556 8.1590475085
3564 8.1590474561
3566 8.1590474205
3567 8.1590473933
3569 8.1590473872
3572 8.1590473442
3574 8.1590472828
3579 8.1590472447
3599 8.1590471974
3601 8.1590471793
3604 8.1590471466
3608 8.1590471387
3610 8.1590470741
3613 8.1590470219
3616 8.1590470198
3617 8.1590469739
3620 8.1590469330
3621 8.1590469163
3622 8.1590469120
3624 8.1590468250
3626 8.1590468067
3632 8.1590467252
3633 8.1590466914
3636 8.1590465904
3641 8.1590465736
3643 8.1590464623
3644 8.1590464552
3645 8.1590464466
3646 8.1590463727
3647 8.1590463667
3702 8.1590463560
3704 8.1590462888
3705 8.1590462399
3707 8.1590462164
3710 8.1590461237
3717 8.1590460475
3719 8.1590458834
3722 8.1590458274
3723 8.1590457399
3724 8.1590456677
3839 8.1590456166
3866 8.1590454887
3881 8.1590453991
3887 8.1590453472
3889 8.1590453455
3892 8.1590453409
3902 8.1590453133
3904 8.1590453093
3906 8.1590452810
3907 8.1590452616
3911 8.1590452432
3924 8.1590452381
3933 8.1590452339
3934 8.1590452249
3935 8.1590452008
3937 8.1590451868
3941 8.1590451220
3944 8.1590450793
3945 8.1590450321
3953 8.1590449874
3956 8.1590449626
3957 8.1590448502
3959 8.1590447934
3964 8.1590445926
3966 8.1590445756
3967 8.1590444537
3970 8.1590443037
3976 8.1590441635
3980 8.1590441538
3981 8.1590441456
3982 8.1590440141
3992 8.1590439448
3993 8.1590439210
3994 8.1590438878
3996 8.1590438505
3997 8.1590437684
4002 8.1590435606
4003 8.1590434235
4028 8.1590433935
4029 8.1590433049
4030 8.1590431939
4031 8.1590430273
4036 8.1590430064
4037 8.1590429608
4038 8.1590428033
4039 8.1590425753
4040 8.1590424711
4042 8.1590423243
4043 8.1590422721
4046 8.1590421049
4047 8.1590418832
4050 8.1590417243
4052 8.1590415520
4068 8.1590414349
4069 8.1590412454
4071 8.1590411869
4074 8.1590411089
4075 8.1590408358
4084 8.1590408290
4085 8.1590406746
4089 8.1590405910
4090 8.1590403913
4091 8.1590400831
4096 8.1590398892
4097 8.1590397253
4098 8.1590395429
4099 8.1590392880
4101 8.1590391959
4113 8.1590387301
4144 8.1590386687
4145 8.1590382161
4147 8.1590381602
4152 8.1590380502
4154 8.1590380328
4157 8.1590378545
4158 8.1590377624
4159 8.1590376373
4160 8.1590374956
4165 8.1590374079
4167 8.1590371746
4175 8.1590370379
4178 8.1590368375
4179 8.1590368277
4193 8.1590367710
4195 8.1590367525
4196 8.1590367365
4203 8.1590367273
4204 8.1590366286
4206 8.1590364082
4207 8.1590363730
4209 8.1590363167
4212 8.1590362661
4213 8.1590359033
4215 8.1590356672
4229 8.1590356093
4232 8.1590355900
4233 8.1590354637
4239 8.1590352072
4243 8.1590348674
4245 8.1590347835
4247 8.1590341501
4252 8.1590337119
4253 8.1590333608
4255 8.1590333593
4257 8.1590325309
4259 8.1590318132
4261 8.1590317855
4263 8.1590312516
4267 8.1590310094
4270 8.1590301409
4274 8.1590295991
4287 8.1590295527
4291 8.1590293338
4293 8.1590292148
4295 8.1590286824
4297 8.1590280919
4301 8.1590279678
4307 8.1590277173
4341 8.1590277012
4344 8.1590273045
4345 8.1590269039
4347 8.1590268261
4349 8.1590266799
4352 8.1590262402
4354 8.1590261714
4356 8.1590257003
4357 8.1590248230
4386 8.1590247356
4387 8.1590245452
4390 8.1590243621
4396 8.1590242674
4397 8.1590242003
4404 8.1590239841
4405 8.1590234769
4407 8.1590233477
4411 8.1590228513
4413 8.1590227784
4416 8.1590224120
4417 8.1590223241
4418 8.1590220650
4422 8.1590220435
4423 8.1590218427
4424 8.1590217518
4425 8.1590214913
4427 8.1590211845
4429 8.1590207808
4431 8.1590204913
4436 8.1590197971
4437 8.1590192471
4440 8.1590188121
4441 8.1590182399
4442 8.1590181229
4444 8.1590172899
4446 8.1590167840
4449 8.1590159112
4452 8.1590157229
4453 8.1590152572
4464 8.1590152569
4465 8.1590148388
4467 8.1590140322
4469 8.1590138645
4470 8.1590137726
4471 8.1590133346
4472 8.1590132483
4473 8.1590122570
4476 8.1590119615
4477 8.1590119519
4479 8.1590119269
4485 8.1590118799
4487 8.1590118779
4490 8.1590117678
4491 8.1590116121
4501 8.1590112345
4504 8.1590107998
4505 8.1590105622
4507 8.1590105501
4509 8.1590102871
4512 8.1590098575
4513 8.1590097067
4515 8.1590096607
4518 8.1590094735
4520 8.1590093118
4521 8.1590092219
4523 8.1590090401
4526 8.1590089234
4527 8.1590087482
4529 8.1590085542
4532 8.1590082480
4533 8.1590081757
4534 8.1590079335
4541 8.1590078199
4544 8.1590075753
4545 8.1590074693
4547 8.1590071956
4551 8.1590070816
4554 8.1590070703
4555 8.1590066966
4558 8.1590066549
4566 8.1590065113
4567 8.1590064943
4568 8.1590063954
4569 8.1590060226
4571 8.1590058432
4575 8.1590058034
4576 8.1590058023
4577 8.1590053241
4579 8.1590052090
4580 8.1590050388
4582 8.1590048923
4584 8.1590047836
4587 8.1590045100
4590 8.1590044442
4592 8.1590044114
4594 8.1590043397
4595 8.1590041641
4599 8.1590041422
4603 8.1590038615
4605 8.1590035622
4606 8.1590031079
4608 8.1590030044
4611 8.1590027959
4613 8.1590027932
4614 8.1590027655
4616 8.1590027102
4618 8.1590026701
4626 8.1590023990
4631 8.1590018889
4633 8.1590015710
4651 8.1590015569
4653 8.1590014734
4655 8.1590014706
4656 8.1590012331
4683 8.1590012182
4685 8.1590009982
4689 8.1590006502
4702 8.1590005897
4710 8.1590003863
4711 8.1590002293
4713 8.1590000244
4717 8.1589999067
4725 8.1589998150
4727 8.1589997423
4732 8.1590005376
evaluations raw_y
1 125939338.3647235036
6 100405021.9029002786
10 70698339.3697006404
12 58327102.8681858107
14 34509083.2581148073
39 34156632.2323953286
234 34109661.0370771885
236 33691803.0796928629
237 33502683.5997108370
239 33054795.9039947465
240 32628459.6710186489
242 32371550.8544034809
243 32106484.0262719728
246 31924118.1070425399
249 30846634.6957208999
252 30371773.1374326237
253 27690003.8488304280
255 25617943.6265824139
259 22272046.9501744919
263 19594659.2013184875
298 18039076.6879706904
299 17533077.9382476881
300 17427506.9895422012
302 16911619.6868603751
304 14966242.8806479424
306 14171337.6134406980
307 12705847.6988643426
310 12493331.9469747338
316 12083450.4517571963
317 11666300.2177718859
318 11366616.3541518748
329 11003018.5390437543
332 10431512.4784791339
335 9672130.5891197026
337 9489973.7947628386
340 9297201.4142169897
341 9219454.8056021817
344 8829557.6243796945
345 8233430.6331255659
359 7581355.7917182492
363 6552537.1801525913
382 6537065.3509262111
384 6133818.1528601162
385 5771886.7122679790
386 5257390.3363025300
387 3304686.6043403661
389 3014815.5863033044
391 2133140.3449412654
396 1502569.4967893236
397 1102114.6957733438
404 957463.2651083994
430 795189.3973347188
432 757109.7872274232
435 665148.2068963891
441 643811.3537341005
446 612912.7341624019
447 598398.9493500922
449 567498.1832124828
464 508229.7762830980
471 492702.3779826960
472 476457.6569671927
474 454888.5885821418
476 428113.6599218661
480 427055.8862766943
487 401185.6565545970
491 393482.2521481049
493 369430.4227775726
497 331191.0417209881
501 301648.1410797058
503 283418.7669233905
514 274721.5797060541
516 271131.3037388984
517 249854.8440984125
519 244191.8627152783
522 243560.6852122749
557 243234.3031958417
560 227664.5487357723
565 221030.4541783024
570 220098.1023889254
571 212969.4675696456
573 210875.8172198601
576 201319.9723739740
577 195760.0365901829
580 190367.9726546928
581 188082.6160264832
610 186062.9398701102
611 182200.5302476016
613 181228.8239132640
614 180865.7151463545
615 179256.9127630420
617 173915.2432949877
619 173263.9767610304
621 171193.3446669090
622 170940.7320355177
624 170903.4327634909
626 167810.5503490657
627 165999.1517735461
630 161406.0220942317
632 159606.2274443476
634 157180.5536441606
636 150075.4868519493
637 139859.2199571443
639 138127.1623974880
641 135491.1050476445
643 133797.4816976844
646 132308.3741488539
647 128396.8005629646
650 127465.0417188683
652 126172.5148462123
653 124199.4861537347
676 123647.2519104961
678 120641.9132720725
680 120536.4873191398
682 119428.1131337881
683 118109.2824558753
685 115515.0668839032
689 114699.5269528182
691 112664.8339564589
693 111109.2421356144
696 108278.7455123279
697 104168.7929833626
699 100823.0455514392
702 96988.7498838731
706 94721.2967811924
707 93032.1936523773
709 90447.0860472530
711 82409.1810302205
718 80818.3260921135
741 75758.5303791038
743 73536.1445735492
744 67918.5033748364
745 62294.8730954590
748 57352.2444985517
755 53802.4931443121
765 52018.4510076140
767 50802.1129792307
771 50079.8242661449
772 46632.7954075086
773 43575.5296473401
775 43537.2505126510
778 37645.3153212752
779 35669.9166419247
780 34970.7718136929
784 33520.0811784640
788 32565.5613234387
790 32306.8670258608
791 30729.5833152420
796 28257.3966598820
801 27596.5844150978
820 27248.2693342679
821 27243.4466000150
841 26730.0165274603
843 26630.7656176137
845 26016.2764903755
847 25914.5979929129
848 24784.2277986255
849 24500.3315536036
872 23596.9659975373
880 23229.5604956072
903 23210.7330985049
906 22916.6722093144
939 22737.6744017503
941 22534.4456904677
942 22458.4646551229
944 22371.8485915254
945 21967.3247038865
948 21749.3022070681
954 21706.1639588954
956 21681.9818434776
957 21068.7561195710
976 21053.6819296767
978 20869.7915431634
995 20198.3415258577
1001 20064.3002766414
1003 19795.4501644223
1005 19490.6004772707
1007 19432.0019433199
1008 19325.9542255695
1016 19121.8529810293
1020 18937.3230648716
1021 18858.9110907063
1026 18595.8767391306
1028 18321.4652293192
1033 18286.7408468975
1035 18258.5070347146
1036 18122.6013096648
1037 18012.7338854232
1047 18012.4508309433
1050 17985.2735514980
1052 17952.8895817730
1053 17896.3937096023
1055 17889.4301759438
1056 17784.5557753183
1057 17753.1083592991
1058 17602.3857317762
1059 17534.8063946650
1060 17477.7056521895
1062 17271.6793068627
1088 17217.3125483272
1092 16975.0103607623
1095 16819.8495843092
1167 16808.0765807278
1171 16739.6644960143
1175 16688.0538135544
1176 16665.4088185766
1177 16654.5177895958
1178 16585.2982030939
1180 16558.9231434286
1181 16529.9513713577
1182 16479.3267344927
1185 16457.5834110804
1193 16388.6052431032
1196 16382.9249990147
1198 16367.5284053560
1200 16347.2750398391
1210 16313.4723497869
1211 16254.8990516543
1212 16238.3837721209
1213 16214.9525158522
1264 16212.3986592437
1265 16204.8823717795
1267 16198.6653593573
1269 16189.7958773635
1277 16176.8431112416
1279 16168.0586489906
1281 16154.6860117236
1285 16142.9680370583
1287 16142.4499729650
1289 16132.7006364643
1292 16125.1282058242
1313 16113.5936774947
1315 16111.6433910105
1317 16111.6367343808
1320 16110.4365083517
1322 16103.0191235528
1349 16088.9465463829
1352 16065.4892551578
1354 16056.3555542698
1359 16053.0774371332
1362 16043.2085416599
1363 16034.8603424518
1366 16002.4674889462
1370 15990.0550927135
1371 15969.6601823053
1372 15929.0180206014
1373 15927.3351496582
1379 15917.3818232047
1382 15896.4200119635
1401 15890.8943704863
1404 15888.8981588156
1410 15887.5015616770
1412 15873.1820348746
1413 15854.6608820758
1415 15834.4875766188
1444 15833.4346342476
1446 15819.1212913779
1447 15813.7848739982
1449 15807.2656482175
1468 15798.5664870075
1469 15780.0613247325
1471 15771.1009435744
1473 15746.2444804922
1476 15727.4190598501
1482 15695.7220244328
1483 15690.5498769963
1484 15665.1427379852
1485 15637.1876301946
1500 15621.9485306612
1502 15597.2817648812
1504 15593.4151404283
1513 15589.8075147119
1519 15587.0738322189
1521 15561.3074334043
1523 15555.4190962777
1525 15552.5488267482
1526 15539.6780978690
1538 15525.4759520173
1544 15519.9348835192
1546 15508.0333012666
1548 15507.9366088978
1549 15504.8001067163
1550 15497.9801837996
1552 15485.6130929863
1554 15473.6772123990
1555 15468.7934015835
1562 15466.3102471842
1563 15456.6338818034
1564 15453.6014494325
1569 15451.6286175349
1570 15435.0938079859
1571 15407.4288027033
1572 15392.5470715423
1592 15372.5385224380
1595 15371.0103963196
1598 15341.3077506698
1602 15328.6252435970
1603 15320.0116875823
1605 15300.4885486286
1610 15286.1581507222
1611 15276.8252271680
1615 15262.8306994966
1617 15259.6041128003
1618 15255.5137491098
1627 15248.7477170457
1630 15243.0036155666
1632 15225.2524917303
1638 15214.5435975103
1642 15210.7240185826
1643 15200.6203478916
1644 15186.4647921085
1650 15155.9592131025
1651 15154.1900580005
1652 15137.0100070802
1654 15112.5600168692
1661 15100.0442715706
1672 15086.0916305286
1673 15080.2375330493
1675 15071.0292673701
1676 15063.0307462925
1678 15043.7767085337
1680 15016.8952991215
1683 14943.5415472870
1705 14933.5945753185
1709 14932.7588151870
1710 14925.1329409868
1711 14901.2274992469
1713 14899.7252247831
1714 14856.9570936906
1715 14842.0547702877
1717 14783.4440817863
1719 14711.1080152111
1722 14693.3767047818
1724 14630.1747245892
1725 14549.9517653291
1729 14451.3623631198
1731 14438.0364115347
1732 14408.0590006099
1758 14385.4439452095
1771 14341.6112189077
1773 14280.4290087628
1775 13842.9039237621
1777 13777.5988424792
1780 13535.9165517603
1781 13230.9340503614
1784 13028.2377397229
1787 12870.6115441194
1792 12831.8078759829
1795 12815.2544852976
1798 12797.7315460021
1802 12789.6512273017
1805 12777.5948470852
1807 12681.4581004533
1814 12677.4964785359
1815 12607.0359442172
1817 12521.1856449107
1820 12434.1100140604
1821 12353.1393025331
1823 12237.4794382387
1826 12113.2255551997
1828 11769.9605758690
1832 11372.4398890365
1833 11195.5090322692
1836 10810.8165289942
1837 10554.0995088408
1847 10387.1094216514
1850 10040.0956889466
1860 9979.3233013761
1861 9597.9568065171
1879 9559.7986196639
1881 9547.7057118726
1917 9358.8371308181
1919 9282.5756679625
1920 9107.7333539089
1927 9094.7668439351
1929 8894.6594651204
1934 8849.6902161035
1935 8828.2624880123
1936 8816.8549050454
1947 8811.0303073226
1948 8758.8358797220
1949 8689.6460229698
1951 8633.2909782258
1953 8621.2906572904
1956 8592.7708324708
1964 8575.6955581631
1968 8518.8107413257
1969 8515.2932008108
1970 8435.8280975081
1971 8386.3553504458
1972 8360.2796253636
1973 8289.7005113154
1974 8217.4756370357
1978 8196.0576295439
1979 8069.0078754815
1997 8024.9405156175
2007 7993.5431046852
2011 7975.6648063339
2016 7912.1689746084
2017 7880.5052345773
2020 7863.7546181747
2023 7840.8082317292
2038 7832.9997154461
2039 7822.4495810981
2040 7799.4431798592
2041 7782.5345993406
2043 7779.0322982999
2044 7739.6008834322
2047 7739.4892653240
2049 7733.8800647313
2051 7690.9799396215
2054 7681.6093701752
2055 7678.9220738419
2056 7575.6515552372
2061 7562.2234374405
2063 7546.5842360248
2069 7542.3996859259
2070 7482.3063449977
2072 7472.6715920371
2074 7454.3209036476
2078 7433.3620054163
2079 7406.4050534802
2081 7391.5783968694
2099 7380.4496443462
2114 7356.3233078568
2116 7342.8300861286
2117 7300.5357262651
2128 7271.2475693453
2129 7263.7001059401
2131 7254.7684443531
2134 7227.5822450324
2137 7205.6169545279
2139 7156.0560226609
2141 7121.8941784634
2143 7086.8521581320
2146 7083.2421158821
2147 7080.3814235777
2152 7039.5940742131
2154 6975.0030057532
2155 6945.1724680592
2158 6932.0035732232
2172 6924.5801005888
2174 6901.6018164626
2175 6879.8073056426
2178 6868.1153371724
2179 6866.7082081621
2180 6852.3751243839
2182 6833.7342597018
2183 6819.2094854080
2184 6818.1397093078
2186 6775.5733728435
2188 6766.8884876524
2190 6755.8407470590
2191 6733.7661656041
2193 6720.0564613223
2194 6698.4388225750
2195 6690.5363289566
2197 6682.2695097146
2200 6682.1002398426
2201 6648.9057891757
2203 6633.3894838506
2207 6559.3594737916
2213 6556.1696704568
2214 6547.8393214430
2216 6512.4844718364
2217 6510.3971198788
2218 6500.3074039818
2219 6496.3629981657
2220 6485.9741410580
2221 6467.2561045158
2223 6458.0433808776
2225 6413.9897987002
2227 6374.8372248566
2230 6371.8060195693
2248 6348.8911601286
2250 6341.4432122688
2255 6305.0861863300
2257 6264.0892157343
2259 6238.9501013559
2261 6210.1739123855
2263 6183.0893999736
2265 6157.9724746601
2267 6117.5332217493
2268 6108.9632163692
2269 6108.6365707877
2276 6073.0501673477
2278 6056.6073526722
2279 6012.7359410637
2281 5985.6208926740
2283 5977.9391144386
2284 5958.2204238878
2286 5894.1283874753
2288 5886.3594679501
2289 5860.4601602326
2292 5857.5770305014
2293 5854.7931802035
2294 5838.4250616106
2297 5754.0964582828
2300 5697.0137517855
2302 5681.4801313676
2305 5636.4401437417
2307 5623.9860362334
2308 5559.8710478369
2321 5517.0864376602
2323 5437.5767511870
2327 5427.5096693110
2328 5418.9729012645
2330 5394.3833191334
2331 5362.3099778506
2333 5348.8382248449
2334 5281.2210191214
2335 5221.3668591299
2337 5108.8918949347
2339 5065.6512901244
2341 5036.7266178008
2342 5018.7269985328
2345 4853.9504633926
2347 4769.8802191836
2352 4666.7833930294
2354 4533.3645358868
2355 4524.6159336833
2356 4387.5618044068
2358 4254.7697429510
2360 4128.8315263190
2363 4112.0052409960
2365 3953.5830322691
2367 3878.2584448520
2400 3866.2272494079
2404 3863.2987296548
2419 3858.4613677448
2422 3849.7859609124
2431 3847.4767508179
2432 3847.1324939078
2433 3847.0011795935
2435 3843.8686896959
2437 3841.8915291368
2438 3836.2413169291
2439 3835.6636040868
2468 3831.0127921505
2469 3829.8589854982
2470 3823.9827064082
2471 3821.8883135186
2477 3819.2975914690
2479 3815.6862295925
2481 3812.1439112718
2483 3811.3405626313
2485 3805.0053960265
2490 3802.9026912445
2491 3802.4404751190
2494 3795.4286198008
2495 3788.8162764630
2507 3788.4266775009
2508 3786.8105873458
2512 3784.9498369914
2513 3778.6651212702
2517 3774.1916930823
2519 3771.2325053331
2521 3768.0487967732
2524 3759.9436637956
2526 3757.4289808388
2529 3755.6772666286
2532 3744.1128532178
2536 3739.0228730072
2537 3734.7556335379
2539 3733.4711115666
2541 3730.1224732296
2543 3727.1456620767
2544 3718.0663152501
2545 3715.3231854904
2546 3710.7518710888
2554 3687.4287476555
2556 3681.4331180714
2557 3681.2184675326
2560 3662.6182189970
2563 3659.2046039169
2565 3648.1970035914
2568 3632.4819688816
2569 3630.5504850317
2571 3625.7306591727
2585 3621.9048998234
2586 3621.2075137255
2588 3613.1420446632
2598 3608.2570357139
2600 3603.4562685250
2602 3594.1566446666
2603 3593.1063870981
2612 3588.5559852229
2613 3585.7144540964
2616 3584.3646268648
2622 3582.4403310958
2624 3575.6206632764
2625 3570.2154616257
2628 3563.4938529251
2633 3563.0793448255
2634 3547.9312763886
2635 3545.8626378626
2636 3530.9695425963
2637 3525.5671995610
2639 3515.5863825614
2650 3499.8760712739
2654 3491.6544630040
2655 3472.1818030835
2657 3467.5782073023
2662 3453.9324747152
2663 3442.5417234060
2666 3442.2184534966
2668 3432.0533030067
2670 3412.7057831438
2672 3399.3521421125
2673 3375.5692163502
2676 3370.3467848156
2677 3355.7349008401
2680 3355.3104114131
2689 3344.7175223224
2692 3320.9866749880
2694 3315.1543550389
2696 3311.7289085992
2698 3253.9148669351
2700 3225.4484314418
2702 3208.2236735328
2704 3180.7465465229
2706 3177.6396845691
2707 3138.5500748180
2712 3113.6627879373
2714 3081.0340110205
2717 3074.1572474933
2718 2980.4266940584
2723 2949.9666087406
2727 2935.2520709365
2728 2921.1262298517
2731 2882.2930173671
2740 2856.7552639870
2752 2850.1872221833
2753 2836.9138814982
2755 2810.3160285834
2762 2790.8381347505
2763 2785.9936958487
2764 2770.4309837752
2770 2759.0193481442
2780 2746.6968969723
2781 2736.1893949505
2783 2709.8340391951
2785 2702.9873485559
2788 2697.7445553661
2794 2687.1782118093
2795 2649.0887217003
2800 2599.0151241613
2801 2582.2460470344
2804 2551.0499814837
2806 2424.4476298375
2807 2370.4749528220
2809 2325.4696186280
2811 2267.0311343441
2814 2246.8605381717
2816 2179.6411182958
2823 2128.9256116305
2826 2117.1938426248
2829 2080.7391267387
2831 2060.9711448463
2836 2040.3006184828
2837 1961.9059323438
2862 1950.7693471323
2863 1944.1708172237
2864 1870.7047266537
2865 1834.8190536752
2883 1825.4925116423
2887 1802.5631678817
2889 1777.2740407775
2891 1765.7807205370
2893 1730.0948362594
2895 1687.9535150341
2898 1626.9579622283
2904 1593.4613353216
2908 1542.4355395349
2909 1526.8194141364
2910 1507.6540962065
2912 1495.2314381031
2913 1491.8327597009
2918 1449.2532334708
2919 1442.6266287839
2921 1387.7313645092
2944 1369.9853354294
2956 1351.8617439751
2966 1341.7103620026
2967 1341.3408042631
2973 1333.7577575048
2986 1323.4944463366
2994 1322.3474362670
2995 1321.3420382891
2998 1320.0749589696
3002 1319.6399505951
3004 1318.6000994667
3005 1316.6007045443
3019 1315.6502344483
3020 1313.0261267791
3021 1310.3210708491
3022 1309.3566962991
3023 1297.6318763929
3026 1293.2036458210
3027 1286.2751323755
3032 1284.7046312635
3033 1275.4412969077
3037 1272.3975623021
3039 1267.2487130942
3046 1254.4733493617
3047 1243.7308884947
3049 1242.9262451710
3050 1214.5672628670
3051 1197.1431115097
3053 1176.5838953840
3060 1119.8425799430
3061 1097.1738605160
3063 1093.7378457089
3066 1092.6168942623
3067 1028.9785939032
3090 1013.8625443534
3096 994.2290948200
3097 988.1303027362
3098 975.5023916449
3100 971.7700729014
3101 963.5600779485
3102 945.6088717355
3107 941.4356702944
3108 917.0428310123
3110 903.1240702794
3111 899.9644865812
3112 886.8933007239
3114 847.2832760775
3116 770.2454974652
3117 731.5437959121
3121 715.8477018526
3123 703.8597314551
3124 614.1830350028
3125 567.8110227057
3128 464.8394147513
3129 415.2086610260
3147 226.9318905845
3182 205.9506930036
3227 167.1201487718
3250 148.2966459188
3251 136.0658579660
3257 128.6178177383
3260 121.8487093333
3262 121.7771238646
3271 121.1398276029
3297 114.2692196592
3299 109.6246363737
3300 103.1390031719
3303 91.5513155718
3306 89.7585482739
3316 87.6320122945
3318 85.5559704476
3346 85.3840266980
3348 84.3391239578
3349 84.1049554461
3350 83.4943917554
3354 83.3057305707
3356 82.9488950893
3359 81.7207152539
3368 81.6927982293
3370 79.5404615570
3371 78.2515022151
3373 78.0548405711
3374 76.0380180332
3376 74.9142474310
3378 74.4337994848
3379 73.2446791847
3381 70.8467352100
3383 68.6357467436
3386 67.6278088514
3391 67.0563455116
3510 66.7493272248
3516 66.6468075347
3517 66.3557159829
3531 65.4488604099
3534 64.9761052216
3537 64.8849652986
3550 63.8829035007
3562 63.7973238577
3570 63.1761904895
3581 63.0566169520
3597 62.9841655922
3598 62.9767599701
3603 62.8646826997
3605 62.8337180921
3607 62.7851964773
3609 62.6321833337
3614 62.6034389556
3616 62.5276140805
3620 62.4583799821
3621 62.4351139460
3626 62.3959107050
3627 62.3746136174
3630 62.3415475256
3631 62.3326708088
3634 62.2996591896
3637 62.2423132636
3642 62.1338410712
3647 62.0929338295
3649 62.0407435477
3651 61.9351170856
3656 61.8825934825
3658 61.8211138372
3659 61.7634714146
3660 61.7199151537
3663 61.7186051219
3664 61.7007422665
3665 61.6886626915
3666 61.6715823027
3668 61.6664974411
3675 61.6350872354
3685 61.6272393339
3688 61.6074949090
3690 61.5913814265
3700 61.5809880826
3701 61.5508321269
3706 61.5496139722
3707 61.5405221506
3715 61.5351425865
3719 61.5331042420
3723 61.5223986764
3728 61.5204856584
3730 61.5198334153
3732 61.5123709731
3733 61.5109751449
3735 61.5077048160
3737 61.5013294159
3739 61.5001570850
3741 61.4952549470
3746 61.4863835603
3748 61.4828719494
3749 61.4799010403
3752 61.4769457238
3754 61.4762483570
3755 61.4753705844
3756 61.4670737401
3764 61.4634598115
3766 61.4618595628
3769 61.4588376176
3772 61.4580914508
3774 61.4535482114
3783 61.4516551197
3785 61.4496997948
3786 61.4455236707
3790 61.4418558744
3791 61.4400529813
3794 61.4364389354
3795 61.4312200376
3799 61.4293700287
3802 61.4230895939
3803 61.4219816524
3805 61.4203171293
3808 61.4115237406
3809 61.4008192142
3813 61.3907228548
3817 61.3873293746
3821 61.3827822724
3825 61.3781118409
3827 61.3693250185
3830 61.3685356394
3831 61.3652552305
3838 61.3629732736
3839 61.3545392602
3841 61.3495632448
3843 61.3367465308
3846 61.3283139340
3847 61.2999333510
3850 61.2611439558
3873 61.2488215867
3886 61.2417198863
3887 61.2143295468
3889 61.1968824004
3892 61.1796290560
3894 61.1753392985
3895 61.1695949674
3896 61.1472035890
3897 61.1402497801
3899 61.1157307181
3901 61.0979335281
3903 61.0622492326
3905 61.0597149291
3907 61.0343929284
3910 60.9331539948
3911 60.8736667199
3914 60.8581609363
3918 60.8276923463
3919 60.8087519670
3933 60.7820183610
3935 60.7267064357
3938 60.6933007388
3939 60.6916457193
3941 60.6818202914
3942 60.6780270428
3955 60.6520141682
3959 60.6487688742
3961 60.6210876223
3964 60.6147483310
3968 60.6041688315
3969 60.5951407759
3971 60.5943626652
3972 60.5906769256
3973 60.5834668715
3974 60.5582608511
3975 60.5453141823
3978 60.5438009819
3981 60.5431291846
3983 60.5292492976
3987 60.5243348252
3990 60.4777842901
3992 60.4704526359
3994 60.4605136758
3996 60.4418064177
3997 60.4286388825
3998 60.4083044929
4001 60.3768154463
4005 60.3483511210
4007 60.3299590636
4009 60.3106529403
4019 60.3040856382
4023 60.1106938259
4032 59.8716748454
4033 59.6383321673
4038 59.4217420873
4039 59.4025737117
4042 59.2107756696
4046 59.1408409188
4047 59.0047076452
4048 58.8452626259
4092 58.8112516306
4093 58.7720297588
4094 58.7470356145
4096 58.7439782309
4105 58.7249996550
4107 58.5920338461
4110 58.3040858076
4113 58.1826916479
4117 58.0892609322
4121 58.0876974596
4127 58.0503610672
4128 57.9532190341
4131 57.8331800973
4132 57.5817066458
4133 57.2683641031
4137 57.1810959832
4139 56.9074825827
4140 56.8704167860
4141 56.6058180528
4145 56.2073084188
4147 55.9347134611
4149 55.7819300262
4151 55.4557256094
4154 55.0237866532
4162 54.8857680907
4168 54.5259790429
4173 54.3627198539
4178 54.2917066373
4180 54.1145345311
4183 54.0754589511
4186 53.7274460802
4187 53.3365897003
4189 53.1912756401
4191 52.8682359875
4193 52.6272943526
4195 52.1413823701
4199 52.0923477819
4212 51.8799347839
4213 51.7560644231
4215 51.7012717418
4302 51.6817138072
4304 51.6517919704
4306 51.6369561331
4307 51.5992284400
4308 51.5885942319
4309 51.5609393450
4314 51.5455200032
4316 51.4835293035
4318 51.4490653544
4332 51.4473290803
4340 51.4362171284
4342 51.3895336694
4370 51.3712358834
4372 51.3696100548
4376 51.3683867990
4380 51.3675172577
4381 51.3576327003
4384 51.3571324772
4387 51.3537172445
4392 51.3510992609
4398 51.3498890557
4411 51.3484322587
4413 51.3470179585
4416 51.3462146623
4422 51.3455435174
4424 51.3444467080
4425 51.3443984406
4429 51.3443054481
4435 51.3431859380
4441 51.3429429459
4447 51.3427493001
4450 51.3427270817
4451 51.3426362682
4454 51.3425938643
4457 51.3424642989
4459 51.3423163879
4465 51.3422460528
4467 51.3421841963
4470 51.3420967451
4474 51.3420218609
4475 51.3419245908
4476 51.3419135526
4478 51.3416929271
4480 51.3414952719
4481 51.3414527073
4482 51.3414513710
4484 51.3413471552
4488 51.3412291045
4490 51.3411953923
4492 51.3410870009
4494 51.3410522824
4495 51.3407489815
4498 51.3406005694
4500 51.3403188264
4501 51.3402923590
4502 51.3402118430
4503 51.3399362083
4505 51.3398998251
4507 51.3397205583
4508 51.3396299216
4509 51.3391774913
4511 51.3384739939
4513 51.3381291385
4515 51.3375401209
4517 51.3373453081
4518 51.3371802651
4519 51.3370332095
4520 51.3369706702
4523 51.3367737957
4528 51.3365765583
4530 51.3359828037
4535 51.3357999078
4538 51.3356000559
4554 51.3355294214
4555 51.3353682059
4557 51.3351970114
4560 51.3349528952
4565 51.3346322193
4567 51.3345300075
4568 51.3345051451
4572 51.3344929818
4580 51.3344079994
4591 51.3342558808
4596 51.3335385655
4597 51.3330774998
4600 51.3327301746
4601 51.3326259325
4612 51.3321246420
4613 51.3316564093
4615 51.3313073887
4617 51.3306716735
4619 51.3292237421
4621 51.3274315817
4625 51.3262703212
4627 51.3262628175
4630 51.3243145542
4631 51.3241242456
4635 51.3208065128
4639 51.3207980649
4640 51.3197923182
4641 51.3197919092
4642 51.3146495414
4644 51.3111438221
4654 51.3107004029
4655 51.3050617669
4668 51.3040386701
4670 51.3023662012
4671 51.3019987320
4674 51.2993520739
4678 51.2991602744
4679 51.2961018010
4713 51.2959311348
4716 51.2951798156
4717 51.2938626390
4719 51.2937760426
4722 51.2925243533
4724 51.2919823964
4725 51.2905308208
4729 51.2886940342
4732 51.2934038110
evaluations raw_y
1 31133605.7514995858
2 26816974.0189082623
27 25452299.9314086623
105 25330818.9695989452
108 22072951.2937245294
109 16870390.2838728055
117 16747569.1384731270
119 12895333.9605942611
157 12184383.8860275876
162 11375416.9163200986
163 11108275.2252199184
166 10607700.9301269352
176 10188797.5344942212
181 9875733.0990435313
185 9101063.5069870837
189 8372158.0210822299
191 7595088.6541670328
193 6756965.2535090633
225 5913962.6188995987
228 5476904.6530640731
235 5280015.1010566289
236 4494430.6528716404
245 4388495.9728912106
259 4150036.6443078020
261 3964586.0801990889
263 3848666.7643234893
266 3714302.0067482861
267 2223072.3702373053
269 1779310.0026949265
273 1693625.2657298939
279 1503419.2670233927
283 1486069.1347797813
285 1295413.5701131409
290 1111562.8311974490
293 1077937.1977589605
296 1022940.6637468539
297 823813.9530843993
300 649891.5742700113
302 497167.7249491446
312 492187.3972792528
313 475405.7560848365
316 374148.4444122240
317 277283.6016635436
332 267286.7375299915
340 248849.9108179701
341 180059.0297349677
342 163450.8825650378
343 123959.5654056789
345 81148.1334839330
352 75959.0794995926
356 72796.4464962495
378 71994.5464086306
379 69078.7334463060
383 65334.9610072572
386 54076.4393506903
410 48197.9240579349
411 42567.3010215207
423 34075.0335684407
429 26631.3951718804
433 10790.3217320505
445 6516.5990736109
454 2148.1617403234
749 2056.6322079251
751 1644.6229133659
754 1434.4581346933
755 895.0996098519
760 727.0928186922
762 481.3554398919
777 138.6959144537
778 40.5588521256
855 35.0148818088
858 27.0085857483
873 18.2152441533
875 16.9127122074
876 8.7361626651
878 5.0928820915
882 4.2537827526
905 3.9725863897
907 3.1651288281
912 2.4677073956
933 2.2821122901
936 2.2469338295
948 2.1387223332
954 2.1213778409
959 2.0387845333
1107 2.0326722027
1108 2.0299075184
1109 2.0154197198
1119 2.0049467107
1121 2.0042727758
1124 1.9991599814
1125 1.9980630726
1128 1.9939348509
1129 1.9933388507
1137 1.9861293913
1139 1.9811548262
1147 1.9749378693
1149 1.9737469178
1150 1.9674327499
1151 1.9564240682
1170 1.9548653508
1171 1.9506650975
1173 1.9491164142
1174 1.9474316732
1178 1.9407155203
1180 1.9298765101
1181 1.9253533063
1183 1.9198029779
1185 1.9136489829
1188 1.9110974203
1189 1.9084223817
1191 1.9025562575
1194 1.9009240536
1195 1.9003893312
1199 1.8914747332
1201 1.8852893456
1205 1.8770749647
1208 1.8758045619
1209 1.8642112550
1214 1.8629498196
1215 1.8530585503
1220 1.8528297550
1221 1.8312080322
1225 1.8255182216
1232 1.8246175744
1236 1.8224074009
1237 1.8115655087
1239 1.8045165177
1240 1.8037501993
1245 1.8022633877
1246 1.7920438922
1250 1.7833539201
1252 1.7765024101
1253 1.7734443088
1255 1.7557197602
1257 1.7421598470
1259 1.7402449812
1261 1.7327001761
1270 1.7303975728
1271 1.7269741272
1276 1.7172947328
1278 1.7009550831
1284 1.6983663024
1318 1.6911863701
1319 1.6843167532
1322 1.6833282625
1328 1.6739352130
1332 1.6692815281
1333 1.6613961865
1335 1.6583301904
1336 1.6385186731
1337 1.6345957297
1339 1.6293194555
1341 1.6226079377
1344 1.6176232744
1346 1.6033997040
1347 1.6018836611
1348 1.6014813738
1349 1.5988235532
1352 1.5965943011
1353 1.5892022895
1354 1.5875845947
1355 1.5858589396
1356 1.5662931842
1360 1.5512333436
1367 1.5430379524
1383 1.5407685478
1384 1.5280122376
1386 1.5232807596
1387 1.5136060398
1389 1.4970110530
1391 1.4895462101
1394 1.4831755602
1403 1.4687450477
1405 1.4504042590
1417 1.4035089734
1427 1.3924616964
1428 1.3729840789
1437 1.3634933644
1439 1.3591555726
1441 1.3456649421
1443 1.3297907840
1448 1.3223136424
1451 1.2947159940
1459 1.2768890755
1462 1.2661732385
1472 1.2586674688
1473 1.2320251372
1475 1.2293070720
1477 1.2101259750
1479 1.1939573669
1495 1.1903102050
1499 1.1763300299
1501 1.1630677095
1503 1.1482850204
1505 1.1387985562
1506 1.1386541617
1507 1.1370500189
1514 1.1313344179
1515 1.1129557230
1518 1.1115573417
1519 1.1111111742
1521 1.0936531009
1522 1.0924399449
1523 1.0778688050
1525 1.0665867483
1526 1.0348283740
1527 1.0218088969
1529 0.9968314301
1531 0.9703663346
1537 0.9413965562
1540 0.9282539211
1541 0.9167652730
1544 0.8454236035
1545 0.8309671967
1548 0.7656890200
1550 0.7554051690
1567 0.7182906534
1571 0.7070178599
1573 0.7035704706
1574 0.6763356247
1576 0.6613718867
1582 0.6613600025
1583 0.6605062703
1586 0.6589999231
1588 0.6513577835
1590 0.6384419232
1591 0.6297623593
1604 0.6280450829
1615 0.6206879529
1629 0.6196767172
1631 0.6144741823
1633 0.6098321009
1634 0.6008895911
1636 0.5982238994
1637 0.5848690293
1643 0.5702744943
1646 0.5607394542
1647 0.5381734707
1652 0.5250784595
1653 0.5102736803
1659 0.4746395294
1664 0.4472604371
1671 0.4303479847
1692 0.4160876685
1694 0.4156929674
1697 0.4018322830
1699 0.3940589240
1716 0.3909185888
1717 0.3842506948
1725 0.3825064411
1727 0.3763646889
1728 0.3752524315
1730 0.3670460313
1731 0.3518106814
1733 0.3460357296
1736 0.3233832766
1738 0.3219660645
1741 0.2963631515
1744 0.2962178393
1746 0.2923209460
1747 0.2697424716
1749 0.2602308780
1753 0.2522092490
1754 0.2422698632
1755 0.2311707623
1757 0.2277950040
1769 0.2185410084
1841 0.2162001439
1845 0.2161605903
1846 0.2148840738
1847 0.2117914791
1850 0.2117355425
1851 0.2098686406
1853 0.2039370504
1858 0.2011908879
1862 0.1998523381
1867 0.1939069856
1877 0.1903715586
1883 0.1801423148
1887 0.1595144899
1892 0.1583187671
1896 0.1580512145
1898 0.1490082900
1902 0.1362677325
1919 0.1253215722
1921 0.1216837955
1945 0.1179290989
1949 0.1081319515
1952 0.1071686842
1953 0.0983687044
1955 0.0954978962
1959 0.0927736270
1971 0.0867201935
1975 0.0864170197
1989 0.0861001861
1991 0.0859056353
1994 0.0841857848
1998 0.0834520856
2000 0.0833507915
2001 0.0832557623
2006 0.0825230830
2009 0.0819508122
2012 0.0816199150
2014 0.0815056007
2015 0.0812587464
2020 0.0810457662
2021 0.0810164453
2025 0.0809864162
2027 0.0806484432
2029 0.0805183144
2030 0.0803366231
2031 0.0796544909
2035 0.0790163821
2037 0.0786847122
2041 0.0786083777
2043 0.0781018750
2045 0.0778609414
2049 0.0777132384
2053 0.0776766231
2059 0.0774624982
2061 0.0774206307
2062 0.0772027576
2064 0.0769820676
2067 0.0769156503
2068 0.0765216042
2109 0.0764379268
2110 0.0762618108
2112 0.0759800055
2117 0.0756556652
2121 0.0750129165
2123 0.0749574441
2124 0.0747367420
2130 0.0740942860
2134 0.0735821539
2135 0.0726078534
2155 0.0724609747
2159 0.0712444764
2161 0.0697706154
2164 0.0693591204
2165 0.0685684841
2169 0.0682348134
2171 0.0664657943
2174 0.0655014192
2175 0.0643580215
2178 0.0637724529
2180 0.0629796218
2181 0.0616276089
2194 0.0608638053
2195 0.0597145256
2198 0.0595131528
2199 0.0584473420
2226 0.0584260492
2228 0.0576428520
2230 0.0575749103
2234 0.0572560983
2236 0.0571829929
2238 0.0568742602
2243 0.0565712895
2245 0.0565031264
2247 0.0564896506
2249 0.0564663888
2253 0.0563314987
2255 0.0562792268
2256 0.0561642716
2258 0.0556924311
2259 0.0554835222
2260 0.0552159389
2261 0.0550026046
2264 0.0545723977
2265 0.0539410827
2268 0.0530401558
2270 0.0522749157
2272 0.0521382734
2273 0.0513671419
2275 0.0494555237
2278 0.0466735965
2279 0.0460980666
2280 0.0457619202
2283 0.0437247018
2285 0.0419892115
2289 0.0402201864
2290 0.0396328501
2291 0.0367787532
2333 0.0364224712
2334 0.0355379931
2336 0.0349020795
2338 0.0348476432
2343 0.0348266206
2345 0.0346557108
2355 0.0341628857
2361 0.0333304001
2365 0.0328280107
2371 0.0326457420
2373 0.0324699186
2375 0.0323520646
2377 0.0313532070
2380 0.0310248610
2392 0.0301853674
2393 0.0295327979
2395 0.0287973471
2409 0.0283449148
2414 0.0280520376
2415 0.0274256881
2416 0.0272698639
2419 0.0269347893
2422 0.0264709331
2423 0.0261074521
2425 0.0260580070
2426 0.0258178489
2427 0.0252534922
2428 0.0246400201
2429 0.0239044291
2431 0.0235699103
2435 0.0223341914
2438 0.0209879676
2442 0.0183051387
2446 0.0180676489
2448 0.0176642045
2466 0.0173574805
2473 0.0170050871
2475 0.0163501990
2480 0.0161380635
2482 0.0158869728
2483 0.0153228562
2533 0.0149795747
2539 0.0142791793
2541 0.0142638443
2542 0.0137747438
2591 0.0137239669
2593 0.0136376695
2595 0.0135588278
2598 0.0132155962
2600 0.0130083444
2605 0.0129941460
2606 0.0127616478
2607 0.0124506430
2609 0.0122453309
2610 0.0121901349
2611 0.0121027491
2613 0.0119743448
2614 0.0116735335
2619 0.0114824499
2621 0.0113808981
2623 0.0113412062
2624 0.0109809162
2646 0.0107289943
2648 0.0096449277
2651 0.0091703428
2654 0.0090762718
2656 0.0088439859
2668 0.0087317959
2669 0.0084440536
2671 0.0084099082
2672 0.0083100535
2673 0.0082155397
2675 0.0080559995
2700 0.0080338630
2707 0.0080163190
2713 0.0078992326
2721 0.0078839416
2732 0.0078747404
2734 0.0078119012
2736 0.0078043823
2743 0.0077829928
2746 0.0077759484
2760 0.0077750545
2762 0.0077634815
2768 0.0078000292
evaluations raw_y
1 208074211.3684067428
6 30378292.0032536872
9 25337827.5387391634
12 20327176.7971755266
28 16370209.8834790476
158 13177339.0001774002
169 11461052.4430426229
171 9894425.1303490587
173 9313469.9239758663
174 7976485.0190645121
176 6600451.9422674263
178 5842228.3410538156
281 5424320.2479009777
285 5303294.3212737907
288 5032052.2657656074
289 4524112.1423002435
291 3781838.8302459405
292 3607758.4217065442
301 3571677.2789763631
303 3486547.4541614414
304 3321061.0911114090
329 3233962.4620255460
333 3227941.8184309136
342 3148732.5782015454
343 3051371.6222832496
345 2904080.0609612581
351 2778210.4923677850
355 2547141.3297468899
368 2531841.0251489747
376 2464507.8474484459
390 2401701.3215056136
391 2393326.8209579010
392 2316650.4149400047
393 2207322.9456615713
416 2137222.6050891168
424 2034502.9305667658
575 2021251.1875833175
578 2018092.5781001942
582 2011665.0202144021
583 2005698.3784178169
584 2004376.6750396672
586 2001885.9503753823
589 1996489.6072322140
596 1991773.1160054794
604 1981836.4196133779
607 1977995.4888366845
612 1971414.7257345631
614 1969193.1109314680
616 1961223.0590961606
617 1950592.0261278122
619 1946573.9264464264
626 1932674.2143493490
627 1923302.8282203050
632 1909886.2999320114
633 1883006.8754692641
635 1880643.9668803178
636 1867536.5525741545
637 1866512.2772274022
644 1865577.6371920682
645 1859314.2916505432
647 1845845.0328317739
648 1830892.9988043155
659 1818146.9740495400
661 1816151.9194144693
663 1802348.2987338966
664 1797217.0118081227
675 1787646.4819224598
677 1753243.3067573237
679 1731059.9803659348
689 1720911.1855938926
692 1697046.3532360080
734 1691045.9987211269
735 1686108.9621879205
736 1684487.3550570642
737 1674070.3728198980
740 1666162.3851751136
742 1664361.7051994996
743 1659496.7593999798
747 1654372.2156728187
754 1633122.9963969185
757 1619190.1886997905
762 1612563.5823042335
763 1610288.0373052761
764 1590582.6659385690
765 1576090.8149055720
769 1572886.6377051838
771 1571637.3243877175
774 1549994.2050713915
775 1530671.3658104367
784 1528238.0288269778
785 1527724.0173081439
793 1526624.7888951907
795 1522577.5854871292
796 1514910.4303223472
822 1513381.9257114197
823 1513369.4398079449
824 1512882.5408999580
830 1510700.7010870581
834 1510187.5205342821
835 1509248.4988301727
837 1509202.7074864125
838 1507495.0872299941
839 1507307.6272724129
840 1507100.4635073850
844 1506924.9591900371
849 1505489.2386457522
852 1505192.2070601799
853 1504936.9683113012
854 1504471.5739774094
856 1504208.3495568349
857 1503087.7941924511
860 1502620.4609228238
861 1502069.0849822252
863 1501592.3566040043
864 1500468.1858554091
865 1499034.3387640114
866 1498921.0072769860
868 1498778.9920119992
870 1497715.0931335846
872 1497244.3177825268
873 1493566.1307954614
876 1492428.2596883890
881 1490535.7633236093
884 1490345.1393955145
885 1487596.5037565450
890 1487513.4996621606
891 1486567.7894027801
893 1485620.2016571355
896 1481917.8870476298
897 1480469.9777369534
899 1476056.5554180904
906 1474316.1042208369
907 1471252.6004271896
909 1467797.6189296995
929 1466358.9730282135
936 1466005.1817628082
942 1462734.6457543606
944 1459596.2461903081
945 1458950.9090737151
947 1454096.4335106714
957 1453981.5544872920
958 1452169.6510576035
959 1450605.5848618075
961 1444532.1921786410
963 1443495.8957616305
965 1442805.2478507417
966 1439176.9745018529
968 1432879.3684167759
970 1428003.6995650018
971 1419643.5773091742
973 1418519.8754721403
977 1407025.0110246516
979 1398382.2847055206
981 1377353.3634345382
990 1374923.5407164590
992 1372416.3170516221
993 1367874.0321094980
995 1352993.1477215160
999 1351773.8099964797
1000 1340044.0716143148
1001 1329110.7307644584
1003 1319244.3761130585
1006 1310103.2075968003
1007 1271767.3910313384
1013 1265289.6538732110
1017 1242468.6973810892
1020 1218694.9478145617
1021 1211118.6667460706
1024 1205829.6731503431
1025 1146868.3229682534
1029 1123130.3311166738
1031 1119240.8010527212
1032 1093991.0684458276
1033 1035308.7740994064
1035 976211.0809848827
1037 953200.2366199847
1040 944337.9776982233
1044 881360.3002664782
1045 851235.5673138120
1047 835666.8140834004
1054 762863.3905182316
1093 744235.1367735172
1096 735110.4859873650
1098 724031.0575031983
1099 716285.6739493866
1126 715582.7068111957
1129 715007.0805271420
1131 713627.5088529673
1132 712759.6039497892
1135 712618.2989990510
1136 708714.7760931151
1141 703522.3147951183
1168 703163.9500683983
1173 701127.5167975768
1176 698090.6754305774
1177 698037.9408125760
1179 694773.7317895141
1185 689858.7083889856
1188 685076.2206646325
1190 679528.6528527708
1193 674598.6642702572
1196 670802.5999280926
1197 668882.7349909636
1203 666011.5065952071
1205 664997.7778594913
1206 664016.4193150200
1207 662972.5666436165
1212 662938.3459273145
1213 657346.6731785873
1219 651424.6515641798
1226 651405.0541034825
1228 649399.4470077059
1229 647888.6953958466
1233 647506.5065132553
1234 647113.2206451247
1240 646967.5830096664
1241 641817.4311345690
1244 636684.1360108258
1245 632320.2667196938
1249 631493.5028505041
1250 626626.4705953010
1251 623080.8637388869
1254 615625.5000520028
1274 614184.6456384393
1276 609449.6851516709
1278 608454.7152086948
1280 607670.9019722455
1283 604896.7232736888
1291 603897.0187823181
1296 603018.8585644132
1299 602216.0913286029
1302 599317.7359148393
1303 593957.4518103637
1305 593366.3788015260
1307 592710.4077252387
1311 590114.9223380232
1315 588591.3667457772
1317 587281.5678220944
1319 587182.4336257542
1320 582088.8280442547
1321 578466.3404827584
1323 575697.7058714854
1329 574618.6766475285
1332 571319.0565311369
1334 570089.4291820012
1335 569090.6750326074
1338 568522.0252703119
1340 568008.2343220024
1343 566588.5810633199
1346 561887.8315457713
1347 557160.5489807187
1348 557106.9858200877
1349 555070.0890187577
1353 549356.4214010462
1355 544480.3746525467
1359 544161.4544762400
1361 540337.1501133792
1364 538854.3047877749
1365 531601.5911490136
1367 529682.3650240661
1368 527011.2766084379
1370 520245.2186135232
1372 514409.3625036146
1382 513079.4247636915
1389 506007.1459455180
1392 500525.6787520510
1395 488937.5508371604
1397 474819.1673839128
1398 471651.5841073656
1399 468595.0098595893
1400 465926.8894162884
1414 459215.5118785225
1416 446560.8425952467
1419 442773.0310584147
1494 439796.4762709233
1506 434350.8022881162
1508 429536.7914767636
1509 423096.0539793530
1523 419374.2713466659
1525 416225.2544139870
1526 413575.8798851282
1537 410670.8691910589
1540 407891.2524247494
1543 404180.7790407016
1552 401496.2108266728
1559 399291.3445889911
1562 396110.9389375461
1564 394469.4995160982
1571 389743.5262228730
1573 387361.0147912558
1576 385068.8663622143
1577 384521.7098680723
1578 384396.6453721304
1581 382852.9565015998
1583 379401.9503548266
1585 377076.7033317679
1587 376583.5879773028
1588 374041.2397059959
1595 372085.0062124372
1615 369440.3846759204
1618 368716.4939212919
1621 367610.9828038613
1622 366759.9810723928
1625 366086.1906859090
1630 366009.0438426214
1631 365140.4694334531
1635 364726.0332669162
1640 363376.7531247417
1647 362825.4183549264
1649 361781.2211390090
1651 360431.3615049268
1654 360315.3539601422
1655 359766.9660454565
1658 359607.6199734739
1660 358314.2563429100
1675 358001.8834489347
1676 357916.7202962189
1679 357117.5089643728
1680 357015.7417200905
1681 355960.8433226439
1690 355752.1650584809
1692 354709.9246087684
1693 354393.4882912103
1694 354151.6261936302
1695 352562.4125681322
1697 351196.6165071119
1708 350146.9136876156
1709 350038.2732965035
1712 349795.9423499621
1714 349290.5109264738
1733 348972.7512859912
1735 348045.5574448415
1737 348020.0607641818
1738 347766.2612047391
1740 347451.5510435681
1741 347041.9785235159
1744 346627.6788315627
1745 346504.9754166926
1749 346500.7249383705
1750 346486.0974644193
1751 346355.4271183588
1752 345810.4859897208
1753 344958.6200963327
1761 344949.0263022091
1767 344593.2554753078
1769 344560.4307222670
1770 343877.4975227162
1772 343802.7392124203
1778 343575.1806874739
1785 343203.7842751230
1788 342818.7530623450
1791 342134.3592566056
1793 341735.7222632301
1795 341445.7138143298
1800 341420.5989873493
1802 340681.7690559467
1803 340165.1603367149
1804 339978.8911560130
1809 339751.6145176755
1812 339600.0426562974
1813 339347.4830605721
1814 339232.6754519749
1815 338610.4390552483
1819 337860.8767045746
1822 337124.4782982733
1823 336735.9078272338
1825 335278.1597443875
1827 334384.4817255428
1829 333767.3892245805
1832 333372.9700344841
1837 331979.4976354352
1855 331031.3948651338
1858 330499.5446815399
1859 330045.8791727325
1861 329680.6668683975
1870 329415.5403948744
1872 328840.2735237243
1873 328558.8578931980
1875 327588.9729028597
1877 327529.4733439721
1880 326965.3626547719
1881 326088.3976166085
1884 325612.9164185527
1885 325111.8457634341
1888 324725.4622267150
1892 324338.5905103011
1897 323304.5025812798
1898 322995.4061051158
1905 322731.6972096667
1906 322141.7247129398
1908 321925.0581682548
1910 321114.4311335213
1912 320270.6946365876
1922 319982.6028745673
1928 319184.0431658929
1929 317792.2066389452
1933 317688.6415279231
1934 316841.8954501900
1935 316381.8674228839
1937 315622.2695788073
1947 314356.5677941183
1949 313326.3499385648
1953 312138.6088719555
1956 311335.5849570371
1960 310592.0015706648
1961 309834.8609038804
1963 309263.0971569583
1967 309102.7974951116
1968 308908.9484961024
1970 307453.3603714271
1972 305821.0481747813
1974 304530.5121303538
1975 304343.1577342878
1976 303962.4903049845
1977 302621.6290349426
1980 300482.6691943620
1981 300119.7407521646
1982 299753.3443852696
1984 298623.2783818000
1986 297132.6717385212
1993 295817.1577473717
2001 295677.4334163460
2003 292073.3367071409
2005 291653.6671589399
2007 288296.1242307800
2063 286110.0977359206
2066 284403.3819278756
2068 282410.6097319752
2069 279675.6568427443
2074 278167.1601803332
2076 271043.3625973772
2090 269674.4779019790
2097 264984.7111744349
2100 262882.6752243744
2101 261669.5888177803
2141 261370.8075474691
2143 260488.6812320484
2146 260115.5053650329
2148 259573.9213507586
2150 259469.4564817967
2154 258536.5149057205
2155 256056.6808016262
2161 255275.2283316048
2172 254005.8046593632
2174 253989.1839077112
2175 253584.9994950916
2177 253477.8797266546
2180 253255.3829028414
2184 250309.1916770555
2185 249664.4381672639
2187 249288.7016673521
2189 247152.7086707536
2191 246846.4464295317
2193 244233.9888538449
2197 244067.1986294446
2201 241553.8715458082
2203 238521.2893459684
2205 236391.9100242854
2206 235248.0083330129
2209 233818.6698821287
2211 229983.1395378574
2212 229461.0409456662
2213 225769.1094150436
2231 224476.1908520323
2232 223346.8572382747
2238 223103.2310377067
2240 213561.1706242040
2244 208336.8817711019
2246 205644.2463542216
2248 204178.7371204935
2250 199603.4951221525
2252 186450.2204087202
2286 183184.2644036393
2288 182063.8304838015
2289 181908.0552385990
2290 181504.3130224152
2305 180490.8514304423
2307 177190.2925018567
2310 177014.1059177208
2311 174852.9061536331
2315 173471.8218580666
2316 171983.6149963618
2317 168655.9110459666
2319 167629.1040569261
2322 167469.6112448255
2323 163923.0193827267
2344 163526.6303368444
2373 163489.7816847225
2374 163428.4452034929
2375 162084.2598524357
2384 161522.5731705189
2387 161097.1785324196
2389 160638.9579597076
2391 159790.1978455461
2396 159768.1294730811
2402 159321.3501459004
2404 159080.4747177995
2406 158616.5939534264
2408 158018.5065173317
2410 157921.9137884958
2411 157477.2032847414
2413 156324.9209185593
2415 155899.3079509637
2416 155631.2406899949
2418 154397.1282999058
2419 153500.1649965256
2421 153042.4192057226
2424 151389.2788741668
2430 149653.4393686488
2431 148525.1460641405
2432 146751.5393527886
2433 146694.1623597424
2434 146310.0431439177
2437 145923.4613019525
2439 145361.9828991924
2442 144373.0377927202
2443 143278.2174463025
2446 141476.8072530607
2447 139260.8510366703
2449 138970.2456965469
2456 138300.8277558875
2458 136598.7631933251
2459 135943.1165132370
2461 135026.4423601625
2464 134267.6075803778
2466 131994.4352013377
2470 130532.8704311607
2471 129947.6857443811
2472 128023.0233696013
2479 127888.3895954029
2480 127744.9887115161
2481 124868.2108838777
2483 122224.4396368121
2485 121673.5180865278
2488 120842.3697222569
2489 119814.8359678174
2491 114595.1241520718
2493 109896.1489709491
2496 109700.3497759659
2504 104706.4052421830
2505 100320.6201208338
2511 100095.8375958620
2512 97532.4025593953
2513 93307.4974108727
2554 89009.1391377379
2555 87026.2491078375
2557 86492.3595501501
2561 85188.7340364387
2564 84084.5008827948
2565 83302.0725771772
2586 82858.6495048485
2593 82467.3773015068
2596 77648.6473305842
2597 76547.1294186165
2599 72610.8945873084
2601 71568.4065401893
2602 66827.6968310793
2606 64386.6142790059
2608 61976.7121947255
2610 61243.4291312319
2611 59739.6421383614
2616 53948.8758474377
2619 52978.5780353765
2659 51333.5903580916
2663 49435.8921877963
2665 47747.4037857795
2666 47580.6585480557
2667 43241.3842957809
2681 40563.4594398071
2686 40218.8550987676
2688 33296.5156015869
2697 32019.4531086359
2698 29271.3430097444
2700 24976.2130514234
2701 24938.5240925755
2702 17625.1723362640
2713 13950.2982547714
2719 12513.0383982864
2722 10308.4519621667
2729 6011.5243245465
2732 4578.9599905156
2734 4355.1357223474
2740 2700.4073521838
2892 2694.9029517252
2909 2382.7883014741
2921 2368.5610839009
2925 2054.3119043535
2927 2054.2430284985
2928 1992.7443751475
2945 1835.6571301447
3031 1751.9804927658
3032 1740.3562220269
3033 1722.6042949785
3038 1709.3451817632
3078 1704.5197678600
3079 1688.9627916204
3080 1685.1409888492
3081 1676.4950162598
3082 1671.7183136234
3084 1661.6749130604
3087 1644.0973787228
3089 1623.2003383495
3090 1620.5054159018
3096 1605.4198123557
3099 1595.4277318723
3100 1588.2708228850
3101 1570.8776577455
3113 1568.6752382404
3116 1568.6452655268
3117 1552.8413823251
3120 1535.7291009201
3122 1531.9201273807
3124 1515.7625106982
3126 1503.8577470500
3128 1496.3267271053
3137 1486.7465026583
3142 1484.2101333345
3150 1480.3998776065
3153 1477.6396897076
3155 1472.3451448980
3157 1464.2848055056
3161 1463.1610935369
3168 1458.5616212983
3169 1458.1701407054
3172 1457.3006925021
3174 1455.5069021420
3175 1454.4281102093
3177 1451.1529695816
3180 1450.1720740859
3188 1448.8745831889
3190 1448.2120595756
3191 1447.4075507017
3193 1446.6408441999
3194 1442.7370517439
3195 1439.2661504852
3201 1437.7773716424
3202 1434.4816576310
3203 1428.9107503800
3207 1425.8165487109
3209 1421.4705332299
3219 1419.7005168811
3220 1416.7716515344
3226 1415.7763985482
3227 1407.1257514430
3231 1406.9222501825
3234 1399.6724804036
3239 1394.3920451760
3246 1381.1134347454
3248 1376.3973304875
3251 1368.3081000130
3255 1357.3745342890
3258 1348.0377946005
3265 1347.2213742142
3268 1343.3662621657
3269 1342.1812466326
3271 1336.0356928256
3273 1332.5660626113
3275 1330.0202506666
3284 1321.1866426739
3285 1309.1382286227
3287 1300.8513695284
3289 1294.7513456436
3297 1293.9220699424
3298 1291.8810354808
3299 1287.6378195492
3303 1277.5203911845
3306 1276.0016078965
3308 1274.3583186005
3312 1273.0537437147
3313 1264.4537881769
3315 1257.3409535619
3317 1246.2742252657
3319 1233.9597620079
3323 1233.6188139646
3324 1227.8823303588
3332 1223.8314928298
3334 1223.4018292471
3347 1215.1072480079
3349 1214.4266696999
3351 1212.1591803405
3353 1208.6863091691
3356 1207.6851571499
3357 1194.5279820026
3359 1190.9116372526
3381 1185.8913424321
3390 1178.6779908722
3392 1174.0273281296
3398 1167.3729941278
3399 1161.8709807496
3401 1151.4862169686
3433 1151.0012394256
3435 1144.9904969383
3437 1142.1093895902
3438 1141.8794812939
3439 1139.1132554222
3442 1138.3453449829
3444 1134.7810332458
3454 1134.2107062695
3455 1131.9547111578
3456 1131.0669653028
3482 1130.9947124175
3485 1128.5829725536
3489 1127.8953279103
3493 1127.1677957570
3496 1126.9823210618
3503 1126.9385384022
3505 1126.9376303007
3507 1126.2921469534
3510 1125.2416998720
3511 1124.3526467791
3513 1124.1663547465
3514 1123.5718522706
3516 1123.1288644584
3517 1122.4869543777
3520 1122.0051393966
3521 1121.4147366436
3524 1120.1770302656
3527 1119.3774862447
3535 1118.8675319742
3540 1118.2325119624
3542 1117.7950210319
3544 1117.3971240922
3549 1115.7318522136
3551 1115.5150805795
3553 1115.1521017321
3554 1114.7362936879
3555 1113.7729213553
3558 1113.4857864737
3560 1113.0906774048
3561 1111.7642286549
3564 1111.6205405759
3565 1109.9525124279
3583 1109.5712590761
3587 1109.5344651220
3591 1108.3418364971
3594 1108.1941677052
3596 1107.1495372635
3597 1106.5989915108
3599 1104.5284151430
3602 1104.1697910715
3604 1103.1263262710
3605 1102.7116234277
3608 1101.3001619566
3609 1099.9982529910
3610 1099.0122808764
3611 1097.7203096346
3612 1097.5371225042
3616 1094.1929025635
3617 1092.8314056054
3618 1092.1204698441
3620 1091.6765663786
3621 1090.7767018765
3622 1084.9405780133
3626 1082.5528769506
3628 1079.6137405550
3630 1074.2906790821
3638 1069.2336982387
3639 1067.6508337705
3640 1060.3211159981
3649 1055.5826980116
3651 1055.2367567288
3653 1054.7261554060
3655 1054.3745074198
3657 1052.3898351481
3660 1051.7286088726
3663 1048.3736986768
3665 1045.4349391928
3668 1044.6105301422
3670 1041.1559752254
3672 1039.4593298550
3673 1038.7178775331
3678 1029.8799912766
3679 1026.3021662585
3692 1023.9784159606
3694 1020.5316796376
3695 1017.1253886412
3697 1014.4615314079
3698 1011.4097039224
3701 1009.4059097500
3715 1001.9951522209
3717 994.9672716100
3719 992.8024131656
3720 990.9029603380
3725 988.1953034650
3727 988.1658939503
3729 986.6638781597
3739 985.8828177626
3742 983.7984012002
3745 982.8011163844
3751 981.0775002680
3766 980.7316263204
3767 980.3949435286
3768 978.4918793363
3772 978.4055891146
3776 977.3637636589
3785 976.4826079846
3787 974.6832466918
3788 973.1098355055
3792 970.6053551668
3793 970.2605020288
3794 969.8165212234
3795 967.9976606603
3798 967.8043688569
3813 966.7910283759
3814 966.7340302797
3815 965.4060146803
3818 963.1133808052
3820 960.1951847175
3822 958.4177703104
3824 953.8879486039
3825 950.9703311543
3832 949.2885092821
3833 947.5854243310
3842 946.7333918008
3844 942.3981279981
3847 938.8339364274
3849 934.9650915984
3855 930.5148665683
3857 923.8933002669
3860 922.1835276461
3863 918.8782017472
3866 914.6132644664
3867 912.5518887308
3868 905.0487784827
3869 896.6822099345
3871 891.6632569300
3874 874.8144550007
3876 870.2785133502
3882 861.7137496899
3883 831.0345106364
3907 825.1418915569
3909 815.4838482706
3910 808.7293853370
3911 784.2166170920
3921 778.8404460713
3924 776.8458352571
3930 772.2576080138
3932 762.3426243977
3934 746.9193342506
3936 741.3673401896
3944 740.3962798378
3946 725.6520601679
3948 722.4268877111
3949 719.6041549187
3952 719.1695211066
3953 714.1919637577
3956 701.9591097099
3957 697.4389078203
3959 685.6005168729
3962 680.9271240866
3963 671.4208806789
3966 668.6017429557
3969 664.6440698974
3970 658.5562833903
3972 635.7394052620
3974 621.2552499370
3975 617.2870607646
3976 613.4193393786
3978 593.9000784734
3979 591.3281199371
3991 586.3194177782
3993 569.5896063638
3995 558.8175131817
3997 549.8944615071
4000 545.3975600160
4002 522.0420181241
4003 518.1648264124
4005 485.7986713490
4007 473.0810508110
4009 466.2466764158
4011 460.8648981214
4013 413.8062693914
4027 364.7817022604
4028 358.0414835022
4029 288.2054152725
4044 281.3929347888
4045 278.8921795325
4046 276.3098712889
4062 275.0356847394
4066 265.7975788835
4067 260.7294413489
4069 260.1356404538
4072 252.9002796788
4082 249.6663041566
4086 246.3458574671
4087 244.7183879545
4088 240.5766003967
4089 240.0036030422
4090 239.5271341236
4091 234.2574357856
4093 229.6231595338
4095 228.2683151307
4097 222.0435908729
4099 218.9832947131
4107 218.7842163051
4108 218.5636891401
4110 217.5235951372
4111 214.6403033439
4113 214.5378928235
4122 213.7896658483
4124 211.8230371430
4126 210.6926081699
4127 208.6617370206
4129 208.0215601819
4132 204.9652103158
4133 202.9156198032
4136 199.6764479097
4144 198.2010546115
4145 197.6057012776
4146 196.4631859658
evaluations raw_y
1 7530020668.6329860687
3 1675027417.0294051170
4 816196873.8512222767
5 775310708.1916378736
8 424942747.6210286617
10 227504868.5014106631
12 116579966.9568340480
15 7095730.1261940766
126 6391650.8404135844
127 5231560.0023502307
128 4928077.3990159240
129 3396848.6495919498
131 2507523.4040947794
132 2251405.4894378912
138 1953440.5161068710
143 1247178.1532669223
145 1019330.5819076021
146 745430.3163431238
159 609604.4073619648
161 566488.8580458955
164 268521.8555834303
170 180568.0969075951
172 89535.1905575362
177 87471.4423719437
179 50934.5688603529
228 30754.7171294186
229 4607.7212525579
382 4383.6337550388
383 3708.3616417096
442 3619.1215653140
447 3245.7750277066
457 3094.3682128997
459 2887.1432947412
466 2836.7068963540
481 2793.6414283802
483 2712.5324855606
486 2648.3571659516
487 2600.0813816200
488 2579.7432809870
491 2525.7851442619
508 2517.9291060445
571 2512.1955667132
576 2492.4157721850
580 2490.5055237725
581 2475.7712296087
583 2454.5080220707
599 2450.8857807956
600 2441.1364115046
610 2439.0176423731
611 2425.3458345921
614 2414.9361829807
615 2395.1819769587
617 2347.8062202287
619 2337.8582804052
621 2322.8353372680
625 2279.9909086430
630 2253.4081308129
638 2244.5933407902
640 2234.3885744352
650 2231.6693621505
655 2160.1721573627
657 2150.0157244490
660 2108.0020822695
662 2079.4164263752
672 2045.8796968927
675 2044.4665731135
676 2002.8721935451
678 1947.7318655758
746 1912.4293730633
747 1867.4791320907
825 1865.5113952626
827 1861.0841653161
830 1859.7304796237
831 1850.7677583733
833 1841.8693397258
836 1838.8927876036
841 1834.0044797917
844 1832.5760473519
847 1829.2457303656
848 1827.9787467220
850 1813.1419835202
851 1812.7157079033
852 1808.7978784716
854 1801.8787342934
855 1791.4704708860
867 1790.8823705822
869 1781.5499538591
870 1780.3014404395
871 1772.4595557431
876 1771.7871487232
877 1763.1382190790
878 1761.3966239664
880 1756.7732506235
886 1747.8880231222
887 1746.4469308431
889 1736.5321774170
893 1735.8872453376
900 1732.4429729169
901 1727.2543440542
902 1725.3076812468
907 1724.6889183123
910 1718.3044907615
914 1714.1446143736
915 1712.6824450609
917 1707.2740453995
919 1704.3245735504
921 1700.0673724736
923 1698.1097556390
936 1693.0872817742
938 1686.8327244516
939 1686.3145546140
941 1683.3731401431
944 1683.2265933319
950 1680.6352354998
952 1679.7410280160
953 1679.5525395859
954 1674.4004887283
955 1671.5551446864
958 1670.5932184098
963 1668.7966209349
973 1663.4796824167
976 1659.3915525291
980 1652.0940602996
981 1646.1916273289
985 1642.3203688347
987 1638.7004602411
993 1633.9269765595
995 1632.3657980984
996 1632.1092075562
1000 1631.7475671323
1001 1631.3825922748
1002 1627.1644727045
1003 1623.1740822046
1012 1622.8817239510
1013 1621.6283812744
1014 1618.1498122735
1015 1617.6764881071
1016 1615.8032103812
1017 1612.7537267795
1020 1610.2795419678
1023 1607.9393091467
1027 1605.4601330225
1029 1604.0381352297
1030 1602.6725827440
1031 1600.1806907837
1035 1599.3581152709
1037 1595.8894186517
1040 1594.3882427525
1041 1591.7984573849
1043 1590.3613118059
1045 1589.9152391661
1046 1589.5155491982
1049 1585.8673693705
1058 1585.1512946653
1060 1584.2270777410
1061 1582.8511482459
1069 1582.0287856466
1070 1581.0802171411
1073 1579.4466157623
1078 1578.9485892109
1079 1578.1154990020
1081 1576.4317670775
1098 1575.6449426184
1101 1574.2500816690
1104 1572.8836690772
1109 1572.2408270977
1110 1571.9666811043
1112 1571.6691947231
1113 1571.5544127393
1115 1570.5305365157
1119 1569.4974560696
1121 1569.1517588009
1123 1567.6271574392
1125 1566.7068969368
1127 1565.5534927591
1131 1565.1300023914
1133 1563.3520226800
1135 1562.0286205773
1136 1559.7947766924
1151 1558.3963075134
1152 1557.6593426389
1154 1556.4191050993
1156 1556.3747101636
1157 1551.4319491555
1159 1548.0755514528
1162 1543.9604017513
1165 1538.1480885237
1168 1536.5905288825
1169 1526.3257278205
1171 1513.8194244397
1176 1501.3661466738
1177 1484.6018157834
1184 1470.3999498532
1190 1465.0993964903
1191 1456.4359589303
1192 1447.3674273122
1193 1426.7603986004
1197 1425.4959863939
1198 1419.3849890269
1200 1406.1934239675
1226 1402.3011989227
1229 1397.7060537411
1232 1394.9137372818
1233 1391.0744014012
1236 1367.3764085794
1240 1361.6417698241
1242 1354.0946922014
1243 1346.7754949323
1244 1343.8042868597
1245 1333.4786952185
1247 1323.7428680630
1249 1320.7406954131
1251 1309.0137964550
1252 1294.8916259278
1253 1272.9422853232
1259 1262.1452455672
1260 1240.1244996893
1262 1196.6354788594
1263 1160.0034786631
1273 1150.8086417920
1274 1061.4818506694
1275 1053.2331924953
1276 1019.4249409969
1277 942.1393435760
1284 938.7934662215
1290 803.6374771047
1292 794.7748423437
1302 782.6272375475
1313 779.4339496127
1315 755.9709428429
1320 725.9680174615
1322 709.3311696031
1351 703.9181905436
1354 698.3870099494
1362 684.5772711384
1365 681.2516206642
1368 641.0587154020
1370 629.0287691231
1374 625.5238023897
1389 615.3851193455
1435 611.1862449858
1438 607.7167178401
1439 605.0083385468
1440 603.5664468074
1441 597.2867092954
1611 596.8299762161
1619 596.4418305532
1645 596.4252760552
1652 595.6156150577
1653 595.0715664244
1678 594.9138626530
1680 594.7365331972
1684 594.5327899578
1685 594.4009008512
1705 594.2877656847
1708 594.1362530753
1710 594.1297157758
1712 593.9037904837
1714 593.8415745682
1751 593.8217090630
1752 593.7784830172
1755 593.6127990371
1761 593.6116246449
1762 593.5756910948
1765 593.4809873790
1768 593.4741760289
1770 593.3648654177
1772 593.1993252058
1774 592.8858810422
1779 592.7254934698
1798 592.7233754225
1812 592.7095619829
1813 592.4813963281
1815 592.2651352884
1822 592.0605648192
1823 592.0526676559
1824 591.8950697643
1826 591.7070890701
1828 591.3622206622
1829 591.2060025861
1833 591.0312707449
1835 590.6414609333
1837 590.4335321061
1839 590.3197932260
1840 590.1830198521
1842 589.9965727642
1844 589.7357648834
1845 588.9464127504
1847 588.6443014707
1848 587.6117543255
1852 586.3824549943
1858 586.1933254911
1859 585.1060865956
1860 585.0279030406
1876 581.7688100308
1891 581.4617664420
1893 579.3283455933
1898 579.0093459623
1931 578.7081027597
1934 578.5493961541
1936 577.8733419479
1946 577.5235320891
1949 577.3935554380
1951 577.2589542470
1954 577.1635628179
1956 577.1201591216
1957 576.8960276014
1959 576.8820191993
1960 576.8110818680
1965 576.4109699706
1967 576.3046787674
1968 575.9642617858
1969 575.3847874876
1971 575.0122143313
1972 574.6854486991
1975 574.5374263585
1979 573.8556201704
1983 573.5850583340
1986 573.4148798342
1993 573.1500155791
2008 573.0645976505
2021 573.0627085044
2022 573.0398899287
2023 572.9175991635
2024 572.8813424915
2025 572.8171783349
2027 572.5305023512
2030 572.4894677033
2034 572.3709634213
2039 572.3658714714
2040 571.3162513884
2043 570.8843435284
2045 569.8304586775
2049 569.4740580470
2058 569.3356251266
2060 568.6509543096
2061 567.7773232131
2069 566.9593194081
2070 566.5017100687
2073 566.1291764916
2075 564.8770947640
2077 564.5342558411
2078 564.0896632691
2090 563.7515514855
2092 563.2827259406
2103 563.2662687914
2105 561.9479753102
2108 559.9847826890
2110 559.8863005577
2116 558.8094434134
2124 558.6928894753
2132 558.6505983650
2134 558.4601301955
2152 558.3337979146
2155 557.6457412144
2158 556.3643935546
2159 556.1504327026
2160 555.3902049231
2164 554.8849847933
2168 553.8820807256
2170 551.2810548313
2180 549.3672438373
2181 549.1772256641
2182 547.1211942120
2183 544.6381153833
2185 543.5662457422
2188 542.1913425643
2190 540.0534803372
2191 538.8762811117
2192 537.8986805134
2193 537.2515945527
2195 533.6245512576
2200 532.0826014583
2201 528.2329403973
2204 528.0511345150
2207 523.0287500301
2208 522.5803207674
2220 520.5678477830
2222 520.4097069190
2248 519.3185063604
2249 514.9786038158
2251 512.6672623273
2252 509.0472315252
2253 499.1686412322
2267 497.9689729880
2269 493.0688170341
2273 486.8512178678
2278 481.6979308116
2279 479.3106954563
2280 475.7773646153
2282 470.5195198483
2285 468.7587261500
2287 465.9346217098
2289 465.0591772810
2292 458.3877365386
2294 457.7965657947
2296 450.9768313730
2301 450.8060587870
2304 442.6427114837
2306 430.5002345464
2339 426.9434351061
2342 425.4109750155
2343 423.3310260005
2346 420.1069726129
2347 413.5854141778
2349 411.7759127963
2359 410.2350698812
2362 407.7964555466
2365 405.8059063446
2391 400.3818128837
2394 395.3713030001
2406 393.1607568691
2408 386.9481497278
2409 381.9557078954
2438 379.7813914616
2444 378.9459640273
2451 378.8669838150
2453 377.0334902426
2454 375.3157412378
2456 374.2289731274
2457 371.3602911984
2459 369.8146828174
2461 368.6926171080
2462 367.1102507951
2464 366.3661387004
2465 365.3127706614
2467 363.6235951031
2468 361.5796177198
2470 360.0633960374
2474 352.4895382096
2475 350.6918795444
2478 349.8936479005
2480 341.2715686414
2484 338.8526564350
2486 338.3407695976
2488 334.2697397262
2494 332.5663580735
2508 328.1666617295
2509 327.0404668636
2510 319.7778819912
2511 314.6337790128
2513 308.4276559276
2516 308.4009510730
2518 299.0742330489
2519 298.3969198053
2522 289.5270362834
2523 287.4055211569
2525 274.5572390506
2527 274.5082075687
2529 255.0726252447
2533 252.4118457573
2536 235.6036512287
2542 224.1540150704
2550 223.5552458618
2552 219.5430397976
2553 208.3272999913
2556 205.3576037230
2558 200.5988240553
2559 199.9197109464
2561 192.8630406803
2565 189.8930445662
2569 186.9279818513
2572 181.2360294257
2578 180.4867789829
2579 176.8916356841
2584 172.8184533683
2586 172.4166563585
2587 171.3826558320
2590 168.9384217301
2591 162.2083036998
2594 160.5942796492
2595 155.8648424259
2597 155.3414208561
2598 152.9647321626
2600 152.9004948991
2601 146.1749662881
2604 145.2739056789
2608 144.4268981376
2610 142.9930555479
2612 140.0201875482
2621 139.8887741524
2623 139.6451897845
2626 138.9482499321
2627 138.8339666708
2628 137.9412470671
2631 135.7586497657
2633 135.6296989982
2634 133.5715160986
2635 132.5768528716
2636 132.3030532068
2637 128.1711959043
2639 126.2185295701
2641 124.6576374572
2645 124.3067528274
2646 119.5948179425
2647 117.2552327034
2649 115.3161099233
2651 108.5908997877
2654 104.1415089135
2655 102.1576099892
2659 101.8056359186
2661 90.9878260530
2663 78.5523587124
2666 76.5807734915
2670 75.4307748606
2671 74.3586536136
2672 69.5545701053
2673 61.2361617917
2689 49.7835178394
2692 48.3672140583
2696 41.8167282938
2697 39.9461457706
2701 39.7506358664
2702 36.9302544626
2717 34.4722442394
2719 33.9588327196
2726 32.6994852542
2727 30.8999574621
2731 29.5860939715
2733 29.4337714976
2738 28.5996972384
2739 27.1234974313
2745 26.7691261369
2748 26.1068075988
2749 25.2224393506
2750 23.8039924319
2753 22.4887349939
2756 21.9865573601
2760 20.6098273266
2764 20.2618924390
2766 20.2160039489
2769 19.6417618505
2771 19.4045089609
2832 19.1943811803
2839 18.8180958669
2844 18.5343391325
2845 18.2679825568
2850 17.9152854871
2851 17.8986728386
2853 17.7467018292
2854 17.7160679767
2857 17.6682939580
2863 17.6414999919
2876 17.5942348966
2878 17.5718586287
2879 17.5492528158
2882 17.3710029764
2883 17.1986404050
2885 17.0079184185
2895 16.8995472754
2899 16.6111716270
2901 16.5006540043
2904 16.3437062900
2963 16.3351928408
2976 16.2218068584
2977 16.0885465493
2980 15.9629460492
2982 15.8325768167
2983 15.7706838762
2988 15.7403642591
2990 15.7377592886
2992 15.7040206030
3002 15.6777730791
3022 15.6498115093
3027 15.6026815362
3034 15.5055424235
3035 15.4979917530
3038 15.4575210441
3039 15.3732644901
3041 15.3624476921
3042 15.3501730349
3056 15.3434058835
3060 15.3345337415
3068 15.3206963081
3069 15.2878053380
3071 15.2852077434
3072 15.2524887040
3073 15.2444509753
3075 15.1992537382
3076 15.1949340177
3077 15.1737015332
3081 15.1453744980
3087 15.0837909728
3088 15.0809421753
3089 15.0407172550
3092 15.0137592572
3093 14.8928699571
3096 14.8777126059
3100 14.8548565494
3101 14.7344588218
3104 14.6678295739
3110 14.6453813728
3135 14.6434269145
3138 14.5439403683
3139 14.4460166151
3140 14.4300357282
3145 14.2702097296
3147 14.1828992793
3150 14.1413897944
3151 14.0912995037
3152 14.0163203015
3155 13.8790308693
3158 13.6499913463
3174 13.5422284182
3175 13.4349591000
3179 13.4331744400
3181 13.3768591977
3184 13.1786532657
3187 13.1356441600
3190 13.1307888326
3192 13.0445732925
3193 12.9588410852
3196 12.9108223688
3201 12.8914654084
3203 12.8337691409
3204 12.8280731917
3215 12.8277494672
3216 12.7315565665
3225 12.7200046532
3226 12.6616781137
3227 12.6256270167
3228 12.6211616103
3229 12.5444381366
3231 12.5184267506
3234 12.4037413232
3235 12.3576302807
3237 12.3390743751
3244 12.2336129187
3245 12.2254754076
3246 12.2169434811
3248 12.1313461743
3250 12.0611142236
3251 11.8826911413
3255 11.8797106440
3257 11.7183496103
3259 10.9276173664
3261 10.8434779571
3263 10.3695728940
3265 10.3236822640
3266 10.2587240397
3268 9.8388209534
3270 9.4003519125
3271 9.1828190512
3273 8.7913272059
3275 8.6302935069
3276 8.2906700495
3278 7.9502198134
3280 7.7105201250
3282 7.6198847989
3285 7.5920163094
3294 7.4837498081
3295 6.8710941678
3297 6.7427629007
3299 6.3493505399
3301 6.1204692244
3307 6.0693437691
3308 5.8508150840
3317 5.8048796697
3318 5.6908416982
3320 5.6006175822
3326 5.5434652124
3350 5.4220408008
3355 5.3728744301
3357 5.3611555968
3358 5.3235344109
3359 5.2810759144
3364 5.2754639759
3400 5.3765335922
