evaluations raw_y
1 19500148803.3048019409
2 10706959932.5269527435
3 5608874745.7013845444
8 5539549776.7570219040
12 4226725448.7227969170
18 3799585607.2866406441
29 3458113125.1930599213
30 2186673124.0346751213
36 1655985638.4839551449
38 1643937480.2135968208
46 1434597437.5962815285
50 1263978686.3826737404
68 1021110214.8816143274
71 790515661.2442153692
85 396718811.9579725266
151 389475221.4929458499
155 360143655.8207539916
159 293275474.9029477239
180 279294837.9139451981
204 257301150.7012854218
211 240802035.9704419374
236 151102256.4570764601
325 148170888.5539250970
388 124910255.5535712987
458 105293656.3000051379
505 104109285.8318087608
513 102503697.4549186379
517 94881753.9177300632
546 82281576.5220400393
588 70945014.8073490113
637 52459432.8308334872
694 48427539.2399379835
702 43759869.6217235401
703 36501572.3536354303
747 35017710.1281500757
750 33566178.5596445128
757 26658890.6999873258
770 25581047.1616165861
771 21074176.5504322611
776 19962386.6056719273
833 17219438.9744624831
879 13871875.8254815396
928 10571165.6074508876
955 9602454.1483524106
984 9466249.4579187073
1046 8274014.1799958488
1059 6882973.2571146805
1131 5305561.5857333224
1225 4733234.0597012974
1270 4547674.2307415158
1337 3900082.4635386397
1391 3203674.4039909816
1459 3188251.4992891755
1544 2619407.5721319029
1562 2542950.1347959680
1566 2509712.8977292445
1577 2453506.4284542548
1597 2383301.8480342333
1645 2324214.4984670058
1655 2311884.6916190628
1695 2017989.3885087017
1762 1923248.6434941604
1826 1894785.4314817272
1843 1808703.9696775237
1860 1629996.0454288726
1905 1531347.1185074945
1918 1503415.5428459726
1985 1282925.9218868031
1988 1176805.4415118652
2055 995971.5351075693
2074 780222.9763639024
2237 731038.3282931189
2254 730441.6611270311
2260 728865.3019494159
2262 592380.6029555511
2345 514567.0843337515
2407 462694.5456597040
2456 449034.9319983367
2511 437688.7198008242
2560 390783.7106215261
2571 328018.0629785228
2614 301273.7755538679
2621 251732.8746129466
2765 218113.5795519923
2767 186637.3806682754
2891 177733.2245576111
2923 147899.9217089739
2985 110967.0683009832
3075 93984.0805363459
3137 80866.7990710566
3145 79916.5445177928
3236 77829.2223721491
3286 77616.8334563977
3293 72485.6641311621
3300 66101.9027015535
3319 57482.0819887303
3485 47563.4532592996
3524 42661.2042440882
3587 33011.4716249686
3695 29121.1678511382
3702 26971.6786848563
3755 22243.4506007758
3845 21644.2671918448
3847 21599.5800613718
3874 17409.2636735986
3993 15227.2477659658
4063 14277.7140069503
4081 9686.3398569222
4181 6961.7064256828
4383 6944.9750530063
4462 6085.7734504060
4491 4329.1327009507
4548 3489.2547077949
4704 2351.1433704014
4770 2143.5422087567
4780 1767.4907704970
4925 1682.7569018631
5052 1667.0748487194
5099 1661.2269205056
5115 1516.4447805556
5122 1428.4155317548
5165 1347.6739836009
5180 1094.4870901095
5292 919.5821061593
5403 916.2006774189
5515 850.6866469871
5558 832.3045950755
5579 727.5447069325
5676 707.7111938858
5680 635.1267218811
5724 600.5250789990
5776 572.4896839049
5779 571.5607737923
5792 551.9889401816
5802 537.2509807833
5835 414.2260990296
5918 339.8780826791
5999 332.7137019995
6001 312.2972391501
6025 295.0501362245
6048 274.9771729564
6077 262.9705073214
6114 223.4009649851
6204 201.1780045358
6221 197.7277860278
6278 190.5686680348
6307 190.4691188995
6327 187.6729981593
6339 172.5894966578
6349 163.6902346318
6435 153.9093615368
6441 127.0374516747
6514 112.1689169607
6552 103.3222250968
6579 102.0619220869
6586 93.5439780743
6606 84.0671737534
6616 76.6423583354
6733 76.1195955983
6907 75.4633360778
6916 75.1073027588
6920 56.7943406568
6988 54.8229110663
6990 43.9190497543
7097 35.8493293489
7187 33.2934286778
7212 27.6230680193
7331 26.2821485452
7355 24.1272081129
7441 23.5249123612
7461 18.5887524204
7488 18.3321925153
7514 17.3448372634
7556 15.7043489375
7563 14.3707229464
7641 12.4240535598
7666 11.9353818739
7671 10.9565894026
7727 10.3452287882
7741 10.2053585899
7766 8.6374408135
7785 7.5059132267
7889 7.3631545099
7904 7.3190322933
7967 5.8639440174
8024 5.5818872009
8030 4.1980303375
8176 3.2937887572
8335 3.1290824769
8374 2.2110472927
8587 2.0615353905
8606 1.6240909931
8656 1.3456241918
8688 1.3213889576
8705 1.2040601985
8793 1.1340360110
8797 0.9808830079
8822 0.8302492274
8995 0.7062848543
9020 0.6906324038
9120 0.6722856085
9186 0.6228609999
9265 0.5983007352
9334 0.5162901472
9372 0.5143902819
9395 0.4106362869
9426 0.3921515899
9478 0.3888266234
9509 0.3570124195
9589 0.3453243053
9608 0.3374195958
9621 0.2831335732
9638 0.2759499998
9642 0.2517588591
9680 0.2497740280
9749 0.2316682937
9799 0.2095236121
9800 0.1974776950
9806 0.1795549230
9923 0.1709660000
9950 0.1497964553
9958 0.1473401269
10031 0.1322357609
10103 0.1287643890
10134 0.1265640192
10177 0.1178496533
10182 0.1154153156
10228 0.1133762652
10232 0.0916020373
10337 0.0763117762
10458 0.0737400682
10482 0.0711566319
10504 0.0558249307
10763 0.0552899154
10780 0.0518628473
10836 0.0466890915
10914 0.0448216498
10930 0.0397144351
11140 0.0373113051
11182 0.0373050990
11213 0.0372546497
11240 0.0369523073
11258 0.0367637492
11283 0.0362259660
11295 0.0335491476
11347 0.0328075636
11426 0.0323445109
11489 0.0313784261
11553 0.0295933763
11599 0.0292990092
11644 0.0292152346
11652 0.0290018072
11674 0.0282153928
11727 0.0274161980
11752 0.0269876775
11881 0.0268238763
11899 0.0266498367
11974 0.0264402800
12012 0.0259700836
12117 0.0259592579
12147 0.0258395523
12158 0.0257706761
12160 0.0256540594
12175 0.0254959123
12258 0.0250118286
12399 0.0249324607
12477 0.0249295770
12534 0.0249259120
12546 0.0248841328
12577 0.0248176078
12582 0.0247828923
12658 0.0247049721
12773 0.0246879633
12831 0.0245804823
12877 0.0245344115
12880 0.0245265461
12932 0.0244974252
12987 0.0244667284
12997 0.0244578721
13039 0.0244497397
13155 0.0243901040
13183 0.0243796353
13269 0.0243676103
13296 0.0243635898
13323 0.0243330456
13505 0.0243264870
13531 0.0242989846
13532 0.0242830793
13573 0.0242813617
13601 0.0242571268
13641 0.0242493998
13720 0.0242422454
13778 0.0242306476
13959 0.0242305797
13966 0.0242168989
13983 0.0242168178
14001 0.0242118051
14008 0.0242068420
14031 0.0242030027
14111 0.0242014923
14136 0.0241955287
14192 0.0241897366
14294 0.0241882876
14329 0.0241846311
14342 0.0241843160
14351 0.0241839172
14405 0.0241793452
14449 0.0241731702
14607 0.0241718694
14679 0.0241695020
14844 0.0241681547
14929 0.0241662982
15038 0.0241661361
15048 0.0241659075
15076 0.0241657294
15084 0.0241655939
15095 0.0241646001
15099 0.0241638121
15183 0.0241635175
15236 0.0241623710
15312 0.0241621786
15315 0.0241619315
15400 0.0241617459
15456 0.0241615011
15502 0.0241613887
15553 0.0241612688
15568 0.0241611037
15575 0.0241609452
15631 0.0241606942
15642 0.0241606302
15671 0.0241605049
15710 0.0241604525
15739 0.0241603840
15749 0.0241603480
15765 0.0241602646
15842 0.0241600816
15895 0.0241600220
15898 0.0241599488
15951 0.0241598670
15992 0.0241596897
16063 0.0241594583
16144 0.0241591875
16178 0.0241591543
16205 0.0241590254
16276 0.0241589179
16398 0.0241588147
16480 0.0241586892
16566 0.0241586268
16573 0.0241586047
16681 0.0241586000
16689 0.0241585689
16745 0.0241585398
16802 0.0241585202
16880 0.0241584748
16939 0.0241584432
16979 0.0241584418
17057 0.0241584288
17120 0.0241584024
17139 0.0241583316
17287 0.0241583204
17331 0.0241583059
17332 0.0241581986
17554 0.0241581824
17605 0.0241579859
18054 0.0241579538
18105 0.0241579054
18177 0.0241576255
18183 0.0241575826
18287 0.0241574268
18485 0.0241571240
18612 0.0241569744
18737 0.0241566498
19010 0.0241564788
19169 0.0241564722
19297 0.0241563476
19352 0.0241562017
19399 0.0241561233
19407 0.0241557008
19478 0.0241554279
19501 0.0241553687
19621 0.0241542980
19987 0.0241532255
20159 0.0241532249
20255 0.0241523288
20425 0.0241508620
20592 0.0241507753
20663 0.0241475747
20969 0.0241475630
21058 0.0241468093
21064 0.0241459676
21108 0.0241437038
21123 0.0241436590
21201 0.0241389695
21312 0.0241379883
21362 0.0241378320
21370 0.0241367259
21427 0.0241314033
21836 0.0241291022
22041 0.0241286974
22124 0.0241271825
22314 0.0241076378
22603 0.0241011004
22643 0.0240846597
22644 0.0240823367
22692 0.0240726109
22825 0.0240474239
23149 0.0240004151
23587 0.0239868576
23629 0.0238851399
23789 0.0238708293
24035 0.0238558821
24158 0.0237205279
24426 0.0237057236
24545 0.0235145863
24936 0.0234229290
24941 0.0231967302
25138 0.0231072340
25218 0.0229175176
25441 0.0227031995
25477 0.0224058814
25600 0.0223050959
25644 0.0222513793
26021 0.0222477051
26030 0.0222301322
26065 0.0217392799
26137 0.0212455801
26180 0.0212371521
26271 0.0208533612
26657 0.0205511247
26840 0.0199077744
26862 0.0197503707
27347 0.0197100714
27418 0.0186268001
27579 0.0185241947
27594 0.0184751799
27607 0.0181015569
27634 0.0170018433
27849 0.0159579433
28073 0.0155428137
28088 0.0154413451
28116 0.0152841400
28120 0.0150880119
28158 0.0146774547
28227 0.0144548881
28232 0.0142828040
28270 0.0138141202
28274 0.0133739214
28399 0.0122264372
28566 0.0120954536
28574 0.0120433865
28667 0.0117273716
28696 0.0116224211
28823 0.0113404449
28943 0.0112731387
28955 0.0107027279
29116 0.0106291193
29121 0.0101611800
29320 0.0100397321
29380 0.0092377570
29661 0.0088377773
29727 0.0087300526
29873 0.0081817228
30136 0.0079411638
30169 0.0078731085
30269 0.0078632563
30421 0.0077814794
30439 0.0076716648
30448 0.0074689453
30604 0.0073415309
30605 0.0072538921
30694 0.0071609011
30703 0.0069730278
30759 0.0067455319
30931 0.0067276675
31021 0.0061511595
31166 0.0061203700
31191 0.0059668262
31214 0.0059423713
31246 0.0057702590
31268 0.0055270418
31384 0.0054387523
31568 0.0053391439
31734 0.0052581583
31879 0.0051277789
31915 0.0050187952
31934 0.0050111669
32187 0.0049674188
32297 0.0049622174
32304 0.0048825735
32359 0.0048704031
32367 0.0048083976
32445 0.0046135213
32601 0.0044866756
32765 0.0044304419
32840 0.0042702035
32848 0.0042517871
33004 0.0041727564
33129 0.0041548901
33159 0.0039362921
33265 0.0039256722
33332 0.0038349441
33375 0.0035570655
34026 0.0035510436
34192 0.0034430353
34209 0.0034377806
34213 0.0034015072
34283 0.0033455446
34357 0.0033058225
34363 0.0033041636
34380 0.0032246349
34466 0.0031623744
34475 0.0030924047
34613 0.0029353238
34628 0.0028996326
34814 0.0028865332
34840 0.0028029133
34868 0.0027981370
34938 0.0027897323
35008 0.0027771986
35011 0.0027224131
35021 0.0027016270
35172 0.0026904961
35191 0.0026696652
35196 0.0026230097
35211 0.0025841860
35247 0.0025549974
35401 0.0024625567
35763 0.0024608709
35980 0.0024495164
35996 0.0024456498
36010 0.0023481359
36143 0.0022646275
36167 0.0020623332
36489 0.0020619790
36529 0.0020374367
36672 0.0020130339
36706 0.0019706583
36739 0.0019582802
36790 0.0018961266
36834 0.0018670787
36844 0.0018004123
37026 0.0017946681
37037 0.0017830366
37057 0.0017651359
37069 0.0017471129
37101 0.0017215517
37274 0.0017038960
37326 0.0016645547
37337 0.0016577633
37365 0.0016109858
37479 0.0015962535
37486 0.0015740340
37527 0.0015399130
37566 0.0015364047
37614 0.0015277792
37657 0.0015071354
37669 0.0014847265
37717 0.0014148432
38140 0.0013815984
38573 0.0013746990
38577 0.0013006560
38581 0.0012946800
38672 0.0012778459
38729 0.0012739562
38756 0.0012593993
38760 0.0011947551
38830 0.0011925218
38846 0.0011924303
38981 0.0011842715
39075 0.0011273890
39264 0.0011040649
39289 0.0011005665
39324 0.0010908766
39463 0.0010903748
39561 0.0010861543
39570 0.0010699457
39596 0.0010679506
39614 0.0009914953
39990 0.0009725002
40158 0.0009708747
40279 0.0009497992
40333 0.0009299130
40472 0.0009089501
40579 0.0009004783
40585 0.0008812618
40661 0.0008650179
40748 0.0008619557
40792 0.0008614175
40819 0.0008106848
40927 0.0007818303
41228 0.0007683009
41311 0.0007614868
41317 0.0007529580
41542 0.0007127269
42002 0.0006843584
42036 0.0006743601
42051 0.0006670413
42103 0.0006621211
42285 0.0006538311
42358 0.0006291759
42600 0.0006221171
42635 0.0006183634
42689 0.0005855401
42842 0.0005771967
43102 0.0005539802
43292 0.0005435144
43407 0.0005361475
43443 0.0005357326
43495 0.0005265358
43588 0.0005072285
43635 0.0005026696
43678 0.0004880124
43839 0.0004784162
43856 0.0004539176
44186 0.0004475661
44345 0.0004458256
44355 0.0004361812
44381 0.0004331902
44469 0.0004089635
44840 0.0004017298
44939 0.0003988608
45132 0.0003817329
45146 0.0003795896
45227 0.0003676476
45366 0.0003597044
45432 0.0003554273
45603 0.0003553726
45656 0.0003523740
45658 0.0003406301
45662 0.0003371160
45680 0.0003229016
45758 0.0003228122
45792 0.0003216910
45899 0.0003209995
45965 0.0003191318
46069 0.0003133865
46230 0.0003082726
46265 0.0003041772
46268 0.0002922532
46488 0.0002896348
46516 0.0002794165
46579 0.0002667094
46657 0.0002662303
46723 0.0002612382
47172 0.0002610619
47230 0.0002569914
47266 0.0002546524
47335 0.0002488022
47377 0.0002406069
47493 0.0002368188
47574 0.0002284884
47777 0.0002256133
47826 0.0002200209
48051 0.0002157241
48119 0.0001961417
49335 0.0001946932
49410 0.0001933755
49438 0.0001821678
49669 0.0001749418
49708 0.0001686514
49819 0.0001674961
49863 0.0001635014
49936 0.0001501890
50399 0.0001429392
50573 0.0001426291
50590 0.0001325285
50839 0.0001287671
51077 0.0001270283
51461 0.0001261318
51478 0.0001258651
51487 0.0001197085
51495 0.0001196609
51519 0.0001157811
51872 0.0001146740
51923 0.0001144904
51943 0.0001102196
52355 0.0001054443
52747 0.0000951997
52980 0.0000951836
52985 0.0000877780
53295 0.0000867028
53388 0.0000836049
53499 0.0000786135
53861 0.0000745109
53891 0.0000745014
53974 0.0000713236
54084 0.0000684905
54446 0.0000684436
54514 0.0000681588
54534 0.0000595855
55234 0.0000583938
55334 0.0000569351
55412 0.0000561996
55492 0.0000525499
55597 0.0000516541
55691 0.0000501369
55732 0.0000492002
56185 0.0000481642
56423 0.0000473779
56667 0.0000430376
56925 0.0000398316
58142 0.0000389911
58253 0.0000384269
58333 0.0000374669
58357 0.0000365980
58379 0.0000351616
58457 0.0000348006
58586 0.0000330998
59063 0.0000321410
59269 0.0000320310
59277 0.0000304790
59328 0.0000283709
59630 0.0000278095
60003 0.0000277463
60099 0.0000275675
60111 0.0000258124
60172 0.0000252272
60418 0.0000247951
60450 0.0000243625
60481 0.0000242465
60538 0.0000239696
60644 0.0000227936
60898 0.0000217847
60957 0.0000217657
61074 0.0000209448
61195 0.0000208885
61259 0.0000207227
61312 0.0000203009
61628 0.0000197061
61717 0.0000196319
61906 0.0000184349
62352 0.0000183317
62379 0.0000180523
62392 0.0000176364
62770 0.0000174824
62801 0.0000166159
63156 0.0000162508
63244 0.0000158808
63293 0.0000155964
63363 0.0000153346
63519 0.0000152804
63538 0.0000152791
63595 0.0000151579
63633 0.0000149401
63638 0.0000148561
63662 0.0000144413
63887 0.0000142980
63897 0.0000142215
63931 0.0000139895
64064 0.0000139006
64094 0.0000136264
64206 0.0000134316
64208 0.0000133286
64262 0.0000126607
64497 0.0000123368
64555 0.0000122936
64599 0.0000122115
64676 0.0000118124
64741 0.0000118041
64794 0.0000116000
64804 0.0000115318
65135 0.0000114463
65229 0.0000114123
65327 0.0000113989
65344 0.0000107697
65425 0.0000103758
65780 0.0000101897
65857 0.0000100779
65898 0.0000097352
65902 0.0000096714
66202 0.0000090860
66442 0.0000084680
66517 0.0000078030
66558 0.0000072926
67059 0.0000071460
67243 0.0000067518
67535 0.0000067103
67911 0.0000066678
67947 0.0000064907
68030 0.0000064794
68042 0.0000059714
68153 0.0000057057
68353 0.0000057026
68511 0.0000055986
68539 0.0000054519
68676 0.0000051953
68718 0.0000051134
68755 0.0000047886
69152 0.0000046902
69159 0.0000043438
69555 0.0000042368
69576 0.0000039322
69835 0.0000037915
70057 0.0000037313
70157 0.0000037109
70197 0.0000035967
70385 0.0000029622
70990 0.0000027702
71259 0.0000027590
71316 0.0000027108
71397 0.0000025681
71426 0.0000024985
71435 0.0000024375
71647 0.0000022218
72138 0.0000021301
72624 0.0000019754
72723 0.0000019653
72736 0.0000019333
72806 0.0000019036
72911 0.0000018694
72948 0.0000017545
73161 0.0000016988
73443 0.0000016275
73508 0.0000016231
73533 0.0000014046
74501 0.0000013129
74815 0.0000012101
74877 0.0000011266
75322 0.0000010504
75373 0.0000009769
75545 0.0000008797
75582 0.0000008286
75994 0.0000008198
76006 0.0000008168
76234 0.0000008101
76384 0.0000007798
76467 0.0000007609
76522 0.0000007212
76594 0.0000007200
76599 0.0000006859
76751 0.0000006777
76816 0.0000006316
76979 0.0000006261
77033 0.0000005747
77118 0.0000005488
77841 0.0000005360
78171 0.0000005360
78203 0.0000005152
78240 0.0000004832
78312 0.0000004342
78664 0.0000004128
78776 0.0000004093
78802 0.0000003865
78895 0.0000003864
79377 0.0000003720
79387 0.0000003714
79394 0.0000003647
79493 0.0000003338
79551 0.0000003310
79617 0.0000003277
79692 0.0000003251
79716 0.0000003204
79734 0.0000003057
79760 0.0000003045
80045 0.0000002992
80480 0.0000002986
80630 0.0000002902
80634 0.0000002843
80686 0.0000002823
80694 0.0000002779
80805 0.0000002735
80828 0.0000002565
80872 0.0000002490
80944 0.0000002488
81018 0.0000002438
81052 0.0000002404
81234 0.0000002365
81359 0.0000002282
81460 0.0000002267
81915 0.0000002187
81968 0.0000002187
82034 0.0000002146
82094 0.0000002020
82225 0.0000002006
82267 0.0000001945
82320 0.0000001818
82420 0.0000001772
82435 0.0000001743
82446 0.0000001724
82559 0.0000001566
83083 0.0000001460
83150 0.0000001430
83186 0.0000001380
83196 0.0000001323
83318 0.0000001285
83792 0.0000001239
84014 0.0000001199
84015 0.0000001101
84168 0.0000001073
84395 0.0000001062
84408 0.0000000968
84696 0.0000000944
84924 0.0000000908
85176 0.0000000886
85185 0.0000000729
85268 0.0000000724
85337 0.0000000696
85685 0.0000000692
85751 0.0000000676
85826 0.0000000665
85928 0.0000000645
85975 0.0000000584
86287 0.0000000526
86486 0.0000000520
86669 0.0000000514
86772 0.0000000500
86846 0.0000000495
86948 0.0000000472
87458 0.0000000421
87538 0.0000000421
87573 0.0000000410
87738 0.0000000401
87981 0.0000000376
88035 0.0000000348
88204 0.0000000327
88271 0.0000000322
88350 0.0000000318
88416 0.0000000296
88842 0.0000000264
88860 0.0000000213
89459 0.0000000211
89475 0.0000000195
89601 0.0000000193
89670 0.0000000191
89810 0.0000000189
89900 0.0000000188
89951 0.0000000140
90187 0.0000000138
90403 0.0000000138
90568 0.0000000123
91117 0.0000000120
91230 0.0000000111
91425 0.0000000097
91433 0.0000000097
91694 0.0000000089
91806 0.0000000083
91808 0.0000000081
91833 0.0000000071
92049 0.0000000065
92139 0.0000000064
92178 0.0000000062
92251 0.0000000051
93120 0.0000000051
93199 0.0000000047
93246 0.0000000040
93300 0.0000000038
93389 0.0000000037
93419 0.0000000037
93719 0.0000000034
93881 0.0000000033
94040 0.0000000033
94071 0.0000000028
94663 0.0000000027
94710 0.0000000027
94852 0.0000000024
94900 0.0000000023
95027 0.0000000023
95036 0.0000000022
95093 0.0000000020
95406 0.0000000015
95543 0.0000000015
95903 0.0000000014
96004 0.0000000013
96200 0.0000000012
96347 0.0000000012
96374 0.0000000012
96595 0.0000000011
96845 0.0000000009
96983 0.0000000009
97398 0.0000000008
97406 0.0000000008
97443 0.0000000007
97446 0.0000000007
97476 0.0000000007
97721 0.0000000007
97856 0.0000000006
97915 0.0000000006
98143 0.0000000006
98175 0.0000000006
98297 0.0000000006
98476 0.0000000005
98799 0.0000000004
99002 0.0000000004
99056 0.0000000004
99177 0.0000000004
99224 0.0000000003
99598 0.0000000003
99681 0.0000000003
99795 0.0000000003
99930 0.0000000003
99973 0.0000000003
100089 0.0000000002
100184 0.0000000002
100192 0.0000000002
100595 0.0000000002
100987 0.0000000002
101423 0.0000000001
101794 0.0000000001
101879 0.0000000001
101980 0.0000000001
102002 0.0000000001
102054 0.0000000001
102717 0.0000000001
102863 0.0000000001
103126 0.0000000001
103217 0.0000000001
103221 0.0000000001
103295 0.0000000001
103299 0.0000000001
103322 0.0000000001
103388 0.0000000001
103437 0.0000000000
103711 0.0000000000
103729 0.0000000000
103951 0.0000000000
104003 0.0000000000
104240 0.0000000000
104329 0.0000000000
104617 0.0000000000
104676 0.0000000000
104743 0.0000000000
104773 0.0000000000
104838 0.0000000000
104960 0.0000000000
105111 0.0000000000
105195 0.0000000000
105502 0.0000000000
105876 0.0000000000
105897 0.0000000000
106170 0.0000000000
106173 0.0000000000
106549 0.0000000000
106555 0.0000000000
106678 0.0000000000
106791 0.0000000000
107256 0.0000000000
107478 0.0000000000
107543 0.0000000000
107631 0.0000000000
107800 0.0000000000
107811 0.0000000000
107826 0.0000000000
107943 0.0000000000
108019 0.0000000000
108739 0.0000000000
108750 0.0000000000
108756 0.0000000000
108977 0.0000000000
109227 0.0000000000
109315 0.0000000000
109563 0.0000000000
109796 0.0000000000
109803 0.0000000000
109897 0.0000000000
109915 0.0000000000
110090 0.0000000000
110194 0.0000000000
110425 0.0000000000
110467 0.0000000000
110571 0.0000000000
110590 0.0000000000
110616 0.0000000000
110762 0.0000000000
110794 0.0000000000
110958 0.0000000000
111559 0.0000000000
111629 0.0000000000
111722 0.0000000000
111907 0.0000000000
112064 0.0000000000
112100 0.0000000000
112122 0.0000000000
112160 0.0000000000
112220 0.0000000000
112287 0.0000000000
112356 0.0000000000
112788 0.0000000000
112883 0.0000000000
113370 0.0000000000
113681 0.0000000000
113960 0.0000000000
114179 0.0000000000
114271 0.0000000000
114379 0.0000000000
114539 0.0000000000
115165 0.0000000000
115484 0.0000000000
116057 0.0000000000
116301 0.0000000000
116730 0.0000000000
118397 0.0000000000
evaluations raw_y
1 2581284653.0317912102
3 950785237.1154688597
27 924025685.4047940969
37 894815191.8051885366
41 756758582.8449200392
63 674898968.9419153929
67 603950379.2807118893
97 540293544.5734676123
107 534535717.4769009352
131 423768839.4806543589
142 398358162.8363984823
186 359724590.0922757387
208 325644381.4155049920
213 314220069.4713814259
222 256368366.3355250061
243 243999812.4344408512
249 233776869.6894314289
269 197148619.1655576825
332 168848617.3073042035
378 165260662.7557049692
379 154386516.9190065563
396 152793666.8402683139
414 130281960.3531412482
424 111594172.5577855706
448 93514324.7556893080
499 78231886.1014996916
544 63040345.1468098015
596 50949861.6553288549
618 46955970.7916739434
696 39009999.8701634482
718 34982682.6964326128
732 29194074.8693939671
749 29072618.1816569455
812 28769187.5336670987
829 28365379.9134526961
838 26808071.4467011616
845 26149188.5527864471
861 25136902.2851994373
870 17184716.9673504308
881 16690775.9922084901
903 14240910.5610908531
943 13731105.7588388119
988 9546902.4416886009
1043 8972748.8634792119
1068 7317462.6245637722
1081 7219301.4695338616
1102 6704814.1604901236
1133 6494161.1872201208
1136 6458417.5193988299
1146 5926519.2317611175
1147 5695325.3796142116
1209 5656063.2436059192
1233 5208728.8850084431
1269 3971710.0939091854
1299 3757455.2197183357
1403 2563461.9205585918
1552 2403159.6689008293
1641 2228263.6532188705
1661 2189558.7327264254
1712 2168025.7565031508
1728 1992922.3171130845
1775 1802131.6737307995
1780 1703827.1614608110
1790 1701203.5135199977
1829 1635059.2626500928
1855 1620845.4906102913
1867 1600765.2771169094
1924 1246478.8203759673
1975 1196861.2319720762
2013 1115279.3446430396
2046 873759.1776239240
2163 834137.4404158210
2170 521748.6483017374
2417 443009.0011480850
2423 381189.8896469803
2545 340444.9260712577
2722 329446.9310727095
2767 319878.1785494003
2768 301399.3731293551
2777 280590.9207851769
2808 225549.5775294238
2914 209154.7252524560
2919 196283.9746659169
2952 183672.3435360209
2986 160898.4143726775
3130 154789.5333655899
3159 142371.6674464690
3174 138945.2543264657
3216 132760.5037210379
3218 118141.2711039092
3231 114180.3066810618
3245 96908.7560062405
3302 87005.3433038545
3406 71811.8727476769
3519 70894.6381367020
3523 65331.2230525350
3527 51633.4539924267
3589 43682.9980114506
3761 43044.5157948647
3763 42488.6965291988
3787 37096.0176401366
3819 36680.2713396389
3831 32759.7953095262
3979 29904.7634651231
3984 29375.4969940045
4029 26453.3554188000
4049 22780.6274016906
4101 18206.0036163235
4222 16642.8368006443
4229 14296.2688781617
4277 9477.2338130269
4564 8910.6794131369
4569 8660.4785688742
4585 8286.0861205550
4591 8126.1198858984
4624 7117.0690053766
4777 6699.7791748201
4795 6614.8581700646
4796 6001.1219324395
4798 5551.2286250107
4860 4959.7339796972
4880 4921.9301033271
4910 3867.9337529715
5049 3694.7438582584
5050 3614.1017735511
5088 3223.8343801109
5129 3174.0037365373
5164 2506.5454643414
5254 2367.6813109928
5269 2190.2040843699
5357 1933.2613499541
5371 1855.3323512392
5465 1826.3015401297
5470 1729.9664808924
5505 1700.4184227639
5539 1592.5698470358
5554 1533.4383975449
5562 1484.2441197781
5634 1482.1864431819
5643 1431.4942532421
5653 1380.6483279229
5663 1120.9462273171
5739 1028.6882010884
5779 977.6389358327
5802 915.9970704273
5841 679.5579637080
5967 675.3192688831
5968 617.2165728906
6028 489.1367298739
6099 472.6970589559
6210 423.3486851318
6244 420.6301627139
6273 388.3986466222
6331 332.1311110175
6363 307.0794631499
6474 306.6706328727
6478 284.6677675447
6497 224.6351266283
6540 204.6508202646
6601 202.4557213316
6727 197.1921718319
6730 180.6522691878
6756 168.8141826561
6779 146.2841007763
6791 136.9519780231
6839 136.4331002911
6896 131.9395912256
6910 122.7588748542
6926 121.2596829249
6945 113.0216535593
6973 109.6457378782
6981 100.8520988496
7016 97.2234509017
7024 79.9199120887
7268 76.3570016376
7302 56.8144072493
7490 51.0395850921
7563 48.9772324025
7569 46.1985990480
7601 43.0733418864
7769 41.5577801538
7795 40.9917589962
7806 37.2799304182
7893 36.6296964497
7943 35.4441885411
7991 34.9834186780
8035 32.5310525402
8141 32.2231879918
8150 30.2055014454
8214 29.2316998837
8254 28.5769974921
8268 28.5650279366
8277 27.3802009990
8366 27.1522213887
8369 25.0575092069
8406 24.9180476763
8527 24.7494467425
8550 24.6337615628
8572 24.6090916477
8623 23.9601666479
8636 23.7808371455
8685 23.1633229830
8715 22.4679942526
8949 22.3592356820
8982 21.9584121542
9029 21.8856958762
9076 21.7662664712
9077 21.5561814475
9142 21.5259676709
9154 21.4755454003
9207 21.4108984388
9212 21.3772060082
9214 21.1457572235
9269 21.0560495207
9427 21.0023286367
9431 20.9621354617
9447 20.8708611880
9485 20.7811044560
9648 20.7432829469
9657 20.7051367893
9677 20.6760178301
9702 20.6101026405
9778 20.5778548903
9962 20.5394168900
10052 20.5213803601
10085 20.4936769416
10143 20.4888099757
10170 20.4680089231
10205 20.4503648509
10269 20.4367301093
10274 20.4157476570
10365 20.4072667200
10373 20.4057843284
10417 20.3979377500
10482 20.3910861664
10556 20.3908038990
10585 20.3882108152
10586 20.3855834016
10601 20.3844542316
10602 20.3833153810
10623 20.3803366142
10641 20.3788325431
10647 20.3677404608
10675 20.3656677273
10699 20.3597829883
10728 20.3575710344
10786 20.3571230372
10875 20.3487284848
10892 20.3479494265
10921 20.3455109195
10958 20.3442820849
10999 20.3439676899
11008 20.3433254572
11038 20.3428347740
11058 20.3423658412
11073 20.3402157519
11149 20.3391326416
11194 20.3387973927
11258 20.3366003791
11307 20.3353437809
11413 20.3345069033
11433 20.3342601201
11436 20.3332627002
11469 20.3322678544
11503 20.3314816997
11519 20.3308448903
11632 20.3300991320
11719 20.3299049747
11740 20.3287766104
11810 20.3286820319
11816 20.3285035778
11875 20.3282396732
11918 20.3268449456
11979 20.3267292443
12365 20.3265594996
12491 20.3263088986
12499 20.3262424151
12500 20.3258051093
12539 20.3257190214
12578 20.3256508081
12610 20.3252852167
12624 20.3252323239
12789 20.3251301996
12813 20.3251141965
12870 20.3250470486
12898 20.3247514983
12915 20.3246595384
13013 20.3246124463
13044 20.3242561715
13142 20.3241862420
13373 20.3241146535
13396 20.3239250747
13556 20.3238312455
13558 20.3237458673
13614 20.3236889792
13620 20.3236716494
13699 20.3236233510
13851 20.3234613158
13957 20.3234300591
13967 20.3234000979
13984 20.3233474338
14197 20.3231250147
14334 20.3231100688
14449 20.3230484177
14502 20.3230213802
14657 20.3228295371
14780 20.3227478017
14788 20.3227099937
14920 20.3226758693
14984 20.3225972888
15223 20.3225008671
15237 20.3224842214
15273 20.3224432842
15291 20.3222001043
15436 20.3221493395
15480 20.3218867037
15560 20.3217724034
15626 20.3215885612
15738 20.3215431199
15846 20.3212996704
15955 20.3212930854
15980 20.3210910481
16117 20.3208194644
16196 20.3201847879
16301 20.3201184791
16330 20.3200975238
16429 20.3194986045
16460 20.3189589801
16696 20.3175400789
16989 20.3173717660
16991 20.3168717975
17232 20.3164878590
17301 20.3148044895
17351 20.3136460779
17433 20.3126245384
17548 20.3095860017
17669 20.3082959416
17683 20.3073295321
17685 20.3072991184
17793 20.3054847984
18094 20.3050350645
18104 20.3024542353
18482 20.2925456030
18550 20.2907166891
18655 20.2830322110
18908 20.2821798714
18949 20.2742191045
19059 20.2682985534
19316 20.2576794641
19410 20.2512200680
19614 20.2491510296
19658 20.2205475339
19854 20.2190055695
19937 20.2177232187
19988 20.2041134992
20009 20.1970683386
20232 20.1964201632
20251 20.1570308137
20275 20.1255405158
20509 20.0937320026
20730 20.0474120668
21039 20.0212950612
21136 19.9732552689
21232 19.9642603711
21303 19.6576790047
21524 19.4013709896
21860 19.3478965334
22040 19.2011452853
22051 19.0683781640
22060 18.9219104624
22350 18.8688788008
22376 18.6509055351
22504 18.6212149855
22597 18.4912247144
22671 18.3130269107
22824 18.2534114961
22960 18.1776331166
23024 18.0758535710
23080 18.0238002102
23152 17.9085645842
23218 17.7969028711
23581 17.5136436280
23686 17.0717980477
23870 16.6954304424
24086 16.5738306048
24261 15.8804173013
24531 15.8134313240
24651 15.6329650400
24729 15.5986907074
24745 15.5029091559
24882 15.5025865126
24883 15.3847931765
24903 15.3316732135
24965 15.2512779320
25053 15.1697865257
25119 15.1081245551
25125 15.1017496956
25220 14.9920232657
25263 14.8371802547
25549 14.4156047535
25782 14.3875026646
26131 14.2002764559
26136 14.1518610644
26218 14.1309887891
26365 14.0996467162
26379 13.8944970248
26554 13.8365289506
26589 13.6831182464
26645 13.6370101496
26716 13.4368468352
26771 13.4356062797
26853 13.3904151251
26913 13.3326578348
27432 13.2841952317
27510 13.2141218057
27578 13.1895687152
27599 13.1475295636
27730 13.0943382329
27736 13.0085287068
27738 12.7087756062
27789 12.6379631878
27905 12.5242513810
28016 12.0365911872
28290 11.9702836674
28325 11.9618217585
28394 11.8418319222
28489 11.8405354561
28598 11.7592923550
28654 11.5692192171
28677 11.4001463379
28758 11.2422354385
29030 11.1068007820
29127 11.0431319598
29274 10.9946693818
29292 10.9910933654
29347 10.8540910167
29370 10.7114250514
29405 10.5082929044
29866 10.4228416588
29890 10.1339253122
30210 10.0060342174
30318 9.8881209545
30356 9.7257683678
30560 9.5665574876
30890 9.4848500812
31001 9.4755554207
31144 9.4147020856
31155 9.3868412429
31233 9.2814944778
31289 9.0752596288
31326 9.0572081625
31348 8.8846284798
31385 8.8787821651
31454 8.8704824569
31483 8.8567067084
31488 8.6918621200
31610 8.6034358936
31709 8.5494232088
31752 8.4919141658
31780 8.4740860863
31862 8.4225526445
31887 8.3583315618
31904 8.3028318766
32106 8.1645854572
32251 7.9776596459
32577 7.9403983215
32653 7.8387197627
32865 7.8297119976
32906 7.8220864488
32921 7.5119612742
33315 7.4877607678
33559 7.4519191529
33564 7.4306466356
33609 7.4261727291
33632 7.3899439814
33653 7.3036035891
33786 7.2900964611
33831 7.2898006226
33859 7.1424118415
34026 7.1072794848
34077 7.0728347471
34091 7.0625362506
34133 7.0401018761
34142 7.0326247922
34154 6.9577236690
34198 6.9191200169
34328 6.8614922373
34547 6.8169498815
34640 6.7757779025
34744 6.7697652609
34751 6.5426378007
34874 6.4514712608
35078 6.3658926426
35174 6.3347150785
35386 6.2648766791
35408 6.2173306549
35674 6.2139566839
35727 6.2100964324
35786 6.1424970479
35806 6.1077878589
35815 5.8303798899
36080 5.8211876779
36243 5.6696827456
36336 5.6533128468
36468 5.6505201261
36513 5.5926987763
36633 5.4962529003
37018 5.4344726721
37205 5.3436242172
37397 5.1837629424
37571 5.1173257286
37643 5.1086830284
37820 5.0895497116
37938 5.0661620124
38011 5.0532160659
38026 4.9999883709
38060 4.9947881112
38066 4.9209357333
38118 4.8698739924
38133 4.8294435272
38246 4.7367622165
38357 4.7364589034
38418 4.6769987611
38486 4.6657812733
38497 4.6602543690
38645 4.6318236419
38689 4.6089672170
38750 4.5996078552
38752 4.5691014120
38857 4.5464982488
38928 4.4583790423
39136 4.3599528052
39326 4.3427079903
39328 4.3304866981
39371 4.3101293043
39388 4.2381432915
39535 4.1828706876
39591 4.1614692368
39707 4.1436488935
39825 4.1370605097
39844 4.0693536032
40271 4.0689401765
40307 4.0544255332
40463 3.9417283640
40579 3.9399938116
40663 3.9259889888
40688 3.9154952664
40716 3.8701880620
40876 3.8070499968
41050 3.7297183859
41053 3.7225232632
41250 3.7092248273
41412 3.6904458461
41474 3.6658463725
41595 3.6230229379
41789 3.6067371965
41939 3.5666695712
41969 3.5532414685
42010 3.4880376776
42068 3.4492961286
42215 3.4357396531
42252 3.3800646624
42321 3.3733049002
42549 3.3598633742
42765 3.3294184254
42785 3.3104199416
42797 3.2910399078
42818 3.2182107678
42890 3.1422883817
42961 3.1166043286
43292 3.1158025558
43341 3.1137024550
43392 3.0916811700
43581 3.0331243079
43641 3.0194332966
43674 2.9738127087
43969 2.9536097192
43990 2.9494153119
44030 2.9422545065
44092 2.9213831277
44219 2.9200426121
44377 2.8940954852
44404 2.8505563987
44495 2.8469286080
44555 2.8349280102
44604 2.8134923024
44846 2.7798441876
45134 2.7516471720
45433 2.7356917412
45439 2.7258744674
45530 2.7244175008
45531 2.6912113190
45607 2.6824459859
45664 2.6794901906
45750 2.6316243117
45903 2.6245792805
46020 2.6242580480
46071 2.6071057674
46146 2.5986325936
46273 2.5807015098
46359 2.5665781637
46439 2.5556244479
46544 2.5535662033
46571 2.5170129220
46728 2.4987003854
46743 2.4598153331
46778 2.4544278045
46823 2.4473202363
46884 2.4368868570
46896 2.4160857331
46918 2.4004869737
47051 2.3814461143
47224 2.3783576885
47232 2.3701862652
47289 2.3688043968
47375 2.3679711407
47379 2.3542939881
47424 2.3418082694
47463 2.3369878577
47511 2.3287682166
47566 2.3063653350
47671 2.3035746936
47774 2.2665678746
47963 2.2460220303
48028 2.2440664628
48062 2.2346104195
48124 2.2231837642
48127 2.2194428449
48142 2.1788101407
48159 2.1764807220
48227 2.1588994719
48308 2.1455912280
48356 2.1189838038
48587 2.0937467847
48635 2.0825549073
48682 2.0393680169
49228 2.0044334273
49362 1.9590472784
49842 1.9581148685
49894 1.9316467153
49971 1.9284259333
49979 1.9182291929
50000 1.8863482829
50437 1.8708847817
50451 1.8429128646
51176 1.8249005535
51202 1.8241662313
51269 1.7937467398
51366 1.7845562093
51390 1.6896677574
51840 1.6839987163
51896 1.6779890581
51900 1.6778831076
51927 1.6707086639
51977 1.6457817899
51985 1.6085975584
52278 1.5333649885
52485 1.5236780603
52628 1.4895143495
52970 1.4712922838
52976 1.4687921693
53074 1.4676279983
53102 1.4567388276
53224 1.4545742295
53636 1.4543182314
53639 1.4454997184
53927 1.4438341692
54019 1.4159183749
54248 1.4123325271
54308 1.3601118048
54469 1.3526141281
54486 1.3271667154
54529 1.3243040735
54651 1.3019080957
54693 1.3003701508
54878 1.2916734792
55028 1.2811266119
55052 1.2467358383
55096 1.2353209709
55285 1.2081885268
55529 1.1813596657
55682 1.1761394822
56095 1.1648637408
56342 1.1607055798
56392 1.1591329907
56408 1.1551045866
56417 1.1412172025
56501 1.1061510379
56685 1.0987146695
56801 1.0845167639
56825 1.0822724746
57064 1.0692268421
57140 1.0690748941
57145 1.0592225106
57146 1.0580679851
57160 1.0577459731
57178 1.0493032217
57188 1.0464637373
57287 1.0430317711
57292 1.0371656440
57657 1.0181225626
57788 1.0175037463
57801 1.0156383885
57849 1.0155142395
57893 1.0110005184
57957 0.9990471962
58079 0.9977296564
58245 0.9962133664
58262 0.9911070270
58266 0.9850820130
58361 0.9494659933
58614 0.9420555485
58644 0.9401119909
58698 0.9334892506
58699 0.9228981665
58777 0.9189112572
58849 0.9166290639
58873 0.9036287017
59042 0.8937769977
59275 0.8856483758
59489 0.8824783838
59539 0.8739878596
59605 0.8664403108
59778 0.8514653967
59820 0.8241417010
60679 0.8049540210
61127 0.7914376773
61300 0.7861295338
61407 0.7757976144
61423 0.7729617228
61500 0.7565510308
61721 0.7313405556
62261 0.7288833963
62519 0.7173227080
62612 0.7172805311
62645 0.7165720932
62724 0.7067746315
62725 0.7050886622
62779 0.6956389884
62856 0.6734703720
63044 0.6721271475
63071 0.6549750917
63158 0.6547049253
63333 0.6437827890
63404 0.6417508086
63488 0.6388415356
63507 0.6174679324
64000 0.6132060914
64126 0.6072011647
64278 0.5991759794
64283 0.5959178593
64377 0.5873076040
64425 0.5860504116
64467 0.5828305954
64558 0.5741602040
64662 0.5697725853
64705 0.5564838968
65048 0.5558306068
65101 0.5508734453
65157 0.5498977571
65193 0.5472769242
65268 0.5461850126
65379 0.5431072895
65405 0.5400731643
65544 0.5389621281
65554 0.5193514957
66076 0.5129051461
66104 0.5033755684
66201 0.4952339556
66374 0.4948355242
66500 0.4820626840
66535 0.4813748041
66827 0.4795551751
66886 0.4743371345
66982 0.4699296528
67089 0.4675716034
67153 0.4650778563
67208 0.4612918539
67254 0.4563491465
67328 0.4523845063
67444 0.4424994263
67628 0.4398065315
67680 0.4339423880
67797 0.4288617359
67800 0.4201768033
67906 0.4199679722
67938 0.4178435226
68012 0.4165584443
68024 0.4148315789
68096 0.4048067939
68487 0.3964903378
68565 0.3959656246
68572 0.3924765597
68633 0.3920601346
68883 0.3897790822
68898 0.3889031424
68994 0.3866972952
68996 0.3841716435
69041 0.3828983575
69096 0.3741694012
69164 0.3642871198
69331 0.3446352977
69508 0.3373571970
69874 0.3290829385
69953 0.3189172095
70036 0.3168870476
70136 0.3070388842
70232 0.2984601876
70466 0.2947815283
71005 0.2904697189
71061 0.2873232278
71316 0.2786056320
71531 0.2779247720
71733 0.2708702757
71940 0.2695714706
71956 0.2672296053
71968 0.2615577268
72123 0.2545030788
72164 0.2534642729
72168 0.2530032822
72268 0.2488442898
72310 0.2473171214
72478 0.2470987676
72515 0.2411562086
72617 0.2346830210
72730 0.2327368914
72860 0.2268446264
72930 0.2245297618
73077 0.2225362839
73436 0.2219940686
73549 0.2213376543
73595 0.2150812102
73657 0.2125711975
73792 0.2076139761
73820 0.2054562990
73911 0.2040682656
74092 0.1986457764
74389 0.1948498269
74617 0.1910438855
74780 0.1882169757
74849 0.1864279503
74987 0.1801048034
75254 0.1787520645
75289 0.1770988444
75454 0.1766357463
75502 0.1765664962
75632 0.1746633143
75713 0.1735709888
75735 0.1696125596
75783 0.1689632004
75824 0.1654916289
76031 0.1654662023
76079 0.1653084064
76081 0.1600171128
76179 0.1597120854
76368 0.1511575146
77211 0.1496938330
77377 0.1458133792
77449 0.1435390640
77805 0.1410620962
77834 0.1345482409
77873 0.1335958458
78284 0.1311760202
78292 0.1310343537
78355 0.1300847802
78394 0.1296895031
78436 0.1285812857
78489 0.1284947533
78514 0.1199100603
78755 0.1191348913
78867 0.1191100913
78905 0.1180955414
78927 0.1148886974
78975 0.1125316440
79148 0.1115609694
79240 0.1089251875
79405 0.1074119152
79477 0.1051961295
79727 0.1034608443
79733 0.1006050630
79884 0.0973519874
80190 0.0950037721
80198 0.0943927909
80217 0.0922631160
80403 0.0893017814
80531 0.0883975476
80684 0.0862116600
81486 0.0840948583
81488 0.0829289332
81532 0.0806892998
81621 0.0803623599
81691 0.0797543993
81714 0.0796288071
81736 0.0765863731
81772 0.0760700699
81867 0.0751917893
81902 0.0749346644
81919 0.0747537118
81934 0.0743455642
81957 0.0713579204
82145 0.0695247631
82186 0.0668495456
82663 0.0655532857
82749 0.0618171417
82918 0.0593095251
83240 0.0589650516
83324 0.0564153726
83676 0.0558486535
83926 0.0529157737
84725 0.0488230593
84792 0.0483173214
84835 0.0472010582
84976 0.0445172822
85190 0.0432719870
85360 0.0423694436
85594 0.0422302488
85637 0.0393255278
85876 0.0383373081
85951 0.0381162752
85980 0.0379601345
86221 0.0376405704
86482 0.0374450849
86599 0.0357347764
86936 0.0351802556
86937 0.0343544685
86944 0.0340867400
87252 0.0333948554
87289 0.0332978606
87383 0.0325188150
87509 0.0316450920
87605 0.0315847526
87635 0.0303775838
87684 0.0301271321
87806 0.0295360518
87842 0.0293406064
87863 0.0281274782
87940 0.0280928699
88107 0.0275875537
88135 0.0264574639
88303 0.0259356699
88334 0.0255430381
88630 0.0254824510
88723 0.0254116986
88749 0.0252145911
88845 0.0250471460
88910 0.0242676125
88926 0.0234826848
89163 0.0227861749
89405 0.0225804691
89528 0.0225095005
89531 0.0223796717
89554 0.0208785104
89782 0.0206044982
89952 0.0196320328
90134 0.0194995031
90546 0.0191566903
90550 0.0188203322
90568 0.0185674831
90622 0.0185066541
90649 0.0184971552
90658 0.0181797566
90716 0.0173568102
91030 0.0159301474
91234 0.0159194502
91276 0.0158126916
91278 0.0154204414
91690 0.0150639390
91867 0.0149489523
91919 0.0147466091
92034 0.0143825924
92106 0.0143142525
92338 0.0135774458
92503 0.0132719262
92807 0.0126080815
92839 0.0125739651
92933 0.0125646670
93038 0.0122390142
93648 0.0113497589
93814 0.0111795613
93979 0.0109790076
94107 0.0105653036
94404 0.0104386945
94500 0.0104308676
94502 0.0100021073
94512 0.0099628289
94570 0.0097513453
94815 0.0094912165
94905 0.0094621186
94936 0.0093797383
94965 0.0093045789
95064 0.0090104537
95089 0.0089225109
95122 0.0087509722
95376 0.0085501399
95418 0.0084264483
95557 0.0083568929
95586 0.0083473750
95620 0.0081927157
95685 0.0080954298
95888 0.0078388572
96015 0.0078064416
96197 0.0076880744
96411 0.0076083800
96429 0.0069386125
96745 0.0065477396
97219 0.0065251427
97291 0.0064150582
97326 0.0063363902
97333 0.0063322639
97356 0.0062419881
97391 0.0062015447
97418 0.0061462178
97459 0.0060548850
97541 0.0057276725
97653 0.0056675846
98073 0.0056497074
98075 0.0056460655
98156 0.0054338851
98408 0.0052187891
98532 0.0052139974
98555 0.0048847285
98624 0.0048396846
98728 0.0046652933
99025 0.0045277799
99092 0.0043261634
99799 0.0041124677
100060 0.0040372874
100087 0.0038082812
100145 0.0037195474
100374 0.0037139478
100484 0.0036410729
100487 0.0036203960
100560 0.0035632721
100631 0.0033879063
100771 0.0032475805
100944 0.0031886378
101228 0.0031091733
101568 0.0029473583
101595 0.0026454058
102062 0.0025899927
102321 0.0025622090
102366 0.0024911682
102450 0.0023880464
102620 0.0021258239
103312 0.0020160580
103953 0.0019636094
103977 0.0019131801
104050 0.0018899651
104279 0.0018628904
104280 0.0017650159
104341 0.0017212161
104384 0.0016505444
104532 0.0015619112
104872 0.0015535391
105180 0.0014247676
105456 0.0013546537
105612 0.0013390947
106004 0.0013266216
106009 0.0013235331
106076 0.0013077065
106078 0.0013070783
106097 0.0011584251
106271 0.0011567449
106630 0.0011466365
106720 0.0011091900
106818 0.0010617868
106967 0.0010600956
107179 0.0010579946
107240 0.0010153576
107295 0.0010071599
107315 0.0010037947
107352 0.0009975896
107390 0.0009729957
107562 0.0009685118
107564 0.0009684254
107591 0.0009281347
107667 0.0009137965
107726 0.0008990028
107798 0.0008957000
107867 0.0008931382
107890 0.0008864632
108068 0.0008343796
108263 0.0008157788
108313 0.0008084446
108433 0.0007851228
108629 0.0007533341
108717 0.0007248322
109048 0.0007091533
109063 0.0006685797
109209 0.0006505803
109286 0.0006432150
109582 0.0006348844
109712 0.0006233128
109758 0.0006212048
109835 0.0005895599
110007 0.0005667047
110106 0.0005519510
110326 0.0005321741
110448 0.0005307163
110937 0.0005160687
111092 0.0004883312
111170 0.0004878095
111242 0.0004657959
111255 0.0004501830
111361 0.0004425386
111392 0.0004286700
111618 0.0004141405
111909 0.0004087820
112244 0.0004083042
112296 0.0004048530
112308 0.0003900840
112372 0.0003545715
112762 0.0003466733
112809 0.0003280119
113003 0.0003159960
113128 0.0003046930
113237 0.0003032229
113264 0.0002846596
113473 0.0002706089
113644 0.0002452710
113910 0.0002386936
113932 0.0002303843
114267 0.0002281599
114346 0.0002270947
114443 0.0002248002
114532 0.0002215727
114571 0.0002171597
115212 0.0002101573
115357 0.0002100210
115385 0.0002086265
115425 0.0002057571
115608 0.0002033386
115654 0.0001846394
115731 0.0001806986
115837 0.0001702976
116104 0.0001664844
116393 0.0001643199
116437 0.0001550391
116801 0.0001545578
116828 0.0001453788
116937 0.0001424849
117298 0.0001312792
117383 0.0001263665
117790 0.0001247539
117909 0.0001245372
117961 0.0001221830
118005 0.0001209113
118037 0.0001169673
118248 0.0001070579
119104 0.0001016546
119480 0.0000966721
119700 0.0000957286
119889 0.0000930332
119923 0.0000912067
120129 0.0000911185
120144 0.0000848943
120193 0.0000842063
120343 0.0000823337
120359 0.0000789144
120406 0.0000737983
120498 0.0000725483
120897 0.0000671498
121025 0.0000663329
121078 0.0000642515
121278 0.0000604570
121395 0.0000604338
121501 0.0000535611
121892 0.0000525415
121931 0.0000523205
122152 0.0000506368
122426 0.0000499341
122498 0.0000487592
122503 0.0000485850
122568 0.0000470833
122775 0.0000433711
123176 0.0000426448
123304 0.0000426434
123308 0.0000416772
123315 0.0000379054
123356 0.0000362673
123637 0.0000314870
123825 0.0000296051
123925 0.0000290444
124119 0.0000268041
124147 0.0000259286
124262 0.0000240888
124321 0.0000238715
124807 0.0000227631
125413 0.0000214592
125425 0.0000204564
125636 0.0000202257
125725 0.0000196311
125882 0.0000195531
125944 0.0000195095
126029 0.0000190517
126033 0.0000187289
126086 0.0000185823
126150 0.0000184249
126192 0.0000171765
126525 0.0000167229
127054 0.0000158268
127230 0.0000138557
127739 0.0000130767
127886 0.0000114487
129304 0.0000111392
129306 0.0000110552
129374 0.0000105387
129523 0.0000104224
129631 0.0000100347
129733 0.0000095499
130519 0.0000084943
131155 0.0000084520
131176 0.0000082083
131292 0.0000078358
131700 0.0000077965
131808 0.0000077689
131860 0.0000069589
132060 0.0000069522
132123 0.0000067086
132330 0.0000066035
132373 0.0000064092
132728 0.0000059602
132908 0.0000053540
133368 0.0000053438
133439 0.0000053383
133480 0.0000053334
133489 0.0000052870
133533 0.0000052772
133611 0.0000049128
133779 0.0000048093
134084 0.0000043167
134320 0.0000039001
134352 0.0000038544
134445 0.0000035943
134506 0.0000033193
134921 0.0000031740
135246 0.0000029195
135513 0.0000027608
135673 0.0000025641
135853 0.0000025462
136206 0.0000024079
136293 0.0000023893
136346 0.0000022050
136406 0.0000021080
136427 0.0000020326
136900 0.0000018535
137017 0.0000017993
137627 0.0000017717
137646 0.0000017333
137675 0.0000015614
137710 0.0000015385
137949 0.0000013875
138438 0.0000012754
138587 0.0000012722
138683 0.0000012623
138743 0.0000012419
138793 0.0000011860
139017 0.0000011851
139071 0.0000010603
139814 0.0000009801
139917 0.0000009617
140391 0.0000009376
140561 0.0000008932
140623 0.0000008195
140784 0.0000008174
140805 0.0000007988
140835 0.0000007592
140942 0.0000007266
141202 0.0000006960
141229 0.0000006401
141318 0.0000005374
142569 0.0000005314
142699 0.0000005008
142745 0.0000004932
142789 0.0000004509
142875 0.0000004429
143134 0.0000004305
143175 0.0000004232
143181 0.0000004200
143232 0.0000004065
143266 0.0000003986
143392 0.0000003952
143535 0.0000003769
143572 0.0000003686
143745 0.0000003400
144175 0.0000003311
144181 0.0000003244
144239 0.0000003152
144333 0.0000002897
144817 0.0000002755
144905 0.0000002593
145002 0.0000002441
145098 0.0000002396
145151 0.0000002367
145286 0.0000002302
145412 0.0000002288
145517 0.0000002245
145642 0.0000002187
145663 0.0000002123
145721 0.0000002092
145799 0.0000002057
145866 0.0000002043
145879 0.0000002030
145957 0.0000001947
146041 0.0000001895
146083 0.0000001893
146085 0.0000001741
146286 0.0000001732
146412 0.0000001689
146459 0.0000001606
146570 0.0000001591
146700 0.0000001569
146815 0.0000001567
146976 0.0000001329
147336 0.0000001324
147708 0.0000001109
147740 0.0000000997
148108 0.0000000983
148298 0.0000000955
148812 0.0000000891
148858 0.0000000881
148860 0.0000000750
148906 0.0000000726
149055 0.0000000641
149176 0.0000000535
149343 0.0000000523
149452 0.0000000457
149475 0.0000000439
149660 0.0000000434
149930 0.0000000432
149980 0.0000000411
150064 0.0000000404
150136 0.0000000401
150160 0.0000000371
150248 0.0000000369
150860 0.0000000357
150882 0.0000000337
150978 0.0000000298
151074 0.0000000270
151124 0.0000000260
151507 0.0000000251
151793 0.0000000240
151855 0.0000000232
152403 0.0000000200
152460 0.0000000191
152547 0.0000000190
152558 0.0000000187
152576 0.0000000186
152615 0.0000000164
152679 0.0000000154
152745 0.0000000143
152969 0.0000000142
153015 0.0000000138
153163 0.0000000112
153420 0.0000000108
153560 0.0000000108
153665 0.0000000108
153687 0.0000000096
153717 0.0000000088
153878 0.0000000084
153930 0.0000000083
153939 0.0000000075
153997 0.0000000071
154084 0.0000000065
154375 0.0000000055
155054 0.0000000051
155141 0.0000000050
155217 0.0000000044
155262 0.0000000040
155579 0.0000000035
155619 0.0000000034
155781 0.0000000031
155855 0.0000000029
156196 0.0000000028
156285 0.0000000027
156450 0.0000000025
156563 0.0000000024
156580 0.0000000023
156660 0.0000000021
156669 0.0000000017
157176 0.0000000016
157177 0.0000000014
157673 0.0000000013
157759 0.0000000013
157950 0.0000000011
158207 0.0000000011
158307 0.0000000008
158473 0.0000000007
158923 0.0000000006
159082 0.0000000005
159485 0.0000000005
159551 0.0000000004
159672 0.0000000004
159841 0.0000000004
159849 0.0000000004
159867 0.0000000004
159932 0.0000000004
160056 0.0000000004
160225 0.0000000004
160248 0.0000000003
160254 0.0000000003
160341 0.0000000003
160510 0.0000000003
160563 0.0000000003
160611 0.0000000003
160612 0.0000000002
160883 0.0000000002
160964 0.0000000002
161053 0.0000000002
161197 0.0000000002
161212 0.0000000002
161244 0.0000000002
161287 0.0000000002
161374 0.0000000001
161450 0.0000000001
161602 0.0000000001
161622 0.0000000001
161687 0.0000000001
161725 0.0000000001
161989 0.0000000001
162064 0.0000000001
162197 0.0000000001
163063 0.0000000001
163372 0.0000000001
163516 0.0000000001
163665 0.0000000001
163677 0.0000000001
164050 0.0000000001
164129 0.0000000001
164137 0.0000000000
164196 0.0000000000
164411 0.0000000000
164629 0.0000000000
164659 0.0000000000
164680 0.0000000000
164745 0.0000000000
164812 0.0000000000
164869 0.0000000000
165136 0.0000000000
165217 0.0000000000
165307 0.0000000000
165314 0.0000000000
165421 0.0000000000
165931 0.0000000000
166223 0.0000000000
166424 0.0000000000
166430 0.0000000000
166531 0.0000000000
166550 0.0000000000
166584 0.0000000000
167009 0.0000000000
167017 0.0000000000
167266 0.0000000000
167402 0.0000000000
167486 0.0000000000
167601 0.0000000000
167686 0.0000000000
167736 0.0000000000
167768 0.0000000000
168171 0.0000000000
168518 0.0000000000
168681 0.0000000000
168837 0.0000000000
168860 0.0000000000
168872 0.0000000000
169039 0.0000000000
169100 0.0000000000
169206 0.0000000000
169600 0.0000000000
169605 0.0000000000
169675 0.0000000000
169787 0.0000000000
169933 0.0000000000
170066 0.0000000000
170374 0.0000000000
170527 0.0000000000
170579 0.0000000000
170590 0.0000000000
171190 0.0000000000
171212 0.0000000000
171236 0.0000000000
171343 0.0000000000
171353 0.0000000000
171403 0.0000000000
171481 0.0000000000
171540 0.0000000000
171637 0.0000000000
172098 0.0000000000
172217 0.0000000000
172338 0.0000000000
172426 0.0000000000
172436 0.0000000000
172513 0.0000000000
172521 0.0000000000
172560 0.0000000000
173090 0.0000000000
173202 0.0000000000
173228 0.0000000000
173350 0.0000000000
173599 0.0000000000
174104 0.0000000000
174240 0.0000000000
174296 0.0000000000
174867 0.0000000000
174944 0.0000000000
175157 0.0000000000
175599 0.0000000000
176155 0.0000000000
177182 0.0000000000
evaluations raw_y
1 4498606822.6723127365
8 2933652872.7803645134
28 2291291378.1054072380
41 1527638834.2790272236
65 1199346994.0105876923
69 1044779220.6529653072
71 656544516.1892085075
112 522972278.1310422421
158 414717064.1401305199
191 396301478.6507596374
207 393189124.5275769234
229 332422230.5993808508
238 290886079.2497640252
260 258446565.7020918727
278 250480837.5347532630
289 239231315.9034011662
295 206619239.9105667472
300 203280561.8852794766
306 187590991.2903901041
358 150910868.8122068048
360 142856040.8032883406
391 108177824.5935104787
462 105692860.2600099146
478 78472566.8826792389
601 76642752.9844588935
623 74168240.1382856071
633 64765628.9313770235
652 44014204.2915209234
711 40103270.0344823971
742 39901163.4227691591
763 38065038.7746014819
780 33021383.5980643705
787 28372272.1609970368
800 24130565.2825994864
803 18742345.9530979320
922 17055478.5329568535
939 16118602.4832985457
945 15941253.1810394693
954 15527033.6298079155
962 12496076.3347819299
992 12135971.0669304878
1007 12082709.6541115995
1052 11065654.0151252635
1105 10657498.7120469362
1114 9279596.3212624472
1150 8722504.3374509066
1168 7061042.6501841126
1194 6811335.8546192693
1199 6306704.0397698553
1207 5078719.1729022563
1263 4054268.5045443377
1332 3917564.1938139233
1352 3698879.5013064072
1411 3261670.9350666935
1414 2839242.8567867656
1697 2457602.3089664252
1710 2305487.4610833419
1726 2115011.1157945399
1832 1894998.6336726309
1871 1615584.8426900709
1881 1578771.9691144589
1892 1342834.0583668815
1906 1330635.1541927450
1963 1319057.7078498797
2025 1074329.8757448995
2036 1043313.4389356649
2092 993219.1943932321
2154 987533.8164790738
2205 942589.9257450218
2233 857410.9551329737
2239 836255.4279083593
2266 819945.5775604286
2274 698309.4963325603
2387 662596.6559799089
2391 641635.3686504026
2410 573080.1561057264
2476 561570.9427018758
2486 496107.3614882467
2510 468049.6740548555
2595 461653.7331444348
2617 380470.7254281723
2663 365600.7629071384
2723 338875.3800703668
2754 311472.7167870410
2761 290744.3529285418
2827 264371.7910532057
2868 194955.7074585622
2975 189837.5236897005
3027 189517.8888865488
3110 179744.2339827839
3143 134699.3901868983
3202 113521.5225472603
3310 111736.2479505189
3333 104564.8573009935
3350 88832.9083212471
3383 87521.4022763864
3385 85090.3971302077
3413 72733.4807073824
3492 64996.5952147416
3520 52605.4157883898
3559 51912.0107179425
3612 50226.0163682741
3697 49713.3155956930
3703 47792.7315921274
3784 43677.2192528672
3785 35832.4929416940
3834 34456.2944341615
3847 28856.2825884682
3898 28841.5902811720
3899 28316.4836149048
3917 25266.5638505111
3926 23286.5930273963
4121 19656.7853577462
4204 18615.2361450477
4220 15710.8876240866
4292 13364.6095841853
4337 13255.0146493681
4389 10845.8146669205
4395 9798.3050943521
4495 8725.0674845141
4509 7045.5850398951
4582 6881.1165325209
4623 5938.3449002726
4691 5731.5859219578
4795 3811.2416835053
4923 3313.0987733975
4948 2790.4282532026
4988 2776.8059952010
5152 2677.2794051543
5171 2219.7601007731
5275 2130.6785293041
5286 1980.3189545693
5309 1889.9128339244
5342 1422.9681542608
5390 1163.2343819011
5542 1075.4382240847
5547 905.7126278818
5552 758.4916476119
5640 755.7854014138
5785 649.2313715846
5836 648.6854464302
5849 583.3213416601
5883 502.8989237049
5909 499.8427504640
5953 383.3537921149
6051 368.1052081121
6057 359.7995944208
6087 309.2086870132
6142 281.9091274710
6183 213.7492709161
6227 204.4774993130
6320 169.2510796199
6369 162.6513046517
6481 156.2238790442
6508 114.3866698771
6643 110.0226188439
6644 99.6716969120
6762 94.7431918811
6784 82.0307657988
6882 69.7291464122
6898 62.1878220618
6939 55.9608561704
6940 55.9233465054
7064 51.9413268489
7123 51.7008800821
7178 50.7007820894
7187 38.1198049501
7252 34.1853330838
7303 32.3800531794
7344 29.1140434411
7389 26.2731158097
7421 24.7997843565
7465 21.6218502495
7611 20.9022407575
7762 19.7178159325
7782 18.5573015008
7833 17.6825474463
7842 14.2746458503
7973 14.1603577913
7974 13.0741351145
7978 12.7082676082
7984 10.8397704617
7995 10.3649833275
8100 10.2717669557
8101 9.9547224344
8115 9.8228881201
8154 9.7740177791
8155 8.7875707610
8174 8.1860387242
8240 8.0756290753
8343 8.0549265674
8379 7.0335991311
8437 6.9591821605
8467 6.8839406598
8483 6.3570144432
8490 5.8578206494
8632 5.4702175747
8751 5.1552062260
8833 5.1071257024
8834 5.0259895473
8835 4.5072193113
8975 4.3261835267
9056 4.0818780195
9193 3.9490497138
9212 3.8757013412
9249 3.8596997086
9294 3.8305952660
9302 3.7637113485
9308 3.7367702329
9363 3.6331266562
9413 3.6183190828
9416 3.3639421090
9495 3.3264327276
9519 3.3038793575
9568 3.1979671991
9767 3.1967452258
9781 3.1045377596
9961 3.0910617169
9991 3.0486543355
9999 3.0311421517
10111 3.0306401499
10180 3.0283189490
10203 3.0145649906
10221 2.9900948686
10233 2.9815756642
10258 2.9813820462
10301 2.9420329185
10347 2.9229897785
10414 2.9154228545
10450 2.8823116852
10603 2.8733460634
10703 2.8688926700
10778 2.8646442552
10821 2.8626232970
10848 2.8620032287
10855 2.8568652444
10885 2.8490345705
10897 2.8461818998
10977 2.8433247867
11082 2.8429956297
11084 2.8368769191
11085 2.8360232627
11090 2.8282415657
11129 2.8270621597
11258 2.8260295976
11339 2.8242057606
11397 2.8219057448
11398 2.8191735699
11491 2.8183209090
11545 2.8172041900
11564 2.8161927333
11672 2.8161887441
11683 2.8161422680
11750 2.8158609724
11779 2.8157446596
11804 2.8154776039
11805 2.8143176392
11907 2.8138735647
11951 2.8137573977
11955 2.8131569532
11982 2.8131388641
12014 2.8131014577
12016 2.8127554295
12035 2.8124868828
12129 2.8122820682
12164 2.8119940535
12183 2.8118927842
12220 2.8118864855
12265 2.8117000770
12295 2.8115701835
12304 2.8113857742
12333 2.8113703989
12382 2.8106250455
12654 2.8105525953
12679 2.8104012844
12710 2.8103622054
12793 2.8102519439
12794 2.8100751000
12846 2.8100700184
12940 2.8100330601
13002 2.8100319648
13021 2.8100014508
13033 2.8099612361
13089 2.8098622014
13113 2.8097675891
13301 2.8097539057
13454 2.8097339986
13476 2.8097272461
13479 2.8096946945
13583 2.8096819534
13614 2.8096704188
13720 2.8096389508
13818 2.8096055122
13897 2.8096017162
13916 2.8095899104
14082 2.8095797669
14085 2.8095778445
14221 2.8095673688
14242 2.8095615209
14243 2.8095375406
14323 2.8095333079
14448 2.8095183141
14545 2.8095120535
14650 2.8095068017
14768 2.8095008083
14824 2.8094970307
14906 2.8094818936
15039 2.8094690027
15108 2.8094506491
15196 2.8094499057
15252 2.8094468492
15262 2.8094457051
15384 2.8094425184
15467 2.8094349576
15579 2.8094162419
15759 2.8093848236
15875 2.8093804131
16106 2.8093623321
16481 2.8093327770
16587 2.8093301524
16617 2.8092347717
16962 2.8092138580
17012 2.8092038452
17055 2.8091990307
17099 2.8091072832
17265 2.8090800489
17276 2.8089567273
17472 2.8089327886
17505 2.8089048928
17565 2.8088106018
17573 2.8087979394
17605 2.8087465359
17636 2.8087034947
17644 2.8086987798
17747 2.8085959673
18007 2.8083203911
18211 2.8078453221
18817 2.8072169611
19139 2.8063205776
19193 2.8059338326
19638 2.8051221114
19707 2.8051075054
19800 2.8048282934
19823 2.8045213412
19913 2.8031466851
19916 2.8019323624
20239 2.8010715547
20252 2.8010005059
20262 2.8001579773
20329 2.7998317102
20357 2.7996160472
20437 2.7992905429
20443 2.7987053646
20519 2.7962822663
20544 2.7960282584
20599 2.7947259505
20688 2.7946945018
20753 2.7945788397
20771 2.7945381204
20776 2.7937289723
20806 2.7929900701
20911 2.7928787582
20932 2.7921570585
20964 2.7908140408
21007 2.7847507926
21147 2.7828604680
21274 2.7813091472
21597 2.7778866063
22019 2.7716279576
22249 2.7708799118
22323 2.7675320929
22331 2.7652449606
22382 2.7573933356
22424 2.7559479541
22536 2.7497705095
22649 2.7464830135
22688 2.7423697639
22755 2.7385028956
22764 2.7307223318
22799 2.7291933259
22814 2.7215027787
22920 2.7200211693
22975 2.7022716048
23277 2.6880977879
23305 2.6790897894
23454 2.6655490963
23476 2.6533604634
23767 2.6385886530
23886 2.6321586454
23966 2.6140157368
23990 2.6112008436
24040 2.5756018472
24533 2.5684762336
24578 2.5302972274
24665 2.4943195982
24883 2.4807710976
24910 2.4806338429
24933 2.4662888831
24937 2.4574524298
24957 2.4311680120
24982 2.4270667955
25019 2.4252299876
25067 2.4209207455
25077 2.3805951278
25267 2.3210741570
25537 2.3190118654
25641 2.2972370886
25644 2.2959835663
25766 2.2908162336
25848 2.2834131399
25922 2.2776705461
25966 2.2730975255
25999 2.2714269675
26015 2.2703354436
26039 2.2475898825
26063 2.1919277721
26194 2.1765322587
26200 2.1649867748
26374 2.1417063372
26470 2.1340793213
26474 2.1107865920
26629 2.0651937278
26748 2.0459145648
26968 2.0402292981
26970 2.0321826459
27052 2.0178621476
27172 1.9648511129
27662 1.9409594894
27738 1.9362302810
27774 1.9242806316
27823 1.9187438229
27869 1.9013409871
28042 1.8404392988
28209 1.8397443548
28275 1.8218055606
28415 1.8039079099
28471 1.7778292927
28507 1.7776804950
28528 1.7615138647
28580 1.7606147326
28604 1.7469884219
28666 1.7412307708
28876 1.7275447794
28888 1.7155701732
28906 1.7054546257
28918 1.6538781068
29279 1.6458976048
29468 1.6259015046
29536 1.6252887424
29630 1.6085417070
29881 1.6040188744
29908 1.5888514483
29910 1.5265913422
30030 1.5203656003
30096 1.5113415280
30137 1.5032574678
30164 1.4887186005
30184 1.4813284881
30215 1.4778875646
30261 1.4627613607
30321 1.4597262369
30371 1.4559731347
30416 1.4205957154
30566 1.4133016398
30687 1.3962938385
30759 1.3926459283
30840 1.3707383168
30901 1.3677995265
30984 1.3177557140
31348 1.2900538752
31476 1.2530852845
31616 1.2528617194
31698 1.2439198177
31817 1.2435410619
31839 1.2360324340
31866 1.2334856256
31887 1.2211428424
31896 1.2163611634
31965 1.1932095256
32018 1.1736789646
32019 1.1570161054
32341 1.1524408064
32383 1.1493517364
32600 1.1366985207
32638 1.1240190798
32693 1.0817715199
32945 1.0671755823
32990 1.0618599654
33003 1.0561724721
33040 1.0435120400
33218 1.0420122401
33277 1.0364404598
33287 1.0303290328
33375 1.0191070992
33396 1.0180955043
33397 0.9648538370
33597 0.9508495829
33858 0.9343923393
33968 0.9304922541
34216 0.9242319060
34239 0.9144386940
34276 0.9132196147
34345 0.8770377943
34484 0.8731867678
34531 0.8382839261
34703 0.8349993252
34709 0.8254007143
34831 0.7919420714
35084 0.7655832483
35270 0.7570391015
35437 0.7444856291
35448 0.7309837927
35550 0.7281402787
35558 0.7111284707
35624 0.6984784339
35914 0.6983672304
36066 0.6962856120
36125 0.6727297991
36139 0.6702806909
36265 0.6655301234
36266 0.6447519121
36357 0.6393655614
36788 0.6173241100
36822 0.6053703779
37035 0.6053353980
37065 0.5793393889
37135 0.5729890966
37223 0.5690919497
37275 0.5662196517
37434 0.5659031406
37526 0.5645623025
37548 0.5388634563
37682 0.5351911744
37709 0.5334545676
37752 0.5278178022
37815 0.5241562050
37907 0.5200572729
38087 0.5189355911
38091 0.5038545203
38346 0.4935642819
38399 0.4771143900
38495 0.4700353910
38535 0.4653474596
38798 0.4624238898
39106 0.4464075203
39254 0.4383844035
39256 0.4280773086
39619 0.4236863874
39663 0.4190603874
39835 0.4033457947
39949 0.3919558004
39978 0.3751614963
40797 0.3707513065
40808 0.3679302473
40892 0.3426780839
41432 0.3406066574
41639 0.3306129763
41768 0.3254620890
41992 0.3182285103
42087 0.3093148594
42140 0.3069719581
42228 0.3014675615
42230 0.3006457110
42352 0.2997626580
42364 0.2990127843
42396 0.2967460076
42411 0.2843704580
42420 0.2837620080
42449 0.2803448112
42660 0.2798930641
42753 0.2782166444
42769 0.2709194300
42770 0.2634585080
42786 0.2592429460
43096 0.2533425094
43121 0.2532050185
43405 0.2375112549
43882 0.2276303242
44229 0.2239464247
44272 0.2189036675
44380 0.2078185718
44505 0.2073919072
44514 0.2060161318
44597 0.2050673053
44919 0.2031698590
44998 0.2021597226
45023 0.1960696010
45110 0.1927233482
45194 0.1907112802
45214 0.1886606798
45282 0.1833068982
45741 0.1796320001
45911 0.1795682744
45918 0.1795006564
45969 0.1783560815
45977 0.1761930892
46104 0.1708881708
46132 0.1701582768
46307 0.1700144894
46309 0.1676834584
46362 0.1644650131
46377 0.1635829700
46473 0.1581151326
46645 0.1565717322
46664 0.1533704406
47057 0.1505966694
47165 0.1467585691
47245 0.1425093162
47253 0.1410993707
47359 0.1402562919
47540 0.1367702483
47682 0.1365482912
47726 0.1354562043
47930 0.1354084271
47959 0.1347270177
47984 0.1298919575
48101 0.1278529044
48114 0.1227190199
48271 0.1224271801
48424 0.1161958676
48937 0.1117258913
49076 0.1109590105
49080 0.1039031667
49180 0.1029839120
49249 0.1022742817
49333 0.1017717797
49335 0.0954087672
49593 0.0910469041
49744 0.0899530333
49855 0.0894034227
50120 0.0850779524
50371 0.0846257869
50408 0.0839250084
50442 0.0835991247
50465 0.0810314019
50627 0.0803861389
50693 0.0770357085
51017 0.0745381753
51240 0.0729696407
51328 0.0725393332
51353 0.0709851475
51447 0.0699367113
51503 0.0667889877
51743 0.0666367613
51757 0.0656771000
51814 0.0644499304
51850 0.0643549538
51951 0.0628720781
52151 0.0628311751
52161 0.0627270597
52195 0.0613546518
52206 0.0588756917
52301 0.0580665794
52502 0.0565970767
52532 0.0559225328
52655 0.0556207985
52674 0.0555751280
52766 0.0540185661
52787 0.0529238002
52957 0.0521424116
53030 0.0512335506
53107 0.0476999054
53326 0.0470034316
53413 0.0469415844
53451 0.0444329101
53819 0.0443015347
53916 0.0427883432
54254 0.0424648326
54440 0.0415995642
54501 0.0404827824
54594 0.0401777356
54608 0.0397725170
54671 0.0388874205
54689 0.0381075185
54830 0.0376362894
54866 0.0375976259
54904 0.0366930428
54977 0.0359562936
55089 0.0356323146
55106 0.0342823336
55242 0.0332883855
55332 0.0330253333
55486 0.0327055840
55554 0.0326687154
55556 0.0325676540
55592 0.0316737016
55635 0.0310688955
55784 0.0308696235
55792 0.0299703594
55996 0.0287198999
56258 0.0276279344
56392 0.0267439955
56465 0.0267416811
56529 0.0251674032
56908 0.0234693786
57078 0.0234433263
57081 0.0227644531
57087 0.0226615165
57117 0.0219118111
57329 0.0214864935
57430 0.0210004734
57504 0.0199667377
57734 0.0187453286
57858 0.0169416466
58358 0.0168238679
58371 0.0167949512
58396 0.0154218183
58690 0.0153683041
58785 0.0153447351
58809 0.0146673871
58889 0.0138088737
58915 0.0137731249
59160 0.0133027032
59220 0.0129241634
59376 0.0129063557
59428 0.0120683641
59760 0.0119157851
59809 0.0111949366
59877 0.0110734039
60048 0.0108780769
60066 0.0094623752
60474 0.0093091960
60623 0.0092968562
60626 0.0092064765
60736 0.0088551405
60924 0.0086582411
60947 0.0086269985
60985 0.0085977365
61116 0.0085533442
61153 0.0080274537
61234 0.0079146472
61622 0.0072929044
61916 0.0072798141
61945 0.0065960922
62040 0.0064844857
62154 0.0063426701
62261 0.0061847538
62497 0.0060178105
62553 0.0059331880
62764 0.0054773019
63395 0.0052204897
63550 0.0050219973
63598 0.0049182794
63610 0.0048260369
63645 0.0047837526
63650 0.0046822811
63760 0.0046571362
63807 0.0046058871
63824 0.0045575762
63902 0.0045504013
64007 0.0043289533
64390 0.0041972369
64396 0.0041676050
64409 0.0041111888
64424 0.0040521384
64490 0.0039144491
64643 0.0038435829
64823 0.0037724682
64897 0.0036402057
64903 0.0034526699
65521 0.0034356462
65527 0.0033421553
65656 0.0031291347
65745 0.0029780586
66029 0.0028745199
66070 0.0028366206
66091 0.0027442310
66623 0.0026694099
66756 0.0026555231
66872 0.0026402937
66885 0.0026046817
66948 0.0025485317
66983 0.0024858141
67267 0.0024545304
67286 0.0024395102
67388 0.0023823735
67708 0.0023551875
67710 0.0023477294
67742 0.0022324897
67960 0.0021980194
67993 0.0021860244
68076 0.0021773377
68153 0.0021731771
68220 0.0021641308
68296 0.0021375916
68317 0.0020844681
68475 0.0019835181
68729 0.0019438412
68952 0.0019244371
69174 0.0018948646
69284 0.0018702569
69403 0.0018000232
69747 0.0017737311
69873 0.0017096376
69922 0.0016885438
70051 0.0016774133
70090 0.0015616610
70730 0.0015252818
70755 0.0015147803
70789 0.0015129520
70946 0.0014547411
70992 0.0014220946
71142 0.0014220256
71257 0.0013523187
71646 0.0013169469
71850 0.0012922639
71864 0.0012701940
71896 0.0012387617
71973 0.0011625722
71997 0.0011557004
72020 0.0011413359
72175 0.0011308530
72260 0.0010991665
72445 0.0010830946
72449 0.0010827407
72470 0.0010175789
72541 0.0009866913
72613 0.0009865970
72918 0.0009753049
72923 0.0009733385
72939 0.0009730587
72970 0.0009415268
73027 0.0009032255
73097 0.0008663058
73259 0.0008106234
73628 0.0007469951
74070 0.0007330400
74218 0.0006949711
74365 0.0006891038
74449 0.0006610171
74455 0.0006347742
74679 0.0006166700
74951 0.0006061812
74973 0.0005789815
75007 0.0005567541
75098 0.0005451448
75870 0.0005439917
75952 0.0005428534
75984 0.0005265581
76058 0.0005062442
76198 0.0004880803
76347 0.0004767051
76660 0.0004701588
76803 0.0004698718
76831 0.0004206367
77138 0.0003921076
77827 0.0003908333
77882 0.0003833322
78049 0.0003788717
78081 0.0003654576
78397 0.0003605526
78412 0.0003569444
78506 0.0003439753
78736 0.0003206689
78907 0.0003162232
78954 0.0002940773
79012 0.0002654292
79809 0.0002622252
80003 0.0002513590
80285 0.0002486773
80467 0.0002484553
80582 0.0002467182
80696 0.0002410480
80731 0.0002314516
81006 0.0002300728
81013 0.0002244504
81054 0.0002071048
81563 0.0001994627
81792 0.0001949856
81797 0.0001947274
81843 0.0001812609
82075 0.0001768764
82274 0.0001767986
82371 0.0001641441
82912 0.0001563225
82971 0.0001538003
83156 0.0001501897
83228 0.0001410801
83839 0.0001369542
83989 0.0001363682
84122 0.0001345004
84307 0.0001315023
84408 0.0001289484
84412 0.0001257310
84512 0.0001198133
84648 0.0001191348
85979 0.0001148201
86037 0.0001145992
86164 0.0001103996
86282 0.0001067481
86307 0.0001001708
86517 0.0001001406
86569 0.0000988384
86571 0.0000982961
86608 0.0000966396
86803 0.0000959634
86923 0.0000947698
87023 0.0000939716
87139 0.0000883647
87348 0.0000817360
87611 0.0000792197
87958 0.0000777782
88079 0.0000771047
88120 0.0000762829
88127 0.0000747482
88163 0.0000744195
88178 0.0000694546
88544 0.0000694544
88571 0.0000693678
88573 0.0000612633
88657 0.0000565700
89394 0.0000549664
89518 0.0000542894
89589 0.0000514715
89801 0.0000475322
89974 0.0000446232
90191 0.0000425980
90307 0.0000421242
90468 0.0000405609
90561 0.0000394882
90571 0.0000373669
90808 0.0000372320
90848 0.0000347119
91009 0.0000327003
91203 0.0000320271
91217 0.0000315212
91417 0.0000309764
91528 0.0000300809
91581 0.0000300384
91599 0.0000296916
92098 0.0000283203
92410 0.0000276787
92817 0.0000274318
92928 0.0000247557
93125 0.0000243440
93221 0.0000237385
93236 0.0000227128
93341 0.0000226059
93346 0.0000220736
93454 0.0000216960
93466 0.0000215964
93595 0.0000204626
93787 0.0000183348
94109 0.0000172868
94428 0.0000161036
94452 0.0000154671
94517 0.0000150992
94797 0.0000145278
94881 0.0000135088
95066 0.0000129468
95472 0.0000121911
96121 0.0000118418
96134 0.0000115319
96195 0.0000110750
96401 0.0000104717
96479 0.0000100143
96592 0.0000093396
96700 0.0000090783
96778 0.0000088581
96832 0.0000086056
96848 0.0000085324
96953 0.0000084855
97052 0.0000084446
97316 0.0000082847
97321 0.0000075490
97476 0.0000074488
97508 0.0000073573
97770 0.0000069888
98071 0.0000067527
98243 0.0000064358
98396 0.0000063681
98718 0.0000063230
98756 0.0000059071
98787 0.0000056830
98907 0.0000052582
99269 0.0000051181
99516 0.0000047535
99550 0.0000047384
100097 0.0000047165
100178 0.0000047079
100212 0.0000044444
100231 0.0000043836
100256 0.0000043049
100303 0.0000039056
100757 0.0000038832
100769 0.0000037379
100909 0.0000036961
100999 0.0000036259
101032 0.0000035917
101107 0.0000034797
101237 0.0000034505
101266 0.0000034191
101314 0.0000033770
101388 0.0000033461
101434 0.0000032660
101490 0.0000032401
101492 0.0000028391
102024 0.0000027163
102104 0.0000025713
102301 0.0000023557
102756 0.0000023390
103303 0.0000022663
103406 0.0000022495
103601 0.0000021755
103613 0.0000021512
103624 0.0000020056
103909 0.0000019333
104134 0.0000019027
104194 0.0000018782
104218 0.0000018280
104230 0.0000017652
104369 0.0000017291
104385 0.0000016853
104488 0.0000015780
104610 0.0000014674
104860 0.0000014064
104994 0.0000013794
105109 0.0000013657
105146 0.0000012900
105270 0.0000012853
105396 0.0000012722
105474 0.0000012452
105487 0.0000012356
105499 0.0000011542
105600 0.0000011407
105902 0.0000011191
105971 0.0000011161
105976 0.0000010206
106037 0.0000009936
106538 0.0000009845
106551 0.0000009665
106590 0.0000009472
106594 0.0000008913
106657 0.0000008700
106762 0.0000008381
106795 0.0000008296
106799 0.0000007557
107029 0.0000007391
107094 0.0000007338
107123 0.0000007313
107149 0.0000007003
107187 0.0000006149
107835 0.0000005638
108001 0.0000005209
108135 0.0000004600
108595 0.0000004545
108864 0.0000004347
108965 0.0000004312
109057 0.0000004073
109077 0.0000003818
109352 0.0000003688
109448 0.0000003560
109648 0.0000003238
109680 0.0000003145
110190 0.0000002917
110316 0.0000002793
110497 0.0000002628
110666 0.0000002523
110884 0.0000002415
110947 0.0000002351
111008 0.0000002222
111123 0.0000002170
111214 0.0000002072
111283 0.0000001836
111316 0.0000001467
111692 0.0000001425
111869 0.0000001397
111951 0.0000001320
112005 0.0000001217
112072 0.0000001203
112278 0.0000001151
113801 0.0000001059
113935 0.0000001024
114417 0.0000001017
114483 0.0000000936
114786 0.0000000927
115042 0.0000000892
115106 0.0000000845
115156 0.0000000837
115158 0.0000000829
115167 0.0000000802
115213 0.0000000781
115363 0.0000000743
115700 0.0000000682
115816 0.0000000672
115817 0.0000000661
115905 0.0000000637
115944 0.0000000595
115953 0.0000000553
116211 0.0000000531
116217 0.0000000453
116336 0.0000000441
116557 0.0000000389
116921 0.0000000347
116967 0.0000000324
117033 0.0000000301
117329 0.0000000281
117479 0.0000000277
117571 0.0000000262
117579 0.0000000259
117644 0.0000000236
117839 0.0000000236
117930 0.0000000235
118333 0.0000000223
118404 0.0000000193
118554 0.0000000188
118561 0.0000000173
118752 0.0000000160
118909 0.0000000131
119309 0.0000000127
119500 0.0000000121
119535 0.0000000115
119611 0.0000000110
120137 0.0000000108
120267 0.0000000091
120332 0.0000000088
120352 0.0000000085
120502 0.0000000085
120562 0.0000000082
120783 0.0000000079
121045 0.0000000076
121067 0.0000000061
121082 0.0000000059
121499 0.0000000049
122098 0.0000000039
122405 0.0000000034
122699 0.0000000032
122815 0.0000000031
122873 0.0000000029
123130 0.0000000026
123139 0.0000000026
123293 0.0000000022
123556 0.0000000022
123620 0.0000000022
123623 0.0000000022
123712 0.0000000020
123772 0.0000000018
123869 0.0000000016
124326 0.0000000015
124385 0.0000000014
124485 0.0000000012
124516 0.0000000011
124773 0.0000000011
124903 0.0000000011
124929 0.0000000011
125005 0.0000000011
125050 0.0000000009
125129 0.0000000009
125185 0.0000000008
125792 0.0000000008
125860 0.0000000008
125969 0.0000000007
126070 0.0000000007
126221 0.0000000007
126262 0.0000000006
126354 0.0000000006
126367 0.0000000006
126379 0.0000000005
126405 0.0000000005
126444 0.0000000005
126737 0.0000000005
126919 0.0000000004
127081 0.0000000004
127107 0.0000000004
127136 0.0000000004
127201 0.0000000004
127308 0.0000000003
127497 0.0000000003
127538 0.0000000003
127644 0.0000000003
127765 0.0000000003
127934 0.0000000003
127943 0.0000000003
127958 0.0000000003
127972 0.0000000003
128109 0.0000000003
128323 0.0000000002
128620 0.0000000002
128759 0.0000000002
128852 0.0000000002
128944 0.0000000002
129073 0.0000000002
129119 0.0000000002
129208 0.0000000002
129417 0.0000000001
129681 0.0000000001
129779 0.0000000001
129784 0.0000000001
129812 0.0000000001
129850 0.0000000001
129872 0.0000000001
129896 0.0000000001
130090 0.0000000001
130261 0.0000000001
130591 0.0000000001
130602 0.0000000001
130915 0.0000000001
131643 0.0000000001
131663 0.0000000001
131709 0.0000000001
131719 0.0000000001
131792 0.0000000000
131920 0.0000000000
132023 0.0000000000
132168 0.0000000000
132253 0.0000000000
132280 0.0000000000
132309 0.0000000000
132350 0.0000000000
132574 0.0000000000
132582 0.0000000000
132667 0.0000000000
132717 0.0000000000
132800 0.0000000000
132819 0.0000000000
133045 0.0000000000
133121 0.0000000000
133245 0.0000000000
133492 0.0000000000
133548 0.0000000000
133933 0.0000000000
133975 0.0000000000
133983 0.0000000000
133992 0.0000000000
134076 0.0000000000
134164 0.0000000000
134448 0.0000000000
134566 0.0000000000
134730 0.0000000000
134829 0.0000000000
134859 0.0000000000
135250 0.0000000000
135386 0.0000000000
135521 0.0000000000
135677 0.0000000000
136048 0.0000000000
136216 0.0000000000
136382 0.0000000000
136681 0.0000000000
136731 0.0000000000
137047 0.0000000000
137233 0.0000000000
137268 0.0000000000
137344 0.0000000000
137471 0.0000000000
137671 0.0000000000
137835 0.0000000000
137864 0.0000000000
138027 0.0000000000
138283 0.0000000000
138564 0.0000000000
138578 0.0000000000
138828 0.0000000000
139038 0.0000000000
139258 0.0000000000
139423 0.0000000000
139732 0.0000000000
140382 0.0000000000
140656 0.0000000000
141470 0.0000000000
142836 0.0000000000
evaluations raw_y
1 1845868608.5561060905
4 1468879639.1208722591
8 1007381451.8408371210
37 775433531.8139883280
49 561893210.7658671141
88 542879402.3797179461
100 513329923.2547337413
104 508364190.4973434806
109 499285031.6556064487
118 433193792.9424867630
140 399685471.8854290843
146 395339016.7567321658
166 373476979.5858958364
179 370508929.8089239597
221 320107746.5562661290
255 255714744.3705278337
287 217732561.2221248150
307 208724198.5904008448
334 161430002.8398340046
415 148231339.6468952596
452 137360684.6875956357
459 131788926.7552272677
461 118930377.8917574733
481 116562636.7723237872
527 114770225.8294271678
545 98233574.6542007774
580 91711434.4851824939
587 68381796.2118788064
629 51354020.5590763688
754 46011443.5316222087
765 42596825.5106109753
776 41799083.2094587013
796 37357889.9501846358
807 32206246.0199438669
833 30497905.4002982229
871 29454823.3883087821
893 29369866.4161366448
896 26955549.9642975777
903 25241662.3186108805
912 20325698.0166498423
933 17186035.2148755342
971 15391575.8787861578
991 13593235.1994284652
1042 13246804.1128820088
1048 12161039.9271185827
1059 11238612.1064116750
1101 10515220.7430409063
1111 9176367.5408139843
1113 8623793.2370689008
1143 7907935.9571782993
1199 7158295.6224623425
1200 6365650.0119342366
1223 5962130.6369777415
1244 5949672.8874761071
1295 5737375.2326796232
1318 5514400.9585632645
1402 3865111.0352886477
1488 3735423.5091081061
1544 3418308.9497811180
1617 3310787.5270556039
1618 2737558.7601700355
1639 2524338.8885946451
1691 2232309.4445383386
1763 2105358.1995961610
1792 1907458.4047686702
1868 1633896.4373324444
2019 1529263.3154375369
2033 1432566.4012854418
2110 1393093.6496974474
2137 1310120.3214775065
2165 1227446.8148531425
2173 1135588.3804696747
2194 1119630.1731421705
2257 1008792.1538546667
2298 861256.4952400881
2343 672977.1328672718
2382 649336.1532850836
2459 623953.3417043922
2481 620359.9706717564
2486 615963.3940046337
2524 366656.7627264102
2638 340446.9875240945
2690 335155.2161957790
2748 279249.2912088877
2868 230324.3425601002
2973 129264.5539300529
3267 121146.7718112784
3295 75816.9547882691
3536 74963.4428870334
3576 74108.7811071860
3592 72183.9056422848
3621 70279.5375292121
3632 68999.7667569672
3636 63412.8161509689
3680 54776.9633122249
3709 53510.0542847346
3746 52006.6293607278
3816 35064.8779512249
3913 30050.5550789245
4061 25481.0293469645
4072 23441.3185859068
4087 21199.6059692515
4242 20976.8303977069
4268 17634.4772524208
4289 17633.2569841807
4370 12768.0702350189
4507 11144.6314216217
4617 10927.3863384923
4672 10430.5782438297
4675 9866.6763392462
4735 9418.0933283121
4747 9185.7039318695
4748 9099.5052149821
4752 8296.9970382810
4852 8114.3075632541
4862 6463.9086048142
4876 6421.2984127351
4895 6281.5398197066
4933 4408.2053391475
5025 3497.0504735304
5146 2818.4950828039
5343 2678.5068408396
5398 2212.2782775701
5499 1799.2882194504
5514 1509.1719805058
5650 1482.4290660277
5671 1214.7804907590
5771 1158.6767446849
5790 1088.3970109815
5909 1050.2833253221
5958 886.0590072669
5984 840.0960793342
6015 729.5933746063
6036 568.9081845318
6088 418.8829313431
6158 384.7938229851
6408 384.3738032802
6426 383.7813897587
6461 331.9223557222
6481 319.9046399700
6509 319.1459505355
6533 316.6613127094
6541 314.5286791413
6542 303.5698325537
6551 293.9383731313
6560 278.0455293770
6561 273.9744629844
6570 270.6598785939
6571 247.0565210596
6602 240.6099868960
6611 222.4526041826
6625 216.5138535124
6633 155.9511240843
6697 132.6256294414
6731 126.4211648137
6753 126.3148239581
6864 120.2757129415
6883 86.7164292112
6913 86.3539185448
7045 85.8314403484
7060 82.5906601452
7107 74.7279659063
7108 71.2850360199
7178 68.3606721627
7235 65.9492716616
7281 63.4319266443
7283 56.6660721011
7359 54.3616986771
7382 37.9493599059
7480 31.6658068985
7576 28.2592323576
7614 25.6855325410
7692 20.8014881114
7770 19.3653130593
7791 15.8107343331
7872 15.4065935477
7893 15.2774992879
7897 10.6907869199
8056 9.1961901907
8127 8.1619258417
8230 8.0456177850
8263 7.2930535259
8264 6.0090992585
8425 3.4712702766
8615 3.0727645120
8800 2.2000940697
8803 2.1964113443
8870 2.1352259031
8901 1.7740724483
9187 1.5493871042
9213 1.4235366156
9252 1.1410101844
9302 1.0915677446
9316 1.0729232564
9408 0.9577120612
9413 0.8343661314
9488 0.7581366816
9618 0.7064039137
9622 0.7022120336
9627 0.6551357572
9655 0.4830335312
9747 0.4450680326
9800 0.4362118730
9820 0.3611128900
9922 0.3495605271
9955 0.3385406728
9961 0.2489026364
10080 0.1682834594
10384 0.1588673251
10394 0.1398820086
10435 0.1347800333
10463 0.1130397052
10535 0.0862681943
10658 0.0785344506
10726 0.0575260230
10837 0.0520749108
10873 0.0481707112
10926 0.0460550569
10952 0.0392593548
11017 0.0308504891
11159 0.0244670009
11340 0.0239929084
11354 0.0238265849
11362 0.0234848437
11369 0.0223002119
11377 0.0216848307
11384 0.0168449881
11455 0.0144996447
11550 0.0138343854
11562 0.0134621969
11567 0.0121122271
11595 0.0102286380
11640 0.0097835514
11682 0.0086759074
11725 0.0078521654
11749 0.0077501272
11751 0.0074347681
11822 0.0072415599
11830 0.0066276789
11970 0.0056418179
12011 0.0052860030
12012 0.0047236629
12015 0.0044521653
12050 0.0041105033
12094 0.0034647629
12228 0.0032952213
12284 0.0032084999
12289 0.0032042460
12317 0.0023926365
12434 0.0023899419
12454 0.0021696694
12500 0.0018666795
12655 0.0014494100
12756 0.0013691352
12764 0.0013142851
12770 0.0013016863
12804 0.0010183361
12912 0.0009251484
12948 0.0008841087
12984 0.0008190332
13030 0.0007844737
13056 0.0007464608
13152 0.0007458647
13174 0.0007453482
13179 0.0007355299
13193 0.0007205164
13213 0.0005791109
13320 0.0005443083
13321 0.0005256178
13385 0.0005184375
13433 0.0005085001
13439 0.0004664535
13441 0.0004397913
13506 0.0003263593
13525 0.0003096702
13611 0.0002868612
13730 0.0002433165
13856 0.0002257426
13884 0.0002217673
13948 0.0002060260
13977 0.0002049842
14004 0.0001987853
14021 0.0001811250
14026 0.0001715007
14281 0.0001708777
14351 0.0001648840
14390 0.0001551240
14417 0.0001545608
14435 0.0001441668
14518 0.0001381662
14659 0.0001375140
14693 0.0001360180
14722 0.0001349616
14795 0.0001330982
14852 0.0001318144
14887 0.0001314840
14902 0.0001299860
14933 0.0001280778
15039 0.0001265393
15053 0.0001254770
15065 0.0001238164
15204 0.0001237401
15234 0.0001233049
15239 0.0001220417
15348 0.0001214030
15394 0.0001212127
15450 0.0001205887
15468 0.0001204839
15489 0.0001196890
15596 0.0001186560
15705 0.0001183509
15734 0.0001178300
15934 0.0001177576
15988 0.0001176925
16005 0.0001175458
16058 0.0001173852
16102 0.0001173447
16157 0.0001173184
16169 0.0001173115
16185 0.0001171941
16229 0.0001171265
16283 0.0001170974
16287 0.0001170023
16302 0.0001169962
16315 0.0001168902
16317 0.0001167849
16457 0.0001167520
16534 0.0001167387
16562 0.0001167209
16578 0.0001166260
16608 0.0001165899
16655 0.0001165416
16740 0.0001165339
16767 0.0001164875
16844 0.0001164819
16955 0.0001164732
16956 0.0001164705
16961 0.0001164249
17008 0.0001163854
17177 0.0001163771
17179 0.0001163738
17203 0.0001163494
17215 0.0001163339
17310 0.0001163337
17318 0.0001163126
17327 0.0001162829
17426 0.0001162774
17489 0.0001162665
17503 0.0001162442
17626 0.0001162424
17634 0.0001162310
17641 0.0001162254
17667 0.0001162199
17709 0.0001162093
17761 0.0001162068
17816 0.0001162027
17874 0.0001161946
17925 0.0001161875
18006 0.0001161867
18029 0.0001161850
18043 0.0001161849
18087 0.0001161843
18098 0.0001161771
18143 0.0001161743
18298 0.0001161712
18321 0.0001161678
18363 0.0001161671
18369 0.0001161671
18402 0.0001161666
18406 0.0001161665
18445 0.0001161646
18524 0.0001161630
18525 0.0001161622
18705 0.0001161622
18709 0.0001161614
18744 0.0001161610
18763 0.0001161597
18810 0.0001161581
18898 0.0001161579
18970 0.0001161572
19020 0.0001161551
19232 0.0001161550
19244 0.0001161547
19247 0.0001161539
19320 0.0001161538
19431 0.0001161535
19464 0.0001161525
19658 0.0001161519
19835 0.0001161518
19878 0.0001161511
19889 0.0001161510
20021 0.0001161508
20052 0.0001161501
20156 0.0001161500
20181 0.0001161495
20263 0.0001161493
20273 0.0001161491
20459 0.0001161486
20484 0.0001161483
20544 0.0001161481
20803 0.0001161477
20834 0.0001161475
20866 0.0001161465
21042 0.0001161463
21125 0.0001161460
21157 0.0001161454
21499 0.0001161446
21664 0.0001161440
21822 0.0001161433
22085 0.0001161430
22100 0.0001161400
22121 0.0001161391
22252 0.0001161388
22369 0.0001161365
22468 0.0001161362
22470 0.0001161271
22741 0.0001161243
22824 0.0001161215
23175 0.0001161204
23214 0.0001161163
23378 0.0001161131
23392 0.0001161124
23417 0.0001161112
23431 0.0001161094
23478 0.0001161036
23501 0.0001161004
23513 0.0001160929
23815 0.0001160910
24010 0.0001160906
24042 0.0001160870
24178 0.0001160864
24245 0.0001160719
24397 0.0001160589
24446 0.0001160507
24504 0.0001160286
24509 0.0001160158
24683 0.0001159990
24729 0.0001159858
24760 0.0001159834
24850 0.0001159765
24900 0.0001159765
24933 0.0001159572
24941 0.0001159535
25244 0.0001159490
25262 0.0001159162
25445 0.0001158887
25584 0.0001157782
25727 0.0001156949
25954 0.0001156793
25995 0.0001155946
26056 0.0001155136
26391 0.0001154726
26394 0.0001154702
26408 0.0001154629
26436 0.0001153874
26518 0.0001153432
26571 0.0001152971
26593 0.0001152868
26614 0.0001152858
26652 0.0001152631
26689 0.0001152195
26762 0.0001151129
27072 0.0001148214
27215 0.0001146294
27839 0.0001146137
27870 0.0001143879
27913 0.0001133372
27940 0.0001127918
28243 0.0001126763
28254 0.0001121991
28417 0.0001107954
28989 0.0001101644
29177 0.0001082380
29191 0.0001069948
29379 0.0001046046
29428 0.0001040915
30021 0.0000996540
30034 0.0000973220
30136 0.0000916492
30278 0.0000883996
30414 0.0000866147
30540 0.0000858437
30599 0.0000837704
30680 0.0000801282
30850 0.0000792410
30912 0.0000785766
30914 0.0000780571
30932 0.0000769056
30957 0.0000766771
31082 0.0000765375
31122 0.0000763868
31124 0.0000759219
31126 0.0000752501
31184 0.0000747753
31194 0.0000707764
31405 0.0000704222
31414 0.0000699170
31484 0.0000664982
31501 0.0000627494
31742 0.0000614384
31843 0.0000604422
31853 0.0000591978
32126 0.0000575560
32149 0.0000543337
32483 0.0000518523
32526 0.0000514235
32591 0.0000508267
32686 0.0000501563
32735 0.0000464272
32867 0.0000457589
32985 0.0000445304
33126 0.0000432741
33233 0.0000414639
33570 0.0000410318
33622 0.0000401510
33658 0.0000394605
33659 0.0000392579
33726 0.0000386398
33808 0.0000384833
33809 0.0000382464
33812 0.0000374459
33878 0.0000373856
33950 0.0000368219
33978 0.0000367745
34076 0.0000346173
34243 0.0000341979
34248 0.0000319089
34387 0.0000316397
34426 0.0000308242
34456 0.0000286393
34749 0.0000285233
34755 0.0000279573
34947 0.0000275919
34953 0.0000275844
34990 0.0000271943
35062 0.0000267968
35110 0.0000266857
35173 0.0000245018
35284 0.0000236524
35383 0.0000230585
35400 0.0000221267
35495 0.0000220318
35505 0.0000205805
35549 0.0000199049
35851 0.0000195366
36023 0.0000182081
36222 0.0000163952
36549 0.0000156566
36668 0.0000154120
36699 0.0000152880
36821 0.0000136565
36858 0.0000135965
37085 0.0000131130
37147 0.0000119445
37242 0.0000115928
37333 0.0000113163
37605 0.0000108624
37690 0.0000104580
37712 0.0000099874
37741 0.0000097368
37817 0.0000096616
37852 0.0000096011
37932 0.0000087465
37985 0.0000083444
38016 0.0000083434
38062 0.0000080118
38146 0.0000073619
38205 0.0000071866
38436 0.0000070445
38538 0.0000064164
38800 0.0000059592
38877 0.0000058912
39012 0.0000058717
39051 0.0000057298
39077 0.0000056501
39122 0.0000056118
39131 0.0000055889
39221 0.0000055322
39229 0.0000055192
39235 0.0000050773
39284 0.0000050610
39312 0.0000049643
39435 0.0000047485
39490 0.0000047173
39584 0.0000046221
39751 0.0000045761
39786 0.0000042840
39928 0.0000040154
39979 0.0000039168
40119 0.0000037896
40265 0.0000035815
40515 0.0000035530
40535 0.0000034893
40632 0.0000031854
40872 0.0000030552
40977 0.0000026867
41154 0.0000026661
41269 0.0000024347
41569 0.0000023101
41788 0.0000022989
41802 0.0000022232
41836 0.0000021024
41927 0.0000020966
42010 0.0000020923
42020 0.0000020381
42050 0.0000017821
42359 0.0000017679
42412 0.0000017022
42460 0.0000016201
42819 0.0000015712
43013 0.0000015660
43045 0.0000014724
43137 0.0000014341
43320 0.0000014106
43331 0.0000014010
43378 0.0000013803
43381 0.0000012763
43536 0.0000012380
43559 0.0000011371
43835 0.0000011273
43868 0.0000010972
44090 0.0000010405
44132 0.0000010377
44228 0.0000009794
44280 0.0000009419
44322 0.0000009402
44366 0.0000009193
44406 0.0000008867
44440 0.0000008817
44518 0.0000008654
44836 0.0000007794
45051 0.0000007691
45137 0.0000007602
45200 0.0000007510
45223 0.0000006604
45425 0.0000006455
45459 0.0000005476
45841 0.0000005385
45888 0.0000005063
45904 0.0000005044
45959 0.0000004998
45974 0.0000004695
46104 0.0000004410
46146 0.0000004054
46382 0.0000003823
46625 0.0000003685
46646 0.0000003511
46664 0.0000003280
46760 0.0000003277
46766 0.0000002958
46800 0.0000002825
46917 0.0000002682
46948 0.0000002274
47366 0.0000002218
47380 0.0000002022
47384 0.0000001813
48310 0.0000001671
48319 0.0000001471
48413 0.0000001394
48650 0.0000001368
48784 0.0000001342
48812 0.0000001299
48832 0.0000001185
48880 0.0000001165
48927 0.0000001072
48928 0.0000001029
48940 0.0000000990
49087 0.0000000954
49249 0.0000000916
49314 0.0000000842
49392 0.0000000807
49494 0.0000000741
49684 0.0000000683
49721 0.0000000666
49771 0.0000000658
49795 0.0000000604
49885 0.0000000584
50064 0.0000000560
50108 0.0000000459
50397 0.0000000437
50437 0.0000000426
50454 0.0000000416
50570 0.0000000375
50692 0.0000000312
51076 0.0000000249
51513 0.0000000248
51565 0.0000000240
51602 0.0000000233
51625 0.0000000227
52041 0.0000000214
52045 0.0000000209
52110 0.0000000197
52248 0.0000000174
52307 0.0000000173
52316 0.0000000169
52356 0.0000000161
52394 0.0000000148
52733 0.0000000136
52881 0.0000000116
52918 0.0000000109
53081 0.0000000106
53138 0.0000000100
53252 0.0000000067
53928 0.0000000060
54072 0.0000000054
54130 0.0000000050
54270 0.0000000050
54308 0.0000000041
54585 0.0000000039
54623 0.0000000038
54892 0.0000000037
54895 0.0000000035
54906 0.0000000035
54909 0.0000000033
54998 0.0000000032
55002 0.0000000032
55059 0.0000000030
55141 0.0000000028
55529 0.0000000027
55577 0.0000000021
55875 0.0000000018
55882 0.0000000016
56685 0.0000000016
56786 0.0000000015
56793 0.0000000015
56840 0.0000000015
56858 0.0000000012
56912 0.0000000012
56917 0.0000000012
57097 0.0000000011
57137 0.0000000009
57309 0.0000000009
57995 0.0000000008
58125 0.0000000007
58299 0.0000000006
58772 0.0000000006
58854 0.0000000005
59174 0.0000000005
59207 0.0000000004
59311 0.0000000004
59392 0.0000000004
59480 0.0000000004
59545 0.0000000003
59653 0.0000000003
59835 0.0000000003
59846 0.0000000003
59881 0.0000000003
60344 0.0000000003
60468 0.0000000002
60522 0.0000000002
60556 0.0000000002
60596 0.0000000002
60707 0.0000000002
60709 0.0000000002
60767 0.0000000002
60826 0.0000000002
60828 0.0000000002
60958 0.0000000001
61011 0.0000000001
61029 0.0000000001
61208 0.0000000001
61389 0.0000000001
61657 0.0000000001
61738 0.0000000001
62110 0.0000000000
62442 0.0000000000
62595 0.0000000000
62620 0.0000000000
62870 0.0000000000
63221 0.0000000000
63393 0.0000000000
63461 0.0000000000
63531 0.0000000000
63807 0.0000000000
63858 0.0000000000
64235 0.0000000000
64364 0.0000000000
64390 0.0000000000
64415 0.0000000000
64711 0.0000000000
64838 0.0000000000
65062 0.0000000000
65255 0.0000000000
65340 0.0000000000
65347 0.0000000000
65460 0.0000000000
65515 0.0000000000
66032 0.0000000000
66135 0.0000000000
66152 0.0000000000
66188 0.0000000000
66193 0.0000000000
66544 0.0000000000
66756 0.0000000000
66955 0.0000000000
67020 0.0000000000
67057 0.0000000000
67062 0.0000000000
67220 0.0000000000
67298 0.0000000000
67312 0.0000000000
67338 0.0000000000
67445 0.0000000000
67485 0.0000000000
67581 0.0000000000
67804 0.0000000000
68094 0.0000000000
68490 0.0000000000
68673 0.0000000000
68916 0.0000000000
69020 0.0000000000
69159 0.0000000000
69239 0.0000000000
69548 0.0000000000
69819 0.0000000000
69923 0.0000000000
69976 0.0000000000
70163 0.0000000000
70207 0.0000000000
70656 0.0000000000
70698 0.0000000000
71150 0.0000000000
71688 0.0000000000
72922 0.0000000000
evaluations raw_y
1 4008088723.6391363144
4 3720363317.3738570213
13 2793833533.3195300102
23 1646142541.3474261761
43 928862911.1058970690
67 892770184.1336345673
85 620548355.1016538143
128 564403274.2739129066
134 545134356.9800597429
144 543509298.2842471600
145 485723558.7977631092
171 410484981.0436591506
178 333315522.7792346478
192 302813292.3387393951
243 285669155.3521595597
254 274113655.3086763024
258 259745139.3099121153
265 251361740.9053688049
270 228073846.1492695510
272 189517722.6012863517
336 164056059.8595122695
384 163407461.8885265887
392 146486393.5810964406
414 118409574.3187154084
421 113526666.7325356156
434 111975755.8842893988
520 105395131.0107101053
568 96361013.5819215477
583 82628732.1475989074
625 70362967.2777017802
626 64647842.6645029187
645 64035404.1433208212
647 59716952.7152867243
672 57746403.7693534866
673 51155305.6786905602
678 46609186.2090858966
681 45119014.9113068283
746 43009999.3139758185
770 37492100.0989565179
781 33440780.1478881314
791 28095971.9440889172
835 27530950.6492337212
840 17648537.8665729798
960 17270126.4161683060
985 15476351.1465230789
990 13482247.4865957163
1011 12570742.7476075646
1036 10089318.8839932345
1097 10050259.2890790720
1117 9301183.2153860163
1124 9229146.7056941409
1126 8350600.0406350764
1156 6888229.6459294809
1177 6410774.3573648157
1189 5462013.8761839354
1282 5446657.8970158370
1287 4971075.3949442236
1346 3841258.2095913063
1562 3488313.8328329213
1631 3132303.1266496805
1700 2853128.7318118624
1706 2506380.2138002622
1808 2131021.5078649251
1826 2123027.3244481916
1855 1438953.0552580785
2114 1227817.6666215030
2188 1045256.3587431388
2336 1002154.1689614861
2387 987770.2216999175
2394 641819.4800351029
2464 604115.3090949046
2532 538285.8847767197
2641 512569.4514150923
2691 421610.8017495706
2762 356705.5051883229
2827 342571.1260396493
2940 307800.7918646984
2979 300231.6931985941
2999 278826.6712455350
3021 261693.6967579040
3061 222279.1715366922
3115 176180.2055160778
3183 172965.3667971968
3201 162263.5361807793
3226 125773.5842504895
3277 114438.3398350549
3391 102641.0257795543
3463 90314.0614692560
3508 67219.4983866613
3699 63387.6046739898
3706 62601.2475347440
3736 53623.7980915439
3740 51831.3212944856
3811 51556.1797440086
3834 48927.1807169685
3835 39835.6839726020
3928 26191.9799304534
4034 24687.5857977272
4085 24123.9605239010
4169 24002.0389811845
4210 20360.0795663869
4268 17417.7677022918
4363 16788.1784735057
4534 16180.2347998862
4545 15837.0545644727
4554 9986.2039706607
4663 9147.0667305719
4692 7965.7103401772
4774 7200.4873318182
4827 5478.3503317438
5050 4876.4878693519
5057 4422.6782840771
5091 4033.1910725798
5097 3469.2358190684
5103 3461.6518429430
5170 3178.0012705159
5225 2816.4782526133
5295 2794.9163293301
5303 2714.9408722569
5336 2514.6356321563
5377 2260.4118804639
5452 2059.7368526384
5453 1578.9548084890
5473 1480.2540262370
5637 1440.1498790968
5651 1164.4978164488
5771 1160.9502161209
5809 904.8864488767
5875 891.1372480751
6023 775.5606685168
6026 743.1405611184
6034 736.3552825553
6088 623.3711642223
6160 602.4025782729
6184 591.3973092481
6225 459.0714790463
6276 437.8113752523
6299 359.4086855974
6345 269.4455744937
6572 238.3764407855
6606 224.2914482687
6653 216.7277635647
6694 209.2747702889
6743 169.8185547273
6799 164.2584476505
6868 160.9131943272
6871 151.0397782366
6885 129.9153507800
6981 121.9864996272
7009 121.2929668705
7023 102.6205266790
7071 99.1347704979
7091 80.1354804315
7115 63.5206363502
7208 57.8784873908
7441 55.4941820201
7445 50.4526417408
7447 45.4345196897
7684 45.0516671172
7685 43.7471280955
7713 42.7816762254
7727 39.2206948026
7746 34.5980042169
7748 34.5221589485
7752 34.1017953055
7872 33.7124652782
7873 32.8592127088
7876 29.7995232327
7900 29.0038890279
7959 27.6767665296
7969 23.3484926383
8027 23.2129723597
8090 22.6773255789
8104 21.1923148995
8172 19.0682131278
8243 17.6475936757
8350 16.9397204002
8365 16.7565639628
8417 13.9559515661
8419 12.6828584272
8621 12.5299078097
8702 12.4403605656
8712 12.4302245042
8737 12.1253957590
8749 11.1282135078
8899 10.7917981663
8975 10.6632126153
9008 10.3918772836
9065 10.3116164312
9104 9.8087091966
9139 9.4809534596
9315 9.4149902884
9410 9.3830453850
9477 9.2925743303
9496 9.1894867367
9739 9.1104564047
9788 9.1056875948
9791 9.0467533824
9862 9.0265568423
9915 8.9939910302
9954 8.8457479752
10172 8.8293120405
10180 8.8104463936
10215 8.8026119692
10221 8.7933013598
10254 8.7836308707
10326 8.7682378466
10365 8.7517975264
10395 8.7489320742
10430 8.7055699948
10483 8.6974614422
10484 8.6963482595
10512 8.6792226049
10574 8.6572602684
10657 8.6211329648
10880 8.6200513383
10929 8.6108287955
10940 8.6024309861
10967 8.5995901112
10968 8.5961360718
10988 8.5909198637
11194 8.5881426021
11213 8.5871432247
11215 8.5864530209
11223 8.5793829390
11257 8.5788414283
11273 8.5786046342
11281 8.5696370370
11358 8.5647610999
11413 8.5612286962
11548 8.5603365103
11557 8.5589817523
11604 8.5583123818
11627 8.5571028843
11826 8.5540680508
11930 8.5514280676
12033 8.5512204698
12073 8.5505041165
12086 8.5495435390
12199 8.5489728904
12213 8.5483177213
12261 8.5481426484
12271 8.5479614448
12289 8.5476672127
12329 8.5472041090
12413 8.5466977371
12476 8.5464119934
12584 8.5461104265
12595 8.5458960084
12642 8.5456700350
12656 8.5456080221
12664 8.5456014870
12697 8.5455761286
12708 8.5455371429
12713 8.5448666547
12851 8.5448070799
12858 8.5446270648
12946 8.5446205017
12967 8.5444408971
13001 8.5440458325
13101 8.5440413562
13166 8.5438618685
13241 8.5437874750
13284 8.5435953781
13565 8.5434942316
13617 8.5434839940
13650 8.5434091813
13755 8.5433945484
13818 8.5433765988
13874 8.5433022188
13947 8.5432161438
14030 8.5431799884
14114 8.5431690002
14152 8.5430928386
14284 8.5430891723
14315 8.5430439753
14328 8.5429891894
14556 8.5429656580
14591 8.5429622689
14654 8.5429597153
14706 8.5429426799
14727 8.5429413978
14729 8.5429316585
14732 8.5429257176
14749 8.5429014300
14776 8.5428941595
14850 8.5428151767
15008 8.5428005936
15124 8.5427950251
15195 8.5427812096
15242 8.5427685399
15596 8.5427046588
15609 8.5426398543
15789 8.5426218300
15808 8.5426213580
15851 8.5425358796
16158 8.5425193508
16201 8.5423450681
16289 8.5423149099
16313 8.5423057391
16340 8.5422301231
16448 8.5420709541
16561 8.5419835839
16591 8.5417658478
17397 8.5416896246
17457 8.5416181306
17717 8.5414070694
17822 8.5408017109
17833 8.5405793118
17977 8.5400416883
18074 8.5399522064
18180 8.5396511419
18184 8.5394298004
18272 8.5392516178
18353 8.5381446157
18516 8.5374410852
18536 8.5366146850
18660 8.5365387971
18685 8.5363147848
18689 8.5358499166
18696 8.5358445983
18732 8.5346177162
18778 8.5345123196
18839 8.5343375926
18914 8.5336271258
18922 8.5324339881
19101 8.5310687060
19472 8.5304591157
19622 8.5302278859
19698 8.5289788059
19710 8.5272085973
19826 8.5267504994
19860 8.5234561407
20501 8.5151858142
20737 8.5123698361
20755 8.5081607401
20913 8.5075988844
20963 8.5074509989
21018 8.5063677150
21056 8.5050509663
21059 8.4998608179
21109 8.4976379898
21114 8.4963054230
21148 8.4962896162
21186 8.4951593522
21287 8.4932020563
21303 8.4886487128
21318 8.4851775874
21463 8.4798122486
21675 8.4770253936
21805 8.4746990452
21860 8.4744810666
21886 8.4734150755
21915 8.4727404055
21932 8.4650903556
22104 8.4549438163
22250 8.4501184603
22260 8.4409312010
22268 8.4387497503
22443 8.4328782798
22451 8.4294420260
22525 8.4193125726
22573 8.3998063228
22741 8.3713997063
23136 8.3666393378
23269 8.3101855510
23277 8.2896293966
23631 8.2814376606
23649 8.1570239756
24004 8.0378715121
24226 7.9340579045
24489 7.8932055118
24658 7.7776130015
24834 7.7384855843
24996 7.6594020656
25237 7.6407668972
25240 7.5943954311
25436 7.5940237832
25462 7.5439955612
25478 7.4499360995
25609 7.3138500365
25777 7.2740695501
25925 7.2608221535
25927 7.1561976317
26046 7.1341058335
26084 7.0884449230
26120 6.8407625046
26319 6.8254393273
26362 6.7474164665
26509 6.6872382745
26609 6.6400104601
26703 6.6223684418
26843 6.5314856673
27184 6.5109777731
27207 6.5026861043
27406 6.4428784657
27418 6.4294105312
27490 6.3950076414
27589 6.3666439347
27612 6.3466621051
27693 6.3243359830
27723 6.2664088819
27816 6.2015504353
27859 6.1791532435
27897 6.1789743066
27911 6.1336597462
27912 6.0352783932
27996 6.0131502876
28161 5.9912504526
28222 5.9906267317
28256 5.9205221105
28728 5.9131600557
28974 5.8945878264
28991 5.8422908397
29035 5.8171012238
29081 5.7841586410
29096 5.7215616077
29234 5.6321236298
29541 5.4774218827
29827 5.4630424069
29873 5.4250762699
29891 5.4234225398
29949 5.4010114263
29983 5.2946882422
30066 5.2900839865
30290 5.2549813250
30322 5.2223837814
30381 5.2194583954
30399 5.1574684052
30515 5.1240537760
30578 5.1094236235
30581 5.0780158994
30738 5.0617603820
30857 5.0185216504
30900 5.0165101935
30932 5.0043673081
30967 4.9575476190
31024 4.9222649939
31105 4.8930991888
31227 4.8608986328
31253 4.8045962979
31329 4.7860319674
31556 4.7534161641
31674 4.7133632686
31804 4.7055243768
31832 4.6922247250
31901 4.6112940182
32043 4.6109097081
32101 4.5634405660
32135 4.5271568771
32195 4.4981615567
32238 4.4643263353
32295 4.4501907189
32305 4.4284784191
32535 4.3701073495
32694 4.3037646671
32967 4.2316915911
33089 4.1868791617
33176 4.1702409309
33315 4.1492862439
33452 4.1446356620
33492 4.0786278414
33595 4.0588899128
33598 4.0502483876
33752 4.0502085989
33809 4.0126126215
33832 4.0105490081
33870 3.9771777706
33904 3.9617725471
33950 3.9486546743
33967 3.9339075437
33976 3.8815555132
34125 3.8665839223
34168 3.8616700552
34171 3.8215782009
34429 3.8173490460
34477 3.8154578292
34482 3.8078010511
34489 3.7971642973
34545 3.7652352459
34606 3.7110034629
34686 3.6085483199
35008 3.6015155730
35188 3.5909867174
35211 3.5857046790
35246 3.4677873847
35313 3.4449574732
35393 3.4369268473
35426 3.2941208020
36062 3.2930797666
36066 3.2684311294
36137 3.2264281759
36235 3.2162705933
36251 3.1902053041
36536 3.1399251801
36612 3.1171149600
36698 3.0558380443
36987 3.0352176488
37067 3.0338747005
37118 2.9723102242
37195 2.8990168540
37320 2.8958625626
37405 2.8218687948
37721 2.7868743141
37759 2.7756837819
38019 2.7266774782
38159 2.6905522178
38237 2.6766493265
38261 2.6369307614
38366 2.5781150176
39074 2.5770860547
39124 2.5755919882
39163 2.5631214341
39174 2.5220014111
39211 2.4841040228
39360 2.4535687196
39807 2.3462727200
39881 2.2828825730
40190 2.2660962641
40246 2.2552922098
40456 2.2033124616
40558 2.1715108205
40569 2.1311311130
40685 2.1262064121
40691 2.0940573348
41027 2.0654904886
41245 1.9902959366
41333 1.9352123916
41441 1.9278608239
41606 1.9084501823
41668 1.8809265847
42011 1.8777609640
42017 1.8691684417
42078 1.8638306780
42116 1.8625971464
42121 1.7514432095
42733 1.7302635550
42813 1.7051079066
42968 1.6890030290
43086 1.6779718575
43205 1.6561205718
43273 1.6509981714
43353 1.6508967626
43462 1.6377534999
43530 1.6293473388
43711 1.6147072704
43716 1.5961768479
43781 1.5592237140
44168 1.5367479736
44259 1.5030634401
44481 1.4978055144
44552 1.4935845292
44724 1.4817710719
44761 1.4786773310
44769 1.4705798903
44787 1.4646809414
44877 1.4493008839
45115 1.4433590842
45119 1.4289277369
45158 1.4212410344
45185 1.4158347245
45389 1.4013637660
45453 1.3732033105
45987 1.3692454711
46034 1.3375474693
46186 1.3283382863
46314 1.3228256768
46388 1.3084090602
46423 1.3010355227
46538 1.2832807239
46591 1.2809595080
46609 1.2725407386
46610 1.2690287422
46630 1.2678400190
46667 1.2621202377
46741 1.2196914328
47158 1.2086054616
47226 1.2056839034
47405 1.2030469312
47551 1.1870273455
47609 1.1771399246
47630 1.1598240831
47708 1.1589906595
47999 1.1520679812
48031 1.1174866021
48329 1.0975687421
48462 1.0975414393
48641 1.0967063864
48653 1.0857726845
48817 1.0852384371
48822 1.0742428456
48918 1.0648188746
48952 1.0568414000
48957 1.0509678661
49062 1.0388858218
49075 1.0227928330
49165 1.0162951918
49206 1.0094954208
49465 0.9995745812
49645 0.9834983604
49695 0.9644400751
50144 0.9462192868
50249 0.9190647721
50452 0.9023743348
50565 0.8812748820
50694 0.8780979361
50778 0.8766092705
50873 0.8666961700
50914 0.8586987545
50941 0.8573062226
50945 0.8540915381
51252 0.8352893021
51425 0.8195824657
51594 0.8167430534
51648 0.7980550185
51811 0.7976454774
51897 0.7878004172
52202 0.7769429622
52233 0.7740987125
52476 0.7674636763
52483 0.7613566876
52610 0.7538679020
52647 0.7526713178
52681 0.7484797794
52813 0.7321133181
53022 0.7213682630
53063 0.7188557441
53167 0.6793273038
53335 0.6774771264
53711 0.6709684153
53819 0.6676372232
53833 0.6606671702
53985 0.6574910418
54023 0.6560130796
54060 0.6383418458
54285 0.6151175906
54397 0.6117916035
54949 0.6000421444
55026 0.5979878420
55112 0.5920060767
55127 0.5850754439
55162 0.5729548737
55230 0.5609746862
55391 0.5601055867
55506 0.5515763214
55685 0.5485828736
55701 0.5326147812
55751 0.5261085005
55836 0.5259118397
55968 0.5143695223
56516 0.5122647605
56549 0.5098119332
56594 0.5084095884
56595 0.5022921127
56644 0.5021407395
56711 0.4998769826
56722 0.4819745464
56815 0.4774903248
57065 0.4707591711
57690 0.4685225288
57838 0.4555114687
57893 0.4496050860
58108 0.4440254955
58159 0.4397600807
58177 0.4392887293
58309 0.4329067505
58382 0.4306004717
58416 0.4200816249
58471 0.4139647155
58922 0.4134537531
58966 0.4119052326
59186 0.3961322752
59374 0.3961293003
59400 0.3878877858
59731 0.3750982823
60004 0.3676511863
60198 0.3635885480
60339 0.3605647491
60644 0.3589649086
60760 0.3564938225
60893 0.3529372483
60903 0.3482774616
60960 0.3469023680
60981 0.3453023362
61016 0.3436318100
61057 0.3380497889
61196 0.3376450886
61198 0.3350758678
61222 0.3339240968
61367 0.3331726361
61391 0.3285823102
61400 0.3199211264
61938 0.3194931536
62020 0.3180784092
62064 0.3122922355
62117 0.3098855078
62163 0.3080114702
62195 0.3016602377
62254 0.3014495719
62327 0.2966723714
62352 0.2912132366
62424 0.2885034583
62518 0.2860197673
62578 0.2849508441
62590 0.2819005428
62692 0.2808810797
62753 0.2685944603
63164 0.2586622521
63413 0.2528325462
63719 0.2517052694
63771 0.2493263284
63785 0.2492562891
63804 0.2489569848
63824 0.2481238624
63847 0.2441926997
63891 0.2429728266
63977 0.2361664850
64462 0.2351858728
64543 0.2339473814
64636 0.2304749724
64692 0.2298156928
64717 0.2271098399
64761 0.2233486144
65012 0.2225892762
65085 0.2223246168
65199 0.2195600322
65233 0.2175092538
65255 0.2145142769
65276 0.2127894926
65417 0.2120139563
65477 0.2110365232
65483 0.2094105781
65494 0.2084247974
65598 0.2021681049
65692 0.2011137302
65972 0.1999463440
66155 0.1970602680
66237 0.1954578459
66615 0.1933877917
66645 0.1915662665
66741 0.1888796355
66798 0.1878916857
67066 0.1871464597
67184 0.1866134828
67199 0.1844264918
67261 0.1826560552
67320 0.1792072654
67406 0.1770180471
67469 0.1754879318
67615 0.1750925580
67657 0.1749424277
67767 0.1732595302
67847 0.1717184693
67899 0.1690768312
67971 0.1661528743
68107 0.1654285675
68147 0.1636101113
68184 0.1602228692
68204 0.1582234583
68347 0.1572741225
68545 0.1567975746
68627 0.1554444765
68643 0.1540375648
68843 0.1539515086
68952 0.1535976952
68963 0.1513405046
69022 0.1452158969
69252 0.1365135645
69600 0.1343446676
69970 0.1337550137
70166 0.1305799004
70289 0.1281934195
70315 0.1242265769
70688 0.1148848411
71382 0.1126214880
71550 0.1106758367
71668 0.1100647956
71670 0.1069617202
71780 0.1067958852
71847 0.1030282430
71984 0.1025176898
72022 0.0951283874
72501 0.0854500604
73163 0.0849890535
73196 0.0835097528
73227 0.0800233703
73234 0.0794274553
73598 0.0770459150
73744 0.0756119945
73810 0.0749787583
73811 0.0737474357
73862 0.0733482676
73972 0.0725016037
74308 0.0723356550
74324 0.0695688389
74328 0.0692089003
74380 0.0680574505
74403 0.0639033394
74717 0.0637493102
74778 0.0630088521
74871 0.0611442418
75070 0.0602894970
75381 0.0574537805
75424 0.0574058534
75651 0.0549118186
75879 0.0539749353
75999 0.0537936723
76242 0.0534726347
76297 0.0523441539
76436 0.0520392497
76449 0.0518688771
76465 0.0518235125
76504 0.0503595224
76518 0.0502777112
76562 0.0500276808
76663 0.0485737611
76749 0.0469496105
76989 0.0454893042
77402 0.0452833064
77409 0.0445684155
77451 0.0444201595
77544 0.0440289955
77596 0.0439877369
77597 0.0438075853
77599 0.0431574789
77668 0.0427316543
77698 0.0420800042
77704 0.0416499484
77739 0.0414639784
77881 0.0411866284
77908 0.0411783421
78122 0.0393544533
78458 0.0379902155
79105 0.0372070243
79419 0.0362350856
79489 0.0354618097
79523 0.0352661463
79634 0.0341036704
79644 0.0337088787
79982 0.0329371491
80017 0.0325900603
80084 0.0324096383
80178 0.0323939264
80209 0.0318588919
80223 0.0317860453
80508 0.0313507664
80516 0.0308707531
80561 0.0288641735
81149 0.0283150075
81360 0.0279292264
81398 0.0275683132
81410 0.0268242285
81552 0.0264599806
81633 0.0259610327
81686 0.0257121297
81828 0.0256221597
82031 0.0250248858
82047 0.0248755738
82056 0.0243151223
82204 0.0242035110
82258 0.0233021074
82276 0.0230862571
82400 0.0229297391
82472 0.0228420457
82526 0.0225313518
82542 0.0224981042
82598 0.0208159163
82631 0.0206312885
82996 0.0205936645
83023 0.0195811268
83399 0.0195582579
83408 0.0179573472
83706 0.0176473105
84021 0.0176414985
84080 0.0173408701
84123 0.0173036386
84262 0.0172832852
84349 0.0172425247
84369 0.0166628313
84445 0.0164228636
84664 0.0162075441
85023 0.0157464008
85190 0.0151125095
85729 0.0143945983
85745 0.0143352788
85815 0.0136499404
85966 0.0135254728
86020 0.0131635654
86134 0.0130758156
86136 0.0116662966
86357 0.0115240622
86557 0.0115236984
86598 0.0108858710
86944 0.0107381277
87127 0.0106685041
87144 0.0098179684
87512 0.0093110674
87650 0.0086720859
88319 0.0085517131
88618 0.0085165558
88888 0.0085022973
89031 0.0082437198
89173 0.0076096768
89293 0.0070662931
89834 0.0069245586
89880 0.0068415049
89930 0.0066170977
89959 0.0065933691
90027 0.0061278552
90208 0.0061044014
90303 0.0057982166
90528 0.0057684413
90550 0.0056958339
90575 0.0053969790
90790 0.0053931375
90930 0.0052584923
91028 0.0052304058
91031 0.0051990550
91160 0.0051505846
91264 0.0050740183
91294 0.0050359780
91344 0.0050358885
91354 0.0049429875
91504 0.0048243291
91536 0.0045300404
91734 0.0044995220
91738 0.0044683691
91740 0.0044633942
91741 0.0044254843
91792 0.0042453993
91889 0.0041900280
91943 0.0039787664
92494 0.0039572404
92523 0.0038836876
92736 0.0038461640
92887 0.0037768436
92949 0.0037759320
93031 0.0036316345
93278 0.0036221353
93289 0.0036203117
93354 0.0036101121
93357 0.0035431273
93571 0.0035179765
93610 0.0033612257
93625 0.0033492956
93722 0.0033263927
93750 0.0032427117
93859 0.0031240606
94007 0.0030811846
94179 0.0030420810
94253 0.0030024647
94382 0.0029866469
94414 0.0029711380
94467 0.0029546319
94477 0.0028956224
94547 0.0028801912
94704 0.0028488070
94711 0.0028307275
94728 0.0027766341
94837 0.0027306306
94905 0.0026958177
94912 0.0026936992
94934 0.0026484422
94982 0.0026468424
95078 0.0026058852
95100 0.0025175656
95333 0.0024302443
95653 0.0024006197
95745 0.0023482174
95777 0.0023139906
96007 0.0022236187
96326 0.0021485813
96497 0.0021101582
96810 0.0019324404
97276 0.0018913789
97294 0.0018887465
97352 0.0017840333
97395 0.0017606896
97583 0.0017530390
97626 0.0016779084
97698 0.0016484090
97764 0.0015974805
98032 0.0015672883
98266 0.0015095664
98300 0.0015005931
98355 0.0014634654
98772 0.0013477343
99076 0.0013214170
99266 0.0012374547
99446 0.0011867532
99643 0.0011828545
99706 0.0011762293
99725 0.0011355372
99844 0.0011267918
99866 0.0010994321
100179 0.0010826597
100382 0.0010482679
100860 0.0009866147
100999 0.0009411378
101167 0.0009310426
101242 0.0009106074
101329 0.0009072195
101412 0.0008513159
101499 0.0008188760
101966 0.0008104021
102019 0.0007644551
102849 0.0007471687
102922 0.0007406684
102985 0.0007335926
103024 0.0007194612
103029 0.0007089065
103148 0.0006998394
103204 0.0006846111
103341 0.0006712195
103365 0.0006675220
103370 0.0006548938
103463 0.0006311925
103634 0.0006093039
103933 0.0005811805
104052 0.0005777276
104117 0.0005588928
104186 0.0005051328
104280 0.0004909398
104394 0.0004654166
104714 0.0004414525
104992 0.0004392565
105018 0.0004223215
105252 0.0004214360
105402 0.0004040248
105573 0.0004028489
105796 0.0003971190
106002 0.0003970852
106006 0.0003913498
106026 0.0003624341
106405 0.0003541118
106726 0.0003450067
106779 0.0003420236
107140 0.0003248662
107232 0.0003093056
107478 0.0002861122
107549 0.0002845551
108084 0.0002792083
108089 0.0002775492
108092 0.0002762419
108139 0.0002642531
108256 0.0002575189
108292 0.0002553169
108410 0.0002495739
108441 0.0002369034
108447 0.0002366592
108617 0.0002222322
108755 0.0002067887
109780 0.0002058299
109856 0.0001924353
110151 0.0001886183
110277 0.0001807633
110417 0.0001665598
111297 0.0001636615
111325 0.0001571515
111579 0.0001560651
111593 0.0001552313
111594 0.0001450366
111631 0.0001419455
111751 0.0001410571
111899 0.0001299861
112110 0.0001275667
112287 0.0001164532
112740 0.0001069945
113188 0.0001063781
113340 0.0001042867
113360 0.0001039279
113506 0.0001035026
113528 0.0001033264
113559 0.0001011595
113579 0.0000985775
113603 0.0000951299
113744 0.0000946885
113832 0.0000938003
113855 0.0000933552
113857 0.0000927557
113896 0.0000891028
113938 0.0000890396
114332 0.0000886745
114425 0.0000879721
114459 0.0000826583
114675 0.0000790975
114734 0.0000756435
114787 0.0000691037
115394 0.0000679216
115474 0.0000675599
115665 0.0000670234
115806 0.0000663505
115951 0.0000650016
116134 0.0000607155
116180 0.0000589436
116615 0.0000584139
116647 0.0000563198
116667 0.0000557369
116783 0.0000520516
117266 0.0000513102
117386 0.0000500540
117393 0.0000496988
117558 0.0000483981
117701 0.0000478200
117803 0.0000469019
117813 0.0000463897
118012 0.0000462534
118016 0.0000438151
118044 0.0000435990
118071 0.0000428592
118137 0.0000424292
118186 0.0000419618
118749 0.0000411807
119088 0.0000406983
119195 0.0000379198
119356 0.0000358318
119646 0.0000350993
119878 0.0000348345
119881 0.0000341862
119959 0.0000340025
120098 0.0000332795
120122 0.0000329049
120157 0.0000321324
120205 0.0000311720
120271 0.0000307917
120285 0.0000298355
120341 0.0000295524
120354 0.0000287635
120489 0.0000282577
120530 0.0000280773
120550 0.0000268355
120560 0.0000262159
120635 0.0000262096
120824 0.0000255786
120890 0.0000246755
120958 0.0000244518
120965 0.0000243897
120977 0.0000242238
121077 0.0000218254
121307 0.0000211310
121545 0.0000202761
121868 0.0000202379
121961 0.0000176270
122854 0.0000171687
123159 0.0000160325
123201 0.0000157211
123281 0.0000155951
123377 0.0000150945
123424 0.0000146382
123506 0.0000144585
123531 0.0000137266
123896 0.0000136383
123978 0.0000130039
124487 0.0000126884
124503 0.0000120719
124732 0.0000116720
124930 0.0000113269
125036 0.0000110329
125107 0.0000109852
125168 0.0000102863
125516 0.0000101417
125518 0.0000089626
126134 0.0000086638
126329 0.0000082686
126613 0.0000078900
126618 0.0000077620
126707 0.0000072854
126818 0.0000070048
127266 0.0000067139
127507 0.0000066138
127552 0.0000064281
127730 0.0000063693
127742 0.0000063567
127771 0.0000063091
127773 0.0000062905
127783 0.0000057160
127882 0.0000055000
128062 0.0000053632
128181 0.0000051117
128464 0.0000049928
128518 0.0000047665
128583 0.0000045945
129002 0.0000044276
129009 0.0000042958
129013 0.0000041445
129103 0.0000040547
129211 0.0000039986
129340 0.0000039753
129520 0.0000037887
129529 0.0000034201
130019 0.0000030619
130230 0.0000030474
130249 0.0000030447
130269 0.0000030369
130281 0.0000030018
130283 0.0000028123
130557 0.0000025602
130644 0.0000023140
130695 0.0000022004
131307 0.0000021708
131920 0.0000020878
132036 0.0000020246
132075 0.0000019609
132321 0.0000018789
132394 0.0000018182
132563 0.0000017120
132828 0.0000016565
132896 0.0000016215
133295 0.0000015890
133334 0.0000013751
133559 0.0000012740
134412 0.0000011841
134739 0.0000011717
135060 0.0000010873
135207 0.0000010449
135223 0.0000009466
135343 0.0000008842
135382 0.0000008305
135455 0.0000008189
135525 0.0000007552
135825 0.0000007525
135882 0.0000006829
135901 0.0000006578
136047 0.0000006477
136059 0.0000006068
136291 0.0000005614
136320 0.0000005551
136503 0.0000004501
137081 0.0000004291
137125 0.0000004105
137234 0.0000004011
137494 0.0000003634
138104 0.0000003571
138228 0.0000003225
138410 0.0000003035
138572 0.0000002853
138668 0.0000002830
138690 0.0000002577
138891 0.0000002513
138895 0.0000002285
138961 0.0000002232
139301 0.0000002152
139528 0.0000001968
139579 0.0000001781
140335 0.0000001719
140368 0.0000001645
140462 0.0000001582
140499 0.0000001546
140769 0.0000001528
140789 0.0000001504
140809 0.0000001463
140918 0.0000001402
140978 0.0000001335
141124 0.0000001305
141326 0.0000001239
141387 0.0000001176
141440 0.0000001106
141596 0.0000001010
141962 0.0000001008
142070 0.0000000919
142238 0.0000000908
142475 0.0000000898
142544 0.0000000897
142581 0.0000000832
142648 0.0000000779
142974 0.0000000749
143249 0.0000000709
143281 0.0000000675
143400 0.0000000666
143401 0.0000000656
143434 0.0000000640
143466 0.0000000607
143537 0.0000000607
143640 0.0000000559
143723 0.0000000540
144010 0.0000000530
144022 0.0000000501
144060 0.0000000484
144175 0.0000000440
144354 0.0000000394
144577 0.0000000376
144782 0.0000000335
145010 0.0000000320
145310 0.0000000304
145444 0.0000000282
145772 0.0000000274
145774 0.0000000263
145787 0.0000000251
145820 0.0000000235
145845 0.0000000228
146161 0.0000000227
146291 0.0000000221
146304 0.0000000220
146452 0.0000000215
146494 0.0000000212
146565 0.0000000189
146622 0.0000000186
146669 0.0000000182
146753 0.0000000171
146819 0.0000000148
146955 0.0000000146
147042 0.0000000144
147083 0.0000000143
147089 0.0000000126
147426 0.0000000122
147471 0.0000000117
147508 0.0000000113
148146 0.0000000110
148277 0.0000000107
148303 0.0000000081
149025 0.0000000080
149077 0.0000000079
149185 0.0000000076
149284 0.0000000071
149304 0.0000000068
149338 0.0000000066
149487 0.0000000063
149569 0.0000000055
149649 0.0000000053
150024 0.0000000051
150082 0.0000000046
150238 0.0000000046
150445 0.0000000045
150632 0.0000000045
150655 0.0000000044
150705 0.0000000039
150916 0.0000000039
150925 0.0000000037
150933 0.0000000036
150951 0.0000000036
150993 0.0000000034
151029 0.0000000032
151182 0.0000000032
151208 0.0000000032
151297 0.0000000028
151523 0.0000000026
151574 0.0000000026
151577 0.0000000025
151616 0.0000000025
151655 0.0000000024
151712 0.0000000023
151822 0.0000000021
151998 0.0000000020
152331 0.0000000018
152400 0.0000000016
152404 0.0000000016
152434 0.0000000015
152545 0.0000000012
152843 0.0000000012
153334 0.0000000011
153373 0.0000000008
154065 0.0000000006
154666 0.0000000005
154850 0.0000000005
155047 0.0000000005
155401 0.0000000004
155406 0.0000000004
155412 0.0000000004
155446 0.0000000003
155760 0.0000000003
155959 0.0000000003
156024 0.0000000003
156066 0.0000000002
156128 0.0000000002
156390 0.0000000002
156549 0.0000000002
156659 0.0000000002
156805 0.0000000002
157257 0.0000000001
158295 0.0000000001
158512 0.0000000001
159066 0.0000000001
159205 0.0000000001
159269 0.0000000001
159474 0.0000000001
159506 0.0000000001
159556 0.0000000001
159603 0.0000000000
159936 0.0000000000
160167 0.0000000000
160289 0.0000000000
160548 0.0000000000
160560 0.0000000000
160823 0.0000000000
160850 0.0000000000
160904 0.0000000000
160961 0.0000000000
161094 0.0000000000
161237 0.0000000000
161427 0.0000000000
161594 0.0000000000
161664 0.0000000000
162244 0.0000000000
162415 0.0000000000
162474 0.0000000000
162569 0.0000000000
162692 0.0000000000
162777 0.0000000000
163238 0.0000000000
163393 0.0000000000
163551 0.0000000000
163758 0.0000000000
163797 0.0000000000
163862 0.0000000000
163867 0.0000000000
164199 0.0000000000
164450 0.0000000000
164508 0.0000000000
164518 0.0000000000
164947 0.0000000000
165067 0.0000000000
165144 0.0000000000
165282 0.0000000000
165313 0.0000000000
165381 0.0000000000
165500 0.0000000000
165504 0.0000000000
166138 0.0000000000
166205 0.0000000000
166212 0.0000000000
166470 0.0000000000
166597 0.0000000000
166686 0.0000000000
166833 0.0000000000
166866 0.0000000000
166869 0.0000000000
166916 0.0000000000
166980 0.0000000000
166999 0.0000000000
167125 0.0000000000
167146 0.0000000000
167166 0.0000000000
167212 0.0000000000
167254 0.0000000000
167297 0.0000000000
167444 0.0000000000
167572 0.0000000000
168020 0.0000000000
168035 0.0000000000
168078 0.0000000000
168088 0.0000000000
168128 0.0000000000
168144 0.0000000000
168194 0.0000000000
168255 0.0000000000
168353 0.0000000000
168449 0.0000000000
168528 0.0000000000
168867 0.0000000000
169234 0.0000000000
169256 0.0000000000
169289 0.0000000000
169485 0.0000000000
170050 0.0000000000
170133 0.0000000000
170171 0.0000000000
170219 0.0000000000
170245 0.0000000000
170592 0.0000000000
170628 0.0000000000
170795 0.0000000000
170943 0.0000000000
171018 0.0000000000
171130 0.0000000000
171278 0.0000000000
171726 0.0000000000
171951 0.0000000000
172071 0.0000000000
172585 0.0000000000
172871 0.0000000000
173809 0.0000000000
175278 0.0000000000
evaluations raw_y
1 4928415604.1175832748
2 1728386187.9705862999
10 1025661925.7150646448
24 967615313.2556524277
36 716979607.4327769279
39 560007965.4881658554
49 484955032.9332141876
67 405033884.9292668104
83 403787457.4176083207
97 383465817.1808326244
116 374278936.5253970623
146 357122505.8759530783
179 356566730.4617449045
194 349340993.4295945764
204 284526540.3828536272
235 270444908.3229987025
239 259270190.9854249060
247 225812135.0729325116
276 222046549.3766928911
290 210968684.4476868212
335 167348317.1221049726
351 154992114.3486746550
358 149674839.1161079109
368 147746143.1784397662
379 144726270.3059887588
393 143479053.0652358234
427 141882515.0935991406
434 137130904.6365829110
440 110077536.8540326208
443 101868189.2685403377
458 94501226.9365116060
482 93064969.5920606554
501 78876897.3995079249
516 63734062.8271776214
573 59478427.7047401220
601 59455158.5733094513
622 52268099.4944157079
634 41645663.6431480274
673 40185086.0238166749
677 27820753.7604280710
726 24313392.4415384419
760 21741501.0913452767
810 18211413.1034153253
825 16495886.9319611862
829 15461377.8589831591
831 14896666.1119989157
853 14775072.2415794786
861 12332082.0501558911
890 11770434.8727253005
913 11637439.7895437758
932 11575608.0493247788
967 10695617.7161538154
982 10234481.8489253633
991 9220064.1166006345
1031 8995530.1108797733
1034 7726144.1075023683
1041 7638083.7973548714
1069 5820041.5731010828
1092 4760992.0023135664
1292 4499138.8434201758
1308 4236986.1458026432
1349 3999960.7377401106
1361 3366821.6589065534
1434 3191058.6247862438
1448 2643082.9670963031
1529 2445819.0442675888
1562 2091370.9850475709
1580 2047496.2768670928
1611 2018469.8552813106
1682 1805257.1605545674
1790 1659141.4020174488
1800 1565414.8593124026
1872 1192625.4768655575
1898 1047326.3352370051
1923 923547.9622930638
2027 843628.9055711944
2107 821654.2823478382
2145 734786.8071225242
2149 635331.4060472947
2261 609291.9402735505
2351 578104.8034077598
2371 524052.9638374362
2373 523719.1792134616
2376 424517.9874789875
2414 404030.9178349054
2484 391942.5345989743
2486 323856.7782101018
2580 304381.1827682935
2623 289406.0197581187
2665 254180.4636550507
2804 215203.5385710738
2863 193139.2801430213
2897 189726.7079696240
2903 155949.6190597050
2958 129054.7775024350
3043 108493.5717818603
3111 96785.5941227451
3279 94663.6559917372
3283 86887.3786199286
3311 86470.7375513949
3316 84564.1174060161
3317 83030.0610676450
3327 78774.6413263196
3337 75124.7031985853
3381 74078.2670816878
3420 69961.5264147375
3426 66994.1119199434
3470 65900.2121227547
3473 62122.0953879698
3483 58231.7429438538
3501 54506.3445154098
3543 53152.6048099583
3579 52789.7212352959
3595 52784.5781348664
3599 35673.3339829313
3675 33371.1539467347
3779 27489.7528701325
3900 23360.4843129504
3920 21088.8921685804
3937 17675.2584950986
3958 16243.2023303309
4132 11940.0959265009
4283 9241.7812437675
4358 8694.7879643451
4422 8541.6599178754
4503 8023.2167744288
4507 7491.4346108736
4517 7340.3662195485
4575 7202.3609783992
4599 7133.3127452848
4625 5770.8536640635
4642 4338.1066688573
4850 4082.7214124001
4918 3688.7070259822
4966 3539.5698387367
5032 3225.0112497730
5078 2911.6997125278
5110 2899.2787221279
5140 2698.6930882142
5179 2622.7008393882
5190 2527.7182513841
5229 2249.5065306299
5288 2002.8433658785
5303 1885.0713049294
5357 1793.2574193244
5389 1625.2562698291
5404 1616.5791490169
5425 1529.7059856137
5459 1419.8290271743
5556 1243.6659447124
5561 958.0190153406
5661 691.9821803939
5968 674.3266903661
5971 595.7357447313
6006 581.6845990440
6020 507.7014169038
6044 496.3270361519
6115 481.2677653012
6171 386.6906463402
6245 383.9634345074
6260 280.6942222951
6302 258.4036398548
6384 254.0632754572
6419 247.9235728054
6424 243.2864906212
6471 242.5726799433
6513 216.3040640874
6534 204.0689039384
6555 194.1075145044
6564 171.2325434268
6569 156.7863084769
6643 127.6689624904
6701 126.3040267825
6735 113.5761028381
6768 106.8282410559
6783 97.2408839373
6786 96.9629915265
6865 92.7944137654
6935 77.0829476104
6936 71.3146660625
6967 70.0072020841
6997 64.1422348041
7081 53.3789555194
7146 44.1877025782
7231 38.1616447344
7276 37.1831961795
7340 32.7818429070
7425 30.9027799732
7504 26.2834003308
7547 25.2734996249
7577 24.8178955581
7582 18.9137117297
7591 13.5630829134
7783 11.9553938654
7946 10.9239907968
7965 10.6830612749
8003 10.4437920682
8006 9.2870234905
8074 7.6255861530
8153 7.5824426965
8178 6.6756671988
8182 5.9609893047
8218 5.4063831381
8221 4.7126857777
8387 4.4508630351
8394 4.1598470871
8474 4.1431157579
8479 3.5266133569
8616 3.3315857270
8671 3.0696249510
8680 2.4591567046
8760 2.3251481635
8791 1.6409215886
8921 1.5090571307
9026 1.4512415607
9077 1.2729453933
9128 1.2456524892
9165 1.0463810442
9197 1.0411961289
9248 0.8776843801
9303 0.7483899542
9386 0.6730099491
9477 0.5035091088
9545 0.4475237902
9619 0.4226969985
9629 0.4019518557
9690 0.3478573579
9795 0.3433761105
9797 0.2900055822
9845 0.2777854479
9851 0.2641642710
9863 0.2636021539
9933 0.2511030633
9935 0.2169888893
9954 0.1907017394
9987 0.1888965920
10015 0.1682644776
10050 0.1476663896
10091 0.1221177608
10221 0.1133817742
10279 0.1019660861
10289 0.0813332156
10384 0.0810252665
10425 0.0717721930
10479 0.0625162908
10540 0.0613856654
10545 0.0468311017
10728 0.0430504537
10756 0.0397733988
10762 0.0340931150
10907 0.0297746319
10971 0.0270411137
11037 0.0239200230
11142 0.0231436900
11146 0.0213680578
11163 0.0178263542
11244 0.0165057162
11269 0.0160742981
11293 0.0109584793
11530 0.0097200309
11545 0.0090311186
11588 0.0086644154
11683 0.0078564654
11695 0.0077106382
11720 0.0076223003
11739 0.0074589078
11790 0.0074000016
11856 0.0069513858
11868 0.0064314259
11901 0.0060765452
11902 0.0056081387
11984 0.0048522720
12092 0.0044980258
12244 0.0042160983
12344 0.0040147316
12380 0.0039931474
12404 0.0038998239
12418 0.0038552486
12440 0.0038246940
12452 0.0037773219
12458 0.0037626490
12460 0.0037413781
12474 0.0037281542
12476 0.0036883108
12490 0.0036203594
12502 0.0035610146
12532 0.0035289388
12545 0.0032098333
12681 0.0030852963
12694 0.0029935371
12872 0.0029409500
12887 0.0028858966
12920 0.0028150511
12946 0.0027248430
13038 0.0026493622
13042 0.0026403662
13169 0.0026398644
13208 0.0025964017
13210 0.0025931841
13246 0.0025411496
13262 0.0025320478
13331 0.0025320198
13361 0.0024822785
13396 0.0024707704
13415 0.0024471698
13606 0.0024286387
13703 0.0024159151
13710 0.0024041386
13767 0.0024035414
13820 0.0024030064
13847 0.0023928631
13911 0.0023776596
13924 0.0023758226
13999 0.0023651718
14024 0.0023634953
14118 0.0023602785
14128 0.0023484260
14337 0.0023480933
14341 0.0023440804
14393 0.0023420379
14517 0.0023357400
14661 0.0023326780
14798 0.0023312430
14799 0.0023301493
14877 0.0023296400
14878 0.0023292037
14888 0.0023285774
14896 0.0023275867
14955 0.0023258138
15035 0.0023257768
15049 0.0023248265
15104 0.0023241582
15139 0.0023236350
15167 0.0023230114
15198 0.0023230034
15224 0.0023223554
15284 0.0023213307
15379 0.0023210867
15383 0.0023210833
15420 0.0023209785
15438 0.0023209237
15481 0.0023208424
15484 0.0023203519
15551 0.0023202976
15573 0.0023197514
15616 0.0023195397
15681 0.0023189617
15798 0.0023189459
15834 0.0023188025
15867 0.0023184541
15870 0.0023183837
15895 0.0023181020
16032 0.0023180896
16091 0.0023180120
16107 0.0023179682
16157 0.0023179653
16168 0.0023178797
16239 0.0023178440
16329 0.0023178047
16380 0.0023177882
16401 0.0023177175
16411 0.0023176592
16452 0.0023175926
16468 0.0023175916
16520 0.0023175565
16657 0.0023175308
16746 0.0023175175
16845 0.0023174900
16863 0.0023174789
16875 0.0023174668
16899 0.0023174601
16907 0.0023174498
16954 0.0023174466
16997 0.0023174406
17004 0.0023174289
17028 0.0023174251
17048 0.0023174035
17069 0.0023173812
17075 0.0023173789
17088 0.0023173776
17096 0.0023173760
17105 0.0023173465
17172 0.0023173452
17180 0.0023173368
17316 0.0023173243
17333 0.0023173186
17362 0.0023173172
17375 0.0023172993
17401 0.0023172948
17416 0.0023172801
17496 0.0023172767
17590 0.0023172591
17849 0.0023172519
17896 0.0023172401
17988 0.0023172398
18168 0.0023172374
18207 0.0023172282
18277 0.0023172217
18330 0.0023172185
18374 0.0023172156
18404 0.0023172145
18537 0.0023172096
18722 0.0023172092
18741 0.0023172029
18759 0.0023171910
18910 0.0023171744
18914 0.0023171716
19004 0.0023171682
19564 0.0023171499
19788 0.0023171158
19957 0.0023171009
20059 0.0023170615
20193 0.0023170539
20341 0.0023170371
20382 0.0023170354
20416 0.0023170175
20422 0.0023170117
20507 0.0023169880
20644 0.0023169836
20718 0.0023169565
20787 0.0023169190
20889 0.0023168414
21712 0.0023168387
21755 0.0023168158
21775 0.0023167887
21819 0.0023167470
21930 0.0023166797
21962 0.0023165856
21990 0.0023165678
22011 0.0023165553
22103 0.0023164842
22270 0.0023163760
22296 0.0023162524
22328 0.0023162440
22414 0.0023161890
22440 0.0023161153
22463 0.0023159784
22656 0.0023159292
23007 0.0023158252
23067 0.0023156124
23153 0.0023150458
23261 0.0023149198
23344 0.0023149142
23428 0.0023147787
23505 0.0023146799
23535 0.0023140744
23686 0.0023140150
23764 0.0023135971
23881 0.0023135795
23902 0.0023135715
24009 0.0023132710
24390 0.0023130399
24422 0.0023129120
24503 0.0023126037
24535 0.0023123847
24561 0.0023116977
24700 0.0023114867
24740 0.0023096836
25106 0.0023088875
25347 0.0023082888
25370 0.0023033715
25563 0.0023016186
25570 0.0023004566
25617 0.0022950115
25946 0.0022921063
26149 0.0022794694
26264 0.0022726100
26445 0.0022667219
27219 0.0022587348
27525 0.0022551465
27526 0.0022507336
27575 0.0022420841
27619 0.0022208220
27705 0.0022196727
27718 0.0022145605
27756 0.0022122823
27947 0.0022054035
28028 0.0021902967
28032 0.0021826486
28079 0.0021253147
28418 0.0021236158
28457 0.0021210159
28468 0.0021063169
28534 0.0020793225
28745 0.0020603887
28920 0.0020503205
28921 0.0020352280
28999 0.0020087706
29043 0.0020006192
29345 0.0019396111
29351 0.0018868675
29535 0.0018611999
29594 0.0017365224
29837 0.0017205953
30086 0.0017066232
30148 0.0017044129
30314 0.0016910691
30345 0.0016223319
30650 0.0016040371
30703 0.0015790054
30707 0.0015271565
30721 0.0015198757
30822 0.0015067649
30824 0.0015049901
30847 0.0014754448
30851 0.0014584739
30925 0.0014270882
30933 0.0014252976
30967 0.0014247596
30975 0.0013994966
31037 0.0013746229
31111 0.0013627611
31230 0.0013524667
31253 0.0013511520
31269 0.0013331904
31295 0.0013251055
31348 0.0013186977
31370 0.0012824739
31497 0.0012030898
31566 0.0011333986
31765 0.0011298718
31919 0.0011229239
31940 0.0011064204
31995 0.0011027629
32039 0.0010999557
32068 0.0010878337
32080 0.0010548259
32206 0.0010186187
32338 0.0010102388
32366 0.0010070061
32494 0.0009824703
32524 0.0009627570
32757 0.0009524256
32849 0.0009182552
32856 0.0008790588
33293 0.0008508389
33363 0.0008463300
33398 0.0008344366
33424 0.0007915531
33861 0.0007628942
33928 0.0007595106
34346 0.0007382117
34440 0.0006721597
34676 0.0006430107
34800 0.0006116972
34969 0.0006079874
35041 0.0005855132
35045 0.0005580806
35094 0.0005319340
35305 0.0005047631
35628 0.0004975458
35741 0.0004813756
35775 0.0004796875
35844 0.0004796207
35958 0.0004720662
36089 0.0004590184
36141 0.0004570965
36205 0.0004508297
36227 0.0004507383
36267 0.0004326339
36413 0.0004156630
36483 0.0004054500
36561 0.0004022658
36589 0.0003784506
36711 0.0003630135
37215 0.0003626053
37286 0.0003568155
37294 0.0003555957
37375 0.0003428892
37624 0.0003344613
37742 0.0003239874
37821 0.0003177621
38088 0.0003170071
38141 0.0003163280
38155 0.0003113155
38230 0.0003049937
38262 0.0002831464
38765 0.0002763083
38829 0.0002654401
38893 0.0002598411
38916 0.0002546493
38967 0.0002542379
38984 0.0002486523
38998 0.0002476824
39035 0.0002330017
39300 0.0002245204
39535 0.0002232501
39565 0.0002073165
39676 0.0002032611
39890 0.0002026157
39996 0.0001991289
40163 0.0001929388
40260 0.0001918250
40274 0.0001901966
40336 0.0001880511
40483 0.0001855029
40488 0.0001813589
40528 0.0001753963
40858 0.0001740861
40907 0.0001714382
40944 0.0001703220
40994 0.0001702190
41011 0.0001632636
41132 0.0001627663
41138 0.0001596621
41165 0.0001592675
41291 0.0001570603
41309 0.0001557339
41380 0.0001514007
41597 0.0001501922
41648 0.0001498028
41664 0.0001496147
41748 0.0001476806
41790 0.0001457400
41895 0.0001385886
41898 0.0001373494
42173 0.0001336596
42204 0.0001310067
42292 0.0001309325
42310 0.0001307957
42337 0.0001286025
42492 0.0001283142
42497 0.0001249182
42552 0.0001211637
42732 0.0001182850
42765 0.0001180593
42800 0.0001136751
43087 0.0001097616
43202 0.0001095927
43240 0.0001085162
43262 0.0001039896
43413 0.0001014374
43539 0.0001000299
43620 0.0000983647
43699 0.0000978058
43737 0.0000882106
43909 0.0000881208
44192 0.0000851285
44235 0.0000806485
44463 0.0000790873
44666 0.0000769913
44711 0.0000740147
45041 0.0000721981
45125 0.0000688703
45190 0.0000670323
45334 0.0000658909
45427 0.0000619959
45509 0.0000603274
45531 0.0000598132
45562 0.0000568534
45951 0.0000528729
46216 0.0000527356
46409 0.0000491083
46468 0.0000484539
46714 0.0000466462
46948 0.0000462854
46971 0.0000454707
46995 0.0000451597
47039 0.0000434172
47142 0.0000427606
47146 0.0000417681
47188 0.0000414226
47259 0.0000406814
47341 0.0000400948
47391 0.0000386008
47438 0.0000355427
47693 0.0000347605
47720 0.0000346651
47722 0.0000342060
47842 0.0000340822
47896 0.0000329487
48365 0.0000319452
48504 0.0000302430
48527 0.0000287735
48586 0.0000274284
48747 0.0000251714
49044 0.0000251620
49086 0.0000247082
49087 0.0000246308
49126 0.0000226632
49553 0.0000223281
49722 0.0000212694
50000 0.0000194790
50226 0.0000183453
50383 0.0000182716
50481 0.0000173109
50646 0.0000171162
50708 0.0000168470
50731 0.0000166456
51014 0.0000159542
51216 0.0000146395
51369 0.0000144991
51862 0.0000144756
51889 0.0000141726
51999 0.0000141473
52053 0.0000139592
52056 0.0000137684
52073 0.0000130135
52077 0.0000125776
52185 0.0000125236
52397 0.0000119102
52472 0.0000116538
52519 0.0000112453
52688 0.0000107573
52905 0.0000102915
52943 0.0000101987
53123 0.0000101284
53739 0.0000094061
53899 0.0000091783
53987 0.0000088804
54105 0.0000086415
54106 0.0000081921
54389 0.0000079715
54494 0.0000076338
54620 0.0000074311
54694 0.0000068631
54788 0.0000068229
54804 0.0000068074
54956 0.0000067771
55130 0.0000064536
55318 0.0000063009
55563 0.0000061962
55603 0.0000053614
55989 0.0000051467
56266 0.0000048724
56301 0.0000044006
56977 0.0000042748
57126 0.0000042175
57435 0.0000041466
57598 0.0000039551
57629 0.0000038785
57771 0.0000037836
57925 0.0000036813
58101 0.0000036324
58126 0.0000036100
58133 0.0000033880
58378 0.0000033358
58404 0.0000033275
58461 0.0000032759
58462 0.0000031807
58514 0.0000030970
58660 0.0000030505
58774 0.0000028202
59040 0.0000027844
59117 0.0000026944
59244 0.0000026938
59257 0.0000026229
59384 0.0000025961
59585 0.0000025297
59587 0.0000022209
59708 0.0000021732
60326 0.0000020984
60586 0.0000020584
60714 0.0000018812
61096 0.0000018368
61231 0.0000018145
61260 0.0000017915
61397 0.0000017567
61685 0.0000017500
61715 0.0000017014
61753 0.0000015088
62053 0.0000014850
62094 0.0000014663
62182 0.0000014636
62238 0.0000014573
62241 0.0000014257
62253 0.0000013651
62328 0.0000013459
62365 0.0000012824
62380 0.0000012774
62537 0.0000012347
62629 0.0000011727
62815 0.0000011656
62844 0.0000011609
62859 0.0000010390
62949 0.0000010361
63071 0.0000010354
63180 0.0000010132
63380 0.0000009753
63530 0.0000009611
63609 0.0000009503
63610 0.0000008843
63703 0.0000008819
63781 0.0000008572
63938 0.0000008493
64007 0.0000008449
64040 0.0000008235
64092 0.0000008143
64167 0.0000007775
64224 0.0000007527
64413 0.0000007525
64654 0.0000006743
65268 0.0000006689
65371 0.0000005687
66209 0.0000005299
66371 0.0000005222
66398 0.0000004679
66577 0.0000004150
66607 0.0000004141
66685 0.0000004007
67401 0.0000003591
67505 0.0000003480
67575 0.0000003411
67663 0.0000003335
67735 0.0000003241
67743 0.0000003164
67790 0.0000002862
68074 0.0000002809
68091 0.0000002715
68155 0.0000002534
69006 0.0000002437
69225 0.0000002392
69243 0.0000002369
69334 0.0000002350
69403 0.0000002223
69631 0.0000002151
69832 0.0000002134
69860 0.0000002050
69861 0.0000001988
69923 0.0000001970
69958 0.0000001922
70086 0.0000001797
70105 0.0000001762
70216 0.0000001658
70352 0.0000001652
70443 0.0000001628
70571 0.0000001482
70901 0.0000001352
70951 0.0000001329
71215 0.0000001296
71499 0.0000001237
71875 0.0000001169
72012 0.0000001118
72167 0.0000001064
72194 0.0000001064
72286 0.0000001008
72288 0.0000000999
72485 0.0000000976
72524 0.0000000927
72538 0.0000000888
72586 0.0000000886
72628 0.0000000874
72670 0.0000000814
72882 0.0000000800
72987 0.0000000796
73067 0.0000000751
73144 0.0000000738
73220 0.0000000717
73288 0.0000000634
73314 0.0000000615
73641 0.0000000604
74039 0.0000000601
74087 0.0000000590
74200 0.0000000550
74404 0.0000000541
74440 0.0000000521
74456 0.0000000457
74517 0.0000000455
74550 0.0000000440
74798 0.0000000438
74815 0.0000000423
75376 0.0000000368
76198 0.0000000354
76439 0.0000000350
76521 0.0000000332
76605 0.0000000325
76652 0.0000000301
76778 0.0000000298
76881 0.0000000286
76942 0.0000000262
76984 0.0000000260
77003 0.0000000251
77050 0.0000000251
77079 0.0000000250
77083 0.0000000224
77243 0.0000000223
77451 0.0000000218
77555 0.0000000209
77597 0.0000000208
77678 0.0000000193
77695 0.0000000187
77746 0.0000000182
78601 0.0000000177
78715 0.0000000173
78736 0.0000000171
78738 0.0000000160
78913 0.0000000154
79122 0.0000000146
79152 0.0000000146
79171 0.0000000144
79209 0.0000000143
79448 0.0000000124
79629 0.0000000122
79647 0.0000000108
79919 0.0000000101
80265 0.0000000099
80460 0.0000000093
80785 0.0000000089
80819 0.0000000086
80894 0.0000000084
80979 0.0000000083
81340 0.0000000077
81395 0.0000000075
81407 0.0000000070
81454 0.0000000069
81595 0.0000000064
81668 0.0000000060
81742 0.0000000059
81774 0.0000000048
82068 0.0000000045
82584 0.0000000045
82694 0.0000000044
82775 0.0000000042
82835 0.0000000041
82907 0.0000000039
82925 0.0000000039
82928 0.0000000039
83010 0.0000000036
83334 0.0000000033
83458 0.0000000029
83533 0.0000000026
83762 0.0000000026
83773 0.0000000026
84011 0.0000000025
84110 0.0000000024
84165 0.0000000024
84174 0.0000000024
84461 0.0000000021
84874 0.0000000021
85127 0.0000000020
85158 0.0000000019
85162 0.0000000019
85181 0.0000000016
85271 0.0000000016
85403 0.0000000016
85411 0.0000000015
85507 0.0000000015
85550 0.0000000013
85660 0.0000000013
85763 0.0000000012
85843 0.0000000011
86323 0.0000000010
86906 0.0000000010
87114 0.0000000009
87363 0.0000000009
87402 0.0000000008
87451 0.0000000007
87559 0.0000000006
87779 0.0000000006
87909 0.0000000005
88007 0.0000000005
88082 0.0000000005
88217 0.0000000004
88618 0.0000000004
89024 0.0000000004
89039 0.0000000003
89185 0.0000000003
89318 0.0000000003
89492 0.0000000003
89553 0.0000000002
89882 0.0000000002
89959 0.0000000002
90224 0.0000000002
90344 0.0000000002
90476 0.0000000002
90503 0.0000000002
90553 0.0000000002
90623 0.0000000001
91203 0.0000000001
91298 0.0000000001
91401 0.0000000001
91411 0.0000000001
91524 0.0000000001
91618 0.0000000001
91643 0.0000000001
91674 0.0000000001
91997 0.0000000001
92231 0.0000000001
92302 0.0000000001
92458 0.0000000001
92460 0.0000000001
92700 0.0000000001
92748 0.0000000001
92909 0.0000000001
92985 0.0000000001
92990 0.0000000001
93112 0.0000000000
93444 0.0000000000
93485 0.0000000000
93592 0.0000000000
93822 0.0000000000
93856 0.0000000000
94003 0.0000000000
94215 0.0000000000
94405 0.0000000000
94407 0.0000000000
94614 0.0000000000
95155 0.0000000000
95190 0.0000000000
95192 0.0000000000
96086 0.0000000000
96170 0.0000000000
96231 0.0000000000
96257 0.0000000000
96321 0.0000000000
96378 0.0000000000
96645 0.0000000000
96783 0.0000000000
97111 0.0000000000
97125 0.0000000000
97611 0.0000000000
98010 0.0000000000
98138 0.0000000000
98226 0.0000000000
98390 0.0000000000
98503 0.0000000000
98554 0.0000000000
98585 0.0000000000
98586 0.0000000000
98663 0.0000000000
98756 0.0000000000
98806 0.0000000000
98995 0.0000000000
99141 0.0000000000
99188 0.0000000000
99277 0.0000000000
99336 0.0000000000
99601 0.0000000000
99752 0.0000000000
100004 0.0000000000
100106 0.0000000000
100219 0.0000000000
100249 0.0000000000
100429 0.0000000000
100578 0.0000000000
100984 0.0000000000
101106 0.0000000000
101267 0.0000000000
101472 0.0000000000
101498 0.0000000000
102047 0.0000000000
102115 0.0000000000
102366 0.0000000000
102405 0.0000000000
102545 0.0000000000
102548 0.0000000000
102825 0.0000000000
102857 0.0000000000
103396 0.0000000000
103451 0.0000000000
103549 0.0000000000
103576 0.0000000000
104004 0.0000000000
104114 0.0000000000
104275 0.0000000000
104656 0.0000000000
105443 0.0000000000
106017 0.0000000000
106206 0.0000000000
108476 0.0000000000
evaluations raw_y
1 5290766802.9627294540
4 3824828128.1469902992
11 2768326730.0299115181
20 2469249975.3314328194
21 2384431672.8297061920
24 2220500315.3852453232
27 2113571370.4514245987
37 1436281152.8123533726
72 1431168605.9072172642
80 1336734576.2153236866
85 825986570.6768225431
125 795422519.4522277117
130 749827305.6448665857
133 677963531.7732219696
136 658845411.3984199762
140 639006233.0283994675
141 543642208.3565865755
165 506467951.5243773460
171 450199040.1230958104
196 381696867.8932808042
207 375857696.0602624416
208 344017455.2153595090
239 332786387.8811101317
264 325610451.5731160045
273 282972085.1439998746
302 254116344.0667972863
350 202714476.1995270252
531 192062044.3383775055
557 171265106.4364111423
596 164532652.8308055997
618 93598508.4920431226
702 89297353.8179331124
720 85751320.1635596007
730 85450592.9170312434
733 79420485.4949531853
762 69244957.1411897689
824 67251725.0874110609
853 48317305.8758362159
956 47781985.0994390696
968 38919722.3056154996
1005 37459571.3227753267
1007 35223324.6805645525
1016 31588186.6079636924
1037 31448142.7021892034
1055 23024381.9050074257
1101 22783121.9298683405
1134 22657581.0801157393
1135 21640738.7696942762
1137 17153780.5059935600
1151 15679716.9018015936
1177 15167481.6465094723
1198 14544131.8288466614
1209 14147377.2579464465
1210 13230013.2957997285
1228 13068524.9995800182
1246 8796878.6257831044
1358 8240346.8724339632
1368 7836818.0142085571
1369 6774835.6084143547
1387 6612734.0158780534
1404 6389144.7422508039
1409 5489069.2580248406
1534 5257049.7274352517
1568 4570710.4173270129
1587 4490614.0328721069
1600 4218216.8460811097
1627 3805048.0838317699
1742 3800306.2697387170
1755 2913807.9713585991
1788 2399095.5619209060
1842 2382443.4750917340
1884 2334166.2915476756
1907 2215800.1654646788
1914 2132963.3465969190
1972 1775493.6414569325
2073 1772554.2713892767
2164 1670054.5782162894
2195 1042777.7977992888
2315 1011985.9040390599
2390 970571.5363476509
2443 939682.7836125526
2478 903644.0237967310
2516 770773.8049007866
2530 683563.8424145000
2595 558660.5599766934
2784 455760.2308843133
2788 452356.2406946705
2848 451087.7664306942
2869 417953.0969755721
2938 360457.8716148401
2973 316997.5923796156
3044 316693.2135172111
3045 304793.6207601838
3074 278188.8022141714
3083 272830.2707537175
3109 249427.3285903985
3145 215806.3405292694
3166 199707.7049591649
3193 197531.1049627639
3226 170628.7142733467
3283 165006.3795224998
3327 155604.3752103600
3340 129770.0281717867
3458 115790.8282758073
3566 72914.3228850983
3607 71497.6917154125
3682 63959.0888447990
3839 58107.4163000351
3855 47124.2630038494
3979 46440.6713679509
4007 39905.6944286181
4040 38760.4630871809
4103 35517.3001856391
4147 34753.0123380168
4157 27153.0238495943
4190 23557.7438685710
4279 22229.8199631968
4283 21364.2282002232
4338 20913.2629025774
4355 17059.9915696692
4409 16649.9256235219
4521 15786.1448569093
4522 14786.5566955776
4565 14063.1973388921
4601 13558.0975031806
4620 12746.7817162592
4662 11005.3597802508
4676 10601.1765082697
4681 10367.7495937790
4757 10081.0277969655
4759 10030.9756218003
4788 7854.7644649203
4861 6975.1726441873
4885 6052.7490312630
5003 5200.9077320179
5036 5030.6796282493
5091 4874.9749710061
5134 4341.2488951703
5147 4171.9939445085
5167 4128.7470233917
5240 3288.9464195157
5298 3128.7960206859
5312 2492.6829005991
5344 2473.8802244098
5365 2284.6959838307
5383 1901.3176505484
5541 1889.4217215108
5559 1502.1567651610
5712 1183.1837813040
5753 1063.3152211548
5836 943.9100939600
5844 919.2217009007
5911 811.6587831181
5966 739.7209101454
6000 716.2753380432
6074 682.7062365013
6114 483.2556291785
6312 397.7600996707
6404 396.7454241216
6407 372.0520823593
6421 348.3342396181
6437 308.5918672081
6475 307.2857543196
6486 281.4773996032
6521 218.5251435510
6638 203.4202315685
6643 190.7225529532
6743 133.2519121841
6850 122.3382395438
6881 107.3796895868
7002 106.2601255685
7020 83.2576949016
7106 78.8635561642
7142 74.7156847478
7164 66.3648399052
7197 48.2439351790
7435 46.3045539209
7466 41.6119337023
7501 39.6917775835
7513 38.7673816496
7516 38.4617455344
7543 25.6323935659
7652 22.0162435227
7742 21.0471298712
7853 20.8112859004
7868 19.1282578340
7930 18.4905025436
7951 16.8035862162
8017 14.5322896987
8049 14.4502969468
8086 13.1393433801
8113 11.0829378175
8131 10.7077945641
8178 10.0361168835
8207 7.8851331224
8354 6.3514096400
8548 5.4221267837
8586 5.3283379958
8639 5.2363838030
8644 4.5145449072
8694 4.4444235196
8742 4.1763258881
8815 3.4471393501
8943 2.8406162195
9028 2.5443222730
9221 2.3174753174
9260 2.1780316008
9300 2.0777190198
9474 2.0685093657
9483 2.0327168118
9506 2.0306274250
9519 1.9359692819
9529 1.8963067773
9533 1.7653201762
9623 1.7423066338
9729 1.6913326182
9780 1.6863127350
9830 1.6624054615
9853 1.6437071594
9854 1.6157835729
9966 1.5285793612
9992 1.4563868646
10069 1.4505174594
10082 1.4482124747
10107 1.4311963106
10183 1.4221603981
10186 1.4162285747
10234 1.4008656074
10274 1.3930875619
10300 1.3924285982
10302 1.3776491134
10304 1.3515074027
10380 1.3290204248
10385 1.3236262305
10441 1.3233899224
10456 1.3177926320
10460 1.2956820524
10553 1.2848184025
10627 1.2838035228
10658 1.2613236895
10711 1.2596451201
10737 1.2591574161
10741 1.2557280271
10772 1.2522110751
10782 1.2440714641
10933 1.2383596875
11010 1.2312800351
11069 1.2297294618
11130 1.2264052699
11138 1.2197821359
11221 1.2140406421
11320 1.2127765379
11414 1.2123466689
11420 1.2113233262
11425 1.2086358996
11507 1.2067359634
11577 1.2066405213
11610 1.2063065810
11627 1.2043199908
11654 1.2027852828
11698 1.2004001070
11898 1.1993232986
12133 1.1992941662
12137 1.1984567096
12153 1.1982260705
12228 1.1973355737
12291 1.1969919786
12377 1.1966989192
12387 1.1966154903
12388 1.1957152259
12498 1.1954312415
12612 1.1947745499
12700 1.1947522627
12723 1.1944456589
12807 1.1937839799
13144 1.1936035601
13165 1.1935156909
13360 1.1935033910
13369 1.1934404194
13426 1.1934388185
13441 1.1934012412
13442 1.1933424317
13493 1.1933281811
13527 1.1932881920
13573 1.1932350112
13599 1.1932297351
13614 1.1932133905
13627 1.1932105187
13638 1.1931895137
13679 1.1931287504
13776 1.1930745591
13801 1.1930324559
14028 1.1929991859
14035 1.1929876157
14156 1.1929757085
14194 1.1929734809
14232 1.1929601900
14279 1.1929546237
14293 1.1929486963
14328 1.1929459987
14333 1.1929329189
14411 1.1929191509
14436 1.1929064823
14478 1.1928960919
14580 1.1928940045
14653 1.1928815667
14760 1.1928781307
14836 1.1928758387
14841 1.1928735193
14849 1.1928653635
14931 1.1928647704
14947 1.1928553835
14980 1.1928505151
15081 1.1928474016
15119 1.1928370956
15320 1.1928356991
15326 1.1928355071
15362 1.1928353610
15389 1.1928335602
15398 1.1928335182
15406 1.1928314939
15436 1.1928277468
15490 1.1928271023
15549 1.1928250761
15631 1.1928211782
15713 1.1928186959
15743 1.1928137182
15767 1.1928132773
15874 1.1928101864
15877 1.1928076420
15916 1.1928051661
16011 1.1928022640
16061 1.1927986564
16115 1.1927972677
16229 1.1927915828
16366 1.1927906869
16410 1.1927876267
16416 1.1927859731
16461 1.1927805492
16615 1.1927783313
16650 1.1927734717
16755 1.1927725102
16807 1.1927703779
16838 1.1927690033
16851 1.1927660113
16881 1.1927632559
16959 1.1927622639
17054 1.1927598657
17061 1.1927563930
17173 1.1927487488
17180 1.1927403298
17333 1.1927396785
17482 1.1927394361
17498 1.1927307676
17602 1.1927245180
17712 1.1927242285
17737 1.1927206844
17829 1.1927112541
18112 1.1926833261
18195 1.1926742637
18558 1.1926731997
18689 1.1926455013
18778 1.1926347002
18813 1.1925988617
18897 1.1925971422
18929 1.1925488004
19015 1.1925275798
19297 1.1924401411
19517 1.1923876812
19575 1.1922176555
19845 1.1921792336
19906 1.1920701326
19990 1.1919918230
20013 1.1919815177
20086 1.1917512134
20196 1.1917501523
20296 1.1916808227
20430 1.1916002725
20538 1.1914578975
20646 1.1912228456
20934 1.1909144442
21262 1.1904413891
21298 1.1902704750
21324 1.1902677022
21332 1.1899673098
21594 1.1892107392
21715 1.1891245135
21798 1.1872829104
21906 1.1872726152
22229 1.1857067269
22262 1.1857012520
22278 1.1855291908
22369 1.1854897961
22437 1.1854735926
22471 1.1848624155
22518 1.1839687269
22549 1.1823402448
22786 1.1814868306
22794 1.1806853789
22940 1.1791258333
23072 1.1784034410
23093 1.1776807042
23200 1.1762757978
23226 1.1753432619
23333 1.1725030031
23369 1.1698402862
23517 1.1688237432
23603 1.1667967723
23663 1.1667298371
23807 1.1664278832
24139 1.1565769748
24485 1.1478247091
24523 1.1477281846
24658 1.1438542473
24704 1.1314014143
24752 1.1274059793
24813 1.1265674500
24847 1.1170268838
25119 1.1079250105
25402 1.0809847117
25472 1.0794245937
25503 1.0659135974
25713 1.0631346865
25741 1.0514509829
25782 1.0503956218
25783 1.0488973609
25822 1.0334526264
25830 1.0173538125
26007 1.0067876697
26021 0.9958110247
26257 0.9634743802
26487 0.9578040851
26494 0.9530693029
26662 0.9302243205
26699 0.9190977694
26778 0.9149980863
26962 0.8916707471
27028 0.8585334766
27128 0.8571426665
27190 0.8395761157
27303 0.8228970100
27527 0.8073458046
27657 0.7882844351
27734 0.7796223825
27738 0.7543368175
27757 0.7193262905
28722 0.6422918264
29052 0.6287079189
29082 0.5751940809
29220 0.5747525545
29252 0.5698078485
29285 0.5612045711
29346 0.5566405210
29347 0.5470343659
29385 0.5440302088
29400 0.5344222062
29405 0.4961564755
29436 0.4912401180
29469 0.4764347269
29474 0.4607214748
29564 0.4581017833
29616 0.4370006214
29687 0.4121975482
29753 0.4101998580
29832 0.4085551503
29874 0.3822269095
29999 0.3755223731
30134 0.3622625757
30248 0.3574736610
30318 0.3518499619
30362 0.3324905689
30427 0.3283805897
30497 0.3055839730
30921 0.3054284146
30927 0.2965772336
30981 0.2840915116
31112 0.2825007481
31129 0.2800474129
31228 0.2735542088
31274 0.2708617415
31296 0.2705863999
31332 0.2639481114
31362 0.2565723955
31420 0.2455706080
31581 0.2436805779
31586 0.2419622328
31652 0.2383072404
31664 0.2372690258
31673 0.2263965896
31754 0.2223752167
31789 0.2120109733
31949 0.2045678581
31969 0.2042393081
32071 0.1937233663
32187 0.1928047278
32213 0.1889920385
32229 0.1828792070
32230 0.1820842971
32271 0.1819778637
32283 0.1728874241
32333 0.1417467900
33121 0.1118225967
33509 0.1101488246
33563 0.1047435824
33618 0.1020282734
33620 0.1013777258
33644 0.1004184029
33707 0.0971025260
33725 0.0923227751
33767 0.0918064631
33836 0.0825496550
34138 0.0750406129
34316 0.0710819423
34480 0.0672202768
34696 0.0642612780
34949 0.0632832653
35246 0.0598495233
35281 0.0568484693
35369 0.0529950285
35407 0.0525014080
35428 0.0503524262
35475 0.0496585241
35508 0.0489140901
35522 0.0379924303
35999 0.0371975476
36064 0.0344484280
36169 0.0316624250
36243 0.0312223247
36372 0.0273567319
36421 0.0271498184
36459 0.0267119809
36579 0.0260834749
36592 0.0240132438
36652 0.0236807339
36912 0.0234741101
36996 0.0232493389
37001 0.0226490771
37062 0.0218535525
37076 0.0210099063
37181 0.0201131407
37332 0.0195395821
37684 0.0195054119
37727 0.0176699114
37976 0.0173446995
38026 0.0172306597
38057 0.0166035263
38149 0.0165607255
38199 0.0163776251
38285 0.0158497002
38375 0.0157653869
38458 0.0157496134
38467 0.0156520243
38518 0.0147704007
38594 0.0146203246
38622 0.0143914169
38790 0.0132457602
38988 0.0124941445
39173 0.0124227729
39543 0.0120894547
39623 0.0120702903
39648 0.0117890504
39681 0.0115233238
39758 0.0114063206
39772 0.0113798873
39784 0.0112770875
39816 0.0108875220
39856 0.0102637927
39974 0.0102195630
40049 0.0100941556
40133 0.0097277270
40223 0.0094180145
40374 0.0089345905
40451 0.0084903460
40528 0.0083218898
40655 0.0081916991
40684 0.0080573371
41092 0.0079395838
41189 0.0078935521
41200 0.0075002212
41389 0.0073362793
41443 0.0071962675
41483 0.0070630566
41498 0.0067496027
41662 0.0063817860
41710 0.0062179094
41808 0.0061908773
41853 0.0060402974
41905 0.0057070201
42079 0.0056297884
42149 0.0055614646
42872 0.0053326663
42945 0.0043913831
43491 0.0043852074
43536 0.0043777008
43549 0.0041711066
43664 0.0041340798
43675 0.0038063247
43771 0.0037232715
43844 0.0037038517
43912 0.0036592863
43930 0.0035390267
43988 0.0033879698
44255 0.0031981378
44285 0.0031669545
44381 0.0031391920
44397 0.0031154581
44424 0.0030326659
44437 0.0029621962
44460 0.0029573693
44540 0.0027981501
44740 0.0026317951
44922 0.0024610613
45161 0.0023954438
45200 0.0023823406
45324 0.0023597439
45343 0.0022514228
45519 0.0022278799
45524 0.0021055885
45653 0.0020620195
45776 0.0019998055
45935 0.0019708590
45979 0.0017684492
46398 0.0017213820
46406 0.0017105913
46427 0.0016568069
46581 0.0016450566
46673 0.0015883108
46771 0.0015426781
46875 0.0014993735
46953 0.0014446698
47058 0.0013571438
47283 0.0013291016
47439 0.0012769748
47519 0.0012657670
47557 0.0012076823
47561 0.0011974627
47671 0.0011385854
47738 0.0011363175
47908 0.0011010118
48044 0.0010998151
48113 0.0010926247
48144 0.0010754988
48179 0.0010697557
48209 0.0010335057
48268 0.0010273742
48288 0.0010072281
48298 0.0009125289
48536 0.0008805433
48543 0.0008574610
48702 0.0008392136
48746 0.0007853887
49421 0.0007752131
49443 0.0007603661
49506 0.0007559454
49568 0.0007327261
49727 0.0006900992
49809 0.0006852170
49939 0.0006825573
49961 0.0006642723
49982 0.0006377184
50020 0.0006156912
50169 0.0006071349
50180 0.0005617616
50225 0.0005147722
50669 0.0005062411
50767 0.0004792456
51310 0.0004473756
51502 0.0004323582
51514 0.0004024264
51728 0.0003883116
51917 0.0003768854
51984 0.0003715610
52094 0.0003688251
52164 0.0003623359
52211 0.0003515123
52230 0.0003382667
52307 0.0003344918
52384 0.0003227427
52422 0.0003138836
52488 0.0003109224
52557 0.0003107920
52564 0.0003009826
52571 0.0002974115
52634 0.0002812677
52826 0.0002684657
52902 0.0002501131
53010 0.0002474838
53351 0.0002423509
53581 0.0002392308
53670 0.0002348532
53748 0.0002073414
53856 0.0001983052
54027 0.0001881991
54214 0.0001869104
54326 0.0001866232
54349 0.0001827143
54456 0.0001812356
54572 0.0001731596
54621 0.0001669567
54637 0.0001666308
54848 0.0001662722
54929 0.0001638384
54972 0.0001456321
55291 0.0001347619
55361 0.0001191929
55965 0.0001176158
56147 0.0001055030
56216 0.0001026510
56356 0.0000970135
56539 0.0000891777
56791 0.0000863213
57383 0.0000842849
57431 0.0000808525
57498 0.0000808298
57560 0.0000775436
57608 0.0000727884
57775 0.0000669834
57924 0.0000610632
58075 0.0000594547
58119 0.0000575271
58174 0.0000557680
58281 0.0000555694
58347 0.0000547808
58474 0.0000498536
58666 0.0000491410
58843 0.0000484256
58873 0.0000482621
58932 0.0000450419
58935 0.0000420674
59682 0.0000420392
59825 0.0000391032
59974 0.0000388144
60002 0.0000385579
60019 0.0000374678
60042 0.0000328877
60058 0.0000308121
60357 0.0000270070
60553 0.0000251992
60939 0.0000245541
60941 0.0000224618
60970 0.0000215348
61203 0.0000178402
61596 0.0000171173
61796 0.0000166060
61930 0.0000159645
62087 0.0000153090
62361 0.0000134158
62589 0.0000128975
62678 0.0000112279
63267 0.0000102579
63535 0.0000094276
63615 0.0000093363
63635 0.0000092034
63638 0.0000072993
63896 0.0000070758
63930 0.0000070460
63995 0.0000067624
64113 0.0000064805
64773 0.0000061337
64826 0.0000061320
64991 0.0000054819
65274 0.0000054375
65285 0.0000049717
65413 0.0000049625
65549 0.0000043065
65855 0.0000035385
66095 0.0000033729
66766 0.0000033246
66946 0.0000033231
66992 0.0000031961
66995 0.0000030074
67207 0.0000029295
67233 0.0000026464
67470 0.0000026313
67500 0.0000024997
67582 0.0000021491
67934 0.0000020276
68222 0.0000019857
68242 0.0000019648
68452 0.0000018616
68479 0.0000018388
68496 0.0000017965
68532 0.0000015398
68988 0.0000015151
69022 0.0000015123
69056 0.0000014981
69061 0.0000014104
69083 0.0000013439
69139 0.0000012846
69253 0.0000012325
69510 0.0000011416
69670 0.0000010839
69830 0.0000010629
69968 0.0000010455
69992 0.0000010046
70038 0.0000008787
70319 0.0000007724
70517 0.0000007007
70783 0.0000006763
71081 0.0000006532
71121 0.0000006216
71234 0.0000005861
71415 0.0000005694
71456 0.0000005586
71565 0.0000005546
71585 0.0000005495
71621 0.0000004648
71943 0.0000004385
72091 0.0000004034
72371 0.0000003787
72394 0.0000003601
72530 0.0000003323
72659 0.0000003106
72684 0.0000002770
72801 0.0000002691
72806 0.0000002679
72864 0.0000002548
72895 0.0000002485
73372 0.0000002346
73481 0.0000002338
73527 0.0000002043
73788 0.0000002029
73832 0.0000002012
73840 0.0000001782
73934 0.0000001740
73981 0.0000001687
74024 0.0000001651
74052 0.0000001640
74099 0.0000001351
74892 0.0000001249
74962 0.0000001214
75121 0.0000001044
75273 0.0000001020
75322 0.0000000943
75369 0.0000000809
75955 0.0000000798
76326 0.0000000779
76361 0.0000000656
76377 0.0000000595
76614 0.0000000543
76684 0.0000000520
76717 0.0000000416
77146 0.0000000380
77154 0.0000000380
77202 0.0000000371
77236 0.0000000296
77600 0.0000000295
77951 0.0000000284
78050 0.0000000260
78128 0.0000000232
78167 0.0000000221
78767 0.0000000181
78932 0.0000000160
79085 0.0000000112
79324 0.0000000112
79694 0.0000000109
80021 0.0000000106
80059 0.0000000099
80071 0.0000000086
80403 0.0000000073
80513 0.0000000073
80549 0.0000000069
80594 0.0000000068
80700 0.0000000064
80834 0.0000000053
80849 0.0000000042
81084 0.0000000039
81388 0.0000000039
81417 0.0000000038
81605 0.0000000037
81614 0.0000000036
81650 0.0000000027
81936 0.0000000025
82023 0.0000000023
82184 0.0000000022
82355 0.0000000021
82393 0.0000000019
82539 0.0000000019
82644 0.0000000015
82933 0.0000000013
83190 0.0000000012
83353 0.0000000012
83359 0.0000000012
83491 0.0000000010
84032 0.0000000009
84035 0.0000000008
84156 0.0000000008
84262 0.0000000006
85186 0.0000000005
85291 0.0000000005
85360 0.0000000005
85370 0.0000000004
85412 0.0000000003
85673 0.0000000003
85917 0.0000000003
85977 0.0000000003
86118 0.0000000003
86139 0.0000000003
86192 0.0000000002
86251 0.0000000002
86581 0.0000000002
86670 0.0000000002
86856 0.0000000002
86929 0.0000000002
87031 0.0000000001
87290 0.0000000001
87336 0.0000000001
87351 0.0000000001
87423 0.0000000001
87637 0.0000000001
87717 0.0000000001
87736 0.0000000001
87773 0.0000000001
87894 0.0000000000
88232 0.0000000000
88668 0.0000000000
88896 0.0000000000
88930 0.0000000000
89075 0.0000000000
89093 0.0000000000
89128 0.0000000000
89335 0.0000000000
89480 0.0000000000
89651 0.0000000000
89756 0.0000000000
89779 0.0000000000
89875 0.0000000000
90127 0.0000000000
90179 0.0000000000
90485 0.0000000000
90562 0.0000000000
90630 0.0000000000
90650 0.0000000000
90841 0.0000000000
90849 0.0000000000
91062 0.0000000000
91234 0.0000000000
91323 0.0000000000
91353 0.0000000000
91523 0.0000000000
91532 0.0000000000
91537 0.0000000000
91587 0.0000000000
91630 0.0000000000
91828 0.0000000000
91898 0.0000000000
92289 0.0000000000
93104 0.0000000000
93135 0.0000000000
93199 0.0000000000
93228 0.0000000000
93254 0.0000000000
93288 0.0000000000
93540 0.0000000000
93848 0.0000000000
93981 0.0000000000
94219 0.0000000000
94311 0.0000000000
94380 0.0000000000
94670 0.0000000000
94779 0.0000000000
94864 0.0000000000
95010 0.0000000000
95071 0.0000000000
95073 0.0000000000
95179 0.0000000000
95238 0.0000000000
95436 0.0000000000
95588 0.0000000000
95665 0.0000000000
95768 0.0000000000
95896 0.0000000000
95974 0.0000000000
96214 0.0000000000
96517 0.0000000000
96770 0.0000000000
96903 0.0000000000
97102 0.0000000000
97256 0.0000000000
97357 0.0000000000
97793 0.0000000000
98189 0.0000000000
99476 0.0000000000
evaluations raw_y
1 2301744299.5926537514
4 2032286207.4660580158
12 1978665977.6100013256
15 1874462999.4561104774
20 1093280352.0224027634
34 964552149.8889155388
43 735920427.4507298470
57 680067453.7752466202
59 577954295.0069898367
80 485893536.3950350881
83 383035501.3770178556
90 325351778.6199790239
113 323072807.9233729839
133 315674371.4043171406
136 227693215.8738645017
144 210236968.7728230059
191 182471251.2162951529
238 177371703.3061821163
271 149689640.8989543617
283 146960119.6781256497
330 141427370.9771491885
357 138218884.9823349416
362 91070504.0109584332
393 89581153.4172030687
410 89308316.9011310339
436 88829398.0384989083
441 67005177.7564584836
460 62836688.7788984776
474 56270116.1473774463
527 52797703.0318269804
568 49977087.3591130301
582 31869021.6306435131
614 28737868.0496265516
730 27719977.1382119022
743 26976097.3592001498
758 21804636.4394390509
760 20113657.7544954494
764 16831636.2328916192
827 11126919.7675386313
908 10834359.9474890791
909 8307353.5719163567
983 8173217.5095545501
990 7904574.6864011222
1018 6195299.3801903194
1040 6041001.3854217157
1060 5340417.3194767032
1064 5321830.5553499879
1082 4092055.4053151687
1147 2859718.4956285772
1339 2769859.1107773590
1426 2513318.8417381397
1515 2437438.7400904079
1555 1881966.7416534945
1673 1603303.9020606501
1724 1028777.4946398647
1907 1015895.9487911012
1955 962470.9389313427
1992 857007.4614360036
2087 843899.5747910809
2099 775276.4594569559
2131 724103.6253732680
2198 604680.3785658424
2223 534363.5673040411
2350 505781.6381768206
2361 497310.9596257111
2366 394240.9534654453
2436 306445.6702716380
2498 292360.5374339604
2556 286321.4062665662
2559 273884.5207225459
2686 269646.9961314279
2690 241032.2365581960
2701 221566.8144288241
2750 218079.5975093703
2810 189721.5681281747
2856 131694.6363420090
3029 127633.3171693201
3064 111447.3126129592
3103 102535.4655104198
3205 92154.9348770371
3238 74345.5624063916
3346 72313.5506631211
3383 59247.2418885413
3448 49977.5093777570
3565 47807.9746025960
3597 44268.0496229499
3617 43289.9768458267
3618 40774.5786772726
3706 39878.1318594057
3723 38246.0232973232
3737 37562.8041551474
3744 36977.7703262590
3745 30876.2005638423
3861 29876.7218856385
3867 29150.5087659976
3873 28791.6118675625
3893 25532.9619992711
3917 21783.5320022502
3970 18695.2355272940
4022 17517.5684712561
4083 16460.8469454381
4086 15574.3405507295
4169 13301.6130650168
4176 12957.2859653590
4246 12159.2831678778
4252 11533.9889581934
4288 10453.4720714918
4386 9844.8750198320
4412 9391.3327947468
4450 8570.4838946590
4480 7675.8794973710
4545 7025.6745299831
4553 6029.4849218794
4559 4727.9830011275
4700 4257.3055986384
4705 3893.4558305191
4808 3660.5911856625
4825 3204.5814748033
4892 3133.6293045381
4920 3108.8166386454
4937 2893.6014188574
4948 2870.6911326161
5018 2820.4127302172
5019 2530.1614132165
5031 2339.1713218473
5096 2318.3416584759
5143 2057.5900934526
5167 1965.6877099355
5183 1879.8214780946
5193 1566.5999049278
5253 1343.5721101934
5513 1033.4729069332
5564 996.3324579007
5580 954.1027571100
5614 873.9236832737
5626 736.6531320373
5636 582.9032555457
5796 561.0688854542
5801 558.7170791654
5844 528.0475886184
5845 522.8537044512
5875 462.4126373574
5888 457.9788536298
6013 429.4612189924
6042 426.7092999401
6049 369.7485595125
6071 367.6890496042
6107 318.5901833575
6176 313.4348630499
6201 255.0199321366
6232 232.9507133092
6283 217.3305627687
6298 194.3521328151
6302 193.0785103657
6305 190.2823591228
6313 179.0095802410
6351 153.0484961634
6509 150.0475526046
6549 138.2199605663
6571 132.5871589232
6581 121.1116996483
6625 118.7141806895
6632 113.4817184088
6670 86.9479090164
6784 79.0335969544
6859 76.2141239236
6869 75.4589640735
6873 73.8665857767
6882 72.8533882311
6890 50.6187237727
6944 48.2351212764
7082 37.1493753466
7176 34.5148111279
7209 29.3773550194
7268 27.9091484140
7325 25.6486666399
7329 22.3588602400
7522 22.1172401993
7554 19.5230822656
7608 18.8259027602
7630 16.8168605323
7684 16.0152465538
7685 14.9599332170
7744 12.3371433256
7843 11.9642282640
7880 10.8643977532
7906 8.1110697568
8042 7.7991116270
8207 6.9119086508
8248 6.7796223549
8269 6.6797496722
8291 6.3402153748
8386 6.2988641892
8399 6.1943947763
8413 5.9936111022
8438 5.5194703857
8446 4.7539167934
8742 4.6561216319
8823 4.4538667906
8829 4.3095425235
8867 4.3001343059
8921 4.2734801295
8963 4.0591509939
8996 3.9244686970
9235 3.8980592271
9264 3.8968939565
9289 3.8684226912
9358 3.8313681437
9373 3.7110890243
9428 3.5926581987
9545 3.5846951671
9561 3.5836469932
9586 3.5643538389
9659 3.5625654720
9676 3.5529095866
9695 3.5301980232
9706 3.4879352020
9756 3.4289610986
10152 3.4167968706
10165 3.4149877026
10178 3.4085973768
10248 3.4080136025
10251 3.3970339343
10272 3.3964367037
10323 3.3947794702
10353 3.3918324763
10359 3.3892427744
10412 3.3867321296
10425 3.3811615639
10426 3.3674830085
10460 3.3643202221
10602 3.3554048571
10686 3.3528631528
10771 3.3513893801
10873 3.3458467051
11011 3.3434174817
11237 3.3425332840
11349 3.3411440915
11398 3.3398045181
11441 3.3397248522
11445 3.3392452199
11473 3.3391950600
11500 3.3388061533
11504 3.3376924286
11528 3.3374652571
11571 3.3355181539
11716 3.3343543217
11835 3.3343092515
11839 3.3338513952
11897 3.3338244263
11916 3.3338009499
11945 3.3331016055
12017 3.3329266352
12024 3.3327875913
12051 3.3326363194
12111 3.3324244573
12140 3.3321771505
12203 3.3321032051
12247 3.3320570527
12263 3.3320365414
12289 3.3320137749
12294 3.3319884411
12298 3.3319791275
12308 3.3315920352
12403 3.3313789912
12462 3.3313651539
12524 3.3312901630
12566 3.3312071257
12575 3.3311721741
12637 3.3310488564
12713 3.3309455595
12755 3.3307950584
12812 3.3307888865
12813 3.3307321009
12982 3.3306825361
13021 3.3306707719
13037 3.3305961394
13039 3.3305408308
13196 3.3305372022
13253 3.3304986310
13323 3.3304919588
13328 3.3304539212
13331 3.3304374086
13369 3.3303148123
13652 3.3303057449
13685 3.3303042416
13709 3.3302580860
13906 3.3302484493
13912 3.3302121839
14041 3.3302111968
14114 3.3302087367
14140 3.3301971825
14266 3.3301697180
14353 3.3301559309
14399 3.3301548329
14406 3.3301543195
14420 3.3301526815
14459 3.3301456694
14509 3.3301452686
14535 3.3301194853
14554 3.3301027118
14752 3.3300995464
14758 3.3300946418
14831 3.3300868128
14860 3.3300790902
14909 3.3300445306
15137 3.3300398003
15215 3.3300192089
15300 3.3300171130
15379 3.3300017415
15390 3.3299864858
15597 3.3299637573
15755 3.3299365358
15778 3.3299363464
15803 3.3299240937
16140 3.3299009065
16252 3.3298497476
16296 3.3298441455
16349 3.3297992620
16544 3.3297132269
16730 3.3297091398
16770 3.3296700191
16815 3.3296253058
16818 3.3295843459
16933 3.3295407140
17076 3.3295092936
17202 3.3294700130
17215 3.3294188743
17337 3.3293651898
17470 3.3292850041
17519 3.3291336065
17699 3.3290974640
17723 3.3289719615
17758 3.3283941099
18080 3.3282702638
18920 3.3281502420
18984 3.3280878321
19029 3.3273198238
19092 3.3269396389
19166 3.3265879702
19299 3.3264773968
19318 3.3259680978
19349 3.3245460280
19566 3.3242473815
19679 3.3239307782
19822 3.3232146913
19876 3.3225350403
19932 3.3220950305
19938 3.3207779483
20015 3.3199819635
20079 3.3182939247
20182 3.3179959205
20288 3.3177320506
20290 3.3176979670
20347 3.3173300856
20349 3.3166322389
20437 3.3158802608
20509 3.3150301833
20623 3.3131891653
20711 3.3128264718
20767 3.3104990712
20888 3.3092334773
20890 3.3086698214
21108 3.3047772424
21122 3.3037288266
21311 3.3036965081
21350 3.3028559037
21380 3.3026469499
21403 3.3011854721
21449 3.3004166514
21495 3.2984073476
21502 3.2949090380
22113 3.2943995135
22214 3.2891940191
22221 3.2876331351
22261 3.2857216338
22300 3.2748473736
22443 3.2616462409
22680 3.2454605765
22767 3.2339207500
22812 3.1970692526
23609 3.1919121584
23679 3.1483678949
23757 3.1261075662
23888 3.1248555533
23901 3.1197280246
23945 3.1111677951
23960 3.0993038370
23963 3.0954494831
24003 3.0736569500
24038 3.0307476044
24128 3.0159007399
24132 3.0073947316
24165 2.9648976281
24193 2.9648143979
24286 2.9558087715
24323 2.9280374776
24408 2.9192682528
24452 2.9050597563
24473 2.8823206974
24729 2.8663200520
24839 2.8472163810
24984 2.8297160932
25083 2.8048474111
25212 2.8030993994
25235 2.7865978477
25245 2.7768687242
25315 2.7717120350
25346 2.7585386240
25452 2.7474439644
25623 2.7131772925
25767 2.6885546134
25863 2.6482187915
25934 2.6455053596
25954 2.6374794555
26063 2.5856073772
26480 2.5678190022
26515 2.5201967949
26550 2.4913654456
26832 2.4727687749
26835 2.4544097106
26907 2.4348496756
26913 2.4169275376
26965 2.4152066598
26997 2.4052641863
27056 2.4013139478
27123 2.3627029328
27302 2.3566979655
27303 2.2691398020
27453 2.2614683142
27643 2.2441022763
27779 2.2338513761
27812 2.2072273633
28043 2.1675178591
28123 2.1673279254
28230 2.1256154377
28348 2.1137134510
28349 2.1074837643
28475 2.0879908246
28680 2.0783139381
28873 2.0725541768
28904 2.0577264971
28944 2.0551367934
28976 2.0229137130
29060 2.0101907213
29187 2.0002914277
29239 1.9689461184
29322 1.9652106417
29406 1.9340901248
29872 1.8679745201
30129 1.8590575663
30346 1.8357313077
30392 1.7964773222
30692 1.7931215011
30768 1.7729212891
30847 1.7503866780
30866 1.7494440600
30883 1.7429294954
30892 1.7319598955
30934 1.7237136853
30956 1.7100668578
30998 1.6798940988
31204 1.6794940243
31334 1.6672125492
31412 1.6423224372
31586 1.6311420571
31599 1.6142367787
31650 1.6051576070
31801 1.5679145978
31961 1.5604046593
31967 1.5569287332
32009 1.5548816629
32036 1.5462188341
32083 1.5292216353
32260 1.4943492237
32440 1.4912777313
32511 1.4735956911
32525 1.4723306926
32624 1.4703575458
32626 1.4585432129
32659 1.4478204984
32701 1.4378519069
32828 1.3826276212
32936 1.3457830472
33251 1.3256497541
33767 1.2947487090
33817 1.2730517536
33980 1.2451662816
34256 1.2144178902
34398 1.2053165854
34521 1.2004276673
34574 1.1899792251
34589 1.1760185366
34704 1.1490501266
34852 1.1383115759
35129 1.0979001433
35306 1.0877315821
35334 1.0590564833
35583 1.0513084039
35961 1.0328237828
36005 1.0157498015
36180 1.0074024505
36267 1.0006561352
36280 0.9876691202
36355 0.9736234858
36440 0.9693607915
36554 0.9518670744
36596 0.9499447317
36637 0.9468860314
36659 0.9188570287
36706 0.9131829676
36812 0.9122503968
36970 0.9030166538
37321 0.9008689496
37346 0.8827939766
37411 0.8815153161
37541 0.8780122964
37560 0.8500364262
37596 0.8406770909
37623 0.8242120862
37783 0.8142222990
37956 0.8048127894
38160 0.8030575132
38214 0.7553105675
38413 0.7536164713
38979 0.7292678115
39031 0.7288012117
39129 0.7195962798
39184 0.7164244259
39211 0.7073139914
39242 0.7047892485
39244 0.6945899396
39277 0.6919377435
39531 0.6776954633
39563 0.6646406376
39628 0.6521468814
39714 0.6411673491
39731 0.6404745086
39872 0.6385284192
40333 0.6325159666
40335 0.6280387810
40373 0.6133300728
40420 0.6009956335
40457 0.5993806653
40475 0.5887513511
40760 0.5863743254
40822 0.5840751257
40823 0.5710153660
40916 0.5648306575
40931 0.5640457668
41250 0.5594470307
41328 0.5589307411
41409 0.5586101745
41539 0.5575153826
41592 0.5544618717
41607 0.5496765734
41638 0.5470604339
41678 0.5448725274
41686 0.5419270416
41740 0.5417500750
41773 0.5396738520
41857 0.5391070885
41871 0.5333450753
41882 0.5263139675
41936 0.5168058424
42066 0.5105272466
42180 0.5105057509
42329 0.5076122347
42338 0.5055030510
42387 0.5050131066
42466 0.4997715070
42512 0.4955953288
42522 0.4944232204
42541 0.4929670824
42578 0.4923003493
42625 0.4913265744
42644 0.4838889321
42871 0.4688658767
43022 0.4663715329
43103 0.4618960257
43179 0.4609077865
43208 0.4520633236
43387 0.4474308007
43406 0.4456270930
43593 0.4433882382
43630 0.4414402712
43821 0.4402385274
43837 0.4304991594
43974 0.4232695200
44021 0.4123466193
44294 0.3959531260
44408 0.3950450856
44439 0.3896006880
44497 0.3833037413
44850 0.3829263113
44882 0.3811164163
44883 0.3803979544
44925 0.3713732092
44997 0.3678509711
45105 0.3568908207
45321 0.3490551658
45538 0.3362704983
46103 0.3350454874
46186 0.3334789541
46193 0.3270488868
46320 0.3225740581
46448 0.3200963977
46494 0.3165177148
46507 0.3096016915
46603 0.3067289306
46706 0.2941154853
47009 0.2919843568
47108 0.2877062008
47361 0.2834964969
47421 0.2819039157
47422 0.2812217278
47475 0.2735277732
47478 0.2727080777
47537 0.2722133546
47610 0.2703775033
47636 0.2654988421
47835 0.2643139761
47958 0.2591771754
48053 0.2586730336
48088 0.2578219455
48130 0.2539204390
48179 0.2501853000
48240 0.2484918977
48313 0.2430662619
48490 0.2421465704
48572 0.2392618866
48575 0.2356073611
48645 0.2310385694
48908 0.2305879559
48944 0.2279008065
49055 0.2268458822
49103 0.2260950915
49233 0.2212200742
49270 0.2158786250
49294 0.2157737758
49465 0.2153974471
49521 0.2079767333
49570 0.2043649689
49885 0.1983222566
50052 0.1938454348
50200 0.1867466290
50317 0.1867062092
50382 0.1854140701
50383 0.1850138175
50417 0.1848190613
50458 0.1808761912
50462 0.1780742724
50567 0.1766443541
50640 0.1686347824
50858 0.1640551132
51140 0.1597016190
51214 0.1563229673
51571 0.1544256889
51626 0.1540151121
51676 0.1508288540
51777 0.1498441113
51837 0.1479872032
51920 0.1473893879
51949 0.1471817142
52004 0.1454976834
52048 0.1392372919
52178 0.1358814510
52241 0.1335012646
52366 0.1333446167
52796 0.1302014818
53024 0.1298028938
53168 0.1292739950
53231 0.1291529069
53240 0.1267677942
53261 0.1260233911
53296 0.1255067776
53339 0.1250500131
53384 0.1246259425
53390 0.1224362000
53405 0.1184117926
53440 0.1179215623
53620 0.1139681473
53753 0.1134522721
53934 0.1122183939
53962 0.1109859183
54129 0.1076847801
54554 0.1071295721
54696 0.1003020976
54799 0.1002665612
54903 0.0998340610
54913 0.0981162067
55111 0.0977986838
55411 0.0942203682
55564 0.0906663019
55696 0.0899155171
55733 0.0860648273
55842 0.0835147922
55979 0.0823477527
55985 0.0815366647
55995 0.0796780787
56061 0.0755118351
56497 0.0754455331
56591 0.0749632136
56605 0.0748389385
56775 0.0728163318
56833 0.0714895391
57087 0.0705553250
57107 0.0682448672
57243 0.0665435520
57353 0.0663506828
57358 0.0659096669
57407 0.0633194752
57445 0.0625912301
57508 0.0618659558
57587 0.0602556609
57716 0.0600383317
57925 0.0589311798
58160 0.0578265753
58258 0.0563514675
58264 0.0561698942
58316 0.0540785159
58403 0.0537449358
58456 0.0533905931
58468 0.0512629789
58993 0.0500345617
59004 0.0494043469
59070 0.0477107064
59141 0.0464995589
59246 0.0461047120
59250 0.0456616680
59370 0.0454710879
59955 0.0419809592
60166 0.0417327727
60169 0.0413381282
60340 0.0403134057
60379 0.0397426902
60533 0.0374375352
60815 0.0366685366
60823 0.0357812722
61007 0.0353344292
61035 0.0344613303
61164 0.0341950090
61198 0.0330909599
61275 0.0321816414
61431 0.0305629609
61802 0.0290741776
61958 0.0286654341
62264 0.0272324045
62405 0.0270694964
62501 0.0255914536
62567 0.0238601320
62800 0.0230604249
63209 0.0224383331
63508 0.0223097651
63632 0.0222503225
63662 0.0216868545
63670 0.0205090704
63922 0.0197848337
63933 0.0193893113
64159 0.0191667917
64185 0.0186145681
64306 0.0185847393
64343 0.0184003053
64378 0.0183999597
64400 0.0175003384
64419 0.0172935302
64482 0.0172042335
64733 0.0170209635
64747 0.0166181200
64864 0.0164365547
65131 0.0164037392
65151 0.0153470304
65347 0.0152213662
65437 0.0151854553
65474 0.0150053608
65491 0.0148245909
65519 0.0139277931
65801 0.0136869319
66085 0.0130494945
66380 0.0125856278
66501 0.0125687263
66557 0.0123789123
66583 0.0121857884
66652 0.0116517259
66661 0.0115587886
67267 0.0115556349
67367 0.0115349397
67376 0.0115068363
67392 0.0113836678
67401 0.0112535935
67429 0.0108112464
67462 0.0106777122
67501 0.0105056290
67548 0.0102512466
67567 0.0099096660
67613 0.0098701458
67750 0.0097523510
67795 0.0095352268
67909 0.0093951652
68130 0.0093080008
68194 0.0092848373
68243 0.0091950206
68347 0.0091079028
68382 0.0086001835
68481 0.0085360766
68774 0.0085126753
68816 0.0084973171
68831 0.0079947461
69268 0.0078832925
69539 0.0072631585
70050 0.0068891572
70577 0.0068648242
70708 0.0068398559
70720 0.0067727078
70797 0.0064677757
70860 0.0062739884
70924 0.0062293683
71037 0.0061205776
71153 0.0060981748
71279 0.0059273304
71284 0.0058361816
71306 0.0058346759
71407 0.0056271390
71534 0.0054624163
71605 0.0054543112
71792 0.0054224113
71813 0.0053807990
71850 0.0052766975
71884 0.0051799044
72020 0.0048860117
72141 0.0048381960
72389 0.0048095770
72654 0.0047508010
72683 0.0047034969
72690 0.0045598691
72971 0.0045233796
72976 0.0043685937
73156 0.0042872272
73283 0.0040893586
73403 0.0039855999
73483 0.0039778829
73544 0.0039543065
73579 0.0038225340
73717 0.0036824982
73957 0.0036602964
74009 0.0036381312
74084 0.0034997374
74467 0.0034134366
74488 0.0033907206
74655 0.0033356651
74663 0.0031866773
74770 0.0031583188
74809 0.0031025633
75025 0.0030860060
75033 0.0029252479
75086 0.0028524728
75435 0.0028291933
75485 0.0027457451
75518 0.0027255275
75574 0.0026761433
75619 0.0023896441
76047 0.0023427894
76158 0.0021781059
77887 0.0021557874
77920 0.0020776600
78137 0.0020586357
78183 0.0020398265
78198 0.0019193261
78351 0.0018893167
78472 0.0017728527
78604 0.0017482155
78634 0.0017253719
78678 0.0016939408
78895 0.0016938064
79042 0.0016553289
79181 0.0016394751
79277 0.0015229675
80647 0.0015216685
80663 0.0014597041
80879 0.0014163718
81052 0.0013902480
81151 0.0012752053
81207 0.0012712947
81498 0.0012505927
81710 0.0012477741
81799 0.0011877347
81823 0.0010882041
82010 0.0010792309
82054 0.0010652372
82136 0.0010463603
82182 0.0010011087
82618 0.0009953883
82701 0.0009521344
82854 0.0009176109
82989 0.0009072342
83202 0.0008786854
83216 0.0008523332
83371 0.0008252238
83505 0.0008011498
83604 0.0007753867
83665 0.0007679778
83680 0.0007583426
83854 0.0007073100
84023 0.0007071377
84059 0.0007054665
84193 0.0007025249
84335 0.0006804690
84451 0.0006785489
84472 0.0006728233
84500 0.0006140345
84758 0.0006136202
84851 0.0005825466
84986 0.0005468719
85479 0.0005275338
85608 0.0005159118
85619 0.0004970425
85711 0.0004900929
86114 0.0004862348
86172 0.0004822334
86239 0.0004746751
86367 0.0004669963
86438 0.0004636666
86449 0.0004494528
86501 0.0004271575
87533 0.0004263210
87711 0.0004221896
87720 0.0004178228
87815 0.0004158866
87844 0.0003912769
87939 0.0003869335
87947 0.0003855147
87991 0.0003551382
88149 0.0003545449
88458 0.0003432522
88658 0.0003417233
88970 0.0003393581
89049 0.0003263009
89200 0.0003248833
89388 0.0003179374
89665 0.0003118707
89697 0.0003115813
89776 0.0003106876
89846 0.0003086534
89851 0.0002903838
90080 0.0002801983
90287 0.0002777211
90397 0.0002734389
90527 0.0002493134
91346 0.0002458194
91390 0.0002430376
91403 0.0002404614
91449 0.0002373701
91483 0.0002253149
92105 0.0002243509
92209 0.0002222809
92232 0.0002208261
92268 0.0002161773
92400 0.0002122385
92418 0.0002118276
92471 0.0001992302
92637 0.0001947468
92712 0.0001945464
92735 0.0001915978
92759 0.0001900381
92789 0.0001892165
92931 0.0001885679
92962 0.0001857463
93232 0.0001791228
93755 0.0001785180
93828 0.0001710334
94347 0.0001699296
94365 0.0001625805
94382 0.0001606313
94588 0.0001599704
94682 0.0001567720
94788 0.0001535169
94925 0.0001400008
95120 0.0001350547
95128 0.0001305769
95205 0.0001265598
95480 0.0001168188
95892 0.0001156103
95941 0.0001138625
95992 0.0001132554
96002 0.0001130011
96004 0.0001092930
96318 0.0001083126
96346 0.0001081867
96492 0.0001064143
96613 0.0001010261
96858 0.0000951278
97115 0.0000950458
97369 0.0000943171
97430 0.0000907676
97539 0.0000906721
97544 0.0000896288
97726 0.0000878375
97789 0.0000873611
97854 0.0000872165
97922 0.0000801624
98010 0.0000801500
98029 0.0000787741
98414 0.0000758352
98576 0.0000712318
98821 0.0000696582
98882 0.0000690856
98901 0.0000678654
98929 0.0000677845
99073 0.0000632130
99212 0.0000630397
99280 0.0000598030
99744 0.0000539478
99883 0.0000536225
100246 0.0000520370
100493 0.0000472251
100607 0.0000468122
100737 0.0000465152
100995 0.0000462361
101097 0.0000457312
101130 0.0000440271
101290 0.0000428176
101357 0.0000387686
101833 0.0000377731
101855 0.0000356082
101973 0.0000354980
101991 0.0000352332
102100 0.0000339562
102403 0.0000332823
102674 0.0000314619
103297 0.0000310540
103423 0.0000306648
103583 0.0000296491
103668 0.0000260002
104142 0.0000256431
104158 0.0000249312
104352 0.0000237623
104372 0.0000236657
104441 0.0000234125
104450 0.0000233916
104502 0.0000221745
104509 0.0000211858
104877 0.0000205764
104894 0.0000196880
105038 0.0000186109
105675 0.0000177130
105738 0.0000169907
105883 0.0000154597
106125 0.0000153819
106130 0.0000149863
106475 0.0000147989
106551 0.0000147730
106586 0.0000138647
106722 0.0000134911
106889 0.0000132551
107023 0.0000123496
107182 0.0000116512
107252 0.0000113359
107317 0.0000108818
107876 0.0000101955
107881 0.0000101359
108133 0.0000095795
108843 0.0000094134
108865 0.0000089359
108953 0.0000088670
108977 0.0000083723
109179 0.0000076480
109418 0.0000072093
109994 0.0000071952
110203 0.0000071616
110300 0.0000062386
110779 0.0000061608
110793 0.0000060391
110964 0.0000059428
111120 0.0000058878
111194 0.0000055806
111203 0.0000051751
111485 0.0000050614
111608 0.0000046333
111680 0.0000044055
111971 0.0000041157
112097 0.0000041055
113254 0.0000040601
113279 0.0000035740
113391 0.0000034319
113413 0.0000031433
113950 0.0000031340
114071 0.0000030627
114288 0.0000028465
114404 0.0000027609
114515 0.0000025995
114720 0.0000025680
114746 0.0000024149
114844 0.0000023699
114909 0.0000022034
114958 0.0000020619
115174 0.0000020032
115229 0.0000019760
115445 0.0000018928
115852 0.0000018022
116003 0.0000017579
116089 0.0000016437
116200 0.0000016330
116330 0.0000016035
116615 0.0000016013
116696 0.0000014615
116977 0.0000014514
116987 0.0000014283
117051 0.0000014277
117058 0.0000013581
117112 0.0000013419
117222 0.0000013262
117424 0.0000012778
117484 0.0000012415
117530 0.0000012056
117732 0.0000011666
117813 0.0000011585
117879 0.0000011397
117916 0.0000010607
118246 0.0000010518
118444 0.0000010515
118447 0.0000010342
118615 0.0000009774
118716 0.0000009528
118771 0.0000009460
118774 0.0000009453
118881 0.0000008415
119369 0.0000008186
119434 0.0000007884
119623 0.0000007695
119626 0.0000007152
119844 0.0000007057
119995 0.0000006718
120022 0.0000006124
120756 0.0000005756
120917 0.0000005465
121354 0.0000004967
121841 0.0000004698
122055 0.0000004624
122056 0.0000004116
122233 0.0000004000
122471 0.0000003875
122760 0.0000003697
122826 0.0000003603
123323 0.0000003454
123328 0.0000003387
123380 0.0000003276
123525 0.0000003190
123599 0.0000003175
123643 0.0000003139
123711 0.0000003119
123752 0.0000003028
123773 0.0000002999
123816 0.0000002992
123901 0.0000002944
123921 0.0000002911
124019 0.0000002731
124095 0.0000002556
124340 0.0000002555
124354 0.0000002474
124383 0.0000002397
124500 0.0000002311
124691 0.0000002013
124873 0.0000001969
124928 0.0000001941
125160 0.0000001851
125171 0.0000001650
125333 0.0000001631
125494 0.0000001608
125511 0.0000001554
125517 0.0000001426
125808 0.0000001388
126164 0.0000001318
126359 0.0000001308
126453 0.0000001265
126458 0.0000001158
126512 0.0000001139
126585 0.0000001124
126590 0.0000001111
126624 0.0000001070
126796 0.0000001002
126874 0.0000000906
127102 0.0000000906
127313 0.0000000829
127670 0.0000000721
127890 0.0000000629
129090 0.0000000535
129119 0.0000000529
129254 0.0000000473
129748 0.0000000462
129860 0.0000000454
129925 0.0000000453
130007 0.0000000431
130025 0.0000000389
130058 0.0000000343
130127 0.0000000332
130573 0.0000000322
130599 0.0000000314
130722 0.0000000268
131424 0.0000000230
131933 0.0000000226
131938 0.0000000218
132475 0.0000000203
132657 0.0000000191
132677 0.0000000185
132737 0.0000000163
132812 0.0000000136
133353 0.0000000135
133459 0.0000000126
133470 0.0000000118
133705 0.0000000111
134042 0.0000000083
134537 0.0000000081
134730 0.0000000079
135098 0.0000000070
135206 0.0000000068
135255 0.0000000066
135310 0.0000000065
135505 0.0000000064
135559 0.0000000061
135578 0.0000000059
135617 0.0000000053
135675 0.0000000051
135725 0.0000000050
135924 0.0000000046
135992 0.0000000040
136105 0.0000000039
136168 0.0000000039
136241 0.0000000032
136754 0.0000000032
136826 0.0000000029
136915 0.0000000028
136998 0.0000000028
137035 0.0000000025
137037 0.0000000024
137159 0.0000000023
137232 0.0000000022
137262 0.0000000022
137314 0.0000000021
137405 0.0000000021
137448 0.0000000020
137673 0.0000000019
137784 0.0000000019
138097 0.0000000018
138235 0.0000000016
139531 0.0000000014
139581 0.0000000014
139587 0.0000000013
139704 0.0000000013
139758 0.0000000011
139927 0.0000000011
140417 0.0000000010
140482 0.0000000009
140602 0.0000000008
140887 0.0000000007
142257 0.0000000005
142778 0.0000000005
142845 0.0000000004
143013 0.0000000004
143105 0.0000000004
143124 0.0000000004
143152 0.0000000004
143293 0.0000000003
143389 0.0000000003
143590 0.0000000003
143670 0.0000000003
143760 0.0000000003
143897 0.0000000002
144215 0.0000000002
144239 0.0000000002
144322 0.0000000002
144424 0.0000000002
144428 0.0000000002
144724 0.0000000002
144805 0.0000000002
144833 0.0000000002
144889 0.0000000002
144904 0.0000000001
144922 0.0000000001
145441 0.0000000001
145455 0.0000000001
145489 0.0000000001
145492 0.0000000001
145552 0.0000000001
145630 0.0000000001
146083 0.0000000001
146299 0.0000000001
146363 0.0000000001
146379 0.0000000001
146508 0.0000000001
146594 0.0000000000
146643 0.0000000000
147222 0.0000000000
147345 0.0000000000
147455 0.0000000000
147548 0.0000000000
147889 0.0000000000
148017 0.0000000000
148295 0.0000000000
148460 0.0000000000
148521 0.0000000000
148576 0.0000000000
148716 0.0000000000
148748 0.0000000000
148756 0.0000000000
148871 0.0000000000
148918 0.0000000000
148940 0.0000000000
149519 0.0000000000
149820 0.0000000000
149845 0.0000000000
149948 0.0000000000
150301 0.0000000000
150449 0.0000000000
150490 0.0000000000
150623 0.0000000000
150895 0.0000000000
151387 0.0000000000
151808 0.0000000000
151850 0.0000000000
152066 0.0000000000
152968 0.0000000000
152974 0.0000000000
153220 0.0000000000
153235 0.0000000000
153595 0.0000000000
154090 0.0000000000
154104 0.0000000000
156072 0.0000000000
157327 0.0000000000
evaluations raw_y
1 7451530669.7233600616
2 4384839302.0240306854
11 4146178551.3537459373
13 3273198617.6957125664
23 3227965845.2148575783
35 2379397000.5659499168
38 1935632770.6901001930
45 1753419527.4775497913
58 1533640735.6586630344
70 835512415.1795454025
101 811872047.0473358631
111 803078238.0121952295
120 750956576.6871776581
149 680911393.1137124300
152 671023387.9150950909
158 591260284.1063958406
168 590203159.1893420219
171 579185536.1955008507
173 456920156.7684336305
218 420791652.9789043665
245 379433685.2672024965
265 372904788.4672868848
276 319982988.9278455973
293 276862289.7315231562
299 265477071.1785054803
306 232410092.9154432416
381 230681324.9214139283
398 221714307.7384286225
402 213459991.5322478712
408 199361565.0446102917
421 175022746.1220272183
456 174057451.2368206084
510 129743842.8356449604
560 116852103.7929964662
596 95764838.4454323500
617 92315014.0671674162
642 91323104.5519628674
649 88107048.9630139321
656 80841196.6293750703
657 77723275.5299977362
666 69582485.0688779354
678 67854630.6976187527
717 55193976.0785775259
721 40922396.6903920695
853 38193497.6593495980
871 33075906.7474748045
872 29862498.2475217097
927 22086441.1310183033
958 18932107.7305523939
971 18874460.9291737117
973 15014600.4331698269
975 14170575.6705693062
1032 13423338.4125980772
1038 12469893.5487035327
1057 11828363.7746836208
1072 11649953.8997690231
1092 10556957.7225181777
1101 10132092.5211179759
1125 8568697.4287786298
1146 8422360.3865233436
1192 7807274.5470699603
1219 6742640.3610722385
1265 6703210.3893310996
1320 4617885.4645875320
1366 4080120.3520442192
1495 4003226.5550164701
1535 3999050.3000745783
1539 3460517.7358078482
1547 3080703.0993170193
1601 2908101.3916653744
1624 2699434.8988226056
1650 2156496.4951750897
1798 1597656.1831709847
1915 1359151.6347940359
2055 1079689.3318920664
2278 1001189.4869998192
2292 938227.4693353294
2294 933576.7138542347
2335 773567.5748611259
2401 758129.2226610892
2445 671217.2165390747
2514 613090.9467333060
2550 594193.0574282911
2556 513115.4972439646
2654 432979.6940671565
2712 342938.0250308590
2745 307004.0540658305
2869 286034.2732228044
2924 263514.8403395811
2961 232938.0008077757
2964 215561.0447116476
3004 140716.9252167543
3311 132785.0013220889
3320 103858.0629040157
3408 99442.9187822388
3459 94772.7176890362
3493 88731.8221352153
3514 55818.3984236703
3760 53470.0847176585
3782 40862.4326900410
3854 39813.5388649220
3882 39093.4058770619
3901 31313.5264793974
3991 28552.8399887607
4049 20129.7344353344
4171 19793.6218573867
4204 18333.4516532288
4298 17900.7515937326
4362 15294.6834715798
4363 14252.3409676574
4416 13589.8500120680
4426 10028.1509999884
4584 9721.5155448865
4597 8983.6534932851
4662 8833.4404614329
4697 8356.3548094525
4723 7949.0689809579
4726 7223.9244453629
4757 6683.0817992138
4796 6607.7890583968
4823 5690.8364254760
4841 5412.0137662983
4845 5249.3743837776
4920 4956.9932350887
4957 4555.4662835136
4990 4152.2463938596
5022 3858.1166559038
5030 3509.4762820834
5095 3326.5875264802
5101 3084.5568767301
5161 2986.4226733754
5209 2457.9394511804
5293 2200.2920389258
5294 1713.1810328640
5441 1618.6482201767
5546 1397.3620200243
5566 1336.2538887346
5582 984.9989504563
5741 898.4614767270
5822 817.3870840973
5869 759.4737667957
6048 718.2774595137
6061 616.9753391441
6072 594.8949938079
6107 542.8985675048
6163 533.5951056153
6190 516.1964726911
6225 432.5652661410
6235 340.7474518056
6241 305.7680461188
6302 299.9341755029
6385 296.4546857476
6427 263.0143058399
6468 217.4256077878
6616 195.9047276712
6694 188.8372248531
6715 181.8561506412
6717 156.4830431971
6738 125.9033975394
6800 116.1245165627
6865 107.0320426910
6933 87.5986250376
7007 86.1444944270
7077 78.2596957011
7160 68.2628188709
7187 67.0337815353
7272 62.6430987458
7278 57.2735286695
7392 50.3563370904
7425 42.2570424229
7523 40.5769849135
7588 36.6419252090
7652 30.5929683938
7696 27.1062767205
7720 26.9864871664
7750 25.7886496139
7781 24.8676200879
7861 22.6005953545
7864 21.4211201689
7888 18.0203158864
7974 16.8672632024
8039 12.6579221721
8225 11.8607267119
8262 9.4602045373
8322 8.6944880725
8353 7.5581859415
8355 7.3396873625
8488 6.7248567125
8533 6.0587916125
8583 5.7722940478
8668 5.6621099454
8702 5.3626421236
8711 5.0379004492
8721 4.7797619474
8738 4.4669058888
8772 3.9910426583
8801 3.8345781163
8826 3.7461817133
8850 3.6352184457
8863 3.4773159175
8875 3.4211573961
8908 3.1679035660
8919 3.1381347370
8936 2.7994062035
8942 2.2566542972
9123 1.9371148492
9154 1.8463713345
9163 1.5940418123
9224 1.3772194320
9331 1.3266634227
9377 1.1688424867
9428 1.0386434633
9530 0.9017039757
9546 0.8928917925
9677 0.8656262230
9695 0.7910698198
9733 0.7701991916
9746 0.7697900181
9757 0.5419573816
9809 0.5406862093
9885 0.4982615212
9983 0.4128644089
10049 0.3746410027
10128 0.3719150958
10214 0.3666159171
10248 0.3560461519
10249 0.3342488268
10267 0.3202467794
10321 0.3157273330
10360 0.2993169751
10367 0.2950606271
10387 0.2867385453
10431 0.2794591256
10454 0.2575633488
10543 0.2412579658
10610 0.2402879552
10657 0.2335220925
10661 0.2198466697
10703 0.1901450955
10804 0.1794548510
10913 0.1793045974
10980 0.1632171779
11008 0.1605483583
11029 0.1588502048
11050 0.1546915282
11172 0.1457444928
11186 0.1384021904
11563 0.1376632539
11589 0.1370312046
11593 0.1351365180
11610 0.1350338434
11644 0.1325449323
11645 0.1316655015
11682 0.1300605701
11707 0.1256481191
12024 0.1255514552
12086 0.1224993976
12268 0.1221833588
12282 0.1221546385
12310 0.1212896208
12326 0.1209003781
12379 0.1206524140
12469 0.1204673757
12560 0.1202037145
12603 0.1198187788
12641 0.1196971730
12656 0.1195108015
12673 0.1193815557
12724 0.1193313178
12798 0.1192227261
12866 0.1189371653
12897 0.1187681624
13027 0.1187183336
13051 0.1186475296
13125 0.1185032929
13237 0.1184573905
13264 0.1184050630
13285 0.1183135949
13327 0.1183005736
13358 0.1182898979
13412 0.1182681036
13504 0.1182222213
13536 0.1182191477
13570 0.1181713978
13571 0.1181341378
13590 0.1181219078
13724 0.1181153590
13768 0.1180925016
13803 0.1180572411
13829 0.1180568588
13843 0.1180136616
14019 0.1179841892
14104 0.1179767543
14118 0.1179763905
14166 0.1179487879
14323 0.1179415550
14364 0.1179390321
14385 0.1179320690
14397 0.1179288264
14416 0.1179087941
14691 0.1179059852
14753 0.1179044632
14792 0.1178993596
14827 0.1178985551
14891 0.1178904752
14928 0.1178858372
15102 0.1178857266
15170 0.1178848173
15188 0.1178805429
15242 0.1178797992
15295 0.1178780951
15420 0.1178741553
15474 0.1178735869
15595 0.1178733794
15704 0.1178700510
15764 0.1178693239
15782 0.1178683950
15914 0.1178681631
15963 0.1178680521
15978 0.1178678269
16027 0.1178673762
16050 0.1178657732
16054 0.1178656363
16163 0.1178644110
16165 0.1178639196
16197 0.1178638395
16360 0.1178638267
16367 0.1178629094
16575 0.1178626575
16580 0.1178623185
16634 0.1178621975
16767 0.1178621391
16814 0.1178619633
16869 0.1178615694
16876 0.1178615167
16950 0.1178603024
17105 0.1178601523
17110 0.1178599801
17139 0.1178599706
17155 0.1178598474
17240 0.1178589931
17266 0.1178583225
17410 0.1178581466
17609 0.1178579846
17670 0.1178577811
17856 0.1178576098
18116 0.1178572491
18147 0.1178564545
18266 0.1178559796
18314 0.1178553835
18380 0.1178551530
18526 0.1178546903
18667 0.1178538290
18689 0.1178513444
18874 0.1178508138
18965 0.1178499468
18983 0.1178497047
19079 0.1178454763
19245 0.1178453725
19335 0.1178442060
19419 0.1178426882
19472 0.1178392864
19536 0.1178347698
19796 0.1178328946
19866 0.1178290742
19875 0.1178278435
19954 0.1178272019
19967 0.1178261583
20057 0.1178230176
20063 0.1178222407
20174 0.1178159070
20300 0.1178105148
20409 0.1177916411
21214 0.1177859540
21520 0.1177740273
21554 0.1177671699
21622 0.1177388314
21674 0.1177297842
21700 0.1176973092
21830 0.1176735820
21832 0.1176432763
22001 0.1176229832
22170 0.1175953882
22508 0.1175763161
22594 0.1175359198
22609 0.1175258791
22615 0.1174797748
22702 0.1174639260
22721 0.1173751545
22762 0.1173563503
22899 0.1173528325
23132 0.1173511049
23232 0.1172667137
23362 0.1172216757
23521 0.1171752952
23536 0.1170927827
23613 0.1168237499
23836 0.1166840755
23884 0.1165726223
23922 0.1165491727
24040 0.1165083606
24059 0.1164922529
24117 0.1164011757
24255 0.1160910828
24535 0.1157553522
24619 0.1151954803
25108 0.1150723743
25119 0.1146004327
25173 0.1136328283
25189 0.1131396362
25228 0.1130651205
25332 0.1127748648
25399 0.1097509059
25737 0.1097152587
25788 0.1074991093
25863 0.1064176275
25980 0.1053463102
26507 0.1029356066
26649 0.1025203537
26810 0.0920134605
27301 0.0801123485
27650 0.0774549647
27799 0.0756676255
27965 0.0750976937
27969 0.0746620841
28065 0.0735331025
28085 0.0720472631
28088 0.0619874090
28282 0.0606868010
28375 0.0597917068
28426 0.0593554199
28454 0.0536900901
28482 0.0503113769
28729 0.0476684348
28738 0.0472909614
28828 0.0441218735
28908 0.0437919234
28926 0.0435757472
28956 0.0435132714
28967 0.0427677257
29008 0.0426657680
29021 0.0390519231
29212 0.0369446426
29296 0.0357506128
29365 0.0331761568
29521 0.0310259047
29671 0.0302470469
29825 0.0300976069
29893 0.0295899162
29923 0.0294503903
29956 0.0291789278
29990 0.0282118214
30015 0.0277001440
30040 0.0273817581
30186 0.0271411068
30224 0.0271328221
30234 0.0267037495
30276 0.0265902293
30284 0.0261686062
30291 0.0257525870
30331 0.0253364633
30367 0.0251697490
30378 0.0250825070
30415 0.0248047200
30448 0.0237362018
30960 0.0234057761
31099 0.0223694113
31205 0.0215543800
31242 0.0214018263
31368 0.0213134508
31398 0.0212673287
31407 0.0208432781
31504 0.0202393739
31510 0.0194898662
31531 0.0190183858
31661 0.0189602189
31671 0.0182864389
31715 0.0181179375
31890 0.0176379332
31961 0.0172181411
31982 0.0169030107
32277 0.0153802169
32808 0.0151912737
32902 0.0151138056
32983 0.0146326435
32986 0.0136181793
33049 0.0135898241
33082 0.0129151182
33205 0.0117113103
33295 0.0114653872
33828 0.0109529530
33869 0.0103821520
34008 0.0101906801
34017 0.0099651220
34093 0.0097780861
34136 0.0097589206
34190 0.0096259835
34218 0.0095937577
34230 0.0094168729
34297 0.0092653778
34320 0.0090907891
34401 0.0090497498
34407 0.0089563193
34443 0.0088132489
34624 0.0083297847
34687 0.0082106415
34791 0.0078383224
34919 0.0077652998
34968 0.0076592755
35090 0.0075926308
35135 0.0075478170
35152 0.0074765005
35297 0.0074743557
35354 0.0072575852
35382 0.0072109677
35385 0.0071299742
35423 0.0069996587
35510 0.0066645018
35604 0.0065540594
35648 0.0064502137
35688 0.0063634848
35828 0.0063112092
35984 0.0062366335
35998 0.0057424500
36275 0.0057176414
36297 0.0055745832
36303 0.0055557792
36449 0.0054723534
36510 0.0053442049
36573 0.0053114228
36579 0.0052495562
36699 0.0049904930
36756 0.0048444527
36984 0.0047697987
37032 0.0045713810
37331 0.0045305546
37347 0.0044528991
37425 0.0043975953
37482 0.0043439943
37494 0.0041737015
37668 0.0040529870
37711 0.0039900330
37795 0.0039589784
37826 0.0038219981
37908 0.0034998272
38406 0.0033047802
38450 0.0032294843
38569 0.0031667400
38837 0.0031539034
38889 0.0031430388
38922 0.0030896571
38923 0.0030747538
38960 0.0030706057
38975 0.0029702808
39108 0.0029097532
39120 0.0028725155
39223 0.0028553918
39241 0.0028128436
39267 0.0027700696
39271 0.0027320961
39372 0.0026653326
39454 0.0026613666
39483 0.0023927911
39714 0.0022718509
39824 0.0021525453
39991 0.0021292713
40102 0.0021188590
40124 0.0021133492
40162 0.0020866485
40396 0.0019905429
40564 0.0018200633
40941 0.0018142988
40947 0.0018113772
41050 0.0017454265
41106 0.0016748882
41208 0.0016135972
41370 0.0015710339
41503 0.0015060500
41529 0.0014532385
41576 0.0014493386
41768 0.0013976592
42448 0.0013438329
42521 0.0012766923
42617 0.0012558212
42918 0.0012138908
42958 0.0011960764
43009 0.0011927196
43039 0.0011881777
43072 0.0011876803
43097 0.0011764657
43216 0.0011499891
43261 0.0011333531
43286 0.0010743952
43305 0.0010668222
43518 0.0010365338
43631 0.0009579419
43855 0.0009550930
43860 0.0008668974
43951 0.0008461446
44045 0.0008448118
44115 0.0008136375
44307 0.0007883111
44350 0.0007874349
44367 0.0007706939
44370 0.0007403373
44437 0.0007369834
44485 0.0007081230
44592 0.0007006441
45167 0.0006816788
45517 0.0006804715
45564 0.0006724487
45576 0.0006477376
45763 0.0006339668
45780 0.0006212668
45828 0.0005793734
45886 0.0005660728
45936 0.0005590697
45974 0.0005261430
46403 0.0005099644
46695 0.0005086366
46741 0.0004873696
46918 0.0004716187
47008 0.0004667491
47051 0.0004564706
47270 0.0004266320
47625 0.0003919274
47861 0.0003913537
47928 0.0003803833
48010 0.0003613006
48079 0.0003599215
48110 0.0003514595
48266 0.0003448968
48297 0.0003433598
48320 0.0003366490
48364 0.0003298900
48495 0.0003268877
48626 0.0003099328
48731 0.0002933908
48787 0.0002861813
49296 0.0002853677
49354 0.0002786915
49614 0.0002528600
49986 0.0002501201
50022 0.0002470583
50130 0.0002368889
50335 0.0002361351
50387 0.0002337916
50490 0.0002229512
50509 0.0002224466
50701 0.0002208909
50710 0.0002199575
50764 0.0002170421
50774 0.0002090050
51042 0.0002084502
51101 0.0002055133
51122 0.0001977615
51649 0.0001808635
51781 0.0001763327
52209 0.0001760910
52244 0.0001694587
52289 0.0001679414
52327 0.0001579036
52364 0.0001558025
52466 0.0001473177
52919 0.0001472807
52931 0.0001421303
53026 0.0001418401
53127 0.0001375490
53161 0.0001354281
53189 0.0001321351
53209 0.0001318321
53588 0.0001312873
53593 0.0001292374
53773 0.0001289139
53802 0.0001266756
53849 0.0001240510
53991 0.0001205564
54082 0.0001187422
54138 0.0001140690
54189 0.0001126848
54262 0.0001106513
54268 0.0001093997
54464 0.0001090898
54473 0.0001066884
54650 0.0001038975
54747 0.0001032969
54772 0.0000927749
55113 0.0000879932
55397 0.0000845652
55479 0.0000782923
55709 0.0000749569
55787 0.0000730236
55867 0.0000724798
55883 0.0000720568
55903 0.0000705443
56038 0.0000682392
56151 0.0000658413
56196 0.0000624690
56281 0.0000612747
56384 0.0000611864
56473 0.0000608047
56536 0.0000557700
56722 0.0000549312
56734 0.0000542693
56824 0.0000520927
56851 0.0000517827
56946 0.0000515127
56958 0.0000494186
57196 0.0000494184
57248 0.0000461243
57529 0.0000454142
57558 0.0000400118
58215 0.0000397727
58258 0.0000364753
58297 0.0000354206
58610 0.0000349023
58776 0.0000336338
59008 0.0000301255
59158 0.0000297069
59275 0.0000268815
59593 0.0000267325
59646 0.0000266780
59700 0.0000259942
59744 0.0000250957
59823 0.0000248018
59857 0.0000245276
59892 0.0000235909
60066 0.0000215110
60176 0.0000205977
60442 0.0000198430
60539 0.0000183118
60792 0.0000180452
61209 0.0000179873
61210 0.0000174765
61246 0.0000159372
61362 0.0000157558
61371 0.0000152702
61408 0.0000146726
61585 0.0000140239
61763 0.0000138408
61775 0.0000132114
61868 0.0000114043
62557 0.0000112479
62652 0.0000109562
62859 0.0000108190
62867 0.0000107149
62888 0.0000099339
63158 0.0000094227
63257 0.0000086762
64308 0.0000081043
64436 0.0000079490
64511 0.0000078923
64624 0.0000073019
64920 0.0000069791
65171 0.0000066493
65208 0.0000064971
65267 0.0000063990
65404 0.0000063071
65467 0.0000060108
65652 0.0000056349
65956 0.0000056276
66011 0.0000050494
66176 0.0000049010
66590 0.0000044952
66736 0.0000043304
66746 0.0000043106
66932 0.0000041225
67026 0.0000039840
67035 0.0000039022
67191 0.0000038434
67235 0.0000037104
67342 0.0000034379
67656 0.0000032695
67660 0.0000030371
67722 0.0000029993
67995 0.0000029657
68070 0.0000029249
68178 0.0000028945
68200 0.0000028337
68222 0.0000026131
68321 0.0000025938
68437 0.0000024240
68472 0.0000024169
69442 0.0000023040
69473 0.0000021026
69681 0.0000020361
69864 0.0000020134
70071 0.0000019634
70103 0.0000019363
70155 0.0000018738
70179 0.0000018359
70180 0.0000016702
70669 0.0000015514
70980 0.0000015111
71162 0.0000014664
71226 0.0000014601
71285 0.0000014334
71356 0.0000014327
71362 0.0000013836
71401 0.0000013115
71448 0.0000011758
71531 0.0000010904
72207 0.0000010457
72461 0.0000010430
72466 0.0000010238
72557 0.0000010157
72606 0.0000010154
72611 0.0000010050
72612 0.0000008982
72763 0.0000008800
72806 0.0000008109
73072 0.0000007766
73118 0.0000007670
73128 0.0000007502
73142 0.0000006776
73208 0.0000006764
73370 0.0000006750
73439 0.0000006519
73440 0.0000005933
73477 0.0000005371
73740 0.0000005219
73909 0.0000004896
74224 0.0000004748
74321 0.0000004626
74377 0.0000004285
74501 0.0000004247
74506 0.0000004204
74512 0.0000004051
74554 0.0000003650
74620 0.0000003437
75107 0.0000002684
75813 0.0000002511
76032 0.0000002500
76047 0.0000002285
76362 0.0000002215
76366 0.0000002196
76515 0.0000002125
76522 0.0000002099
76562 0.0000001912
76604 0.0000001683
76866 0.0000001667
76937 0.0000001631
76983 0.0000001602
77020 0.0000001530
77185 0.0000001473
77341 0.0000001410
77435 0.0000001238
77436 0.0000001136
77439 0.0000001031
78312 0.0000000920
78327 0.0000000795
78462 0.0000000782
78529 0.0000000771
78668 0.0000000770
78961 0.0000000763
78983 0.0000000753
79004 0.0000000737
79046 0.0000000730
79070 0.0000000629
79073 0.0000000603
79276 0.0000000551
79332 0.0000000551
79409 0.0000000449
79931 0.0000000385
80148 0.0000000382
80183 0.0000000314
80279 0.0000000302
80554 0.0000000264
80782 0.0000000263
81037 0.0000000247
81272 0.0000000229
81362 0.0000000210
81643 0.0000000180
81791 0.0000000177
81876 0.0000000176
82357 0.0000000138
82636 0.0000000133
82646 0.0000000133
82718 0.0000000124
82777 0.0000000122
82790 0.0000000119
82831 0.0000000119
82865 0.0000000116
82895 0.0000000112
82990 0.0000000110
82994 0.0000000102
83211 0.0000000095
83264 0.0000000080
83519 0.0000000074
84541 0.0000000073
84602 0.0000000072
84726 0.0000000068
84729 0.0000000066
84830 0.0000000066
84832 0.0000000063
84852 0.0000000054
84955 0.0000000052
85367 0.0000000052
85379 0.0000000050
85451 0.0000000048
85476 0.0000000045
85641 0.0000000039
85739 0.0000000038
85788 0.0000000036
85828 0.0000000034
85981 0.0000000034
86018 0.0000000034
86021 0.0000000031
86132 0.0000000029
86241 0.0000000024
86347 0.0000000023
86398 0.0000000020
87115 0.0000000018
87128 0.0000000018
87145 0.0000000017
87210 0.0000000015
87330 0.0000000015
87384 0.0000000013
88195 0.0000000012
88407 0.0000000011
88409 0.0000000011
88430 0.0000000010
88595 0.0000000010
88779 0.0000000009
89060 0.0000000009
89255 0.0000000008
89364 0.0000000007
89624 0.0000000007
89688 0.0000000007
89710 0.0000000006
89855 0.0000000005
90065 0.0000000005
90273 0.0000000004
90364 0.0000000004
90365 0.0000000004
90890 0.0000000003
91158 0.0000000003
91379 0.0000000003
91509 0.0000000002
92794 0.0000000002
92871 0.0000000002
92964 0.0000000002
93000 0.0000000001
93302 0.0000000001
93325 0.0000000001
93479 0.0000000001
93496 0.0000000001
93588 0.0000000001
93883 0.0000000001
93924 0.0000000001
94000 0.0000000001
94028 0.0000000001
94216 0.0000000001
94330 0.0000000001
94418 0.0000000001
94465 0.0000000001
94524 0.0000000001
94531 0.0000000001
94860 0.0000000001
94944 0.0000000001
95012 0.0000000000
95125 0.0000000000
95389 0.0000000000
95545 0.0000000000
95726 0.0000000000
96656 0.0000000000
96928 0.0000000000
96958 0.0000000000
97051 0.0000000000
97174 0.0000000000
98145 0.0000000000
98208 0.0000000000
98534 0.0000000000
98587 0.0000000000
98845 0.0000000000
98994 0.0000000000
99080 0.0000000000
99502 0.0000000000
99518 0.0000000000
99546 0.0000000000
99581 0.0000000000
99627 0.0000000000
99707 0.0000000000
99893 0.0000000000
100002 0.0000000000
100190 0.0000000000
100255 0.0000000000
100444 0.0000000000
100464 0.0000000000
100498 0.0000000000
100544 0.0000000000
100704 0.0000000000
100789 0.0000000000
101036 0.0000000000
101054 0.0000000000
101241 0.0000000000
101260 0.0000000000
101487 0.0000000000
101507 0.0000000000
101898 0.0000000000
101912 0.0000000000
101921 0.0000000000
102027 0.0000000000
102895 0.0000000000
103017 0.0000000000
103054 0.0000000000
103165 0.0000000000
103443 0.0000000000
103448 0.0000000000
103763 0.0000000000
103959 0.0000000000
104057 0.0000000000
104141 0.0000000000
104586 0.0000000000
104735 0.0000000000
105588 0.0000000000
106306 0.0000000000
107799 0.0000000000
evaluations raw_y
1 351868166861.2624511719
2 140921619908.4817504883
6 70767207188.1383972168
7 68278314427.0299301147
8 55780088513.9785079956
13 12887259506.8908615112
18 3510043123.0704183578
52 2135624641.9003241062
89 2128986860.1918106079
95 1744366229.2981531620
101 1524778024.0015957355
119 1130171098.5900797844
123 992635962.0819106102
155 768433340.1412005424
171 684930556.9644323587
175 640713374.3036233187
181 495966918.6197333336
235 315081549.9275562763
297 253891725.7387742400
374 208519254.0003152490
498 201445858.8293015957
536 160696832.7828361988
543 111256216.5718243718
576 106458320.8674571663
633 94803688.2901846617
653 72939050.3547395468
681 63317293.6841837838
730 58669862.3723676875
782 55946091.2976471260
796 52092991.5323044211
801 31370574.1019664072
882 29492948.4306142814
903 25397847.0589605458
921 24736931.5310242288
923 22762624.8423844092
978 21886967.4490800388
986 17062943.1581063420
1089 15577734.0887924358
1109 14013377.0725502521
1111 12668037.5770376511
1137 12184393.1152011249
1141 11718637.4579393938
1154 9294625.6733541489
1174 9222201.9959865082
1185 8835209.2835974973
1208 8636108.1819814760
1217 8293809.6786358058
1222 7379912.7472260185
1276 6592233.5343809798
1323 6167426.9232398942
1356 5183919.4605543884
1433 4926984.0659549246
1512 4621204.6321231490
1543 4490122.1046421072
1587 4408459.7242698157
1591 4024834.9340385906
1604 3956538.5972426836
1644 3389611.8770524301
1683 2100690.1536932024
1831 1607083.8167266129
1963 1436029.3255981086
1986 1325739.9402075217
2141 1224692.6201254777
2142 1197220.7729046568
2271 1017310.2175544876
2334 1002519.4165486689
2340 979017.4776453496
2386 927590.8366970146
2423 764725.7046975173
2462 711568.3319858132
2499 697059.7465204552
2503 575764.2742636491
2539 553210.6886923743
2691 489870.8300554325
2752 449361.0415460587
2788 383137.8372307768
2825 351859.1277771255
2924 315848.0197843840
2999 312341.7020242158
3137 260593.0925583348
3180 258017.9887279381
3186 257428.2863565474
3207 170336.4687932195
3307 151476.3841712824
3323 146663.1478159284
3434 137389.7318929468
3470 126655.8023781912
3591 120497.5194552956
3598 114913.8260955392
3602 113038.9914725862
3618 88034.3302682072
3762 86758.9058980102
3769 84037.0173030168
3814 71849.6764279230
3827 69496.3576313091
3871 68285.6140723208
3872 64392.1565347236
3879 48485.2560958711
3950 48432.3750494585
4069 47940.4834599958
4086 44440.3616613285
4093 44215.1720427281
4112 37224.7309180051
4120 31700.3482580034
4238 25624.1784509661
4307 23978.3901697272
4370 23853.4167844171
4405 20364.5118630869
4428 18224.6435087321
4532 14078.0848654813
4581 10643.7314327934
4781 10161.2898648196
4808 9244.5434773950
4824 6624.3902726745
4891 6299.7305854643
4945 5920.7620917352
5095 5703.6686312419
5105 4459.4962313867
5121 3287.4787249089
5279 2662.4938519906
5406 1935.4187565402
5486 1789.7117224001
5701 1614.4921410153
5755 1419.3475267692
5757 1417.8850485371
5799 1410.5641136367
5835 1364.4456211705
5860 1351.7765082238
5863 1140.5753839394
5951 1023.2698627609
5993 928.3230586069
6031 895.6179068797
6079 844.5146245797
6110 798.5924823430
6131 593.9531613875
6246 414.4963502477
6320 378.6048183892
6417 358.0174992747
6452 352.8167253425
6489 329.7416930015
6517 314.7083544723
6598 267.7254092694
6681 245.5364455211
6738 206.9881457608
6839 176.4065857430
6921 162.0269114658
6935 156.7409392395
7072 134.5002111648
7096 115.5947420505
7114 82.9590739967
7236 81.5076229348
7368 72.6310344202
7372 62.1612427160
7444 61.3118167206
7501 57.0084811642
7517 56.3424811847
7519 47.5077883569
7609 43.8139856836
7731 39.9744646566
7751 37.3957623530
7881 36.1956851279
7938 32.0868240263
8018 26.9017523899
8055 25.7741577131
8061 21.7708118832
8122 20.6323278724
8249 20.4734896498
8259 20.4503928299
8270 17.4313206377
8274 15.8876893679
8326 14.3729488501
8436 12.5700844360
8514 10.1484596261
8537 9.7342745524
8558 6.7365187151
8816 6.4230949576
8952 5.3759216059
9029 5.0727807048
9051 4.9209312350
9056 4.5776365337
9082 3.9112937309
9203 3.8729803522
9245 3.7243592593
9329 3.6230494291
9336 3.3161588980
9342 3.2503527843
9343 2.6895709729
9445 2.5912742381
9570 2.1879658321
9590 2.0609882168
9638 1.9771028832
9703 1.9287004168
9717 1.8152897846
9810 1.8035020007
9816 1.7584318746
9821 1.6181695567
9859 1.3707905340
9892 1.1818326161
10082 1.1162091026
10175 1.1067040797
10308 1.0825377885
10342 1.0528958957
10450 1.0386388383
10458 1.0277400154
10479 1.0260556576
10485 0.9585269258
10558 0.9206122061
10597 0.9100706517
10630 0.8897074112
10718 0.8869381056
10728 0.8553399577
10784 0.8362644208
10928 0.8277002040
10971 0.8244060299
10983 0.8105056458
11040 0.8102228906
11044 0.8038382802
11112 0.8026126793
11151 0.7967057286
11223 0.7948101544
11224 0.7851564147
11248 0.7808654745
11399 0.7801436831
11511 0.7775006929
11577 0.7738363649
11591 0.7694573771
11629 0.7667097848
11637 0.7667097171
11654 0.7663589251
11697 0.7636882854
11728 0.7585807467
11910 0.7548379118
12046 0.7522832237
12087 0.7514875971
12141 0.7491452171
12281 0.7472983812
12295 0.7464336744
12326 0.7462317176
12363 0.7457881122
12397 0.7453318026
12481 0.7445902228
12523 0.7434276623
12678 0.7432089049
12821 0.7431859466
12824 0.7428803446
12825 0.7428532440
12849 0.7425342141
12863 0.7425048754
12870 0.7423053959
12902 0.7419907868
12920 0.7416535871
13001 0.7414231484
13034 0.7411489267
13106 0.7407201872
13134 0.7406812183
13237 0.7405698816
13244 0.7404837238
13259 0.7404781782
13333 0.7404147546
13364 0.7403459660
13376 0.7403059846
13388 0.7401824341
13461 0.7400717252
13464 0.7400010404
13465 0.7399429282
13527 0.7397950703
13596 0.7397867971
13650 0.7397764397
13705 0.7395768189
13743 0.7395481606
13767 0.7394740457
13852 0.7394546390
13946 0.7394404072
13958 0.7394074560
13968 0.7393682931
14137 0.7393658044
14138 0.7393309271
14169 0.7393147449
14228 0.7392874692
14310 0.7392496117
14442 0.7392211705
14543 0.7392199696
14617 0.7392066014
14618 0.7391928212
14716 0.7391882588
14847 0.7391704582
14896 0.7391692528
14933 0.7391582590
14949 0.7391567902
14961 0.7391543863
15022 0.7391522805
15024 0.7391512109
15027 0.7391479559
15114 0.7391440673
15172 0.7391400606
15228 0.7391366493
15281 0.7391361885
15304 0.7391358319
15391 0.7391284140
15742 0.7391264433
15808 0.7391241957
15910 0.7391239947
15922 0.7391223556
15924 0.7391142336
16092 0.7391063304
16236 0.7391039763
16290 0.7391012788
16428 0.7391004852
16432 0.7390976368
16470 0.7390967280
16478 0.7390936627
16552 0.7390921998
16573 0.7390905727
16672 0.7390856998
16748 0.7390845696
16823 0.7390827785
17027 0.7390825340
17104 0.7390814852
17290 0.7390748782
17664 0.7390710297
17734 0.7390602248
17744 0.7390536105
18017 0.7390457328
18381 0.7390390514
18395 0.7390209938
18505 0.7390155948
18676 0.7390052243
18689 0.7390000872
18715 0.7389959148
18832 0.7389810725
19134 0.7389806309
19219 0.7389001066
19491 0.7388886196
19534 0.7388826784
19580 0.7388704709
19750 0.7388467395
19825 0.7388111474
19951 0.7388094393
19977 0.7387089123
19990 0.7386248419
20353 0.7384491428
20587 0.7384328552
20615 0.7383504898
20622 0.7382973319
20799 0.7382610494
20806 0.7381777709
20841 0.7379417383
21096 0.7378641962
21212 0.7378462716
21219 0.7376519298
21292 0.7375890606
21399 0.7375617274
21563 0.7369602348
21616 0.7366518752
21723 0.7366295786
21853 0.7366044742
21966 0.7366026190
21997 0.7364979859
22074 0.7363182248
22268 0.7354896816
22607 0.7344032725
22742 0.7341101221
22748 0.7340294827
22795 0.7332162556
22929 0.7317729516
23069 0.7302950947
24198 0.7282046027
24493 0.7235916624
24550 0.7225051809
24582 0.7206538809
24623 0.7189392835
24682 0.7169278780
24701 0.7136426816
24721 0.7096692252
24761 0.7058164043
24846 0.7003816616
24935 0.6980678530
24941 0.6973046272
24952 0.6949108281
25012 0.6902174764
25205 0.6899348508
25482 0.6896599029
25505 0.6793320321
25652 0.6777983649
25660 0.6748556104
25812 0.6726108363
25871 0.6711422703
25920 0.6647375145
25937 0.6564288611
26162 0.6538131807
26181 0.6513891431
26194 0.6505303118
26200 0.6500462779
26204 0.6457551759
26305 0.6386283577
26355 0.6158664300
27009 0.6143966219
27043 0.6113799937
27056 0.6054572907
27182 0.5973163586
27203 0.5906185941
27224 0.5866163086
27233 0.5664380423
27504 0.5458838641
27675 0.5406814655
27779 0.5334617332
27867 0.5210794403
27900 0.5199339113
27934 0.5053653877
28018 0.4967004883
28120 0.4955950674
28138 0.4776966376
28363 0.4769197205
28394 0.4677457589
28452 0.4634215536
28524 0.4584562340
28622 0.4224908999
29319 0.4113753428
29348 0.4108113166
29392 0.4087787113
29412 0.4027197200
29426 0.3936132799
29473 0.3904749617
29508 0.3876189350
29522 0.3868427446
29534 0.3823150471
29548 0.3735965480
29619 0.3709450583
29622 0.3536862595
29741 0.3383018690
30116 0.3329668358
30169 0.3317567726
30299 0.3217435976
30648 0.3146453111
30769 0.3097975163
30789 0.3038115556
30869 0.2866049074
31032 0.2750122295
31287 0.2600287460
31564 0.2584812340
31762 0.2570667573
31784 0.2540084761
31791 0.2388995368
31991 0.2357221044
32063 0.2324188142
32079 0.2272751532
32145 0.2177747478
32151 0.2148320408
32185 0.1814493179
32494 0.1800596066
32515 0.1757940040
32551 0.1752102281
32558 0.1707070624
32614 0.1688672376
32705 0.1562826915
32734 0.1556243967
32832 0.1505028427
32919 0.1466411460
32949 0.1446575944
33020 0.1372902832
33126 0.1361543693
33206 0.1325098414
33360 0.1316715760
33391 0.1300163417
33441 0.1246534069
33485 0.1235638987
33553 0.1231529565
33594 0.1129208549
33666 0.1076788827
33797 0.1074989162
33899 0.1015243154
34357 0.0983826878
34397 0.0970175676
34435 0.0954563907
34515 0.0950279954
34632 0.0932531737
34640 0.0913902932
34726 0.0893710055
34758 0.0837368380
34925 0.0827017855
34928 0.0812124609
34960 0.0793579629
35018 0.0770162148
35048 0.0739644322
35225 0.0736995582
35261 0.0702561868
35360 0.0684324255
35393 0.0673485344
35405 0.0661378571
35408 0.0612607996
35477 0.0532704061
35837 0.0492961676
35897 0.0440062202
35963 0.0438974515
36050 0.0437555499
36256 0.0424321179
36371 0.0400419521
36567 0.0378639530
36704 0.0372702090
36764 0.0371886811
36789 0.0339249811
36796 0.0327733629
37166 0.0326509365
37183 0.0318614987
37237 0.0312173425
37302 0.0305287073
37311 0.0304597596
37368 0.0294653980
37468 0.0284711206
37487 0.0274871834
37593 0.0258361784
37713 0.0257602581
37768 0.0253421327
37793 0.0250239107
37818 0.0232501866
38095 0.0221059248
38482 0.0220224587
38520 0.0219812323
38532 0.0218358884
38556 0.0214585573
38610 0.0195936212
38880 0.0184664403
39084 0.0173987712
39123 0.0164329515
39327 0.0159443115
39365 0.0158114113
39504 0.0154726847
39535 0.0149372717
39583 0.0148255948
39643 0.0141411922
39723 0.0139169393
39783 0.0134483716
39818 0.0133879554
39854 0.0131601419
39969 0.0129087040
40087 0.0128252270
40202 0.0127133010
40315 0.0121678641
40544 0.0120652676
40598 0.0119835340
40718 0.0112743473
40777 0.0111175285
40828 0.0109539104
40837 0.0109390109
40939 0.0107335114
40985 0.0103871219
41036 0.0102761946
41184 0.0098243573
41422 0.0096817952
41509 0.0095338051
41540 0.0090630539
41576 0.0088294587
41740 0.0086874147
41845 0.0086115692
41944 0.0085124089
42074 0.0082418277
42203 0.0082157443
42212 0.0072454888
42386 0.0072315572
42406 0.0070353392
42549 0.0066512067
42710 0.0063542719
42884 0.0063448223
43063 0.0062060676
43196 0.0060985294
43234 0.0059988662
43242 0.0057756659
43273 0.0057384472
43319 0.0056495107
43342 0.0056437701
43382 0.0056283616
43399 0.0056105630
43454 0.0055116374
43475 0.0053560826
43586 0.0051099439
43809 0.0049480095
43911 0.0046099551
44140 0.0045629668
44290 0.0045054759
44312 0.0044102205
44320 0.0043865065
44459 0.0039874842
44731 0.0038682736
44785 0.0037358996
44918 0.0036189941
45043 0.0035597174
45119 0.0035163476
45266 0.0031880301
45680 0.0028878774
46162 0.0028393516
46176 0.0028243904
46222 0.0027913506
46361 0.0027044652
46428 0.0026969151
46470 0.0024665726
46618 0.0024654385
46794 0.0024177480
46823 0.0023692438
46879 0.0022111398
47010 0.0021130200
47121 0.0020684815
47381 0.0020342312
47421 0.0020163273
47608 0.0019977796
47693 0.0018122364
47973 0.0018051283
48011 0.0017890954
48127 0.0017279092
48239 0.0016958935
48274 0.0016508086
48352 0.0015997752
48620 0.0015952109
48652 0.0015608288
48736 0.0014988932
48826 0.0014436696
49109 0.0013567672
49237 0.0013206628
49379 0.0013029649
49618 0.0012058620
49762 0.0011203187
50002 0.0011092842
50097 0.0010360026
50213 0.0010177637
50593 0.0009719376
50891 0.0009328397
51182 0.0008559624
51486 0.0008387470
51603 0.0008293207
51636 0.0008253505
51638 0.0008146385
51655 0.0008068825
51680 0.0007818761
51761 0.0007777822
51810 0.0007593139
52071 0.0007525837
52156 0.0006795481
52599 0.0006760865
52754 0.0006740383
52779 0.0006697035
52807 0.0006672240
52819 0.0006421145
52826 0.0006234854
52920 0.0006143016
53036 0.0006017483
53107 0.0005966890
53182 0.0005931058
53196 0.0005854515
53329 0.0005643736
53403 0.0005573792
53417 0.0005182250
53603 0.0004790090
54277 0.0004770827
54344 0.0004760713
54393 0.0004750904
54516 0.0004635560
54633 0.0004320868
54668 0.0004315547
54719 0.0004250652
54786 0.0004182258
54806 0.0004142287
54836 0.0004101310
54850 0.0004045204
54883 0.0003693548
55022 0.0003422125
55164 0.0003190581
55977 0.0002912333
56052 0.0002873965
56099 0.0002677844
56243 0.0002637782
56305 0.0002636026
56333 0.0002482178
56571 0.0002212492
56829 0.0002183758
57068 0.0002145562
57152 0.0002115195
57188 0.0002028741
57241 0.0001981905
57277 0.0001964279
57445 0.0001920938
57865 0.0001860504
57895 0.0001818675
57934 0.0001808366
58091 0.0001571397
58661 0.0001555144
58760 0.0001499905
58960 0.0001462661
59011 0.0001451725
59098 0.0001420313
59138 0.0001384624
59144 0.0001346504
59404 0.0001332710
59459 0.0001298049
59522 0.0001193482
59708 0.0001178182
59713 0.0001156108
59749 0.0001137060
59785 0.0001119723
60022 0.0001116158
60340 0.0001102552
60388 0.0001101421
60458 0.0001075625
60470 0.0000968133
60553 0.0000874395
60709 0.0000867930
60787 0.0000849436
60824 0.0000824041
61450 0.0000806030
61687 0.0000771118
61934 0.0000766473
61965 0.0000719056
62060 0.0000632669
62294 0.0000626479
62369 0.0000581965
62618 0.0000571307
62681 0.0000538022
62846 0.0000516801
62914 0.0000463980
63144 0.0000454394
63549 0.0000399227
63689 0.0000388521
63737 0.0000383665
63770 0.0000383429
63836 0.0000381718
64022 0.0000374729
64084 0.0000355784
64155 0.0000320603
64866 0.0000306261
65057 0.0000287819
65261 0.0000269209
65470 0.0000267697
65490 0.0000263466
65526 0.0000251289
65578 0.0000240290
65794 0.0000237328
65831 0.0000232952
65907 0.0000216056
65945 0.0000212124
66067 0.0000201027
66105 0.0000188434
66286 0.0000184696
66432 0.0000179975
66469 0.0000173548
66519 0.0000167507
66651 0.0000165885
66657 0.0000164733
66710 0.0000157074
66745 0.0000149581
66823 0.0000145956
67032 0.0000129436
67360 0.0000128827
67507 0.0000127135
67546 0.0000123704
67635 0.0000119293
67989 0.0000116094
68072 0.0000112133
68135 0.0000108074
68541 0.0000103472
68902 0.0000103212
68906 0.0000100237
69015 0.0000097434
69077 0.0000093941
69198 0.0000084047
69534 0.0000083197
69690 0.0000079759
69743 0.0000077594
69961 0.0000077142
69995 0.0000074278
70076 0.0000074130
70263 0.0000070354
70304 0.0000067960
70394 0.0000065275
70914 0.0000062130
70915 0.0000058714
71138 0.0000052889
71537 0.0000052756
71565 0.0000047891
71858 0.0000046798
71957 0.0000046197
71960 0.0000043864
71971 0.0000042899
72008 0.0000042366
72021 0.0000041826
72035 0.0000035611
72456 0.0000035406
72459 0.0000035105
72541 0.0000034595
72578 0.0000033200
72597 0.0000031621
72731 0.0000031266
72994 0.0000028406
73270 0.0000027882
73317 0.0000027617
73319 0.0000027003
73361 0.0000024782
73518 0.0000023785
73663 0.0000023306
73688 0.0000022829
73802 0.0000021183
73860 0.0000021132
73895 0.0000021099
73902 0.0000019950
73928 0.0000018870
73976 0.0000018224
74011 0.0000017688
74754 0.0000017058
74802 0.0000015492
74975 0.0000015199
75072 0.0000014848
75094 0.0000014729
75369 0.0000014297
75519 0.0000013465
75632 0.0000013073
75633 0.0000012951
75642 0.0000012427
75651 0.0000012427
75768 0.0000011910
75796 0.0000011633
75857 0.0000011218
76021 0.0000010115
76599 0.0000010088
76688 0.0000009514
76694 0.0000009123
76767 0.0000008733
76817 0.0000008365
77147 0.0000007956
77346 0.0000007256
77618 0.0000006665
77987 0.0000006616
78044 0.0000006502
78152 0.0000006416
78181 0.0000005873
78257 0.0000005502
78346 0.0000005241
78512 0.0000005037
78867 0.0000004979
78928 0.0000004878
79223 0.0000004760
79451 0.0000004718
79476 0.0000004212
79605 0.0000003721
79639 0.0000003381
79969 0.0000003299
79983 0.0000003185
80031 0.0000003138
80073 0.0000003093
80080 0.0000002606
80365 0.0000002528
80512 0.0000002119
80889 0.0000001989
80989 0.0000001901
81119 0.0000001613
81794 0.0000001516
81797 0.0000001324
81935 0.0000001224
81989 0.0000000977
82812 0.0000000943
82903 0.0000000889
83354 0.0000000884
83358 0.0000000807
83394 0.0000000782
83608 0.0000000741
83673 0.0000000695
83819 0.0000000665
83884 0.0000000602
84085 0.0000000546
84097 0.0000000524
84169 0.0000000516
84331 0.0000000448
84775 0.0000000446
84800 0.0000000429
84861 0.0000000380
84912 0.0000000355
85123 0.0000000351
85140 0.0000000316
85615 0.0000000315
85711 0.0000000301
85746 0.0000000296
85885 0.0000000273
86022 0.0000000267
86024 0.0000000252
86030 0.0000000232
86566 0.0000000224
86731 0.0000000197
86878 0.0000000193
86946 0.0000000191
87000 0.0000000166
87209 0.0000000145
87369 0.0000000143
87440 0.0000000138
87459 0.0000000136
87483 0.0000000113
87727 0.0000000105
87877 0.0000000102
88026 0.0000000101
88031 0.0000000095
88091 0.0000000095
88149 0.0000000094
88208 0.0000000085
88323 0.0000000072
88785 0.0000000070
88852 0.0000000063
88909 0.0000000063
88935 0.0000000055
89040 0.0000000053
89104 0.0000000051
89215 0.0000000050
89219 0.0000000049
89228 0.0000000045
89240 0.0000000042
89320 0.0000000038
89562 0.0000000038
90134 0.0000000030
90743 0.0000000029
90852 0.0000000026
90906 0.0000000022
91067 0.0000000022
91212 0.0000000020
91360 0.0000000020
91456 0.0000000018
91756 0.0000000016
91836 0.0000000015
92021 0.0000000014
92027 0.0000000014
92055 0.0000000013
92192 0.0000000013
92245 0.0000000012
92254 0.0000000012
92338 0.0000000011
92538 0.0000000009
92572 0.0000000009
92637 0.0000000009
93308 0.0000000007
93773 0.0000000006
94172 0.0000000006
94301 0.0000000005
94446 0.0000000005
94650 0.0000000004
94808 0.0000000003
95587 0.0000000002
95590 0.0000000002
95727 0.0000000002
95739 0.0000000002
95864 0.0000000002
95993 0.0000000002
96071 0.0000000002
96191 0.0000000001
96305 0.0000000001
96534 0.0000000001
97106 0.0000000001
97387 0.0000000001
97417 0.0000000001
97896 0.0000000001
97991 0.0000000001
98036 0.0000000001
98069 0.0000000000
98104 0.0000000000
98237 0.0000000000
98293 0.0000000000
99048 0.0000000000
99621 0.0000000000
99748 0.0000000000
99871 0.0000000000
99909 0.0000000000
100010 0.0000000000
100193 0.0000000000
100246 0.0000000000
100394 0.0000000000
100447 0.0000000000
100498 0.0000000000
100670 0.0000000000
100825 0.0000000000
100927 0.0000000000
101285 0.0000000000
101333 0.0000000000
101380 0.0000000000
101448 0.0000000000
101485 0.0000000000
101564 0.0000000000
101679 0.0000000000
101866 0.0000000000
102319 0.0000000000
102389 0.0000000000
102729 0.0000000000
103325 0.0000000000
103649 0.0000000000
103725 0.0000000000
103822 0.0000000000
103823 0.0000000000
103847 0.0000000000
104012 0.0000000000
104090 0.0000000000
104347 0.0000000000
104435 0.0000000000
104556 0.0000000000
104887 0.0000000000
105089 0.0000000000
105610 0.0000000000
106271 0.0000000000
107765 0.0000000000
evaluations raw_y
1 116273940803.2293853760
2 39381703772.5237350464
3 35407250473.9172744751
4 5058084492.3478059769
5 2596185876.9627771378
7 2560921080.1661663055
19 1402591223.5531160831
33 996793934.9867964983
66 981733796.9870390892
70 909390101.4709911346
120 666042639.2900236845
137 557696988.1079651117
218 554652710.7268335819
252 456119210.0644215345
254 332777856.0679923296
304 330019505.2217487693
329 318145717.9152429700
345 311852837.5573562384
357 309804473.8442054391
366 305308324.6253640056
374 289840372.8354389071
418 260741748.1186383963
419 250148566.0270905495
422 169279643.0765197873
433 141895084.1845149398
484 139955335.1546745896
512 124184929.1049630046
557 118321171.0831495970
561 96258731.0287125260
584 95248633.3803901076
606 92510515.2161510289
625 91108874.1901361048
627 81503346.5973515660
684 70835071.3320522755
728 57117687.1912920177
779 53295846.8444619700
784 44308408.6128665879
810 42047833.2794354036
837 41289169.6981101185
846 37844727.1003444195
863 35024195.5676689744
868 32833176.1111712493
877 28742671.8813749179
892 28114853.9764695689
933 27615978.1840114184
939 25961205.2218091600
951 24152290.1568825878
957 22096174.4769482166
973 21029999.1811788864
992 18241223.0930017829
1103 14900217.9236750267
1141 14384573.2611356843
1151 13455477.7222096063
1158 12693565.6530604213
1184 11991435.0176032707
1206 11309822.0487210639
1207 10033713.8618051391
1212 9640477.7605950087
1222 7284002.3138718996
1250 7216366.4126618076
1272 6489694.0026640315
1280 6193547.8273325395
1304 5871339.7563894950
1308 4307107.0626586583
1378 4132371.7120820084
1541 3461602.6297457744
1587 3440268.7393711377
1661 3100378.7504447252
1727 2680535.8695047568
1798 2594480.8468767223
1808 2210831.3232911197
1860 1825012.3142166291
2027 1542289.2833749878
2082 1520943.3023526594
2090 1096955.0598599536
2257 1025109.0644875927
2296 851146.7402338840
2305 804762.4272242498
2381 739065.3409444774
2387 694469.1474320251
2507 634443.8852354384
2562 606933.0446103453
2623 606299.4109454372
2632 569496.4010319768
2662 497630.0494710063
2683 479726.0157793112
2745 420533.5943554043
2765 380572.9905420074
2779 371341.1032394436
2783 334142.8843807073
2790 306021.4815297707
2850 286053.4458408129
2914 227306.8952794654
3037 214258.1532228227
3049 174406.9048669448
3102 170245.0617907062
3152 168533.6799872609
3170 149351.8917991718
3226 124715.9087645854
3292 83675.3340778080
3439 76563.3617039555
3516 65634.0105727008
3597 64906.5127029505
3623 64097.2696815920
3636 63937.9468236098
3637 53466.4257009614
3685 51897.5619006181
3754 51706.5337558827
3824 50299.2560696093
3868 49395.3166493194
3918 43072.1246913664
3966 37274.5590013390
3993 36489.2775044401
4018 28577.7789945533
4052 26074.3580524922
4101 21494.6600491848
4247 21053.1322749398
4262 18055.9790850096
4476 17911.7079204803
4494 13185.1423719538
4589 10550.4802365287
4716 10064.6421207670
4724 8523.9500599348
4771 8078.2588195606
4813 5641.7736981917
4978 5361.3845765355
5014 4287.5470319999
5170 3956.1707073599
5203 3865.1025827042
5261 3465.6253059848
5305 3036.0556475213
5311 2986.1420730900
5377 2670.2353145782
5384 2642.7275800016
5426 2506.1538510391
5446 2286.8201210027
5541 2143.8887547405
5555 1912.0168753667
5574 1763.5862559094
5634 1674.3581880476
5645 1440.1980724250
5759 1222.1676378096
5769 1188.6292556951
5811 1021.2481510909
5842 1018.7851483539
5909 920.6614856909
5951 894.4456130478
5972 780.2732393032
6017 753.3167811083
6048 746.4826524902
6072 735.5355638321
6076 686.2711917354
6140 583.0313141558
6175 443.5703133797
6299 370.6452384481
6354 338.1635712372
6433 333.7072286607
6437 236.7728063612
6539 224.2492544708
6586 207.6640774826
6591 193.6577650493
6607 173.1989399103
6662 162.2504258613
6715 149.4535070916
6821 126.0440321209
6845 120.2396615184
6936 108.3468461941
7001 100.9741808892
7004 100.1629976048
7042 54.6529150645
7214 46.8873507914
7236 44.8572467869
7421 37.7093913012
7449 37.6635311870
7554 35.9672837657
7577 34.6177972320
7606 29.9060306657
7619 27.0638749061
7623 23.6416842748
7735 18.8384027103
7980 18.1655809732
7996 16.3824852184
8010 14.6775830693
8096 14.5355260458
8152 12.5917507405
8203 12.3943018476
8225 12.1240475514
8257 9.7511914574
8327 9.4954125225
8369 8.7040481894
8432 8.2392118626
8520 7.8126858006
8565 7.4341675668
8641 7.2945918980
8683 7.1736429426
8693 6.4200610271
8699 6.3158261874
8753 6.3117685251
8763 6.2575287893
8785 5.9304933625
8847 5.8704642655
8885 5.5942326218
8908 5.0000248158
9135 4.8484445140
9175 4.8371650193
9269 4.5708159133
9380 4.5221212501
9428 4.5119649974
9444 4.3009795172
9583 4.2376218432
9596 4.1372232837
9703 4.0596356057
9821 4.0525702490
9883 4.0270390787
9897 3.9998241389
9996 3.9481604975
10084 3.9075433223
10110 3.8689916634
10307 3.8602657075
10328 3.8321149146
10355 3.8244451938
10396 3.8187492478
10460 3.7984683966
10504 3.7981947510
10506 3.7859623538
10567 3.7752167382
10590 3.7693384264
10721 3.7674690583
10806 3.7646234354
10811 3.7565627899
10814 3.7558323706
10840 3.7502715499
10957 3.7496015422
10986 3.7411845802
11041 3.7400035607
11083 3.7337428713
11121 3.7294943953
11249 3.7292551822
11268 3.7278985306
11285 3.7268997954
11292 3.7254731025
11302 3.7251903175
11339 3.7199991350
11381 3.7190996276
11401 3.7179013914
11418 3.7163061696
11464 3.7155691432
11510 3.7112343911
11537 3.7105010823
11672 3.7088003603
11835 3.7084708539
11886 3.7070453692
12020 3.7059600405
12067 3.7050366104
12215 3.7042943146
12335 3.7041568350
12412 3.7041035645
12433 3.7034512122
12549 3.7032367663
12586 3.7031698255
12606 3.7029093107
12645 3.7026216733
12648 3.7026208577
12754 3.7025812579
12779 3.7024334762
12833 3.7023660963
12845 3.7023545108
12876 3.7023229115
12889 3.7022396261
12954 3.7022284293
12972 3.7021059657
13001 3.7018500082
13262 3.7018286426
13271 3.7017613361
13312 3.7016556562
13316 3.7016043778
13463 3.7015966422
13487 3.7015823116
13503 3.7015722459
13508 3.7014932407
13601 3.7014707202
13654 3.7014548073
13698 3.7014398850
13744 3.7014254294
13752 3.7014230431
13763 3.7013993290
13874 3.7013458270
13956 3.7013304853
14017 3.7013213955
14061 3.7013032320
14215 3.7012953692
14276 3.7012710876
14427 3.7012704698
14430 3.7012605225
14458 3.7012469595
14584 3.7012422293
14585 3.7012404670
14606 3.7012391280
14644 3.7012153515
14671 3.7012132103
14688 3.7012017472
14779 3.7012005440
14829 3.7011611496
15461 3.7011152233
15806 3.7011015150
15816 3.7010590932
16029 3.7010458348
16038 3.7010430649
16113 3.7010394591
16157 3.7010344056
16204 3.7009296901
16508 3.7009292744
16548 3.7009048181
16636 3.7009018164
16720 3.7008262135
16874 3.7008055720
16916 3.7007887290
17020 3.7007468770
17070 3.7007357587
17281 3.7007047983
17290 3.7005369661
17553 3.7005033334
17606 3.7004873320
17658 3.7002025911
17739 3.7002020053
17905 3.7001722325
18014 3.7000436033
18099 3.6998655534
18107 3.6995820579
18651 3.6995310318
18672 3.6994992245
18699 3.6991658637
18797 3.6990948347
18846 3.6988035395
18903 3.6985344959
18996 3.6984685568
19151 3.6983722432
19154 3.6974988579
19211 3.6972449750
19484 3.6968142437
19525 3.6965742897
19613 3.6959789861
19724 3.6946799135
19778 3.6927944286
20067 3.6927294746
20141 3.6926411577
20209 3.6917223083
20433 3.6914234180
20753 3.6890939237
20756 3.6887561680
20802 3.6871743627
20808 3.6850968606
21007 3.6823688190
21110 3.6815135519
21125 3.6769893734
21148 3.6756323360
21220 3.6749948263
21303 3.6742035484
21345 3.6723726442
21413 3.6667997940
21427 3.6642036025
21581 3.6558731296
21713 3.6465020977
21860 3.6457603753
22211 3.6381720326
22324 3.6143824433
22632 3.5853272915
22798 3.5651920419
22811 3.5457551227
23028 3.5130838151
23567 3.5067606409
23644 3.4637799829
23707 3.4150982843
23978 3.3496574198
23980 3.3374757183
24053 3.2813230098
24080 3.2584297035
24260 3.2548727096
24347 3.1920990352
24535 3.1810527605
24546 3.1609885334
24561 3.1165027763
24848 3.1060086263
24940 3.0915800074
24947 3.0657256158
24954 3.0285156443
25018 3.0255930992
25030 3.0216169445
25113 2.9701581874
25176 2.9585094910
25196 2.9157720637
25319 2.8875387931
25426 2.8744486511
25472 2.8729091001
25476 2.8249880723
25555 2.8232634300
25557 2.8163373303
25564 2.7976184384
25603 2.7889143211
25624 2.7671610067
25694 2.7585332531
25779 2.7104338439
25932 2.7102400876
26113 2.6794387945
26225 2.6751292990
26273 2.6657461651
26294 2.6468676729
26389 2.6202411507
26418 2.5928669559
26488 2.5796794629
26576 2.5409645125
26784 2.4972164886
26943 2.4764885546
27061 2.4726051349
27121 2.4647750753
27226 2.4408202220
27264 2.4344276841
27293 2.3989588330
27715 2.3584778622
27887 2.3549954537
27893 2.3376431762
27924 2.3370106248
27942 2.3174075811
27993 2.3082738379
28040 2.2906806178
28084 2.2746276269
28192 2.2730445918
28286 2.1533700944
28436 2.1374257520
28499 2.1243879992
28517 2.0978697871
28727 2.0946175147
28763 2.0690277599
29163 2.0625616943
29244 2.0495116520
29268 1.9603164330
29506 1.9545390061
29716 1.9072308634
29795 1.8363142085
29881 1.8329629671
29970 1.8326081421
30073 1.8147059242
30228 1.8060051876
30355 1.7959325002
30356 1.7847332174
30372 1.6968552981
30604 1.6652295048
30639 1.6455302178
30644 1.6365154214
30653 1.6338450020
30704 1.6125283268
30912 1.5998485880
30977 1.5994355651
31001 1.5754185420
31096 1.5721978431
31103 1.5687288782
31140 1.5370994926
31256 1.5142539962
31344 1.4980032577
31666 1.4798383103
31670 1.4707560085
31782 1.4593357001
31862 1.4378430517
31864 1.4260425106
31912 1.4024269074
32123 1.3765605427
32280 1.3758501109
32397 1.3544042036
32401 1.3314441611
32482 1.3168810067
32608 1.2852664289
32705 1.2622564752
32907 1.2462426340
32953 1.2369421201
33015 1.2254551014
33057 1.2215488415
33362 1.1741081832
33593 1.1557545182
33700 1.1412116911
33858 1.1270468997
33989 1.1270412863
34029 1.1180456702
34095 1.1044854934
34110 1.1001632646
34179 1.0967876716
34227 1.0890622934
34292 1.0762387442
34424 1.0611893648
34459 1.0558134931
34493 1.0556040852
34528 1.0522298871
34657 1.0513406004
34715 1.0476581865
34719 1.0445671568
34735 1.0262236229
34767 1.0220008513
35103 1.0082470114
35213 1.0057871721
35260 1.0049560731
35271 0.9827407313
35353 0.9344480225
35787 0.9111933570
35816 0.9035732741
35973 0.9028998319
35981 0.9019490553
36069 0.8656860851
36206 0.8645997463
36210 0.8553296801
36264 0.8503915941
36470 0.8430994791
36496 0.8211818984
36553 0.8159340753
36604 0.8145325067
36649 0.7938353369
36719 0.7936657892
36771 0.7649714011
37040 0.7629967207
37061 0.7617106068
37366 0.7550187113
37381 0.7427900725
37464 0.7427326447
37528 0.7419654432
37565 0.7398995920
37593 0.7313485295
37617 0.7300409239
37666 0.7266849725
37669 0.7015375594
37727 0.7012744083
37782 0.7005782639
37801 0.6964835101
37876 0.6944861241
37891 0.6871656177
37968 0.6868581681
37984 0.6710474741
38042 0.6652735892
38094 0.6627298554
38169 0.6554348607
38331 0.6463947039
38456 0.6279163328
38625 0.6202310526
38813 0.6140107805
38939 0.6111316313
38952 0.6051934094
38962 0.6014678598
39017 0.5993060598
39072 0.5857371823
39147 0.5660230594
39410 0.5520347753
39558 0.5458537163
39599 0.5243527629
39880 0.5173093502
39886 0.5164962959
39918 0.5050477575
40060 0.5048010051
40071 0.4973927703
40122 0.4971736215
40231 0.4965003799
40255 0.4884275881
40319 0.4673163483
40837 0.4593760880
40864 0.4592302231
40951 0.4243666057
41464 0.4162786391
41782 0.4139454197
41851 0.3912211563
42026 0.3723809093
42247 0.3620775264
42593 0.3557028057
42702 0.3266093725
42864 0.3254254081
42932 0.3226769254
42950 0.3120184055
43087 0.3054136760
43221 0.3007404111
43445 0.2972411897
43565 0.2930611788
43603 0.2914509222
43652 0.2912642828
43688 0.2846126080
43720 0.2739390074
43819 0.2730519337
44015 0.2696577829
44209 0.2636321243
44229 0.2605809133
44467 0.2601218137
44496 0.2570262144
44510 0.2546727114
44517 0.2506545856
44614 0.2481623857
44988 0.2436489269
44995 0.2431618238
45201 0.2405330540
45202 0.2396301160
45243 0.2353986945
45548 0.2296641114
45554 0.2284099487
45767 0.2222728496
45914 0.2190292260
46126 0.2150015512
46174 0.2111438266
46313 0.2109849335
46388 0.2105109054
46436 0.2101829127
46454 0.2027487012
46723 0.2021701866
46828 0.2000388808
46838 0.1958537925
47070 0.1937230491
47160 0.1915612121
47245 0.1909598196
47250 0.1893329977
47292 0.1834454180
47609 0.1794913732
47625 0.1790010799
47768 0.1755896436
47870 0.1746928606
48093 0.1734586094
48245 0.1729301231
48246 0.1725097643
48311 0.1681554815
48468 0.1665881249
48523 0.1649836613
48673 0.1642433127
48731 0.1639058945
48810 0.1626531568
48832 0.1603854058
48939 0.1563343941
49019 0.1517029983
49376 0.1492052542
49484 0.1488984690
49500 0.1473070074
49501 0.1466605897
49502 0.1463808256
49522 0.1460325025
49526 0.1420030010
49640 0.1409169832
49669 0.1403204262
49686 0.1399615573
49818 0.1390953098
49982 0.1383802914
49991 0.1354511714
50093 0.1351728566
50155 0.1343928628
50232 0.1304251958
50625 0.1292608852
50696 0.1277898871
50776 0.1260917792
50820 0.1246343876
50835 0.1224699095
50860 0.1214984132
51025 0.1206940307
51102 0.1206470782
51111 0.1201777916
51128 0.1200802455
51245 0.1198529055
51314 0.1159055827
51372 0.1112231092
51387 0.1095139996
51444 0.1069110853
51529 0.1041582797
51740 0.1016211202
51877 0.1016021586
51910 0.1006340935
52013 0.0982550164
52093 0.0980921292
52115 0.0941004939
52122 0.0913563250
52612 0.0897957429
52716 0.0881285084
52781 0.0855899200
52828 0.0853858223
52911 0.0778030144
53558 0.0768623565
53576 0.0744523723
53625 0.0710036368
53636 0.0704185037
53726 0.0697328683
53774 0.0682811326
53784 0.0670924067
53964 0.0662016433
54074 0.0639375990
54215 0.0638473989
54225 0.0632252626
54437 0.0631101427
54489 0.0624021675
54492 0.0619638139
54559 0.0617038522
54561 0.0574617700
54732 0.0560432795
54940 0.0557662492
54987 0.0553420972
55082 0.0547707367
55089 0.0543854797
55174 0.0498029320
55283 0.0487725537
55502 0.0478996136
55578 0.0474955928
55720 0.0456586892
56089 0.0442453195
56552 0.0428129184
56613 0.0386393266
56977 0.0377506729
57020 0.0374529572
57158 0.0372651616
57202 0.0371569809
57356 0.0368512452
57392 0.0367044538
57434 0.0366561238
57442 0.0356454620
57517 0.0351703036
57524 0.0350073625
57538 0.0336895704
57666 0.0335049454
57750 0.0332501096
57849 0.0306641309
58354 0.0289348796
58515 0.0287617003
58694 0.0279615738
58762 0.0269496121
58872 0.0268388688
58942 0.0264805939
58967 0.0264009298
59064 0.0263680599
59078 0.0254720798
59189 0.0252161168
59218 0.0249053402
59229 0.0247541696
59370 0.0246104546
59416 0.0240471992
59574 0.0234715430
59823 0.0234529574
59909 0.0232826462
60016 0.0230896508
60029 0.0219835117
60168 0.0218180708
60204 0.0211143667
60265 0.0205797140
60390 0.0193877588
60568 0.0191007007
60682 0.0188278651
60810 0.0187772685
60835 0.0184988294
60849 0.0181130841
60980 0.0179223683
61040 0.0177918567
61081 0.0175148223
61089 0.0173599585
61139 0.0169548445
61413 0.0167575084
61419 0.0165227497
61829 0.0158871734
62079 0.0156970954
62308 0.0150715138
62399 0.0150350570
62430 0.0150172045
62474 0.0143887761
62514 0.0136041066
62883 0.0135129761
62996 0.0132848661
63011 0.0129560153
63023 0.0127732197
63068 0.0126079609
63133 0.0125607478
63182 0.0125282630
63206 0.0123913828
63217 0.0122146145
63251 0.0119363866
63433 0.0118246848
63484 0.0117420051
63491 0.0113345990
63629 0.0109872724
63656 0.0109327654
63663 0.0108063307
63898 0.0105335449
63917 0.0104869013
63982 0.0099910070
64178 0.0098687663
64192 0.0096360981
64224 0.0095409044
64426 0.0094003188
64458 0.0093632798
64590 0.0090863976
65025 0.0089088405
65033 0.0086912194
65092 0.0081511150
65172 0.0080634852
65355 0.0080260398
65472 0.0075579970
65556 0.0075520347
65617 0.0074441035
65733 0.0071846370
65804 0.0071767073
65850 0.0071511081
65886 0.0070739549
65951 0.0068317301
66181 0.0066733982
66245 0.0065903208
66412 0.0062381357
66675 0.0061940311
66735 0.0057524988
66962 0.0057134416
67215 0.0056014735
67543 0.0054685908
67566 0.0054141234
67707 0.0053346573
67746 0.0052603149
68251 0.0052281771
68267 0.0051415921
68269 0.0050490550
68330 0.0048529784
68356 0.0048253929
68504 0.0045506451
69045 0.0044881030
69105 0.0042460145
69181 0.0042043209
69291 0.0040563104
69592 0.0038439227
69777 0.0038400217
70070 0.0036701871
70133 0.0035337642
70294 0.0034712085
70314 0.0034641372
70349 0.0033417274
70386 0.0031854980
70415 0.0030265068
70738 0.0029640946
71254 0.0028238237
71407 0.0027545111
71915 0.0026206181
71988 0.0025669140
72064 0.0024733076
72098 0.0022486327
72373 0.0021405003
72839 0.0021380963
72844 0.0020927355
72847 0.0019852728
72908 0.0018906780
73160 0.0018481456
73169 0.0018349082
73391 0.0018331472
73406 0.0018171987
73409 0.0017202705
73549 0.0016491606
74174 0.0016424987
74210 0.0015340581
74410 0.0014991890
74443 0.0014596863
74630 0.0013850365
75019 0.0013656120
75043 0.0013576926
75062 0.0013323020
75144 0.0012174131
75763 0.0011949189
75804 0.0011644758
76441 0.0011466503
76457 0.0011270590
76476 0.0011147743
76704 0.0011077019
76740 0.0010487473
76763 0.0010383950
76784 0.0010086782
76919 0.0010076807
76975 0.0010031895
76997 0.0009785822
77058 0.0009470849
77299 0.0009242091
77521 0.0008933943
77762 0.0008706063
77917 0.0008414445
77984 0.0008142542
78021 0.0008061871
78041 0.0007528422
78419 0.0006964538
78951 0.0006724334
79336 0.0006627157
79366 0.0005879700
79594 0.0005742764
79599 0.0005519450
79670 0.0005453152
79876 0.0005080889
79883 0.0004973276
80395 0.0004706404
80458 0.0004669079
80469 0.0004392345
80542 0.0004310209
80598 0.0004172647
81007 0.0004108701
81035 0.0004001684
81073 0.0003908237
81300 0.0003867272
81401 0.0003763239
81405 0.0003682129
81530 0.0003490637
81749 0.0003464387
81756 0.0003402238
81771 0.0003358011
81875 0.0003250243
81952 0.0003229035
82156 0.0003194653
82196 0.0003192982
82234 0.0003107951
82379 0.0002917007
82517 0.0002884998
82759 0.0002854849
82817 0.0002808727
82896 0.0002754310
83004 0.0002713384
83052 0.0002672697
83160 0.0002544684
83762 0.0002442303
84109 0.0002180583
84293 0.0002098142
84451 0.0001989556
84802 0.0001985193
84843 0.0001939645
84850 0.0001935198
85219 0.0001914229
85305 0.0001776122
85320 0.0001775186
85418 0.0001746180
85488 0.0001672817
86159 0.0001644522
86198 0.0001461595
86759 0.0001445225
87040 0.0001441678
87153 0.0001425361
87191 0.0001355513
87342 0.0001331521
87757 0.0001323476
87788 0.0001320791
87838 0.0001225919
87971 0.0001186569
88060 0.0001184661
88168 0.0001138997
88368 0.0001099080
88557 0.0001078555
88651 0.0001029825
88652 0.0001016300
88869 0.0001007486
88878 0.0000956823
88959 0.0000952106
89135 0.0000929572
89218 0.0000880893
89492 0.0000851077
89647 0.0000824771
89902 0.0000818525
89972 0.0000792350
90049 0.0000792015
90065 0.0000729930
90349 0.0000689837
90778 0.0000677044
90976 0.0000670409
90978 0.0000667128
91070 0.0000654149
91086 0.0000640280
91136 0.0000633125
91260 0.0000603043
91518 0.0000586091
91661 0.0000577905
91751 0.0000541170
91976 0.0000537805
92115 0.0000522715
92127 0.0000494683
92421 0.0000478345
92614 0.0000466436
92824 0.0000457994
92915 0.0000456883
93068 0.0000410461
93252 0.0000403001
93700 0.0000394787
93947 0.0000351146
94272 0.0000331388
94378 0.0000324138
94836 0.0000317216
94890 0.0000307241
94915 0.0000298270
94932 0.0000280899
95059 0.0000280358
95272 0.0000275431
95303 0.0000274489
95352 0.0000274257
95381 0.0000270355
95391 0.0000270308
95492 0.0000257237
95695 0.0000248456
95855 0.0000245835
95893 0.0000242291
95927 0.0000241582
95953 0.0000233595
96070 0.0000232747
96078 0.0000219853
96251 0.0000217996
96275 0.0000210878
96627 0.0000195536
96669 0.0000184871
97003 0.0000184656
97029 0.0000173028
97202 0.0000170566
97463 0.0000168323
97538 0.0000163000
97587 0.0000159919
97704 0.0000155920
97860 0.0000153669
97897 0.0000150755
97923 0.0000149995
98016 0.0000148958
98082 0.0000140969
98134 0.0000140804
98226 0.0000132361
98278 0.0000132152
98438 0.0000127092
98442 0.0000122417
98523 0.0000121916
98565 0.0000120433
98568 0.0000116842
98925 0.0000103607
99138 0.0000100633
99340 0.0000097920
99544 0.0000094323
99652 0.0000090070
99851 0.0000087230
99861 0.0000086647
100170 0.0000085261
100403 0.0000070756
100972 0.0000068948
101129 0.0000064062
101220 0.0000061312
101287 0.0000059496
101308 0.0000054034
101674 0.0000052045
101804 0.0000051428
101835 0.0000051033
101911 0.0000050548
101934 0.0000047733
101987 0.0000047246
102083 0.0000047134
102113 0.0000041630
102305 0.0000041326
102376 0.0000040719
102639 0.0000040117
103059 0.0000037934
103336 0.0000037534
103431 0.0000036351
103449 0.0000029898
103526 0.0000029520
103947 0.0000026377
104077 0.0000023626
104683 0.0000023272
104904 0.0000022915
105006 0.0000022634
105021 0.0000022273
105025 0.0000021672
105105 0.0000020653
105106 0.0000019535
105194 0.0000019313
105269 0.0000018653
105711 0.0000018608
105713 0.0000017468
105875 0.0000017175
105916 0.0000016614
105945 0.0000016604
106028 0.0000016573
106033 0.0000015054
106060 0.0000013789
106475 0.0000013307
106543 0.0000012827
106567 0.0000012119
106921 0.0000011564
107014 0.0000011348
107125 0.0000011036
107266 0.0000010881
107352 0.0000010258
107394 0.0000009952
107598 0.0000009736
107618 0.0000009300
107768 0.0000009209
107847 0.0000008486
108010 0.0000007300
108348 0.0000007219
108351 0.0000006859
108744 0.0000006809
108894 0.0000005931
109196 0.0000005838
109234 0.0000005296
109709 0.0000005272
109856 0.0000004945
109957 0.0000004770
110285 0.0000004552
110480 0.0000004287
110504 0.0000004262
110542 0.0000004184
110580 0.0000004083
110683 0.0000004062
110723 0.0000003912
110819 0.0000003847
110975 0.0000003511
111791 0.0000003454
111866 0.0000003383
111900 0.0000003053
111998 0.0000003000
112144 0.0000002987
112151 0.0000002975
112156 0.0000002908
112202 0.0000002732
112278 0.0000002596
112326 0.0000002574
112431 0.0000002526
112488 0.0000002333
112574 0.0000002305
112615 0.0000002276
112882 0.0000002267
112895 0.0000002266
112913 0.0000002034
113154 0.0000001852
113299 0.0000001834
113416 0.0000001775
113562 0.0000001722
113626 0.0000001670
113802 0.0000001612
113850 0.0000001549
113907 0.0000001541
114048 0.0000001518
114063 0.0000001461
114116 0.0000001206
114596 0.0000001189
114825 0.0000001188
115189 0.0000001173
115201 0.0000001170
115297 0.0000000941
115425 0.0000000895
115841 0.0000000819
115944 0.0000000803
116000 0.0000000798
116039 0.0000000782
116102 0.0000000676
116235 0.0000000651
116297 0.0000000615
116393 0.0000000602
116468 0.0000000545
116775 0.0000000490
117042 0.0000000453
117191 0.0000000439
117287 0.0000000427
117346 0.0000000377
117365 0.0000000298
117690 0.0000000297
118244 0.0000000287
118326 0.0000000287
118441 0.0000000277
118509 0.0000000242
118573 0.0000000219
118652 0.0000000169
118899 0.0000000158
118949 0.0000000127
119024 0.0000000124
119739 0.0000000120
119749 0.0000000095
121039 0.0000000089
121089 0.0000000086
121132 0.0000000082
121134 0.0000000081
121178 0.0000000077
121257 0.0000000068
121289 0.0000000068
121431 0.0000000064
121517 0.0000000047
122278 0.0000000040
122409 0.0000000037
122657 0.0000000033
122804 0.0000000032
122924 0.0000000031
123024 0.0000000030
123165 0.0000000029
123209 0.0000000027
123467 0.0000000026
123472 0.0000000025
123713 0.0000000021
123756 0.0000000018
124135 0.0000000018
124180 0.0000000017
124196 0.0000000015
124352 0.0000000013
124377 0.0000000012
124781 0.0000000010
124820 0.0000000009
125221 0.0000000008
125289 0.0000000007
125309 0.0000000006
125507 0.0000000005
126744 0.0000000005
126807 0.0000000004
126840 0.0000000004
126887 0.0000000004
127165 0.0000000004
127212 0.0000000003
127317 0.0000000003
127560 0.0000000002
128969 0.0000000001
129103 0.0000000001
129625 0.0000000001
129794 0.0000000001
129962 0.0000000001
130287 0.0000000001
130339 0.0000000001
130444 0.0000000001
130450 0.0000000001
130657 0.0000000001
130673 0.0000000000
130943 0.0000000000
131362 0.0000000000
131445 0.0000000000
131535 0.0000000000
131543 0.0000000000
131682 0.0000000000
131685 0.0000000000
131876 0.0000000000
131980 0.0000000000
132208 0.0000000000
132389 0.0000000000
132523 0.0000000000
132653 0.0000000000
132701 0.0000000000
132790 0.0000000000
132900 0.0000000000
133293 0.0000000000
133299 0.0000000000
133662 0.0000000000
133685 0.0000000000
133815 0.0000000000
133901 0.0000000000
133956 0.0000000000
134202 0.0000000000
134215 0.0000000000
134391 0.0000000000
134484 0.0000000000
134558 0.0000000000
134636 0.0000000000
134710 0.0000000000
134715 0.0000000000
134972 0.0000000000
134998 0.0000000000
134999 0.0000000000
135032 0.0000000000
135150 0.0000000000
135307 0.0000000000
135365 0.0000000000
135405 0.0000000000
135578 0.0000000000
135596 0.0000000000
135728 0.0000000000
135729 0.0000000000
136182 0.0000000000
136183 0.0000000000
136184 0.0000000000
136277 0.0000000000
136456 0.0000000000
136832 0.0000000000
136842 0.0000000000
136890 0.0000000000
136935 0.0000000000
137005 0.0000000000
137218 0.0000000000
137227 0.0000000000
137441 0.0000000000
137897 0.0000000000
138077 0.0000000000
138492 0.0000000000
138642 0.0000000000
138719 0.0000000000
138763 0.0000000000
138839 0.0000000000
138902 0.0000000000
139034 0.0000000000
139106 0.0000000000
139550 0.0000000000
139676 0.0000000000
140096 0.0000000000
140337 0.0000000000
140364 0.0000000000
140721 0.0000000000
140819 0.0000000000
140847 0.0000000000
140954 0.0000000000
141580 0.0000000000
141587 0.0000000000
142208 0.0000000000
142809 0.0000000000
143284 0.0000000000
144714 0.0000000000
evaluations raw_y
1 5911601115.5169849396
2 786648568.7172946930
18 582170687.2419880629
32 548459891.9752767086
35 441198502.3633287549
50 426837533.3725103140
62 353797568.2845694423
95 343082310.0563368797
118 266229091.9464111924
154 231562229.6819189489
171 222676973.3737364709
187 197659958.1895359159
189 183912172.1995656788
195 182333066.5572334230
206 172053254.8771238327
268 162162772.0842402875
288 148910922.8600628972
289 122991278.2303271741
338 91987790.7596522123
352 87874124.9779098630
363 87553267.6350589395
397 80731201.8417059034
400 56613856.4692866355
455 55711771.9017285854
472 49242447.1055749059
519 47307953.8270226344
535 36647941.0298893377
543 32264466.0312039778
569 28638910.8350327127
705 28418292.9060236439
717 25014271.4553784616
735 20765580.1413216330
767 11589104.3566085864
830 9948804.4002746716
999 9941418.9256945588
1004 7212786.7750176676
1057 6419596.5007782271
1076 6376844.1084385449
1115 6323427.9573184587
1131 5898957.0255117118
1151 5631201.2703337660
1167 5408867.7029764112
1184 3947366.2872431735
1312 2884148.8797204066
1565 2793847.3562910468
1609 2595079.2821500693
1647 2577574.1999838701
1677 2477637.7649468826
1708 2098820.1860321951
1734 1705754.7734369237
1804 1630025.9483881160
1830 1415749.0783693092
1981 837489.7711514224
2083 792776.4520732545
2162 732503.7163180687
2180 725529.9330847696
2230 670124.5588429635
2283 531991.6336751034
2352 448796.2781453024
2457 432551.3042254845
2484 337789.0884828858
2581 324931.9677187076
2685 272198.1453862179
2688 216187.8537372134
2702 211285.8558325193
2773 188375.3021463891
2987 157696.8385582392
3061 140277.0392655547
3095 139021.7842309008
3127 73507.4216870610
3336 70124.4136602091
3415 69177.7328738511
3416 59619.0419873590
3478 58239.5062645593
3492 53994.4361363969
3554 52521.7157443220
3594 46443.8182969466
3618 42346.0102121888
3637 39218.8342998490
3706 32086.7041343625
3819 26289.1068891225
3850 24932.1787415908
3884 21790.8380009459
4018 20019.1505570654
4073 18883.4863858201
4091 13711.9592029230
4193 10521.9532725444
4311 10356.1079789822
4316 8657.7783554453
4420 7480.4263358851
4538 6771.3843988020
4569 6012.1890985519
4656 4959.9754590795
4776 4230.1257337659
4782 3727.1916881794
4891 3006.3316680321
4925 2133.5315533767
5052 1795.3542812076
5122 1753.7873620744
5148 1552.7727979468
5208 1495.7520686353
5254 1259.3207831580
5370 1233.6197927874
5412 1082.3409510995
5469 810.7422441627
5624 786.6512476445
5668 764.2767424371
5701 684.2801817721
5746 596.0844171400
5773 587.8190877739
5784 587.0722626698
5822 479.3354977219
5828 356.7261530456
5981 328.2095234996
6038 286.8387874308
6063 221.8386812992
6110 202.7342606342
6290 200.3651773699
6308 198.3360322473
6372 163.5293667011
6433 145.7985255378
6551 144.9825905269
6612 141.5549589765
6614 127.2546126448
6645 116.1898796203
6668 110.8372545286
6669 106.4364874322
6720 78.5179856992
6794 54.0251003966
6999 50.9849025441
7018 47.5325968301
7025 43.6138941565
7153 31.2851110485
7277 30.4736137199
7331 25.7041784604
7361 21.1132518009
7424 16.3708410147
7589 14.5337428730
7624 11.1211613930
7800 10.2426479238
7816 9.8461634670
7866 8.7007738195
7900 8.2460783140
7915 6.9605223500
8045 6.1141725355
8072 5.6239009903
8082 5.5620076789
8100 5.3753244398
8172 4.2667543452
8384 4.0540543504
8385 3.9557283903
8404 3.9058314799
8425 2.9535560933
8527 2.4295362527
8626 2.1761993583
8753 1.7060921265
8771 1.5911087805
8910 1.4615392938
8979 1.4538656068
9012 1.3772146177
9061 1.3567719876
9075 0.7020256374
9294 0.6755808689
9307 0.6327176111
9314 0.6126011228
9470 0.6097185921
9478 0.5125236700
9492 0.4657137043
9508 0.4171793732
9579 0.4028135020
9636 0.2745918756
9851 0.2486425894
9961 0.2170127977
10015 0.2108375843
10027 0.2073846916
10047 0.2033812686
10088 0.1890041037
10093 0.1743009582
10110 0.1688418611
10150 0.1615060983
10161 0.1600848138
10171 0.1560492772
10183 0.1509341040
10192 0.1472174886
10240 0.1284062131
10244 0.1148026790
10335 0.0910371611
10457 0.0735622040
10498 0.0673032309
10509 0.0659171001
10610 0.0638095378
10693 0.0551510699
10729 0.0477642819
10903 0.0456168527
10905 0.0448812628
10982 0.0447082734
10985 0.0445814558
10990 0.0425713099
10997 0.0423309357
11052 0.0349651284
11147 0.0338427427
11182 0.0279840029
11326 0.0274535594
11400 0.0242269659
11432 0.0241960341
11456 0.0240938391
11488 0.0239755161
11494 0.0234801182
11510 0.0226508033
11530 0.0219302484
11600 0.0207296014
11639 0.0203743095
11663 0.0197796451
11678 0.0190212893
11717 0.0188778879
11719 0.0173969521
11758 0.0173799338
11814 0.0169042082
11827 0.0167069344
11913 0.0166030729
11946 0.0159861972
11992 0.0151123204
11993 0.0150614554
12086 0.0145634483
12103 0.0140570841
12201 0.0140235930
12209 0.0139852740
12295 0.0137863599
12312 0.0133693879
12332 0.0133520146
12360 0.0130679353
12446 0.0125397081
12588 0.0125257785
12602 0.0124608207
12625 0.0124601555
12657 0.0123198395
12674 0.0122676293
12690 0.0122340393
12790 0.0120640562
12796 0.0120193904
12800 0.0118721831
12936 0.0117792883
13037 0.0117223956
13058 0.0117045404
13114 0.0115762502
13335 0.0115675647
13389 0.0115610221
13418 0.0115342259
13466 0.0115128226
13467 0.0114905413
13482 0.0114873798
13517 0.0114814575
13551 0.0114695434
13579 0.0114672340
13653 0.0114537503
13658 0.0114269110
13674 0.0114234447
13701 0.0114074813
13717 0.0113927055
13738 0.0113770592
13785 0.0113722359
13811 0.0113681176
13842 0.0113637753
13852 0.0113418589
13888 0.0113394266
13981 0.0113236399
14033 0.0113194134
14038 0.0113069674
14056 0.0113039587
14126 0.0112988160
14220 0.0112883771
14231 0.0112805585
14236 0.0112790359
14301 0.0112736272
14412 0.0112674061
14495 0.0112622817
14603 0.0112601364
14681 0.0112595193
14718 0.0112586048
14758 0.0112520644
14794 0.0112507229
14798 0.0112500054
14861 0.0112484229
14983 0.0112483701
15002 0.0112479713
15008 0.0112477343
15026 0.0112474875
15043 0.0112474077
15067 0.0112461093
15103 0.0112444728
15165 0.0112438520
15230 0.0112430109
15241 0.0112427289
15270 0.0112418483
15371 0.0112413056
15385 0.0112410698
15399 0.0112409050
15431 0.0112396937
15549 0.0112389518
15580 0.0112387639
15594 0.0112381670
15684 0.0112380329
15728 0.0112380162
15749 0.0112375192
15851 0.0112373575
15865 0.0112372140
15906 0.0112368957
15965 0.0112368809
15991 0.0112366068
16029 0.0112364344
16076 0.0112362242
16111 0.0112361417
16184 0.0112361348
16214 0.0112361241
16221 0.0112360215
16257 0.0112359414
16278 0.0112359119
16358 0.0112357298
16422 0.0112355861
16561 0.0112354606
16639 0.0112354031
16791 0.0112353871
16793 0.0112353749
16838 0.0112353385
16842 0.0112353062
16865 0.0112353000
16901 0.0112352522
16914 0.0112352441
16915 0.0112352293
17021 0.0112352268
17060 0.0112351978
17123 0.0112351904
17196 0.0112351757
17259 0.0112351162
17352 0.0112351056
17389 0.0112350703
17466 0.0112350645
17595 0.0112350493
17650 0.0112350298
17697 0.0112350271
17818 0.0112350249
17851 0.0112350192
17882 0.0112350177
17997 0.0112349799
18234 0.0112349735
18350 0.0112349575
18440 0.0112348983
18456 0.0112348974
18503 0.0112348508
18543 0.0112348283
18559 0.0112347202
19031 0.0112346712
19138 0.0112346442
19171 0.0112345120
19209 0.0112345105
19240 0.0112344572
19607 0.0112344318
19616 0.0112341134
19904 0.0112338920
19987 0.0112337477
20183 0.0112336941
20315 0.0112335745
20330 0.0112335488
20389 0.0112335172
20441 0.0112334438
20460 0.0112331623
20507 0.0112329401
20679 0.0112329223
20681 0.0112328254
20743 0.0112327925
20817 0.0112326597
20827 0.0112326413
20878 0.0112323611
20896 0.0112322045
20986 0.0112312485
21236 0.0112309445
21285 0.0112295783
21421 0.0112285828
21804 0.0112283736
21897 0.0112260565
22422 0.0112256776
22619 0.0112233101
22621 0.0112227677
22893 0.0112220739
22927 0.0112140665
23098 0.0112080446
23267 0.0112030329
23499 0.0111982551
23549 0.0111955465
23600 0.0111915920
23647 0.0111905577
23658 0.0111901023
23689 0.0111898874
23696 0.0111879370
23766 0.0111772511
24165 0.0111603438
24379 0.0111535002
24414 0.0111462749
24501 0.0111359624
24522 0.0111169115
24665 0.0111077295
24807 0.0110871151
25122 0.0110614965
25167 0.0109861651
25343 0.0109651490
25508 0.0109497737
25907 0.0109372360
25929 0.0108692297
25935 0.0108285534
26079 0.0108008905
26083 0.0107756175
26098 0.0107726009
26185 0.0106801120
26189 0.0106784664
26809 0.0106285104
26831 0.0105508906
26850 0.0103799168
26898 0.0100728790
27072 0.0100707561
27163 0.0099109219
27177 0.0098747907
27239 0.0097653473
27259 0.0094785586
27473 0.0093875754
27642 0.0092858338
27736 0.0090615096
27806 0.0088298070
27846 0.0086403453
28123 0.0084129496
28143 0.0083898363
28192 0.0083014361
28197 0.0082395253
28279 0.0082359498
28341 0.0079923522
28350 0.0079878214
28506 0.0075711561
28571 0.0075378760
28639 0.0074477805
28706 0.0074047344
28753 0.0073587057
28837 0.0072000281
28839 0.0068604095
28947 0.0068487977
29022 0.0066864259
29030 0.0066304853
29163 0.0063467323
29303 0.0061779628
29698 0.0059496812
29702 0.0059070491
29792 0.0058493477
29823 0.0054479473
30114 0.0053200180
30222 0.0052922344
30240 0.0052548913
30301 0.0051719209
30312 0.0051356496
30338 0.0049230588
30481 0.0049164689
30511 0.0047102439
30730 0.0046774203
30756 0.0045020800
30873 0.0044005621
30914 0.0043841632
30956 0.0043740492
30982 0.0043731502
31022 0.0041789496
31074 0.0041543910
31138 0.0038515789
31299 0.0038446555
31333 0.0038316035
31350 0.0038084766
31409 0.0037715246
31428 0.0036827789
31510 0.0035792806
31638 0.0035717106
31860 0.0034884565
31907 0.0032955966
32087 0.0032936132
32105 0.0030530362
32206 0.0030365992
32355 0.0030314622
32427 0.0029209291
32788 0.0029110073
32797 0.0028802979
32812 0.0027953748
32884 0.0027816479
32923 0.0027451525
32954 0.0027155359
33045 0.0026344165
33048 0.0026040375
33051 0.0025507517
33267 0.0025263499
33333 0.0025140622
33348 0.0024924676
33389 0.0024903235
33410 0.0024108985
33421 0.0023982701
33615 0.0023844365
33650 0.0023592827
33793 0.0023462529
33815 0.0023370416
33885 0.0022609517
33959 0.0022472203
34138 0.0022227480
34155 0.0020786579
34169 0.0020782169
34319 0.0020694253
34339 0.0020570026
34385 0.0020551254
34472 0.0019631991
34473 0.0019569769
34482 0.0019453633
34521 0.0019130252
34550 0.0017445813
35170 0.0017417117
35177 0.0017408830
35303 0.0017130404
35315 0.0016481332
35394 0.0016055304
35601 0.0015805352
35647 0.0015442440
35676 0.0015044214
35846 0.0014697091
35852 0.0013999311
36005 0.0013890498
36058 0.0013709106
36178 0.0013333660
36323 0.0013167822
36439 0.0012335833
36554 0.0012175904
36599 0.0011785765
36791 0.0011731704
36845 0.0011696746
36857 0.0010809085
37095 0.0010604868
37373 0.0010204246
37412 0.0010145099
37487 0.0009804237
37768 0.0009407682
37808 0.0009332437
38052 0.0009318082
38076 0.0009159474
38103 0.0008817137
38395 0.0008513582
38423 0.0008343796
38443 0.0008193734
38541 0.0008158747
38553 0.0008095023
38600 0.0007997996
38626 0.0007681896
38663 0.0007528333
38688 0.0007513651
38713 0.0007360603
38873 0.0007252334
39085 0.0007212080
39489 0.0007082129
39549 0.0007043113
39653 0.0006986014
39700 0.0006750153
39716 0.0006441552
39827 0.0006424668
39889 0.0006417046
40073 0.0006358498
40121 0.0006309748
40147 0.0006188413
40229 0.0006022555
40420 0.0006005397
40421 0.0005757490
40737 0.0005656964
40780 0.0005619442
40814 0.0005565688
40842 0.0005532029
40878 0.0005400800
40920 0.0005359635
40929 0.0005131008
41023 0.0005071777
41094 0.0004893152
41236 0.0004721864
41275 0.0004712015
41351 0.0004661074
41352 0.0004542833
41588 0.0004470565
41839 0.0004379568
42078 0.0004329942
42158 0.0004227288
42197 0.0004211111
42429 0.0004198829
42465 0.0004118501
42477 0.0003822456
42738 0.0003731435
42757 0.0003672762
43039 0.0003661116
43080 0.0003525574
43153 0.0003501104
43182 0.0003332816
43348 0.0003293293
43430 0.0003289020
43469 0.0003267190
43470 0.0003129953
43530 0.0003047041
43633 0.0003021206
43692 0.0002929766
43840 0.0002913388
44066 0.0002501532
45227 0.0002471863
45240 0.0002430343
45368 0.0002346942
45426 0.0002195600
45525 0.0002180581
45623 0.0002060733
45686 0.0002027488
45741 0.0001963009
45784 0.0001884269
45975 0.0001700419
46038 0.0001698463
46214 0.0001694467
46237 0.0001669553
46269 0.0001665230
46291 0.0001651226
46313 0.0001626646
46321 0.0001593430
46398 0.0001468636
46728 0.0001425278
46860 0.0001399376
46974 0.0001374406
47030 0.0001356110
47143 0.0001356052
47294 0.0001313182
47475 0.0001263933
47542 0.0001206553
47579 0.0001198904
47631 0.0001136202
47706 0.0001098698
47730 0.0001081321
47894 0.0001076373
47997 0.0001064489
48037 0.0001023950
48157 0.0000974371
49060 0.0000974331
49081 0.0000970560
49169 0.0000962214
49171 0.0000920468
49402 0.0000905859
49728 0.0000890106
49767 0.0000870696
49842 0.0000852376
49913 0.0000847973
50032 0.0000831617
50039 0.0000797070
50255 0.0000791721
50490 0.0000784429
50682 0.0000776809
50700 0.0000768483
50803 0.0000749969
50851 0.0000738764
50863 0.0000719372
51055 0.0000677658
51275 0.0000655909
51457 0.0000652464
51511 0.0000646284
51529 0.0000639155
51635 0.0000628129
51793 0.0000608535
52302 0.0000578789
52384 0.0000576880
52392 0.0000560870
52655 0.0000544759
52719 0.0000538914
52818 0.0000537445
52827 0.0000521749
52886 0.0000505243
53099 0.0000502506
53188 0.0000491801
53370 0.0000487528
53608 0.0000475926
53626 0.0000471139
53631 0.0000469495
53662 0.0000467736
53663 0.0000457606
53868 0.0000454001
53885 0.0000449009
53892 0.0000443922
53907 0.0000442780
53991 0.0000437565
54027 0.0000435956
54107 0.0000431999
54137 0.0000421421
54154 0.0000417501
54177 0.0000413209
54290 0.0000412608
54341 0.0000401283
54578 0.0000396684
54613 0.0000388446
54669 0.0000374044
54799 0.0000364558
54872 0.0000354556
54917 0.0000322545
55294 0.0000319977
55539 0.0000319523
55666 0.0000317172
55675 0.0000316917
55677 0.0000309278
55683 0.0000296175
55903 0.0000292316
55937 0.0000288247
55970 0.0000285641
56125 0.0000263073
56409 0.0000259855
56460 0.0000252719
56499 0.0000250610
56593 0.0000226662
56898 0.0000225251
57279 0.0000212913
57686 0.0000205751
57759 0.0000203021
57833 0.0000202364
57896 0.0000198674
57911 0.0000198376
57985 0.0000190431
58009 0.0000190313
58010 0.0000189389
58034 0.0000183922
58036 0.0000182657
58244 0.0000181278
58283 0.0000180463
58288 0.0000179741
58398 0.0000176518
58413 0.0000173045
58415 0.0000161273
58520 0.0000153587
59203 0.0000150811
59310 0.0000149053
59343 0.0000146909
59514 0.0000146239
59903 0.0000138321
59919 0.0000137992
60011 0.0000133709
60025 0.0000132351
60123 0.0000128198
60464 0.0000128154
60519 0.0000126463
60545 0.0000120357
60590 0.0000119304
60623 0.0000117242
60624 0.0000115173
60729 0.0000114052
60923 0.0000112627
61053 0.0000110490
61063 0.0000106937
61331 0.0000099619
61384 0.0000098484
61505 0.0000098239
61553 0.0000097770
61584 0.0000088004
61796 0.0000086795
61821 0.0000086420
61847 0.0000085415
61849 0.0000080648
62083 0.0000078928
62088 0.0000076465
62121 0.0000075210
62245 0.0000072124
62407 0.0000070764
62430 0.0000066708
62555 0.0000065246
63082 0.0000065172
63169 0.0000064838
63193 0.0000059419
63356 0.0000055862
63471 0.0000052306
63678 0.0000048328
63913 0.0000044320
64110 0.0000043788
64325 0.0000042405
64377 0.0000041894
64400 0.0000041593
64402 0.0000041212
64432 0.0000040751
64564 0.0000040156
64581 0.0000040154
64611 0.0000039876
64680 0.0000039299
64710 0.0000039059
64713 0.0000038852
64782 0.0000038206
64795 0.0000036623
64831 0.0000035771
64995 0.0000034605
65110 0.0000034015
65230 0.0000033976
65232 0.0000033964
65255 0.0000033382
65322 0.0000033362
65542 0.0000032153
65570 0.0000031130
65814 0.0000031074
65911 0.0000029948
66169 0.0000029043
66206 0.0000028567
66309 0.0000025950
66527 0.0000025287
66542 0.0000023345
66622 0.0000022704
67564 0.0000021110
67652 0.0000019934
68107 0.0000019875
68140 0.0000018467
68216 0.0000017305
68526 0.0000016887
68610 0.0000015921
68747 0.0000015526
68811 0.0000015300
68836 0.0000014477
69182 0.0000014234
69208 0.0000013746
69262 0.0000013363
69369 0.0000013204
69407 0.0000012368
69431 0.0000012300
69671 0.0000012153
69705 0.0000011844
69908 0.0000011717
69938 0.0000011675
69939 0.0000010987
70088 0.0000010446
70322 0.0000009848
70613 0.0000009780
70704 0.0000008824
70936 0.0000008672
70973 0.0000007920
71210 0.0000007603
71277 0.0000007237
71324 0.0000007044
71465 0.0000007037
71912 0.0000006413
72182 0.0000006163
72516 0.0000005838
72531 0.0000005804
72618 0.0000005737
73294 0.0000005399
73360 0.0000005305
73455 0.0000005085
73501 0.0000004450
73870 0.0000004396
74367 0.0000004368
74393 0.0000004250
74468 0.0000004137
74492 0.0000004054
74509 0.0000004049
74518 0.0000003985
74584 0.0000003663
74644 0.0000003593
74768 0.0000003326
74773 0.0000003237
74820 0.0000003153
74953 0.0000003007
75105 0.0000002689
75505 0.0000002475
75508 0.0000002365
75884 0.0000002353
75992 0.0000002278
76206 0.0000002221
76341 0.0000002190
76347 0.0000002081
76416 0.0000002051
76435 0.0000001969
76440 0.0000001948
76468 0.0000001765
76725 0.0000001679
76899 0.0000001639
76929 0.0000001634
76997 0.0000001606
76999 0.0000001532
77135 0.0000001489
77147 0.0000001475
77356 0.0000001460
77437 0.0000001409
77461 0.0000001404
77467 0.0000001403
77477 0.0000001400
77531 0.0000001269
77929 0.0000001230
78062 0.0000001184
78091 0.0000001078
78365 0.0000001009
78564 0.0000000958
78960 0.0000000950
78965 0.0000000939
79021 0.0000000938
79053 0.0000000884
79075 0.0000000855
79094 0.0000000741
79546 0.0000000710
79568 0.0000000708
80032 0.0000000553
80643 0.0000000547
80760 0.0000000545
80844 0.0000000537
80913 0.0000000511
81613 0.0000000474
81617 0.0000000439
81660 0.0000000428
81767 0.0000000423
81985 0.0000000416
82007 0.0000000405
82018 0.0000000388
82083 0.0000000385
82162 0.0000000364
82201 0.0000000344
82246 0.0000000326
82290 0.0000000310
82491 0.0000000303
83231 0.0000000270
83444 0.0000000268
83546 0.0000000267
83622 0.0000000256
83661 0.0000000247
83692 0.0000000241
83713 0.0000000237
83743 0.0000000222
83815 0.0000000221
83948 0.0000000219
83972 0.0000000185
84170 0.0000000171
84360 0.0000000169
84398 0.0000000159
84430 0.0000000154
85715 0.0000000151
85722 0.0000000131
85754 0.0000000127
86735 0.0000000123
86764 0.0000000116
86766 0.0000000114
86792 0.0000000112
86826 0.0000000108
86961 0.0000000105
86992 0.0000000102
87110 0.0000000101
87112 0.0000000095
87127 0.0000000082
87535 0.0000000078
87572 0.0000000077
87650 0.0000000070
87807 0.0000000063
88154 0.0000000061
88359 0.0000000060
88413 0.0000000050
88496 0.0000000044
88918 0.0000000044
89211 0.0000000043
89227 0.0000000043
89278 0.0000000039
90048 0.0000000038
90060 0.0000000037
90181 0.0000000037
90318 0.0000000036
90346 0.0000000036
90360 0.0000000034
90427 0.0000000030
90484 0.0000000028
90505 0.0000000022
90931 0.0000000022
90967 0.0000000019
90992 0.0000000019
91101 0.0000000019
91119 0.0000000019
91132 0.0000000018
91189 0.0000000017
91308 0.0000000016
91411 0.0000000016
91418 0.0000000016
91425 0.0000000015
91557 0.0000000014
92245 0.0000000013
92415 0.0000000013
92578 0.0000000013
92597 0.0000000011
92606 0.0000000011
92760 0.0000000009
92965 0.0000000007
93484 0.0000000007
93895 0.0000000007
93899 0.0000000007
93912 0.0000000006
94133 0.0000000006
94464 0.0000000006
94515 0.0000000005
95080 0.0000000004
95319 0.0000000004
95333 0.0000000004
95404 0.0000000004
96002 0.0000000003
96035 0.0000000003
96367 0.0000000003
96573 0.0000000003
96578 0.0000000003
96645 0.0000000002
96658 0.0000000002
96676 0.0000000002
96712 0.0000000002
96772 0.0000000002
96805 0.0000000002
96841 0.0000000002
96989 0.0000000002
97250 0.0000000002
97633 0.0000000001
97638 0.0000000001
97940 0.0000000001
98007 0.0000000001
98056 0.0000000001
98111 0.0000000001
98544 0.0000000001
98798 0.0000000001
98969 0.0000000001
99023 0.0000000001
99078 0.0000000001
99156 0.0000000001
99335 0.0000000001
99653 0.0000000001
99917 0.0000000001
100016 0.0000000001
100034 0.0000000001
100060 0.0000000001
100154 0.0000000000
100324 0.0000000000
100371 0.0000000000
100535 0.0000000000
100576 0.0000000000
100591 0.0000000000
100726 0.0000000000
100762 0.0000000000
100862 0.0000000000
100973 0.0000000000
101279 0.0000000000
101361 0.0000000000
101482 0.0000000000
101509 0.0000000000
101550 0.0000000000
101648 0.0000000000
101661 0.0000000000
101745 0.0000000000
101926 0.0000000000
101975 0.0000000000
102043 0.0000000000
102188 0.0000000000
102415 0.0000000000
102438 0.0000000000
102508 0.0000000000
102515 0.0000000000
102752 0.0000000000
102787 0.0000000000
102906 0.0000000000
103018 0.0000000000
103118 0.0000000000
103122 0.0000000000
103342 0.0000000000
103370 0.0000000000
103578 0.0000000000
103808 0.0000000000
103845 0.0000000000
103920 0.0000000000
104114 0.0000000000
104159 0.0000000000
104319 0.0000000000
104422 0.0000000000
104715 0.0000000000
104781 0.0000000000
104826 0.0000000000
104913 0.0000000000
104947 0.0000000000
105093 0.0000000000
105157 0.0000000000
105197 0.0000000000
105514 0.0000000000
105588 0.0000000000
105611 0.0000000000
105856 0.0000000000
105910 0.0000000000
106171 0.0000000000
106412 0.0000000000
106830 0.0000000000
106980 0.0000000000
107042 0.0000000000
107435 0.0000000000
107659 0.0000000000
108108 0.0000000000
108221 0.0000000000
111292 0.0000000000
evaluations raw_y
1 2150434951.4989418983
5 1561544314.9150574207
7 1459628971.1883833408
17 1146393107.3500857353
24 877551005.2772425413
52 778835208.5078730583
60 664500868.9697617292
69 489193565.1482073665
108 468965301.7894915342
119 454217087.4189912677
136 436886586.2996039987
152 436303509.1880877614
164 393294365.1983189583
174 357914726.0966028571
178 294504372.4583112001
196 284762985.7517794967
243 251279580.5880152285
351 229512499.7655038536
354 208477512.5023913383
384 197130956.8385671973
390 192404705.2095842361
401 177283167.1821064651
408 161427913.2423187196
415 153244569.2366040051
446 123527447.3097415864
479 115299212.8315445483
489 85510614.4816897959
560 83188231.7650381774
602 83106081.9686427116
629 64733959.0921570361
738 54480488.0927952453
785 49519969.7524682656
799 48070639.6665896103
820 38690524.2057438865
840 38443733.1714281365
845 34096521.2150691226
859 32840950.2472600974
873 31700189.0078682899
876 29566975.1440440603
898 25038384.1819851287
953 23133895.1887441315
967 20564390.0119357668
976 17773246.4252884127
986 17702970.6716487929
988 17428994.8479769938
996 17036824.4486613125
1004 16174738.1986585744
1017 13187450.0371782985
1024 12893188.1589740328
1049 11470552.0584279057
1110 9574443.8004062027
1154 8248597.0723623224
1193 7486214.1169200819
1216 6578759.2383888159
1265 6157369.0588489631
1309 5379828.0304759089
1313 4621606.3953072615
1337 4448750.7365166461
1401 4001277.3657427272
1424 3956220.0825687516
1514 3925764.8021981176
1529 3810324.2841272564
1559 3050632.6799340388
1641 2935853.0200233860
1706 2794871.9519898323
1741 2478352.8313741791
1776 2218264.8199069509
1815 1853216.9619252221
1881 1629564.2807614903
1901 1212693.8426903081
2115 1209811.6232901446
2134 1204856.5478843574
2165 823442.9132344422
2233 750408.8343538509
2291 683708.6016132358
2342 648105.4694150417
2356 615331.2813744149
2419 603543.9787609030
2460 561663.3022586195
2467 546687.1685467067
2517 478245.9331067015
2578 437502.6432230786
2686 417451.8413736850
2690 391406.8165236208
2691 326981.7089216192
2705 281347.1440706329
2829 272674.0800750775
2847 236371.7526270652
2880 207964.0922439795
2917 197898.1802551127
2958 172766.3922728506
3013 135222.8236857278
3083 124866.6833121725
3108 115115.4971674353
3163 110731.1046091979
3176 106287.2271045727
3237 95396.5413199498
3292 85417.0072085757
3347 76580.7084819477
3454 74463.4663460782
3473 60264.7396810987
3535 59409.7229920201
3546 59298.3926732413
3576 55074.6092121002
3590 51178.8998049180
3627 49394.9359209455
3630 47656.3011015502
3639 46321.2916086558
3668 45511.6291699173
3683 40805.1294417944
3695 34671.7575477986
3750 30488.8343357598
3772 27931.4911742937
3806 23163.8086651619
3886 20627.1148359217
3928 20533.3660596248
3958 18969.6820218354
4013 17990.7725302815
4032 13611.7876701842
4173 11574.4932068720
4236 11252.0241886407
4294 7556.5381127112
4395 6748.3069785373
4453 5754.6703428099
4565 4317.7164672276
4766 4256.8284879934
4855 3941.6796319471
4892 3275.7476955844
4950 2681.0139817888
5075 1957.0728990161
5139 1819.3954434147
5256 1330.3173145933
5283 1252.9473393270
5351 908.2918516034
5511 889.4626180499
5543 753.4408342883
5719 583.2491136668
5771 498.2754561511
5788 483.6656242195
5837 449.6125514617
5872 396.7717465770
5989 370.1814886396
6078 333.5681873290
6094 317.5853712452
6113 262.2675481860
6122 247.8523371364
6296 238.6153861712
6345 237.5495528734
6347 201.8509657209
6388 198.6243437553
6401 184.1329666159
6448 182.2688045469
6454 145.2484755542
6584 142.4452112548
6656 138.1670105278
6693 101.0476719350
6852 91.0112936490
6864 80.1378852455
6926 75.9397896519
6997 55.7335829335
7168 51.9302505076
7216 49.7727257023
7219 46.0478203618
7229 36.1866974863
7252 34.6268861721
7368 31.2787271927
7424 29.3371387900
7430 29.2913777466
7443 27.9255231037
7464 26.4326489528
7558 22.6004453306
7704 22.4393184950
7725 21.9719391336
7755 20.1773322371
7770 19.4749326969
7773 16.7201869453
7859 15.8402000122
7883 14.3136451849
7995 14.0106357561
8012 13.6282891604
8042 13.4952337275
8044 11.6024724403
8093 11.3528602033
8121 10.9712419301
8153 10.0283277767
8166 9.0934174932
8216 8.4118753076
8339 7.4405962333
8405 7.2389972655
8411 7.2374188691
8418 6.7530605912
8507 6.1620025365
8532 6.0898366887
8615 5.6779275625
8637 5.5166535551
8661 5.4846005490
8679 4.9309665473
8827 4.7037562084
8907 4.5038807178
8912 4.3811406676
9044 4.3426255762
9047 4.0957527394
9070 4.0078259647
9104 3.9801487398
9113 3.8875225882
9128 3.6348883254
9204 3.5846975609
9284 3.4547572747
9322 3.3825997467
9354 3.2999969581
9410 3.2827603466
9458 3.2506987078
9585 3.2188695349
9625 3.1683791609
9731 3.1375801029
9771 3.0886949235
9846 3.0642050937
9861 3.0558847348
9914 3.0397406735
9941 3.0275214180
10025 3.0200914536
10065 2.9758162997
10092 2.9645047727
10186 2.9627656129
10217 2.9571850953
10234 2.9512853434
10245 2.9321580999
10341 2.9282762238
10368 2.8900577525
10524 2.8859581104
10596 2.8793825680
10722 2.8703324408
10786 2.8681582313
10813 2.8673446767
10973 2.8647739329
10978 2.8638458462
11005 2.8620746774
11111 2.8614714430
11147 2.8588644131
11186 2.8578511644
11195 2.8564995650
11249 2.8559306948
11261 2.8554213262
11275 2.8547970937
11340 2.8522609768
11401 2.8518117048
11404 2.8510283394
11557 2.8509428875
11575 2.8502620529
11580 2.8487434616
11649 2.8479528906
11685 2.8462961551
11739 2.8460639129
11878 2.8458742495
11889 2.8456866863
11908 2.8445447484
11918 2.8441708416
12048 2.8437709719
12074 2.8435461230
12148 2.8435005297
12158 2.8428934272
12334 2.8424455694
12417 2.8423316538
12448 2.8420674959
12640 2.8419554456
12873 2.8418617381
12948 2.8417898707
13028 2.8417880039
13041 2.8417766561
13050 2.8417231338
13075 2.8416894392
13103 2.8416852865
13127 2.8416647387
13167 2.8415530961
13257 2.8415435782
13271 2.8414733688
13320 2.8414511961
13365 2.8414373935
13471 2.8414289765
13486 2.8414284131
13502 2.8414071924
13547 2.8413868712
13643 2.8413475407
13803 2.8413356051
13848 2.8413282619
13887 2.8413192130
13913 2.8413142906
13936 2.8412930199
14053 2.8412892087
14292 2.8412716031
14329 2.8412676596
14349 2.8412621499
14372 2.8412582878
14387 2.8412551804
14432 2.8412531682
14437 2.8412493946
14544 2.8412464302
14551 2.8412290003
14604 2.8412280053
14668 2.8412251602
14674 2.8412192104
14694 2.8412170179
14713 2.8412022357
14836 2.8412014357
14839 2.8411991188
14841 2.8411945103
14916 2.8411896664
14968 2.8411699830
15088 2.8411697487
15256 2.8411680468
15341 2.8411625037
15362 2.8411605943
15380 2.8411601053
15388 2.8411270638
15389 2.8411198155
15572 2.8410990909
15786 2.8410951800
16362 2.8410890346
16425 2.8410441838
16833 2.8409999812
16901 2.8409500619
16931 2.8409432719
17060 2.8409031582
17090 2.8408413799
17093 2.8408318317
17174 2.8407844609
17177 2.8407642397
17180 2.8407544988
17308 2.8407205863
17538 2.8405902568
17767 2.8405715316
17847 2.8404931845
17939 2.8403970647
18466 2.8402863860
18614 2.8402499710
18644 2.8401923903
18686 2.8401814403
18729 2.8401364265
18763 2.8400330930
18787 2.8396993045
18908 2.8394659354
19207 2.8394439405
19247 2.8391519546
19343 2.8381581839
19398 2.8380888383
19864 2.8374572234
19917 2.8372332184
19927 2.8366756274
20031 2.8366717945
20344 2.8334853075
20904 2.8333547228
20918 2.8329255939
20923 2.8323429465
20937 2.8321001968
20984 2.8293200081
21064 2.8275899765
21285 2.8271119396
21457 2.8233055651
21606 2.8203463172
21611 2.8202930863
22087 2.8174780918
22308 2.8105318117
22389 2.8040470061
22400 2.7888500665
22503 2.7828965567
22624 2.7799895387
22683 2.7627853633
22729 2.7556897225
23155 2.7496011256
23225 2.7275595835
23430 2.7152959594
23449 2.6988252495
23716 2.6922723654
23744 2.6844945535
23851 2.6401330737
24260 2.6312960615
24279 2.6207947819
24513 2.6074295290
24548 2.5048590511
25044 2.4703479290
25099 2.4331437009
25173 2.3716496505
25181 2.3565226890
25446 2.3499216216
25634 2.3394021109
25658 2.3318875165
25722 2.3214695515
25768 2.2530640420
25929 2.2089394037
26114 2.1481206230
26232 2.1469435603
26313 2.1212645612
26407 2.1140536779
26428 2.0891096370
26463 2.0889838132
26469 2.0693969893
26568 2.0369113087
26582 2.0289013080
26597 2.0215732298
26700 2.0211191537
26759 2.0086037785
26876 1.9252372637
26889 1.9102301488
27178 1.9090388862
27180 1.9069365066
27427 1.8633825830
27433 1.8214862557
27791 1.7847958215
28103 1.7692043608
28162 1.7109145570
28236 1.7002124328
28621 1.6700552301
28705 1.6658153541
28710 1.6581532355
28738 1.6364642947
28744 1.5848447281
28971 1.5417024246
29308 1.5311768318
29334 1.5070549061
29411 1.4951070673
29430 1.4903075450
29450 1.4895041808
29475 1.4701806871
29607 1.4695205304
29633 1.4651648680
29678 1.4544739963
29741 1.4535531861
29788 1.4082727779
29943 1.4036857173
30058 1.3827272675
30158 1.3718841561
30231 1.3376414143
30272 1.3290854817
30563 1.3238481855
30702 1.3238140349
30724 1.3010811771
30943 1.2784457119
31010 1.2610531198
31235 1.2437078904
31405 1.2061480942
31590 1.1990037415
31638 1.1902259655
31657 1.1832688758
31662 1.1654686339
31781 1.1402574171
31998 1.1386378308
31999 1.1272342494
32012 1.0740880740
32260 1.0707787645
32348 1.0605535466
32352 1.0295801963
32443 0.9836930413
32682 0.9783626624
32866 0.9612149505
32993 0.9297981695
33399 0.9170403234
33434 0.9038489822
33450 0.8980710767
33468 0.8869450277
33472 0.8785374316
33583 0.8770378464
33599 0.8230063810
33909 0.8176920143
34131 0.7814369533
34333 0.7655225894
34568 0.7448377468
34618 0.7321513461
34715 0.7259871229
34902 0.7032840880
34903 0.6955714861
35013 0.6831996729
35148 0.6525001282
35442 0.6465880061
35463 0.6439253888
35487 0.6409244170
35522 0.6401131846
35542 0.6273268195
35616 0.6233281085
35646 0.6219475210
35661 0.6051362826
35702 0.6040525546
35753 0.6039494061
35763 0.6023075356
35797 0.6017487035
35831 0.5997663650
35847 0.5940220380
35872 0.5651489471
36019 0.5530450902
36111 0.5426541510
36262 0.5133421589
37022 0.5018931979
37075 0.4928250387
37090 0.4799116111
37166 0.4749351742
37178 0.4497853795
37204 0.4491055272
37221 0.4442744927
37338 0.4381356085
37517 0.4342597969
37670 0.4334194210
37700 0.4254057893
37719 0.4220962595
37749 0.4089639883
37768 0.4063644016
37828 0.4003690089
37923 0.3935268858
37982 0.3868932070
38032 0.3507593714
38244 0.3471390266
38611 0.3348869890
38792 0.3193240039
38819 0.3176036887
38825 0.3160998770
38866 0.3122563313
38917 0.3043405865
39046 0.3006795970
39066 0.3001802136
39199 0.2894235098
39339 0.2787329259
39504 0.2677673156
39530 0.2661341079
39607 0.2599054140
39635 0.2459718232
39773 0.2293214229
40119 0.2225397731
40604 0.2060601950
40694 0.2041928049
40971 0.1998785048
41128 0.1779892751
41430 0.1749538974
41468 0.1720066686
41539 0.1623490656
41895 0.1581756372
42028 0.1569606728
42092 0.1474657473
42404 0.1455285758
42502 0.1381720856
42592 0.1345957866
42793 0.1320036560
42855 0.1294364592
42886 0.1268759107
42938 0.1221100436
42955 0.1198889176
42986 0.1174609517
43023 0.1118307213
43111 0.1076057071
43531 0.1072264152
43603 0.1064355093
43685 0.1053283980
43767 0.1041320449
43778 0.1016003737
43951 0.1015398619
43963 0.0933659108
44195 0.0848183211
44442 0.0846846308
44468 0.0757829842
44629 0.0755400488
44725 0.0721392684
44936 0.0709196019
45041 0.0684369525
45207 0.0663588954
45393 0.0661351196
45403 0.0584947082
45857 0.0579504592
45881 0.0562957124
45976 0.0530185473
46032 0.0524798313
46168 0.0519546637
46175 0.0519007154
46211 0.0468316096
46333 0.0467691612
46425 0.0445601457
46657 0.0415379380
47007 0.0407056604
47098 0.0382554806
47275 0.0370788220
47277 0.0368864522
47361 0.0366852947
47384 0.0358947568
47461 0.0354990157
47503 0.0333331600
47880 0.0327444143
48071 0.0319102587
48129 0.0315214123
48149 0.0310888894
48348 0.0308736009
48354 0.0287301288
48415 0.0287044585
48467 0.0275096859
48622 0.0250580495
48753 0.0231695091
48777 0.0229660812
48950 0.0228512425
48970 0.0214601961
49061 0.0200936116
49156 0.0200746762
49328 0.0197824977
49353 0.0193844034
49505 0.0186485351
49716 0.0175372040
49718 0.0174663888
49963 0.0167865653
50005 0.0167444873
50023 0.0154052790
50433 0.0148691704
50446 0.0146175665
50558 0.0134736133
50732 0.0134368352
50847 0.0133900765
50862 0.0133349288
50882 0.0133262113
50931 0.0127744209
50945 0.0126015544
50952 0.0125416028
50974 0.0119996310
50999 0.0119547872
51041 0.0118069410
51094 0.0110106127
51146 0.0105804168
51399 0.0104901869
51798 0.0091133038
52170 0.0088939586
52180 0.0080354950
52600 0.0079897340
52686 0.0079466169
52770 0.0075783106
52913 0.0073448073
52930 0.0073297846
53027 0.0070037169
53039 0.0067969493
53182 0.0066642437
53232 0.0065464261
53350 0.0064273028
53356 0.0064039313
53375 0.0063894775
53428 0.0062387062
53442 0.0059630685
53447 0.0056623696
53528 0.0053831768
53595 0.0052155589
53666 0.0050475494
53847 0.0049395940
53874 0.0047272985
53968 0.0046187731
54061 0.0045645502
54226 0.0044714167
54382 0.0044513405
54495 0.0043972045
54531 0.0043768918
54601 0.0042149916
54608 0.0041879470
54641 0.0041809002
54739 0.0041492599
54753 0.0040670723
54798 0.0037406687
55003 0.0035477990
55512 0.0035395296
55548 0.0034932119
55565 0.0034843609
55567 0.0034022745
55621 0.0033600773
55642 0.0033195254
55681 0.0032677865
55682 0.0032640412
55743 0.0032054168
55785 0.0031322214
56009 0.0031050960
56061 0.0030666403
56093 0.0030384099
56137 0.0030067861
56152 0.0030060289
56160 0.0028595346
56496 0.0028301657
56524 0.0028210734
56608 0.0028069666
56612 0.0027064912
56891 0.0026417636
56930 0.0026160275
57076 0.0025057611
57273 0.0025006431
57274 0.0024678946
57331 0.0024546074
57426 0.0024393380
57488 0.0024096637
57493 0.0023308692
57494 0.0022339520
57619 0.0021673829
57688 0.0021670308
57746 0.0021321802
57786 0.0021247041
57825 0.0021084654
57854 0.0020659720
57972 0.0019822570
58024 0.0019764931
58061 0.0019605757
58122 0.0018677842
58397 0.0018155243
58620 0.0016894300
59014 0.0016311553
59200 0.0015863470
59213 0.0015341042
59291 0.0014913447
59347 0.0014400338
59401 0.0014098102
59426 0.0013953160
59552 0.0013366693
59579 0.0013050960
59639 0.0013046212
59662 0.0012969560
60043 0.0012835038
60139 0.0012728781
60146 0.0012633391
60153 0.0012569633
60206 0.0012411061
60208 0.0011790549
60341 0.0011353361
60342 0.0010959828
60352 0.0010652408
60477 0.0010302499
60586 0.0009872915
60698 0.0009685320
60944 0.0009625974
60977 0.0009319493
61178 0.0009042684
61340 0.0008871342
61364 0.0008573868
61553 0.0008152070
61766 0.0007563147
62036 0.0007431801
62311 0.0007329663
62418 0.0006836462
62445 0.0006821666
62486 0.0006623817
62503 0.0006487026
63170 0.0006402511
63172 0.0006369578
63206 0.0005936479
63280 0.0005250435
63800 0.0005194365
63816 0.0005135356
63901 0.0004948995
63982 0.0004849738
64009 0.0004766054
64096 0.0004740443
64103 0.0004704298
64128 0.0004645438
64150 0.0004418382
64209 0.0004191891
64449 0.0004179938
64469 0.0004173088
64489 0.0003989594
64544 0.0003715903
65098 0.0003517571
65444 0.0003424190
65516 0.0003411790
65530 0.0003326039
65722 0.0003307388
65758 0.0003075519
66045 0.0002991375
66055 0.0002916240
66086 0.0002756006
66156 0.0002707469
66452 0.0002656458
66493 0.0002415470
66722 0.0002311795
66757 0.0002254262
67010 0.0002228597
67039 0.0002201864
67161 0.0002147091
67348 0.0001898277
67461 0.0001874693
67699 0.0001852514
68003 0.0001727375
69175 0.0001708822
69246 0.0001598245
69343 0.0001577939
69397 0.0001549787
69467 0.0001549327
69472 0.0001418448
69834 0.0001354428
69888 0.0001280007
70013 0.0001233020
70015 0.0001205364
70104 0.0001117465
70267 0.0001072459
71960 0.0001031347
72146 0.0001013039
72271 0.0000990555
72281 0.0000982144
72315 0.0000937697
72832 0.0000932518
73049 0.0000880903
73126 0.0000846546
73155 0.0000841191
73410 0.0000829533
73421 0.0000715742
73946 0.0000694316
74127 0.0000662676
74269 0.0000619400
74378 0.0000609146
74478 0.0000585865
74638 0.0000583440
74647 0.0000578757
74702 0.0000565726
74790 0.0000555763
74860 0.0000546488
74906 0.0000522006
74907 0.0000509732
75184 0.0000484857
75359 0.0000479258
75420 0.0000470644
75460 0.0000463291
75575 0.0000445484
75637 0.0000444849
75852 0.0000425617
76013 0.0000413266
76046 0.0000391517
76083 0.0000373872
76580 0.0000344322
76734 0.0000338440
76901 0.0000335206
76943 0.0000315084
76978 0.0000314385
77023 0.0000310472
77033 0.0000302396
77083 0.0000301924
77114 0.0000299733
77154 0.0000289791
77178 0.0000287026
77235 0.0000275806
77244 0.0000265209
77363 0.0000250641
78614 0.0000245639
78662 0.0000232214
78844 0.0000227504
78971 0.0000222895
78987 0.0000222880
79012 0.0000217738
79174 0.0000217260
79341 0.0000213087
79509 0.0000206391
79537 0.0000196215
79739 0.0000173274
80092 0.0000172512
80212 0.0000169153
80289 0.0000168686
80321 0.0000165083
80445 0.0000153238
80678 0.0000147520
80816 0.0000143643
80904 0.0000131507
80984 0.0000130864
81019 0.0000128463
81033 0.0000117631
81129 0.0000116606
81297 0.0000114992
81569 0.0000114079
81635 0.0000110431
81742 0.0000095286
81944 0.0000095261
82056 0.0000093197
82273 0.0000086409
82341 0.0000076151
82670 0.0000070982
82790 0.0000069206
83285 0.0000067985
83324 0.0000063710
83383 0.0000062583
83402 0.0000060675
83443 0.0000060518
83501 0.0000060065
83583 0.0000059168
83654 0.0000058864
83676 0.0000057269
83694 0.0000056822
83708 0.0000056725
83733 0.0000054821
83872 0.0000053379
83892 0.0000053350
83898 0.0000053221
83924 0.0000049713
84006 0.0000048202
84336 0.0000045197
84513 0.0000044991
84541 0.0000043233
84788 0.0000040862
85375 0.0000040858
85376 0.0000032655
85946 0.0000031732
86250 0.0000031316
86253 0.0000028461
86677 0.0000027288
86810 0.0000025391
86863 0.0000023404
87228 0.0000018068
88060 0.0000014882
88847 0.0000014570
88899 0.0000014441
89024 0.0000011988
89174 0.0000010802
89704 0.0000010778
89709 0.0000010419
89848 0.0000010090
89876 0.0000009502
89936 0.0000007770
90001 0.0000007458
90210 0.0000007455
90274 0.0000006884
90568 0.0000006755
90621 0.0000006248
90682 0.0000006075
90831 0.0000005512
91119 0.0000005459
91284 0.0000005109
91286 0.0000004673
91817 0.0000004576
91912 0.0000004552
92093 0.0000004326
92203 0.0000004253
92233 0.0000003531
92289 0.0000003524
92437 0.0000003484
92675 0.0000003311
92778 0.0000002863
92832 0.0000002745
93102 0.0000002596
93241 0.0000002581
93247 0.0000002570
93388 0.0000002560
93432 0.0000002395
93459 0.0000002389
93542 0.0000002228
93548 0.0000002111
93614 0.0000002104
93961 0.0000001989
94072 0.0000001902
94227 0.0000001746
94411 0.0000001690
94436 0.0000001407
94931 0.0000001387
94996 0.0000001354
95060 0.0000001302
95112 0.0000001299
95116 0.0000001287
95199 0.0000001226
95341 0.0000001028
95367 0.0000001006
95853 0.0000000952
96057 0.0000000898
96303 0.0000000890
96403 0.0000000766
96782 0.0000000744
96891 0.0000000706
97042 0.0000000689
97626 0.0000000664
97773 0.0000000659
97781 0.0000000594
97857 0.0000000584
97993 0.0000000576
98037 0.0000000529
98127 0.0000000523
98208 0.0000000494
98371 0.0000000480
98519 0.0000000478
98574 0.0000000476
98625 0.0000000454
98823 0.0000000425
98895 0.0000000379
99019 0.0000000375
99164 0.0000000366
99401 0.0000000347
99404 0.0000000327
99472 0.0000000310
99654 0.0000000308
99751 0.0000000307
99843 0.0000000304
99874 0.0000000301
99885 0.0000000285
99897 0.0000000271
100005 0.0000000254
100073 0.0000000253
100205 0.0000000252
100255 0.0000000230
100287 0.0000000229
100366 0.0000000228
100481 0.0000000218
100513 0.0000000214
100657 0.0000000203
100670 0.0000000201
100709 0.0000000176
100940 0.0000000171
101122 0.0000000162
101152 0.0000000145
101460 0.0000000142
101500 0.0000000129
101516 0.0000000129
101709 0.0000000124
101806 0.0000000120
101842 0.0000000098
102714 0.0000000098
103079 0.0000000084
103119 0.0000000084
103227 0.0000000082
103387 0.0000000080
103401 0.0000000079
103455 0.0000000077
103459 0.0000000067
103587 0.0000000059
103993 0.0000000058
104242 0.0000000054
104752 0.0000000048
104880 0.0000000036
104964 0.0000000035
105581 0.0000000033
105778 0.0000000031
105797 0.0000000026
106364 0.0000000024
106397 0.0000000024
106490 0.0000000023
106506 0.0000000022
106584 0.0000000021
106673 0.0000000020
106768 0.0000000017
107082 0.0000000014
107215 0.0000000012
107299 0.0000000012
107343 0.0000000011
107478 0.0000000011
107543 0.0000000010
107923 0.0000000009
108307 0.0000000009
108641 0.0000000009
108673 0.0000000008
108791 0.0000000006
108914 0.0000000005
109015 0.0000000005
109336 0.0000000005
109552 0.0000000004
109588 0.0000000004
109719 0.0000000004
109833 0.0000000004
109884 0.0000000003
110028 0.0000000003
110070 0.0000000003
110268 0.0000000003
110386 0.0000000003
110481 0.0000000002
110654 0.0000000002
111220 0.0000000001
111332 0.0000000001
111342 0.0000000001
111433 0.0000000001
111509 0.0000000001
111535 0.0000000001
111634 0.0000000001
111851 0.0000000001
111862 0.0000000001
111995 0.0000000001
112360 0.0000000001
112415 0.0000000001
112613 0.0000000001
112653 0.0000000001
112788 0.0000000001
112819 0.0000000001
112876 0.0000000000
113224 0.0000000000
113236 0.0000000000
113289 0.0000000000
113294 0.0000000000
113517 0.0000000000
113548 0.0000000000
113712 0.0000000000
113895 0.0000000000
114121 0.0000000000
114634 0.0000000000
115213 0.0000000000
115246 0.0000000000
115264 0.0000000000
115421 0.0000000000
115468 0.0000000000
115770 0.0000000000
116313 0.0000000000
116316 0.0000000000
116517 0.0000000000
116527 0.0000000000
116648 0.0000000000
117249 0.0000000000
117288 0.0000000000
117358 0.0000000000
117513 0.0000000000
117913 0.0000000000
118038 0.0000000000
118122 0.0000000000
118249 0.0000000000
118259 0.0000000000
118337 0.0000000000
118786 0.0000000000
118816 0.0000000000
119125 0.0000000000
119197 0.0000000000
119486 0.0000000000
119640 0.0000000000
119849 0.0000000000
119875 0.0000000000
119897 0.0000000000
119910 0.0000000000
119986 0.0000000000
120004 0.0000000000
120052 0.0000000000
120064 0.0000000000
120141 0.0000000000
120437 0.0000000000
120460 0.0000000000
120901 0.0000000000
121160 0.0000000000
121205 0.0000000000
121301 0.0000000000
121393 0.0000000000
121452 0.0000000000
121494 0.0000000000
121499 0.0000000000
121742 0.0000000000
121925 0.0000000000
122005 0.0000000000
122729 0.0000000000
122982 0.0000000000
122991 0.0000000000
123031 0.0000000000
123208 0.0000000000
123445 0.0000000000
123579 0.0000000000
123885 0.0000000000
124001 0.0000000000
124010 0.0000000000
124189 0.0000000000
124658 0.0000000000
124861 0.0000000000
125035 0.0000000000
125365 0.0000000000
126304 0.0000000000
127465 0.0000000000
evaluations raw_y
1 23091476117.9957962036
2 11353543514.1706371307
3 4064381568.0299010277
7 2417800683.8710670471
20 2243942332.0976891518
29 1270452289.8817296028
33 949066016.9523946047
42 775422349.4780050516
58 727321310.1000899076
66 514832441.8897917271
92 492540372.8018653393
112 407913575.6587784886
151 359994736.8123656511
194 354478692.1328519583
201 314019988.8363355994
219 304592506.9830353260
228 282805479.1606675982
234 262173071.4535956979
259 256634322.0728105605
275 190094860.9970805943
276 167889416.1522424519
306 164966043.9107822776
323 134762158.8643010557
418 120802299.1757331789
437 117205506.1156994104
447 111827495.5825307667
462 108055043.5616360903
482 95677942.9487433583
488 92803744.0290215909
528 84409413.1097938716
540 81909310.6312746108
550 75090292.2502958775
564 69492914.9435653389
594 61681636.3364879936
600 61294123.2450360507
634 61192415.1818460450
640 60787773.3345796913
641 53755864.2914496735
646 47001087.5611227527
664 46367332.6681118235
665 38190859.0144074038
686 38100567.9848655164
715 35694539.2820303589
720 32542760.7558441348
727 30237663.2275911272
776 22312855.7699307464
882 20126178.3063060939
948 18494037.3594235778
980 17891516.8215408772
990 16390997.6242585070
1006 15815594.7788224630
1010 14322421.0703459512
1031 10683019.6116972659
1080 9736119.6828328967
1087 9676699.5865324941
1103 8897930.7937828917
1115 5766899.1922820397
1225 5571894.7922848715
1238 5507450.1096308129
1255 4894976.4452605322
1387 4859652.4293766879
1394 3308985.9550015852
1473 3224027.0089361966
1534 2494217.6429753769
1635 2016303.8939859057
1797 2000040.1654328671
1830 1963535.5983542395
1834 1470874.0065189837
1957 1434900.0112453524
2056 1385909.8607507253
2078 1350458.5288173736
2084 1124083.6020168713
2108 1121988.8000601034
2139 1075150.8138649676
2182 986185.6007577855
2194 869096.3375058643
2283 774036.1889332345
2304 770707.4016000230
2382 734581.3641161635
2478 700244.2998363500
2504 620388.3126471199
2552 603768.8807459172
2563 548915.2248517433
2566 538250.6537590814
2582 522564.0902391628
2593 459310.9612817141
2664 408243.4421498256
2682 335310.1151383788
2694 314580.7451328220
2779 269615.9704613541
2833 209375.2790653596
2889 201524.3574635858
3101 191045.1146198122
3150 161410.5883355975
3233 151570.2649031463
3293 139073.9654296958
3295 134062.5465745035
3325 130120.9155234372
3393 128895.9383652275
3394 128673.3436122889
3395 123878.9136357364
3416 121536.7457408912
3448 101962.6057125580
3450 91298.5168212431
3571 85687.3841384058
3589 81882.5303538994
3606 81250.2033979108
3607 77449.2578508156
3622 71515.3088480898
3631 49601.7445640423
3764 43410.3787009731
3877 42148.9487989681
3972 37133.9163831836
4043 34330.0841184369
4078 33167.9529152598
4091 31729.2901861613
4155 25622.9473587524
4196 22167.9610521289
4232 22001.5913614754
4332 19724.2581792930
4345 19281.0083218233
4392 16871.4753827067
4478 11884.3375931128
4590 9595.8402256286
4641 7668.2199728641
4719 7277.7979713478
4798 7016.1538207933
4884 6924.7017169118
4916 6291.6051060973
4952 5937.8717957061
4971 5169.2793187178
5061 4440.8094487176
5076 3869.4384998063
5153 3189.5760303951
5215 1976.0244963506
5489 1717.6429100601
5588 1608.6986043632
5653 1419.9938055602
5718 1312.5731790788
5754 1306.9634263137
5779 1275.5135563828
5781 1128.6787095755
5791 893.7741050449
5794 614.7302733992
5950 600.1489775976
6063 590.0609617797
6078 512.3461691430
6115 436.9741650567
6163 395.3831574879
6182 336.4225453902
6291 318.1429806752
6356 298.5450768025
6395 198.6481290688
6829 189.6363910828
6832 162.7479999832
6906 157.0707926084
6920 148.3927744563
6927 145.3456913314
6933 137.8382973279
6957 128.9537465992
6960 123.8472675496
7008 119.1866585885
7012 112.7181190231
7086 106.7150383677
7088 97.3913948830
7186 96.7308846864
7219 90.1854088626
7222 79.5499933328
7270 68.6793141554
7299 65.4509776025
7321 64.1046738231
7410 60.7653344535
7419 49.7240992520
7424 44.0911830182
7553 41.0978147309
7576 40.1097949208
7595 37.4833497851
7687 33.1710900537
7714 32.7326684043
7729 30.7074676298
7799 30.6904422328
7812 29.4943216383
7821 27.1744987528
7873 17.3998592940
8145 14.6056199228
8233 12.7605772237
8308 12.2644156267
8358 11.4076438974
8437 11.1464913848
8485 10.2452798719
8531 9.7722767543
8542 9.5833880222
8554 9.3472328280
8555 8.9904192798
8613 7.9811633726
8745 7.8059532148
8774 7.3871215403
8824 7.0517697780
8827 6.9346707466
8833 6.8446226486
8966 6.8441018403
8980 6.4857889549
9086 6.2607625260
9130 6.0967350255
9173 6.0871825522
9268 6.0272070942
9269 5.9849427810
9275 5.8536458871
9343 5.8216181919
9384 5.7774508680
9390 5.7342432902
9408 5.6378752608
9449 5.5990828345
9484 5.5321844425
9523 5.3958186783
9657 5.3721200771
9711 5.2828459032
9787 5.2715341686
9805 5.1657997759
9912 5.1033238477
10040 5.0891630059
10119 5.0627290243
10218 5.0416988116
10380 5.0416521303
10392 5.0412338680
10397 5.0287638971
10434 5.0211004673
10459 5.0149893435
10487 5.0063564792
10561 5.0007066231
10563 4.9984457570
10607 4.9956112136
10633 4.9834465151
10746 4.9830635021
10781 4.9695643774
10809 4.9627318917
10920 4.9593241653
10942 4.9581820675
11019 4.9541801574
11094 4.9491462274
11149 4.9484598358
11187 4.9470520969
11253 4.9465294952
11255 4.9441614208
11274 4.9441385465
11286 4.9424348804
11291 4.9400505153
11418 4.9399760402
11427 4.9392039178
11428 4.9355393784
11550 4.9350885368
11596 4.9340614828
11634 4.9338448630
11651 4.9329435501
11697 4.9325241925
11710 4.9316409908
11715 4.9309949550
11728 4.9303734203
11748 4.9300968583
11818 4.9299516753
11871 4.9294047414
11883 4.9286645300
11963 4.9283690182
12112 4.9282426724
12148 4.9281758049
12156 4.9274453411
12168 4.9271931439
12274 4.9271718889
12345 4.9268225505
12346 4.9265714999
12408 4.9265455477
12458 4.9264162879
12497 4.9262533093
12584 4.9261847471
12607 4.9261006461
12684 4.9259293290
12733 4.9258867696
12766 4.9258140313
12768 4.9257542422
12770 4.9256817233
12871 4.9256649553
12897 4.9255533668
12913 4.9255022854
13010 4.9254364571
13125 4.9252586454
13232 4.9252489260
13323 4.9252375336
13350 4.9252248492
13406 4.9252073865
13416 4.9251912426
13449 4.9251503286
13501 4.9250990944
13575 4.9250542975
13672 4.9250460957
13701 4.9249946332
13861 4.9249839471
13986 4.9249831115
14047 4.9249828434
14107 4.9249699421
14116 4.9249565675
14210 4.9249491997
14211 4.9249283054
14380 4.9249238406
14872 4.9249117447
14986 4.9249035749
15066 4.9248822277
15093 4.9248178543
15266 4.9248082928
15284 4.9247169033
15885 4.9247035767
15896 4.9246672309
15922 4.9246281749
15964 4.9245734618
16150 4.9245342705
16296 4.9243267444
16460 4.9242918351
16669 4.9242267374
16724 4.9241574074
16812 4.9240967008
16852 4.9240312597
16918 4.9240070422
16934 4.9238751572
17126 4.9238229734
17135 4.9236240824
17317 4.9235117676
17345 4.9234495897
17425 4.9234196888
17556 4.9234152919
17565 4.9234140222
17606 4.9233997537
17630 4.9230926238
17710 4.9228784454
17815 4.9226534811
17888 4.9223827411
17991 4.9222670253
18008 4.9221637306
18537 4.9219058444
18633 4.9203210644
18831 4.9193704034
19359 4.9136376154
19696 4.9121514636
19735 4.9102837674
19878 4.9085420157
19921 4.9077702579
19996 4.9045662521
20105 4.9035472984
20216 4.9031249114
20242 4.9027125730
20289 4.9022187122
20357 4.9021542857
20382 4.8971440307
20586 4.8964611089
20672 4.8947776192
20738 4.8917487830
20742 4.8888070054
20868 4.8846367282
20874 4.8844790846
20921 4.8826611145
21055 4.8786196598
21139 4.8766653396
21213 4.8763146952
21271 4.8587678308
21395 4.8410023686
22102 4.8308660397
22375 4.7708446700
22418 4.7476625419
22856 4.7338149213
22868 4.7161551790
22913 4.7138323678
22923 4.7055382214
22981 4.6295335727
23273 4.6094391908
23296 4.6058494139
23342 4.5206601449
23553 4.5148716817
23607 4.4545901334
23703 4.4236608176
23978 4.4069527101
24120 4.3832689722
24199 4.3457760598
24424 4.3009435200
24514 4.2999627354
24537 4.2988785193
24549 4.2979747996
24560 4.2643955800
24693 4.2607604668
24695 4.2239820121
24723 4.1659058681
24792 4.1579761205
24844 4.1060608944
24885 4.1045033519
24903 4.0949841922
24979 4.0816090455
24995 4.0436437408
25405 4.0147499288
25594 4.0120430134
25647 3.9986445941
25699 3.9832992754
25743 3.9734279430
25780 3.9693291951
25792 3.9440339222
25794 3.8743918701
25880 3.8643601582
25903 3.7876027666
26173 3.7370779346
26205 3.7288064192
26217 3.7155544409
26278 3.7111782827
26301 3.6791017959
26450 3.6726086350
26463 3.6425602779
26689 3.6245954402
26697 3.6161092940
26748 3.5417529880
26872 3.5416184299
26890 3.5180921395
26920 3.4849140577
27145 3.4763109832
27216 3.4255881308
27297 3.3958924822
27383 3.3840265550
27434 3.3438225092
27526 3.3237024505
27632 3.2912772408
27664 3.2895723075
27727 3.2612143535
27750 3.2190018267
27845 3.1776505336
28112 3.1551951914
28162 3.0814584405
28423 3.0439126501
28519 3.0394549518
28625 3.0072781794
28721 2.9568415497
28939 2.8744532948
29017 2.8707878398
29196 2.8488078704
29237 2.8426549218
29258 2.8050525750
29478 2.8002828200
29576 2.7441756251
29601 2.7291552864
29653 2.7247724626
29875 2.7032890021
30058 2.6789904417
30113 2.6368359616
30137 2.6006161612
30175 2.5899600898
30321 2.5555875262
30597 2.4886799638
30680 2.4811321213
30835 2.4535708228
30975 2.4264909462
31100 2.3755664726
31155 2.3670670331
31211 2.3338527442
31414 2.3212414394
31460 2.2683051086
31553 2.2433891369
31683 2.2398822592
31753 2.2043101942
31982 2.1870295530
32172 2.1641506649
32272 2.1453540025
32308 2.1427912317
32333 2.0903948127
32370 2.0649221647
32587 2.0615009873
32657 2.0591172562
32711 2.0565040183
32790 1.9809747066
33005 1.9698657529
33097 1.9682468665
33179 1.9558494716
33337 1.9004755177
33431 1.8815206809
33536 1.8605487833
33875 1.8545262845
33937 1.8380638537
33958 1.8216664550
33964 1.8207262961
33968 1.7970149042
34094 1.7794845466
34103 1.7524233590
34155 1.7320977625
34228 1.7308354482
34325 1.7284881551
34352 1.7215865076
34438 1.7080351960
34601 1.6764320215
34681 1.6153962548
35039 1.5617800211
35151 1.5597081212
35224 1.5482754709
35229 1.5445898556
35239 1.5427864643
35295 1.5219836100
35312 1.5070753174
35566 1.5010685013
35586 1.4844767454
35828 1.4471485092
35869 1.4375456137
36014 1.4103755441
36016 1.3782869462
36281 1.3756031853
36359 1.3451920554
36454 1.3439894790
36482 1.3288388491
36665 1.3241665025
36692 1.2860392411
36728 1.2634074596
37089 1.2223030391
37167 1.2180669861
37240 1.2160808614
37335 1.1776073142
37565 1.1766869603
37621 1.1636413804
37732 1.1568970210
37757 1.1557847417
37813 1.1536530353
37815 1.1467026298
37838 1.1375338312
38007 1.1170716506
38143 1.1027155113
38222 1.0954536786
38304 1.0769870806
38312 1.0640599136
38337 1.0595460460
38415 1.0460334413
38732 1.0388704173
38758 1.0342067982
38762 0.9953312282
39178 0.9676116720
39230 0.9562050363
39354 0.9542159486
39358 0.9482422064
39503 0.9456458897
39610 0.9317182730
39776 0.8900921673
40082 0.8820428120
40250 0.8608607314
40337 0.8581945661
40351 0.8501717315
40637 0.8029099380
40743 0.7953169717
40851 0.7759829345
41166 0.7645614212
41267 0.7328765682
41510 0.7200707539
41658 0.7095175414
42176 0.6994093191
42606 0.6638418243
42663 0.6467267260
43009 0.6415535812
43095 0.6354924667
43111 0.6325524499
43134 0.6219395346
43241 0.6208612078
43278 0.6053346412
43384 0.6039055968
43443 0.5978906492
43547 0.5954695484
43974 0.5901107676
43975 0.5838501468
44007 0.5827257000
44079 0.5825804002
44138 0.5780494729
44154 0.5700501295
44287 0.5537239113
44397 0.5444701993
44907 0.5396094964
45027 0.5365005667
45050 0.5322964692
45085 0.5144864384
45324 0.5134998685
45353 0.5083124675
45400 0.5047194830
45440 0.5015926835
45575 0.5014930855
45577 0.4992114210
45682 0.4977489335
45705 0.4941081969
45706 0.4894271551
45772 0.4876963567
45860 0.4846190039
45892 0.4833385649
45931 0.4591408166
46209 0.4389246339
46532 0.4362690041
46554 0.4332897076
46587 0.4308799812
46874 0.4249931855
46942 0.4070937679
47092 0.4061167096
47308 0.4037765052
47322 0.3905792326
47727 0.3900239302
47921 0.3863403455
47994 0.3859045930
48002 0.3789732431
48207 0.3770835081
48242 0.3766005796
48275 0.3737918935
48385 0.3684774089
48518 0.3483410570
49127 0.3289603873
49814 0.3271023547
49818 0.3196808427
49844 0.3165932744
49918 0.3153944912
49933 0.3122363945
50030 0.3119668002
50136 0.2968956226
50434 0.2965124597
50573 0.2841452371
50845 0.2737005350
51189 0.2701186823
51460 0.2699870092
51482 0.2696831855
51517 0.2592121339
51651 0.2578459978
51660 0.2555384203
51664 0.2553890173
51737 0.2526507522
51903 0.2502130010
51946 0.2494534155
51997 0.2468065844
52010 0.2443828650
52400 0.2396503806
52472 0.2283943196
52499 0.2276840034
52888 0.2270102011
52917 0.2236937407
53004 0.2221200521
53007 0.2105104878
53127 0.1977934658
53262 0.1953767316
53406 0.1900511680
53563 0.1884153687
53823 0.1877738067
53854 0.1868355733
53916 0.1822804419
53957 0.1796112217
54172 0.1790691057
54450 0.1691030720
54564 0.1650582189
54581 0.1631457513
54623 0.1585373327
55033 0.1558984076
55136 0.1531894815
55271 0.1473963078
55804 0.1400637625
55828 0.1378474003
55990 0.1349277312
56097 0.1343813962
56169 0.1314362674
56208 0.1277795186
56272 0.1276589358
56311 0.1273012947
56371 0.1271899408
56404 0.1232954985
56516 0.1217829396
56560 0.1216744385
56567 0.1195782286
56663 0.1172563497
56837 0.1164254587
56888 0.1124282282
56954 0.1119408426
57092 0.1070408596
57186 0.1041404854
57845 0.1020023085
58007 0.1018841496
58042 0.1005571120
58107 0.1003884492
58124 0.0994878800
58134 0.0971557403
58254 0.0944359798
58261 0.0917486824
58341 0.0916302665
58347 0.0903315676
58365 0.0890804580
58651 0.0888819705
58829 0.0849366718
58947 0.0824026638
59061 0.0814127394
59102 0.0782445814
59228 0.0744791756
59949 0.0717585195
60583 0.0693100461
60649 0.0681120009
60660 0.0664528925
60727 0.0656626503
60744 0.0617245765
61336 0.0609149586
61425 0.0577178456
61615 0.0552536014
61999 0.0541630140
62135 0.0520933161
62193 0.0511068403
62238 0.0505205008
62264 0.0496830010
62383 0.0495726487
62403 0.0475654524
62582 0.0470428395
62616 0.0466140736
62956 0.0455583092
63151 0.0443573960
63180 0.0425325419
63214 0.0418646273
63273 0.0416503607
63325 0.0413117873
63433 0.0411197639
63544 0.0384499471
64084 0.0374339995
64198 0.0363062512
64248 0.0361995381
64278 0.0354163224
64519 0.0339954210
64878 0.0331927822
64939 0.0328572028
64998 0.0324870152
65037 0.0322918902
65073 0.0309023878
65464 0.0307325485
65475 0.0305431223
65545 0.0303237284
65549 0.0293245012
65670 0.0292489909
65672 0.0291897287
65747 0.0288567742
65763 0.0282687339
65998 0.0280122608
66026 0.0276592673
66043 0.0264432042
66606 0.0262791467
66633 0.0254769937
66689 0.0253603534
66799 0.0253152498
66854 0.0248679770
66925 0.0237165361
67138 0.0226276472
67466 0.0225747549
67607 0.0225364954
67618 0.0223999527
67632 0.0219122897
67845 0.0209076402
67901 0.0205715862
67988 0.0205596084
68149 0.0205255577
68174 0.0201287189
68286 0.0196373785
68296 0.0192259567
68748 0.0187361917
68986 0.0176869797
69040 0.0169842231
69270 0.0168711123
69273 0.0168144123
69393 0.0167933512
69401 0.0164773547
69445 0.0159325215
69470 0.0156679173
69531 0.0151899787
69852 0.0139246603
70297 0.0137921072
70357 0.0134099566
70382 0.0131712443
70579 0.0126171027
70750 0.0122099660
70902 0.0120669378
71082 0.0119382520
71092 0.0116371597
71316 0.0114707138
71374 0.0112034917
71436 0.0111264761
71501 0.0104749922
72124 0.0102679050
72148 0.0098705605
72504 0.0097693156
72516 0.0096731016
72523 0.0095401147
72593 0.0094991417
72632 0.0094424123
72711 0.0093782926
72766 0.0092133098
72780 0.0089526172
72863 0.0088793820
72959 0.0087821082
72974 0.0083464014
73143 0.0079131455
73560 0.0077779299
73594 0.0074001734
73943 0.0072171421
73982 0.0071967778
74079 0.0071678325
74108 0.0068988596
74206 0.0068704809
74231 0.0068696265
74472 0.0068470025
74647 0.0060001413
75117 0.0057963980
75262 0.0056566386
75291 0.0055336034
75441 0.0055016983
75552 0.0054356186
75563 0.0053671273
75618 0.0051652355
75748 0.0051116604
75799 0.0048639749
75949 0.0047179557
76225 0.0044941897
76579 0.0044917185
76584 0.0044547418
76810 0.0044343828
76851 0.0044119459
76859 0.0043228312
76985 0.0042076646
77147 0.0041303859
77188 0.0038183883
77545 0.0037763057
77704 0.0037412766
77773 0.0036382209
77834 0.0036040208
77839 0.0034711075
77925 0.0034181814
77993 0.0033041821
78186 0.0032896034
78282 0.0028869356
78722 0.0027029890
78867 0.0025914837
79612 0.0025007152
79808 0.0023633718
79863 0.0023139704
80167 0.0022826679
80190 0.0022409122
80299 0.0021408372
80357 0.0021200720
80580 0.0020627653
80649 0.0020497297
80722 0.0020297850
80830 0.0020158604
80842 0.0019951327
80854 0.0019931292
80974 0.0019718831
80987 0.0018826062
80995 0.0018236870
81559 0.0018043981
81664 0.0017443374
81702 0.0016381828
81890 0.0015752123
81978 0.0015206021
82212 0.0015186887
82314 0.0015060540
82455 0.0014893729
82558 0.0014418956
82677 0.0014249237
82686 0.0013793374
82848 0.0013580089
82906 0.0013332054
82952 0.0012738803
83069 0.0012690279
83203 0.0012601743
83234 0.0012392335
83312 0.0011943191
83454 0.0011861895
83590 0.0011701569
83664 0.0011179032
83667 0.0011155834
83683 0.0010786425
83687 0.0010649159
84109 0.0010360356
84183 0.0009765627
84648 0.0009693894
85196 0.0009622423
85272 0.0009420494
85317 0.0009002860
85382 0.0008972294
85461 0.0008857195
85501 0.0008646926
85623 0.0008595288
85626 0.0008450370
85725 0.0008205400
85984 0.0008180616
85990 0.0008119891
86055 0.0007934041
86118 0.0007872941
86146 0.0007863281
86173 0.0007763969
86203 0.0007462545
86263 0.0007284957
86313 0.0007274727
86340 0.0007229207
86498 0.0007153727
86599 0.0007099349
86605 0.0007023911
86643 0.0006756770
86655 0.0006483577
87249 0.0006406466
87366 0.0006281330
87464 0.0006206585
87482 0.0006202459
87484 0.0005956813
87505 0.0005906010
87548 0.0005825297
87669 0.0005145821
88130 0.0005127208
88240 0.0005066706
88316 0.0004948845
88318 0.0004839187
88429 0.0004706174
88452 0.0004499859
88823 0.0004377557
89142 0.0004203723
89184 0.0004166622
89335 0.0003887579
89451 0.0003872017
89682 0.0003795101
90016 0.0003700934
90089 0.0003437403
90096 0.0003345883
90287 0.0003020032
90658 0.0002911431
90767 0.0002825200
91053 0.0002734379
91062 0.0002709727
91115 0.0002581141
91230 0.0002535938
91620 0.0002491904
91624 0.0002477113
91739 0.0002393347
92086 0.0002390915
92205 0.0002210462
92285 0.0002158769
92317 0.0002118704
92351 0.0002045522
93176 0.0002039205
93238 0.0001986287
93281 0.0001937749
93296 0.0001881694
93318 0.0001848454
94121 0.0001821971
94258 0.0001817157
94318 0.0001799233
94389 0.0001767851
94415 0.0001704444
94546 0.0001655363
94753 0.0001628085
94842 0.0001622937
94883 0.0001608689
94903 0.0001580297
94963 0.0001568922
94993 0.0001511742
95129 0.0001505279
95278 0.0001465766
95374 0.0001457611
95434 0.0001438413
95510 0.0001369931
95530 0.0001339570
95600 0.0001338972
95655 0.0001338814
95670 0.0001316164
95717 0.0001307620
95804 0.0001307146
95809 0.0001302278
95855 0.0001302044
95869 0.0001292202
95880 0.0001176062
96257 0.0001124007
96646 0.0001088549
96727 0.0001064643
96902 0.0001059978
96938 0.0001044963
97010 0.0001020479
97096 0.0001008268
97124 0.0000996279
97253 0.0000970329
97402 0.0000956998
97477 0.0000921495
97546 0.0000887753
97706 0.0000876709
97904 0.0000861957
97939 0.0000851617
98022 0.0000826528
98249 0.0000805101
98326 0.0000789870
98447 0.0000779301
98715 0.0000745329
98943 0.0000735717
99039 0.0000723163
99082 0.0000712607
99152 0.0000698512
99175 0.0000672238
99334 0.0000629177
99576 0.0000608482
100127 0.0000607294
100206 0.0000558616
100456 0.0000497742
101199 0.0000497480
101215 0.0000454787
101442 0.0000450002
101642 0.0000445239
101772 0.0000416291
101973 0.0000398760
102076 0.0000368945
102454 0.0000359414
102622 0.0000356576
102643 0.0000352191
102664 0.0000318961
103116 0.0000310134
103208 0.0000305579
103461 0.0000301648
103578 0.0000293610
103723 0.0000274207
104065 0.0000273799
104142 0.0000242283
104220 0.0000241241
104732 0.0000239444
104747 0.0000229317
105007 0.0000227214
105095 0.0000221177
105136 0.0000212527
105305 0.0000211484
105314 0.0000207111
105466 0.0000195234
105541 0.0000188374
105674 0.0000183522
105696 0.0000181946
105765 0.0000181169
105835 0.0000170473
105845 0.0000162453
105950 0.0000159815
106271 0.0000159479
106272 0.0000154279
106408 0.0000141238
106527 0.0000130382
107764 0.0000124870
107855 0.0000116110
107985 0.0000110749
108001 0.0000108368
108012 0.0000107937
108122 0.0000104990
108285 0.0000101249
108529 0.0000095599
108920 0.0000094304
108956 0.0000091651
109062 0.0000090210
109079 0.0000089426
109127 0.0000086981
109274 0.0000080983
109279 0.0000079458
109428 0.0000077333
109511 0.0000076660
109693 0.0000075921
109706 0.0000069261
109836 0.0000068907
110026 0.0000067814
110127 0.0000064379
110280 0.0000061626
110390 0.0000056639
110464 0.0000054858
110834 0.0000054530
110996 0.0000052517
111046 0.0000052333
111102 0.0000050966
111240 0.0000050063
111241 0.0000049251
111260 0.0000048308
111314 0.0000048007
111400 0.0000046893
112301 0.0000046675
112401 0.0000042867
112460 0.0000042162
112655 0.0000039921
112806 0.0000039627
112920 0.0000039612
112937 0.0000039074
112957 0.0000038247
113012 0.0000038051
113403 0.0000037208
113470 0.0000036453
113546 0.0000033908
114048 0.0000033302
114174 0.0000029865
114326 0.0000028920
114434 0.0000027291
114465 0.0000027064
114746 0.0000025265
114803 0.0000022486
115248 0.0000020176
116288 0.0000019825
116408 0.0000018515
116525 0.0000016851
116804 0.0000015154
116877 0.0000014769
117325 0.0000014699
117335 0.0000014254
117341 0.0000012572
117710 0.0000012456
117831 0.0000012439
117902 0.0000012050
118032 0.0000011580
118212 0.0000011500
118513 0.0000011273
118572 0.0000010933
118587 0.0000009338
118981 0.0000009278
118989 0.0000009080
119148 0.0000008813
119222 0.0000008557
119241 0.0000008424
119300 0.0000008127
119513 0.0000007699
119520 0.0000007164
119778 0.0000006768
120326 0.0000006257
120459 0.0000006044
120790 0.0000005237
121243 0.0000004790
121769 0.0000004758
122041 0.0000004373
122128 0.0000004296
122140 0.0000004115
122364 0.0000003977
122411 0.0000003644
122520 0.0000003484
122640 0.0000003407
122868 0.0000003326
122910 0.0000003315
123106 0.0000003279
123190 0.0000003206
123213 0.0000002867
123362 0.0000002682
123708 0.0000002526
123920 0.0000002484
123977 0.0000002433
124214 0.0000002392
124260 0.0000002311
124355 0.0000002273
124358 0.0000002236
124393 0.0000002210
124470 0.0000002206
124576 0.0000002105
124655 0.0000001856
124942 0.0000001611
125363 0.0000001547
125668 0.0000001425
125891 0.0000001332
126138 0.0000001329
126277 0.0000001243
126315 0.0000001200
126570 0.0000001068
126812 0.0000000899
126914 0.0000000887
126927 0.0000000769
127153 0.0000000758
127162 0.0000000745
127277 0.0000000718
127491 0.0000000676
127543 0.0000000617
127911 0.0000000576
127999 0.0000000519
128160 0.0000000506
128331 0.0000000432
128453 0.0000000420
128833 0.0000000381
129333 0.0000000367
129897 0.0000000343
129947 0.0000000338
130064 0.0000000293
130128 0.0000000283
130158 0.0000000280
130225 0.0000000273
130326 0.0000000251
130392 0.0000000220
130611 0.0000000219
130634 0.0000000218
130805 0.0000000210
130911 0.0000000202
131036 0.0000000157
131278 0.0000000153
131381 0.0000000152
131402 0.0000000143
131556 0.0000000137
131589 0.0000000113
131863 0.0000000098
132642 0.0000000095
132701 0.0000000094
132754 0.0000000082
133049 0.0000000079
133053 0.0000000071
133129 0.0000000065
133623 0.0000000062
133636 0.0000000057
133690 0.0000000055
133809 0.0000000051
133934 0.0000000051
133998 0.0000000049
134007 0.0000000047
134166 0.0000000046
134192 0.0000000041
134324 0.0000000040
134338 0.0000000039
134450 0.0000000037
134463 0.0000000034
134535 0.0000000032
134656 0.0000000028
134750 0.0000000026
134963 0.0000000022
135032 0.0000000020
135190 0.0000000018
135410 0.0000000017
135766 0.0000000017
135801 0.0000000015
136008 0.0000000015
136253 0.0000000015
136563 0.0000000013
136680 0.0000000010
137141 0.0000000009
137343 0.0000000009
137507 0.0000000009
137513 0.0000000008
137515 0.0000000008
137576 0.0000000008
137639 0.0000000007
137782 0.0000000006
137905 0.0000000006
138067 0.0000000006
138160 0.0000000006
138235 0.0000000005
138306 0.0000000005
138460 0.0000000005
138495 0.0000000005
138501 0.0000000004
138598 0.0000000004
138849 0.0000000004
138951 0.0000000004
139017 0.0000000004
139025 0.0000000004
139358 0.0000000003
139549 0.0000000003
139593 0.0000000003
139833 0.0000000003
139848 0.0000000003
139869 0.0000000003
139875 0.0000000003
139896 0.0000000002
139985 0.0000000002
140192 0.0000000002
140194 0.0000000002
140305 0.0000000001
140700 0.0000000001
140863 0.0000000001
141504 0.0000000001
141562 0.0000000001
141650 0.0000000001
141683 0.0000000001
141738 0.0000000001
141784 0.0000000001
141786 0.0000000001
141912 0.0000000001
142004 0.0000000001
142016 0.0000000001
142074 0.0000000001
142214 0.0000000001
142330 0.0000000001
142526 0.0000000001
142728 0.0000000000
143004 0.0000000000
143373 0.0000000000
143477 0.0000000000
143549 0.0000000000
143616 0.0000000000
143667 0.0000000000
143908 0.0000000000
143972 0.0000000000
144015 0.0000000000
144259 0.0000000000
144662 0.0000000000
144810 0.0000000000
145050 0.0000000000
145066 0.0000000000
145494 0.0000000000
145507 0.0000000000
145593 0.0000000000
145627 0.0000000000
145726 0.0000000000
145943 0.0000000000
146064 0.0000000000
146165 0.0000000000
146168 0.0000000000
146175 0.0000000000
146220 0.0000000000
146240 0.0000000000
146269 0.0000000000
146401 0.0000000000
146646 0.0000000000
146704 0.0000000000
147011 0.0000000000
147300 0.0000000000
147837 0.0000000000
147892 0.0000000000
147897 0.0000000000
147900 0.0000000000
148023 0.0000000000
148028 0.0000000000
148054 0.0000000000
148283 0.0000000000
148301 0.0000000000
148357 0.0000000000
148397 0.0000000000
148432 0.0000000000
148471 0.0000000000
148561 0.0000000000
149420 0.0000000000
149427 0.0000000000
149467 0.0000000000
149531 0.0000000000
149635 0.0000000000
149905 0.0000000000
149976 0.0000000000
150157 0.0000000000
150558 0.0000000000
150608 0.0000000000
150683 0.0000000000
150827 0.0000000000
150882 0.0000000000
151063 0.0000000000
151250 0.0000000000
151321 0.0000000000
151490 0.0000000000
151588 0.0000000000
151773 0.0000000000
152218 0.0000000000
152510 0.0000000000
152731 0.0000000000
153967 0.0000000000
155051 0.0000000000
evaluations raw_y
1 7605187009.1873798370
3 4971028800.1637716293
6 2719188562.6177806854
17 1851453142.0696463585
18 1083700261.6083197594
33 514400038.3876025677
118 438598444.9466053247
134 422563466.5989280343
150 382426117.7800718546
164 286019345.9875097871
232 274774795.7424668074
233 234143487.9665146768
289 233390865.4109743834
290 216708155.7080647945
300 212651057.1675991416
347 192661509.9031817615
350 176486179.1374547184
362 152936810.3435455561
407 138988200.4673615694
420 132074845.0444079041
423 129801296.0465531349
445 114641324.4953551292
480 109628553.5863478035
490 87520275.9021898806
514 72965807.4759164453
551 66423623.9122796655
554 60394098.2246941403
574 59900675.3793331236
577 47244244.0686311945
601 37666984.0020164475
610 29163073.2812099755
820 27765926.7838305905
825 26412405.3197463304
828 26012958.5690645725
830 25479142.2834713571
837 21103485.9035100229
901 19887903.6101844609
910 18188412.4245196693
926 18162217.3872889802
946 18144749.2130707130
954 17922313.0809586011
964 15514700.2400642186
965 15223876.5959209949
967 14701277.1324489601
982 12452582.2049103901
1004 12149465.5544570293
1027 11904366.3960953131
1033 10752393.1446024608
1043 10434305.5962943286
1072 9231927.8233596869
1074 8510491.9099043068
1115 8278291.6488916911
1142 7869721.1386156213
1146 7351956.8764840048
1154 7163570.9723622911
1168 7001224.8435018584
1201 6551603.4071052540
1205 6110091.0403212216
1230 5957924.8846009681
1240 5084024.2779330118
1248 5060139.1092613814
1259 4917555.6971946741
1297 3937040.9798874776
1420 3932660.3894388946
1432 3682224.2463150253
1478 3273162.1422263333
1482 3030196.2644464322
1515 2805063.6287355460
1570 2633605.3867179132
1616 2620385.7217534049
1639 2604891.7787720188
1656 2602091.9210220780
1680 2567539.2496674019
1682 2389538.1470864112
1690 2251097.8166987896
1737 1289174.1663546485
2077 1133231.8315785599
2110 931849.2684107466
2175 841183.7209091207
2210 791426.8147495625
2234 603231.1358472451
2310 569142.2093129454
2449 561827.8265142930
2485 558436.1720888156
2529 502800.5708643425
2579 486485.7218766912
2597 478373.1732722826
2644 425479.7275087059
2717 384640.5168981280
2723 322924.6886218918
2763 317225.6986063183
2874 282215.5438958599
2901 272868.6430603722
2943 247603.4176709844
2961 226493.6680729294
2978 209451.7589608258
3007 189971.8922210540
3032 177127.8988158586
3057 160340.4161070247
3123 144164.9875475782
3157 139375.7923548575
3184 123843.1395704973
3205 117080.5340221322
3329 114449.4112027326
3337 85155.2343168088
3436 77151.4867115578
3516 64300.5885596034
3591 62207.7634765932
3693 48697.7505573962
3742 48361.1005415153
3771 47499.0809468102
3785 38464.2483219953
3828 34850.6785192198
3836 34308.8269031072
3913 32015.4955838036
3961 29024.9520457171
3962 26928.0194277356
4096 25043.9085764084
4121 21908.6895822588
4169 17186.7874129554
4232 16748.0302344005
4298 14769.0582937635
4336 14072.4871332778
4373 13335.4294463264
4379 12710.2323786498
4414 11228.8749726279
4437 10857.5455120564
4439 9938.3206598404
4530 9507.1108465368
4604 8577.7307839112
4681 7727.4992433150
4741 6871.2829030625
4788 6286.5120231476
4820 5474.8392381206
4844 4160.3928056590
4939 3896.9999330032
4992 3775.6833548301
5109 3581.9724174573
5132 3346.0025018634
5188 2855.8621690034
5193 2743.0929602901
5231 2450.1086372696
5253 2425.1544139791
5313 2420.0195676187
5340 2105.8158794683
5373 2052.2489741679
5384 2047.9103344025
5406 2042.9601578345
5412 2042.6723416320
5443 1891.6604369238
5460 1669.0946264666
5488 1518.2878243271
5494 1132.7623477153
5722 1009.6439542747
5750 877.9378513272
5848 820.6992941048
5883 690.0198370985
5906 516.4294373675
6155 418.0664927057
6243 378.4206883827
6273 348.9494541095
6395 326.9818152035
6420 321.3874520899
6437 264.8413504419
6508 235.8099854849
6653 201.8898488001
6659 195.1587988643
6703 192.3889671197
6708 191.8911006272
6714 170.5022900535
6780 166.5161879298
6804 161.8019866607
6807 160.3778566230
6812 149.4241990161
6889 145.1310306198
6899 142.9443216896
6913 118.6327815692
6948 117.6988169279
6949 98.8926791634
6976 84.2653782958
7211 84.1829814533
7212 73.8624032869
7299 65.5000344157
7373 65.1985525988
7386 64.2711361242
7436 59.8294182773
7489 53.8175415577
7494 50.2130582682
7538 46.4154175897
7620 46.2276688618
7632 38.8906294201
7778 38.5606062442
7779 38.1579381498
7800 37.9683450182
7833 35.9259323756
7870 33.6564150414
7917 33.1798957616
7935 32.5772767995
7938 31.8058982681
7950 29.0421945468
8066 28.0969265467
8223 27.6676596947
8224 27.0298537356
8287 25.7541251118
8289 25.4564121854
8295 23.8962581998
8355 23.7912894479
8488 22.4901872488
8742 22.4191222803
8744 22.0303858385
8779 21.9701895286
8792 21.6969574859
8818 21.5919513605
8888 21.4076279675
8916 21.3263321996
8927 20.8143367565
9016 20.7311052012
9095 20.7097107155
9124 20.6862848320
9198 20.6590206505
9262 20.5758730580
9301 20.1598901310
9419 20.0858778938
9429 19.9916855852
9435 19.9688485361
9496 19.9051640001
9592 19.8379199012
9644 19.7154488335
9852 19.6974434294
9862 19.6265100629
9945 19.5912034651
9998 19.5816933237
10063 19.5310084130
10127 19.5095691238
10185 19.5023100817
10244 19.5010810926
10253 19.4542712449
10324 19.4385757019
10326 19.4322398960
10381 19.4303270488
10442 19.4277507893
10472 19.4148807433
10569 19.4124348215
10577 19.3962762129
10608 19.3937069244
10619 19.3897556850
10728 19.3809134780
10819 19.3797527259
10820 19.3747818328
10882 19.3721126899
10963 19.3720802143
10968 19.3611581319
11058 19.3609577099
11064 19.3555052238
11085 19.3531033133
11168 19.3510894364
11179 19.3487351415
11195 19.3459408992
11208 19.3447356062
11233 19.3408885606
11303 19.3383294914
11350 19.3380670906
11397 19.3378936616
11484 19.3372496090
11516 19.3365084622
11547 19.3350970459
11549 19.3331425729
11562 19.3328177460
11570 19.3324418411
11577 19.3316014190
11616 19.3313172519
11660 19.3281672301
11722 19.3275731575
11777 19.3272744251
11837 19.3269346999
11859 19.3248139785
11932 19.3244856560
12016 19.3233957287
12130 19.3228193827
12136 19.3219435047
12299 19.3212890314
12301 19.3210230139
12338 19.3205232092
12418 19.3199781443
12598 19.3195343744
12622 19.3190448091
12740 19.3188365016
12914 19.3188064885
12922 19.3186510142
12951 19.3184816918
13049 19.3183203319
13102 19.3180683355
13213 19.3180353473
13270 19.3180311809
13278 19.3178044138
13356 19.3177857595
13381 19.3175324524
13488 19.3175230349
13625 19.3175059985
13662 19.3174809749
13703 19.3174610244
13708 19.3174087784
13720 19.3173546452
13871 19.3173436724
13876 19.3173087161
13924 19.3172372154
13998 19.3172000623
14223 19.3170651892
14380 19.3169566564
14499 19.3169412287
14774 19.3168663198
14934 19.3166244817
14970 19.3166063552
15079 19.3164100277
15622 19.3159910921
15754 19.3157363298
15917 19.3154825302
16050 19.3154245539
16244 19.3154025893
16285 19.3152406425
16323 19.3149926581
16401 19.3147977507
16479 19.3147128779
16517 19.3140132556
16574 19.3137538511
16602 19.3132047960
16748 19.3122684850
16972 19.3122350029
16978 19.3121741252
17023 19.3120967379
17030 19.3118586368
17037 19.3111131475
17137 19.3101146165
17312 19.3097006365
17367 19.3089380971
17499 19.3084343191
17568 19.3072763521
17610 19.3039833805
17922 19.3037818902
18080 19.3037131118
18112 19.3018293199
18154 19.3010594877
18255 19.2986766531
18300 19.2912449535
18478 19.2905590156
18727 19.2874887690
18754 19.2851868146
19049 19.2837902216
19172 19.2797969716
19435 19.2725539841
19447 19.2721321950
19876 19.2714989221
19966 19.2613900499
19970 19.2430000914
20417 19.2375002413
20498 19.1239981982
20713 19.1152397752
20803 19.0836821689
20945 19.0735425551
20963 19.0661413036
21097 19.0529209232
21271 19.0518382894
21278 19.0044416149
21293 19.0009395601
21309 18.9218470341
21386 18.8672051484
21637 18.7441633935
21721 18.7121104605
21859 18.7025230011
21861 18.6969250582
21900 18.6582552004
21902 18.6455421664
21911 18.6406624499
22150 18.6351769598
22167 18.5698732166
22215 18.4617215307
22271 18.3812187339
22519 18.3790384612
22565 18.2249281344
22686 18.2113787112
22730 18.1502336760
22735 18.0127719148
22827 17.9256117976
22836 17.8747879399
22954 17.7021209714
23087 17.6997028591
23098 17.6684105683
23099 17.4853072940
23156 17.4711530092
23179 17.4663541410
23461 17.1822861549
23544 16.6326778714
24203 16.4159416726
24232 16.2054865539
24303 15.3671539666
24618 15.1951178424
24643 15.1358271301
24748 15.0618695881
24764 14.8041299609
24789 14.7808766215
24815 14.6753380143
24816 14.6451625877
24913 14.5137257306
24926 14.1872889203
25242 14.1542787916
25287 14.0508290716
25297 13.4303262231
25843 13.3875147290
25882 13.3030655894
25920 13.1571116847
25924 13.0456586705
25989 12.9967569779
26036 12.9723651025
26051 12.9430695791
26052 12.8611953567
26056 12.8152018666
26135 12.7869727992
26165 12.5951466648
26303 12.3956223672
26409 12.3341440986
26493 12.3186674113
26552 12.2775933731
26572 12.2021659311
26586 12.1902131217
26622 12.1501671831
26668 12.1413964977
26715 11.9175031725
26992 11.8883341820
27026 11.8313058673
27034 11.5409518319
27253 11.4778398268
27324 11.3103131249
27361 11.1848078650
27724 11.1720671431
27762 10.9118530825
27842 10.8375119916
27914 10.6046690579
27949 10.5912505353
27993 10.5771897741
28019 10.3976500718
28173 10.3032628170
28387 10.1773813874
28761 10.1255644660
28776 10.0251375798
28864 9.8896414514
28878 9.8869669171
28929 9.6382783917
29226 9.4614777348
29268 9.2985327120
29422 9.2941884140
29474 9.0752439115
29642 8.9710129510
29779 8.8224578513
29896 8.7213492070
30106 8.5932349248
30172 8.5075630327
30336 8.4518743107
30337 8.4006297992
30473 8.3722643691
30531 8.3072590457
30577 8.2319098096
30594 8.0795890721
30772 7.9622598250
30809 7.8351062183
30821 7.8298039881
30858 7.6735770813
30930 7.6717245745
31072 7.5963373968
31267 7.5334063569
31319 7.5223887695
31344 7.5132518384
31437 7.4865224445
31441 7.2157906866
31602 7.0820190770
31770 6.9735581562
32254 6.9266287865
32267 6.8391636471
32354 6.3828841889
32661 6.2563122379
32704 6.1915643113
32828 6.1506190556
32856 6.1495773231
32865 5.9419605526
32934 5.7506872033
33083 5.6154748884
33235 5.4749782563
33519 5.4743682824
33559 5.4602431598
33582 5.4434554215
33621 5.3878413298
33704 5.3170758670
33709 5.3165680876
33828 5.1728722944
33898 5.1515189773
34070 5.1167893649
34117 5.1002481341
34148 5.0158064963
34203 4.9553469762
34237 4.9246689232
34293 4.8758738840
34315 4.7674899629
34432 4.7262431499
34436 4.7086053799
34470 4.6783361889
34551 4.6555067791
34554 4.5846800823
34587 4.5674829073
34669 4.4837949794
34815 4.4222324435
35001 4.3437648666
35471 4.1886388691
35619 4.1741143612
35689 4.1677500559
35719 4.0840059560
35732 3.9232807462
36017 3.7906844146
36484 3.7819613180
36527 3.7444725911
36620 3.7049363843
36666 3.6952225062
36670 3.6315698488
36736 3.6022428112
36854 3.4856661261
36947 3.4762548655
37004 3.4458647714
37180 3.3787901466
37299 3.3420989485
37322 3.2797972523
37490 3.2314899229
37641 3.2299255203
37659 3.1816684372
37808 3.1513832049
37850 3.0474952544
37924 3.0174120129
37952 2.9729477528
38013 2.8493519077
38323 2.7604302683
38413 2.6904902881
38546 2.6616876476
38669 2.6007709406
38941 2.6002243690
39049 2.5676668686
39071 2.4657248752
39180 2.4616966434
39236 2.4533799927
39289 2.3098570455
39697 2.2586732725
39860 2.2309247509
40002 2.2086314384
40130 2.1603668413
40161 2.1509193419
40201 2.1419410365
40237 2.1399542385
40251 2.0896186086
40261 2.0797121144
40316 2.0793136111
40351 2.0748543407
40394 2.0439629748
40430 2.0183298417
40458 1.9330638965
40650 1.9302242192
40663 1.8911229122
40718 1.8664830129
40858 1.8402259925
40940 1.8357767277
41468 1.8348341397
41528 1.8222380862
41553 1.8055909009
41576 1.7541714063
41725 1.7048350284
42001 1.6982273640
42022 1.6971309362
42089 1.6380364108
42150 1.6303207753
42163 1.6284650353
42257 1.6071262609
42263 1.6065362753
42291 1.5615207608
42330 1.5503778726
42507 1.5490770579
42546 1.5241686545
42566 1.4838811617
43144 1.4474666581
43324 1.4261043547
43360 1.3577365257
43444 1.3416847270
43865 1.3179897328
43959 1.2513373696
44208 1.1919212344
44218 1.1895227123
44223 1.1680614211
44254 1.1632132546
44455 1.1624119631
44773 1.1064464127
44915 1.1043792728
44975 1.0693592059
45114 1.0564688524
45165 1.0493175783
45185 1.0357880696
45226 1.0257114586
45367 0.9855328118
45446 0.9632698130
45626 0.9622794894
45652 0.9546658117
45719 0.9347696057
45761 0.9265619442
45795 0.9236742121
45857 0.9090644585
45890 0.9056766692
45912 0.8867165076
45964 0.8753164689
46045 0.8652020964
46223 0.8517792901
46268 0.8029688253
46353 0.7964529960
46557 0.7946781163
46632 0.7674642046
46785 0.7609682782
46801 0.7523676079
46856 0.7475297074
46917 0.7451824082
46937 0.6949161259
47008 0.6738554929
47192 0.6609845842
47521 0.6386380049
47535 0.6167993413
47913 0.6025403206
48057 0.5986007200
48086 0.5845936025
48124 0.5836034469
48162 0.5684895560
48178 0.5575709150
48264 0.5417100742
48333 0.5349689523
48354 0.5118501637
48561 0.4972200705
48631 0.4954540411
48657 0.4937850213
48737 0.4876658711
48742 0.4708705069
48845 0.4327724051
48886 0.4253930952
49451 0.4200808863
49524 0.4186449078
49652 0.3994263467
49858 0.3963074678
50005 0.3907830480
50055 0.3890807603
50098 0.3854035433
50266 0.3832600524
50460 0.3782576432
50502 0.3780921953
50527 0.3550382568
50559 0.3485260724
50631 0.3443038375
50694 0.3289464635
50776 0.3213557977
50892 0.3208230831
50918 0.3141901169
51129 0.3078390983
51157 0.3039200039
51169 0.3024532104
51209 0.2937213880
51375 0.2832145738
51599 0.2823263152
51723 0.2784177572
51753 0.2713348659
51843 0.2589327847
51944 0.2563034941
52065 0.2518458654
52185 0.2484609670
52437 0.2415981335
52541 0.2326504897
52911 0.2319860981
52997 0.2198040058
53052 0.2104727196
53141 0.2015414383
53288 0.2009331003
53328 0.1909152222
53528 0.1896202232
53654 0.1885841706
53728 0.1875318025
53747 0.1874447274
53779 0.1840350979
53806 0.1743894035
54175 0.1686851427
54317 0.1682583081
54328 0.1666127974
54350 0.1543354580
54960 0.1495766241
54980 0.1466747079
55005 0.1463650408
55029 0.1460287422
55066 0.1375720773
55117 0.1369665913
55161 0.1320953361
55332 0.1313579789
55479 0.1299168686
55555 0.1287912570
55826 0.1278237553
55827 0.1197538325
56043 0.1191557341
56057 0.1167053941
56183 0.1142286174
56201 0.1105857464
56307 0.1072686730
56534 0.1014169932
56763 0.1011269848
57115 0.0988565400
57129 0.0979694050
57192 0.0974077288
57244 0.0966926370
57255 0.0962223148
57273 0.0960545615
57291 0.0956971425
57300 0.0956939710
57304 0.0947016287
57319 0.0890715646
57348 0.0885623195
57454 0.0873768535
57473 0.0861156657
57515 0.0824271451
57644 0.0813417554
57711 0.0803802020
57805 0.0782031789
57937 0.0731138629
58361 0.0730831357
58362 0.0722879329
58486 0.0664456115
58514 0.0660787509
58573 0.0616583327
58692 0.0616081043
58773 0.0609226218
58813 0.0598975326
58818 0.0561006617
58901 0.0548031909
59016 0.0501141769
59901 0.0465557510
59954 0.0455273740
60312 0.0424142728
60332 0.0410660159
60575 0.0408111503
60588 0.0379164067
60663 0.0375589528
60784 0.0359983688
61088 0.0358376041
61101 0.0316434461
61370 0.0308899533
61428 0.0303159276
61437 0.0295329317
61561 0.0280427720
61650 0.0271553606
61782 0.0252703669
62293 0.0247182263
62352 0.0246496382
62396 0.0219889914
62663 0.0212283318
62736 0.0204561302
62777 0.0204352089
63035 0.0203748801
63077 0.0201096876
63156 0.0197064082
63172 0.0190160769
63177 0.0182213212
63441 0.0176048869
63641 0.0170008141
63746 0.0167689703
63759 0.0161704861
63789 0.0150816974
64264 0.0149693407
64272 0.0138037460
64570 0.0137445279
64610 0.0134287816
64638 0.0133254013
64848 0.0123924034
64944 0.0122175019
65000 0.0116613574
65220 0.0103041177
65317 0.0100842550
65643 0.0098678731
65717 0.0097004459
65812 0.0094529960
66002 0.0093816841
66003 0.0093784102
66118 0.0093651660
66156 0.0091874863
66173 0.0091561048
66230 0.0086169668
66339 0.0083709957
66398 0.0082552063
66483 0.0076283728
66806 0.0076140141
66818 0.0073708654
66829 0.0070965327
67247 0.0070452902
67342 0.0068715980
67415 0.0067675433
67455 0.0062814108
67479 0.0058900905
67719 0.0058066873
67791 0.0056701939
68028 0.0053378910
68076 0.0049977816
68111 0.0049638420
68441 0.0048589100
68488 0.0047605892
68677 0.0046944567
68807 0.0044482936
69100 0.0042181797
69279 0.0040059311
69392 0.0038733658
69533 0.0038459455
69683 0.0037861512
69717 0.0037257056
69817 0.0035766097
69824 0.0035303792
69853 0.0034441450
69898 0.0033902440
69940 0.0032852441
70011 0.0032260881
70062 0.0031636332
70086 0.0031049230
70140 0.0030951145
70141 0.0030142325
70215 0.0029262752
70271 0.0029121230
70350 0.0027844298
70388 0.0026849796
70460 0.0026380304
70706 0.0025840941
70821 0.0024312157
70846 0.0024226517
70855 0.0024071419
70954 0.0022718881
71212 0.0022682045
71252 0.0022545450
71331 0.0020711921
71540 0.0019000030
71558 0.0018927573
71580 0.0018536877
71604 0.0018523196
71649 0.0018281425
71682 0.0018172189
71764 0.0017502135
71946 0.0015958070
72423 0.0015145677
72853 0.0015093359
72869 0.0014714042
72998 0.0014508175
73089 0.0013827429
73138 0.0012606523
73465 0.0012537683
73476 0.0012414729
73488 0.0011406253
73943 0.0011334070
74066 0.0011241982
74256 0.0011235960
74276 0.0010526786
74376 0.0010304363
74532 0.0009682393
74540 0.0009260849
74722 0.0009173476
74725 0.0008013442
75098 0.0007676025
75620 0.0007481673
75662 0.0007135977
75734 0.0006911949
75827 0.0006856333
75892 0.0006184031
76379 0.0006085753
76696 0.0005573486
76767 0.0005561640
76771 0.0005192553
76941 0.0005108830
76952 0.0004881750
76970 0.0004858004
77353 0.0004763850
77743 0.0004367461
77893 0.0004347680
77978 0.0004212687
78006 0.0004208381
78033 0.0004129150
78107 0.0004071776
78408 0.0003780055
78636 0.0003673729
78679 0.0003673267
78711 0.0003657167
78721 0.0003649175
78743 0.0003554196
78789 0.0003304133
78933 0.0003101830
79139 0.0003083261
79205 0.0003072492
79221 0.0003060743
79288 0.0002949746
79421 0.0002829565
79483 0.0002770695
79538 0.0002565920
79693 0.0002544912
79966 0.0002469487
80086 0.0002347163
80262 0.0002342717
80268 0.0002333080
80346 0.0002297147
80362 0.0002196029
80433 0.0002058349
80478 0.0002033503
80480 0.0002032354
80490 0.0002030372
80518 0.0001965208
80629 0.0001924265
80660 0.0001908296
80719 0.0001801371
80762 0.0001760668
81015 0.0001746978
81028 0.0001725424
81075 0.0001669471
81086 0.0001664829
81095 0.0001481404
81377 0.0001386492
81860 0.0001344224
82043 0.0001249119
82097 0.0001244941
82242 0.0001233313
82264 0.0001232493
82287 0.0001125779
82732 0.0001080845
82906 0.0001069684
82996 0.0001050616
83088 0.0001011423
83104 0.0000927354
83159 0.0000886732
83371 0.0000851462
83384 0.0000736991
83800 0.0000714504
84152 0.0000665964
84194 0.0000637660
84395 0.0000615598
84422 0.0000610209
84431 0.0000580876
84474 0.0000567969
84524 0.0000550143
84596 0.0000540394
84655 0.0000537241
84755 0.0000517606
84801 0.0000507770
85012 0.0000488544
85023 0.0000482335
85084 0.0000450975
85434 0.0000436961
85601 0.0000413656
85697 0.0000385348
85879 0.0000347284
85981 0.0000344589
86409 0.0000334100
86586 0.0000326928
86744 0.0000317455
86899 0.0000316378
86924 0.0000298309
87255 0.0000278696
87642 0.0000268298
87810 0.0000260639
87876 0.0000249568
87923 0.0000236388
88158 0.0000233284
88176 0.0000229839
88177 0.0000227643
88179 0.0000211865
88223 0.0000211856
88438 0.0000187749
88783 0.0000183996
88896 0.0000180799
88955 0.0000169170
88959 0.0000163087
88985 0.0000157014
89090 0.0000155664
89148 0.0000139099
89525 0.0000138658
89639 0.0000123876
89713 0.0000110239
90545 0.0000108561
90575 0.0000102426
90667 0.0000099767
90701 0.0000096079
90728 0.0000087798
90869 0.0000083555
90966 0.0000078012
91125 0.0000074184
91133 0.0000072136
91256 0.0000071597
91412 0.0000069653
91515 0.0000068205
91540 0.0000061991
91581 0.0000057576
91779 0.0000053204
91995 0.0000052570
92100 0.0000050457
92254 0.0000050164
92267 0.0000046526
92501 0.0000043869
93399 0.0000041124
93436 0.0000038138
93439 0.0000037528
93625 0.0000037120
93692 0.0000036286
93751 0.0000035919
93781 0.0000034288
93793 0.0000033504
93845 0.0000028989
93920 0.0000028280
94763 0.0000026255
94835 0.0000025482
94882 0.0000025040
95070 0.0000021402
95429 0.0000021031
95447 0.0000020266
95484 0.0000017806
96106 0.0000017435
96281 0.0000016756
96362 0.0000016097
96536 0.0000015825
96684 0.0000015551
96768 0.0000014883
96814 0.0000014857
96955 0.0000014673
97011 0.0000014151
97230 0.0000013729
97283 0.0000013615
97329 0.0000012686
97450 0.0000012574
97536 0.0000012254
97593 0.0000011991
97679 0.0000010932
97778 0.0000009956
97789 0.0000009661
97864 0.0000009512
97892 0.0000009121
97968 0.0000009007
98243 0.0000008848
98344 0.0000008266
98454 0.0000007463
98764 0.0000007458
98767 0.0000007441
98788 0.0000006925
98870 0.0000006446
99127 0.0000005848
99312 0.0000005140
99407 0.0000004997
99457 0.0000004833
100018 0.0000004694
100098 0.0000004330
100207 0.0000003568
100379 0.0000003531
100600 0.0000003434
100637 0.0000003396
100796 0.0000003202
100802 0.0000003132
101011 0.0000002687
101067 0.0000002435
101427 0.0000002365
101434 0.0000002290
101520 0.0000002078
101696 0.0000002072
101777 0.0000001994
101849 0.0000001771
102028 0.0000001721
102227 0.0000001701
102334 0.0000001405
102442 0.0000001316
102973 0.0000001267
103038 0.0000001244
103128 0.0000001234
103224 0.0000001138
103348 0.0000001083
103627 0.0000001023
103697 0.0000000924
103899 0.0000000787
104236 0.0000000752
104326 0.0000000734
104658 0.0000000617
104794 0.0000000587
105150 0.0000000579
105612 0.0000000575
105689 0.0000000543
105817 0.0000000490
105864 0.0000000448
106254 0.0000000412
106358 0.0000000409
106408 0.0000000370
106677 0.0000000343
106708 0.0000000333
106796 0.0000000312
106836 0.0000000303
106884 0.0000000303
106971 0.0000000278
106983 0.0000000276
107116 0.0000000262
107169 0.0000000238
107776 0.0000000214
108205 0.0000000207
108275 0.0000000207
108346 0.0000000183
108380 0.0000000168
108483 0.0000000166
108640 0.0000000151
108804 0.0000000148
108906 0.0000000135
108987 0.0000000133
109016 0.0000000130
109041 0.0000000129
109083 0.0000000120
109130 0.0000000114
109189 0.0000000111
109217 0.0000000109
109568 0.0000000104
109603 0.0000000093
109863 0.0000000091
109903 0.0000000090
110065 0.0000000082
110106 0.0000000081
110159 0.0000000076
110340 0.0000000075
110386 0.0000000074
110394 0.0000000071
110397 0.0000000066
110527 0.0000000065
110610 0.0000000065
110622 0.0000000058
110708 0.0000000050
110779 0.0000000049
110829 0.0000000048
110885 0.0000000044
110977 0.0000000044
111038 0.0000000044
111120 0.0000000038
111466 0.0000000035
111528 0.0000000034
111532 0.0000000033
111637 0.0000000026
112102 0.0000000023
112355 0.0000000022
112418 0.0000000021
112423 0.0000000020
112507 0.0000000020
112539 0.0000000018
112643 0.0000000017
112658 0.0000000017
112711 0.0000000016
112805 0.0000000016
112840 0.0000000015
112909 0.0000000013
113392 0.0000000013
113497 0.0000000012
113620 0.0000000012
113735 0.0000000012
113782 0.0000000010
113818 0.0000000010
113926 0.0000000010
114020 0.0000000010
114092 0.0000000010
114106 0.0000000008
114133 0.0000000008
114152 0.0000000008
114207 0.0000000007
114247 0.0000000007
114398 0.0000000006
114420 0.0000000005
114699 0.0000000005
115166 0.0000000004
115241 0.0000000004
115332 0.0000000003
115437 0.0000000003
115483 0.0000000003
115558 0.0000000003
115709 0.0000000003
115829 0.0000000002
115849 0.0000000002
115861 0.0000000002
116081 0.0000000002
116467 0.0000000002
116468 0.0000000002
116501 0.0000000002
116535 0.0000000002
116553 0.0000000002
116573 0.0000000002
116664 0.0000000001
117005 0.0000000001
117151 0.0000000001
117237 0.0000000001
117280 0.0000000001
117477 0.0000000001
117509 0.0000000001
117735 0.0000000001
118266 0.0000000001
118340 0.0000000001
118449 0.0000000000
118573 0.0000000000
118578 0.0000000000
118627 0.0000000000
118804 0.0000000000
118913 0.0000000000
119066 0.0000000000
119157 0.0000000000
119209 0.0000000000
119297 0.0000000000
119393 0.0000000000
119563 0.0000000000
119615 0.0000000000
119717 0.0000000000
119783 0.0000000000
119897 0.0000000000
119954 0.0000000000
119986 0.0000000000
120289 0.0000000000
120293 0.0000000000
120363 0.0000000000
120372 0.0000000000
120487 0.0000000000
120770 0.0000000000
120803 0.0000000000
121346 0.0000000000
121491 0.0000000000
121712 0.0000000000
121758 0.0000000000
121776 0.0000000000
122096 0.0000000000
122391 0.0000000000
122706 0.0000000000
122831 0.0000000000
122900 0.0000000000
122938 0.0000000000
122994 0.0000000000
123022 0.0000000000
123256 0.0000000000
123618 0.0000000000
123669 0.0000000000
123682 0.0000000000
123964 0.0000000000
124109 0.0000000000
124310 0.0000000000
124445 0.0000000000
124738 0.0000000000
125051 0.0000000000
125604 0.0000000000
126623 0.0000000000
127846 0.0000000000
