evaluations raw_y
1 630651.3774533037
3 211238.2272663867
6 99098.2584547632
37 83547.3225440684
68 66785.9595290438
130 29303.6924222813
209 18290.8363712563
229 15732.4268015386
545 7000.0041142737
709 5192.0698677792
756 4411.4818818471
759 3363.6938188999
785 3082.7783597771
830 2860.6252509071
860 1935.9785760554
915 1856.6287847135
936 1794.0263977049
994 917.4844862458
1031 428.1298878279
1235 351.8134088562
1370 299.1544611309
1415 226.1399474056
1561 156.0921537710
1582 92.1734709306
1806 86.5484440469
1854 73.8552192299
1975 72.5010047040
1977 72.0340664636
2009 67.9313052352
2024 65.0802347701
2029 64.2017108384
2042 41.6486955352
2082 37.3776345009
2228 35.3204907464
2262 29.5222078274
2386 29.0575258433
2420 28.6375871280
2421 27.2399573402
2435 26.4588214640
2502 25.0835113357
2560 22.6202914540
2635 21.5601174660
2786 21.2698369119
2801 20.9093005855
2839 20.7253973455
2863 20.4314884219
2906 19.9914765572
2983 19.8943743805
3058 19.4562979012
3064 19.2911492760
3118 19.2211708435
3174 18.7016767216
3277 18.5757815472
3312 18.5732619785
3342 18.3849352404
3487 18.2505006382
3491 18.2190337690
3524 18.2010257647
3531 18.1700374644
3543 18.1680052002
3615 18.1548400059
3639 18.1205782612
3701 18.0363078245
3789 18.0068911835
3793 17.8895486753
4025 17.8820343655
4141 17.8818298644
4142 17.8580698864
4147 17.7153260109
4215 17.7144741556
4324 17.6834422539
4520 17.6796218292
4640 17.6467493395
4695 17.4813008871
4745 17.4076225262
4873 17.3764869620
4889 17.2197551118
4942 17.1862234899
4962 17.0407608622
4963 17.0311619749
5371 16.8531685148
5447 16.8120661485
5540 16.5724321812
5613 16.5619114860
5660 16.3805512888
5934 16.3552094171
5972 16.3399171592
5977 16.1905578452
6045 16.1378922892
6119 16.0296469789
6216 15.9126092633
6574 15.8833964996
6613 15.6965534682
6793 15.6758952102
6807 15.4195611156
6880 15.3998317381
6913 15.3986346546
6971 15.3920934114
7126 15.3621615798
7205 15.2425597947
7243 15.2389239941
7289 15.2005949525
7327 15.1951101567
7342 15.1176245497
7412 15.0634978189
7514 15.0023990147
7566 14.9517240529
7622 14.9237392405
7624 14.8359874430
7741 14.7589901144
7834 14.6702315906
8347 14.6688355015
8440 14.5256847295
8485 14.4802938338
8591 14.3148708664
8602 14.2239594626
8801 14.1377324295
8968 14.1228880966
8990 14.0339753368
9284 13.9998748408
9288 13.9046641805
9449 13.8993355242
9466 13.8976440817
9497 13.8651923039
9512 13.8437928296
9619 13.7798791603
9704 13.6674285328
9748 13.6267201710
9941 13.5994291863
9957 13.5703070522
9982 13.5633910318
10004 13.5398641569
10007 13.5312763079
10055 13.5094408680
10080 13.4915842454
10121 13.4852761792
10128 13.4517952227
10169 13.4109309510
10182 13.3654966288
10193 13.3094174830
10423 13.1251508802
10694 13.1209367881
10723 13.0972071906
10762 13.0287533813
10823 12.9994830334
10893 12.9614915137
11033 12.9514100745
11140 12.8376690457
11167 12.7917149571
11232 12.7774190999
11272 12.6753887521
11280 12.5956934163
11468 12.5796173660
11477 12.4398087303
11489 12.4342677262
11679 12.4078946349
11714 12.2778940593
11979 12.2336157041
12063 12.2277769808
12079 12.1567080729
12131 12.1414505926
12168 11.9360105357
12481 11.8350126080
12872 11.8223036450
12903 11.5869979029
12966 11.5474022588
13079 11.5399778269
13128 11.5398506192
13191 11.4033598420
13270 11.3369558256
13345 11.3176547166
13453 11.0924987129
13731 10.9589324112
14050 10.6922551213
14373 10.6534247744
14395 10.6206817096
14526 10.5479165656
14575 10.5218810134
14652 10.4662550502
14696 10.4340748951
14913 10.4129608220
14944 10.3287788702
15104 10.3219220549
15122 10.2726486568
15150 10.2611851363
15356 10.2105828426
15390 10.1470776751
15418 10.0183112308
15618 9.8214287304
16026 9.6204977915
16264 9.5798810579
16532 9.5627003819
16641 9.5379754389
16654 9.4076864669
16877 9.3257564941
16881 9.2390349741
17029 9.2050344244
17108 9.1539643820
17134 9.1149886545
17240 9.0856042731
17282 9.0454772094
17342 8.9829600550
17362 8.8512424158
17505 8.8371464448
17514 8.8170007051
17650 8.7655305464
17788 8.7477896622
17871 8.6926847596
18039 8.5618270632
18126 8.4013923196
18255 8.3451412676
18400 8.3299168012
18480 8.3033259038
18519 8.2744280792
18617 8.2722529406
18655 8.1635476248
18934 8.1360709394
19002 8.0269211420
19095 7.9366117776
19173 7.8943599219
19229 7.8720612422
19262 7.8171350021
19383 7.7981089240
19476 7.7678002481
19559 7.7656388140
19569 7.6521017811
19671 7.6280041951
19689 7.5511733031
20141 7.3717146517
20352 7.3508573557
20574 7.2230460466
20579 7.0899321309
20749 7.0743234014
20858 7.0054795772
21028 6.9835037347
21108 6.9291587299
21153 6.8837675922
21182 6.8274860133
21217 6.7317247392
21253 6.7129873641
21450 6.7045530119
21458 6.6792818592
21532 6.6141657703
21547 6.5921356069
21593 6.5244449761
21830 6.5135102303
21878 6.4329627023
21916 6.4282463094
22026 6.3348884169
22068 6.2908309485
22425 6.2903273193
22648 6.1716142292
22822 6.1525514897
22834 6.1268191276
22879 6.1061726986
22880 6.0990648205
22908 6.0518459872
22956 6.0431008410
22973 6.0335650405
23039 6.0147388995
23064 6.0075783049
23116 5.9751230881
23122 5.8943184966
23151 5.8390743912
23330 5.8170499239
23366 5.7676145929
23457 5.7487730213
23591 5.7152812809
23879 5.7142204453
23938 5.6841365758
23952 5.6247929497
23983 5.5522767128
24000 5.5188431008
24155 5.4887191839
24174 5.4745523510
24220 5.4252498725
24265 5.3844210960
24321 5.3785820616
24357 5.3602615759
24401 5.3526966474
24446 5.3223380252
24502 5.2964706126
24503 5.2863011600
24561 5.2448980534
24673 5.2324556231
24732 5.2135254677
24741 5.0366928367
25140 4.9745535472
25284 4.9479356506
25292 4.9395757551
25422 4.8391763635
25481 4.8258818824
25526 4.8198592246
25558 4.7261420762
25789 4.7126252815
25800 4.7063690946
25802 4.6466283749
26017 4.6327632047
26116 4.6277867075
26144 4.6204063912
26146 4.5879411154
26192 4.4787770566
26247 4.3535047623
26420 4.3390112315
26454 4.3336318563
26476 4.3294010824
26485 4.3255333055
26486 4.2926220085
26644 4.2868930989
26670 4.2303467674
26726 4.2253763796
26766 4.1923774843
26791 4.1667938396
26829 4.1182066567
26941 4.0873753457
27039 4.0870602602
27353 4.0196023952
27479 4.0020205417
27504 3.8815468600
27508 3.7944406579
27600 3.6769894096
27732 3.6767479304
27818 3.6474330576
27880 3.6372003751
27881 3.5740569971
27933 3.5699679837
28022 3.5158390588
28071 3.4452092224
28096 3.3815853838
28255 3.3786277021
28399 3.3078879325
28415 3.3037079618
28498 3.2936723844
28569 3.2544556965
28608 3.2354070454
28682 3.1298796268
28724 3.0544401699
28871 3.0429231468
28959 3.0421592329
28960 3.0069326894
28969 2.9608888320
29005 2.9272972189
29037 2.8680945911
29247 2.8576764269
29267 2.8322552392
29281 2.7794712043
29298 2.7355304826
29386 2.7084399434
29390 2.6969278081
29439 2.6807074089
29516 2.6399385468
29711 2.5890681142
29843 2.4793561650
29897 2.4684977670
30010 2.3857590620
30121 2.3567637179
30203 2.2677690968
30507 2.2384834972
30588 2.0530076029
30782 1.9506411967
30833 1.9400023774
30925 1.9142627068
31094 1.6068721859
31494 1.5871551817
31518 1.5509063076
31614 1.5356486384
31624 1.5160384308
31680 1.4272176067
31742 1.3895710154
31861 1.3510618999
31983 1.2949609223
32020 1.1900417909
32313 1.1257529036
32424 1.0798400491
32668 1.0469205096
32681 1.0400651932
32713 0.9739656275
32840 0.8930429107
33112 0.8830395276
33424 0.8458456022
33574 0.7967310048
33594 0.7383893351
33710 0.7106699725
33833 0.6584028283
34031 0.6231406865
34086 0.6166237467
34128 0.6026900163
34151 0.5875070850
34243 0.5747847147
34406 0.5430876223
34423 0.5126580431
34782 0.5116179788
34821 0.4956603299
34836 0.4929815782
34866 0.4673438839
35048 0.4556310973
35073 0.4540759745
35085 0.4451623427
35137 0.4299328825
35211 0.4157818037
35241 0.4112718143
35471 0.3989181017
35627 0.3679804252
35667 0.3662685306
35732 0.3584352958
35840 0.3573784712
35855 0.3349874607
35920 0.3275781182
35928 0.3254481341
36034 0.2858017975
36554 0.2546503178
36722 0.2304210610
36746 0.2281090964
36791 0.1767569617
37079 0.1675891308
37126 0.1440790407
37334 0.1391759642
37350 0.1276074650
37749 0.1161844609
37812 0.0992431488
37972 0.0951764596
37992 0.0928664063
38046 0.0921229804
38085 0.0732727683
38474 0.0589826149
38635 0.0498506104
38887 0.0479690535
38911 0.0400311324
39128 0.0363834790
39136 0.0247328862
39319 0.0241128326
39465 0.0222853961
39561 0.0149402678
39599 0.0148975729
39711 0.0148074053
39873 0.0147803868
39887 0.0140256594
39891 0.0121186535
40025 0.0111061365
40035 0.0098099909
40164 0.0091762450
40289 0.0089835790
40300 0.0073871187
40422 0.0071958138
40602 0.0059099372
40604 0.0056986178
40774 0.0052486965
40787 0.0051990313
40952 0.0051450864
40975 0.0036214080
40995 0.0030660759
41084 0.0027656827
41125 0.0024787918
41162 0.0022913492
41293 0.0018709273
41365 0.0014257185
41482 0.0012962621
41528 0.0010948211
41535 0.0009793080
41568 0.0007351560
41743 0.0007128952
41805 0.0006961329
41843 0.0006521812
41881 0.0005968917
41883 0.0005628788
41894 0.0004136328
42105 0.0003071481
42160 0.0002969971
42175 0.0002777258
42205 0.0002481137
42328 0.0002336242
42367 0.0002250507
42415 0.0002183683
42496 0.0001989579
42505 0.0001793054
42557 0.0001763456
42619 0.0001717568
42652 0.0001686009
42678 0.0001570787
42685 0.0001115077
42799 0.0001030274
42833 0.0001020654
42839 0.0000728139
42926 0.0000606615
43052 0.0000496669
43174 0.0000420948
43193 0.0000386664
43206 0.0000343055
43289 0.0000216230
43564 0.0000192576
43686 0.0000170790
43721 0.0000160294
43730 0.0000154631
43735 0.0000120929
43752 0.0000113239
43772 0.0000104190
43813 0.0000076862
43881 0.0000075124
43886 0.0000069709
43990 0.0000068992
43999 0.0000044555
44040 0.0000022478
44501 0.0000020595
44530 0.0000014532
44602 0.0000011898
44643 0.0000009512
44770 0.0000006699
44814 0.0000005601
44957 0.0000005157
45034 0.0000003732
45133 0.0000002848
45169 0.0000001934
45405 0.0000001863
45431 0.0000001181
45497 0.0000000736
45583 0.0000000720
45598 0.0000000718
45681 0.0000000451
45809 0.0000000435
45881 0.0000000398
45900 0.0000000391
45965 0.0000000279
46044 0.0000000275
46081 0.0000000235
46164 0.0000000225
46199 0.0000000163
46282 0.0000000153
46299 0.0000000124
46370 0.0000000100
46457 0.0000000096
46580 0.0000000074
46657 0.0000000072
46700 0.0000000067
46717 0.0000000062
46740 0.0000000055
46759 0.0000000055
46770 0.0000000052
46775 0.0000000052
46799 0.0000000044
46802 0.0000000039
46853 0.0000000036
46883 0.0000000031
46963 0.0000000024
47011 0.0000000023
47020 0.0000000022
47021 0.0000000021
47041 0.0000000020
47055 0.0000000015
47109 0.0000000013
47137 0.0000000012
47173 0.0000000011
47267 0.0000000009
47320 0.0000000006
47340 0.0000000005
47444 0.0000000004
47564 0.0000000004
47583 0.0000000003
47689 0.0000000003
47694 0.0000000002
47799 0.0000000002
47833 0.0000000001
47880 0.0000000001
47923 0.0000000001
47935 0.0000000001
48021 0.0000000001
48083 0.0000000001
48288 0.0000000001
48320 0.0000000001
48346 0.0000000000
48353 0.0000000000
48373 0.0000000000
48428 0.0000000000
48475 0.0000000000
48513 0.0000000000
48559 0.0000000000
48632 0.0000000000
48691 0.0000000000
48747 0.0000000000
48791 0.0000000000
48833 0.0000000000
48884 0.0000000000
48890 0.0000000000
48902 0.0000000000
49026 0.0000000000
49082 0.0000000000
49158 0.0000000000
49278 0.0000000000
49289 0.0000000000
49292 0.0000000000
49307 0.0000000000
49357 0.0000000000
49376 0.0000000000
49411 0.0000000000
49417 0.0000000000
49469 0.0000000000
49499 0.0000000000
49602 0.0000000000
49629 0.0000000000
49766 0.0000000000
49768 0.0000000000
49871 0.0000000000
49917 0.0000000000
49982 0.0000000000
50046 0.0000000000
50150 0.0000000000
50155 0.0000000000
50254 0.0000000000
50317 0.0000000000
50483 0.0000000000
50683 0.0000000000
50786 0.0000000000
50982 0.0000000000
51386 0.0000000000
evaluations raw_y
1 539214.5661004548
2 322562.1799906727
3 317266.8613698431
4 293275.0327573543
7 276090.9206291249
9 206220.6403188799
10 191240.0554851162
12 151985.8692554010
15 69991.2216194441
45 67693.2620921885
50 59238.5993962559
80 57847.9809454744
82 49292.5573931565
86 47217.3089801131
88 43839.3368167855
114 42339.0206770819
130 38976.3681326972
134 37414.6613668446
146 23676.9716761405
176 8361.7428335029
376 7139.4008803532
407 3515.5704942968
462 3507.1964261174
525 2725.9072064056
637 1938.9249361397
659 1242.3013486551
690 933.7533066515
780 806.8266717440
896 660.3068694484
947 515.6802395003
1002 487.8392651893
1083 397.2776280979
1093 384.8805320154
1097 235.1511549378
1142 227.3898471738
1155 219.0057714312
1171 180.3686230007
1271 168.8856739886
1292 160.2910767133
1340 125.5692103706
1352 120.2749329010
1389 119.2468965774
1406 106.5948124439
1425 96.9310574601
1476 80.4490073158
1512 61.7386163933
1590 47.6686162087
1700 45.1167188911
1796 35.0026117529
1870 33.0509606865
2010 28.7283367528
2126 28.6328334469
2149 27.4782847779
2151 26.2864866378
2196 26.0784646551
2207 25.1097476512
2250 23.9261569453
2332 23.7660875176
2421 22.1162024196
2484 21.5844162707
2527 21.4097643672
2555 21.4013348070
2563 20.8089926596
2592 20.4159871960
2638 20.3615031318
2649 20.2985782372
2688 19.9466728814
2696 19.8519068135
2810 19.6311419965
2883 19.5093575458
2904 19.4099731511
2919 19.1188576384
2980 18.9592194804
3151 18.7997832168
3251 18.5140534249
3393 18.5128559790
3400 18.4910018514
3432 18.4682989952
3504 18.4539615336
3523 18.4345993381
3531 18.3679557994
3566 18.1989082563
3597 18.1623763897
3670 18.1245563535
3705 18.0810777077
3947 17.9879172185
3964 17.9472241926
3984 17.9032301783
4041 17.8282162467
4117 17.8264642497
4180 17.7717211309
4205 17.7093812496
4328 17.7025923937
4349 17.6856824820
4390 17.6852394059
4392 17.6739187188
4393 17.6093729492
4429 17.4961803952
4441 17.4836289060
4473 17.4819048406
4558 17.3737514089
4921 17.3006011154
4954 17.2955822180
4988 17.2622043471
5003 17.2143082606
5020 17.1134104779
5133 17.0486359332
5383 16.9250180780
5420 16.8952017329
5428 16.8820029096
5432 16.8245342987
5503 16.4982992990
5677 16.4805661910
5742 16.4307944307
5802 16.3951918725
5854 16.3913638677
5889 16.2660028102
5944 16.1749314071
6012 16.0897014323
6271 16.0604937765
6280 16.0395460825
6288 15.9341861759
6356 15.8582007516
6550 15.8039977229
6582 15.7904854802
6595 15.7792096146
6617 15.7319912322
6716 15.6629044523
6723 15.6359530372
6727 15.6203349350
6734 15.6197306900
6791 15.6193883243
6799 15.5445191424
6801 15.4750948301
6840 15.3989577001
6924 15.3762081877
6979 15.3746654103
7044 15.2452201003
7204 15.2426612598
7337 15.2096157712
7386 15.1654122289
7396 15.1128825135
7502 14.9491371301
7585 14.9469566350
7587 14.9339658195
7597 14.9126678550
7716 14.9061005032
7915 14.8658261641
7977 14.8506534900
8029 14.7671903623
8044 14.6810460973
8166 14.5543234249
8180 14.3702226111
8453 14.3578155389
8780 14.3314351819
8797 14.2958934637
8896 14.2008967447
8925 14.1030768548
8953 14.0380929900
8996 14.0338555721
9040 14.0233870310
9104 13.9497612885
9175 13.9466264398
9219 13.9251987517
9276 13.7001383010
9516 13.6281654991
9666 13.6070646821
9700 13.5838321455
9832 13.3161717312
10194 13.2477292966
10257 13.0296484043
10482 13.0258407460
10526 12.8821204907
10785 12.8333592883
10805 12.7804465389
10941 12.7314101908
10981 12.6919248728
11190 12.6797292767
11230 12.6488745585
11263 12.5687537532
11265 12.4407605319
11433 12.3772180550
11593 12.3268511034
11790 12.3118445907
11798 12.2368928256
11831 12.2296734199
11944 12.2263461165
12076 12.1623412479
12171 12.1622682369
12187 12.1579787866
12188 12.0996112938
12189 12.0989656741
12199 12.0531889759
12310 12.0232199891
12403 11.9700761802
12528 11.9504209358
12595 11.9112488761
12651 11.8858907639
12676 11.8682972881
12776 11.7667319857
12828 11.7106977463
12990 11.6573824443
13213 11.3994544100
13605 11.3773095011
13749 11.2850411712
13838 11.1755774095
13842 11.1740512038
13920 11.0184643383
14195 10.8423075640
14502 10.8075944157
14632 10.7692959505
14653 10.7674792315
14661 10.6284320347
14735 10.6166691613
14748 10.6068389662
14765 10.5166908743
14808 10.4777166606
14969 10.4483010816
15147 10.3442257866
15355 10.2969740349
15413 10.2850818098
15458 10.1484986624
15518 10.1335677257
15594 10.0970502309
15749 9.9999643791
15899 9.9961017337
15935 9.8538393124
16249 9.7471539806
16440 9.6929442781
16493 9.6649855030
16512 9.6223111675
16565 9.5943246099
16648 9.5099606109
16713 9.5052677339
16721 9.4607239102
16743 9.4442225569
16870 9.3507329224
16922 9.3433386962
17134 9.2578219341
17170 9.2407731948
17234 9.2125852969
17395 9.0495328728
17634 8.9325267368
17861 8.9113229257
18005 8.8902211471
18031 8.8714926114
18122 8.7934803673
18168 8.6644175587
18206 8.6346220789
18487 8.5279088135
18562 8.3419818413
19083 8.3186335635
19268 8.3018789191
19299 8.1460561919
19453 8.1282340260
19573 8.0869135175
19588 8.0808336841
19620 7.9410687718
19669 7.9406435456
19710 7.9191909809
19718 7.7446420954
20046 7.6090419619
20149 7.5648573344
20200 7.5613153890
20291 7.5564728472
20347 7.4699110670
20380 7.3721401605
20592 7.3559982417
20598 7.3391965780
20623 7.2387111294
20829 7.2187009477
20940 7.1315558052
20982 7.1245433190
21241 7.1112328240
21294 7.0781960439
21297 7.0062580809
21394 6.9707455578
21395 6.9308661401
21437 6.9163005042
21493 6.8114815527
21540 6.6763141009
21968 6.6702702913
22024 6.6002076155
22186 6.4853135436
22198 6.4118490041
22410 6.3291508794
22592 6.2755907094
22624 6.2657325201
22679 6.2314710226
22827 6.2063215653
22842 6.1563610621
22850 6.0673587947
22944 5.9633275305
23275 5.9590461826
23323 5.9390436681
23430 5.8713407180
23519 5.8156895977
23733 5.7920090019
23768 5.7917412255
23799 5.7592340918
23801 5.7559703396
23807 5.7003668617
23882 5.6973971096
23969 5.6170342500
24024 5.5859462005
24051 5.5639100690
24075 5.4998707113
24244 5.3927938265
24285 5.3800266357
24445 5.2939949739
24586 5.2912894519
24609 5.2831351845
24696 5.2685448294
24882 5.2471347135
24952 5.2072051390
25012 5.1495304890
25025 5.1217243573
25026 5.0943119767
25186 4.9855883066
25366 4.8426287287
25521 4.8115441177
25641 4.7857165764
25762 4.7814113597
25795 4.7746621877
25829 4.7674446487
25916 4.7558206038
25952 4.7270083731
26014 4.6401190209
26071 4.5841421582
26255 4.5829407548
26298 4.4677234605
26380 4.4149959012
26558 4.2994182625
26948 4.1820139117
27053 4.1753958068
27107 4.0649835803
27122 4.0258836588
27124 4.0114576631
27170 3.9974207379
27193 3.9198756345
27216 3.8609111220
27406 3.8453613799
27450 3.8079394894
27515 3.8010521822
27874 3.5883366380
27916 3.5781226125
28140 3.5348761158
28225 3.5254054081
28261 3.5012464458
28278 3.4823707948
28318 3.3619492599
28510 3.3148282533
28513 3.2797498701
28602 3.2353987868
28761 3.2153791779
28884 3.2153470493
28925 3.0759331609
29321 3.0535111726
29355 3.0085551074
29405 2.8564195040
29523 2.8091618527
29682 2.7843653725
29904 2.7766589852
29946 2.6630670275
30017 2.6426084275
30089 2.6355053899
30178 2.5690052554
30232 2.5572713313
30280 2.5563534346
30329 2.4793892212
30480 2.4673833752
30502 2.4638211763
30549 2.3821034660
30553 2.3472729307
30675 2.2988447209
30899 2.2864633147
30903 2.1528653148
31132 2.0501026520
31181 2.0385303578
31281 2.0021702925
31324 1.9099361884
31476 1.8465665481
31622 1.7960549285
31637 1.7459162589
31771 1.7064729990
31800 1.6663190943
31971 1.6037137328
32033 1.5646073586
32082 1.4919797281
32174 1.4848867817
32317 1.4303550332
32391 1.4215765232
32438 1.4210000885
32479 1.4205018255
32497 1.4198003698
32503 1.4130074171
32505 1.3604252979
32588 1.3415662185
32700 1.3412099111
32710 1.3018083742
32725 1.2883042935
32783 1.2394385539
32872 1.2316436523
32918 1.2187387108
32945 1.1990187628
32988 1.1891018242
32991 1.1752499159
33006 1.1740883713
33088 1.0982617922
33180 1.0786217781
33340 1.0659220250
33401 1.0612567424
33500 1.0372238786
33558 1.0134992532
33662 0.9678492664
33861 0.9177869762
33898 0.8809578044
34112 0.8444492136
34158 0.8194529301
34301 0.7746188861
34402 0.7685089048
34443 0.7562727803
34583 0.7522371599
34589 0.7064909747
34704 0.6890398260
34741 0.6858865123
34785 0.5927348092
35289 0.5617499766
35366 0.5438372083
35396 0.5239058180
35467 0.5222619877
35593 0.4948678409
35657 0.4925308968
35664 0.4838774894
35669 0.4768625797
35693 0.4726819422
35738 0.4637373545
35768 0.4595692882
35824 0.4581923466
35834 0.4086113278
36003 0.3905041958
36072 0.3855645022
36119 0.3460818435
36308 0.3304962094
36398 0.3298746239
36470 0.2947704202
36754 0.2869706040
36867 0.2843931622
36869 0.2283833604
37057 0.2270020467
37286 0.1807999187
37482 0.1755240556
37514 0.1727365857
37524 0.1625911226
37533 0.1192480620
38056 0.1064172177
38196 0.0998197136
38207 0.0965355083
38274 0.0801975846
38489 0.0792988341
38526 0.0779098019
38585 0.0772713761
38652 0.0705379779
38694 0.0592797957
38814 0.0547584260
38834 0.0521258155
38920 0.0428834497
39188 0.0403597045
39410 0.0357754090
39448 0.0325866012
39614 0.0316277146
39656 0.0294269933
39657 0.0275638267
39699 0.0240755005
39752 0.0204243850
39782 0.0202619108
40008 0.0183347162
40140 0.0127244614
40182 0.0120617400
40430 0.0082105299
40554 0.0080316526
40770 0.0074570458
40780 0.0062799311
40829 0.0057848323
40878 0.0057793280
40944 0.0054148470
40952 0.0040137090
41071 0.0039694432
41087 0.0037014055
41226 0.0035901218
41308 0.0025494116
41411 0.0020601172
41430 0.0014675885
41880 0.0013493801
41916 0.0009116374
42026 0.0009072849
42042 0.0008346988
42044 0.0006982653
42109 0.0006776299
42249 0.0005800515
42355 0.0004454024
42457 0.0004443890
42459 0.0004170925
42520 0.0003802894
42523 0.0003081609
42660 0.0002902839
42674 0.0002807130
42748 0.0002297584
42806 0.0001905410
42995 0.0001806031
43006 0.0001655100
43007 0.0001577954
43020 0.0001255476
43077 0.0001170447
43082 0.0001120383
43094 0.0000928141
43143 0.0000746502
43248 0.0000732599
43272 0.0000631032
43312 0.0000485149
43382 0.0000434168
43396 0.0000336848
43679 0.0000316071
43711 0.0000275081
43741 0.0000218792
43848 0.0000134342
43858 0.0000118297
44045 0.0000099626
44070 0.0000098890
44114 0.0000096488
44130 0.0000047917
44365 0.0000047817
44371 0.0000044447
44409 0.0000025971
44494 0.0000025686
44604 0.0000025147
44616 0.0000022865
44715 0.0000022648
44717 0.0000019494
44734 0.0000019418
44796 0.0000014651
44809 0.0000012131
44825 0.0000010049
44903 0.0000008157
44940 0.0000006192
45004 0.0000005479
45032 0.0000005001
45160 0.0000004643
45193 0.0000004130
45241 0.0000003603
45242 0.0000002862
45272 0.0000001572
45431 0.0000001319
45440 0.0000001266
45568 0.0000000997
45614 0.0000000990
45644 0.0000000779
45720 0.0000000506
45846 0.0000000400
46050 0.0000000104
46395 0.0000000090
46520 0.0000000085
46601 0.0000000073
46612 0.0000000065
46734 0.0000000063
46736 0.0000000057
46743 0.0000000057
46756 0.0000000041
46786 0.0000000036
46829 0.0000000028
46873 0.0000000027
46964 0.0000000017
47042 0.0000000017
47157 0.0000000016
47191 0.0000000012
47198 0.0000000010
47256 0.0000000009
47366 0.0000000008
47381 0.0000000006
47459 0.0000000005
47464 0.0000000005
47519 0.0000000003
47700 0.0000000002
47849 0.0000000002
47881 0.0000000001
47950 0.0000000001
48022 0.0000000001
48110 0.0000000001
48132 0.0000000001
48168 0.0000000001
48209 0.0000000001
48254 0.0000000001
48260 0.0000000000
48355 0.0000000000
48441 0.0000000000
48443 0.0000000000
48495 0.0000000000
48520 0.0000000000
48552 0.0000000000
48673 0.0000000000
48709 0.0000000000
48744 0.0000000000
48792 0.0000000000
48838 0.0000000000
48898 0.0000000000
48918 0.0000000000
48969 0.0000000000
48970 0.0000000000
49018 0.0000000000
49112 0.0000000000
49125 0.0000000000
49141 0.0000000000
49157 0.0000000000
49169 0.0000000000
49197 0.0000000000
49214 0.0000000000
49252 0.0000000000
49430 0.0000000000
49481 0.0000000000
49502 0.0000000000
49528 0.0000000000
49553 0.0000000000
49712 0.0000000000
49721 0.0000000000
49744 0.0000000000
49811 0.0000000000
49865 0.0000000000
49893 0.0000000000
49947 0.0000000000
49948 0.0000000000
49980 0.0000000000
50120 0.0000000000
50140 0.0000000000
50194 0.0000000000
50247 0.0000000000
50358 0.0000000000
50364 0.0000000000
50477 0.0000000000
50567 0.0000000000
50723 0.0000000000
50848 0.0000000000
51185 0.0000000000
51249 0.0000000000
51586 0.0000000000
51982 0.0000000000
evaluations raw_y
1 411753.8549266888
5 375766.6084927045
12 178997.2200739304
21 128491.5148241004
44 125701.1578878664
50 48067.2197907170
100 45458.0061495685
101 37842.2964028132
222 12597.9250345833
533 6346.6814897505
571 6331.3060031086
625 5522.6462581429
629 4608.1979516745
685 4521.5088983758
718 4514.6575603254
744 3983.9479886656
759 3310.6711545941
788 3296.5738440967
808 2599.7899200245
825 2324.7076639548
838 1606.0786444445
894 1423.4452022580
897 1132.1053981318
981 699.0130328322
1008 675.4769352581
1071 533.9283999842
1073 512.1191608653
1095 395.4968559583
1106 348.7010393661
1177 341.1974599932
1309 247.5833585971
1355 219.9847759968
1410 183.4960442913
1467 152.1954087673
1510 149.5135016074
1520 127.8014140265
1584 114.9447011763
1597 110.4492160738
1601 87.2362501464
1756 84.4010082231
1768 81.6334685740
1823 49.7523702239
1985 36.6272301308
2081 35.4515039852
2269 29.7389816361
2293 29.1105177453
2335 28.5291943560
2405 25.2301227353
2557 25.1403084344
2586 24.8503805795
2587 22.2408956786
2708 22.2083754639
2718 21.4742783576
2760 20.7954365613
2778 20.5437508923
2791 20.3347896595
2825 20.1279574775
3011 19.8431877268
3015 19.5894285878
3132 19.1085756375
3284 19.0762328681
3324 19.0093752221
3377 18.9896336120
3383 18.7922422340
3385 18.7898636826
3415 18.6541145282
3420 18.5798461122
3447 18.5548672132
3471 18.4511808674
3628 18.3906355313
3700 18.3396265147
3750 18.2750166779
3828 18.2691577296
3851 18.1704370330
3946 18.1649107618
3986 18.0849056081
4146 18.0441986767
4210 18.0424799079
4278 18.0094869545
4285 17.9704203721
4288 17.8578472221
4311 17.8534186169
4374 17.8501254740
4476 17.8403865761
4493 17.8008313347
4507 17.7886984346
4510 17.7593253515
4567 17.7040092474
4697 17.6881332932
4698 17.6310885736
4830 17.5874584971
4910 17.5673605702
4939 17.4317700026
5159 17.4269754111
5281 17.4174395297
5446 17.2848823369
5589 17.2596973526
5621 17.2579229390
5667 17.2429327475
5680 17.1859830831
5682 17.1456332280
5724 17.0491257653
5791 16.9663046739
5886 16.9154121102
5939 16.8775933839
6043 16.7142345767
6359 16.6825200451
6390 16.6279499405
6531 16.6187027936
6557 16.5820181814
6560 16.4863995145
6579 16.4661856658
6747 16.4327512300
6767 16.3641329651
6806 16.3432245359
6860 16.2895610677
6882 16.2066381225
6938 16.1458413009
7065 16.1272158843
7079 15.9480648586
7159 15.7620791258
7162 15.7489061105
7437 15.7124381922
7465 15.6461374168
7469 15.6047630364
7519 15.5385011933
7657 15.4217513551
7733 15.3987758623
7793 15.3890822821
7809 15.3584744901
7825 15.2047669938
7913 15.1258168939
7949 14.9963566801
8205 14.9946297223
8314 14.9662447970
8448 14.9569871771
8471 14.8922601483
8641 14.8423391833
8645 14.7775914220
8691 14.7553300702
8706 14.7351028302
8714 14.6735858677
8768 14.6714376233
8789 14.6217259135
8922 14.5325277801
8996 14.5218976953
9096 14.4563109827
9301 14.3486298293
9458 14.2139018053
9506 14.1935832031
9668 14.1709236980
9708 14.1360853502
9759 14.1319151060
9770 14.0554956967
9895 14.0337211155
9941 13.9928414743
10130 13.8646132302
10174 13.7463305157
10184 13.6326092894
10277 13.5955921151
10434 13.5703173535
10555 13.5011112942
10621 13.4734342549
10625 13.4427657540
10716 13.3861340634
10864 13.3114894736
11011 13.0978243784
11096 13.0139185419
11274 12.8878937307
11304 12.8716619399
11380 12.8593641319
11454 12.8573043264
11501 12.8429520665
11539 12.7722183682
11596 12.7510931781
11705 12.7413847854
11707 12.7332490370
11735 12.6964857126
11747 12.6031786912
11932 12.5932007592
12073 12.5910577548
12145 12.5503245390
12173 12.3349071846
12459 12.1561128820
12696 12.0354889475
12824 12.0234461751
12882 12.0159151922
12945 11.9629274329
12957 11.9608857530
13035 11.9227359177
13110 11.9155580715
13111 11.9004238978
13150 11.8818474741
13181 11.8800492774
13206 11.8546668854
13242 11.8277327850
13358 11.7862097487
13535 11.7773006984
13552 11.7109830882
13608 11.6026740738
13712 11.5387607090
13803 11.3945907775
14227 11.3380117856
14281 11.2495770447
14381 11.2027039406
14504 11.1915141786
14545 11.1862699200
14622 11.0814912405
14862 11.0388851049
14934 10.9640264498
15320 10.7871203051
15431 10.5749227172
15586 10.5621777788
15639 10.4635863903
15640 10.4095811216
15963 10.3465652697
15992 10.2063088583
16304 10.0492005002
16477 9.9707012432
16677 9.8275292941
16845 9.8225133008
16916 9.7620615304
17311 9.7482491540
17342 9.6240087878
17409 9.5286620517
17627 9.4939927760
17652 9.4206659912
17754 9.3918237857
17767 9.3693494262
17817 9.2912325444
17910 9.2691925473
17923 9.1854831761
18026 9.1308499120
18145 9.1239548224
18325 9.0085631947
18413 8.9954820825
18438 8.9699113107
18546 8.8348725302
18616 8.7141861960
19039 8.6286855360
19224 8.5794665515
19232 8.5501054185
19244 8.3679702270
19392 8.2900075388
19649 8.1859321435
19767 8.0519974508
20218 7.9733009211
20227 7.9154401224
20256 7.8692165343
20395 7.7039751054
20728 7.6346146202
20830 7.6082133427
20869 7.4745676005
20879 7.4611699518
20901 7.4504336515
20991 7.4270549610
21000 7.3815482104
21010 7.3784571536
21072 7.2728243555
21126 7.1960289810
21187 7.1893153050
21298 7.1580712236
21299 7.1508450355
21480 7.1507606901
21544 7.1105984928
21570 7.0384807601
21622 7.0007418975
21797 6.9951252659
21798 6.9478232992
21927 6.9381588677
21971 6.8806823702
22225 6.8597645316
22333 6.7300805130
22427 6.6974532147
22708 6.6882998491
22994 6.6425592980
23055 6.6058101344
23091 6.5132666543
23300 6.5095730140
23314 6.4994817231
23321 6.4587585497
23335 6.3687785986
23383 6.2475726153
23608 6.2155690892
23833 6.1455236582
23855 6.1287912169
23916 6.0841919220
23945 6.0513416174
23954 6.0248801904
23979 5.9252566415
24099 5.8703387431
24136 5.8692109994
24330 5.8597274904
24597 5.8239810829
24638 5.7415152625
24656 5.6794199498
24768 5.5563064948
24808 5.5370517516
24935 5.4754789891
24981 5.4702788739
25059 5.3023577480
25265 5.2648559935
25375 5.2543655986
25410 5.2391105683
25426 5.1695625515
25611 5.1344868767
25700 5.1091295988
25745 4.9064193983
26065 4.9048112055
26145 4.8763561100
26292 4.8174700395
26496 4.7530183690
26543 4.7371467392
26624 4.6632148271
26833 4.5589711872
26979 4.5494020604
27050 4.4692952528
27120 4.4601164469
27156 4.4455168691
27166 4.4190796688
27216 4.3643227434
27242 4.3627176908
27264 4.3047139456
27265 4.2930393443
27287 4.2860678818
27390 4.2695598854
27414 4.1856258632
27437 4.1799018284
27438 4.1466549783
27491 4.0791656982
27535 4.0789488382
27697 4.0751429726
27733 4.0348462488
27819 3.9602252965
27905 3.9505244877
27907 3.9220809719
27976 3.9054899612
27985 3.9002505797
28050 3.8796207676
28230 3.8268612681
28238 3.8191570149
28312 3.7551213265
28507 3.6731534944
28524 3.6619104355
28563 3.6502349245
28638 3.5939507834
28682 3.5730888558
29036 3.5021127399
29061 3.3668097091
29079 3.3606870484
29228 3.3559745475
29272 3.3158393805
29279 3.3152532787
29333 3.2060033919
29479 3.1773049766
29631 3.1222242246
29685 3.0286516946
29884 3.0008763231
29895 2.9782479723
29905 2.9743230223
29909 2.9713777070
30003 2.9710586924
30005 2.9426953572
30025 2.8877132267
30089 2.8534984551
30100 2.8483288681
30257 2.7874503689
30280 2.7540619866
30557 2.7199730014
30568 2.6955831225
30599 2.6701693947
30612 2.6599267053
30716 2.6141064785
30717 2.6107370827
30769 2.5618192748
30782 2.5349821211
30851 2.3955953727
31146 2.3522622127
31179 2.3461814433
31261 2.3055019797
31355 2.2290218259
31369 2.1691703213
31377 2.1448454881
31393 2.1364364765
31509 2.1311404913
31524 2.1006185652
31545 2.0830291195
31566 2.0509360806
31657 1.9378403684
31765 1.9342819635
31848 1.8368581400
32201 1.7850042410
32302 1.7781798365
32368 1.6645329244
32391 1.6192359989
32510 1.6142950505
32563 1.5528238652
32570 1.5360320141
32607 1.4722497135
32624 1.4065416437
32769 1.3353031455
32887 1.2835059060
33111 1.2727165644
33206 1.2527333103
33354 1.2479945665
33404 1.2404340816
33463 1.2065604987
33479 1.1760353594
33525 1.1590471286
33548 1.1396421780
33650 1.1251098242
33769 1.1225517889
33804 1.1105402535
33829 1.0709091739
33896 1.0582590438
33950 1.0552032304
33975 1.0513374694
34027 1.0185612483
34060 0.9892344929
34111 0.9762777221
34219 0.9608800794
34369 0.9472715826
34441 0.9383154958
34548 0.9370435781
34638 0.8821331744
34666 0.8820160308
34731 0.8784171106
34775 0.8776081032
34796 0.8571322341
34901 0.8401369497
34935 0.8174679084
35026 0.7965487355
35086 0.7889998616
35233 0.7657971016
35285 0.7287617492
35339 0.7150526927
35364 0.6703780822
35417 0.6296572688
35551 0.6276795895
35798 0.6246880123
35822 0.5879370649
35960 0.5055843328
36191 0.5004700175
36236 0.4697845052
36291 0.4306271042
36293 0.4245113797
36457 0.3779873626
36551 0.3696881236
36724 0.3567480066
36754 0.3269166132
36808 0.3116375945
37123 0.2711620990
37214 0.2556350599
37285 0.2367869118
37316 0.2339362392
37370 0.2309295518
37395 0.2213391664
37594 0.2155019605
37660 0.2098154376
37700 0.2093780266
37719 0.1887917141
37721 0.1726274195
37838 0.1718376762
38077 0.1458974384
38370 0.1260544061
38496 0.1058939735
38884 0.1029311128
38909 0.0975358186
38928 0.0961438782
38966 0.0843775368
39000 0.0775683792
39009 0.0759650561
39234 0.0710950718
39245 0.0664899554
39321 0.0654850508
39330 0.0621777120
39436 0.0546263885
39457 0.0490483548
39699 0.0454283553
39779 0.0434449494
39802 0.0429221128
39878 0.0419269459
39882 0.0382047552
39891 0.0330468858
40065 0.0312929582
40156 0.0294959009
40201 0.0260228525
40293 0.0249198992
40346 0.0229412301
40411 0.0198936501
40623 0.0183858377
40676 0.0151583855
40743 0.0147291054
40916 0.0136651372
40943 0.0134177424
40988 0.0120573751
40997 0.0118580279
41298 0.0108776002
41368 0.0107730616
41375 0.0101205614
41449 0.0070025256
41715 0.0066294774
41748 0.0065136859
41946 0.0054814134
41958 0.0052186106
41985 0.0021470888
42362 0.0018101640
42474 0.0013638800
42583 0.0011440219
42658 0.0008436495
42714 0.0006449674
42802 0.0004321621
42926 0.0003989008
43014 0.0002778427
43157 0.0002548461
43177 0.0002513248
43199 0.0002282834
43341 0.0001832388
43344 0.0001562696
43506 0.0001169841
43579 0.0001035525
43772 0.0000888683
43789 0.0000797258
43800 0.0000730036
43899 0.0000611593
44015 0.0000536957
44022 0.0000515292
44036 0.0000353699
44128 0.0000160385
44326 0.0000138448
44400 0.0000102317
44480 0.0000055096
44707 0.0000052242
44788 0.0000049461
44835 0.0000046596
44836 0.0000046169
44861 0.0000041145
44862 0.0000039385
44870 0.0000028711
44904 0.0000027212
44928 0.0000023239
44943 0.0000012941
45175 0.0000008163
45392 0.0000006946
45486 0.0000005803
45546 0.0000005256
45557 0.0000004932
45570 0.0000003774
45637 0.0000002409
45832 0.0000001705
45923 0.0000001513
45946 0.0000001207
46078 0.0000001159
46118 0.0000000949
46151 0.0000000674
46303 0.0000000648
46305 0.0000000557
46394 0.0000000257
46669 0.0000000233
46691 0.0000000220
46692 0.0000000186
46719 0.0000000176
46746 0.0000000142
46835 0.0000000106
47035 0.0000000093
47064 0.0000000092
47071 0.0000000071
47190 0.0000000069
47235 0.0000000065
47243 0.0000000061
47273 0.0000000059
47275 0.0000000051
47293 0.0000000049
47317 0.0000000040
47342 0.0000000021
47644 0.0000000018
47689 0.0000000016
47692 0.0000000016
47713 0.0000000014
47724 0.0000000008
47942 0.0000000006
48058 0.0000000006
48117 0.0000000006
48118 0.0000000005
48224 0.0000000005
48285 0.0000000004
48310 0.0000000003
48362 0.0000000003
48422 0.0000000003
48476 0.0000000002
48508 0.0000000002
48562 0.0000000002
48603 0.0000000002
48633 0.0000000002
48650 0.0000000002
48664 0.0000000002
48677 0.0000000001
48689 0.0000000001
48724 0.0000000001
48924 0.0000000001
48948 0.0000000001
48953 0.0000000001
48971 0.0000000001
49005 0.0000000001
49135 0.0000000001
49145 0.0000000000
49255 0.0000000000
49284 0.0000000000
49383 0.0000000000
49391 0.0000000000
49494 0.0000000000
49576 0.0000000000
49670 0.0000000000
49699 0.0000000000
49784 0.0000000000
49865 0.0000000000
49910 0.0000000000
49927 0.0000000000
49945 0.0000000000
50019 0.0000000000
50021 0.0000000000
50067 0.0000000000
50078 0.0000000000
50159 0.0000000000
50192 0.0000000000
50431 0.0000000000
50437 0.0000000000
50439 0.0000000000
50540 0.0000000000
50592 0.0000000000
50621 0.0000000000
50625 0.0000000000
50627 0.0000000000
50647 0.0000000000
50785 0.0000000000
50797 0.0000000000
50809 0.0000000000
50814 0.0000000000
50817 0.0000000000
50927 0.0000000000
50988 0.0000000000
51051 0.0000000000
51132 0.0000000000
51246 0.0000000000
51281 0.0000000000
51395 0.0000000000
51448 0.0000000000
51499 0.0000000000
51701 0.0000000000
51908 0.0000000000
52353 0.0000000000
evaluations raw_y
1 839551.1155066227
2 779782.4644586999
3 409130.7917210417
4 317759.1355046760
10 263475.4138748623
15 222259.4678938133
26 165008.1940402435
31 155572.0032398187
34 134986.0889620107
35 98442.9758310033
70 56877.4928828697
149 51784.1836311274
161 45907.2192276320
173 44911.0963064005
180 24191.0083662686
215 20671.8274195918
512 17316.6363608687
534 12099.3255212059
581 11679.1851877232
592 8157.0649688362
661 6515.5417031065
666 5472.1503215531
718 3263.5632746905
814 2564.7573160194
873 1945.4289900066
890 1724.0041279413
961 840.5305880043
1086 838.1394458144
1135 788.5382822697
1143 783.4013862947
1187 448.5749984217
1298 425.1470577020
1318 351.7936177195
1376 301.4791649308
1377 279.4196380154
1390 243.2298629549
1417 216.5817981058
1423 165.0746771762
1668 126.4934414628
1742 101.7639334782
1778 100.3049321114
1823 91.9248863480
1828 89.8112006692
1840 81.5032681292
1891 69.5549350418
1909 67.8712526849
1949 60.4520620574
1974 55.4030692936
2060 43.5607166948
2205 40.7353614222
2287 37.8317563321
2308 29.9417405727
2421 25.3924586493
2584 23.1000807519
2724 22.5351023286
2777 22.5054942702
2791 22.1987196319
2798 21.9969814975
2867 21.9553661862
2869 21.8821501160
2874 21.0472447879
2983 20.9356457052
3004 20.9083132428
3007 20.0125172310
3152 19.9688383853
3201 19.9416409683
3262 19.8080355394
3265 19.7723618280
3309 19.5689497495
3429 19.4674701028
3469 19.4526142693
3470 19.2357604771
3602 19.1905635148
3683 19.1468154042
3728 19.1455213830
3756 19.1326555628
3763 19.1086769679
3782 19.0811440194
3799 19.0339000752
3917 19.0054785243
3978 18.9811136708
4006 18.9705051258
4010 18.9026602473
4146 18.8719357715
4175 18.8666138495
4201 18.8446151387
4230 18.8348464608
4301 18.8325364118
4341 18.7136085771
4624 18.6998292405
4752 18.6730755261
4796 18.6723791462
4829 18.6045959092
4925 18.5845587999
4932 18.5777701808
4957 18.5501622302
5000 18.5105917754
5077 18.4932556502
5101 18.4454403801
5151 18.3989565867
5448 18.3495835289
5452 18.3462293791
5457 18.2183742262
5514 18.0837740176
5776 17.9207308174
6079 17.9128821499
6176 17.5688515529
6492 17.5044851568
6641 17.2091865679
6673 17.1578460363
6723 17.0482439276
6856 17.0126071465
7068 16.6533705775
7443 16.5298404274
7508 16.3934161841
7863 16.3052785921
7941 16.3052274820
7947 16.1425488246
8095 16.0105906248
8235 15.9341031770
8284 15.8766449042
8289 15.8355922072
8334 15.7275261807
8453 15.6345614012
8465 15.5498554279
8735 15.4818977261
8802 15.3930009954
8956 15.3538722099
9050 15.3220010982
9051 15.2859403897
9072 15.2517226481
9135 15.1326201851
9517 15.0268568529
9549 15.0259465387
9555 14.8053788808
9748 14.8017645813
9798 14.7786556608
9834 14.7684835977
9945 14.7245942068
10056 14.7178761811
10133 14.6830762985
10150 14.5186497409
10238 14.4351094639
10566 14.3146425172
10699 14.2322332492
10970 14.1242570005
11222 14.0296851147
11348 14.0121605963
11419 13.9516539293
11596 13.9109240367
11680 13.8789451519
11729 13.8695057691
11754 13.8252328906
11796 13.7725471446
11987 13.6896519537
12011 13.6731472912
12072 13.6578341425
12110 13.5691492685
12347 13.5557722049
12360 13.5054935135
12439 13.4420582882
12467 13.4016872744
12593 13.3321922693
12612 13.2905846097
12694 13.2235177431
12794 13.1873763674
12846 12.9406820184
13356 12.9309192495
13415 12.8767274754
13486 12.8266343496
13502 12.7649262088
13582 12.6938339033
13619 12.6534083357
13746 12.4633944964
14023 12.3886364316
14085 12.3740324619
14189 12.3375134178
14236 12.2660234770
14237 12.2033835078
14455 12.1722483029
14721 11.9948053636
15034 11.9625364240
15089 11.8510484483
15234 11.8323109014
15280 11.7999288878
15335 11.7965030346
15347 11.6665362104
15421 11.5727234056
15806 11.5581084973
15842 11.5182594816
15909 11.5041215595
15985 11.4254666965
16028 11.4211646434
16053 11.4146289639
16139 11.4037847211
16255 11.3999469241
16282 11.3833083909
16285 11.3799610631
16294 11.3318876169
16356 11.3020436964
16380 11.2745955025
16403 11.2268701224
16628 11.1930772579
16742 11.1288574474
16760 10.9959968566
17001 10.8980769362
17131 10.8805243995
17167 10.8754681088
17274 10.8730329919
17307 10.7726400507
17382 10.7467629271
17400 10.7416457842
17415 10.6534558901
17459 10.6458379127
17557 10.5420587032
17669 10.5271433052
17693 10.4143259691
18001 10.3721019060
18026 10.3271484142
18101 10.2677901713
18207 10.1957137212
18321 10.1381872170
18570 10.0596343582
18727 9.9733702192
18921 9.8544293619
19060 9.8456340646
19086 9.8423288526
19090 9.8372450965
19175 9.6693964642
19194 9.5749399512
19227 9.5527471486
19591 9.5324392056
19749 9.4293590184
19762 9.4154158803
19797 9.3158941088
19894 9.2905287076
19976 9.1763047385
20304 9.1722186844
20377 9.1550458531
20430 9.0421306916
20519 9.0303838374
20702 9.0196354335
20706 9.0022230413
20754 8.9691754741
20824 8.9099004124
20865 8.9008169656
20948 8.8923194577
21031 8.8365290386
21058 8.7770244600
21160 8.7747374848
21402 8.7511623542
21436 8.7422883484
21476 8.7086695695
21492 8.7045361058
21523 8.5160687603
21886 8.5084668910
22139 8.4008670025
22234 8.1152916355
22488 8.0718556806
22544 8.0280996154
22641 7.8647660442
22856 7.8515702787
23013 7.8019136003
23097 7.7899329158
23169 7.7652145106
23187 7.7065076144
23247 7.6941991186
23258 7.6662739476
23274 7.6618125035
23322 7.5523042585
23399 7.5391837263
23517 7.4659295359
23709 7.4621228988
23734 7.3628060736
23897 7.3454155811
23968 7.3102325346
24026 7.2869425286
24093 7.2009507624
24094 7.1873487377
24153 7.1462591765
24352 7.0460183665
24547 6.9921236032
24818 6.7719368933
25124 6.7712331845
25154 6.6310254921
25204 6.6295851192
25225 6.6155486488
25291 6.5370877725
25931 6.3447908580
25985 6.2648076708
26236 6.2274686809
26274 6.1797772449
26341 6.1310604438
26553 6.1131437222
26591 6.0146242360
26601 5.9617605754
26635 5.9270125226
26692 5.8198821953
26971 5.8152436316
27020 5.7166862796
27226 5.7134043861
27227 5.7083737765
27234 5.5529868689
27523 5.5507429735
27547 5.5281144546
27613 5.5200137022
27615 5.4683909928
27686 5.4565175013
27717 5.4172209919
27795 5.3656282472
27972 5.3167863525
28014 5.3150774011
28280 5.2815572962
28367 5.2731545173
28489 5.2476290587
28588 5.1121014138
28667 5.0972388771
28703 5.0643052767
28734 5.0253413692
28746 4.9073103338
28841 4.7863679539
28888 4.7750758249
28921 4.7007422570
29026 4.6997260067
29220 4.6978709545
29240 4.5856767354
29246 4.5558547444
29310 4.5028454676
29615 4.4406553784
29706 4.3730285622
29799 4.3629723486
29841 4.3482260553
29876 4.2942220293
29937 4.2937091865
30030 4.2616130640
30161 4.2264319035
30162 4.2098988830
30197 4.1475134287
30223 4.1133180354
30338 4.0048982706
30406 3.9474107891
30535 3.9394761236
30580 3.9137331054
30681 3.7475599384
30868 3.6794014963
31099 3.6467875717
31111 3.6084160929
31117 3.5793846982
31272 3.5571714853
31324 3.5233064453
31475 3.5034714319
31484 3.4310825029
31525 3.3700838354
31671 3.3553413068
31711 3.3382280591
31786 3.2967928180
31846 3.2347710314
32005 3.1565876114
32073 3.1446787632
32117 3.0983856954
32163 3.0961271949
32215 3.0597384344
32251 3.0514367507
32282 2.9937164889
32385 2.9309212579
32498 2.8388237110
32712 2.8353532780
32779 2.7197489521
32834 2.6848003492
32930 2.6716940838
33055 2.6224763622
33082 2.5569585636
33234 2.5236023326
33356 2.4616942209
33471 2.4294074921
33575 2.3855379925
33763 2.2257814220
33958 2.2176333408
33969 2.1567179108
34127 2.1415292043
34210 2.0956040785
34384 2.0736539044
34434 2.0353693274
34482 1.8209997783
34667 1.8131350458
34818 1.7980391918
34827 1.7870402911
34842 1.7853273058
34856 1.7438822626
34870 1.7058430174
34876 1.6821649609
34913 1.6068316884
34986 1.5995426833
35094 1.5531683093
35134 1.5462036572
35190 1.5282461414
35377 1.5111086620
35387 1.4748221420
35707 1.4513871539
35725 1.4471310110
35770 1.3890690310
35847 1.3766200350
35859 1.3478505334
35861 1.2996951974
35904 1.2949223819
35933 1.2564992498
36002 1.2456891350
36009 1.2068145335
36117 1.2058970631
36448 1.2004333800
36556 1.1936686898
36589 1.1830241969
36627 1.1286509582
36724 1.0869654102
36739 1.0406185237
36843 1.0235419410
36968 0.9708753793
37427 0.9516786806
37446 0.8973858329
37582 0.8175622201
37687 0.8132288408
37739 0.7721611915
37812 0.7535498828
37906 0.7522074130
37943 0.7053621479
38050 0.6971417886
38103 0.6587298501
38217 0.6560479385
38270 0.6257047252
38282 0.6067495428
38492 0.5986579885
38493 0.5723187332
38528 0.5701135527
38628 0.5523808413
38748 0.5286513840
39038 0.4643979831
39199 0.4553964014
39308 0.4552275943
39320 0.4135773132
39449 0.3924825359
39521 0.3867237859
39522 0.3564799692
39652 0.3181776331
39666 0.2965799680
39761 0.2955878252
39794 0.2854195185
39855 0.2703898930
39903 0.2601282670
39972 0.2594009013
40114 0.2579276919
40153 0.2402023222
40181 0.2294618346
40185 0.2177618042
40517 0.2007107919
40597 0.1745798850
40671 0.1728536440
40707 0.1728302897
40759 0.1665878857
40884 0.1617925654
40946 0.1614478284
41011 0.1253605586
41236 0.1177143440
41347 0.1166321232
41406 0.1129734365
41455 0.1083603047
41536 0.1061405066
41552 0.0936368706
41600 0.0925430867
41622 0.0849520472
41826 0.0784941256
41961 0.0763423777
42000 0.0737528820
42044 0.0688141786
42121 0.0679767742
42157 0.0554436598
42466 0.0472400033
42498 0.0419231334
42508 0.0382893338
42621 0.0366242491
42759 0.0361406575
42848 0.0331659724
42857 0.0315882574
43008 0.0293982000
43078 0.0275151974
43113 0.0231869363
43356 0.0186537544
43462 0.0163668206
43565 0.0148554661
43615 0.0143363716
43712 0.0114299695
43788 0.0099037275
43804 0.0078833194
44035 0.0062346510
44203 0.0041381204
44472 0.0033457570
44516 0.0024100952
44728 0.0014427210
44807 0.0013976830
44984 0.0013350668
45096 0.0007967913
45231 0.0006633282
45406 0.0006172000
45504 0.0005478196
45569 0.0005073696
45588 0.0003841124
45634 0.0003685798
45645 0.0003286688
45747 0.0002258629
45853 0.0001725996
45919 0.0001324304
46011 0.0001225553
46167 0.0001182232
46259 0.0001169555
46275 0.0001081395
46356 0.0000581061
46538 0.0000576034
46577 0.0000545482
46600 0.0000464268
46622 0.0000267213
46845 0.0000201733
46868 0.0000184892
46956 0.0000157255
46971 0.0000099719
47182 0.0000085833
47426 0.0000062857
47443 0.0000061453
47503 0.0000059803
47529 0.0000059218
47543 0.0000055844
47573 0.0000051628
47586 0.0000044400
47644 0.0000031133
47776 0.0000022410
47819 0.0000018432
47872 0.0000016845
47973 0.0000016641
47980 0.0000015658
47993 0.0000015021
48040 0.0000012537
48092 0.0000011971
48095 0.0000011035
48161 0.0000009420
48164 0.0000008373
48191 0.0000005126
48447 0.0000005028
48451 0.0000003478
48556 0.0000003432
48558 0.0000003232
48609 0.0000003195
48631 0.0000002358
48641 0.0000002105
48735 0.0000001930
48763 0.0000001646
48813 0.0000001368
48937 0.0000001112
48955 0.0000001072
48977 0.0000001046
48981 0.0000000879
48996 0.0000000873
49016 0.0000000721
49031 0.0000000436
49258 0.0000000412
49261 0.0000000309
49265 0.0000000290
49296 0.0000000266
49300 0.0000000238
49511 0.0000000237
49536 0.0000000178
49612 0.0000000135
49613 0.0000000133
49648 0.0000000113
49701 0.0000000091
49742 0.0000000079
49791 0.0000000067
49835 0.0000000061
49856 0.0000000054
49878 0.0000000053
49902 0.0000000052
49942 0.0000000032
50041 0.0000000021
50119 0.0000000018
50195 0.0000000017
50236 0.0000000014
50319 0.0000000009
50418 0.0000000008
50528 0.0000000008
50620 0.0000000008
50633 0.0000000007
50646 0.0000000006
50647 0.0000000005
50710 0.0000000004
50809 0.0000000003
50878 0.0000000002
51016 0.0000000002
51201 0.0000000002
51207 0.0000000001
51283 0.0000000001
51333 0.0000000001
51335 0.0000000001
51371 0.0000000001
51379 0.0000000000
51449 0.0000000000
51518 0.0000000000
51578 0.0000000000
51605 0.0000000000
51671 0.0000000000
51814 0.0000000000
52039 0.0000000000
52062 0.0000000000
52169 0.0000000000
52200 0.0000000000
52257 0.0000000000
52548 0.0000000000
52601 0.0000000000
52614 0.0000000000
52618 0.0000000000
52683 0.0000000000
52697 0.0000000000
52720 0.0000000000
52864 0.0000000000
52866 0.0000000000
53045 0.0000000000
53059 0.0000000000
53077 0.0000000000
53174 0.0000000000
53199 0.0000000000
53243 0.0000000000
53357 0.0000000000
53635 0.0000000000
53885 0.0000000000
54208 0.0000000000
54488 0.0000000000
evaluations raw_y
1 752590.7511950575
2 593000.0725310746
8 544674.4382543645
10 437645.6027348248
13 407005.6859872158
20 283220.9040640853
25 144991.2233289444
39 127833.4371048652
53 86371.0250004502
72 61912.2649059111
80 56023.5459701179
198 41639.0200858114
202 38550.2968253549
216 31702.4130084859
230 30067.5596022875
276 16284.0702775915
605 12364.4284262727
630 8780.1604489759
662 6159.1667149004
730 2321.9912793608
843 2158.8693755770
983 1668.3917972326
1024 1568.1606486344
1059 1463.7380681479
1064 1274.9130763134
1113 1122.3462570650
1138 945.9665474724
1161 839.4096991795
1190 774.9063356685
1195 539.3823542546
1262 380.2427862050
1645 343.9430142242
1694 343.6891042859
1787 238.2258137867
1993 216.2643741252
1999 172.9382325908
2019 172.6645928847
2044 169.8649709733
2059 159.9220886605
2090 147.3031262430
2112 103.0767669139
2280 72.7517344662
2360 67.6235246455
2476 64.2662457667
2526 61.9546317809
2600 55.8511320746
2661 51.5660451849
2722 39.0198204778
2792 38.3310464945
2815 34.3848145572
2846 25.7715574911
3104 25.7439871948
3148 25.0705333916
3217 25.0394658585
3241 24.0769996830
3307 24.0704993323
3321 23.4707063270
3361 22.6653184221
3386 21.4826368115
3397 21.2909851081
3536 20.4782017214
3568 20.1183673544
3731 20.0352728094
3775 19.9598359845
3824 19.3234647345
3845 19.2895139812
3892 19.2183667735
3931 19.0274743862
4043 18.9696617818
4060 18.9073223305
4181 18.8931834288
4184 18.8158133549
4236 18.7521397239
4310 18.7305782380
4401 18.7304566398
4411 18.7188119686
4414 18.6888803268
4484 18.6489893364
4488 18.6398447701
4543 18.6100737091
4737 18.5491809023
4872 18.4674668687
5072 18.4138402826
5076 18.3867312388
5155 18.3656465901
5289 18.3312456222
5344 18.2221308281
5430 18.1701030584
5556 18.1062784420
5608 17.9276863916
5840 17.5810186205
6078 17.4966612437
6167 17.4712915811
6240 17.1804637506
6597 17.0995655492
6757 17.0606918229
6794 17.0002448126
6975 16.9735467323
7014 16.8370542203
7044 16.7794565175
7262 16.7303027161
7273 16.6539393748
7355 16.6264456372
7428 16.5264614004
7497 16.3078180275
7678 16.3048335595
7795 16.2519429038
7859 16.2197418455
7931 16.1816744236
7942 16.1687486428
8090 15.9960862561
8272 15.9932418036
8314 15.9553396397
8363 15.8610236320
8571 15.7488425701
8619 15.7212780831
8947 15.6673665651
9046 15.6631891014
9048 15.6210209575
9083 15.4951988110
9188 15.4931340285
9192 15.4162689674
9237 15.3747582309
9381 15.2698882842
9583 15.1425872093
9690 15.1288538495
9701 15.0800465280
9703 15.0693066335
9718 15.0649898278
9738 15.0478946541
9790 15.0077686029
9834 14.9886915282
9982 14.9075092406
10202 14.8643042444
10381 14.7753578626
10417 14.7058621905
10458 14.7056489844
10565 14.5704277905
10659 14.5198093149
10672 14.4292533806
10916 14.4079005238
10969 14.3242382121
11021 14.3214171112
11121 14.2803978415
11125 14.2210984648
11176 14.1475154371
11312 14.1409590531
11331 14.1309268409
11401 14.0958497205
11423 14.0950813182
11504 14.0432189831
11519 14.0082365909
11601 13.9817603681
11652 13.8584603266
11756 13.8527534610
11841 13.8477193535
12059 13.7946979981
12113 13.7357562927
12197 13.6887390583
12279 13.6827466930
12285 13.6794996594
12344 13.5713273156
12404 13.4884436818
12479 13.4857462846
12531 13.4545226051
12536 13.3064807257
12779 13.2089364539
12873 13.1940049568
12954 13.1034690612
13240 13.0265384813
13489 12.8514559346
13524 12.8309352693
13603 12.7319035497
13682 12.7057443238
13794 12.6972539754
13852 12.5202837813
14010 12.5183976380
14118 12.4120753241
14124 12.4062430290
14297 12.2986261822
14319 12.2072332881
14410 12.2000292738
14487 12.1775231566
14520 12.1587718842
14531 12.1306992904
14581 12.0465000055
14831 12.0337348588
14852 12.0242061458
14872 12.0026201619
14900 11.9055076187
15174 11.8603358250
15298 11.7242450340
15328 11.7021612400
15522 11.6911566539
15544 11.6828355768
15577 11.6469606910
15600 11.6079809655
15716 11.5844331384
15827 11.5441749455
15964 11.5167672569
16023 11.4594296738
16094 11.4526391693
16210 11.4015723321
16246 11.3305013188
16321 11.2919348072
16375 11.2558021723
16465 11.2396141057
16468 11.2383154683
16533 11.1260782012
16878 11.0626751363
17016 11.0386048215
17099 10.9441696885
17205 10.9030112254
17227 10.8409468750
17252 10.7891708185
17316 10.7885572562
17452 10.7785988499
17502 10.7352872024
17587 10.6097086535
17805 10.5894873404
17903 10.5664356170
17933 10.4993399408
18079 10.3546764184
18290 10.3201118168
18492 10.2648588520
18524 10.2361177844
18527 10.1928973390
18553 10.1444452356
18586 10.0093858879
18617 9.9418680798
18889 9.8144166361
19031 9.7958779744
19108 9.7913247384
19206 9.7030697133
19257 9.6237373199
19259 9.5861441568
19504 9.5856749085
19602 9.4905395130
19621 9.4697405315
19649 9.4632782719
19690 9.4342166445
19716 9.4283740715
19749 9.4039624025
19800 9.3780943739
19826 9.3379672235
20064 9.3284075322
20070 9.3203641778
20074 9.2793080639
20243 9.2494366739
20396 9.1337785826
20437 9.1037659350
20471 9.0940548921
20487 9.0783217083
20540 9.0690027530
20640 9.0295187697
20707 9.0092968616
20752 9.0045258167
20767 8.9713376845
20792 8.9662928982
20882 8.9617001608
20893 8.8191466836
21039 8.8094256988
21221 8.7142695945
21563 8.5951958939
21719 8.4383687335
21979 8.3957489630
22003 8.2981681082
22056 8.2871546723
22299 8.2562206259
22356 8.1379519020
22523 8.0607680341
22684 7.9991747162
22802 7.9421244830
22948 7.9139686701
22965 7.9053263526
23015 7.8940484167
23068 7.8812119061
23105 7.8471981246
23141 7.8252408053
23264 7.6517045193
23351 7.6163676942
23421 7.6002407621
23484 7.5561194788
23567 7.4872977529
23824 7.4751743630
23835 7.4489068827
23964 7.2984831688
24057 7.1937573010
24142 7.1133417859
24215 7.0768010149
24252 7.0741686116
24280 7.0672824705
24282 7.0575892516
24395 6.9561540227
24638 6.9016043172
24854 6.8640554224
24879 6.8564444777
24921 6.8127194493
24931 6.8079025773
24984 6.5504767271
25433 6.5189581035
25505 6.5159534049
25509 6.4823736090
25596 6.4682479027
25604 6.4379363344
25703 6.3421317140
25757 6.3329731274
25798 6.3225086722
25816 6.3068409577
25912 6.2434047730
26056 6.2398876074
26058 6.2297495166
26245 6.1347270367
26364 6.0995439707
26401 6.0991432329
26475 6.0916321347
26505 6.0711733035
26575 6.0531328123
26621 6.0183475690
26710 5.9899481369
26720 5.8950767464
26811 5.8448593300
26843 5.8238641747
26914 5.8017856068
26936 5.7948782616
26955 5.7748135250
27036 5.7338108456
27242 5.7157538096
27257 5.7140815371
27293 5.6916838584
27295 5.6268459299
27329 5.6159907209
27373 5.5593026599
27523 5.5524875936
27557 5.5045587031
27593 5.4959134467
27846 5.3953180911
27853 5.3606033675
27938 5.3253398511
27961 5.2823697113
28079 5.2713851180
28159 5.2214120165
28210 5.1993246640
28442 5.0799733565
28454 4.9319491658
28560 4.9222698031
28866 4.9051558833
28893 4.8791868513
28897 4.8753772617
28912 4.8495338672
28988 4.8473288759
29069 4.7364819422
29292 4.7081976420
29294 4.7002193744
29337 4.6493349780
29421 4.6000962466
29429 4.4606653294
29581 4.4222947417
29712 4.3627642665
29776 4.2828458723
29862 4.2807841455
29878 4.2198072960
30082 4.1522055715
30313 4.0644915456
30365 4.0387929079
30402 4.0232374262
30527 4.0188006564
30539 3.9971086578
30563 3.9321413369
30639 3.9186686819
30646 3.9018546332
30799 3.8634024820
30847 3.8197098311
30852 3.6902774120
31043 3.6418012603
31062 3.6109016047
31098 3.6004721183
31119 3.5767623845
31201 3.5045624070
31264 3.4591689921
31321 3.4155233439
31655 3.3971219786
31734 3.3312231028
31777 3.2999191400
31804 3.2817843832
31809 3.2355787969
31930 3.2094404083
31939 3.2052005227
32079 3.1304494767
32083 3.0857031539
32091 3.0269809705
32161 3.0085881640
32361 2.9392252768
32520 2.9278102067
32592 2.8234831246
32618 2.6847704139
32850 2.6621272580
32852 2.6522303232
32865 2.6345051144
32909 2.5981935480
33308 2.5630958554
33309 2.5501484585
33316 2.4432339711
33402 2.3457221219
33505 2.3195042851
33543 2.2776072230
33608 2.2637354559
33633 2.2469045013
33808 2.1702915290
33874 2.1230876896
34074 2.0947422462
34122 2.0198032734
34309 2.0039922363
34439 1.9529411277
34523 1.9514493982
34575 1.8997988660
34600 1.8950866879
34681 1.8450759774
34745 1.8222845757
34843 1.7913443140
34852 1.7754564824
34952 1.7575851869
34995 1.7545432803
35002 1.7201412904
35072 1.7071967194
35122 1.6671153215
35223 1.6373364604
35239 1.6215500034
35244 1.6192482803
35249 1.5683600245
35287 1.5680016998
35619 1.4546734309
35648 1.4189565575
35688 1.3219353063
35943 1.1706904182
36235 1.1400226359
36247 1.1052806715
36393 1.0989675436
36500 1.0989330996
36518 1.0985811069
36721 1.0669495830
36724 1.0420128467
36754 1.0065830526
36793 0.9627555960
36842 0.9448913403
36849 0.8798162892
36919 0.8735554624
36954 0.8149102711
37427 0.7997637581
37541 0.7632539115
37750 0.6990419441
37846 0.6836529480
37852 0.6785422641
37874 0.6690981694
37889 0.6321509441
38017 0.6201916467
38029 0.5744420171
38289 0.5596182661
38369 0.5568085420
38417 0.5459471036
38469 0.5088518454
38537 0.5079318257
38539 0.4659004464
38660 0.4639585381
38768 0.4606898071
38898 0.4493449665
39039 0.4453359340
39047 0.4357137804
39101 0.4112144255
39357 0.4057517934
39441 0.3991586241
39507 0.3767398276
39643 0.3474732637
39880 0.3303371568
39920 0.3013429645
39998 0.2944257563
40079 0.2794621448
40093 0.2686451278
40266 0.2401154321
40373 0.2371967067
40439 0.2321075950
40470 0.2191066361
40525 0.1799481815
40785 0.1767167523
40900 0.1744094907
40905 0.1614652030
41017 0.1494707540
41081 0.1460860149
41240 0.1329088294
41363 0.1273506340
41376 0.1159820126
41601 0.1132132578
41699 0.1130133981
41729 0.1076629729
41759 0.1045839503
41797 0.1015741635
41815 0.0998473117
41850 0.0815054602
41909 0.0784615767
42054 0.0616755388
42388 0.0555546305
42499 0.0509778142
42602 0.0480254811
42654 0.0473959770
42769 0.0427984872
42805 0.0333620165
42899 0.0318286966
42980 0.0296156558
43032 0.0274268634
43069 0.0222483252
43245 0.0195963906
43296 0.0181164545
43469 0.0154619534
43718 0.0153456195
43752 0.0146636931
43828 0.0137108280
43864 0.0127549796
43928 0.0118545862
44020 0.0096000987
44162 0.0091089605
44207 0.0090471380
44209 0.0059852297
44324 0.0047191382
44538 0.0043802273
44596 0.0041973229
44618 0.0039750978
44644 0.0038532589
44717 0.0032555805
44867 0.0031941390
44882 0.0029812908
44884 0.0027602293
44893 0.0022788210
44925 0.0019671785
44989 0.0018608494
45104 0.0018147360
45107 0.0017531801
45109 0.0016793217
45115 0.0012696341
45246 0.0012339832
45266 0.0012270140
45379 0.0010544950
45521 0.0005950522
45567 0.0005712326
45613 0.0005515043
45689 0.0004218165
45877 0.0003481675
45907 0.0002706549
46136 0.0002693487
46169 0.0002607133
46175 0.0002148885
46216 0.0001861491
46321 0.0001622047
46354 0.0001591537
46383 0.0001358300
46399 0.0000818498
46458 0.0000796586
46561 0.0000778531
46606 0.0000644886
46754 0.0000595541
46849 0.0000541048
46882 0.0000535516
46884 0.0000490804
46955 0.0000288214
47072 0.0000253833
47220 0.0000242369
47243 0.0000220288
47333 0.0000189196
47456 0.0000173938
47484 0.0000168074
47505 0.0000161768
47530 0.0000118501
47580 0.0000114300
47599 0.0000067972
47681 0.0000063727
47696 0.0000057234
47792 0.0000042904
47878 0.0000041542
47940 0.0000038809
47962 0.0000033274
48024 0.0000030790
48097 0.0000029170
48131 0.0000026854
48135 0.0000018560
48203 0.0000018155
48220 0.0000015128
48395 0.0000012933
48400 0.0000009966
48527 0.0000009768
48538 0.0000009581
48602 0.0000008425
48617 0.0000006593
48668 0.0000006244
48698 0.0000005832
48756 0.0000004759
48826 0.0000004647
48835 0.0000003384
48891 0.0000003181
48923 0.0000002599
48952 0.0000002578
49054 0.0000002132
49068 0.0000001794
49097 0.0000001519
49155 0.0000001206
49311 0.0000000737
49487 0.0000000718
49506 0.0000000689
49509 0.0000000625
49540 0.0000000499
49602 0.0000000404
49695 0.0000000367
49718 0.0000000306
49738 0.0000000299
49750 0.0000000257
49768 0.0000000243
49852 0.0000000188
49888 0.0000000139
50037 0.0000000137
50047 0.0000000132
50068 0.0000000106
50115 0.0000000086
50135 0.0000000066
50245 0.0000000060
50288 0.0000000059
50311 0.0000000058
50328 0.0000000057
50360 0.0000000044
50390 0.0000000038
50506 0.0000000033
50529 0.0000000032
50538 0.0000000030
50555 0.0000000029
50562 0.0000000016
50866 0.0000000014
50897 0.0000000013
50935 0.0000000010
51107 0.0000000009
51151 0.0000000007
51199 0.0000000005
51366 0.0000000004
51408 0.0000000004
51417 0.0000000004
51444 0.0000000002
51583 0.0000000002
51664 0.0000000002
51698 0.0000000001
51732 0.0000000001
51777 0.0000000001
51797 0.0000000001
52039 0.0000000001
52107 0.0000000001
52115 0.0000000000
52134 0.0000000000
52144 0.0000000000
52250 0.0000000000
52262 0.0000000000
52298 0.0000000000
52352 0.0000000000
52369 0.0000000000
52410 0.0000000000
52453 0.0000000000
52508 0.0000000000
52536 0.0000000000
52579 0.0000000000
52601 0.0000000000
52659 0.0000000000
52705 0.0000000000
52773 0.0000000000
52884 0.0000000000
52895 0.0000000000
52914 0.0000000000
52931 0.0000000000
53006 0.0000000000
53033 0.0000000000
53071 0.0000000000
53196 0.0000000000
53317 0.0000000000
53326 0.0000000000
53397 0.0000000000
53413 0.0000000000
53435 0.0000000000
53441 0.0000000000
53511 0.0000000000
53544 0.0000000000
53764 0.0000000000
53868 0.0000000000
53894 0.0000000000
53953 0.0000000000
54136 0.0000000000
54176 0.0000000000
54202 0.0000000000
54215 0.0000000000
54250 0.0000000000
54329 0.0000000000
54390 0.0000000000
54503 0.0000000000
54924 0.0000000000
55239 0.0000000000
evaluations raw_y
1 590869.3095382339
3 420685.5328639210
12 359276.8359599125
17 257351.9076836765
18 189961.4020892339
48 105738.6923557720
71 57396.4001749687
144 23412.5964009662
198 20656.4037420939
403 13425.3856474497
497 7328.7622745437
558 7061.3504912131
589 6917.8900359105
728 4389.9382674800
791 4372.9016989673
823 3897.7570692906
825 3092.6818561868
850 2457.1386191694
873 2251.8706353309
885 1883.7917799909
904 1369.7025035829
943 1343.9352548922
1011 1067.9536120210
1079 874.7040039950
1106 734.7282126129
1145 585.7548299159
1274 360.7332788950
1507 321.9233113013
1606 279.2574238904
1734 218.9627773588
1743 215.3532656424
1899 200.9841121284
1930 162.1834553905
2145 138.8178032415
2336 111.0782230025
2393 95.7086283836
2447 81.7867610949
2626 73.0002670609
2664 59.6845248494
2702 50.1310330181
2782 50.0995191067
2786 42.0954924805
2946 38.6070467510
2983 36.8617928682
3016 36.4527444777
3054 33.6735951477
3056 33.3431166752
3064 33.1686485867
3099 31.4211991579
3109 28.4535931555
3112 28.1466629166
3152 25.2307854869
3286 24.7660941373
3333 24.3494919191
3392 23.3140659059
3394 22.8171886442
3425 21.5321118651
3481 21.1483492020
3506 20.9519100903
3631 20.4319361398
3690 19.9799336433
3707 19.7595420001
3711 19.7450386056
3726 19.4999618018
3757 18.9379643870
3903 18.8756217356
3926 18.8000457394
4026 18.7627398633
4050 18.6357454950
4122 18.4866387879
4232 18.4141417712
4276 18.4076682472
4280 18.3850989896
4309 18.3785319811
4356 18.3238153259
4382 18.3217945434
4391 18.2937451891
4396 18.2625932525
4430 18.2198456194
4488 18.2179076813
4522 18.2033461235
4574 18.1880624478
4577 18.1725637507
4649 18.1722421542
4664 18.1599745756
4729 18.1411573752
4750 18.1316110960
4774 18.1056923586
5003 17.9786055011
5294 17.8946109055
5424 17.8380612924
5485 17.7528085890
5814 17.4351849018
5856 17.3601856284
5951 17.3071585654
6103 17.2385785560
6105 17.1150132442
6214 17.0840657261
6238 17.0305550111
6275 16.9713775203
6332 16.9178157619
6366 16.8464831289
6464 16.8269410433
6499 16.7923923354
6505 16.7871231933
6533 16.7666724422
6546 16.7346398106
6560 16.6869685215
6577 16.6375408156
6619 16.5806637710
6685 16.5330884372
6958 16.4464530887
7096 16.4390503947
7157 16.3012491891
7256 16.2787904985
7297 16.1219646030
7317 16.1133456842
7464 16.0367039874
7500 15.9339898569
7567 15.8851145862
7653 15.7703239765
7853 15.5521828521
8114 15.5143431370
8197 15.5006158172
8245 15.4955563332
8259 15.4857401954
8270 15.3164453447
8398 15.1602674332
8506 15.0634469210
8542 14.9506370347
8695 14.8967360434
8940 14.8903771536
9025 14.6881885553
9108 14.5808758097
9141 14.5689184262
9204 14.5666927731
9214 14.5299935862
9273 14.3954238291
9333 14.3813761574
9538 14.3513211106
9612 14.2859522570
9678 14.2370889712
9696 14.1227397677
9737 14.0919542961
9832 14.0464083957
9883 13.9866710840
10052 13.9196388035
10100 13.9014167706
10156 13.8699128901
10271 13.8617103164
10289 13.8409224736
10299 13.8297272658
10338 13.8267991269
10412 13.8034022324
10501 13.7262671769
10698 13.6187156643
10763 13.5586792621
10875 13.5537225569
10888 13.5327926191
11043 13.4531158066
11091 13.3758716361
11122 13.3347509462
11310 13.2918451611
11503 13.2567193642
11613 13.1469009114
11625 13.0670149051
11775 12.9277579617
11975 12.9243479376
12235 12.8456568806
12287 12.8338903795
12447 12.6861610548
12557 12.6073020220
12843 12.5730949775
12853 12.5103392423
12855 12.4612442390
12858 12.3998690342
12901 12.3882737305
12917 12.3453660050
12958 12.3021872768
12974 12.2135477616
13249 12.0977087784
13454 12.0777119212
13583 12.0412656103
13624 12.0320208260
13675 12.0284106233
13684 11.9978400616
13746 11.8814284428
13785 11.8576081945
13856 11.8528382531
13871 11.8337208392
13897 11.8280565491
13925 11.7652314193
14081 11.5589204017
14552 11.4828979332
14797 11.4568105272
14828 11.4225854060
14899 11.4036665491
14981 11.3473049279
15006 11.0913019570
15195 11.0465660359
15201 11.0403672728
15204 11.0374982520
15248 10.9363571891
15436 10.8845696350
15618 10.8811322275
15705 10.7398925108
15871 10.6647350416
16004 10.4505056740
16189 10.4330516926
16501 10.3688888741
16688 10.3389201571
16762 10.3365158027
16791 10.2750082656
16820 10.2729213148
16835 10.1974635488
16943 10.1066000036
17016 10.1008136195
17075 10.0845760227
17081 10.0582401001
17117 10.0324666789
17127 10.0230476443
17231 10.0002255185
17280 9.8954418574
17721 9.8834931054
17750 9.7069643561
17995 9.6955839334
18176 9.6804705779
18198 9.6073015922
18281 9.5986289693
18298 9.5665723446
18345 9.4928424990
18369 9.4906341741
18372 9.4756009642
18377 9.4574593685
18410 9.4266721239
18483 9.3384775423
18808 9.2694886821
18933 9.2241911351
18991 9.1563634228
19067 9.1054230583
19106 9.0704842791
19147 8.9573316413
19463 8.9535113784
19490 8.9458983034
19552 8.9366785372
19557 8.9066066841
19571 8.8668000245
19634 8.7903700751
19643 8.7813237729
19791 8.7730147689
19856 8.7722477752
19891 8.7503187038
19896 8.7494681074
19905 8.7265505271
19914 8.6901119890
19938 8.6776232147
19946 8.6600369388
20033 8.6042802234
20058 8.5600781702
20156 8.5532277492
20196 8.5270868289
20211 8.5064968545
20312 8.4857337704
20332 8.4262612864
20413 8.3417042702
20780 8.3183548582
20789 8.3009885630
20830 8.2385204666
20951 8.2177166619
21021 8.1848979992
21026 8.1297862135
21095 8.1164809401
21164 8.0556873915
21285 8.0431552979
21301 7.9922828754
21380 7.9797681649
21421 7.9233734284
21731 7.9156878956
21743 7.9144084733
21794 7.8973818422
21805 7.8630341359
21832 7.8598499699
21883 7.8219458405
21936 7.7637081554
22060 7.7527656709
22162 7.6688441794
22275 7.6603221533
22337 7.5841799115
22396 7.5352834235
22478 7.4838309645
22847 7.3045664300
22940 7.3003868944
23419 7.2569045230
23425 7.2440746779
23466 7.1979722173
23472 7.0826840908
23508 7.0782554802
23558 6.9689375303
23612 6.9671552446
23625 6.9425335095
23788 6.8652175242
23917 6.8337638689
23978 6.8242040749
24102 6.8191757171
24137 6.7552847517
24160 6.7513992553
24204 6.6483048046
24435 6.6398091055
24523 6.5617144754
24571 6.5457300870
24662 6.4003099966
24900 6.2184596565
25092 6.2035541723
25239 6.1970226364
25244 6.1778761822
25253 6.1274602871
25323 6.1101923210
25365 6.0657200484
25369 5.9503269087
25594 5.9389972282
25701 5.8920053786
25732 5.8330349191
25894 5.6041791031
26243 5.5098479117
26344 5.4275434622
26380 5.4271028969
26566 5.3183865745
26665 5.2437768215
26896 5.2217169326
26956 5.2010311454
26970 5.1588101264
27007 5.1536798276
27022 5.0297151038
27184 5.0130632348
27233 4.9985631001
27280 4.8783938992
27545 4.8469367657
27551 4.7721933802
27924 4.6186133810
28032 4.5126834658
28214 4.4864616089
28236 4.4484313223
28278 4.4235164996
28397 4.4141389347
28459 4.3607625976
28632 4.3343029154
28633 4.3310006864
28657 4.3036055710
28753 4.2201978347
28818 4.1991330018
28851 4.1490173741
28926 3.9807606688
29329 3.8973533046
29376 3.8715735048
29423 3.8225100701
29478 3.7857410407
29641 3.7692321143
29686 3.7458250384
29710 3.6966875345
29727 3.6642522850
29756 3.6228828299
29784 3.5743588604
29816 3.5721311356
29905 3.5316637697
29948 3.5139745415
30010 3.4818199676
30109 3.3763348110
30242 3.3718533843
30348 3.3505917132
30403 3.2021970508
30771 3.0945799712
30988 3.0681919382
30999 3.0290570619
31063 3.0152378697
31119 3.0128874731
31267 2.9516615136
31339 2.9452605414
31373 2.9449984073
31390 2.9100374497
31394 2.8966342711
31500 2.8939525488
31552 2.8121254245
31640 2.7972955806
31702 2.7635093685
31789 2.7383868886
31837 2.6796740995
31937 2.6667675439
31986 2.6643124291
32032 2.6119560315
32130 2.5034283878
32259 2.5025140403
32321 2.4848164019
32349 2.4781115687
32386 2.4733069070
32396 2.4433229606
32409 2.3982944866
32607 2.3108018152
32746 2.2975313139
32819 2.2938302170
32891 2.2798574462
32892 2.2597004746
32916 2.2124094577
32969 2.1309791640
33091 2.1253422717
33116 2.0635564138
33134 2.0077893391
33354 2.0058883087
33359 2.0055702494
33394 1.9163357543
33549 1.8426597257
33690 1.8075750740
33783 1.8073529542
33800 1.7477457442
34047 1.7187674957
34100 1.6531103250
34102 1.5911287858
34261 1.5669697456
34461 1.5165827361
34656 1.4596585894
34743 1.3299045891
34913 1.2526135031
34998 1.2433286284
35387 1.1199804270
35462 1.0906331632
35571 1.0218789573
35639 1.0053041888
35831 0.9439193900
35949 0.9169740314
35971 0.9152578480
36021 0.8977626335
36094 0.8968558226
36120 0.8902255545
36194 0.8894344556
36257 0.8652159367
36273 0.8628147321
36296 0.8568045337
36333 0.7740603189
36455 0.7664287354
36505 0.7584416110
36543 0.7574640503
36585 0.7450372927
36590 0.7313917547
36615 0.7104124697
36809 0.6912844032
36843 0.6895390614
36958 0.6871021274
36993 0.6822208558
36996 0.6783141752
37038 0.6676503238
37190 0.6648275264
37203 0.6540503764
37213 0.6388644531
37281 0.6330065961
37313 0.5847189376
37373 0.5756298548
37412 0.5403238143
37820 0.5021642043
38199 0.4878486260
38244 0.4574191292
38337 0.4079591848
38614 0.4031694342
38654 0.3999130582
38718 0.3643920141
38777 0.3519939066
38815 0.3288456620
38985 0.3262302716
38992 0.3210285769
39020 0.3114337719
39169 0.3002529485
39177 0.2982433590
39285 0.2790143046
39328 0.2769824651
39347 0.2622687827
39431 0.2618627942
39512 0.2538599546
39630 0.2530290059
39680 0.2475633264
39747 0.2378631070
39781 0.2253839607
39790 0.2218894594
39809 0.2053160139
39897 0.1833931167
39947 0.1711577704
39989 0.1694770724
39993 0.1564602941
40331 0.1465678321
40598 0.1452490425
40617 0.1413634162
40666 0.1294215745
40743 0.1199842148
40886 0.1142474986
40903 0.1110196038
40983 0.1106851995
40995 0.1094371947
41022 0.1069083362
41033 0.1062230091
41057 0.1003450157
41103 0.0985590819
41237 0.0951270589
41243 0.0875884962
41324 0.0828024129
41345 0.0754519015
41593 0.0703810682
41660 0.0657122231
41661 0.0597526535
41685 0.0591218680
41770 0.0403178253
42124 0.0346705167
42306 0.0342837479
42314 0.0325897946
42339 0.0306981943
42402 0.0256895881
42455 0.0236815507
42567 0.0234514796
42572 0.0223331990
42610 0.0216076995
42631 0.0199943499
42729 0.0171667223
42764 0.0158310126
42824 0.0154957829
42862 0.0122765529
43127 0.0117928211
43145 0.0114651529
43192 0.0099635785
43274 0.0083341982
43391 0.0077901378
43466 0.0070133713
43469 0.0067718165
43500 0.0061179968
43533 0.0052291040
43603 0.0051071876
43904 0.0050599000
43942 0.0045727493
44027 0.0039493208
44110 0.0039403879
44179 0.0037860712
44226 0.0034789136
44233 0.0022405776
44436 0.0022053845
44463 0.0020919192
44497 0.0019024887
44515 0.0015789261
44527 0.0015670620
44632 0.0013826121
44693 0.0013480476
44805 0.0012059552
44924 0.0010745718
44928 0.0010616992
45041 0.0007722627
45183 0.0007487853
45233 0.0007034309
45252 0.0005790411
45253 0.0005777876
45294 0.0004010066
45458 0.0003402891
45461 0.0002982080
45583 0.0002370237
45665 0.0002082928
45696 0.0001843733
45746 0.0001172902
45880 0.0000970348
45964 0.0000858125
45986 0.0000624740
46082 0.0000458497
46341 0.0000316720
46545 0.0000298895
46576 0.0000297617
46581 0.0000259703
46637 0.0000252632
46640 0.0000240109
46672 0.0000203319
46683 0.0000192841
46696 0.0000168079
46708 0.0000161697
46742 0.0000129169
46765 0.0000125200
46789 0.0000110110
46835 0.0000084616
46913 0.0000070490
46992 0.0000063838
47071 0.0000063180
47089 0.0000055621
47129 0.0000054763
47138 0.0000042851
47156 0.0000040414
47173 0.0000038172
47246 0.0000029374
47268 0.0000028668
47354 0.0000025617
47437 0.0000025079
47491 0.0000020091
47512 0.0000017312
47558 0.0000016902
47579 0.0000016360
47593 0.0000012877
47665 0.0000008158
47949 0.0000006978
47961 0.0000004437
48093 0.0000004394
48097 0.0000003523
48140 0.0000003270
48216 0.0000003012
48245 0.0000002066
48312 0.0000002052
48378 0.0000001994
48382 0.0000001756
48511 0.0000001654
48538 0.0000000816
48594 0.0000000804
48675 0.0000000633
48747 0.0000000520
48780 0.0000000494
48805 0.0000000313
49004 0.0000000301
49045 0.0000000275
49190 0.0000000191
49243 0.0000000147
49476 0.0000000145
49480 0.0000000133
49495 0.0000000126
49547 0.0000000109
49565 0.0000000087
49653 0.0000000074
49673 0.0000000065
49695 0.0000000062
49849 0.0000000061
49867 0.0000000059
49928 0.0000000056
49929 0.0000000046
49938 0.0000000039
49994 0.0000000037
50084 0.0000000029
50137 0.0000000027
50178 0.0000000018
50256 0.0000000018
50290 0.0000000016
50380 0.0000000014
50500 0.0000000008
50637 0.0000000007
50660 0.0000000007
50674 0.0000000006
50718 0.0000000006
50797 0.0000000005
50809 0.0000000004
50832 0.0000000003
50966 0.0000000002
51019 0.0000000002
51081 0.0000000002
51143 0.0000000001
51325 0.0000000001
51344 0.0000000001
51368 0.0000000001
51381 0.0000000001
51402 0.0000000001
51411 0.0000000001
51499 0.0000000001
51501 0.0000000001
51553 0.0000000001
51581 0.0000000001
51597 0.0000000000
51689 0.0000000000
51690 0.0000000000
51725 0.0000000000
51748 0.0000000000
51799 0.0000000000
51834 0.0000000000
51843 0.0000000000
51887 0.0000000000
51935 0.0000000000
51964 0.0000000000
52017 0.0000000000
52027 0.0000000000
52130 0.0000000000
52152 0.0000000000
52153 0.0000000000
52402 0.0000000000
52414 0.0000000000
52425 0.0000000000
52606 0.0000000000
52814 0.0000000000
52842 0.0000000000
53122 0.0000000000
53132 0.0000000000
53137 0.0000000000
53157 0.0000000000
53170 0.0000000000
53195 0.0000000000
53216 0.0000000000
53283 0.0000000000
53299 0.0000000000
53316 0.0000000000
53337 0.0000000000
53512 0.0000000000
53514 0.0000000000
53519 0.0000000000
53528 0.0000000000
53554 0.0000000000
53712 0.0000000000
53965 0.0000000000
54033 0.0000000000
54090 0.0000000000
54109 0.0000000000
54170 0.0000000000
54329 0.0000000000
54544 0.0000000000
54635 0.0000000000
55052 0.0000000000
evaluations raw_y
1 1343285.8111623749
2 820153.3547128700
4 523409.9868866135
14 256982.6366766010
40 206235.1447603468
43 142791.1809900971
46 94597.3492188772
98 89784.1654997645
99 57020.0998852570
164 31306.6049211340
194 19853.3756232858
324 10878.5300467468
624 6445.4097645312
649 4907.7582587798
728 4220.9396231666
764 3956.0939412690
768 3203.5926220911
772 1722.1888118867
786 1592.9717572670
916 1472.6055132617
997 517.5501790735
1047 273.6677523452
1330 254.0517272134
1349 253.7174956134
1510 140.1167539092
1598 114.0860686081
1737 98.2980799286
1793 93.4914699944
1898 81.8134519058
1980 70.6416490936
2046 64.0329038280
2099 61.0347083159
2114 58.7698165069
2118 46.8681050943
2270 46.3489625531
2274 44.8215708893
2297 37.0731091765
2381 33.4204956633
2385 31.4658381310
2465 27.3625815236
2602 27.1026355172
2650 24.5159072755
2664 22.4082482973
2836 21.7934430094
2892 21.1895547261
2961 21.0315235038
2988 20.9697297610
3025 20.7335751266
3040 20.7042960575
3080 20.5709693110
3103 20.5256215035
3124 20.3884512712
3134 20.1706502247
3186 20.1182889803
3190 20.0401699929
3201 19.7798321352
3227 19.7783476199
3229 19.5078284446
3273 19.4598899315
3390 19.4471276319
3443 19.4470320942
3448 19.3855800397
3487 19.3562666167
3507 19.2725096798
3522 19.2289981767
3554 19.0337351186
3943 18.9872584876
3983 18.9207274678
4005 18.8564632675
4135 18.8103682793
4202 18.7988809721
4215 18.7949487596
4226 18.7856571138
4235 18.7666879892
4381 18.7242774403
4532 18.6742740379
4545 18.5549743848
4669 18.3822187499
4864 18.3813499474
4956 18.3281916408
4978 18.2884318915
4979 18.2845669767
5213 18.2628912968
5229 18.2389341967
5247 18.0119955161
5387 17.9884576784
5433 17.9375115687
5558 17.8892222267
5617 17.8463370872
5677 17.8130874060
5742 17.8029187380
5773 17.7570445580
5827 17.6264232483
5929 17.3954970686
6143 17.2916091170
6321 17.1919967139
6619 17.1601783998
6706 17.0125945177
6718 16.9035637205
6750 16.8250866478
6865 16.7634309004
6939 16.5924181272
7181 16.5691986390
7207 16.5624808472
7212 16.4965864795
7246 16.4732513785
7321 16.3826765770
7345 16.3401280233
7455 16.2785577373
7524 16.2513701218
7582 16.1777551331
7663 16.1373619884
7740 16.0800594858
7867 16.0716237102
7890 16.0694674317
7951 16.0309252549
7990 16.0022949728
8049 15.9959575819
8065 15.9030169549
8107 15.8966011527
8120 15.8237297014
8350 15.8191416555
8363 15.7006495040
8424 15.6251246807
8537 15.6210838881
8607 15.5256780193
8740 15.5186480501
8824 15.4740858356
8920 15.4569615424
8960 15.4565736521
8994 15.4076007392
9006 15.3438362301
9059 15.2941163614
9071 15.2940826162
9091 15.0676121381
9425 14.9599037186
9614 14.9475737003
9868 14.7683218546
9922 14.7628280344
9966 14.6522542807
10215 14.6037415698
10225 14.5885866794
10243 14.4764504283
10311 14.4653036962
10343 14.3639868753
10505 14.1817749199
10761 14.1518566407
10812 14.1132019214
10896 14.0877269959
10957 13.7992637586
11062 13.7699961299
11580 13.7395216653
11646 13.6885320550
11659 13.6058733545
11677 13.5957696730
11680 13.5790587272
11712 13.5637320664
11759 13.5553911499
11773 13.4530280502
11798 13.4452988839
11913 13.3553433383
12082 13.3159573033
12201 13.2060200283
12397 13.1394775382
12412 13.0612665258
12560 13.0576133959
12596 13.0412678935
12601 13.0099280280
12632 12.8665332628
12910 12.7393929592
13264 12.7144502552
13279 12.6404528441
13358 12.5767865491
13388 12.5135505184
13455 12.4199740161
13498 12.3851968891
13556 12.3225573546
13598 12.2898551008
13694 12.2681634574
13962 12.2624022356
14081 12.1699705832
14089 12.1266687117
14269 12.0714809760
14322 11.9621971628
14367 11.8966953872
14400 11.8951845704
14651 11.8280628219
14687 11.7900754576
14722 11.6505796492
14872 11.5414048222
14979 11.4869107282
15117 11.4724921335
15201 11.4442091812
15394 11.3858553324
15455 11.3408798985
15494 11.2717950456
15550 11.2544232731
15612 11.1196824311
15908 11.0582477235
15932 10.9359980850
16036 10.8909253831
16122 10.8535955469
16142 10.8268715220
16290 10.8220776339
16308 10.7798203667
16440 10.7563182445
16476 10.6627736726
16655 10.6032150168
16811 10.5207667473
16947 10.4536616447
17093 10.3612177154
17307 10.3315604887
17378 10.3141755117
17521 10.2454910882
17585 10.1070937574
17739 10.1063482099
17740 10.0816098848
17793 9.9199655407
17934 9.8619958289
18018 9.8402116201
18064 9.8239774220
18321 9.7876629435
18549 9.7082554347
18597 9.6473562785
18646 9.4282505058
18857 9.4173307353
18988 9.3600557220
19058 9.2800266645
19473 9.1788963320
19590 9.0647326947
19663 9.0250759429
19739 8.9951846700
19769 8.8294735376
20098 8.7911846831
20142 8.7848131735
20156 8.7261887258
20254 8.6990236631
20326 8.5348866606
20594 8.5141657917
20717 8.4882860622
20720 8.4254547425
20805 8.3403352854
20837 8.3393833166
20869 8.3262406254
20913 8.2804782762
21025 8.2732060636
21053 8.1949149083
21088 8.1327996355
21263 8.1034050575
21419 8.0038932968
21685 7.8816571354
21813 7.8086874891
21937 7.8051330504
21957 7.7501496495
22136 7.6941049766
22262 7.6672500108
22330 7.6448383889
22378 7.6239505436
22413 7.6165991541
22447 7.5816863074
22453 7.4715352587
22785 7.4697614800
22798 7.4603689001
22807 7.4399121158
22813 7.4061624946
22850 7.3783524855
23020 7.3542052079
23085 7.3019506347
23104 7.2141462561
23504 7.2042654477
23545 7.1201232888
23579 7.0976941407
23612 7.0151087692
23691 6.9613793204
23868 6.8877441575
23971 6.7702719244
24133 6.7679419860
24150 6.7027554462
24310 6.6700810309
24507 6.6392807586
24516 6.6290611897
24573 6.6114143531
24601 6.6083354840
24623 6.5936069598
24635 6.5913049453
24639 6.5689795412
24675 6.5464006929
24746 6.4696918939
24772 6.4615166967
24836 6.4379905357
24961 6.3433608211
25060 6.2710771704
25352 6.1652049017
25568 6.1315036136
25576 5.9937467872
25695 5.9920260584
25776 5.9905442946
25801 5.9475719299
25807 5.8684070199
25951 5.7014868962
26210 5.5955587639
26263 5.5951434503
26407 5.5593880849
26485 5.3630703086
26793 5.2310600799
26967 5.2217645949
26986 5.2046210134
27035 5.1421253593
27145 5.1261596771
27401 4.9576095854
27526 4.8492645854
27673 4.8354155916
27705 4.6761894342
28006 4.5702802824
28237 4.5240330617
28609 4.5110263992
28652 4.3828256342
28780 4.3677529845
28871 4.2688056998
28939 4.2549918607
28945 4.2040445676
29108 4.2038130845
29149 4.1425478205
29238 4.1067375143
29318 4.0927990828
29361 4.0145739485
29565 4.0061663268
29751 3.9222452679
29943 3.7255472272
30063 3.6014856609
30326 3.5949080106
30361 3.5863843762
30513 3.3769125923
30600 3.3118974064
30727 3.2895045497
30877 3.2516630092
31004 3.2220436305
31036 3.2203166173
31065 3.1463862857
31117 3.1261335394
31306 2.9970236966
31543 2.9801336440
31707 2.8961425920
31785 2.8111119881
31792 2.7741447392
32009 2.7691021378
32022 2.6748250364
32047 2.6653339754
32140 2.5385229771
32324 2.4804301529
32342 2.4785277913
32522 2.3844634376
32624 2.3772880682
32916 2.3224785479
32991 2.2979649413
33026 2.2427308984
33044 2.1908362365
33120 2.1683167131
33250 2.1030691269
33424 2.0417369926
33507 2.0014692302
33585 1.9213554878
33755 1.9033271795
33765 1.8283816804
33876 1.7886288960
33973 1.7863154802
33998 1.7390362626
34021 1.7143509248
34041 1.6831585455
34160 1.6489642097
34238 1.6432079176
34240 1.6090633262
34288 1.5638978432
34385 1.5572912273
34387 1.5210887147
34425 1.5075783132
34461 1.4908413447
34471 1.4140282903
34852 1.3923089058
34877 1.2520119263
35126 1.2402506558
35190 1.2281301121
35220 1.2223746285
35228 1.1451248495
35675 1.1448998139
35709 1.1314764274
35741 1.1235291976
35763 1.0951873695
35770 1.0425321352
35799 1.0342658152
35819 0.9610184890
35959 0.9126035816
36070 0.9005777129
36129 0.8508768653
36481 0.8283268286
36494 0.8202969175
36559 0.8024853186
36610 0.7844999668
36624 0.7504064369
36707 0.7047652444
36924 0.6843381872
36933 0.6496708902
36947 0.6039751304
37273 0.5878568105
37296 0.5812567769
37387 0.5690696384
37463 0.5362476876
37509 0.4915772795
37869 0.4792485282
37871 0.4789474957
37895 0.4572700985
37966 0.4384518400
38011 0.4093326203
38155 0.4082277299
38242 0.3759080096
38310 0.3469706661
38493 0.3416484236
38527 0.3244443797
38630 0.2955525221
38747 0.2673979632
38837 0.2637663570
38903 0.2583410340
39100 0.2582496002
39126 0.2433394268
39235 0.2354178353
39242 0.2073667049
39308 0.1994015595
39366 0.1916531613
39576 0.1646604434
39893 0.1491048445
40018 0.1444869891
40045 0.1432110334
40071 0.1343673359
40092 0.1324371063
40103 0.1290129243
40127 0.1268198240
40284 0.0993764283
40489 0.0971613603
40495 0.0874778560
40541 0.0794453150
40607 0.0730904671
40799 0.0716201353
40867 0.0675656755
41011 0.0669422486
41048 0.0586971053
41095 0.0497620204
41255 0.0422368253
41539 0.0415933501
41603 0.0394200004
41622 0.0392482991
41645 0.0377516640
41704 0.0338253268
41729 0.0329349434
41735 0.0317975441
41794 0.0280923150
41827 0.0271643764
41867 0.0240027193
41874 0.0239641279
41942 0.0237011720
41948 0.0234684011
41963 0.0230060682
41993 0.0222429581
42033 0.0156025607
42148 0.0144575381
42425 0.0131624985
42431 0.0128562304
42512 0.0120169495
42556 0.0100303948
42655 0.0083582268
42768 0.0075397446
42834 0.0073637553
42894 0.0058357231
43011 0.0052752612
43108 0.0050183152
43196 0.0048214619
43231 0.0040713954
43253 0.0040530342
43273 0.0039820469
43316 0.0030133353
43446 0.0026243353
43494 0.0023858693
43562 0.0022221521
43674 0.0020235350
43723 0.0020165506
43725 0.0019578257
43768 0.0018550000
43793 0.0012837205
43808 0.0012758294
43851 0.0011336793
43908 0.0010855282
43912 0.0009136261
43969 0.0008386119
43990 0.0008199556
44118 0.0007641070
44130 0.0006934395
44176 0.0004194300
44390 0.0003986556
44438 0.0003557102
44441 0.0003147329
44546 0.0002848785
44573 0.0002638913
44608 0.0001989019
44662 0.0001943156
44706 0.0001696136
44800 0.0001185980
44908 0.0001006927
44995 0.0000906057
45101 0.0000755382
45134 0.0000745067
45191 0.0000521630
45217 0.0000511418
45404 0.0000472605
45457 0.0000396941
45466 0.0000356919
45539 0.0000338445
45543 0.0000202088
45650 0.0000200207
45661 0.0000163211
45800 0.0000123727
45912 0.0000076637
45926 0.0000069333
46022 0.0000058683
46080 0.0000055053
46135 0.0000048389
46148 0.0000035159
46254 0.0000034278
46297 0.0000031018
46305 0.0000027112
46491 0.0000018996
46568 0.0000017761
46572 0.0000015289
46673 0.0000013346
46745 0.0000009899
46772 0.0000009508
46788 0.0000005690
47071 0.0000004137
47181 0.0000003393
47246 0.0000003046
47305 0.0000002431
47309 0.0000002419
47332 0.0000002167
47340 0.0000002112
47421 0.0000001384
47429 0.0000001118
47574 0.0000001027
47680 0.0000000961
47684 0.0000000865
47688 0.0000000775
47727 0.0000000705
47775 0.0000000684
47803 0.0000000651
47815 0.0000000582
47831 0.0000000490
47839 0.0000000454
47896 0.0000000339
47969 0.0000000227
48081 0.0000000220
48082 0.0000000214
48099 0.0000000164
48129 0.0000000163
48263 0.0000000136
48317 0.0000000100
48353 0.0000000094
48359 0.0000000066
48532 0.0000000064
48568 0.0000000063
48598 0.0000000062
48624 0.0000000053
48638 0.0000000052
48665 0.0000000047
48739 0.0000000044
48762 0.0000000033
48772 0.0000000032
48817 0.0000000029
48840 0.0000000029
48849 0.0000000020
48894 0.0000000020
48897 0.0000000016
48915 0.0000000016
49016 0.0000000014
49035 0.0000000011
49068 0.0000000009
49241 0.0000000007
49268 0.0000000007
49394 0.0000000006
49419 0.0000000006
49489 0.0000000004
49605 0.0000000003
49618 0.0000000003
49645 0.0000000002
49737 0.0000000002
49769 0.0000000002
49775 0.0000000002
49829 0.0000000002
49854 0.0000000001
49855 0.0000000001
49933 0.0000000001
50088 0.0000000001
50111 0.0000000001
50152 0.0000000000
50168 0.0000000000
50240 0.0000000000
50303 0.0000000000
50420 0.0000000000
50459 0.0000000000
50491 0.0000000000
50499 0.0000000000
50583 0.0000000000
50672 0.0000000000
50681 0.0000000000
50737 0.0000000000
50739 0.0000000000
50780 0.0000000000
50811 0.0000000000
50872 0.0000000000
50904 0.0000000000
50905 0.0000000000
50906 0.0000000000
50973 0.0000000000
50974 0.0000000000
51085 0.0000000000
51115 0.0000000000
51166 0.0000000000
51191 0.0000000000
51221 0.0000000000
51223 0.0000000000
51283 0.0000000000
51285 0.0000000000
51397 0.0000000000
51469 0.0000000000
51513 0.0000000000
51644 0.0000000000
51781 0.0000000000
51858 0.0000000000
51868 0.0000000000
51904 0.0000000000
51916 0.0000000000
51966 0.0000000000
52154 0.0000000000
52231 0.0000000000
52250 0.0000000000
52305 0.0000000000
52317 0.0000000000
52394 0.0000000000
52432 0.0000000000
52437 0.0000000000
52489 0.0000000000
52530 0.0000000000
52540 0.0000000000
52688 0.0000000000
52704 0.0000000000
52768 0.0000000000
52824 0.0000000000
52906 0.0000000000
52924 0.0000000000
52994 0.0000000000
53106 0.0000000000
53260 0.0000000000
53705 0.0000000000
54033 0.0000000000
evaluations raw_y
1 1638876.1887500284
3 658061.3532854834
4 558228.7823845753
5 510823.5908931785
10 491343.0944189948
12 328052.7370805701
17 316024.5200351076
18 193532.9182689933
43 178572.2326233307
52 153990.1681174667
75 85422.0325854185
113 70644.3007573605
137 67454.8292158962
139 47306.3000301018
147 44757.8688236274
166 41946.4525534445
174 40103.1879303357
233 37064.9353850410
283 14084.0759105229
478 13399.1774019511
623 6139.9421247842
668 6056.7092066705
722 6004.6853821464
764 3950.6999491958
797 1846.7511254222
891 1314.2352242125
974 1132.0280028937
1099 948.5128685977
1103 881.4212917900
1174 859.3651498352
1189 598.5286327500
1216 550.4927122584
1300 537.5860692464
1356 291.9449214692
1474 237.4127103552
1555 200.3566645650
1656 138.4592387356
1733 115.8281344818
1808 110.7999142081
1833 92.6653465798
1855 87.1073531902
1949 82.2332132427
1964 66.1389100185
2067 59.3235233054
2142 41.7691108636
2314 35.5863887575
2412 33.3552105785
2499 33.2359468889
2530 32.3460932402
2536 29.5765950978
2554 26.2182130462
2623 25.7993626402
2782 25.0722957053
2793 24.9758480544
2801 23.5820735462
2834 22.8310252639
2851 21.9653343500
2888 21.4426035776
2985 21.3907050037
3061 21.2304765899
3082 19.8420800236
3224 19.6865640655
3250 19.5422607956
3301 19.4584005361
3345 19.4473053319
3382 19.3527718473
3393 18.7125969752
3491 18.6152038256
3570 18.4892959637
3574 18.4430833965
3737 18.4238122060
3775 18.4115122683
3780 18.3874016625
3796 18.3685188636
3810 18.3380050855
3820 18.3136458562
3862 18.0925663836
4266 18.0462560641
4277 17.9938877344
4355 17.8532627901
4531 17.8383036170
4603 17.8029518420
4756 17.7706529373
4815 17.7318131523
4856 17.5885353347
4954 17.5159660585
5006 17.5139489961
5064 17.3524752583
5176 17.3308254115
5359 17.2185716067
5389 17.1824865449
5444 17.1184077760
5458 17.0386306854
5557 17.0072686600
5654 16.8042440348
5994 16.7434045705
6086 16.5631000784
6126 16.3813650428
6279 16.3315013093
6288 16.3118598654
6470 16.3004936420
6534 16.2665482873
6581 16.2168091738
6674 16.1249155959
6682 15.9765825701
6803 15.9219244155
6857 15.9164891719
6882 15.9095000425
6927 15.8789894941
7008 15.8085858003
7019 15.8043189973
7195 15.7299173236
7254 15.6729785229
7284 15.6585465271
7338 15.5068231612
7455 15.4437350041
7608 15.4254420451
7676 15.3038646270
7690 15.2791316455
7721 15.2557205024
7763 15.1845802192
8017 15.1018610671
8071 15.0263320237
8135 15.0235392619
8353 14.9639521597
8356 14.7632337968
8717 14.6456158337
8838 14.5655335444
8888 14.5155183597
9062 14.4124423382
9172 14.3703971072
9202 14.2570864921
9302 14.2155296882
9345 14.1988690076
9370 14.1736082151
9376 14.0732800861
9431 14.0677964277
9561 14.0048272347
9655 13.9519641864
9667 13.8868703634
9680 13.8153132365
9752 13.7573543760
9819 13.6757038282
9979 13.5757136029
10052 13.5304047044
10369 13.3226348990
10553 13.2911972764
10721 13.2904830525
10805 13.1914822564
10986 13.0761304223
11198 13.0204643227
11286 12.9436732630
11350 12.9191141539
11384 12.8134137054
11549 12.7859986983
11593 12.6358877233
11626 12.6234825906
11680 12.6187670311
11785 12.6021007476
11805 12.5943951609
11853 12.5496164554
11895 12.3655126750
11980 12.3581391376
12031 12.3376896548
12040 12.2547954316
12294 12.2510458958
12417 12.2340959050
12429 12.2216911947
12478 12.1859993775
12504 12.0529987619
12576 12.0396514094
12656 12.0323583099
12714 11.9982416395
12730 11.8568715493
12893 11.8453567360
12951 11.8122498244
13109 11.7929220587
13129 11.7561238175
13220 11.6695985118
13323 11.4924251956
13360 11.4571500854
13853 11.2779322228
14271 11.2683340734
14292 11.2616505704
14303 11.1738218629
14335 11.1083047298
14472 11.0755402168
14492 10.8737680879
14627 10.8566904558
14664 10.7679640751
14751 10.7132782815
14767 10.6813683834
14795 10.6601659045
14854 10.6544483495
14904 10.6499628036
14977 10.5855406498
15011 10.5131056345
15083 10.4358361017
15137 10.3693931363
15347 10.3447815434
15372 10.3375162343
15527 10.1942599767
15589 10.1635842288
15683 10.1402377096
15768 10.1394570000
15769 10.1297713840
15810 10.0543514996
15819 9.9251511154
15963 9.8523035028
16184 9.7972664300
16338 9.6837576822
16558 9.5722284938
16872 9.5504225820
17019 9.5401832741
17031 9.4696559215
17058 9.4092924362
17079 9.2876091764
17098 9.2554261357
17225 9.0372597240
17304 9.0324319864
17661 9.0040862734
17730 8.9874396027
17745 8.8944457531
18026 8.8383537649
18232 8.8074616825
18276 8.6889176161
18332 8.6415873190
18516 8.6083658049
18572 8.5515904900
18666 8.5267976948
18684 8.4325207448
18950 8.4155449829
18981 8.3866990028
19016 8.2766050934
19198 8.2650845655
19199 8.2585719032
19263 8.1628322105
19346 8.1594784773
19387 8.1154838763
19567 7.9474327674
19777 7.9285928386
19867 7.8897340690
19883 7.8624990022
19895 7.8136809994
20026 7.7770306314
20157 7.7681882941
20188 7.7120563037
20213 7.6839460769
20273 7.5671128493
20311 7.5626594124
20382 7.5046589430
20455 7.5004137423
20611 7.4953456272
20679 7.4549984398
20735 7.4461481694
20746 7.3928958003
20797 7.3229309870
20849 7.2900520186
20990 7.2740721660
21175 7.0625868793
21334 6.7823231698
21861 6.7494894786
21890 6.6958011538
21935 6.6230882612
21996 6.5889101114
22031 6.5417559071
22083 6.5090359620
22094 6.4843125909
22122 6.4437940352
22151 6.3831759984
22274 6.2758454692
22559 6.2673891904
22617 6.2609810800
22653 6.2425398039
22657 6.2151405846
22703 6.1890965515
22892 6.1814882908
22908 6.1635083183
22935 6.1355930571
22942 6.0687361348
22986 6.0414300678
23134 6.0289920994
23144 5.9881654293
23172 5.9807424362
23354 5.8716991513
23414 5.8638732090
23558 5.7987557876
23589 5.7986625960
23616 5.7625983780
23712 5.7085805090
23747 5.6873523897
23789 5.6493553168
24033 5.5222968715
24291 5.4602987032
24384 5.4401790361
24538 5.3655991511
24610 5.3241035907
24710 5.2822932894
24776 5.2365390096
24790 5.2186621610
24847 5.1631313702
24852 5.0814139126
24914 5.0576064508
25095 5.0134944168
25203 4.9416015980
25275 4.9061707333
25305 4.8078689833
25463 4.7955688678
25494 4.7348532460
25538 4.6907601003
26023 4.6098034888
26077 4.6005237365
26104 4.5793167506
26110 4.4273578699
26242 4.3031079211
26383 4.1711479038
26531 4.1607926997
26580 4.0815286042
26626 4.0384756356
26639 4.0222096346
26813 3.9410092140
26939 3.9075110539
27014 3.8730944708
27026 3.8595328260
27040 3.8276285586
27088 3.7494781879
27213 3.7461171187
27429 3.6957567357
27529 3.6538254757
27556 3.5025861726
27593 3.5024962557
27632 3.4712744950
27670 3.4068673342
27792 3.3855644538
27970 3.3802588601
28010 3.2710372073
28126 3.2268629125
28199 3.1790980587
28223 3.1126691877
28417 3.0832122915
28436 3.0415218865
28868 2.9551755237
28924 2.8877867959
29141 2.8557362999
29162 2.8265739606
29222 2.8209001292
29297 2.8064591074
29427 2.7981173517
29458 2.7954899938
29467 2.7158802228
29473 2.7138157104
29486 2.6693064082
29512 2.6628046979
29631 2.6518946938
29659 2.5093057768
29783 2.4427798261
29890 2.3683166223
30241 2.3339994171
30339 2.2258240132
30530 2.1946109527
30812 2.1647988776
30814 2.0726492394
30833 2.0353696811
30850 1.9926849471
30919 1.9627989094
31112 1.8794975650
31268 1.8133217689
31304 1.7991783819
31365 1.7849041576
31431 1.7522245829
31516 1.6764865737
31739 1.6588755602
31741 1.6519633077
31823 1.4810234999
32011 1.4535074411
32073 1.4274634236
32155 1.4005791779
32178 1.3805829465
32212 1.2744221777
32534 1.2600669026
32537 1.2395488040
32583 1.2043873961
32584 1.1918690226
32702 1.1811629343
32742 1.1253550991
32857 1.0571012638
32982 1.0519431878
33015 1.0373454236
33040 1.0168595945
33136 0.9728478095
33240 0.9323231488
33512 0.9047793877
33748 0.8213360259
33939 0.8121043324
33963 0.8029441874
34041 0.7796132986
34107 0.7711593246
34162 0.7629505401
34240 0.7057406432
34374 0.6858151935
34402 0.6857715768
34543 0.6686626378
34574 0.6463823661
34603 0.6191072912
34707 0.5924925443
34884 0.5703703806
34894 0.5688762252
34897 0.5469704347
34914 0.5204524569
35235 0.5109637638
35275 0.5101759472
35531 0.4548643652
35610 0.4343553562
35611 0.4037516960
35731 0.4000632347
35801 0.3415724687
36071 0.3265722671
36149 0.3133249849
36204 0.3066198595
36343 0.2908259088
36417 0.2875525423
36419 0.2728292451
36460 0.2723827175
36507 0.2695933160
36537 0.2682484977
36539 0.2457594764
36734 0.2158440749
36859 0.2112460953
36915 0.1887310127
37007 0.1668285920
37132 0.1636565937
37206 0.1585316360
37462 0.1390059434
37498 0.1358512620
37590 0.1145311971
37909 0.1104479210
37930 0.1015262596
38001 0.0961639446
38092 0.0882478634
38277 0.0842209331
38334 0.0810499489
38364 0.0744362055
38389 0.0731297611
38397 0.0731133648
38418 0.0727722636
38515 0.0694833650
38518 0.0623429607
38562 0.0566057347
38771 0.0525542037
38779 0.0407702104
39210 0.0388332335
39253 0.0348018726
39293 0.0322772690
39309 0.0313389146
39342 0.0301651151
39409 0.0275673473
39428 0.0270826955
39434 0.0264005195
39528 0.0210359948
39694 0.0183187019
39951 0.0142831423
40128 0.0130330655
40137 0.0103760743
40325 0.0090220492
40458 0.0070784073
40539 0.0067555070
40592 0.0065664206
40601 0.0053553899
40702 0.0046144949
40869 0.0030484821
40941 0.0027003081
41110 0.0022534075
41129 0.0020841355
41146 0.0018974476
41162 0.0018081229
41171 0.0016714984
41269 0.0016450808
41346 0.0014691211
41411 0.0013360094
41451 0.0011391987
41539 0.0009921084
41579 0.0007157045
41719 0.0006597957
41724 0.0004211628
42037 0.0003361469
42076 0.0003349862
42084 0.0002617505
42155 0.0002443927
42231 0.0001478012
42342 0.0001315239
42430 0.0001075062
42572 0.0000792515
42647 0.0000620543
42856 0.0000537367
42875 0.0000335149
42973 0.0000321371
43172 0.0000221941
43223 0.0000158616
43458 0.0000102509
43625 0.0000063105
43752 0.0000050045
43825 0.0000043719
44051 0.0000043639
44104 0.0000031770
44188 0.0000026140
44303 0.0000024489
44310 0.0000024448
44318 0.0000016541
44394 0.0000015196
44415 0.0000014888
44451 0.0000011513
44575 0.0000005140
44815 0.0000004423
44822 0.0000004315
44923 0.0000003459
44954 0.0000003033
44978 0.0000002964
44997 0.0000002397
45073 0.0000002259
45075 0.0000001916
45086 0.0000001572
45267 0.0000001502
45273 0.0000001501
45282 0.0000001409
45290 0.0000001272
45296 0.0000000821
45497 0.0000000730
45529 0.0000000709
45572 0.0000000617
45630 0.0000000422
45639 0.0000000367
45777 0.0000000321
45813 0.0000000249
46013 0.0000000153
46045 0.0000000148
46113 0.0000000098
46283 0.0000000092
46374 0.0000000088
46382 0.0000000085
46407 0.0000000083
46425 0.0000000059
46468 0.0000000034
46538 0.0000000034
46723 0.0000000022
46793 0.0000000015
46938 0.0000000012
46980 0.0000000011
47023 0.0000000011
47063 0.0000000011
47080 0.0000000011
47109 0.0000000010
47118 0.0000000009
47141 0.0000000007
47350 0.0000000006
47382 0.0000000005
47409 0.0000000005
47418 0.0000000004
47473 0.0000000004
47556 0.0000000003
47571 0.0000000003
47574 0.0000000002
47595 0.0000000002
47672 0.0000000002
47708 0.0000000002
47792 0.0000000001
47970 0.0000000001
48020 0.0000000001
48058 0.0000000001
48124 0.0000000000
48188 0.0000000000
48198 0.0000000000
48355 0.0000000000
48461 0.0000000000
48538 0.0000000000
48549 0.0000000000
48608 0.0000000000
48791 0.0000000000
48794 0.0000000000
48879 0.0000000000
49218 0.0000000000
49230 0.0000000000
49260 0.0000000000
49310 0.0000000000
49311 0.0000000000
49374 0.0000000000
49493 0.0000000000
49630 0.0000000000
49635 0.0000000000
49662 0.0000000000
49700 0.0000000000
49822 0.0000000000
50040 0.0000000000
50049 0.0000000000
50053 0.0000000000
50073 0.0000000000
50079 0.0000000000
50093 0.0000000000
50157 0.0000000000
50191 0.0000000000
50325 0.0000000000
50360 0.0000000000
50376 0.0000000000
50438 0.0000000000
50784 0.0000000000
50910 0.0000000000
51123 0.0000000000
51492 0.0000000000
51889 0.0000000000
evaluations raw_y
1 1293985.7860906634
3 237150.1086336375
27 187640.8135548044
32 182791.2401354163
34 179944.7695600310
38 122521.3709974930
40 111440.5534437386
67 72096.8101320850
113 66256.4583253244
115 52531.6636154845
140 50784.6967271146
149 48040.8057216311
163 30954.6909301180
174 28535.9015731950
184 25732.2237408003
219 11965.2165270582
554 9003.8302258049
616 7587.5798393645
658 6048.9989895728
713 5945.9582484999
720 4916.7236427080
746 4520.5472210988
773 2395.2171956374
825 1663.7104572706
1053 1374.3706536117
1072 707.0870576615
1276 626.4850146194
1286 603.8380336961
1393 515.0529369762
1419 492.4541775285
1446 411.7945947986
1478 263.4145768405
1583 263.3970342892
1719 205.4883555842
1769 169.1377639710
1843 155.9433424380
1855 95.0967524826
1938 72.7212231525
2108 69.0555430883
2116 57.3013536442
2188 49.4489031401
2283 48.8326581691
2331 45.5561059851
2336 40.1370752159
2360 38.5839237865
2411 34.6441073843
2423 32.2224567434
2514 29.4036876816
2559 27.8260858803
2613 24.7358491131
2720 24.4623672050
2740 24.2737305784
2864 22.3140154693
2941 22.2633376787
2948 22.0904350813
2981 20.7947413468
3113 19.9484973839
3180 19.9105923846
3235 19.9073637153
3277 19.9037963679
3282 19.6867233919
3354 19.4645109380
3433 19.4126938391
3484 19.3540911038
3514 19.3046078445
3532 19.1229681529
3638 19.0717373946
3662 19.0711430940
3705 18.9994946439
3738 18.9720642689
3763 18.9326154041
3776 18.8882537085
3886 18.8551807673
3927 18.7863689500
4024 18.7159458074
4423 18.7084406257
4424 18.6415829832
4438 18.5854620060
4627 18.5634115033
4628 18.5586062597
4669 18.5085577985
4700 18.4653042632
4702 18.4345294681
4771 18.3690427619
4831 18.3446293411
4952 18.1831190450
5212 17.9996618236
5431 17.8384165850
5537 17.7863765184
5557 17.7087661588
5604 17.6604778400
5649 17.5109613203
5850 17.4662663998
5962 17.2731200967
6417 17.0863064709
6566 16.9868815418
6643 16.8907045851
6709 16.8739371209
6782 16.7908807273
6830 16.7587457914
6960 16.7556181538
7099 16.6350053088
7235 16.5580443173
7305 16.4158004015
7390 16.3731206873
7448 16.3269189867
7475 16.2566993029
7506 16.1145002192
7577 16.1068514792
7704 16.0505692183
7821 15.9895241958
7963 15.9782004962
7996 15.8452720059
8064 15.7701349213
8185 15.7108428888
8414 15.5271974474
8440 15.5177135224
8647 15.4111705027
8729 15.2936171205
8831 15.2368656505
9009 15.1267620446
9288 15.0798210478
9344 15.0473342499
9357 15.0379488947
9399 14.9708674759
9433 14.8852894191
9552 14.8200123658
9594 14.8074954477
9720 14.6870838970
9913 14.6423022931
9972 14.5942321283
9983 14.5338786749
10101 14.5019083271
10242 14.3542679890
10248 14.2699502000
10533 14.1695230446
10761 14.1260272940
10764 14.0900343933
10816 14.0698229230
11011 14.0597263224
11035 14.0150794618
11079 13.8162994167
11194 13.8000212720
11341 13.7158382279
11492 13.7129405106
11548 13.7061599826
11554 13.6781242962
11582 13.5949640700
11593 13.5943474607
11757 13.5527683002
11762 13.5196911061
11776 13.4638016314
11780 13.3244916729
12111 13.1997264987
12194 13.1762202548
12282 13.1665838590
12420 13.1463095412
12426 13.1000874658
12508 13.0769353620
12582 13.0761481475
12621 13.0420525390
12661 13.0417157978
12691 13.0313753775
12695 12.8752975080
12795 12.8642706259
12960 12.8529222009
13013 12.8400250115
13027 12.8332673686
13081 12.8125096304
13093 12.7385224037
13117 12.7127729144
13184 12.6701245811
13404 12.6585310919
13500 12.6464009366
13569 12.5656649387
13684 12.5505332059
13741 12.5248295641
13749 12.4218567774
13826 12.4075963239
13887 12.4043813184
14170 12.3838815070
14220 12.3592591476
14231 12.3521166048
14284 12.2931675379
14317 12.2168894018
14444 12.2014466558
14452 12.1915559911
14572 12.1764021531
14652 12.1222412126
14718 12.0831731105
14802 12.0020059762
14861 11.9796789497
14912 11.9581389085
14959 11.9062675376
14967 11.8969004023
15096 11.8889635480
15128 11.8476538353
15157 11.7985699727
15334 11.7815955276
15406 11.7258754217
15586 11.7093096168
15594 11.7042654869
15658 11.6729456311
15662 11.6102886070
15731 11.5593895897
15849 11.4502237131
15881 11.4466676394
16023 11.3782359131
16096 11.3660970727
16140 11.3516940376
16295 11.2302689348
16458 11.2116695839
16542 11.2095448433
16550 11.1199370551
16612 11.0405134771
16768 11.0312056195
16955 11.0265213099
16957 11.0167285613
16958 10.9209977904
17022 10.8873987267
17079 10.8693166516
17152 10.7038370564
17277 10.6983162375
17302 10.6839891189
17374 10.6839633873
17395 10.6794677478
17512 10.5578115579
17526 10.5521618712
17553 10.5373258951
17574 10.5248758969
17627 10.5211997259
17651 10.5032012792
17711 10.3389940765
17735 10.2932032883
17910 10.2434846620
18052 10.2272311994
18154 10.2228447335
18209 10.2005201748
18251 10.1773359126
18289 10.1405485579
18290 10.0380965837
18486 9.9872906313
18520 9.9667848184
18541 9.9162425679
18650 9.8526549909
18820 9.8380576388
18842 9.7642138885
18901 9.7632762889
18922 9.7604622573
18937 9.7135218121
19166 9.6786105024
19228 9.6363268857
19238 9.6241179464
19341 9.5565004928
19475 9.5131599277
19497 9.4269482029
19564 9.3699831677
19662 9.2888974665
19674 9.2836166334
19794 9.2236992884
19891 9.2060930663
19904 9.1652792571
20006 9.0891233811
20104 9.0747063646
20242 9.0445506865
20260 9.0332953638
20267 8.9618947133
20307 8.8919617583
20502 8.8468303736
20772 8.8332273092
20776 8.7872780587
20779 8.7682434772
20800 8.6902384450
21108 8.6831855208
21116 8.6648434116
21176 8.6097452522
21295 8.5710264229
21307 8.5649090836
21314 8.5498870976
21458 8.5145216969
21498 8.4846908488
21515 8.4181878891
22000 8.3149203352
22050 8.2659662115
22152 8.2041675896
22255 8.1687841855
22266 8.1350431360
22387 8.0443134725
22581 7.8915751839
22803 7.8416621621
22827 7.8415250977
22844 7.8096854930
22878 7.7440732170
23003 7.6860686000
23141 7.6211079341
23319 7.6113115093
23347 7.4934804441
23537 7.3385559154
23796 7.3300083692
23882 7.2822277925
23936 7.2392513821
23982 7.2381744348
24094 7.2220708017
24095 7.1867765169
24186 7.1302784925
24245 7.0901408353
24334 7.0810978617
24388 7.0543557706
24431 7.0222470169
24587 6.9968606477
24646 6.9238893372
24808 6.8809289922
24843 6.8308685890
25219 6.7622271918
25260 6.6421766395
25411 6.6271328128
25636 6.4394886909
25787 6.2440441912
26107 6.1493399265
26265 6.0844044210
26367 6.0585079665
26391 6.0396577445
26422 5.9984007201
26496 5.9647731556
26555 5.9596532981
26575 5.9030852505
26675 5.8973746346
26698 5.8886723406
26703 5.8603757166
26768 5.8444333484
26789 5.8420213926
26830 5.7518871516
26921 5.7119096025
26983 5.6613578372
27216 5.6556653489
27256 5.6547985392
27313 5.6355528097
27316 5.5788771343
27479 5.5659388407
27519 5.5626310931
27588 5.5442530083
27635 5.5045446369
27675 5.3600741992
28167 5.3583918513
28235 5.1346436258
28471 5.1083185902
28503 4.9850220586
28752 4.8200399771
28904 4.6334977379
29283 4.5529713227
29330 4.5171663124
29390 4.4353887583
29600 4.4316494928
29618 4.4268316057
29665 4.4122727383
29735 4.3675854030
29744 4.2670553500
29841 4.1866748026
29911 4.1798469454
30045 4.1645307544
30152 4.1618090887
30173 4.1574410504
30215 4.1480496871
30219 3.9733347168
30542 3.9128181758
30700 3.9065031289
30752 3.9014454199
30818 3.8552417000
30862 3.8350627213
30915 3.7660108225
31048 3.7155105412
31146 3.6845613029
31193 3.5793013821
31568 3.5765313292
31724 3.5472164213
31750 3.5141472653
31789 3.4072620025
32034 3.3766290951
32046 3.2841488565
32251 3.2828461760
32269 3.2808409233
32282 3.2255894170
32343 3.2252149731
32350 3.1136695174
32699 3.0569023523
32746 2.9937667261
32849 2.9888834196
32906 2.8924252319
33050 2.8693359715
33143 2.6008943855
33667 2.4800093860
33744 2.4601056707
33921 2.3539386886
34184 2.2941750576
34214 2.2670672839
34236 2.2522825398
34270 2.2227256288
34389 2.2121493851
34391 2.2049991799
34480 2.0970888646
34572 2.0930006176
34592 2.0734133847
34647 2.0480312938
34675 2.0257539918
34873 1.9348869469
34946 1.9117782875
35024 1.8319728924
35165 1.8048482053
35298 1.7500004343
35589 1.7278076955
35652 1.6196908217
35888 1.5710855990
35938 1.4578645938
35940 1.4577016246
36366 1.3541069096
36522 1.3387898590
36559 1.2674528702
36792 1.2476478486
36873 1.1875634452
36896 1.1439062553
37013 1.1406872880
37083 1.1387192160
37096 1.0039506535
37464 0.9927587944
37491 0.9842696215
37524 0.9714324282
37529 0.9206775443
37652 0.9139310380
37666 0.9034841996
37667 0.8794334091
37735 0.8511175090
37741 0.8452229010
37843 0.8247603145
37927 0.8002034659
38032 0.7446394529
38033 0.7432845692
38080 0.7379463934
38262 0.7227915818
38288 0.7201717881
38298 0.6903562720
38460 0.6348369733
38472 0.6158933947
38696 0.6050208755
38772 0.5978219325
38958 0.5846958651
39112 0.5246367606
39182 0.5225053628
39280 0.5131848196
39286 0.4901145548
39314 0.4374836254
39393 0.4259237996
39525 0.4157496367
39544 0.4140109855
39549 0.3872349390
39597 0.3827767469
39645 0.3250506720
39815 0.2763090076
39937 0.2701718635
40091 0.2700447394
40145 0.2335929899
40229 0.2223662729
40371 0.2201206070
40439 0.2150000243
40494 0.2015242295
40545 0.1978637503
40558 0.1871869084
40626 0.1813251692
40712 0.1782633674
40721 0.1684763144
40790 0.1593606079
40823 0.1544609783
40897 0.1534812904
41032 0.1468860632
41048 0.1373199558
41225 0.1340391332
41393 0.1324766075
41456 0.1317798833
41468 0.1238093148
41487 0.1237943640
41497 0.1237330649
41513 0.1235803076
41519 0.1190639432
41550 0.1163217057
41591 0.1004492310
41666 0.0929209367
41710 0.0912856666
41761 0.0879964873
41774 0.0870901629
41803 0.0780379967
41867 0.0751987562
42291 0.0692966076
42435 0.0684177553
42438 0.0585677388
42491 0.0582166868
42590 0.0559250060
42664 0.0510229086
42668 0.0374789434
42734 0.0353918881
42820 0.0304986558
42855 0.0302147090
42967 0.0296841881
43008 0.0289944797
43023 0.0246184736
43065 0.0212206766
43136 0.0173433512
43351 0.0125540037
43576 0.0103865226
43711 0.0100514347
43737 0.0088718376
43797 0.0059244687
43913 0.0037285918
44182 0.0034618234
44268 0.0034406130
44363 0.0029191992
44389 0.0027250509
44426 0.0026510779
44507 0.0020219055
44535 0.0019869511
44548 0.0016343055
44608 0.0013867791
44763 0.0013609571
44855 0.0013222304
44961 0.0012380263
44979 0.0008088838
45033 0.0007882066
45188 0.0005603027
45191 0.0005420412
45256 0.0004810563
45292 0.0004802961
45337 0.0003712072
45356 0.0002935817
45605 0.0002888065
45635 0.0001348549
46014 0.0001193861
46102 0.0001024252
46214 0.0000602330
46413 0.0000580154
46495 0.0000491193
46538 0.0000274723
46758 0.0000213936
46837 0.0000152611
46964 0.0000113699
46988 0.0000111327
47056 0.0000105762
47065 0.0000104481
47069 0.0000103282
47088 0.0000088431
47149 0.0000084042
47198 0.0000070228
47219 0.0000068897
47299 0.0000046640
47339 0.0000042757
47376 0.0000032482
47522 0.0000025433
47597 0.0000012950
47804 0.0000008352
48026 0.0000006534
48068 0.0000004230
48237 0.0000002956
48397 0.0000002877
48462 0.0000002790
48473 0.0000001865
48485 0.0000001791
48589 0.0000001457
48623 0.0000001253
48739 0.0000001215
48746 0.0000001140
48806 0.0000000719
48879 0.0000000445
49036 0.0000000358
49092 0.0000000339
49117 0.0000000293
49134 0.0000000251
49219 0.0000000229
49261 0.0000000221
49281 0.0000000178
49299 0.0000000171
49341 0.0000000160
49365 0.0000000126
49381 0.0000000083
49492 0.0000000071
49530 0.0000000069
49532 0.0000000052
49777 0.0000000048
49825 0.0000000033
50020 0.0000000016
50310 0.0000000015
50312 0.0000000015
50313 0.0000000015
50319 0.0000000010
50381 0.0000000008
50460 0.0000000007
50465 0.0000000007
50469 0.0000000006
50503 0.0000000003
50765 0.0000000003
50808 0.0000000003
50838 0.0000000002
50840 0.0000000002
51038 0.0000000001
51041 0.0000000001
51096 0.0000000001
51147 0.0000000001
51211 0.0000000001
51365 0.0000000001
51520 0.0000000000
51556 0.0000000000
51716 0.0000000000
51739 0.0000000000
51747 0.0000000000
51786 0.0000000000
51796 0.0000000000
51826 0.0000000000
51918 0.0000000000
51949 0.0000000000
52011 0.0000000000
52040 0.0000000000
52066 0.0000000000
52099 0.0000000000
52129 0.0000000000
52197 0.0000000000
52253 0.0000000000
52303 0.0000000000
52320 0.0000000000
52375 0.0000000000
52389 0.0000000000
52396 0.0000000000
52427 0.0000000000
52485 0.0000000000
52491 0.0000000000
52510 0.0000000000
52527 0.0000000000
52587 0.0000000000
52641 0.0000000000
52794 0.0000000000
52819 0.0000000000
52837 0.0000000000
52845 0.0000000000
52847 0.0000000000
52983 0.0000000000
53139 0.0000000000
53174 0.0000000000
53250 0.0000000000
53323 0.0000000000
53346 0.0000000000
53427 0.0000000000
53442 0.0000000000
53484 0.0000000000
53571 0.0000000000
53597 0.0000000000
53645 0.0000000000
53822 0.0000000000
53869 0.0000000000
53996 0.0000000000
54046 0.0000000000
54166 0.0000000000
54295 0.0000000000
54801 0.0000000000
54928 0.0000000000
evaluations raw_y
1 1054381.1185496224
3 693215.4373722055
4 588107.8981848650
7 481403.2953493303
15 229694.1038202712
31 225646.4913025273
40 123193.2784108161
59 97634.0779583626
68 77856.0383303313
93 52556.8951204784
114 19494.1796688075
217 16798.7003711054
476 16467.6386805365
530 8822.9718614977
566 8761.8889541510
630 7271.9085385581
648 4171.3720737684
655 3223.9269704084
688 2350.9910976201
783 1840.2701785297
821 1297.1224915406
892 1238.9711539877
894 1233.3976581840
967 947.7406594487
1016 912.8646059925
1066 882.7462647721
1106 644.6032370822
1123 587.8197818195
1134 509.1553494246
1152 501.2170264836
1284 419.7906974180
1296 308.2192287023
1385 280.7723588077
1387 241.7192345749
1468 202.8665933574
1599 196.5492146129
1610 179.4489558803
1635 162.1742387854
1662 125.1124336568
1746 114.9096020932
1844 101.5921907056
1872 91.1348965927
1875 87.0167673629
1958 81.9371820862
1976 79.4255428265
2001 79.0158555958
2002 68.0966553142
2023 66.9454663755
2088 66.5442614933
2092 61.8281636256
2094 58.1197046251
2182 54.6687262412
2183 51.3098034994
2232 40.0365867374
2287 29.1362027578
2427 28.4960665825
2534 28.1354769542
2538 27.2287033780
2603 25.3317002147
2697 25.1281795206
2708 23.8920921776
2765 23.8849206777
2783 21.9945618039
2981 21.9266664708
3007 21.6183074731
3024 21.3027047444
3055 21.2225007630
3083 21.1518050652
3178 20.7481665324
3210 20.6684655695
3215 20.6333844499
3230 20.4936869407
3237 20.4533160279
3243 19.9904162011
3317 19.5207293056
3416 19.3082166488
3587 19.1730870781
3759 19.1669658211
3769 19.1585392755
3794 19.1264135733
3825 19.0839873111
3835 19.0722990768
3874 18.9993940078
4002 18.9941180331
4010 18.9916536258
4102 18.9032010796
4176 18.8703963308
4281 18.8482021594
4352 18.8087145654
4744 18.7548852289
4789 18.7337680386
4816 18.7157514651
4840 18.7061825004
4963 18.6787489976
4974 18.6377297321
4994 18.5558006043
5056 18.5275774844
5088 18.3797502699
5260 18.3095247299
5411 18.2355106863
5473 18.2172035575
5571 18.1372405300
5603 18.1332716507
5634 18.1024199638
5644 18.0408148082
5649 17.8930010166
5960 17.8577817526
5983 17.8183626968
6031 17.7311277116
6108 17.6898780904
6147 17.6519199409
6164 17.5620430394
6338 17.4437438638
6445 17.3872092969
6533 17.3059869944
6808 17.1635444962
6906 17.1135221819
6940 16.9822003521
7088 16.9677877583
7149 16.9491465414
7250 16.7375343334
7349 16.6719209455
7376 16.5873902583
7506 16.5450826914
7646 16.4068313331
7788 16.3818690235
7892 16.1535706601
7909 16.1492580730
8080 16.1407146193
8129 16.0561054245
8181 16.0370508536
8183 15.9940964893
8279 15.9299734009
8328 15.9096442351
8455 15.8411836527
8530 15.8179970323
8621 15.7415758605
8665 15.6745570706
8742 15.6644287472
8760 15.6598854205
8819 15.6071932369
8865 15.5733913841
9106 15.5174984060
9333 15.4946427984
9356 15.4747278866
9359 15.4458604732
9389 15.3830594361
9414 15.3743291292
9548 15.2263824496
9738 15.1794016468
9865 15.1452865714
10047 15.1265326883
10053 14.9919289965
10166 14.9035818797
10190 14.8949976841
10215 14.8866952452
10237 14.8673140652
10276 14.7417658690
10362 14.7146811044
10397 14.6929186726
10958 14.5750015351
10978 14.5708876225
10987 14.5249928087
10991 14.4578789605
11042 14.4571738361
11062 14.3513783723
11213 14.3249023054
11302 14.2471444144
11428 14.2024066801
11525 14.1300501238
11641 14.1187844638
11683 14.0422298821
11716 14.0301691890
11750 14.0034501894
11873 13.9253582728
11995 13.8245360080
12039 13.7698599618
12168 13.6781044278
12401 13.6279621877
12483 13.6217584090
12505 13.4744225898
12634 13.4395340588
12791 13.3686617782
12837 13.2695402391
13058 13.2615368849
13064 13.2196628831
13068 13.1827051845
13172 13.1714308028
13202 13.1609004016
13252 13.0328414696
13270 12.9975942026
13698 12.9438905784
13774 12.9316461650
13807 12.8467517124
13853 12.8083926984
13874 12.7092453590
14025 12.6610167522
14091 12.6486140432
14117 12.6464220683
14142 12.4852928352
14178 12.4379780356
14600 12.4232453484
14743 12.3756733130
14863 12.2257661824
14946 12.1550514363
15038 12.1172107509
15049 12.1166422694
15073 12.0599244100
15166 11.9728478404
15234 11.9634562723
15281 11.9624347984
15285 11.8351625149
15331 11.8127871735
15480 11.6015639319
15491 11.5987274802
15750 11.5778485196
15985 11.5615888612
15990 11.5199546858
16002 11.4362202387
16164 11.4011928993
16181 11.2185355203
16222 11.2035516140
16621 11.1362341498
16730 11.1346283087
16763 11.1220633271
16842 11.0347969225
16888 10.9899868759
16998 10.9868307928
17019 10.9676932935
17043 10.8993563767
17156 10.8613738743
17222 10.7720481148
17376 10.6327263232
17678 10.5529320849
17770 10.4828834480
17902 10.4714713639
18082 10.4711666370
18138 10.4397277824
18210 10.3832530139
18279 10.3506982224
18377 10.2826679223
18386 10.2627563821
18424 10.2009658955
18457 10.1283998266
18547 10.1197484097
18645 10.1141417044
18646 10.0310736033
18747 9.9526948580
18867 9.8295516982
19182 9.7464223108
19249 9.6802122969
19349 9.6699019110
19358 9.6412579138
19378 9.6228403771
19448 9.6053006426
19454 9.5333361161
19649 9.5278751285
19677 9.5121912009
19695 9.5084329261
19722 9.4932505268
19818 9.4797641031
19831 9.3945142180
19924 9.3906344726
19981 9.2987590169
20149 9.2206435936
20284 9.1997592922
20422 9.1900832490
20456 9.1838103544
20485 9.1310170515
20628 9.1130672606
20724 9.0145154304
21105 9.0055357348
21130 8.9240942181
21176 8.9195099541
21185 8.8953098877
21195 8.7527666710
21316 8.6722790538
21386 8.6545215848
21605 8.5618910435
21755 8.4346423841
21770 8.3892736053
22170 8.3807874565
22173 8.3012764061
22190 8.2555934339
22293 8.2449331214
22341 8.2135724288
22350 8.2034359573
22361 8.1347861150
22379 8.0746172506
22484 7.9595020134
22775 7.9215539570
23066 7.9083663321
23079 7.8827359797
23133 7.8244629738
23182 7.8066223679
23183 7.7403331534
23222 7.6483101540
23456 7.6354427830
23466 7.5646133235
23675 7.5605155517
23688 7.5183490199
23918 7.4908778994
24105 7.4326212026
24198 7.3770957782
24202 7.3624763377
24209 7.2561594617
24349 7.2458526307
24383 7.2388556332
24433 7.1456013789
24642 7.1244424905
24656 7.1156632248
24663 7.0882112630
24734 7.0796771241
24770 6.9114722851
24822 6.7878589812
25335 6.7765298566
25342 6.7200161062
25384 6.6700399282
25467 6.6006955707
25565 6.5728532364
25569 6.5669524637
25711 6.5464730630
25815 6.5322883427
25863 6.5010272758
25890 6.4909657914
25893 6.4552275393
25903 6.4460014990
25910 6.4247795507
26080 6.4218736028
26086 6.3952116877
26106 6.3947530856
26110 6.3654555890
26123 6.3121392140
26174 6.2735117454
26192 6.2497706030
26195 6.2192203825
26211 6.2075933624
26240 6.2035195932
26263 6.2003244917
26341 6.1517165872
26990 6.0164758126
27159 5.9991669347
27174 5.9757174333
27175 5.9081560365
27202 5.7975924283
27406 5.6082287612
27621 5.5387047833
27626 5.5366995196
27655 5.5011852664
27799 5.4881822980
27905 5.4116493390
28005 5.3606682482
28507 5.3505194639
28548 5.2534404786
28589 5.2522144195
28595 5.0948644336
28821 5.0815821404
28932 5.0628048769
28946 5.0205693951
29083 4.9816345841
29184 4.9547124003
29223 4.7917017788
29373 4.7474590800
29473 4.7096368281
29650 4.6659332218
29699 4.6534562720
29756 4.6012447809
29877 4.4830973572
29906 4.4801980047
29945 4.4282393970
29999 4.3976256030
30133 4.3968729663
30238 4.2555625443
30427 4.2294739913
30478 4.1814638134
30498 4.1678078142
30528 4.1655481837
30683 4.1294196520
30688 4.0788749488
30739 4.0018564646
30795 3.9719061186
30845 3.9042096210
30994 3.7801653569
31359 3.7097687208
31469 3.6953682711
31476 3.6086656542
31542 3.5532472732
31632 3.5224286405
31653 3.5181066035
31747 3.4845988631
31778 3.3993413029
31783 3.3450736125
31978 3.3324672221
31999 3.3025919164
32242 3.2485095692
32299 3.2462363880
32302 3.1715442862
32378 3.1174741400
32380 3.1102120535
32393 3.0883831100
32400 2.9933800229
32608 2.9348179872
32753 2.8719290954
32840 2.8238806207
32891 2.7944415357
32971 2.7440691484
32994 2.7062490997
33033 2.5218514608
33411 2.5205679602
33459 2.5150750229
33486 2.4848531125
33716 2.4336993860
33755 2.3303160608
33797 2.2641173923
33958 2.2483539208
34036 2.2376314263
34073 2.2114237582
34088 2.1825756484
34101 2.1517662396
34138 2.1430837848
34195 2.1158588580
34243 2.0129894787
34501 2.0012195102
34504 1.9759929563
34678 1.8768493453
34744 1.8732328479
34775 1.8647027074
34795 1.8353407134
34857 1.8083762432
34886 1.7466497503
34960 1.7223572147
35074 1.7067253068
35159 1.6388585321
35227 1.6090226674
35235 1.6069373991
35397 1.6038192646
35408 1.5904963151
35467 1.5805569342
35572 1.4758861489
35610 1.4425241547
35624 1.4354529985
35633 1.4347405206
35862 1.3874119164
36056 1.3427660387
36067 1.3341266663
36091 1.3256052193
36156 1.1830505217
36424 1.1201460171
36740 1.0926676454
36760 1.0881564278
36764 1.0733293486
36787 1.0388032323
36809 1.0362340345
36867 1.0278310359
36924 1.0223507500
36926 1.0212723071
37003 0.9991845351
37032 0.9606876029
37047 0.9180117971
37104 0.8745718847
37255 0.8412495727
37490 0.7882996689
37560 0.7744965347
37786 0.7680852579
37836 0.7341179010
37923 0.7135970220
38002 0.7107814545
38053 0.6898294855
38084 0.6628586230
38168 0.6405390856
38186 0.6397135834
38240 0.6369283684
38263 0.5973830461
38487 0.5529420420
38624 0.5247992182
38709 0.5205284539
38718 0.4924823549
38960 0.4878995010
39029 0.4877998070
39042 0.4707256887
39152 0.4690764381
39186 0.4663412443
39204 0.4610154879
39219 0.4590425468
39222 0.4569632025
39227 0.4440402157
39229 0.4251798388
39234 0.4189749524
39243 0.3949571784
39286 0.3933510710
39289 0.3596513859
39348 0.3577085367
39364 0.3521364889
39409 0.3503732454
39610 0.3301216280
39745 0.2909608017
39846 0.2823469389
39879 0.2795651139
39911 0.2607791931
39935 0.2425140275
40232 0.2424406989
40235 0.2121979006
40344 0.2030839697
40363 0.2006518822
40440 0.1999670843
40467 0.1961544237
40489 0.1783076212
40762 0.1729331756
40899 0.1597114313
41085 0.1520837771
41106 0.1196566017
41295 0.1144465726
41515 0.1091401778
41582 0.1025233643
41623 0.0982752277
41635 0.0921436989
41758 0.0809592230
41792 0.0731799945
41914 0.0690015983
41955 0.0604910499
42104 0.0518375322
42150 0.0508397477
42231 0.0479825422
42312 0.0473871510
42505 0.0381704274
42562 0.0351258601
42674 0.0327317196
42804 0.0310398226
42949 0.0302709889
42953 0.0271062492
43003 0.0270185167
43024 0.0238269202
43138 0.0191588307
43145 0.0179473759
43154 0.0177563610
43192 0.0166284364
43221 0.0153982859
43290 0.0139773431
43485 0.0129158575
43543 0.0126336426
43548 0.0111612568
43683 0.0102111595
43758 0.0096184725
43772 0.0085689881
43863 0.0078773257
44043 0.0073665238
44059 0.0065563172
44345 0.0054983515
44375 0.0032145899
44558 0.0029158950
44631 0.0024370251
44987 0.0021998737
45021 0.0017134058
45075 0.0015204619
45179 0.0013800586
45192 0.0009246052
45310 0.0008784193
45318 0.0008757091
45337 0.0008300164
45347 0.0007654529
45581 0.0007267711
45610 0.0007230057
45649 0.0006964231
45664 0.0005811982
45705 0.0005745661
45738 0.0005140857
45769 0.0003640983
45871 0.0003443847
45896 0.0002639488
45969 0.0002389157
46044 0.0002107046
46072 0.0002025549
46160 0.0001662461
46162 0.0001418105
46200 0.0001172981
46309 0.0001168424
46342 0.0000934420
46426 0.0000880700
46465 0.0000830575
46478 0.0000627553
46525 0.0000612325
46536 0.0000593593
46589 0.0000452274
46652 0.0000293449
46719 0.0000269997
46835 0.0000247429
46870 0.0000245970
47045 0.0000216002
47047 0.0000212157
47059 0.0000187604
47111 0.0000145001
47178 0.0000118807
47439 0.0000104589
47529 0.0000094933
47555 0.0000048579
47627 0.0000041660
47810 0.0000030039
47892 0.0000021391
48003 0.0000017243
48153 0.0000016249
48164 0.0000015338
48183 0.0000011524
48222 0.0000008166
48468 0.0000006922
48508 0.0000005213
48541 0.0000003119
48753 0.0000002819
48784 0.0000002161
48903 0.0000002106
48922 0.0000001379
48963 0.0000001116
49000 0.0000000890
49124 0.0000000694
49247 0.0000000560
49284 0.0000000540
49285 0.0000000340
49559 0.0000000297
49643 0.0000000287
49707 0.0000000246
49714 0.0000000217
49718 0.0000000200
49776 0.0000000105
50055 0.0000000102
50103 0.0000000077
50255 0.0000000055
50342 0.0000000048
50349 0.0000000045
50406 0.0000000044
50454 0.0000000026
50595 0.0000000025
50618 0.0000000021
50663 0.0000000017
50706 0.0000000014
50761 0.0000000011
50920 0.0000000011
50925 0.0000000010
50969 0.0000000005
51114 0.0000000005
51132 0.0000000004
51183 0.0000000002
51256 0.0000000002
51660 0.0000000002
51738 0.0000000001
51922 0.0000000001
51924 0.0000000001
51984 0.0000000000
52037 0.0000000000
52106 0.0000000000
52115 0.0000000000
52197 0.0000000000
52217 0.0000000000
52376 0.0000000000
52468 0.0000000000
52582 0.0000000000
52712 0.0000000000
52721 0.0000000000
52803 0.0000000000
52930 0.0000000000
52984 0.0000000000
53010 0.0000000000
53011 0.0000000000
53101 0.0000000000
53204 0.0000000000
53263 0.0000000000
53267 0.0000000000
53378 0.0000000000
53444 0.0000000000
53501 0.0000000000
53522 0.0000000000
53575 0.0000000000
53588 0.0000000000
53600 0.0000000000
53671 0.0000000000
53674 0.0000000000
53776 0.0000000000
53800 0.0000000000
53889 0.0000000000
53983 0.0000000000
54104 0.0000000000
54169 0.0000000000
54290 0.0000000000
54299 0.0000000000
54310 0.0000000000
54445 0.0000000000
54626 0.0000000000
54937 0.0000000000
55384 0.0000000000
55425 0.0000000000
evaluations raw_y
1 222229.4266643225
4 158786.8854171257
9 99676.4781901126
43 94396.7657293386
52 88690.0854644244
56 51086.1633131232
74 37730.5285523859
85 32949.2153271223
89 25421.2296601869
129 24567.1598449030
137 20303.0324717146
166 19901.5055236462
179 12177.1554213077
191 11496.1348981921
219 8127.6078230995
487 4877.1799751970
572 3759.2789213983
586 2013.8264142277
688 1753.5276826191
782 1511.1119248013
854 782.6031842304
947 717.1785295494
974 603.5862426433
1046 537.6311472172
1064 480.1478697313
1110 441.0545107550
1126 383.4229129488
1146 375.6736972979
1189 365.7109517066
1247 340.9439685708
1269 290.0800838092
1294 219.4908948336
1456 201.6198495216
1462 201.5480789136
1551 197.3446508801
1552 192.9774532952
1600 191.3728560467
1638 164.1472727230
1640 112.5411685879
1810 103.2173461127
1836 96.0014312706
1990 95.6512647169
2007 86.2905542923
2011 79.9127804536
2077 78.7590943781
2134 77.1771321761
2233 61.2391091805
2265 56.4103918083
2297 56.1535036993
2333 54.7088520849
2346 51.5753647923
2354 47.9585947959
2377 45.7742319000
2393 33.4934395916
2654 24.9158933084
2831 23.6015953206
2889 22.6832265252
3039 22.2542313989
3099 21.7304103757
3249 21.6800198171
3259 21.3793005616
3298 21.3067542021
3301 21.2535884850
3334 21.2044247015
3356 21.2021860317
3371 21.1605110082
3376 20.9871185510
3385 20.9523692232
3392 20.9386812961
3398 20.3678694059
3436 19.9694186785
3517 19.8061718078
3583 19.7697141002
3590 19.6433489085
3664 19.5660753089
3669 19.3289184310
3885 19.2872688563
3917 19.2212531490
3934 19.1972710111
3980 19.1300352836
4028 19.1206243102
4161 19.0436311709
4203 19.0316038094
4305 18.9184936379
4338 18.8701810842
4417 18.8528477836
4427 18.8369517493
4650 18.7974193751
4713 18.7693211044
4872 18.6730736039
4956 18.6639041472
4992 18.6524736320
4997 18.5444351449
5121 18.4512525351
5251 18.3148194898
5471 18.1791620136
5597 18.1020438760
5832 17.8324871546
5980 17.7393457157
6255 17.7371333150
6326 17.5155571810
6489 17.3287938247
6610 17.1682818242
6707 17.1457070470
7009 16.9216586814
7177 16.9130772147
7262 16.9000000912
7305 16.8695107058
7343 16.8635588754
7382 16.8301661874
7385 16.8195861137
7396 16.7170186997
7503 16.6761062135
7506 16.6465022375
7532 16.5743720343
7551 16.5137704273
7579 16.4738332579
7777 16.3929142251
8089 16.3492669824
8321 16.2433878897
8414 16.0728518641
8462 15.9573680192
8642 15.9240866261
8665 15.8806146252
8830 15.8687366324
8861 15.7784100682
8869 15.7494392841
8914 15.6703638208
8978 15.5608933124
9109 15.4934316446
9346 15.4820189014
9386 15.4811172518
9407 15.3107116556
9505 15.2580427033
9674 15.2129728507
9726 15.1784597786
9755 15.1779670204
9859 15.0565321908
10047 15.0181611944
10128 14.9471396171
10177 14.9391589256
10195 14.9077039993
10228 14.8706491469
10250 14.8159286307
10470 14.7607624846
10609 14.6916491401
10680 14.5761937393
10903 14.5141138701
10933 14.4013985279
11014 14.3877983334
11061 14.3101402678
11102 14.2412038817
11317 14.1168000457
11512 14.0711321013
11650 13.9974576667
11807 13.9631610817
11817 13.8843162821
11822 13.7707281645
12303 13.7132884482
12355 13.6465435209
12488 13.6399253549
12576 13.4245501181
12873 13.2270449464
13159 13.1989550435
13346 13.1984035254
13358 13.0520049977
13430 13.0159368603
13443 12.8803858374
13671 12.8330718726
13761 12.7584042521
13828 12.6232344763
14148 12.5763199817
14254 12.5316181930
14289 12.4299484491
14352 12.4180788489
14491 12.4002909054
14494 12.3780319723
14622 12.0822487687
14890 12.0540894205
15063 11.6475023712
15481 11.6461950440
15505 11.5964675870
15662 11.5242623837
15738 11.4881808086
15810 11.4165162633
16014 11.3341613483
16222 11.3294204439
16224 11.2226534208
16326 11.1821522687
16397 11.1652524120
16512 11.1486869560
16595 10.9913639217
16865 10.9629645231
16979 10.9075196809
16988 10.8625623539
17001 10.8318911254
17032 10.8056487184
17109 10.7622671803
17222 10.7380677707
17266 10.6845220578
17378 10.6839718538
17415 10.6179658034
17632 10.6046253345
17642 10.4994070245
17645 10.3200287659
18213 10.2951916875
18235 10.2651418561
18325 10.2454216876
18415 10.2076893507
18447 10.1405891948
18542 10.1115648240
18576 10.0603072397
18680 10.0174200456
18713 9.9074010155
18823 9.8831537359
19194 9.8594054003
19297 9.8075331326
19304 9.7283060254
19375 9.6557291385
19419 9.6266529894
19480 9.6138858880
19529 9.5891212986
19546 9.4793158066
19627 9.4739299067
19684 9.4549384915
19773 9.4368336776
19778 9.4304959487
19812 9.2947115579
20135 9.2859451948
20376 9.2357525605
20384 9.2238310523
20443 9.2148538654
20471 9.1502001582
20505 9.0813148604
20539 9.0509569636
20619 8.8848907282
21077 8.8176304050
21240 8.6568104629
21373 8.6261966095
21397 8.6253188882
21439 8.5426589786
21559 8.5138516451
21596 8.3814826194
21899 8.3626533845
21904 8.2394433941
21994 8.1736621654
22226 8.1282918601
22331 8.1052098916
22379 8.0487269275
22520 7.9958320831
22699 7.9441510902
22984 7.8665978531
23130 7.7999819507
23254 7.7274275559
23339 7.7250262992
23396 7.6666141187
23439 7.6300065350
23474 7.6278484258
23585 7.5716271020
23623 7.5606218257
23704 7.5191157518
23726 7.4888939595
23774 7.4616117535
23794 7.4124785735
23852 7.3606487965
24094 7.2811443371
24180 7.2289470601
24260 7.2125965986
24265 7.1578794163
24327 7.0695846729
24619 6.9915857986
24787 6.9338960731
24903 6.7813286935
25010 6.7756607601
25124 6.7589360415
25233 6.7015199997
25255 6.6097751236
25524 6.5975068410
25623 6.4613458584
25785 6.3616022845
26082 6.3092443984
26158 6.2302605961
26318 6.1534945815
26433 6.1492128009
26464 6.1481260565
26522 6.0508494254
26595 6.0412468447
26689 6.0125607547
26721 5.8923461796
27090 5.8879586944
27151 5.7936189991
27160 5.7855602741
27263 5.7354308076
27335 5.5918931486
27400 5.5323878580
27403 5.4735469645
27508 5.3791574117
27777 5.3380446167
27833 5.3319074299
27865 5.3059359252
28006 5.2377102731
28009 5.1403637559
28017 5.0971636982
28165 5.0123586240
28404 4.8989801497
28575 4.8636746045
28865 4.8146550281
28926 4.8073504799
28934 4.7725481697
28942 4.6291452604
29253 4.5645153670
29374 4.5420567510
29445 4.5399676596
29466 4.5379831129
29514 4.5371313701
29573 4.5156634534
29576 4.4887984296
29667 4.4211598891
29756 4.3891929653
29796 4.3156496988
29966 4.2283787561
30104 4.2244671584
30168 4.1940554122
30180 4.1890994956
30303 4.1821381928
30337 4.1126068026
30338 4.1100278426
30367 4.0995171033
30383 4.0899018952
30549 3.9672517052
30634 3.9220902819
31075 3.7939033723
31111 3.7934473759
31172 3.7858377614
31190 3.7654089240
31268 3.7628068761
31269 3.7623761925
31313 3.7617962200
31316 3.7272679411
31328 3.7000094134
31363 3.6870509917
31394 3.6239396804
31422 3.5607946088
31473 3.5538362995
31548 3.5505822427
31636 3.4878050169
31710 3.4722749376
31777 3.4654608488
31789 3.4357700378
31899 3.4027140508
31914 3.3653990539
32036 3.3381510632
32111 3.3153387858
32154 3.2896123370
32298 3.2848365410
32354 3.2604621172
32391 3.1981415222
32440 3.1195226233
32458 3.1180063465
32509 3.1135770678
32549 3.0288525750
32829 3.0139939641
32870 2.9647952070
32872 2.9526935307
32955 2.9260712033
32983 2.9256829950
33029 2.8832586772
33042 2.8674446803
33047 2.8525518996
33072 2.7695588761
33283 2.7539081004
33316 2.7029485986
33431 2.6854137040
33532 2.5896718524
33602 2.5819317896
33628 2.5288698586
33949 2.3978087539
34167 2.3895823262
34209 2.3653241421
34226 2.2108046042
34316 2.1794148359
34501 2.1221445949
34514 2.0852279773
34621 2.0806490158
34638 2.0704698601
34655 1.9969746626
34709 1.9502326703
34885 1.9054990703
34890 1.8600736334
35129 1.8077473124
35268 1.8021025051
35305 1.7798567045
35365 1.7554238984
35418 1.7394868950
35430 1.7284095804
35468 1.7282597727
35470 1.6276946513
35608 1.6042129814
35664 1.5875746161
35708 1.5699233255
35841 1.5300801005
35851 1.4993784065
36139 1.4200647124
36314 1.3280145794
36351 1.3271489420
36382 1.2386234555
36418 1.2031708772
36683 1.1004318308
36814 1.0942455785
36861 1.0493904884
36924 1.0255393745
36971 0.9744966096
37044 0.9456428102
37176 0.9247244712
37289 0.9227401839
37337 0.9103379274
37378 0.9090824278
37397 0.8752969542
37460 0.8530046023
37551 0.8147141074
37674 0.8136231958
37771 0.7877921504
37804 0.7764083663
37898 0.7725250357
37914 0.7485100191
37983 0.7280323195
38016 0.6833587587
38329 0.6800837331
38337 0.6663544750
38339 0.6400533589
38417 0.6111515420
38425 0.5941049115
38682 0.5801996823
38699 0.5720873281
38734 0.5422114123
38794 0.5048193713
38805 0.4920901836
38929 0.4665053966
39010 0.4206446014
39391 0.4102387843
39536 0.3848712260
39730 0.3842377856
39821 0.3522086860
39824 0.3251754028
39841 0.3137331207
39949 0.3088187312
39976 0.2804056626
40128 0.2681548115
40209 0.2664080801
40232 0.2456230646
40346 0.2374437081
40385 0.2337880513
40440 0.2122590249
40507 0.2073488080
40542 0.2039845298
40573 0.1768601137
40773 0.1727101397
40796 0.1466870408
41055 0.1412689178
41101 0.1348374361
41148 0.1258285924
41231 0.1256539714
41482 0.1232815559
41495 0.1225008740
41503 0.1170997481
41528 0.1121402058
41549 0.1098869975
41577 0.1017857373
41605 0.0876718892
41919 0.0757214128
42149 0.0609038240
42295 0.0598150789
42375 0.0574943649
42394 0.0562826567
42417 0.0521024809
42454 0.0422925234
42534 0.0416541412
42573 0.0382598674
42576 0.0315188876
42662 0.0295150272
42812 0.0276043922
42854 0.0200268762
43284 0.0198905725
43431 0.0158324842
43559 0.0151351018
43578 0.0099887828
43687 0.0098814413
43854 0.0096045750
43898 0.0095604033
43924 0.0093047207
43941 0.0085423798
43974 0.0075159060
44024 0.0074396224
44125 0.0073291417
44142 0.0072486217
44181 0.0071138928
44189 0.0070466195
44227 0.0051665341
44406 0.0038333000
44424 0.0034498422
44429 0.0026415959
44713 0.0022504807
44775 0.0020858037
44810 0.0020794780
44857 0.0016356561
45304 0.0007673375
45501 0.0007130663
45548 0.0006817089
45584 0.0006346196
45647 0.0004263984
45864 0.0004116183
45867 0.0002775000
46147 0.0002550483
46169 0.0002139416
46181 0.0002014568
46275 0.0001956302
46280 0.0001563734
46297 0.0001525795
46318 0.0001329811
46345 0.0001019042
46465 0.0000975013
46530 0.0000820809
46537 0.0000804160
46579 0.0000622404
46583 0.0000578339
46611 0.0000499034
46728 0.0000349497
46745 0.0000309181
46791 0.0000258287
47174 0.0000215651
47227 0.0000153873
47292 0.0000125627
47423 0.0000081413
47552 0.0000054280
47697 0.0000038156
47781 0.0000035881
47785 0.0000032615
47865 0.0000025664
47931 0.0000019214
48117 0.0000018098
48160 0.0000015911
48162 0.0000014951
48206 0.0000013648
48268 0.0000011771
48281 0.0000010826
48338 0.0000007753
48415 0.0000005767
48466 0.0000005243
48546 0.0000004612
48572 0.0000004533
48598 0.0000004271
48601 0.0000003573
48618 0.0000002923
48658 0.0000002753
48686 0.0000002558
48740 0.0000001589
48970 0.0000001234
49017 0.0000001103
49025 0.0000000628
49181 0.0000000624
49300 0.0000000461
49311 0.0000000373
49469 0.0000000214
49518 0.0000000207
49629 0.0000000123
49847 0.0000000110
49900 0.0000000083
49966 0.0000000075
50100 0.0000000070
50132 0.0000000048
50139 0.0000000034
50243 0.0000000027
50438 0.0000000026
50466 0.0000000016
50609 0.0000000014
50674 0.0000000011
50930 0.0000000011
50960 0.0000000010
50995 0.0000000005
51155 0.0000000004
51225 0.0000000003
51288 0.0000000003
51324 0.0000000003
51348 0.0000000003
51379 0.0000000002
51501 0.0000000002
51507 0.0000000002
51509 0.0000000001
51603 0.0000000001
51608 0.0000000001
51682 0.0000000001
51692 0.0000000001
51830 0.0000000001
51859 0.0000000001
51881 0.0000000001
51894 0.0000000001
51899 0.0000000000
51973 0.0000000000
51997 0.0000000000
52084 0.0000000000
52148 0.0000000000
52151 0.0000000000
52157 0.0000000000
52201 0.0000000000
52203 0.0000000000
52292 0.0000000000
52325 0.0000000000
52378 0.0000000000
52468 0.0000000000
52524 0.0000000000
52591 0.0000000000
52702 0.0000000000
52795 0.0000000000
52836 0.0000000000
52965 0.0000000000
53076 0.0000000000
53143 0.0000000000
53165 0.0000000000
53213 0.0000000000
53292 0.0000000000
53375 0.0000000000
53475 0.0000000000
53668 0.0000000000
53921 0.0000000000
54221 0.0000000000
54721 0.0000000000
evaluations raw_y
1 753722.2151841033
2 541837.3279044052
7 366887.3238482263
35 172445.3142529647
50 65881.4201289137
161 59332.3897239743
172 40705.3771642822
188 36559.1993960200
209 27872.4026056076
223 25343.4378178076
416 16926.8579444816
485 11243.0308552235
525 9044.3015285217
698 7737.3900739218
774 6375.8553843772
802 2466.2559317940
844 2441.9880089313
913 1642.3836223227
1085 1602.4376842462
1102 1591.3544308296
1104 1473.7884380094
1109 1402.1137583829
1144 1384.3379071553
1161 1309.7989783614
1167 1202.4061531056
1181 903.3102227361
1273 765.8813670405
1341 688.7171645479
1351 492.1107183791
1461 381.8340038553
1545 378.5316567332
1569 366.4139548360
1585 314.5341606103
1749 276.1950441491
1789 177.3230348035
1827 159.7817468312
1871 119.3696554886
1943 107.9513630923
2023 100.5199412716
2026 99.4833932248
2046 87.8590614041
2130 81.0227809875
2164 80.2160368879
2173 77.0142920009
2193 71.3985525444
2239 50.9601223093
2263 48.2576112353
2334 47.3560320947
2338 41.1868835958
2465 39.6532280449
2512 37.4089110226
2566 36.8101021430
2615 33.3838757666
2640 33.1342750308
2683 28.5544628056
2723 27.5138662065
2735 27.0946904394
2766 26.4716533680
2785 26.4706015608
2808 25.8289001542
2903 25.3931692940
2909 24.0005668485
2937 23.5024454725
2967 23.4627941173
2981 22.5635622888
3063 21.8279797968
3091 20.0117578615
3170 19.8833546313
3270 19.7485611748
3349 19.5149392629
3380 19.1585497750
3384 19.1391672842
3411 18.8905111566
3564 18.5173900657
3656 18.4296575004
3708 18.1220104126
3857 17.9562491833
3887 17.9236704459
3937 17.8848298767
3964 17.8833038137
3996 17.7788860628
4058 17.6888637108
4081 17.6888511472
4157 17.6264208666
4193 17.5900798449
4247 17.5123986731
4284 17.4887244085
4351 17.4862458638
4489 17.4619084842
4559 17.3455138538
4734 17.3260198573
4799 17.2636148284
4977 17.0598245697
5091 16.9973507288
5195 16.8998622152
5388 16.7331803495
5451 16.6246299075
5493 16.5372920657
5795 16.4421860737
5827 16.3425989112
5892 16.2387022209
6120 16.1029099890
6202 16.0810157578
6234 15.8718570716
6374 15.8538058038
6389 15.8279821018
6421 15.6393143486
6758 15.5391250447
6788 15.4989813512
6855 15.4904503693
6873 15.3423483918
7241 15.2923160592
7339 15.2137777620
7408 14.9164949240
7578 14.8661188801
7724 14.6888937092
7855 14.6265070545
8124 14.4163053213
8269 14.3702087505
8358 14.3178207939
8375 14.2392901561
8528 14.2387892635
8585 14.2340945576
8621 14.1092616576
8656 14.0703478060
8729 14.0551089120
8776 14.0362823586
8925 14.0328155318
8932 14.0008372052
9043 13.9275925269
9107 13.9271182201
9155 13.8957435381
9161 13.8344803825
9226 13.7889404036
9308 13.7490412313
9349 13.7040723181
9396 13.6627410293
9531 13.5121641123
9888 13.2019705105
10294 13.1516442712
10351 13.0177265885
10496 12.9856186223
10511 12.9538569949
10617 12.9458863870
10665 12.7878985583
10695 12.7837752985
10888 12.7064353403
10971 12.6671423780
11059 12.5753323369
11104 12.4655908846
11283 12.4348479885
11303 12.3908642826
11370 12.3798348565
11371 12.2975961593
11503 12.2140258084
11630 12.1823032795
11870 12.1309017157
11889 11.9682199736
11987 11.9304365518
12152 11.8805315119
12250 11.7792810325
12392 11.7556656499
12468 11.7196130012
12555 11.6537094567
12572 11.6403606041
12587 11.5921540842
12655 11.5148039595
12710 11.4804505812
12744 11.4076189132
12867 11.4020226074
13000 11.3154945492
13212 11.2246335638
13502 11.0369724116
13612 10.8408896236
13918 10.8380210790
13941 10.8295044955
13943 10.8132555206
13994 10.7682382160
14005 10.7386874914
14101 10.6942323819
14157 10.6902768057
14208 10.6873896463
14255 10.5869712476
14341 10.5716664887
14386 10.5401371224
14408 10.5256616799
14430 10.4590195816
14475 10.4179019896
14686 10.3893397253
14829 10.3595366148
14861 10.2676892448
14865 10.2074893436
15044 10.1559638534
15225 9.9061093771
15346 9.8740247077
15611 9.7646966140
15748 9.7543596009
15854 9.7477073683
15896 9.7376179790
15901 9.6851254044
15936 9.6673821736
15963 9.6536832884
15968 9.6520967919
16021 9.5514876328
16055 9.5373824975
16123 9.4827094121
16137 9.4204550611
16246 9.3740599627
16326 9.3674035861
16410 9.2788588326
16412 9.2156098416
16690 9.1743028815
16695 9.0529814899
16893 9.0201548181
16906 8.9860041487
16997 8.9562835543
17189 8.9366261393
17290 8.8746238991
17309 8.7936787100
17447 8.7141108962
17696 8.6634102232
17701 8.6548075565
17742 8.6155434042
17836 8.4897278125
18225 8.4125286323
18273 8.3774432921
18377 8.3682649107
18449 8.3662623127
18463 8.3097258566
18594 8.2821446298
18615 8.2433718890
18703 8.1561806830
18850 8.1342449602
18925 8.1230153587
18928 8.1066578857
19072 8.0848140787
19089 8.0686333350
19096 7.9533023995
19139 7.8800327111
19556 7.8195926981
19566 7.8164330659
19785 7.7516975367
19802 7.7402368385
19857 7.5415426376
20114 7.5071097687
20278 7.5018756863
20375 7.5015634857
20408 7.3408154966
20451 7.3147660625
20487 7.2615538201
20595 7.2422126316
20636 7.1953082837
20739 7.0971820438
20880 7.0224029711
20923 7.0223133196
21126 6.9298740682
21198 6.7220785111
21256 6.7056674618
21364 6.5883860443
21378 6.5767112292
21493 6.4126431922
21874 6.4034329037
21943 6.3505888383
21960 6.3048952846
22023 6.2969997759
22166 6.2569436226
22302 6.2213660566
22338 6.1673255802
22485 6.1590920412
22541 6.1306061402
22731 6.1092256376
22744 6.0305025248
22775 5.9378708030
22817 5.9170437068
23135 5.9062218236
23147 5.8577435251
23442 5.8044582520
23615 5.6914366791
23747 5.6302240973
23851 5.5473565477
23908 5.5137932233
24087 5.4448246213
24261 5.4019059009
24289 5.2628516518
24335 5.2116778008
24425 5.1648954524
24561 5.1065387946
24567 5.0780663325
24619 5.0536675535
24646 5.0476730910
24670 4.9461355863
24727 4.8941318862
24919 4.8936376726
24977 4.8019100483
25112 4.8013179674
25254 4.7910817283
25255 4.7736360635
25380 4.7528526476
25439 4.7403864907
25470 4.7375186056
25514 4.7337000253
25536 4.7187601907
25611 4.6297465792
25646 4.5932243955
25677 4.5561235860
25764 4.4843555678
25816 4.4646548760
25844 4.4353215655
25956 4.4252543356
25974 4.4128981084
26012 4.3490154702
26068 4.2882927860
26498 4.0400412324
26899 3.9181638222
26949 3.9120128397
26952 3.9111001241
27017 3.8898712897
27117 3.8525202352
27153 3.8365417720
27164 3.7084562763
27561 3.6938079587
27622 3.6642232343
27656 3.6494691730
27662 3.5385438023
27686 3.5076823537
27874 3.4927795724
27890 3.4840703642
28006 3.4668416450
28021 3.4261534983
28176 3.3683885381
28187 3.1922833404
28484 3.1432717555
28686 3.1232899941
28750 3.0899016305
28766 3.0775178450
28776 3.0699727843
28882 3.0495851278
28888 2.9653706883
28951 2.9482312871
28998 2.9016708846
29062 2.8903716596
29172 2.8703352491
29265 2.8679653849
29321 2.8332195432
29329 2.8322602657
29333 2.8205686740
29350 2.7757741336
29352 2.7645381300
29395 2.7388544615
29439 2.7213148918
29468 2.6773669753
29502 2.6667350589
29504 2.6240646682
30128 2.4171032370
30309 2.4073350831
30375 2.3968848027
30417 2.2971686630
30486 2.2507882944
30660 2.2204378706
30865 2.2062712242
30878 2.1783623443
30879 2.1496500171
30948 2.1481279061
31046 2.1212113527
31081 2.0504931022
31185 2.0415689973
31236 2.0401758612
31267 2.0315818391
31311 2.0087221602
31416 1.9940041201
31426 1.9334441911
31590 1.9305238274
31599 1.8677868863
31608 1.8253088891
31783 1.8015437570
31791 1.7321312494
32051 1.6449827988
32145 1.5771364667
32379 1.5468099659
32457 1.5397497534
32510 1.4953059904
32539 1.4720409122
32581 1.4701959085
32669 1.4357987987
32723 1.3960335279
32780 1.3585721016
32784 1.3249723207
32994 1.3145885559
33021 1.2339158858
33221 1.1950466973
33360 1.0722528451
33537 1.0675923354
33595 1.0102873986
33664 0.9685163341
33948 0.9135290316
34100 0.8978299865
34131 0.8924614453
34204 0.8728269986
34249 0.8378624486
34440 0.8118544256
34446 0.7860676109
34470 0.7510374252
34592 0.7500515118
34740 0.7147045365
34786 0.7076174909
34915 0.6940973469
35056 0.6557736358
35223 0.6503138204
35228 0.6390346767
35266 0.6334589993
35268 0.5757847245
35410 0.5717181036
35499 0.5636891761
35682 0.5605733147
35686 0.4775723553
35846 0.4590248350
35964 0.4479119420
36003 0.4401626704
36075 0.4394411908
36125 0.4025138458
36200 0.3885286929
36243 0.3863440293
36250 0.3782972638
36254 0.3534291363
36362 0.3492624717
36427 0.3158951415
36533 0.3143850225
36764 0.2980211372
36856 0.2866261387
36868 0.2822308242
36965 0.2721189319
36977 0.2660318790
36983 0.2553691946
37049 0.2511594673
37174 0.2459184637
37297 0.2249053835
37372 0.1908502807
37375 0.1759937263
37386 0.1729868648
37478 0.1605982347
37486 0.1519838315
37878 0.1439812627
37923 0.1262182551
38186 0.1247559162
38192 0.1094590342
38225 0.1063996988
38226 0.1013717608
38315 0.0939315088
38439 0.0920507387
38456 0.0903405725
38568 0.0858894296
38587 0.0858547000
38608 0.0788874144
38683 0.0653269692
38872 0.0648332439
38874 0.0635376815
38880 0.0631403368
38886 0.0587855576
38978 0.0465963485
39327 0.0459566658
39428 0.0450702572
39432 0.0421413789
39448 0.0405357969
39460 0.0394750064
39544 0.0358139110
39598 0.0343171439
39682 0.0286632624
39724 0.0225840622
39824 0.0223485015
39826 0.0192206685
40055 0.0176013061
40156 0.0173225311
40342 0.0163402077
40350 0.0155286706
40352 0.0103929142
40614 0.0097392738
40730 0.0095911261
40744 0.0094962353
40748 0.0082655900
40760 0.0080012003
40866 0.0076411875
40903 0.0061519569
40946 0.0055387473
41014 0.0053841573
41022 0.0046487260
41058 0.0033621704
41227 0.0024339999
41586 0.0016926201
41778 0.0012077189
41944 0.0008147336
42021 0.0006928307
42288 0.0006072070
42312 0.0002515194
42492 0.0002093261
42622 0.0001868583
42804 0.0001838958
42901 0.0001799977
42903 0.0001260165
42946 0.0001232839
42948 0.0001199384
42964 0.0001027312
43025 0.0000697534
43212 0.0000640962
43250 0.0000454960
43298 0.0000373568
43475 0.0000346933
43552 0.0000281605
43572 0.0000189390
43758 0.0000135502
43783 0.0000131915
43868 0.0000122449
43946 0.0000117368
44009 0.0000109742
44013 0.0000097195
44061 0.0000092890
44065 0.0000071985
44187 0.0000064350
44225 0.0000064295
44292 0.0000050129
44432 0.0000046929
44446 0.0000042273
44455 0.0000035776
44497 0.0000032620
44585 0.0000029520
44597 0.0000028423
44642 0.0000021764
44644 0.0000017337
44726 0.0000016753
44775 0.0000014440
44802 0.0000010162
44912 0.0000009956
45036 0.0000009545
45058 0.0000007560
45082 0.0000006559
45088 0.0000002991
45256 0.0000002299
45311 0.0000002078
45474 0.0000001738
45508 0.0000001580
45536 0.0000001318
45648 0.0000001179
45667 0.0000000972
45772 0.0000000895
45776 0.0000000688
45797 0.0000000534
45866 0.0000000466
45938 0.0000000395
46006 0.0000000388
46018 0.0000000221
46164 0.0000000210
46247 0.0000000126
46417 0.0000000113
46459 0.0000000097
46474 0.0000000067
46645 0.0000000065
46702 0.0000000061
46752 0.0000000036
46857 0.0000000035
46862 0.0000000032
46864 0.0000000025
46883 0.0000000020
47014 0.0000000018
47025 0.0000000016
47072 0.0000000012
47254 0.0000000012
47257 0.0000000007
47372 0.0000000006
47412 0.0000000005
47445 0.0000000003
47554 0.0000000003
47634 0.0000000002
47849 0.0000000002
47883 0.0000000001
47965 0.0000000001
47993 0.0000000001
48007 0.0000000001
48086 0.0000000001
48094 0.0000000001
48244 0.0000000000
48259 0.0000000000
48274 0.0000000000
48332 0.0000000000
48570 0.0000000000
48587 0.0000000000
48595 0.0000000000
48621 0.0000000000
48644 0.0000000000
48672 0.0000000000
48821 0.0000000000
48933 0.0000000000
48998 0.0000000000
49014 0.0000000000
49030 0.0000000000
49150 0.0000000000
49416 0.0000000000
49473 0.0000000000
49510 0.0000000000
49526 0.0000000000
49579 0.0000000000
49598 0.0000000000
49621 0.0000000000
49632 0.0000000000
49642 0.0000000000
49764 0.0000000000
49796 0.0000000000
49830 0.0000000000
49845 0.0000000000
49918 0.0000000000
49922 0.0000000000
49956 0.0000000000
50002 0.0000000000
50082 0.0000000000
50207 0.0000000000
50208 0.0000000000
50293 0.0000000000
50410 0.0000000000
50431 0.0000000000
50461 0.0000000000
50531 0.0000000000
50539 0.0000000000
50573 0.0000000000
50801 0.0000000000
50818 0.0000000000
51329 0.0000000000
51637 0.0000000000
evaluations raw_y
1 632494.5798156151
2 304031.6956520687
33 171267.2977832349
37 148019.3662313673
42 121656.5521478736
81 112862.5286148770
91 100355.8980175986
103 100101.3502070716
106 63073.1477495916
137 53581.9799630484
153 26056.0526360782
462 23522.6878879269
510 14538.6357185424
611 5142.8679029806
763 3979.5518788961
904 3145.2592589336
932 3112.3872911186
936 1445.6423975002
1042 1073.7831357067
1152 984.6678799046
1165 896.8046991309
1222 731.8834799350
1245 605.3062774558
1284 396.3393859169
1320 385.0321386104
1358 322.1969374733
1413 313.3825662139
1483 226.6130006232
1528 217.1274413753
1567 182.1778668686
1664 171.9961579735
1777 150.1381635611
1781 134.1614243990
1824 84.9913692995
1887 80.3358158202
1920 70.7108815540
2122 60.4517596235
2203 52.0796476508
2247 51.5667381936
2259 49.7765962988
2269 37.7718192599
2354 36.4220170707
2493 35.0788783513
2597 34.7903129569
2626 24.8267261009
2830 24.1997079363
2884 22.0810987373
3010 21.2193710402
3089 20.9569687082
3156 20.8675983371
3177 20.6748407222
3191 20.4914840492
3206 20.4203816385
3256 20.3540813862
3280 20.2874943049
3334 20.1587396686
3375 20.0600911975
3386 19.3668397815
3440 19.2148734611
3510 18.9515949053
3511 18.9290268072
3572 18.8785705178
3604 18.7482706094
3637 18.5317099823
3678 18.4723496905
3711 18.1809292700
3757 18.1288283659
3917 18.1217802238
3973 18.0031280421
3994 17.9802588488
4090 17.9759546357
4133 17.9072148114
4163 17.9026696693
4187 17.8743733060
4268 17.8173639565
4315 17.7844515560
4540 17.7575662711
4544 17.6889782407
4610 17.6856393215
4640 17.6161141857
4706 17.6047179844
4738 17.5849143800
4769 17.5675769480
4787 17.5551411337
4907 17.5352818896
4989 17.4627722713
5053 17.3483699093
5079 17.3459463712
5137 17.3411840741
5153 17.3360853094
5188 17.3059739908
5189 17.1976229373
5302 17.1528339021
5357 16.9740536115
5515 16.7900825193
5562 16.7409114447
5810 16.5995745748
6102 16.5463983162
6170 16.4000562322
6290 16.3385873891
6313 16.3233968517
6394 16.1879273441
6505 16.1801183863
6520 16.0617493398
6566 16.0132938324
6612 15.8821968667
6804 15.8475489956
6851 15.8395185758
6876 15.7762892822
7099 15.6538073421
7208 15.5405901525
7277 15.5295821572
7335 15.4385482378
7411 15.3896941351
7602 15.3471201764
7640 15.3445645305
7772 15.2756809663
7794 15.2174030925
8015 15.1066914688
8180 14.9685119793
8281 14.9515128460
8314 14.8563590136
8370 14.8014104697
8474 14.7146713533
8518 14.6534844658
8519 14.5721858801
8663 14.5245829832
8702 14.4911769195
8722 14.4899024083
8725 14.4584382766
8728 14.4529131763
8776 14.3936007854
8902 14.3500289987
8990 14.3216482555
9028 14.2687187118
9183 14.2191385743
9205 14.1216716046
9605 14.0611579394
9680 13.9683048791
9775 13.9653775099
9783 13.9605770816
9820 13.8448912852
9867 13.7353226124
10117 13.5950560025
10296 13.4612603199
10688 13.4360043860
10691 13.3982505574
10801 13.3889031416
10806 13.1221290507
11194 13.0955518094
11220 13.0828257847
11272 12.9905231492
11326 12.9410205012
11375 12.9234587394
11385 12.8553266008
11485 12.8358934275
11495 12.8111771500
11536 12.7454821980
11660 12.6671807288
11723 12.5929391058
12094 12.5897079012
12122 12.5133840837
12172 12.4337648263
12200 12.4187392827
12201 12.3905383995
12404 12.3413952565
12407 12.3113826263
12414 12.2360916509
12559 11.9726736155
12892 11.9625469147
12917 11.9558684330
12929 11.9516734606
13004 11.7807905765
13192 11.7448928444
13446 11.6820497042
13520 11.6334137452
13573 11.6146524347
13578 11.5014501093
13626 11.3809014237
14018 11.2593370830
14168 11.1633890071
14216 11.0667232130
14391 10.9488329025
14441 10.9431559171
14493 10.8849541119
14530 10.8248288639
14851 10.7429656677
14949 10.7106653919
15065 10.6519552826
15107 10.5698352126
15278 10.5442027289
15324 10.4948747769
15357 10.4814774072
15380 10.3895487549
15541 10.3252023246
15608 10.2906491400
15744 10.2592976998
15819 10.1516465933
15874 10.1222960655
16041 10.0516143040
16194 10.0204596883
16249 10.0167845056
16286 9.9775811214
16296 9.9585000231
16385 9.8942287271
16429 9.8862029507
16519 9.7991935859
16716 9.6976714521
16848 9.6646502482
16859 9.6603516188
16900 9.6319007136
16991 9.6151480748
17066 9.5981101888
17078 9.5730951091
17214 9.5566956453
17217 9.5295727067
17451 9.4442347686
17528 9.4257897576
17616 9.3279735553
17699 9.3260928453
17713 9.2183624852
17723 9.1887695665
17813 9.1685397397
17918 9.1117299199
17940 9.0739073375
17997 8.9664020070
18056 8.9590064136
18060 8.9559613586
18133 8.9083988743
18382 8.8638692001
18524 8.7868699829
18673 8.6754178355
18707 8.6444819388
18730 8.5848512457
18851 8.4940757855
19159 8.4258130563
19236 8.3442274140
19324 8.1110739078
19443 8.0937902577
19743 8.0797068960
19765 8.0297774249
20022 7.9610959281
20051 7.9216871722
20134 7.8926749170
20205 7.8473455682
20212 7.8080995364
20313 7.6874141758
20589 7.6696064173
20627 7.6515791310
20648 7.6382822626
20655 7.5893503533
20692 7.5701855581
20753 7.5440570412
20824 7.5138595363
20891 7.4960182351
21003 7.4129072424
21204 7.2821076981
21515 7.2706721557
21539 7.2695912876
21564 7.1237311441
21788 6.9260232987
22149 6.8295754691
22344 6.8256346733
22405 6.7443489364
22511 6.7103865570
22648 6.7086916113
22658 6.6648280985
22682 6.6620587678
22687 6.6552847272
22699 6.4565226175
23043 6.3416457872
23056 6.3205413184
23153 6.3084708284
23205 6.2485694356
23276 6.1414855715
23386 6.0819536548
23614 6.0004066312
23735 5.9642823383
23939 5.9404232126
23958 5.9302616128
23979 5.9056508722
24060 5.8561747615
24109 5.8456927984
24175 5.8380951505
24194 5.8126949137
24248 5.8086680071
24254 5.7736597310
24312 5.6797595679
24592 5.6714963996
24634 5.6434704963
24714 5.5882743010
24813 5.5779704129
24869 5.4889166111
25002 5.4605547118
25067 5.4426182655
25123 5.3809065062
25181 5.3786255843
25183 5.3567901548
25262 5.3162115138
25411 5.1427376469
25988 5.1340978525
26038 4.9569636053
26284 4.8557939964
26285 4.8140764025
26445 4.7900245337
26448 4.7747767163
26474 4.7184682112
26545 4.6817172152
26573 4.5970943452
26618 4.5965987567
26802 4.5855997530
26911 4.5530459369
26998 4.5493277009
27061 4.5415841579
27076 4.5275900038
27097 4.5069476254
27115 4.4347286538
27147 4.4227887495
27283 4.3817288141
27397 4.3450922563
27564 4.3306315195
27606 4.3067732731
27633 4.2179075837
27842 4.2061786886
27960 4.1009446590
28076 4.0394826696
28086 4.0217487618
28102 3.9772405191
28110 3.9609222221
28370 3.8841434148
28621 3.8500088747
28661 3.8499311498
28874 3.7434052802
28942 3.7190351031
29014 3.5049180405
29327 3.4407491757
29489 3.4031458921
29511 3.3975107972
29514 3.3953613516
29523 3.3799705190
29556 3.2848645626
29627 3.2352949951
29708 3.2045498390
29855 3.1746576167
29893 3.0850968306
30128 3.0392335339
30270 2.9608473042
30363 2.9530347961
30449 2.9444488806
30522 2.9267897124
30600 2.8972335904
30632 2.8359708911
30730 2.7739718059
30802 2.6762019503
30834 2.6357199860
31116 2.6331448088
31142 2.5912878727
31153 2.5905696458
31187 2.5756402025
31254 2.5672354417
31291 2.5636166263
31381 2.5033085712
31435 2.4738723806
31500 2.4531280344
31547 2.3457519593
31591 2.3340849040
31721 2.2762874974
31760 2.2186887833
31814 2.2140386322
31835 2.2062001617
31863 2.1332688939
32141 2.0571586248
32179 2.0127352006
32295 1.9746315265
32489 1.9393742281
32514 1.8482843927
32549 1.7979605292
32596 1.7978679190
32884 1.7840482920
32914 1.7651842802
32924 1.7600561269
32970 1.6828123678
33113 1.5988903456
33205 1.5531953349
33285 1.5355868524
33352 1.5275971508
33365 1.4633908544
33618 1.3573851118
33748 1.3554581818
33803 1.2831362190
34109 1.2626962926
34191 1.1408333206
34391 1.0553298497
34455 1.0226182063
34524 1.0195111581
34531 1.0096874825
34699 0.9747312050
34722 0.9666395697
34732 0.9375372251
34745 0.9283750132
34806 0.8835454405
34877 0.8523233577
34895 0.8279954198
35310 0.8186062273
35344 0.7910807826
35354 0.7792356448
35428 0.7216119400
35686 0.6992531286
35728 0.6837894177
35744 0.6769514127
35760 0.6536804182
35802 0.6388527698
35884 0.6175747872
36014 0.5505302071
36424 0.5329633252
36461 0.5306676560
36677 0.5252684133
36734 0.4915872082
36792 0.4527360697
36818 0.4447819555
36957 0.4158862490
37001 0.4100354789
37118 0.4058489353
37154 0.3875056142
37196 0.3837445010
37205 0.3729901899
37224 0.3696085229
37317 0.3465284577
37332 0.3418246896
37351 0.3388893016
37369 0.3254826509
37533 0.3216509134
37569 0.3110962096
37624 0.2996260859
37834 0.2989846696
37841 0.2623224512
37889 0.2523026308
37995 0.2381130486
38009 0.2078791319
38414 0.1969119382
38460 0.1876530160
38499 0.1865996358
38653 0.1732876499
38760 0.1685516744
38865 0.1681520229
38881 0.1488725974
38965 0.1456783330
38972 0.1374411207
39021 0.1261601920
39103 0.1117577542
39523 0.0920427639
39634 0.0915063557
39680 0.0788695364
39840 0.0751741448
40020 0.0750472261
40069 0.0603254446
40160 0.0541785846
40186 0.0505944648
40365 0.0499571917
40482 0.0464152410
40629 0.0422653406
40705 0.0404805519
40720 0.0376484077
40722 0.0343864592
40883 0.0292703794
40949 0.0275454539
40977 0.0255615507
41036 0.0231116924
41060 0.0226322887
41101 0.0211815383
41156 0.0170297724
41300 0.0156361808
41468 0.0133947551
41511 0.0122027151
41672 0.0096696369
41732 0.0081206100
41820 0.0070031335
41879 0.0069148764
41895 0.0051928687
41909 0.0051655654
42127 0.0049109383
42146 0.0048360449
42235 0.0045753117
42237 0.0027329791
42495 0.0024843146
42572 0.0024306293
42573 0.0022052882
42679 0.0018992060
42729 0.0017048475
42755 0.0013969676
42774 0.0012805940
42829 0.0011153313
42945 0.0009922006
42995 0.0009327499
43014 0.0009214512
43067 0.0008096491
43108 0.0007413116
43130 0.0005900440
43207 0.0003156694
43400 0.0002848191
43476 0.0002624155
43548 0.0002195201
43669 0.0002164459
43708 0.0001655852
43716 0.0001623743
43717 0.0001442471
43727 0.0001348129
43761 0.0001105058
43779 0.0001056668
43893 0.0000911388
43942 0.0000682220
43989 0.0000616363
44077 0.0000373072
44280 0.0000366398
44334 0.0000341679
44394 0.0000312799
44397 0.0000310034
44431 0.0000229796
44434 0.0000227685
44461 0.0000210262
44523 0.0000194266
44533 0.0000177512
44613 0.0000122485
44647 0.0000068775
44881 0.0000050718
45185 0.0000041128
45221 0.0000035911
45281 0.0000034156
45316 0.0000031253
45347 0.0000030271
45427 0.0000016155
45559 0.0000011866
45646 0.0000011180
45687 0.0000007910
45949 0.0000007346
45983 0.0000007034
45987 0.0000005043
46108 0.0000004598
46125 0.0000003591
46163 0.0000003532
46192 0.0000002748
46197 0.0000002343
46365 0.0000001777
46396 0.0000001510
46433 0.0000001399
46460 0.0000001309
46552 0.0000001299
46554 0.0000001120
46629 0.0000000803
46698 0.0000000715
46713 0.0000000627
46735 0.0000000606
46797 0.0000000594
46807 0.0000000576
46852 0.0000000558
46856 0.0000000541
46858 0.0000000425
46919 0.0000000411
46957 0.0000000346
47045 0.0000000334
47070 0.0000000286
47110 0.0000000256
47113 0.0000000133
47360 0.0000000096
47379 0.0000000085
47439 0.0000000063
47476 0.0000000062
47686 0.0000000048
47727 0.0000000043
47760 0.0000000042
47762 0.0000000040
47796 0.0000000034
47868 0.0000000025
47938 0.0000000019
48000 0.0000000019
48004 0.0000000015
48035 0.0000000011
48177 0.0000000010
48318 0.0000000010
48382 0.0000000010
48387 0.0000000009
48397 0.0000000009
48418 0.0000000007
48448 0.0000000007
48469 0.0000000006
48502 0.0000000005
48517 0.0000000004
48577 0.0000000003
48683 0.0000000002
48730 0.0000000002
48862 0.0000000002
48902 0.0000000002
48935 0.0000000001
48985 0.0000000001
49178 0.0000000001
49261 0.0000000000
49262 0.0000000000
49316 0.0000000000
49365 0.0000000000
49375 0.0000000000
49377 0.0000000000
49394 0.0000000000
49659 0.0000000000
49678 0.0000000000
49855 0.0000000000
49968 0.0000000000
49974 0.0000000000
50040 0.0000000000
50070 0.0000000000
50101 0.0000000000
50190 0.0000000000
50230 0.0000000000
50309 0.0000000000
50318 0.0000000000
50319 0.0000000000
50335 0.0000000000
50351 0.0000000000
50403 0.0000000000
50533 0.0000000000
50549 0.0000000000
50596 0.0000000000
50801 0.0000000000
50828 0.0000000000
50873 0.0000000000
50908 0.0000000000
50971 0.0000000000
51012 0.0000000000
51188 0.0000000000
51332 0.0000000000
51434 0.0000000000
51834 0.0000000000
51989 0.0000000000
evaluations raw_y
1 469173.7542199590
3 224764.9971438788
8 137738.4613782633
12 59664.1354460084
33 33430.0135136228
35 27980.3627178487
119 27806.7824461153
133 21361.9306117470
274 13273.0162258898
275 12174.2555705620
328 11631.3468811874
337 4717.9814303681
395 3837.5479243188
602 2857.5411948578
666 2632.8815184608
685 1776.5989792653
762 1757.2153945786
790 1523.2853519180
806 1341.4861639994
818 1010.6742082858
873 743.0171676478
963 547.5967915678
1080 449.9540502527
1205 381.5930446786
1214 379.2645839613
1270 229.3809083018
1384 181.0992447457
1397 120.5105545960
1641 116.2711056091
1717 86.8919286033
1833 78.9611579654
1889 65.6620347105
2049 65.3397163298
2059 64.8068460416
2061 58.9441340768
2091 49.8830594622
2106 47.2602474383
2190 47.2277941024
2208 46.5780610573
2223 42.0847677854
2243 37.7614959628
2281 33.6666860231
2365 29.4526482837
2459 28.7969729268
2473 26.6846490121
2561 25.6620508059
2618 22.7509554182
2753 22.6386294416
2768 21.4345747857
2843 21.1960678050
2871 21.1960578841
2912 20.8973205917
2928 20.7141889162
2939 20.5483024090
2961 20.0324699503
3043 19.6053122929
3099 19.4742321401
3190 19.4147992606
3219 19.3501692716
3228 19.1192355020
3278 19.0161984310
3304 18.7844142315
3542 18.7510170526
3553 18.7316492078
3580 18.6843003484
3667 18.6474379713
3686 18.5960762757
3714 18.4779781707
3861 18.4109643565
3908 18.4101716142
3958 18.4015793197
3986 18.3669521873
4017 18.3265302687
4070 18.2958651435
4122 18.2607445944
4189 18.2505334199
4191 18.2487010825
4251 18.2467792906
4282 18.2265339186
4300 18.1831640710
4303 18.1508121016
4366 18.1377226699
4494 18.0635758311
4505 18.0598249442
4616 17.9314103831
4975 17.9175638241
5000 17.8819687514
5084 17.8532418907
5139 17.6013380703
5260 17.4312940209
5503 17.3857974937
5552 17.3636675597
5598 17.0841143106
5765 16.9940383154
5923 16.8783643054
6116 16.7861168397
6132 16.7666396864
6145 16.7620525520
6172 16.7567508232
6223 16.6851193760
6227 16.5473749785
6423 16.4192589995
6453 16.3383274415
6593 16.2357306975
6915 16.1950414741
6946 16.1787697685
7023 16.1338426162
7028 16.0397799721
7061 16.0240667028
7114 16.0186452986
7116 15.9135895828
7133 15.9003698544
7383 15.8353934324
7505 15.8325866171
7506 15.7980718466
7507 15.7435987248
7532 15.5622375364
7663 15.5394420808
7695 15.4399320990
7836 15.3157458013
7885 15.2756665368
8143 15.1736735941
8484 15.1570956840
8510 15.1480391048
8527 15.1188460096
8530 15.1163811298
8537 14.9614999399
8658 14.8191846638
8852 14.7776616592
9016 14.6434424255
9360 14.5360751258
9477 14.4504317558
9503 14.4081857043
9523 14.4020780983
9676 14.3683071967
9697 14.2520128672
9821 14.1578328765
9868 14.0225634386
9936 14.0054027930
10010 13.9776734131
10250 13.8311101814
10427 13.7771590721
10434 13.7723387401
10442 13.7520683264
10458 13.6301955647
10475 13.6152144430
10508 13.6001619054
10751 13.5974596915
10899 13.5163731868
11066 13.5054859435
11112 13.4895886050
11157 13.4626179129
11177 13.4119450894
11181 13.4052655144
11195 13.3711356607
11227 13.3377607630
11228 13.2972984519
11349 13.2673618475
11400 13.2381833165
11416 13.2200962314
11432 13.1875551559
11474 13.1072714534
11831 13.0126365931
11834 13.0000754155
11877 12.9627203228
11986 12.8643110212
12168 12.8586835981
12225 12.7038651988
12466 12.6648982592
12482 12.6639050685
12526 12.6291825892
12636 12.6186940621
12677 12.5119305993
12682 12.4825668566
12845 12.4481718931
12996 12.3792900829
13028 12.3355031674
13258 12.3012791991
13285 12.1816683077
13532 12.1313060659
13582 12.0570717941
13723 12.0123025642
13732 11.9629491169
13812 11.9283525206
13829 11.9004116933
13859 11.8882921923
13871 11.8286514885
13911 11.7115294971
14425 11.6790453901
14462 11.6646422205
14485 11.6299395780
14513 11.5503244888
14589 11.5140220405
14596 11.4596438161
14621 11.4547359515
14644 11.4427338059
14673 11.4206860629
14696 11.3318089408
14918 11.3247298424
14925 11.3191503365
14972 11.2666851831
15016 11.2345149051
15024 11.2272735868
15042 11.1916182386
15056 11.1799245251
15064 11.1482335182
15176 11.0937558764
15202 11.0786092773
15206 11.0703446107
15594 11.0494570052
15666 10.9239078546
15669 10.8660254733
15679 10.8365890860
15741 10.7906978744
15894 10.7417353831
15947 10.6759760330
16343 10.6434433587
16350 10.6339106799
16356 10.6160755110
16386 10.5409377847
16419 10.4624704267
16595 10.3163742255
16841 10.2820166430
16852 10.2792100173
16882 10.2475974056
16932 10.1082243953
17210 10.0572881652
17238 10.0175555039
17281 9.9831952717
17560 9.9532508711
17592 9.8801749915
17594 9.7705800734
17784 9.7136022333
17806 9.6541035971
17954 9.5620950107
18216 9.4805861498
18318 9.4494251856
18337 9.4080025127
18345 9.3702201051
18416 9.3212653330
18468 9.3177670020
18489 9.2898536329
18692 9.2840751376
18698 9.2740096538
18759 9.2174517261
18828 9.1972586969
18905 9.1706844923
19015 9.1702571667
19016 9.1614414809
19044 9.1102294582
19125 9.1085225960
19141 9.0671049679
19181 9.0465321459
19193 9.0101194206
19221 8.9967781882
19255 8.9951200516
19298 8.9514355136
19488 8.9277168707
19523 8.9045406877
19580 8.8296153154
19623 8.7911391466
19691 8.7733712677
19780 8.7385351501
19866 8.7079733501
19894 8.6996199092
19992 8.5841950130
20247 8.5441891632
20290 8.4527968108
20380 8.4435987751
20397 8.4236487555
20429 8.3928336996
20452 8.3913069801
20492 8.3181282725
20702 8.2824493326
20721 8.2327827107
20736 8.2176030686
20824 8.1558202969
20993 8.0798326963
21034 8.0254722824
21102 7.9779714939
21201 7.9601089587
21202 7.9106787297
21361 7.8611150255
21475 7.8429769536
21566 7.8385616083
21584 7.8060218271
21628 7.7452205218
21708 7.6821929038
21742 7.6505762316
21807 7.6458744947
21854 7.6281139231
21904 7.6238897804
21959 7.6232471822
22000 7.5444836307
22105 7.5386448917
22117 7.4809391268
22223 7.4718387015
22258 7.4168104507
22274 7.4141782978
22362 7.3681727481
22527 7.3603844089
22544 7.3109929537
22625 7.2628649443
22757 7.2600717912
22761 7.2358110128
22786 7.2145724095
22818 7.1179768186
23310 7.0518192939
23576 6.9924134243
23669 6.9638344739
23702 6.9473459380
23732 6.9075365899
23734 6.6747904848
23742 6.4510226285
23895 6.4096584315
23930 6.3453129099
23976 6.1717540662
24479 6.1260373291
24503 6.0909049990
24567 6.0049143751
24612 5.9954955478
24634 5.8981657026
24810 5.8717395184
24831 5.8648480048
24865 5.8261767838
25048 5.8235964542
25265 5.8220601093
25268 5.7825172856
25339 5.7321768067
25358 5.7262024127
25424 5.6323359345
25474 5.4685440656
25586 5.3964268346
25802 5.3622942541
25825 5.2806839754
26035 5.2397278371
26111 5.2320906925
26133 5.2134244766
26282 5.1240365238
26469 5.0951191576
26531 5.0621318445
26551 5.0333383158
26567 4.9836646544
26583 4.9606853661
26837 4.9582192976
27031 4.8919267552
27120 4.7609376068
27397 4.7086082856
27476 4.6409960411
27567 4.6356141473
27666 4.5652858297
27712 4.4852401612
27870 4.4483514478
27900 4.4333375184
27947 4.4150833264
27991 4.3415953485
28144 4.3374456948
28149 4.3342310627
28155 4.3319917953
28252 4.2500470954
28285 4.1793871615
28496 4.1453068131
28581 4.1353677829
28617 4.1288190108
28632 4.0932323494
28637 4.0849907261
28761 4.0151758431
28896 4.0056290727
28939 3.9342910032
28969 3.9229615152
29014 3.9077384074
29083 3.9069606720
29187 3.7903169759
29328 3.7145625747
29593 3.5548439166
29653 3.5214150344
29672 3.5098177354
29766 3.4694107991
29820 3.4629460823
29965 3.4577592342
29971 3.3510099701
30018 3.2351497380
30093 3.2309054935
30228 3.1184564003
30698 3.0720559850
30713 3.0657510032
30737 2.7917092727
30866 2.7842051335
30961 2.7608284951
30989 2.7445216496
31032 2.6522385957
31241 2.5672702908
31473 2.5375937051
31535 2.5122788811
31543 2.4615507844
31586 2.4033589297
31733 2.4021137017
31780 2.4019521365
31782 2.3590296707
31818 2.3272695567
31997 2.2717315883
32018 2.2491533177
32021 2.1659758150
32145 2.1481951198
32154 2.1148979131
32382 2.0997425804
32464 2.0950846305
32487 2.0834065581
32494 2.0656342041
32586 2.0307921275
32659 2.0110961468
32715 1.9904622861
32797 1.9074193217
32974 1.8772441426
33104 1.8204948997
33137 1.8027232991
33141 1.7204119013
33387 1.7099759687
33481 1.6942711921
33545 1.6513322794
33744 1.5778417762
33791 1.5740086761
33823 1.5284633757
33955 1.4555803814
33969 1.4352584904
34011 1.3684374079
34181 1.3149325559
34259 1.2486748801
34274 1.2419060198
34427 1.1742019301
34634 1.1291064484
34695 1.1213812543
34844 1.0783096850
34980 1.0522257331
35035 1.0118000073
35065 0.9815590751
35296 0.9685971089
35345 0.9644934084
35358 0.9414485148
35449 0.9250300617
35458 0.8999155628
35590 0.8989734303
35599 0.8916287954
35689 0.8663281884
35818 0.8493682271
35843 0.8428438371
35876 0.8216153714
35906 0.7860907425
35914 0.7734848762
36026 0.7509614804
36312 0.7371862996
36390 0.7200697424
36463 0.7040409700
36503 0.6854796241
36537 0.6554854660
36538 0.6456670000
36670 0.5704426867
37061 0.5692951975
37137 0.5683853299
37162 0.5536162439
37367 0.5341010982
37403 0.4996322375
37463 0.4386711315
37605 0.4315116916
37745 0.4162109125
37757 0.4041810218
37769 0.3989350944
37853 0.3986691087
37869 0.3778506264
37915 0.3723273945
37992 0.3556921254
38068 0.3536381234
38073 0.3266385829
38081 0.3110136424
38213 0.3074589464
38261 0.3030169717
38482 0.2957718643
38485 0.2913814607
38514 0.2166987571
38821 0.1952322100
39129 0.1921451483
39195 0.1732570317
39282 0.1678538621
39303 0.1674354036
39323 0.1672833661
39328 0.1549977276
39402 0.1502801870
39420 0.1381387797
39624 0.1305417625
39719 0.1229624944
39789 0.1090167467
39845 0.1044928372
39863 0.1032784225
40018 0.1027578990
40038 0.0863351365
40180 0.0840869912
40193 0.0781223025
40541 0.0647750509
40558 0.0582369145
40659 0.0542008349
40832 0.0533458346
40876 0.0516677916
40901 0.0452896306
40908 0.0430807085
40978 0.0407164491
41026 0.0405488961
41084 0.0328478083
41200 0.0318571346
41209 0.0286838560
41361 0.0261562781
41363 0.0219557184
41376 0.0192994464
41680 0.0185414123
41690 0.0162048216
41739 0.0139923899
41863 0.0132606213
41891 0.0114264142
41923 0.0105306238
41971 0.0103204431
42008 0.0083139883
42050 0.0078078592
42213 0.0073772338
42223 0.0051738801
42426 0.0050695139
42499 0.0038745916
42757 0.0035702421
42765 0.0031859530
42806 0.0029628111
42965 0.0029154006
42967 0.0027176585
43027 0.0022499504
43071 0.0019578431
43087 0.0014418289
43159 0.0014205883
43229 0.0011676061
43236 0.0009716850
43450 0.0009283499
43580 0.0009030834
43594 0.0008850858
43642 0.0008100354
43672 0.0005668915
43702 0.0004530112
43845 0.0003861102
44105 0.0003397343
44209 0.0003005394
44264 0.0002663253
44306 0.0002555067
44349 0.0002273991
44353 0.0001319451
44506 0.0001303436
44679 0.0001280995
44708 0.0001242396
44776 0.0000567818
44782 0.0000561153
44890 0.0000404928
45237 0.0000315858
45314 0.0000294344
45340 0.0000229190
45432 0.0000204840
45490 0.0000190256
45583 0.0000160266
45587 0.0000159470
45628 0.0000149917
45634 0.0000126999
45653 0.0000117659
45663 0.0000116938
45683 0.0000044798
45972 0.0000036700
46131 0.0000023603
46336 0.0000011355
46694 0.0000009249
46781 0.0000008043
46827 0.0000006376
46842 0.0000006192
46864 0.0000005741
46896 0.0000004919
46952 0.0000004082
47012 0.0000003776
47023 0.0000003342
47058 0.0000002258
47197 0.0000001758
47277 0.0000001632
47302 0.0000001183
47423 0.0000000981
47459 0.0000000795
47478 0.0000000641
47552 0.0000000612
47609 0.0000000474
47620 0.0000000426
47667 0.0000000311
47785 0.0000000289
47817 0.0000000219
47852 0.0000000181
47870 0.0000000167
48007 0.0000000164
48098 0.0000000134
48149 0.0000000087
48262 0.0000000087
48303 0.0000000060
48427 0.0000000051
48478 0.0000000043
48509 0.0000000032
48671 0.0000000028
48699 0.0000000023
48741 0.0000000018
48927 0.0000000016
49025 0.0000000015
49038 0.0000000015
49082 0.0000000010
49170 0.0000000008
49260 0.0000000005
49416 0.0000000004
49429 0.0000000003
49482 0.0000000003
49500 0.0000000003
49523 0.0000000002
49625 0.0000000002
49722 0.0000000001
49825 0.0000000001
49873 0.0000000001
49939 0.0000000001
50068 0.0000000001
50103 0.0000000001
50235 0.0000000000
50264 0.0000000000
50305 0.0000000000
50367 0.0000000000
50387 0.0000000000
50391 0.0000000000
50425 0.0000000000
50429 0.0000000000
50513 0.0000000000
50551 0.0000000000
50711 0.0000000000
50802 0.0000000000
50888 0.0000000000
50994 0.0000000000
51045 0.0000000000
51126 0.0000000000
51134 0.0000000000
51259 0.0000000000
51381 0.0000000000
51413 0.0000000000
51415 0.0000000000
51472 0.0000000000
51552 0.0000000000
51656 0.0000000000
51675 0.0000000000
51692 0.0000000000
51737 0.0000000000
51773 0.0000000000
51858 0.0000000000
51908 0.0000000000
51924 0.0000000000
51959 0.0000000000
52088 0.0000000000
52185 0.0000000000
52347 0.0000000000
52475 0.0000000000
52879 0.0000000000
evaluations raw_y
1 1163883.4107439630
2 705320.0535242656
4 388575.2210413768
47 374375.2549402745
48 195950.3437443234
67 166157.5927956155
75 113667.2640908609
106 103144.4667974834
174 100356.5896348877
191 69925.7438057533
204 63644.9276133447
242 56268.0374868105
361 48684.2105870746
544 34777.3717843762
550 30089.8873619005
565 26474.2085109854
577 21441.5360047058
636 13080.6358285035
692 9639.2699858428
708 8996.6896591664
807 8858.4869834930
810 7281.3067725833
824 4572.4557925737
865 4122.9279179290
893 3620.4763696649
1042 2446.9449830183
1097 2403.1381693126
1122 1974.5548212856
1142 1881.3450725592
1174 1712.0389670620
1198 1194.9341522491
1255 1096.6010854688
1305 624.0941369737
1501 607.5031313774
1604 365.4276585993
1671 214.2024764950
1913 172.2334604369
1978 147.3076838793
1995 144.5803523433
2007 122.6009328265
2185 117.0184462710
2186 109.7852144169
2233 99.8568503253
2253 92.8091646386
2297 80.7266423451
2338 79.2641966669
2375 56.2937916475
2396 54.1449577914
2454 49.0683904412
2503 48.5993970230
2548 39.5547786117
2625 38.4426254284
2629 36.9702742377
2678 36.1172287476
2694 33.6128478490
2699 31.3625689960
2770 26.7091141532
2937 25.7929032677
3002 25.3328392526
3004 24.8337279634
3030 24.0083797777
3043 23.8922172599
3058 23.4768780888
3109 22.7941597867
3122 22.4484573687
3175 22.4393181561
3200 21.5506039730
3222 21.1398907136
3381 20.6675619076
3458 20.5620015586
3466 20.4843111126
3481 20.0166652947
3595 19.8732382664
3633 19.6505963411
3680 19.5840604710
3792 19.4852121705
3857 19.4568178163
3861 19.4350011638
3972 19.4055637844
4017 19.3745516828
4090 19.3678639141
4092 19.3518100474
4150 19.3507736206
4180 19.2865942058
4288 19.2553197214
4293 19.2508223496
4322 19.2433293779
4433 19.2153209213
4442 19.1882389764
4484 19.1639496852
4548 19.0787455055
4946 19.0182564886
4981 18.9584945975
5173 18.8976382878
5330 18.8514299050
5656 18.8314775254
5657 18.7904064149
5669 18.6661470123
5762 18.6640786422
5777 18.6560689815
5849 18.6081650557
5973 18.3988854492
6064 18.3250911824
6066 18.1768752661
6326 18.1547475601
6418 18.1146405524
6421 17.8783516319
6523 17.8641316533
6559 17.8365654216
6685 17.7817913652
6689 17.7593239112
6716 17.7373718184
6829 17.6935150480
6894 17.6672533598
6908 17.6528459861
6930 17.5688465168
6936 17.4739458715
7092 17.4373610959
7100 17.2797834135
7291 17.1791136340
7541 17.1401764591
7597 17.0376047202
7871 16.9885992346
7873 16.9523745234
7958 16.9444126340
7975 16.8097626247
8267 16.7553927298
8353 16.7225117584
8387 16.6952113417
8390 16.6588615282
8393 16.6573339715
8417 16.6513886174
8464 16.6345513408
8562 16.4296151698
8576 16.3499419241
8706 16.3402712683
8738 16.2812162016
8794 16.2473815215
8865 16.2176558888
8894 16.1863541804
8935 16.1557451705
8981 16.1138490636
9031 16.0945173151
9179 16.0556912652
9263 15.9205248280
9306 15.8453030087
9420 15.7554678750
9440 15.7450900492
9446 15.7200554098
9476 15.7104994792
9545 15.6546236745
9974 15.6069874358
9987 15.5794948185
10005 15.5124741075
10035 15.4467579995
10105 15.4030558069
10248 15.3958488762
10292 15.2815236496
10360 15.1949397062
10466 15.1695449715
10523 15.0397518700
10555 15.0265142054
10620 14.9345678730
10781 14.8827625023
10887 14.8466012426
10906 14.7994776107
10941 14.7382750835
11067 14.7015592590
11073 14.6899725128
11120 14.6507027781
11121 14.6170333376
11174 14.5645204676
11274 14.4716921208
11381 14.4215237477
11764 14.3980607775
11853 14.3463816117
11881 14.1708878642
11919 14.0086269474
12361 13.9717030091
12410 13.9344571399
12486 13.8785693260
12501 13.8596433857
12610 13.8366535662
12630 13.8253808811
12639 13.7895939205
12672 13.7233225750
12731 13.6576679556
12779 13.5611906769
12866 13.5397869454
13062 13.5390765566
13132 13.4743313873
13237 13.4319916918
13291 13.4003030074
13540 13.3500267723
13587 13.3316348869
13601 13.3006606407
13633 13.2962022667
13688 13.1263608320
13978 13.1191810216
13989 13.1070727004
14028 13.0218872441
14059 12.8959084114
14365 12.8826527465
14379 12.8446581585
14440 12.8289270766
14478 12.7994711713
14499 12.7992481426
14604 12.7520203525
14688 12.7169491299
14710 12.6704350031
14818 12.6656339802
14823 12.6293207532
14833 12.6197463216
15019 12.5995721459
15063 12.4795785258
15391 12.4340196193
15427 12.4264098707
15614 12.2587704570
15702 12.1367908612
15729 12.1233739095
15747 12.1074992798
15805 12.0720447297
15975 12.0205745055
15992 11.9916587901
16191 11.9835114795
16316 11.7210666252
16403 11.6798235033
16722 11.6418988992
16751 11.5234260609
16824 11.4603211756
16860 11.4195169806
16895 11.4076103240
17152 11.2984651641
17179 11.2526746282
17239 11.1813509327
17400 11.1651098909
17454 11.1536762347
17492 10.9862528544
17779 10.9856392276
17825 10.9773306347
17826 10.9581129861
17830 10.9496432230
17887 10.8764483736
17889 10.8595630846
17916 10.8458313896
17931 10.7409437539
17994 10.6800890604
18188 10.5811128082
18474 10.4678302008
18595 10.4452228534
18737 10.4327922723
18745 10.4255440888
18775 10.3601847918
18826 10.3532894389
18834 10.3510910043
18898 10.3431529215
18956 10.3169283179
19013 10.2699860253
19075 10.2358381072
19118 10.2059043185
19146 10.2056263865
19182 10.1886419231
19201 10.1536420290
19241 10.1212250346
19318 10.0795694085
19393 10.0757484357
19454 10.0062146653
19499 9.9847378505
19741 9.9107876510
19745 9.8012143040
20020 9.6498226180
20206 9.6159865754
20217 9.3503508692
20988 9.1787171509
21137 9.1461503441
21141 8.9986023282
21188 8.9918667815
21249 8.9835290383
21276 8.9092551432
21314 8.7227102818
21581 8.6806738577
21714 8.5872282143
21798 8.5385005296
22129 8.4776758268
22294 8.4540292546
22318 8.4467216213
22348 8.3247478150
22508 8.3139271633
22584 8.3032295759
22668 8.2871613470
22677 8.2394398339
22718 8.2367856781
22725 8.2283567689
22779 8.1489945639
23028 8.0823438244
23132 8.0813262910
23173 7.9877543349
23233 7.9224177436
23251 7.9018464128
23304 7.6853866397
23649 7.5960617435
23752 7.5529769473
24033 7.5481156465
24039 7.4746926850
24044 7.4370724574
24082 7.3725609167
24155 7.3037977211
24162 7.2390487591
24177 7.2046390207
24233 7.1491180521
24287 7.1137865189
24786 7.0776990999
24855 7.0249234689
24960 7.0121764628
24970 6.8636463558
25309 6.7870658624
25376 6.7644940085
25391 6.6332747245
25535 6.6154357030
25599 6.6139777514
25609 6.6078888986
25619 6.5278258312
25695 6.5241759744
25716 6.5228861263
25737 6.4290432535
25786 6.4176422370
25897 6.3957079165
25906 6.3051088036
26128 6.3028297454
26217 6.2900053591
26255 6.1936371033
26268 6.1793259397
26421 6.1750573288
26479 6.1358859909
26509 6.0847450226
26531 6.0253467168
26687 6.0152009398
26719 5.9549897162
26901 5.9213806794
27021 5.9112233222
27025 5.8682334680
27083 5.8264832824
27135 5.8114368286
27157 5.7531816248
27316 5.6637977897
27414 5.5915303044
27467 5.5793682607
27646 5.5426789620
27756 5.4207864153
27872 5.3686895260
27980 5.3163273010
28049 5.2641584056
28056 5.2241419647
28166 5.1859361662
28432 5.0904627324
28618 5.0333083580
28695 4.9814644333
28783 4.9567070557
28816 4.9490454831
28831 4.8111329134
28878 4.7989385936
28982 4.7858149966
28993 4.6399412692
29339 4.6348093517
29362 4.6079640346
29367 4.5853448814
29376 4.5678756417
29455 4.5462368187
29458 4.5251802895
29459 4.5024694759
29469 4.4860187546
29529 4.4127205749
29581 4.3481618299
29634 4.3302033879
29661 4.2673643415
29720 4.2366967926
29724 4.1969183277
29997 4.1582840615
30059 4.1549467380
30102 4.1466806921
30120 4.1122911122
30145 4.0817244955
30379 3.9935406354
30423 3.9613745138
30604 3.9414690581
30656 3.8670586205
30717 3.8152814721
30787 3.7860357630
30883 3.6832676938
31036 3.6669746098
31530 3.6638527324
31531 3.5809595776
31612 3.4835883526
31714 3.4710522666
31850 3.4697721890
31890 3.4449090170
31902 3.4299784949
31922 3.4280666340
31971 3.3687810114
31984 3.3687173982
31999 3.3201936521
32103 3.2860553243
32139 3.2798788376
32144 3.1987644226
32498 3.1921117438
32568 3.1654796721
32651 3.1498113146
32730 3.0813772022
32863 2.9788887899
32938 2.9326004351
33129 2.9029465291
33384 2.7583776746
33500 2.7423462983
33542 2.7327980209
33556 2.6640524372
33569 2.5910686715
33738 2.5738795813
33739 2.5571212926
33793 2.5210097739
34030 2.4671812299
34038 2.4670783424
34064 2.4447598112
34094 2.4071427165
34372 2.3462939213
34437 2.2845058043
34470 2.2703018936
34530 2.2653286996
34543 2.2641528441
34635 2.2477379378
34666 2.2139923120
34760 2.1921965849
34798 2.1608119411
34802 2.1601305246
34805 2.0880607729
34925 2.0692707416
34966 2.0691607706
35051 2.0130645422
35129 1.9465078111
35187 1.9075028303
35426 1.8718164725
35664 1.8401972510
35692 1.8044713264
35697 1.7719457592
35736 1.7104428093
35785 1.6534312789
36109 1.5198367456
36217 1.3742631619
36466 1.2675827141
36601 1.2409682654
36675 1.1972048103
36770 1.0548649505
36992 1.0338340361
37141 1.0302171488
37187 1.0300408377
37255 0.9961629179
37434 0.9170341808
37477 0.8754960141
37544 0.8537597497
37737 0.8393096625
37751 0.7772637019
37981 0.7084296458
38160 0.6677244122
38304 0.6637633333
38346 0.6606819746
38350 0.6465936655
38379 0.6368874676
38440 0.6302758659
38442 0.6270672986
38502 0.5969264599
38555 0.5833237393
38586 0.5796440245
38772 0.5177073735
38957 0.4757251781
39156 0.4395671496
39309 0.4380530025
39328 0.4264210778
39333 0.4121540445
39379 0.4091178831
39396 0.4068084193
39421 0.3878967920
39457 0.3438954355
39656 0.3278365499
39746 0.3255957036
39801 0.3090969361
39900 0.2756777221
39993 0.2744713706
39994 0.2529084559
40307 0.2511446627
40400 0.2347690986
40521 0.2192073362
40648 0.2088807711
40682 0.1905812522
40888 0.1687756240
40926 0.1667252050
40995 0.1560549915
41139 0.1556129821
41199 0.1505845678
41241 0.1418837496
41272 0.1382378247
41376 0.1292812260
41448 0.1217655126
41548 0.1202618863
41632 0.1157573144
41659 0.1082609842
41725 0.1070178352
41761 0.1051378080
41768 0.0857334256
41811 0.0828424880
42054 0.0806601265
42177 0.0760959477
42260 0.0722353389
42292 0.0703078831
42305 0.0529958351
42440 0.0449106582
42778 0.0438573190
42850 0.0275581336
42913 0.0269779079
42955 0.0267496583
43052 0.0238851543
43242 0.0236827168
43258 0.0216973273
43288 0.0213728148
43295 0.0210150451
43305 0.0209051257
43306 0.0205873649
43327 0.0173063244
43519 0.0172471062
43581 0.0167460744
43701 0.0164796311
43749 0.0145710334
43768 0.0136537886
43789 0.0109658433
43803 0.0099677989
44038 0.0099123299
44044 0.0079321547
44130 0.0055767404
44180 0.0047338185
44217 0.0047162872
44244 0.0046830743
44391 0.0023744384
44696 0.0019657113
44758 0.0016784198
44819 0.0015230411
44821 0.0011509396
44863 0.0011204617
45084 0.0010438191
45096 0.0009304586
45293 0.0008994766
45410 0.0008603034
45426 0.0008415971
45433 0.0008219116
45460 0.0006030755
45490 0.0005382236
45493 0.0005119274
45552 0.0004166364
45630 0.0004019708
45655 0.0002247599
45834 0.0002098659
45922 0.0001771683
45956 0.0001555042
45994 0.0001473862
46009 0.0000683309
46221 0.0000681919
46315 0.0000559024
46392 0.0000539008
46405 0.0000399329
46410 0.0000244587
46478 0.0000152174
46826 0.0000126174
46899 0.0000119298
46905 0.0000067980
47122 0.0000062676
47276 0.0000056610
47365 0.0000054635
47395 0.0000051200
47486 0.0000044842
47542 0.0000044439
47596 0.0000034530
47719 0.0000024088
47786 0.0000020366
47942 0.0000019757
47961 0.0000017301
47966 0.0000015690
48040 0.0000013556
48050 0.0000013204
48122 0.0000013157
48193 0.0000011674
48209 0.0000011276
48216 0.0000009654
48265 0.0000006965
48267 0.0000005925
48318 0.0000005818
48328 0.0000005717
48350 0.0000003751
48548 0.0000002943
48664 0.0000002776
48709 0.0000002708
48726 0.0000001927
48824 0.0000001478
48841 0.0000001465
48863 0.0000001388
48913 0.0000000965
48940 0.0000000841
49006 0.0000000793
49026 0.0000000753
49036 0.0000000737
49106 0.0000000710
49121 0.0000000690
49145 0.0000000519
49159 0.0000000422
49386 0.0000000358
49458 0.0000000353
49488 0.0000000291
49491 0.0000000208
49631 0.0000000193
49716 0.0000000168
49793 0.0000000113
49864 0.0000000113
49881 0.0000000089
49916 0.0000000068
50027 0.0000000053
50080 0.0000000041
50139 0.0000000039
50178 0.0000000035
50249 0.0000000021
50413 0.0000000017
50501 0.0000000016
50511 0.0000000012
50657 0.0000000010
50711 0.0000000009
50741 0.0000000006
50799 0.0000000005
50836 0.0000000004
51066 0.0000000004
51120 0.0000000003
51121 0.0000000003
51127 0.0000000002
51199 0.0000000002
51277 0.0000000001
51289 0.0000000001
51411 0.0000000001
51533 0.0000000001
51663 0.0000000001
51698 0.0000000000
51719 0.0000000000
51816 0.0000000000
51933 0.0000000000
51982 0.0000000000
52060 0.0000000000
52130 0.0000000000
52168 0.0000000000
52341 0.0000000000
52435 0.0000000000
52530 0.0000000000
52587 0.0000000000
52588 0.0000000000
52609 0.0000000000
52646 0.0000000000
52653 0.0000000000
52689 0.0000000000
52769 0.0000000000
52786 0.0000000000
52796 0.0000000000
52849 0.0000000000
52883 0.0000000000
52963 0.0000000000
53045 0.0000000000
53088 0.0000000000
53192 0.0000000000
53225 0.0000000000
53260 0.0000000000
53395 0.0000000000
53424 0.0000000000
53433 0.0000000000
53576 0.0000000000
53648 0.0000000000
53748 0.0000000000
53804 0.0000000000
53889 0.0000000000
54057 0.0000000000
54559 0.0000000000
