evaluations raw_y
1 7228.6483528554
8 4987.3606989776
14 3925.5606733546
18 3056.5430290923
56 2869.4076653321
57 2703.7580782934
146 2460.4604896382
399 2386.8692857962
410 2274.8332763412
414 2249.2623859487
547 1973.9456625636
712 1929.3312976362
724 1814.6379839464
895 1809.6320476254
1070 1801.7272275740
1132 1560.6591277494
1287 1506.6871437013
1421 1473.9605782139
23814 1310.9440878665
24610 1090.1638647316
27067 1046.1008980626
27109 1039.8233086536
27243 979.6964109755
27274 869.5738713496
27600 831.1705780422
29215 738.4416984159
30483 699.9555389480
31052 670.4193809664
31784 609.0254960163
32142 593.6283286792
32682 593.4630695207
33579 573.8322186265
33581 552.4486132556
33616 549.7757584440
33859 534.7426832788
33984 532.2474098313
34307 530.1703425848
34508 518.9947629068
34603 514.2740219795
34612 492.6485401586
34777 473.8921935074
35980 437.2954049372
36881 436.8531035049
37265 434.5664136293
37395 421.0781883996
37660 407.8047782502
38319 391.3850697129
38429 377.8426708436
38464 354.2745407007
40236 346.1166313842
41125 329.6052765590
41982 296.5942133770
44070 291.3315545701
47304 272.6399276681
58970 254.2832229762
66106 253.6512069638
68455 238.3788515010
72307 235.2057367272
77223 201.7647159129
79315 201.5097156173
84280 183.7304523359
87316 154.5129942214
90329 154.4767326224
91297 136.2447314958
92262 134.2803313710
93891 134.0291246742
94175 132.7507842033
94814 132.5728648206
95063 116.2346841132
95088 115.9364698574
95555 102.6173447491
96678 100.8654372005
97062 96.9391049136
97362 90.4357161390
97702 76.7243380768
98529 71.7955144403
99010 68.5063673713
99043 60.6262882094
99688 58.2123891232
99962 53.9128289284
100512 52.1457855689
100546 47.9171464106
102022 46.0101094615
102702 44.8920247827
102819 43.2000451961
103256 39.8119983642
103268 36.9689319054
104313 34.8941538914
105327 34.5256664978
105439 33.3118074283
105700 32.7287753029
105830 29.1706488209
107003 29.0305426082
107491 27.4891643250
108203 26.2375814163
109553 25.8219660781
110064 25.4845169927
110266 25.0432664247
110270 24.8876208611
110818 24.5974285452
111007 23.5958916253
112127 23.0962078471
112313 22.6726415806
112522 22.3919409099
112917 22.3614622587
113134 22.0906687298
113623 21.8673242561
113927 21.6827158384
114348 21.6434576202
114627 21.5701064972
114775 21.2237759740
114876 21.0943213910
115138 20.3508367061
116880 20.2707312998
117749 20.0931590243
117924 20.0612035221
118907 19.9468349778
119890 19.7608102706
120975 19.7098883944
121335 19.6662092648
121946 19.6294202991
122444 19.5839973669
122503 19.5738481572
122927 19.5364981630
123458 19.3843130642
123830 19.2890879138
125670 19.2802532762
126565 19.2179386168
127238 19.2049938940
127406 19.1779083971
127564 19.1702884207
127638 19.1521103975
128671 19.1338186592
128724 19.1276929342
128836 19.1253872571
128935 19.0848276981
129705 19.0617813941
130463 19.0468586777
130772 19.0370878911
131073 19.0352032073
131274 19.0176852159
131738 18.9938251463
132452 18.9859479572
133080 18.9823222556
133180 18.9713678769
134622 18.9688392005
134632 18.9629976797
134832 18.9548544506
135350 18.9505863689
135860 18.9494060016
135964 18.9457185764
136941 18.9417478544
137317 18.9369721769
138270 18.9354688677
138502 18.9326155043
138614 18.9291101363
138855 18.9196530975
140788 18.9173447026
142260 18.9169587652
142473 18.9140606649
142525 18.9131310329
144146 18.9120267206
144323 18.9119700889
144511 18.9118218205
144866 18.9112485663
145268 18.9090073489
145514 18.9089585320
145878 18.9085694040
145961 18.9084338135
146278 18.9070397648
148371 18.9069498331
148374 18.9066267215
148862 18.9066030185
148882 18.9060666906
149491 18.9060535466
150392 18.9058859958
150535 18.9057661785
150748 18.9052035094
152480 18.9050985258
152740 18.9050978374
153109 18.9050896995
153120 18.9049765936
153273 18.9049075207
153697 18.9048933542
154024 18.9046966056
155977 18.9046932432
156304 18.9046570313
156926 18.9046460784
157100 18.9046184002
157247 18.9046141872
157248 18.9045848360
157410 18.9045720341
157714 18.9045275660
157928 18.9044979193
158229 18.9044676934
158670 18.9044451007
159179 18.9044396093
159563 18.9044298474
159578 18.9044196046
159809 18.9043569227
161435 18.9043473385
161487 18.9043466652
162110 18.9043284303
162263 18.9043244660
162403 18.9043186539
162685 18.9043079401
162964 18.9043074697
163626 18.9042754212
165171 18.9042750468
165684 18.9042728347
165762 18.9042669892
166523 18.9042639704
166534 18.9042576007
167679 18.9042556801
167858 18.9042556656
168013 18.9042549181
168060 18.9042546812
168557 18.9042488247
168599 18.9042488194
168612 18.9042420148
169548 18.9042389594
170216 18.9042368854
170296 18.9042361489
171189 18.9042356461
171427 18.9042343394
171935 18.9042340737
172039 18.9042324877
172351 18.9042298605
172710 18.9042294178
173202 18.9042287127
173244 18.9042263981
173414 18.9042261904
173934 18.9042260641
173965 18.9042249496
175136 18.9042243901
175152 18.9042236933
175537 18.9042233486
175678 18.9042218996
177444 18.9042216762
177673 18.9042208536
178544 18.9042207470
180094 18.9042204638
180147 18.9042198017
181959 18.9042197005
182136 18.9042196949
182252 18.9042195376
182538 18.9042194657
182760 18.9042191791
183164 18.9042191503
183212 18.9042190455
183313 18.9042190126
183878 18.9042188694
184042 18.9042187458
184911 18.9042187416
185028 18.9042186336
185227 18.9042183465
186324 18.9042182165
187124 18.9042182143
187876 18.9042181890
188266 18.9042181815
188707 18.9042181714
188758 18.9042178646
192268 18.9042178265
192436 18.9042177916
192489 18.9042177775
193262 18.9042176401
193875 18.9042176158
194013 18.9042176037
195467 18.9042176025
195629 18.9042175929
195698 18.9042174610
195841 18.9042174503
196799 18.9042174209
196852 18.9042173836
197995 18.9042173304
198602 18.9042173002
199560 18.9042172861
199782 18.9042172560
199938 18.9042172414
200412 18.9042172388
200999 18.9042172130
201008 18.9042171911
202158 18.9042171651
202961 18.9042171400
204181 18.9042171313
204510 18.9042171242
204627 18.9042171114
205068 18.9042171111
205606 18.9042171060
205903 18.9042171035
206121 18.9042170987
206401 18.9042170965
206946 18.9042170911
207177 18.9042170866
208018 18.9042170840
208261 18.9042170836
208341 18.9042170826
208780 18.9042170826
208848 18.9042170805
209042 18.9042170746
209486 18.9042170738
210013 18.9042170729
210110 18.9042170705
210692 18.9042170698
210887 18.9042170655
211057 18.9042170654
211545 18.9042170643
212042 18.9042170640
212266 18.9042170615
212267 18.9042170607
213320 18.9042170590
213760 18.9042170589
213942 18.9042170587
214178 18.9042170578
214522 18.9042170561
214837 18.9042170551
215384 18.9042170541
216188 18.9042170535
216837 18.9042170534
216894 18.9042170529
216996 18.9042170528
217254 18.9042170524
217339 18.9042170510
218691 18.9042170499
220477 18.9042170499
220613 18.9042170498
220642 18.9042170490
221886 18.9042170486
222650 18.9042170484
223542 18.9042170483
223781 18.9042170483
223842 18.9042170483
224098 18.9042170482
224188 18.9042170480
224192 18.9042170479
224499 18.9042170479
225091 18.9042170477
225900 18.9042170476
226065 18.9042170475
226667 18.9042170474
226923 18.9042170474
227090 18.9042170474
227158 18.9042170474
227534 18.9042170474
227604 18.9042170473
228145 18.9042170473
228666 18.9042170473
228792 18.9042170473
228948 18.9042170472
228986 18.9042170472
229308 18.9042170472
229751 18.9042170472
229830 18.9042170472
230524 18.9042170471
230609 18.9042170471
230654 18.9042170471
231287 18.9042170471
231643 18.9042170471
231681 18.9042170471
232076 18.9042170471
232300 18.9042170471
232532 18.9042170471
233002 18.9042170471
233101 18.9042170470
234531 18.9042170470
235433 18.9042170470
235813 18.9042170470
236597 18.9042170470
236833 18.9042170470
237130 18.9042170470
237148 18.9042170470
237289 18.9042170470
237320 18.9042170470
237863 18.9042170470
237907 18.9042170470
237914 18.9042170470
238392 18.9042170470
238707 18.9042170470
239762 18.9042170470
240468 18.9042170470
240677 18.9042170470
240910 18.9042170470
240945 18.9042170470
241061 18.9042170470
241434 18.9042170470
241881 18.9042170470
242021 18.9042170470
242145 18.9042170470
242217 18.9042170470
242516 18.9042170470
242732 18.9042170470
242841 18.9042170470
243056 18.9042170470
243263 18.9042170470
243659 18.9042170470
243728 18.9042170470
243837 18.9042170470
244423 18.9042170470
244740 18.9042170470
245607 18.9042170470
246160 18.9042170470
246661 18.9042170470
246887 18.9042170470
246973 18.9042170470
246994 18.9042170470
247058 18.9042170470
247115 18.9042170470
247462 18.9042170470
247542 18.9042170470
248013 18.9042170470
248198 18.9042170470
248215 18.9042170470
248281 18.9042170470
248991 18.9042170470
249041 18.9042170470
249057 18.9042170470
249221 18.9042170470
249687 18.9042170470
250081 18.9042170470
250082 18.9042170470
250472 18.9042170470
251108 18.9042170470
252287 18.9042170470
252320 18.9042170470
252404 18.9042170470
252995 18.9042170470
253109 18.9042170470
253850 18.9042170470
254303 18.9042170470
254440 18.9042170470
255369 18.9042170470
255404 18.9042170470
256056 18.9042170470
256087 18.9042170470
256280 18.9042170470
256465 18.9042170470
256685 18.9042170470
257302 18.9042170470
257749 18.9042170470
258607 18.9042170470
260492 18.9042170470
260941 18.9042170470
261086 18.9042170470
261148 18.9042170470
261547 18.9042170470
261705 18.9042170470
261980 18.9042170470
262463 18.9042170470
264298 18.9042170470
264517 18.9042170470
267151 18.9042170470
313586 18.9042170470
316132 18.9042170470
340834 18.9042170470
400022 18.9042170470
evaluations raw_y
1 13082.1787859687
2 11205.5137883823
3 8705.5181061776
8 6681.6151727923
10 6070.8820271522
14 5255.4265197538
16 4457.4216083092
30 3315.9655567408
146 3039.1829151633
311 2941.3060826319
314 2492.1223465994
361 2334.8953507055
572 2067.3458819745
711 2005.0801446350
864 1857.2653992023
985 1725.3855955334
1075 1618.8010205914
1219 1449.0056894343
23625 1421.6084869866
24229 1397.8145750075
24610 903.5730223101
27584 895.3676124008
28125 845.5087588505
28347 794.9124129812
29262 712.9325446445
29937 648.4855278159
30777 499.7104707672
34640 478.4473410923
36042 465.8066656156
36652 448.4970853618
36893 446.7720836761
37295 419.8017778382
37952 407.1907004500
38026 355.5928469489
40967 349.2839859473
41621 336.4011325172
42372 322.7045471602
42923 318.1474937131
43198 310.8605480402
43203 296.8919499296
47386 281.5326305251
50316 274.9318198047
52731 273.0484931181
56147 242.9694574274
79034 231.3959199886
79343 223.0889381567
80008 219.2943733325
80516 200.0161028263
84357 193.9195815667
84752 176.9381083148
85194 173.9001719859
86696 170.3158906444
87223 164.6262619515
87836 163.2831776629
88001 155.4669488017
88561 154.1605168107
88977 150.3907930745
89759 146.0764270085
89916 142.7256545881
90485 130.0099176350
90780 99.9895196234
92527 78.6966928288
94175 65.3606568803
94829 62.2139427044
95674 61.7710320865
95862 58.7896119267
96375 56.8626958758
96654 52.5267788318
96707 46.3774825597
97702 41.6513287437
98297 39.4196008380
98529 31.4559226238
99205 30.7637726155
100106 30.7033830923
100493 27.8659870863
100546 27.4698949834
101345 26.0852172118
102441 24.1557250515
102702 23.9536455591
102819 23.6999662889
102960 23.6556123762
103256 22.2236119552
104299 22.0998022918
104471 19.2447367991
106109 18.9098949834
106556 18.3845213106
106895 18.0366266683
106929 17.9019790257
108439 17.5864423049
108906 17.0668604214
109012 16.5593418694
110317 16.3992224937
110527 16.3841632408
110625 16.0909989740
110818 16.0680917780
111475 15.8251083267
112127 15.4815995288
113300 15.2711713937
113303 15.2567286111
113522 15.2165061822
113642 14.9750778275
115138 14.6939981125
116861 14.6244280927
117749 14.5675817447
118699 14.5539353992
119890 14.5259402779
120894 14.4868658206
120923 14.4626995195
121010 14.3671435279
122194 14.3417303370
122726 14.3185243018
123207 14.2649432304
123458 14.2050130117
124754 14.2021912168
125022 14.1996853991
125248 14.1753004296
125721 14.1464900618
126080 14.1373387708
126501 14.1147846469
126565 14.0794082415
127760 14.0709085098
128077 14.0683476246
128234 14.0442445723
128671 14.0384638146
128836 14.0138811603
129841 14.0063877950
130255 14.0034982773
130762 13.9963161652
131274 13.9786201518
132961 13.9758846705
133080 13.9727160484
133506 13.9697131986
133960 13.9672560475
134114 13.9589594155
134832 13.9578986240
135860 13.9562918966
135964 13.9526496964
136691 13.9521178465
137032 13.9518219949
137253 13.9486715000
137563 13.9477745220
137749 13.9470327189
137876 13.9441045270
138598 13.9419011366
139101 13.9409187112
139528 13.9403799622
139822 13.9398991625
140216 13.9372778450
140788 13.9354690802
142764 13.9352671194
143196 13.9349995107
143521 13.9346966594
144323 13.9345268953
144657 13.9339292592
145268 13.9327774218
145961 13.9327112619
146636 13.9320159123
147720 13.9316034401
150748 13.9308815017
152209 13.9308145192
152541 13.9306320074
152740 13.9305961306
153120 13.9305473112
153273 13.9304838961
154024 13.9304301671
154234 13.9303262832
155284 13.9302959818
156081 13.9302178817
157714 13.9302129510
158234 13.9301741641
158644 13.9299554534
159809 13.9298264732
163048 13.9297712996
163626 13.9297095350
164892 13.9296918905
165171 13.9296790443
165762 13.9296275601
166825 13.9296183787
167257 13.9295969736
168599 13.9295883679
168612 13.9295563332
169502 13.9295529833
169548 13.9295350161
170216 13.9295307098
170345 13.9295157047
170950 13.9295137532
171189 13.9295086651
171489 13.9295084434
172379 13.9294918557
172524 13.9294883712
172917 13.9294838541
173582 13.9294802930
174812 13.9294771108
174930 13.9294720818
175136 13.9294661649
175409 13.9294611971
175537 13.9294528973
177673 13.9294430115
180317 13.9294420201
180569 13.9294414832
180657 13.9294410571
180793 13.9294378378
181322 13.9294373226
182254 13.9294371657
182508 13.9294357795
182760 13.9294340700
183313 13.9294330139
183971 13.9294325809
184642 13.9294324537
185137 13.9294320818
185333 13.9294317825
185683 13.9294313605
185726 13.9294310236
186150 13.9294308720
186324 13.9294295914
187725 13.9294294953
188154 13.9294292238
188758 13.9294287753
189484 13.9294287687
189587 13.9294287619
189880 13.9294287475
189947 13.9294287108
189990 13.9294283124
190026 13.9294282215
190388 13.9294281465
190809 13.9294281450
190945 13.9294281294
191004 13.9294280430
191185 13.9294279592
191409 13.9294279415
191663 13.9294278918
191852 13.9294277788
192060 13.9294277510
192107 13.9294277024
192268 13.9294275912
192489 13.9294275423
192988 13.9294275239
193010 13.9294274047
193875 13.9294273373
195332 13.9294272612
195412 13.9294272449
195458 13.9294272196
195698 13.9294271467
196797 13.9294271067
196852 13.9294270741
197840 13.9294270550
198411 13.9294270306
198463 13.9294270213
198602 13.9294270104
198625 13.9294270045
198716 13.9294269695
199778 13.9294269637
199931 13.9294269580
199938 13.9294269403
200302 13.9294269333
200412 13.9294269242
200470 13.9294269123
201008 13.9294269021
201570 13.9294268993
201647 13.9294268816
202582 13.9294268716
202961 13.9294268533
204092 13.9294268522
204181 13.9294268479
204627 13.9294268346
205068 13.9294268306
205903 13.9294268277
206040 13.9294268259
206401 13.9294268251
207177 13.9294268234
207210 13.9294268201
208018 13.9294268189
208678 13.9294268187
208749 13.9294268185
208776 13.9294268182
209042 13.9294268168
209486 13.9294268149
209824 13.9294268148
210013 13.9294268144
210692 13.9294268142
210889 13.9294268134
211042 13.9294268133
211118 13.9294268111
211364 13.9294268101
212042 13.9294268090
212248 13.9294268083
212267 13.9294268063
213320 13.9294268059
213630 13.9294268054
214522 13.9294268041
215084 13.9294268040
215098 13.9294268034
215586 13.9294268033
215628 13.9294268032
216311 13.9294268022
216996 13.9294268022
217254 13.9294268018
217339 13.9294268018
217522 13.9294268015
217902 13.9294268015
218691 13.9294268010
220083 13.9294268008
220437 13.9294268007
220597 13.9294268005
221649 13.9294268004
221710 13.9294268004
221886 13.9294268004
222209 13.9294268003
222735 13.9294268000
223361 13.9294268000
223379 13.9294268000
224034 13.9294268000
224127 13.9294267999
224188 13.9294267999
224499 13.9294267997
225091 13.9294267997
225269 13.9294267997
225451 13.9294267997
225900 13.9294267997
226065 13.9294267996
226667 13.9294267995
227158 13.9294267995
227534 13.9294267995
228037 13.9294267995
228286 13.9294267995
228450 13.9294267995
228666 13.9294267994
229308 13.9294267994
229830 13.9294267994
230151 13.9294267994
230524 13.9294267994
230848 13.9294267994
231547 13.9294267994
231681 13.9294267994
232076 13.9294267994
232654 13.9294267994
232871 13.9294267994
233002 13.9294267994
233101 13.9294267994
233685 13.9294267994
233773 13.9294267994
233859 13.9294267994
234052 13.9294267994
234447 13.9294267993
235249 13.9294267993
235433 13.9294267993
236648 13.9294267993
237021 13.9294267993
237148 13.9294267993
237907 13.9294267993
237914 13.9294267993
238199 13.9294267993
238392 13.9294267993
238707 13.9294267993
238948 13.9294267993
240129 13.9294267993
240260 13.9294267993
240757 13.9294267993
241061 13.9294267993
241446 13.9294267993
242021 13.9294267993
242142 13.9294267993
242145 13.9294267993
242165 13.9294267993
242386 13.9294267993
242396 13.9294267993
243333 13.9294267993
243837 13.9294267993
244092 13.9294267993
244740 13.9294267993
245398 13.9294267993
246141 13.9294267993
246994 13.9294267993
247542 13.9294267993
248281 13.9294267993
248839 13.9294267993
249041 13.9294267993
249578 13.9294267993
249675 13.9294267993
250081 13.9294267993
250082 13.9294267993
250429 13.9294267993
251108 13.9294267993
251583 13.9294267993
251598 13.9294267993
252320 13.9294267993
253069 13.9294267993
253109 13.9294267993
253333 13.9294267993
254303 13.9294267993
254352 13.9294267993
255313 13.9294267993
255920 13.9294267993
256039 13.9294267993
256603 13.9294267993
257055 13.9294267993
257684 13.9294267993
258382 13.9294267993
259002 13.9294267993
259260 13.9294267993
259363 13.9294267993
259430 13.9294267993
259693 13.9294267993
260636 13.9294267993
261539 13.9294267993
262369 13.9294267993
262915 13.9294267993
263054 13.9294267993
263251 13.9294267993
265234 13.9294267993
266895 13.9294267993
282262 13.9294267993
322763 13.9294267993
400022 13.9294267993
evaluations raw_y
1 8655.2430601609
2 7251.6247814793
5 4357.9300195836
20 3949.0001435042
27 3023.6518241973
228 2814.6278882504
304 2474.9547855996
393 2234.3734862686
548 2172.9889227803
567 1993.0945339681
598 1950.2107420363
800 1947.4596532897
875 1747.6069262910
928 1470.5281039108
28784 1437.7048806872
29937 1183.1750246520
30898 1104.2083571975
31893 1089.9775135950
32568 1089.9184483197
32682 980.1737572187
32881 858.8780073521
33820 788.1682669949
34777 777.4012416944
35924 760.7908806667
35962 730.4124748132
35980 705.7803581442
36642 687.3358293865
36914 609.3461266026
36943 590.8896080125
37619 577.4184895064
38432 570.8251858741
38786 532.4188300507
39426 519.6644394587
39936 502.2120150513
40496 487.2558150169
41554 477.0098500803
41732 467.8392605188
43340 441.5293639710
43494 441.4786012132
43508 421.7491020954
43906 400.1485335889
44042 398.9114703586
44754 384.3440376706
46411 376.2110737943
47920 356.2024778448
48448 355.3898820433
48824 313.1060816886
49739 305.0170219588
50595 302.9106050139
55389 289.7261913404
58423 274.2320055794
61536 263.4134031094
67304 262.6199046517
74423 254.1039372578
74706 218.6950267643
80960 194.5036975111
88017 193.9606964417
89745 187.5027103489
90080 176.4770462068
91220 153.7122851051
93519 151.0180431064
94150 150.9753305621
94178 142.5190959182
94808 137.4588425430
95086 136.7331882151
95555 106.2269679078
96764 104.3634487525
97702 96.8550587860
97854 96.3114099552
98113 92.3724556173
98529 71.9356729407
98778 70.2981538764
99562 70.1805349624
100369 67.3605843811
100493 57.7444522645
100727 55.9240650074
101401 54.5235328522
101547 52.5973618047
101705 47.7457391395
102022 47.0364959624
102376 46.4572157829
102702 45.8740954311
102924 42.7691972228
102960 37.7437565679
103815 35.6254578369
104471 32.4179134208
104875 31.1875610620
105465 31.1387282420
105830 28.8937723335
105841 28.2731592172
106353 26.9048485068
106895 26.7045058316
107004 25.6548155453
107276 25.2992098213
107690 23.9674603814
107992 23.0500021880
108489 21.2448967324
108906 19.4576706544
112226 18.8245895184
112310 18.2826724540
112877 17.8111413120
113231 17.7522258264
113341 17.1635514544
113975 17.1410078099
114306 16.7243343862
114837 16.5089968541
115138 15.8903757511
116861 15.6470048982
117373 15.4216023330
117749 15.1869252245
118246 15.1735717868
118699 15.0554350404
118711 14.9693512581
119756 14.9206293454
120368 14.8979374896
120380 14.7520885244
120787 14.7289916124
120975 14.7053255438
121205 14.6263354777
121335 14.6026469526
121946 14.5844468723
122561 14.4443966282
122927 14.3977935544
123082 14.3594387475
123458 14.3278658786
123830 14.3064450747
124567 14.2303227362
125484 14.2062893508
125604 14.1681743568
125721 14.1520647881
126565 14.1470948770
127386 14.1450991326
127406 14.1174860747
127745 14.1116877391
128090 14.1005224107
128234 14.0868382028
128546 14.0718570552
128914 14.0708722265
129157 14.0640257292
129194 14.0620205661
129241 14.0607023760
129649 14.0599765018
129705 14.0266368779
130255 14.0241475818
130762 14.0153066531
130772 14.0114526107
131274 14.0071736046
131738 13.9960461480
132134 13.9959247174
132458 13.9948517445
132892 13.9877927506
133180 13.9813136790
134004 13.9811314983
134114 13.9725326389
134632 13.9689639671
134832 13.9677591188
134892 13.9676056780
134932 13.9638240265
135893 13.9627401246
135964 13.9596752199
136812 13.9574256944
137253 13.9550002085
137589 13.9530795312
137749 13.9513656794
138208 13.9513137832
138235 13.9494256903
138270 13.9486200110
138353 13.9472120027
138855 13.9450923518
139910 13.9443362819
139992 13.9418631696
140216 13.9411484027
140788 13.9376688144
142473 13.9369127928
143008 13.9366725143
143483 13.9358607835
143498 13.9358597362
143742 13.9358013864
143902 13.9351915195
144007 13.9348544942
144024 13.9344889211
144730 13.9344831956
145059 13.9342381938
145268 13.9332759654
145878 13.9330824594
145901 13.9327866582
145961 13.9323977782
146825 13.9322176135
148051 13.9322107150
148060 13.9320093394
148218 13.9317008856
148468 13.9314295256
148882 13.9312381477
150535 13.9309761430
152209 13.9306181711
154024 13.9303138313
157100 13.9302606592
157714 13.9302151868
158234 13.9301279093
158620 13.9300958934
158644 13.9300774714
159419 13.9300525862
159563 13.9299031139
159809 13.9297519349
162077 13.9297485066
162571 13.9297348916
162672 13.9297208919
162782 13.9297132241
162874 13.9297021359
163018 13.9296994865
163048 13.9296704130
163211 13.9296592942
163318 13.9296497803
163626 13.9295791494
166523 13.9295689080
167257 13.9295548959
167679 13.9295339321
168557 13.9295276702
168599 13.9295257113
168612 13.9295120285
169481 13.9295005954
169548 13.9294965943
169694 13.9294942273
169868 13.9294917208
170216 13.9294905338
170218 13.9294821370
170950 13.9294758049
171911 13.9294731194
171935 13.9294725988
172318 13.9294706192
172408 13.9294697944
172492 13.9294635659
172524 13.9294609878
173582 13.9294548499
174149 13.9294546452
174608 13.9294543106
174694 13.9294533541
174703 13.9294526248
174812 13.9294516431
175152 13.9294490279
175409 13.9294489878
175537 13.9294450407
176110 13.9294429647
176635 13.9294410705
177121 13.9294403604
177289 13.9294396335
177530 13.9294379414
177673 13.9294369031
179275 13.9294364234
179498 13.9294355920
179793 13.9294345732
180005 13.9294333253
180089 13.9294332852
180094 13.9294331033
180569 13.9294326293
180706 13.9294321085
180908 13.9294315509
181342 13.9294314216
181458 13.9294301724
181817 13.9294289367
182413 13.9294282488
183906 13.9294277714
184642 13.9294270216
185028 13.9294267577
185227 13.9294266277
185388 13.9294264395
185683 13.9294257639
186217 13.9294256648
186324 13.9294243587
188758 13.9294236679
190168 13.9294236289
190299 13.9294233663
190492 13.9294230599
192095 13.9294229797
192413 13.9294229581
193010 13.9294226437
193262 13.9294225253
194768 13.9294224855
194788 13.9294223738
195458 13.9294223674
195566 13.9294223108
195698 13.9294222667
195911 13.9294222466
196443 13.9294221719
196852 13.9294220799
198443 13.9294220328
198602 13.9294219817
199213 13.9294219779
199778 13.9294219719
199782 13.9294219665
199931 13.9294219486
200070 13.9294219379
200897 13.9294219123
201008 13.9294218728
202158 13.9294218524
202961 13.9294218504
203643 13.9294218342
204181 13.9294218194
204627 13.9294218182
205068 13.9294218142
205761 13.9294218137
205903 13.9294218107
206034 13.9294218083
206045 13.9294218044
206140 13.9294218014
206401 13.9294218005
207177 13.9294217899
208341 13.9294217865
209097 13.9294217854
209486 13.9294217839
210013 13.9294217799
211144 13.9294217787
211364 13.9294217784
211624 13.9294217772
212042 13.9294217772
212248 13.9294217761
212266 13.9294217755
212267 13.9294217725
213320 13.9294217705
214436 13.9294217691
214522 13.9294217687
214840 13.9294217686
215084 13.9294217682
215098 13.9294217673
216039 13.9294217669
216459 13.9294217669
216674 13.9294217662
216996 13.9294217658
217254 13.9294217651
217522 13.9294217651
217736 13.9294217649
218187 13.9294217646
218691 13.9294217644
218795 13.9294217641
218828 13.9294217638
220448 13.9294217638
220597 13.9294217636
220642 13.9294217633
221708 13.9294217633
221867 13.9294217631
222209 13.9294217630
222735 13.9294217629
223087 13.9294217628
223361 13.9294217626
223379 13.9294217626
223601 13.9294217626
224072 13.9294217626
224098 13.9294217624
224192 13.9294217624
224499 13.9294217622
225134 13.9294217622
225269 13.9294217621
226065 13.9294217620
226309 13.9294217620
226667 13.9294217620
226956 13.9294217620
227090 13.9294217619
227158 13.9294217619
227385 13.9294217619
227534 13.9294217619
228037 13.9294217619
228145 13.9294217618
228450 13.9294217618
228666 13.9294217617
228986 13.9294217617
229308 13.9294217617
229830 13.9294217617
231643 13.9294217616
231736 13.9294217616
232009 13.9294217616
232076 13.9294217616
233101 13.9294217616
233280 13.9294217616
233859 13.9294217616
234052 13.9294217616
234690 13.9294217616
234956 13.9294217616
235433 13.9294217615
235813 13.9294217615
235869 13.9294217615
236833 13.9294217615
237021 13.9294217615
237413 13.9294217615
237551 13.9294217615
237861 13.9294217615
237907 13.9294217615
238199 13.9294217615
238707 13.9294217615
238829 13.9294217615
238948 13.9294217615
240692 13.9294217615
240757 13.9294217615
240945 13.9294217615
241061 13.9294217615
241881 13.9294217615
242516 13.9294217615
243495 13.9294217615
243728 13.9294217615
243837 13.9294217615
244740 13.9294217615
245398 13.9294217615
245607 13.9294217615
246994 13.9294217615
247894 13.9294217615
248112 13.9294217615
248198 13.9294217615
248281 13.9294217615
248555 13.9294217615
248839 13.9294217615
249057 13.9294217615
250280 13.9294217615
250569 13.9294217615
250730 13.9294217615
250805 13.9294217615
251080 13.9294217615
251108 13.9294217615
252324 13.9294217615
252502 13.9294217615
252650 13.9294217615
252777 13.9294217615
253061 13.9294217615
253333 13.9294217615
253850 13.9294217615
254440 13.9294217615
255073 13.9294217615
255607 13.9294217615
255676 13.9294217615
255869 13.9294217615
256008 13.9294217615
256086 13.9294217615
256393 13.9294217615
256417 13.9294217615
256463 13.9294217615
257302 13.9294217615
257304 13.9294217615
257684 13.9294217615
258456 13.9294217615
260006 13.9294217615
260784 13.9294217615
261208 13.9294217615
261811 13.9294217615
265480 13.9294217615
265927 13.9294217615
266915 13.9294217615
271722 13.9294217615
271899 13.9294217615
275622 13.9294217615
277820 13.9294217615
282335 13.9294217615
300667 13.9294217615
323228 13.9294217615
332801 13.9294217615
400022 13.9294217615
evaluations raw_y
1 10289.9003989350
2 5985.4654454136
8 5802.8486437731
14 5127.1563003717
16 3815.8886374793
17 3486.8830189803
20 3079.8908867566
185 2980.2742460840
297 2876.0877940268
318 2796.7725864199
319 2386.3937890423
532 2334.0013468381
601 2231.2736521468
621 1965.1651952253
906 1899.3021025490
1005 1603.3739444378
1141 1487.7266647364
15922 1440.0611734430
18300 1097.4285560995
19503 1072.8753922929
19926 1068.9902412344
20104 1034.0511647283
20948 965.7972305592
21219 899.4281871509
21339 815.5662211056
22164 782.4475899120
22785 765.0314630251
23199 725.6113278931
23298 725.1240655609
23487 719.0489367524
23614 711.2349790930
24285 694.0284524234
24288 684.4774053650
24610 635.2483877526
24843 623.8611278488
25269 583.9929015032
25304 532.6600961185
28349 514.1901522898
29171 512.1447954968
29286 509.3315135516
29468 497.5620810215
29664 448.8098327092
30665 445.7021075540
31239 423.5161956537
32129 392.2804666592
33283 333.1584448493
37373 324.8213246597
39361 305.7676309803
41396 295.6058355588
42491 270.4378475698
43230 262.8893841076
46250 251.7259272416
52506 251.0832389869
59885 242.4635818867
60457 232.7722548749
62083 232.5643725681
65576 229.6331719395
69042 214.8834609438
71614 209.7970216976
73053 206.7222526552
73638 203.9117911074
74166 192.9324066414
74538 186.1819199687
75824 166.7228748945
76370 153.1364738877
79466 152.9712567186
79690 150.5828178748
80745 147.0631401905
81229 134.5367262631
81711 123.9095190742
82055 101.0832807780
82909 99.6695813910
83104 84.2770504462
84134 83.6744460075
84453 81.0647833351
84594 73.9610920423
85080 73.7951290571
85573 68.3941850497
85752 64.9806908155
86061 55.8143390245
86319 47.5451332989
87509 46.3581097879
88561 44.1650584098
88567 37.4506811170
89376 34.3975018167
90377 34.2751622739
90698 34.1411799502
90978 33.4028550583
91297 30.9903575101
91336 30.5301895333
91626 28.7811353033
91875 27.3104252897
92527 26.2637733744
94025 25.6778076919
94104 25.4871182589
94171 24.9033373151
94253 24.0066545079
94866 24.0033417582
95063 23.6498455748
95538 22.4384603371
96707 21.4646688978
97394 21.2813359287
97702 20.3649094094
98080 19.9651681434
98778 18.5712971940
100754 18.5588808063
101436 18.5546615992
101597 18.4602093572
101606 18.4093522406
101686 18.2264063094
102135 17.9102414280
102273 17.9078613726
102702 17.9019213463
102945 17.4555025381
103815 17.3775253225
103902 17.2716300975
104471 17.0451616311
105038 16.8775093780
105841 16.7418532693
106895 16.7240625555
107003 16.6234124807
107491 16.5926734905
107528 16.5425244104
107787 16.5384032417
107992 16.5341319600
108075 16.4400940259
108892 16.3787210159
108906 16.3381294923
109012 16.3121456774
109151 16.3109416408
110190 16.2380138537
110331 16.2310119166
110971 16.2273126273
111095 16.1734592365
112220 16.1694617798
112360 16.1450289798
112795 16.1211319975
113038 16.1166113232
113623 16.0919928627
113642 16.0770745472
113738 16.0554081394
115029 16.0539617150
115091 16.0317061874
115138 16.0020847950
116725 15.9880610950
117589 15.9813963498
117660 15.9778378311
117758 15.9735900845
117924 15.9718084056
118208 15.9689033093
118813 15.9688256170
118907 15.9603263464
119890 15.9553001838
120975 15.9499443378
121335 15.9499230796
121459 15.9491389734
121641 15.9455335381
122503 15.9412337708
123082 15.9404082467
123458 15.9362964137
123830 15.9353097732
124418 15.9337449311
124567 15.9330519192
125386 15.9321292492
125604 15.9285474083
125721 15.9282510210
126565 15.9275714473
126716 15.9266138151
127425 15.9261007728
128090 15.9259069610
128234 15.9254038783
128671 15.9244126968
129014 15.9243042711
129241 15.9240412921
129356 15.9236352032
129841 15.9227856979
130783 15.9224446967
131738 15.9217758905
132961 15.9214451427
133180 15.9212046287
133960 15.9211264660
134753 15.9209227505
134832 15.9204235511
135964 15.9202421761
137876 15.9201350651
138170 15.9200226086
138353 15.9200104713
138598 15.9199170680
138845 15.9198826441
138855 15.9197960582
139910 15.9197730558
140788 15.9195916049
142878 15.9195692750
142882 15.9195447618
143120 15.9195137333
144474 15.9195118606
144640 15.9195055707
144657 15.9195052653
144753 15.9195052247
144817 15.9195046297
144866 15.9194810485
145268 15.9194558106
145961 15.9194415170
146409 15.9194406438
146636 15.9194167800
147573 15.9194144406
147756 15.9194122726
147888 15.9194068275
148228 15.9194066761
148363 15.9194001638
148476 15.9193986025
148882 15.9193880553
149222 15.9193870351
150187 15.9193828879
150392 15.9193809316
150535 15.9193782242
150663 15.9193776724
150748 15.9193693367
151270 15.9193680615
152110 15.9193671547
152209 15.9193613159
152541 15.9193602918
153697 15.9193562278
155110 15.9193557905
155378 15.9193554226
155517 15.9193552336
155612 15.9193541874
156010 15.9193538305
156192 15.9193534296
156209 15.9193530124
156664 15.9193526451
156725 15.9193522347
156988 15.9193521391
157100 15.9193520076
157198 15.9193515645
157248 15.9193509319
157714 15.9193491426
158229 15.9193484776
159437 15.9193483036
159809 15.9193470908
161471 15.9193469167
162077 15.9193468691
162571 15.9193467357
162659 15.9193466691
162782 15.9193465974
163048 15.9193461862
163626 15.9193456146
165762 15.9193455303
166534 15.9193454918
166825 15.9193454910
167257 15.9193454008
168104 15.9193453528
168612 15.9193452777
169228 15.9193452663
169548 15.9193451311
171899 15.9193451154
171935 15.9193450937
172213 15.9193450932
172492 15.9193450932
172524 15.9193450713
172613 15.9193450622
172847 15.9193450544
173202 15.9193450330
173582 15.9193450039
174930 15.9193449883
175409 15.9193449755
175537 15.9193449697
175678 15.9193449629
177444 15.9193449582
177582 15.9193449563
177592 15.9193449558
177673 15.9193449464
178544 15.9193449420
178686 15.9193449417
179334 15.9193449414
179793 15.9193449319
180553 15.9193449316
180657 15.9193449314
181342 15.9193449279
181608 15.9193449279
181956 15.9193449276
181959 15.9193449275
182413 15.9193449257
182760 15.9193449246
182974 15.9193449241
183212 15.9193449229
183313 15.9193449222
183927 15.9193449216
184894 15.9193449210
185382 15.9193449204
185683 15.9193449201
185726 15.9193449189
186324 15.9193449187
186716 15.9193449186
186739 15.9193449181
187124 15.9193449178
187586 15.9193449177
187725 15.9193449175
187876 15.9193449171
188048 15.9193449170
188154 15.9193449163
188758 15.9193449157
189947 15.9193449155
190026 15.9193449152
190492 15.9193449151
191296 15.9193449150
191409 15.9193449150
191852 15.9193449148
191882 15.9193449147
192095 15.9193449144
192988 15.9193449144
193010 15.9193449143
193875 15.9193449142
194788 15.9193449140
195698 15.9193449139
196443 15.9193449139
196852 15.9193449138
197517 15.9193449138
197840 15.9193449138
198086 15.9193449138
198443 15.9193449138
198568 15.9193449137
198646 15.9193449137
199213 15.9193449137
199684 15.9193449137
199778 15.9193449137
199782 15.9193449137
199905 15.9193449137
200412 15.9193449136
200716 15.9193449136
201008 15.9193449136
201570 15.9193449136
201607 15.9193449136
201873 15.9193449136
202045 15.9193449136
202158 15.9193449136
202961 15.9193449136
203643 15.9193449135
203858 15.9193449135
204181 15.9193449135
204627 15.9193449135
204808 15.9193449135
205068 15.9193449135
205903 15.9193449135
206040 15.9193449135
206297 15.9193449135
206401 15.9193449135
208018 15.9193449135
209042 15.9193449135
210746 15.9193449135
210887 15.9193449135
211364 15.9193449135
212042 15.9193449135
212069 15.9193449135
212865 15.9193449135
212872 15.9193449135
212893 15.9193449135
213320 15.9193449135
213745 15.9193449135
214427 15.9193449135
214436 15.9193449135
214837 15.9193449135
215098 15.9193449135
215444 15.9193449135
216676 15.9193449135
216837 15.9193449135
217254 15.9193449135
217339 15.9193449135
218187 15.9193449135
218691 15.9193449135
218828 15.9193449135
220437 15.9193449135
220642 15.9193449135
221710 15.9193449135
222650 15.9193449135
222900 15.9193449135
223393 15.9193449135
224972 15.9193449135
225646 15.9193449135
227158 15.9193449135
230076 15.9193449135
232729 15.9193449135
237875 15.9193449135
240505 15.9193449135
evaluations raw_y
1 6997.2837732217
2 5155.9982863145
3 4316.0080964146
8 3810.6223490571
14 3231.0850142137
22 3064.4178180563
23 2545.8735773098
94 2261.0288206054
415 2072.3609633960
596 1853.8519323806
894 1610.8716847614
1203 1596.1276874001
19142 1365.9839705499
19556 1329.0737740168
20677 1121.4068949417
21887 1118.7275521481
22229 1093.3749622360
22308 1041.1106365653
22563 993.2353702242
23041 902.2774832609
23774 869.8223822195
24489 796.5240634882
24610 726.6420005094
25783 724.4612011204
26174 706.2952642434
26777 653.6720634668
27070 637.3444388624
27622 618.6010507692
27681 538.7450872988
28784 484.6668965715
29664 458.0340068150
30898 454.0077015075
31184 437.8289206750
31921 421.2405218426
32204 410.9545142098
33108 392.6267140930
33215 385.5452806957
33616 374.0450446121
34057 369.8771667161
34150 353.8115160204
35596 345.3452022587
38307 344.9170424178
38713 344.3381265860
38779 340.8088981678
38820 325.7792335985
39972 324.6562268899
40290 317.5263421487
40944 315.1560678655
41798 314.0208431702
42008 311.3067144384
42906 287.8100985301
45876 279.9043971994
48661 264.5346097368
53639 252.7063332790
55853 249.5808060965
59326 236.3876706665
61126 230.0653548029
63712 216.1773983195
71039 200.0175150161
71881 199.1870980982
74166 184.3730138607
75878 181.8985916303
76073 172.2474825202
77689 167.0344389545
78107 153.4836746589
80319 149.5295264715
83163 141.8007015974
83234 139.8867838561
83454 125.5723798067
84452 125.3324124868
84594 101.5220567906
85817 100.4942524883
86657 100.2768355786
86714 84.3414997848
87303 76.8230574223
87328 72.7450082490
87798 70.4250655429
88867 68.5875281152
88996 57.8434598137
89759 56.8114865609
89898 56.7788428685
90149 55.2010623852
90176 54.3566786692
90377 44.7708316899
91347 41.7412159288
92123 40.5557128947
93799 36.6143676624
94253 36.1878782727
94260 34.0128226824
94975 32.5401829531
95108 32.4806231295
96001 30.6536864157
96668 30.3920874070
96996 30.0279184629
97455 29.9389281886
97513 29.7135896145
97536 29.2132353430
97676 27.5681024045
98529 25.8837540648
99366 25.6393354157
100421 25.2319849750
100546 24.0015743768
102022 23.6412157792
102945 22.9740271441
103456 22.7291955642
103815 22.4762882625
103902 22.2082140390
105841 21.8366920567
106160 21.8076045222
106834 21.3664214547
108878 21.3517309163
108906 20.9241099159
110421 20.7677406301
111837 20.6889631374
112127 20.5706750400
113231 20.5683501138
113275 20.5520566911
113642 20.4591416458
113742 20.4507865988
113960 20.4266016535
114572 20.3155026731
115122 20.3120169342
115138 20.1403954078
117749 20.0998500233
118208 20.0966147192
118699 20.0748362145
118907 20.0553296566
120356 20.0526029815
120975 20.0422619988
121497 20.0412842349
121973 19.9956496510
123458 19.9649371207
125604 19.9587242825
125670 19.9586413129
125721 19.9526660280
126025 19.9478293183
127045 19.9470724319
127075 19.9394473305
127536 19.9358149877
127564 19.9322257680
128077 19.9294332271
128125 19.9254818989
128935 19.9250202158
129241 19.9148177611
131274 19.9121215591
132458 19.9114479727
132599 19.9098801064
132961 19.9078693386
133080 19.9070696543
134427 19.9067015333
134632 19.9065661964
134753 19.9056331810
134832 19.9046255961
135865 19.9045805599
135964 19.9033657669
136875 19.9030118209
137407 19.9029386143
137749 19.9027268172
137876 19.9024928740
138043 19.9020806875
138170 19.9019214585
138598 19.9018429120
138855 19.9014154385
139487 19.9013887282
139784 19.9011025868
140343 19.9009221582
140546 19.9009043457
140788 19.9003600051
142473 19.9001149467
143008 19.9000765699
143120 19.8999565106
143521 19.8998787638
144007 19.8998779947
144323 19.8998183104
144606 19.8998117421
144640 19.8998073571
145059 19.8997973540
145126 19.8997938012
145188 19.8997818504
145245 19.8996958574
145268 19.8996143343
145878 19.8995922304
145961 19.8995615255
146636 19.8994894647
147573 19.8994660598
147666 19.8994491962
148413 19.8994447800
148444 19.8994432351
148450 19.8994425888
148468 19.8993826054
148701 19.8993814411
148882 19.8993748264
148945 19.8993716838
149196 19.8993547901
149837 19.8993537945
149841 19.8993482048
150180 19.8993467417
150245 19.8993371267
150392 19.8993263873
150630 19.8993236827
150744 19.8993193820
150748 19.8992750029
152209 19.8992732878
152289 19.8992659380
152541 19.8992542073
153207 19.8992524049
153697 19.8992475940
153986 19.8992474365
154024 19.8992304170
155447 19.8992286714
155791 19.8992232511
156513 19.8992227316
156725 19.8992180477
156981 19.8992165878
157100 19.8992152030
157163 19.8992136943
157286 19.8992125556
157336 19.8992107668
157425 19.8992068192
157542 19.8992037375
157714 19.8992028547
158644 19.8991982481
159647 19.8991975331
159809 19.8991916940
161537 19.8991890753
161699 19.8991880897
162263 19.8991880701
162339 19.8991872346
162672 19.8991852469
163048 19.8991844824
163318 19.8991841475
163626 19.8991811780
165679 19.8991810486
165762 19.8991805600
166607 19.8991805237
166962 19.8991802445
166976 19.8991798328
167257 19.8991796450
167679 19.8991795222
167937 19.8991794982
168104 19.8991793791
168258 19.8991793620
168288 19.8991792062
168557 19.8991791433
168599 19.8991789979
169145 19.8991788984
169151 19.8991788669
169175 19.8991787865
169481 19.8991787084
169508 19.8991782566
169548 19.8991779535
170216 19.8991777837
170817 19.8991774214
171427 19.8991772328
172632 19.8991770994
173202 19.8991769883
173582 19.8991768010
173965 19.8991767443
175136 19.8991765421
175537 19.8991765047
176635 19.8991764959
177673 19.8991764344
178544 19.8991763897
178686 19.8991763683
180657 19.8991763493
181090 19.8991763342
181608 19.8991762919
181956 19.8991762838
182760 19.8991762278
184642 19.8991762203
185165 19.8991762175
185227 19.8991762112
185683 19.8991762090
185904 19.8991762038
185942 19.8991761887
186217 19.8991761849
186324 19.8991761803
186690 19.8991761800
186739 19.8991761767
187295 19.8991761721
187604 19.8991761700
187866 19.8991761699
187876 19.8991761570
188154 19.8991761449
189587 19.8991761384
189723 19.8991761370
190026 19.8991761296
191004 19.8991761271
191062 19.8991761268
191441 19.8991761266
191817 19.8991761261
191882 19.8991761235
192095 19.8991761230
192107 19.8991761228
192268 19.8991761210
193010 19.8991761188
193262 19.8991761177
193875 19.8991761158
194788 19.8991761126
195629 19.8991761120
195718 19.8991761106
196443 19.8991761102
196606 19.8991761100
196799 19.8991761096
196852 19.8991761088
197840 19.8991761081
198602 19.8991761069
199782 19.8991761069
200470 19.8991761068
200552 19.8991761066
200716 19.8991761065
201008 19.8991761059
201647 19.8991761058
202158 19.8991761056
202411 19.8991761055
202951 19.8991761054
202961 19.8991761051
204181 19.8991761049
204627 19.8991761048
205903 19.8991761048
206040 19.8991761047
206401 19.8991761046
207177 19.8991761045
208018 19.8991761045
209042 19.8991761044
210110 19.8991761044
210519 19.8991761044
210540 19.8991761044
210547 19.8991761043
211364 19.8991761043
212267 19.8991761042
213320 19.8991761042
213889 19.8991761042
214837 19.8991761042
215098 19.8991761042
215384 19.8991761042
215444 19.8991761042
215628 19.8991761041
216676 19.8991761041
216824 19.8991761041
216837 19.8991761041
216996 19.8991761041
217254 19.8991761041
217736 19.8991761041
217919 19.8991761041
217951 19.8991761041
218187 19.8991761041
218691 19.8991761041
218828 19.8991761041
218845 19.8991761041
220083 19.8991761041
220690 19.8991761041
221068 19.8991761041
221708 19.8991761041
221758 19.8991761041
221886 19.8991761041
222295 19.8991761041
222375 19.8991761041
223393 19.8991761041
223638 19.8991761041
224098 19.8991761041
224188 19.8991761041
224356 19.8991761041
224499 19.8991761041
225091 19.8991761041
225900 19.8991761041
226476 19.8991761041
226560 19.8991761041
226667 19.8991761041
227158 19.8991761041
227385 19.8991761041
228037 19.8991761041
228487 19.8991761041
228666 19.8991761041
228986 19.8991761041
229140 19.8991761041
229830 19.8991761041
229996 19.8991761040
230848 19.8991761040
231643 19.8991761040
232009 19.8991761040
232076 19.8991761040
233101 19.8991761040
233859 19.8991761040
234052 19.8991761040
235433 19.8991761040
235869 19.8991761040
236826 19.8991761040
236833 19.8991761040
237021 19.8991761040
237148 19.8991761040
239954 19.8991761040
240970 19.8991761040
241188 19.8991761040
241311 19.8991761040
241434 19.8991761040
242577 19.8991761040
243263 19.8991761040
243333 19.8991761040
244520 19.8991761040
245270 19.8991761040
246488 19.8991761040
246492 19.8991761040
247195 19.8991761040
248092 19.8991761040
248947 19.8991761040
249884 19.8991761040
249938 19.8991761040
258415 19.8991761040
277701 19.8991761040
289477 19.8991761040
308842 19.8991761040
309494 19.8991761040
400022 19.8991761040
evaluations raw_y
1 13999.5918281603
2 9413.3869507414
3 8823.9303994344
9 8500.4584366289
10 8227.0973610160
14 5950.5939519461
20 5119.6553848200
34 4228.1702039748
176 3772.3107103248
305 3456.1700466980
389 2664.6569537361
462 2223.3831958492
836 2208.8233210741
837 1942.6976133191
867 1671.3765756068
1321 1638.3403635579
1557 1603.4284901027
1565 1369.7984112814
28441 None
evaluations raw_y
1 12656.4592552759
5 10215.7915602966
8 5334.1173476247
16 3666.4723872442
36 3197.7569905813
318 2866.0721406603
487 2647.5433583318
617 2644.3968993682
663 2454.5394707729
732 2307.6783569933
746 2277.6313816327
835 1986.4904723972
928 1829.8341206871
1321 1809.6649634214
1588 1799.2865727046
1657 1720.5519531369
32816 None
evaluations raw_y
1 7613.7698891363
2 5401.3603787201
8 4134.5668964377
18 3842.6701721456
34 3583.5320101558
45 3103.6628537483
203 3089.7255662696
213 3084.8148489960
215 2761.1907117892
289 2308.1531393166
553 2183.7055471884
627 2028.9147304024
756 1919.4884935292
762 1866.7463327571
817 1659.6729263153
872 1370.5408270487
1216 1347.9714977421
1799 1130.1855785892
33172 38038.0225089829
evaluations raw_y
1 5840.6416181252
2 5548.9648166994
6 4897.3224952639
16 4826.5926476267
18 4618.2829736188
21 3837.9494437105
23 3461.1297458003
53 3352.7840990686
64 3308.0451494245
106 3243.0250710756
191 3191.7718583920
309 3013.6181610318
327 2619.7083110333
428 2457.7956355567
567 2432.7261451270
593 2334.0501507452
599 2218.2462388236
814 2188.7574297183
831 2121.9351734492
853 1867.2156291167
1203 1710.4524593840
1206 1697.3809824058
1327 1612.1807308257
1412 1583.9434876726
29100 1541.5610979611
29664 1520.6927733039
29937 1325.4638924102
30483 1324.1832502449
30898 1269.4665080482
31406 1204.9720672807
31653 1200.7124113417
31830 866.2372158576
34603 860.3837502414
34728 804.1140800972
35061 678.9924387360
36042 656.1836891777
36349 639.4245760240
36719 602.1150800740
36881 585.9681367989
36943 543.0212481916
38786 541.3468228786
39754 533.3629554292
39771 504.9831527466
39843 497.3757527058
40236 488.9730989637
40328 476.3110423358
40492 469.5880354580
40970 443.4478612552
41415 431.1172103440
41697 396.8365143959
43040 396.1526727890
43518 394.4677373172
44213 389.7338393928
44678 383.7850132592
44849 383.2602736517
45114 374.4197746772
45373 345.2657760925
47027 312.0555816987
49589 300.1067991999
49675 292.9209583563
51441 283.0759094652
55155 271.2270746608
58804 269.6369671421
59155 254.7583843466
65317 246.3705944098
76498 235.5430501630
79355 232.2356301617
80151 228.0613144788
81317 224.9240766527
82356 205.9596460288
84306 196.1698876404
88100 193.0699582784
88881 177.9819644474
90698 162.5644964455
92051 144.5134446285
94114 133.6230061808
94776 120.3854873297
95793 118.8318524557
96227 104.3291197972
96932 101.6607222816
97349 99.7512807739
97682 94.7127533900
97702 91.0302641411
97827 90.6531760000
97854 88.1128737073
98228 75.4889885316
98778 58.8084821751
99562 58.4146628754
100546 55.9200708876
100754 55.3708156587
101021 53.7371001715
101401 53.3058087915
101823 51.3285947461
102022 42.7550205991
102441 42.6648413092
102945 34.7613284355
104471 32.2030969562
105760 30.9231905021
105816 28.6164741339
105830 27.4890614873
106571 27.2548629552
106895 25.3060123699
107785 24.6308133968
107798 24.5536333067
108289 23.5134971705
108513 22.7130408400
108620 22.6855678318
108906 20.5337690410
109012 20.3518643065
109718 20.3452838914
109884 19.8326922668
110130 19.4646753173
110266 18.2807155892
111293 17.8729175111
112127 17.2487030680
112219 16.6529788607
112795 15.7432717166
113642 15.6051897584
113738 14.9571706776
114269 14.8876067784
114627 14.8174309823
114876 14.6302391073
115138 14.2596093716
115985 14.0157575530
116206 14.0050735034
116799 13.6368392094
117521 13.6348605202
117719 13.5711009770
117749 13.2395823839
118907 12.9290454236
120689 12.8754096742
120975 12.7695488884
121675 12.7637984461
121785 12.7625308642
121946 12.7345184209
121973 12.6566441173
122194 12.5228532084
122927 12.4774338773
123458 12.4016887644
123926 12.3952777607
124519 12.3679804230
124567 12.3033332807
124584 12.2954137561
124698 12.2948544506
125386 12.2888407007
125604 12.2796917978
125670 12.2059139542
126565 12.1508245527
127564 12.1263322191
127977 12.1260343093
128090 12.1098042383
128671 12.0776207966
129757 12.0729954953
129794 12.0686510829
129841 12.0546443475
130395 12.0517351053
130421 12.0448014026
130849 12.0396572082
131035 12.0369482738
131218 12.0368975278
131257 12.0086510780
132452 11.9957459591
133938 11.9923253864
133960 11.9834654909
134832 11.9724615386
135860 11.9688570968
136843 11.9673210572
137032 11.9644785772
137532 11.9594197538
137876 11.9563410003
138727 11.9552700610
138855 11.9540150542
139101 11.9535379151
139626 11.9534960232
139753 11.9526725409
139910 11.9522024667
140157 11.9520026492
140216 11.9507249213
140788 11.9471444951
142141 11.9463233440
142473 11.9463200427
143120 11.9457082026
143521 11.9446925515
144822 11.9446797371
145268 11.9431280020
146636 11.9425668222
147745 11.9423210222
148041 11.9421765229
148277 11.9421501580
148363 11.9418413830
148701 11.9416063563
148882 11.9415742532
148945 11.9409379318
150081 11.9409229327
150392 11.9409126326
150748 11.9405131855
152110 11.9403940554
152209 11.9403385532
152541 11.9401654197
153120 11.9400768152
153697 11.9400099319
154024 11.9399422189
154763 11.9399408063
155378 11.9398871915
156209 11.9398347635
156304 11.9398269174
156443 11.9398051691
156893 11.9397624964
157100 11.9397371831
157723 11.9397311484
158229 11.9396920307
158514 11.9396856620
159179 11.9396564830
159563 11.9396407928
159809 11.9395987213
161457 11.9395958959
161471 11.9395941937
161738 11.9395877357
161846 11.9395833201
162077 11.9395686546
163048 11.9395560537
163626 11.9395434405
165546 11.9395425695
165704 11.9395422726
165762 11.9395315552
167628 11.9395298744
167679 11.9395275172
167773 11.9395267449
168599 11.9395259902
168612 11.9395248035
168662 11.9395247007
168981 11.9395239339
169175 11.9395228467
169228 11.9395212384
169548 11.9395165938
170989 11.9395160364
171427 11.9395140710
172613 11.9395135610
172917 11.9395134632
173202 11.9395133296
173244 11.9395128660
173934 11.9395128365
173965 11.9395126272
174694 11.9395123898
174930 11.9395115848
175409 11.9395112393
175537 11.9395104229
177289 11.9395104067
177566 11.9395103998
177673 11.9395100807
178544 11.9395100402
178686 11.9395100037
179138 11.9395099615
179208 11.9395097846
179437 11.9395097586
179793 11.9395096197
180147 11.9395095642
180657 11.9395094870
181342 11.9395093934
181608 11.9395093035
182512 11.9395092828
182760 11.9395092313
182974 11.9395091687
183248 11.9395091533
183313 11.9395091496
183927 11.9395090567
184894 11.9395090148
185148 11.9395090088
185227 11.9395090073
185382 11.9395089936
185419 11.9395089605
185726 11.9395089576
186324 11.9395088868
187586 11.9395088856
187876 11.9395088744
188154 11.9395088327
188371 11.9395088299
189411 11.9395087896
190026 11.9395087881
190299 11.9395087826
190492 11.9395087775
190743 11.9395087726
191409 11.9395087651
191663 11.9395087637
191852 11.9395087617
191882 11.9395087512
192095 11.9395087449
192489 11.9395087445
192818 11.9395087312
193262 11.9395087291
193768 11.9395087260
194120 11.9395087241
194133 11.9395087232
194328 11.9395087221
194788 11.9395087209
194793 11.9395087176
195332 11.9395087109
195698 11.9395087071
196852 11.9395087001
198411 11.9395086986
198602 11.9395086971
198716 11.9395086953
199213 11.9395086948
199931 11.9395086943
200194 11.9395086939
200412 11.9395086927
200552 11.9395086925
201008 11.9395086913
201647 11.9395086908
201794 11.9395086905
202158 11.9395086902
202694 11.9395086900
202961 11.9395086891
203643 11.9395086889
203971 11.9395086889
204031 11.9395086889
204066 11.9395086888
204181 11.9395086883
204627 11.9395086878
205068 11.9395086877
205275 11.9395086876
206121 11.9395086874
206225 11.9395086874
206401 11.9395086870
207177 11.9395086865
208018 11.9395086865
208749 11.9395086864
208936 11.9395086864
209042 11.9395086860
210013 11.9395086860
210379 11.9395086859
210890 11.9395086859
211057 11.9395086859
211118 11.9395086859
211280 11.9395086859
211310 11.9395086858
211364 11.9395086857
211624 11.9395086857
212042 11.9395086857
212267 11.9395086856
212748 11.9395086856
212865 11.9395086856
213102 11.9395086856
213320 11.9395086855
214164 11.9395086855
214178 11.9395086854
214522 11.9395086854
214837 11.9395086854
215056 11.9395086854
215098 11.9395086854
216039 11.9395086853
216188 11.9395086853
216311 11.9395086853
216389 11.9395086853
216864 11.9395086853
216996 11.9395086853
217248 11.9395086853
217254 11.9395086853
217339 11.9395086852
218691 11.9395086852
218795 11.9395086852
219574 11.9395086852
219615 11.9395086852
220083 11.9395086852
220336 11.9395086852
220437 11.9395086852
220448 11.9395086852
220754 11.9395086852
221068 11.9395086852
221465 11.9395086852
221539 11.9395086852
221553 11.9395086852
221708 11.9395086852
221886 11.9395086852
222584 11.9395086852
222650 11.9395086852
222666 11.9395086852
222818 11.9395086852
222888 11.9395086852
222900 11.9395086852
223200 11.9395086852
223352 11.9395086852
223361 11.9395086852
223393 11.9395086852
224188 11.9395086852
225076 11.9395086851
225086 11.9395086851
225091 11.9395086851
225507 11.9395086851
225900 11.9395086851
226032 11.9395086851
226061 11.9395086851
226065 11.9395086851
226667 11.9395086851
227744 11.9395086851
228037 11.9395086851
228450 11.9395086851
228666 11.9395086851
229751 11.9395086851
229830 11.9395086851
230524 11.9395086851
230654 11.9395086851
230848 11.9395086851
231276 11.9395086851
231681 11.9395086851
231817 11.9395086851
232009 11.9395086851
232076 11.9395086851
232487 11.9395086851
232871 11.9395086851
233101 11.9395086851
233280 11.9395086851
233731 11.9395086851
233859 11.9395086851
234052 11.9395086851
234390 11.9395086851
235410 11.9395086851
235433 11.9395086851
235813 11.9395086851
235971 11.9395086851
236261 11.9395086851
236648 11.9395086851
237148 11.9395086851
238315 11.9395086851
238707 11.9395086851
238948 11.9395086851
240120 11.9395086851
240468 11.9395086851
240910 11.9395086851
240945 11.9395086851
241988 11.9395086851
242039 11.9395086851
242217 11.9395086851
243361 11.9395086851
243523 11.9395086851
243542 11.9395086851
243659 11.9395086851
245041 11.9395086851
245691 11.9395086851
245712 11.9395086851
246918 11.9395086851
247775 11.9395086851
248164 11.9395086851
250024 11.9395086851
250537 11.9395086851
254571 11.9395086851
259689 11.9395086851
263280 11.9395086851
269639 11.9395086851
312799 11.9395086851
379012 11.9395086851
400022 11.9395086851
evaluations raw_y
1 10024.0000276132
2 9019.4751889794
3 8221.1902854960
5 5586.5456793288
14 5418.6674580804
18 4535.3396711649
20 4459.4564379067
31 4222.6457265898
77 4089.6144862277
83 3765.8618009036
92 3581.1400006350
166 3383.1621249631
241 3338.7313179996
364 2694.1024715201
567 2655.1961041817
583 2506.2945946807
681 2421.5871518295
709 2298.5648028760
776 2216.6371555924
876 2209.3948136887
890 2078.6318406747
895 2032.8610428805
944 1707.5352368750
1143 1522.1643207157
33141 20887.2142707210
evaluations raw_y
1 14994.5240624209
2 10019.2635227395
3 7747.0323553080
8 7504.5535280648
14 6006.7720867217
23 3128.3508678698
32 3061.1157674775
143 3013.7340139441
318 2054.7819092422
692 1930.9590224238
943 1841.9364869673
1050 1471.9120657925
1143 1461.0633494090
1162 1066.3155361493
33981 998.8563736686
34433 867.2766220988
35061 864.5823786030
35406 852.1170863567
35539 842.1022583434
35802 785.6909489580
36042 779.0196122742
36235 655.7611241299
36881 641.2700625061
37619 559.6748511323
38869 527.6778732268
40236 518.3954722138
40531 508.0474103941
40645 490.4261312658
41354 467.0828879476
41870 459.2228396013
42293 456.2691451253
42616 433.3914239253
42870 416.7051073317
42963 408.2905507036
44042 394.9589279599
44293 381.0609827889
44878 370.6599674409
44912 366.0145280073
46413 352.2098772801
46880 331.0107363602
47564 320.6701149930
48640 319.7476241222
49321 318.1495869033
50402 293.8072542093
55162 267.5198098750
55261 246.1751534698
59385 239.1680665997
63728 238.1229079959
81532 235.3344275037
84063 233.7094652777
88921 230.2520116861
88957 212.4133116476
90745 188.2078992419
95264 181.9024286130
96654 168.9323635821
97854 157.6456251933
97991 148.0624088646
100085 144.2020698062
100371 140.3271825222
100463 107.0868274689
103256 91.7443518369
103329 87.5060138282
103553 84.1590515905
103929 82.5712174905
105841 80.6268812038
106109 66.0062361757
107004 63.6852959263
108489 63.6535175034
108783 58.3031617001
108906 57.1342468518
109151 51.6640542752
110266 50.7507251085
111007 50.3067901314
111215 47.0378868003
111244 46.6906538744
112127 45.7042209227
112755 44.5967987718
112795 44.1743252713
112802 44.1560049973
112877 43.7622434547
112943 39.8139788996
113623 39.7172582141
113642 37.5842653584
114511 35.4516119194
115138 35.3777324518
116492 33.8156084961
117505 33.4437214391
117710 32.7001101508
118699 32.4653682508
118806 31.6996494488
118907 31.6042656864
119055 31.3737898577
119147 31.2896772987
119829 30.5443703386
120617 30.5265970387
120762 30.4527658473
120970 30.3015525711
120975 29.9341642966
121010 29.8860427180
121205 28.8147684101
123282 28.1520593269
123830 28.0146662334
124698 27.8685421842
125538 27.5476437852
125721 27.5471925512
125901 27.4899362812
126025 27.4371427063
126565 27.3059311583
126707 27.1959007283
127386 27.1578525962
127406 27.0362570543
127837 27.0052367286
128587 26.8136462511
129014 26.7713316931
129241 26.5894983727
130421 26.5845714430
131221 26.5733418857
131339 26.4575514338
131738 26.4075836224
131866 26.3676045612
132458 26.3632043605
133180 26.2501792463
134690 26.1995828641
134832 26.1769649013
135583 26.1436965471
135860 26.1374841783
136652 26.1308449208
137317 26.1115639487
137388 26.0960377726
137920 26.0892017616
138033 26.0693798035
138614 26.0641365881
138855 26.0226965224
139118 26.0106139351
139784 26.0094035955
140788 25.9993462078
142141 25.9988163271
143120 25.9756306253
143521 25.9597526600
145601 25.9581994013
145961 25.9542259223
146636 25.9300861959
148444 25.9254721107
148468 25.9183368264
149594 25.9134306577
150002 25.9116439771
150392 25.8976399897
151291 25.8934166380
152110 25.8927752704
152209 25.8915272773
152541 25.8891715825
153207 25.8883276251
153589 25.8881908662
153697 25.8839314296
155083 25.8830465628
155126 25.8827929949
155612 25.8826282423
155791 25.8820592457
155797 25.8806975286
155914 25.8801628495
156010 25.8783675840
157100 25.8775006023
157479 25.8770079293
157714 25.8761897711
157911 25.8755579058
158596 25.8749455227
158644 25.8741449878
159563 25.8736563450
159796 25.8734935862
159809 25.8727541906
160602 25.8726279133
161203 25.8725232566
161451 25.8723385432
161471 25.8720068412
161617 25.8718774501
162263 25.8717237140
162393 25.8714980048
162571 25.8712321240
163048 25.8709767799
163626 25.8708057286
164291 25.8707186132
164695 25.8706248235
164811 25.8704386579
165054 25.8704051499
165268 25.8703891438
165390 25.8702726462
165415 25.8702471818
165546 25.8702145745
165723 25.8702123627
165762 25.8700583841
166267 25.8699142842
166811 25.8698829448
167203 25.8698552806
167268 25.8698294737
167603 25.8696892845
167937 25.8695940845
168612 25.8695015494
168662 25.8694969962
169548 25.8694729361
170216 25.8694725567
170765 25.8694502996
170950 25.8694352378
170989 25.8693924150
171427 25.8693796808
171489 25.8693636487
172039 25.8693572070
172164 25.8692916622
172379 25.8692695542
172917 25.8692572822
173582 25.8691833163
174703 25.8691533959
175136 25.8691262122
175235 25.8691169486
175448 25.8691169178
175537 25.8690423352
177673 25.8690358290
178686 25.8690265990
179469 25.8690221915
179793 25.8690131816
180317 25.8690062839
180931 25.8689882771
181505 25.8689806907
181959 25.8689794863
182538 25.8689761698
182584 25.8689713697
182974 25.8689678482
183313 25.8689650881
183591 25.8689630076
183722 25.8689620109
183927 25.8689616399
183971 25.8689599231
184034 25.8689556741
185207 25.8689552784
185419 25.8689508190
186081 25.8689499631
186324 25.8689475158
187985 25.8689456463
188154 25.8689432091
188371 25.8689418860
188758 25.8689409660
189753 25.8689400757
189992 25.8689384995
190168 25.8689376439
190299 25.8689365015
190648 25.8689334791
191882 25.8689332579
192107 25.8689329691
192268 25.8689327403
192489 25.8689322406
192988 25.8689320327
192992 25.8689315520
193010 25.8689310971
193262 25.8689309623
193768 25.8689306750
194133 25.8689306599
194856 25.8689302028
195458 25.8689297989
195698 25.8689292124
195718 25.8689291245
195952 25.8689291139
196852 25.8689280515
197840 25.8689278867
198568 25.8689277660
198602 25.8689273022
199684 25.8689272361
199782 25.8689270863
199938 25.8689270693
200068 25.8689268752
200412 25.8689267390
200716 25.8689265855
201008 25.8689263402
202158 25.8689263334
202582 25.8689262289
202961 25.8689260393
204385 25.8689259941
204627 25.8689258824
204941 25.8689258668
205068 25.8689258522
205674 25.8689258484
205874 25.8689258107
205985 25.8689257912
206401 25.8689257607
206862 25.8689257570
207095 25.8689257108
207177 25.8689256545
208018 25.8689256369
208776 25.8689256166
209042 25.8689255916
209097 25.8689255769
209640 25.8689255650
210519 25.8689255557
211310 25.8689255500
211364 25.8689255435
211409 25.8689255390
211624 25.8689255291
211665 25.8689255251
211826 25.8689255238
212042 25.8689255194
212069 25.8689255080
212266 25.8689255024
212267 25.8689254820
213320 25.8689254777
213745 25.8689254681
214266 25.8689254618
214837 25.8689254582
215098 25.8689254475
216039 25.8689254474
216311 25.8689254468
216837 25.8689254393
216858 25.8689254371
217248 25.8689254350
217710 25.8689254322
218691 25.8689254280
218828 25.8689254253
220083 25.8689254252
220477 25.8689254240
220642 25.8689254207
222209 25.8689254201
222470 25.8689254195
222960 25.8689254187
223393 25.8689254182
223544 25.8689254181
223569 25.8689254171
223781 25.8689254171
224127 25.8689254157
224499 25.8689254149
225091 25.8689254142
225269 25.8689254141
225535 25.8689254140
225900 25.8689254139
226065 25.8689254134
226309 25.8689254134
226917 25.8689254133
226999 25.8689254130
227090 25.8689254130
227158 25.8689254126
227779 25.8689254124
228037 25.8689254121
228487 25.8689254120
228504 25.8689254118
228666 25.8689254112
229308 25.8689254110
229830 25.8689254108
231560 25.8689254107
231643 25.8689254107
231681 25.8689254106
232009 25.8689254105
232076 25.8689254101
233280 25.8689254100
233773 25.8689254099
234531 25.8689254098
234956 25.8689254097
235433 25.8689254092
238707 25.8689254092
238829 25.8689254091
238948 25.8689254091
240757 25.8689254090
241180 25.8689254090
241495 25.8689254090
241530 25.8689254090
241841 25.8689254090
242142 25.8689254090
242175 25.8689254090
242386 25.8689254090
242732 25.8689254089
243333 25.8689254089
243361 25.8689254089
243728 25.8689254089
243837 25.8689254089
244590 25.8689254089
244740 25.8689254089
245339 25.8689254089
245398 25.8689254089
245607 25.8689254089
246141 25.8689254089
246472 25.8689254089
246978 25.8689254089
246994 25.8689254088
247505 25.8689254088
247542 25.8689254088
247876 25.8689254088
247919 25.8689254088
248100 25.8689254088
248555 25.8689254088
249057 25.8689254088
249687 25.8689254088
250280 25.8689254088
250650 25.8689254088
251108 25.8689254088
251453 25.8689254088
251598 25.8689254088
251736 25.8689254088
251940 25.8689254088
252839 25.8689254088
253333 25.8689254088
254106 25.8689254088
254303 25.8689254088
254440 25.8689254088
255231 25.8689254088
255404 25.8689254088
255607 25.8689254088
256008 25.8689254088
256087 25.8689254088
256280 25.8689254088
256327 25.8689254088
256640 25.8689254088
257115 25.8689254088
257460 25.8689254088
257603 25.8689254088
257684 25.8689254088
258495 25.8689254088
259320 25.8689254088
259430 25.8689254088
259454 25.8689254088
259668 25.8689254088
259955 25.8689254088
260739 25.8689254088
260743 25.8689254088
261427 25.8689254088
262208 25.8689254088
262286 25.8689254088
262515 25.8689254088
263438 25.8689254088
264590 25.8689254088
265767 25.8689254088
266536 25.8689254088
267190 25.8689254088
269088 25.8689254088
269575 25.8689254088
269715 25.8689254088
270439 25.8689254088
270749 25.8689254088
271509 25.8689254088
271750 25.8689254088
272707 25.8689254088
273362 25.8689254088
275345 25.8689254088
278473 25.8689254088
279804 25.8689254088
289542 25.8689254088
303368 25.8689254088
335002 25.8689254088
400009 25.8689254088
evaluations raw_y
1 5297.8132033671
2 4809.1949508036
3 4053.5328481703
6 3506.1215398017
14 3364.8707189309
20 2803.4494354835
23 2781.5244166442
46 2744.9745602512
56 2553.4793585505
60 2356.7387548041
97 2350.9696798476
309 2152.6759160673
349 1960.2750648716
505 1890.8592478443
567 1800.9315977682
597 1754.2939372457
792 1753.4430500608
859 1643.8108499226
1002 1579.3047306179
1152 1572.3769535665
1378 1502.3362096751
1678 1456.7311104660
1946 1446.1130158378
24296 1443.7047770505
24297 1226.5052208305
24610 989.3533471353
27012 855.9365471835
27600 780.4758791169
28763 736.2149236167
29262 675.8495849945
29937 646.7381922306
30849 643.8673236309
30898 637.3371366219
31653 573.7750109230
33021 534.2742544301
33281 507.0064324998
33742 473.1965979494
34508 456.0846671726
35434 439.2722030700
36042 423.8135980473
36914 387.3411261047
38728 350.4111142439
39940 326.9818262025
43344 320.8971434850
45027 317.0387310899
45175 314.9165493897
45678 286.5126109348
49115 276.6219249022
49117 233.7552411263
66158 223.6646732397
70619 213.4592461767
72470 208.5559985709
76766 187.7308390597
81491 184.3739397757
83045 180.9651650551
83092 176.4155119573
83402 169.9698682243
85794 160.6135670083
85883 154.0241902550
85971 148.2679297359
86657 141.1241027340
89282 127.9172337316
90673 120.3058681349
90745 117.0435688510
91297 94.6810996871
92443 88.0300944795
93791 71.1076793280
94175 68.9170994736
94193 67.9955260397
94829 60.7394749303
96084 58.3097635573
96297 57.9103971089
96632 56.6014692673
96678 54.9672029047
96707 52.7528585205
96963 52.4207223979
97018 52.3530082711
97062 47.5084115423
97718 46.9191169088
98297 45.4686955225
98500 45.2886682210
98529 37.7014861219
99688 33.5012779704
100493 31.5344370392
100546 28.1535442183
102135 26.3819392727
102702 26.3765647826
103228 26.0124873686
103256 24.1554350074
103815 23.9008279364
103902 23.7765158394
104471 22.4755549061
105038 22.1210845559
105830 21.9217439929
105841 21.1627428531
106556 21.1294987536
106855 20.6373999936
106991 20.4579891334
107003 20.3615198187
107661 20.3110994952
107690 20.2236860222
107895 19.2557372035
108804 19.0463748248
109012 18.6665311657
110130 18.5055068609
110266 18.3509719312
110818 18.2368666259
110971 18.1910351638
111293 18.1771327016
111679 18.0800020139
112011 18.0334938916
112127 18.0032735927
112548 17.8522699459
112795 17.8301173853
113231 17.8073213829
113549 17.7936592601
113642 17.6644447839
113960 17.6354485424
114080 17.6336510545
114348 17.5093144414
114876 17.4782944647
114965 17.4677453834
115138 17.2593857462
117660 17.2205502673
117749 17.2023580760
118907 17.1565128874
119055 17.1300162864
120368 17.1180817111
120528 17.1160153996
120762 17.1041016793
120887 17.1015212812
120975 17.0709932028
121973 17.0677056011
122044 17.0664761454
122184 17.0482637482
123082 17.0334229858
123379 17.0300213643
123458 17.0220565965
123742 17.0179841713
123830 16.9990394602
125538 16.9971191236
125721 16.9807944757
126233 16.9798308969
126356 16.9747139218
126565 16.9696588931
126585 16.9669388623
127406 16.9609139135
128117 16.9540982689
128671 16.9519614737
129705 16.9427333125
131218 16.9416821722
131274 16.9386714923
132153 16.9369631778
132183 16.9364357293
132599 16.9350095689
132892 16.9324043678
133080 16.9305276987
134371 16.9298067897
134832 16.9295644042
135583 16.9286873655
136662 16.9274808522
137317 16.9249338039
138727 16.9248414115
138830 16.9247175409
139358 16.9246300154
139910 16.9240922224
140216 16.9235101657
140788 16.9215134001
142878 16.9207134184
145268 16.9187900189
145961 16.9186175035
147888 16.9184341150
148468 16.9180804692
148882 16.9172814311
150748 16.9169903814
151270 16.9169569641
151291 16.9167818508
152209 16.9163777032
152740 16.9162908716
153986 16.9160683441
154024 16.9160377309
154821 16.9160256500
155110 16.9157281079
156010 16.9156753705
156137 16.9156624612
156209 16.9155106448
156223 16.9154781841
156365 16.9154367355
156513 16.9153937288
157039 16.9152984589
157100 16.9151034354
157821 16.9150843325
158229 16.9148553185
159809 16.9146814662
161846 16.9146762752
162270 16.9146760489
162571 16.9146756110
162670 16.9146466348
163048 16.9145769117
163626 16.9144788672
165171 16.9144484940
165546 16.9144330748
166584 16.9144193977
166872 16.9144148528
167203 16.9144055409
167589 16.9143983198
167628 16.9143826503
168104 16.9143707844
169175 16.9143640918
169481 16.9143626073
169548 16.9143386603
170216 16.9143375144
170231 16.9143365750
171189 16.9143328171
171427 16.9143282463
172379 16.9143263282
172613 16.9143232304
172917 16.9143222655
173582 16.9143163849
173965 16.9143142923
174930 16.9143093876
175537 16.9143067202
176635 16.9143060801
177560 16.9143059505
177566 16.9143057910
177582 16.9143056252
177592 16.9143050304
177673 16.9143031295
178544 16.9143016904
179240 16.9143014725
179469 16.9143001964
179793 16.9142991430
180584 16.9142990658
180657 16.9142983687
180706 16.9142983555
181150 16.9142982917
181289 16.9142982156
181458 16.9142975510
182035 16.9142973326
182105 16.9142972729
182413 16.9142971925
182483 16.9142970868
182538 16.9142967382
182760 16.9142962464
183313 16.9142962153
183897 16.9142961566
184642 16.9142958027
184894 16.9142957577
185148 16.9142957080
185382 16.9142955944
185419 16.9142955435
185683 16.9142954614
185726 16.9142954081
185904 16.9142952864
186105 16.9142952264
186324 16.9142949184
187876 16.9142948230
188074 16.9142947930
188154 16.9142947192
188371 16.9142945875
188758 16.9142944672
189992 16.9142944535
190026 16.9142943388
191062 16.9142942824
191997 16.9142942638
192060 16.9142942353
192095 16.9142941850
193010 16.9142940622
194013 16.9142940611
194788 16.9142940173
195790 16.9142940112
195911 16.9142940063
196443 16.9142939834
196852 16.9142939598
198602 16.9142939489
199684 16.9142939422
199905 16.9142939371
200194 16.9142939334
200470 16.9142939304
201008 16.9142939209
202158 16.9142939185
202582 16.9142939159
202951 16.9142939143
202961 16.9142939090
204181 16.9142939066
204627 16.9142939059
205903 16.9142939046
206291 16.9142939043
206401 16.9142939018
207210 16.9142939014
207760 16.9142939008
208018 16.9142939007
209042 16.9142938997
209354 16.9142938991
209894 16.9142938990
210692 16.9142938986
210887 16.9142938985
210890 16.9142938981
211364 16.9142938979
211624 16.9142938978
211965 16.9142938976
212248 16.9142938972
212267 16.9142938969
213320 16.9142938965
213690 16.9142938965
214087 16.9142938965
214178 16.9142938964
214266 16.9142938963
214436 16.9142938962
214522 16.9142938962
214837 16.9142938960
215444 16.9142938959
216039 16.9142938957
216676 16.9142938957
217254 16.9142938957
217339 16.9142938956
218187 16.9142938955
218691 16.9142938954
218795 16.9142938954
219000 16.9142938953
220083 16.9142938953
220597 16.9142938952
221068 16.9142938952
221867 16.9142938952
221886 16.9142938952
222650 16.9142938951
222960 16.9142938951
224034 16.9142938951
224098 16.9142938951
224188 16.9142938951
224499 16.9142938951
225091 16.9142938951
225269 16.9142938950
226065 16.9142938950
226420 16.9142938950
226539 16.9142938950
226667 16.9142938950
227158 16.9142938950
227534 16.9142938950
227761 16.9142938950
228037 16.9142938950
228666 16.9142938950
228861 16.9142938950
228986 16.9142938950
229308 16.9142938950
230078 16.9142938950
230584 16.9142938950
231681 16.9142938950
232009 16.9142938950
233101 16.9142938950
233245 16.9142938950
233280 16.9142938950
233573 16.9142938950
233859 16.9142938950
234531 16.9142938950
234956 16.9142938950
235318 16.9142938950
235433 16.9142938950
237021 16.9142938950
237072 16.9142938950
237130 16.9142938950
237148 16.9142938950
237914 16.9142938950
238682 16.9142938950
238707 16.9142938950
238948 16.9142938950
240096 16.9142938950
240129 16.9142938950
240468 16.9142938950
240945 16.9142938949
241881 16.9142938949
241988 16.9142938949
242217 16.9142938949
242386 16.9142938949
242396 16.9142938949
243333 16.9142938949
243361 16.9142938949
243837 16.9142938949
244467 16.9142938949
244740 16.9142938949
245339 16.9142938949
245398 16.9142938949
246160 16.9142938949
246994 16.9142938949
247876 16.9142938949
248254 16.9142938949
248397 16.9142938949
249057 16.9142938949
249472 16.9142938949
249970 16.9142938949
250082 16.9142938949
250741 16.9142938949
252777 16.9142938949
253856 16.9142938949
254054 16.9142938949
255694 16.9142938949
256801 16.9142938949
259619 16.9142938949
261588 16.9142938949
262791 16.9142938949
265425 16.9142938949
280501 16.9142938949
286431 16.9142938949
309997 16.9142938949
327974 16.9142938949
390333 16.9142938949
400022 16.9142938949
evaluations raw_y
1 8573.0127385949
2 5326.0411404634
5 5090.2776633708
14 3967.6848643751
17 3718.4984563859
32 3515.3492174961
43 2988.6707350888
86 2489.9374501269
351 2239.6264732364
566 2029.1233738146
657 1879.7590281969
828 1815.4721046766
876 1751.8711277920
887 1728.4056221297
1056 1342.1471876902
22308 1319.3478831154
24489 1248.1361695810
25732 1011.3270309321
26915 959.6793263932
27236 957.5906182162
27587 915.7404840144
27622 805.7379422741
28679 764.0600820503
29468 758.1076081285
29648 732.0725438348
29845 701.9384354687
29937 652.2883128869
30698 609.6180614786
31208 602.3928207340
31406 590.8431763632
31808 573.0015622250
32115 559.6513794282
32195 549.0551600593
32473 515.6023345245
32845 451.0703684886
33981 429.0849432304
36427 422.2425002285
36719 420.5241651071
36996 400.1585790935
38619 367.8215387514
38836 362.1828922466
40355 310.5131238779
41888 283.1312691680
45859 272.8108925762
50629 264.6257131804
56460 233.3213463258
66674 202.2182996767
80498 197.1924838407
83092 188.9735009567
86296 181.6046772527
88742 173.0124394672
89380 162.1978422013
90698 124.3768538694
92399 120.4567830448
92500 115.6160338600
93323 110.4266618487
94104 99.2545266224
94150 92.8299072901
94175 91.7312527996
94973 88.8385644566
95063 82.3115792318
95368 80.2633733084
96297 76.1957818968
96623 70.7631190391
96963 68.8677297465
97536 67.3931991804
97642 66.8241973256
97695 65.4680428041
97785 63.4908316017
97795 62.5529940786
97827 54.4001727253
98529 53.0558218392
99366 50.1322147264
99370 47.0702279361
99688 46.4112193893
100512 39.5440404142
100966 38.2979799606
101369 38.0936095651
101598 36.0549483052
101823 35.4055980520
102441 33.8341872168
102847 32.8626065197
103509 30.5271158463
103815 29.2211209310
104450 28.4780797684
104471 27.9973205643
106117 27.2112885110
106490 26.1731639252
106834 25.6749119837
108247 24.6527124241
108572 24.3164225895
108892 24.2113426570
108906 22.3501320344
110266 22.3468404201
110331 22.1445332341
111223 21.8926340110
112756 21.7871748879
112877 21.4873034990
113255 21.3046678402
113485 20.8432121429
114388 20.5670935382
115138 20.1457568229
116861 19.9997565497
117521 19.9170004597
117924 19.8052591756
118699 19.5616004317
120316 19.5184765075
120348 19.5093975064
120787 19.4098717190
121010 19.3651973008
121973 19.3466880160
122184 19.3251934648
122622 19.3111164082
122927 19.3006134931
123082 19.2839265147
123458 19.2325937740
123726 19.2323425389
123830 19.1697903207
124567 19.1570477579
125569 19.1116298910
125604 19.0985181005
126565 19.0731921628
127126 19.0516381770
127406 19.0470757355
127638 19.0446829534
127760 19.0435470350
128090 19.0418913041
128234 19.0184996672
128935 19.0145725465
129705 18.9919550506
130772 18.9910780408
131073 18.9849602402
131274 18.9573353568
132834 18.9572591929
133080 18.9501097712
133180 18.9496452858
134622 18.9463210303
134632 18.9426679797
134932 18.9323886803
135860 18.9311580712
135964 18.9299943850
137253 18.9281728206
138170 18.9239870013
138766 18.9239769297
138811 18.9232332805
138831 18.9207812525
138845 18.9179473116
139784 18.9164128096
140017 18.9163946057
140546 18.9150072523
140788 18.9116582720
143498 18.9113408467
143521 18.9107756984
143742 18.9102495576
144323 18.9101184162
144441 18.9096954886
144640 18.9091550592
145059 18.9086787697
145164 18.9081478359
145536 18.9079980598
145961 18.9078635407
146821 18.9076344719
146825 18.9072891881
147573 18.9065666002
148363 18.9062540473
148371 18.9059772257
148701 18.9058038738
148945 18.9057587528
149222 18.9057301756
150249 18.9056996599
150392 18.9054914956
150748 18.9052344137
151270 18.9051836210
152209 18.9049023200
153865 18.9048939656
153918 18.9048621917
154024 18.9047228740
155052 18.9047219799
155284 18.9046631858
155447 18.9046506667
155609 18.9046357127
156025 18.9046171936
156223 18.9046022737
156304 18.9045510937
156893 18.9045092535
157479 18.9044510285
158229 18.9044443980
158234 18.9044364229
158504 18.9044045585
159179 18.9043536306
159809 18.9043168146
161471 18.9043070441
162110 18.9043016653
162339 18.9042991600
162504 18.9042865526
163211 18.9042825751
163445 18.9042739448
163626 18.9042615721
165268 18.9042585700
165762 18.9042507549
167257 18.9042477767
167937 18.9042477357
168013 18.9042443790
168063 18.9042431762
168652 18.9042380852
169145 18.9042342848
169548 18.9042330884
170216 18.9042311198
170708 18.9042308615
170787 18.9042296292
170817 18.9042280043
172351 18.9042269429
172379 18.9042257385
173202 18.9042246849
173582 18.9042244112
173965 18.9042243309
174016 18.9042240013
174812 18.9042237145
175136 18.9042221674
175537 18.9042219205
177362 18.9042218964
177499 18.9042214058
177673 18.9042207807
178544 18.9042206479
179726 18.9042206425
179746 18.9042202535
179767 18.9042202163
179793 18.9042200227
180657 18.9042199709
180706 18.9042198118
180931 18.9042197772
181466 18.9042195552
181654 18.9042194885
181824 18.9042192258
182508 18.9042191471
182512 18.9042191319
182538 18.9042191207
182760 18.9042186703
182974 18.9042185444
185106 18.9042184375
185159 18.9042184105
185248 18.9042182875
185382 18.9042182225
185904 18.9042181207
186150 18.9042180903
186217 18.9042179754
186739 18.9042179402
186822 18.9042178422
187876 18.9042177463
188758 18.9042176368
191409 18.9042176353
192054 18.9042176222
192060 18.9042175996
192489 18.9042175444
193010 18.9042174927
193768 18.9042174466
193904 18.9042173954
194788 18.9042173648
196606 18.9042173594
196852 18.9042172766
198840 18.9042172679
199213 18.9042172535
199928 18.9042172384
199935 18.9042172122
200435 18.9042171943
200716 18.9042171709
201570 18.9042171687
201607 18.9042171617
201647 18.9042171395
202158 18.9042171232
202961 18.9042171185
203978 18.9042171132
204181 18.9042171037
204709 18.9042171027
205068 18.9042170907
205606 18.9042170859
206583 18.9042170846
206946 18.9042170783
207703 18.9042170781
207760 18.9042170762
208018 18.9042170700
209042 18.9042170670
209649 18.9042170654
210234 18.9042170646
210630 18.9042170642
211057 18.9042170642
211144 18.9042170613
211364 18.9042170588
212267 18.9042170572
213102 18.9042170571
213320 18.9042170560
214302 18.9042170545
214445 18.9042170544
214681 18.9042170539
214837 18.9042170534
215098 18.9042170519
216087 18.9042170519
216188 18.9042170518
216389 18.9042170516
216397 18.9042170514
216837 18.9042170502
218187 18.9042170500
218691 18.9042170495
218828 18.9042170490
220174 18.9042170488
220437 18.9042170488
220597 18.9042170487
220642 18.9042170484
220749 18.9042170483
221703 18.9042170483
222584 18.9042170482
222650 18.9042170481
222900 18.9042170480
223318 18.9042170480
223361 18.9042170479
223781 18.9042170478
224098 18.9042170477
224499 18.9042170476
225091 18.9042170476
225269 18.9042170475
225900 18.9042170474
226667 18.9042170474
227158 18.9042170473
227385 18.9042170473
227534 18.9042170473
228037 18.9042170472
228450 18.9042170472
228487 18.9042170472
228666 18.9042170471
229830 18.9042170471
229996 18.9042170471
230834 18.9042170471
230839 18.9042170471
231479 18.9042170471
231643 18.9042170471
231681 18.9042170471
232076 18.9042170471
232300 18.9042170470
233101 18.9042170470
233355 18.9042170470
233573 18.9042170470
233731 18.9042170470
233773 18.9042170470
234052 18.9042170470
234956 18.9042170470
235433 18.9042170470
235869 18.9042170470
236763 18.9042170470
237148 18.9042170470
238199 18.9042170470
238407 18.9042170470
238765 18.9042170470
238829 18.9042170470
239198 18.9042170470
239762 18.9042170470
239842 18.9042170470
240102 18.9042170470
240129 18.9042170470
240260 18.9042170470
240423 18.9042170470
240910 18.9042170470
240970 18.9042170470
241061 18.9042170470
241881 18.9042170470
243268 18.9042170470
243333 18.9042170470
243659 18.9042170470
243728 18.9042170470
243837 18.9042170470
244035 18.9042170470
244740 18.9042170470
245607 18.9042170470
246315 18.9042170470
246393 18.9042170470
246994 18.9042170470
247462 18.9042170470
247919 18.9042170470
247922 18.9042170470
248198 18.9042170470
248624 18.9042170470
249041 18.9042170470
249687 18.9042170470
249913 18.9042170470
250000 18.9042170470
250082 18.9042170470
252080 18.9042170470
253069 18.9042170470
253333 18.9042170470
253437 18.9042170470
254086 18.9042170470
254174 18.9042170470
254886 18.9042170470
255031 18.9042170470
255177 18.9042170470
255920 18.9042170470
256327 18.9042170470
256925 18.9042170470
257684 18.9042170470
259251 18.9042170470
259762 18.9042170470
259798 18.9042170470
259972 18.9042170470
260893 18.9042170470
261718 18.9042170470
262180 18.9042170470
262195 18.9042170470
265178 18.9042170470
266490 18.9042170470
268165 18.9042170470
269239 18.9042170470
275223 18.9042170470
300396 18.9042170470
303845 18.9042170470
345711 18.9042170470
400022 18.9042170470
evaluations raw_y
1 17675.2852536911
2 12172.2142390925
3 9618.3448486896
14 7188.0267491934
25 5262.4658934680
73 5058.6031264533
104 4606.0098573501
118 4082.7182088644
163 3753.5752612775
397 3706.8412926981
475 3225.0847083533
539 2755.7746915368
844 2650.1811856821
875 2580.5321391401
898 2499.7154474219
943 2249.6797374346
949 2100.2776144334
1397 2047.1126940902
1726 2046.0183369825
33981 1820.1999476786
34777 1747.1550554416
35632 1727.3876127317
35802 1565.9005973488
35924 1563.6897773420
36016 1354.9451867099
36874 1127.5023365293
38305 1008.3331864506
38464 929.2256450234
38869 912.1580491989
40161 830.6073746452
41090 816.1263812185
41118 811.4439670077
41217 795.5963067873
41267 728.2419946989
43327 686.4716170428
43710 648.5164377931
44335 639.5744844539
44564 579.3847777320
44754 554.9526682250
44954 549.8209981878
45927 527.5805614527
45988 527.4506044647
46051 504.8176013135
46970 496.5864429926
47141 481.1471721446
47840 467.6141446689
48015 383.7828130733
50650 377.7890408621
52317 364.4929430356
52964 348.1611529505
53559 325.1979994229
53859 290.0792008691
58439 270.3140727590
60052 268.2043291837
62877 226.9363310836
75120 209.5609811005
82829 200.3205393144
84627 197.1244011646
86657 181.7453261479
87546 166.2492639893
90174 163.7542548879
90377 155.8500417397
90698 130.2885362127
90845 128.7289316037
94025 125.6502557532
94150 114.8354504638
94175 110.4043710657
94593 108.5469868553
94665 99.1486367136
95063 90.4125747929
96566 83.7931905374
96996 81.0531010335
97062 80.7506586438
97718 59.8185535699
98529 55.8674208516
99562 54.4122364707
99863 53.2704681094
99895 39.3441391134
101598 38.0383646971
101967 36.5346389443
102022 35.9656278785
102271 35.9030001043
102273 31.2000305299
102945 28.9189045576
103256 27.5064466812
103553 26.9157919875
103728 26.9086793580
104471 24.3687408587
105038 24.0946750308
105841 22.1524195271
106002 20.8943174310
106572 20.4797921050
106929 20.0278005856
107450 19.3081760462
108203 18.0196109236
108919 17.9149578405
109151 17.6538866208
109376 16.9568586694
110331 16.2728071315
110753 15.6477349900
112427 15.2869320826
112795 14.1510294639
114388 14.1450550509
114876 13.8485805075
114939 13.2540250228
115138 12.5389768204
117708 12.5314033109
117924 12.4690999344
118699 12.1262798444
118907 12.0492195460
120368 11.9563869174
120975 11.7620605443
121923 11.7183407353
122117 11.6676926932
123264 11.6556724074
123458 11.3395420452
126025 11.3260099040
126281 11.2939189383
126413 11.2928727385
126501 11.2876081243
126565 11.2544730766
127126 11.2405085268
127406 11.1996846226
127469 11.1933581234
128234 11.1603795306
128935 11.1385865192
129705 11.1048192385
130349 11.0981250889
130772 11.0804237081
131257 11.0674937704
132834 11.0576873989
133080 11.0444683046
133506 11.0412147026
134489 11.0406817019
134676 11.0147954547
135671 11.0082836030
135964 11.0037786930
136941 11.0022909044
137289 10.9990327189
137563 10.9977048741
138033 10.9946869859
138208 10.9932498652
138270 10.9843176107
138926 10.9763345812
140788 10.9670727934
142717 10.9667583495
142764 10.9666399613
143120 10.9639667833
143711 10.9617549857
144007 10.9603783194
144971 10.9597236872
145268 10.9568137177
145346 10.9554488697
145901 10.9547456013
145961 10.9535426306
148343 10.9534286209
148363 10.9520365220
148585 10.9511080137
148882 10.9498200958
150605 10.9492609299
150748 10.9482367966
151522 10.9480998978
152209 10.9476839215
152480 10.9475855532
152541 10.9471783479
153235 10.9470789807
153882 10.9467182319
153986 10.9464408413
154024 10.9463465398
154771 10.9463119632
155385 10.9462757145
155612 10.9462179215
155791 10.9461873440
156010 10.9460242160
156081 10.9459801923
156209 10.9458638522
157479 10.9458419171
157586 10.9456847969
158504 10.9456709608
158513 10.9456064621
158670 10.9455276264
158781 10.9454775121
159179 10.9454398662
159647 10.9452985312
159809 10.9452370394
161471 10.9450871889
162975 10.9450719063
163318 10.9450674385
163626 10.9449325742
164912 10.9448964218
167679 10.9448602293
168557 10.9448538965
168599 10.9448229178
168981 10.9448154752
169450 10.9448001812
169548 10.9447582684
170216 10.9447438831
170345 10.9447419811
170807 10.9447328777
170864 10.9447194202
171427 10.9447033662
171489 10.9446928316
172021 10.9446904625
172318 10.9446802636
172613 10.9446758421
172632 10.9446724204
172917 10.9446537833
174603 10.9446483146
175136 10.9446431011
175152 10.9446291238
175409 10.9446239205
175537 10.9446048848
180012 10.9446004953
180045 10.9445992638
180317 10.9445976725
180569 10.9445957006
180657 10.9445954335
180706 10.9445946459
180761 10.9445931178
181048 10.9445927910
181100 10.9445896249
181365 10.9445887627
181458 10.9445843863
181959 10.9445842413
182508 10.9445797062
182512 10.9445786735
182760 10.9445767544
183313 10.9445755851
183927 10.9445727912
185248 10.9445720894
185419 10.9445715296
185627 10.9445693933
186081 10.9445686762
186217 10.9445672191
186324 10.9445660610
187831 10.9445652855
187876 10.9445644503
188059 10.9445625045
188154 10.9445614007
188758 10.9445589213
189844 10.9445579995
189990 10.9445579120
190026 10.9445574186
190120 10.9445565024
190952 10.9445562501
191412 10.9445560331
191810 10.9445552905
191852 10.9445550525
191882 10.9445547454
192107 10.9445547149
192268 10.9445537646
192988 10.9445535799
193262 10.9445529759
193875 10.9445529361
194133 10.9445527026
194788 10.9445523813
195285 10.9445523673
195698 10.9445521566
195718 10.9445521108
195841 10.9445520180
196852 10.9445511735
197840 10.9445511088
199141 10.9445511034
199213 10.9445509594
199431 10.9445508502
199741 10.9445508283
199935 10.9445507601
200412 10.9445506543
200470 10.9445506347
200560 10.9445505766
200999 10.9445505252
201008 10.9445503961
201327 10.9445503448
201514 10.9445503442
201647 10.9445501646
202600 10.9445501472
202961 10.9445500048
203679 10.9445500012
204285 10.9445499833
204411 10.9445499479
204627 10.9445499117
204709 10.9445498950
205495 10.9445498686
206040 10.9445498455
206583 10.9445498358
206946 10.9445498336
207177 10.9445498131
207656 10.9445497906
207760 10.9445497748
208018 10.9445497700
208730 10.9445497649
208749 10.9445497495
208776 10.9445497446
209367 10.9445497315
209640 10.9445497253
209824 10.9445497221
210519 10.9445497212
210718 10.9445497170
210887 10.9445497134
211144 10.9445496986
211364 10.9445496958
212042 10.9445496920
212069 10.9445496901
212248 10.9445496847
212499 10.9445496777
213102 10.9445496760
213320 10.9445496729
213609 10.9445496702
213760 10.9445496655
214522 10.9445496592
214837 10.9445496580
215098 10.9445496543
215444 10.9445496534
216087 10.9445496518
216483 10.9445496515
216674 10.9445496513
216676 10.9445496468
216837 10.9445496449
217339 10.9445496444
218514 10.9445496438
218691 10.9445496425
218795 10.9445496394
220437 10.9445496393
220448 10.9445496389
220642 10.9445496355
221886 10.9445496350
222209 10.9445496348
222295 10.9445496344
222650 10.9445496342
222735 10.9445496332
223781 10.9445496324
224188 10.9445496321
224192 10.9445496320
224629 10.9445496316
224972 10.9445496312
225269 10.9445496308
225646 10.9445496308
225860 10.9445496308
225884 10.9445496307
225943 10.9445496305
226065 10.9445496305
226309 10.9445496304
226539 10.9445496302
226667 10.9445496299
227385 10.9445496299
227639 10.9445496298
228037 10.9445496296
228286 10.9445496295
228450 10.9445496293
228666 10.9445496291
228986 10.9445496291
229830 10.9445496290
229996 10.9445496288
230524 10.9445496287
230848 10.9445496287
231681 10.9445496286
232076 10.9445496286
232420 10.9445496286
232871 10.9445496286
233101 10.9445496285
233725 10.9445496285
233773 10.9445496285
234179 10.9445496284
234390 10.9445496284
234825 10.9445496284
234856 10.9445496284
234872 10.9445496284
234956 10.9445496283
235433 10.9445496283
236261 10.9445496283
236700 10.9445496282
236833 10.9445496282
237907 10.9445496282
237914 10.9445496282
238023 10.9445496282
238199 10.9445496282
238394 10.9445496282
238707 10.9445496282
238829 10.9445496281
238948 10.9445496281
239655 10.9445496281
239762 10.9445496281
240120 10.9445496281
240129 10.9445496281
240468 10.9445496281
240945 10.9445496281
240970 10.9445496281
242145 10.9445496281
242386 10.9445496281
243056 10.9445496281
243268 10.9445496281
243333 10.9445496281
243837 10.9445496281
244740 10.9445496281
245339 10.9445496281
245375 10.9445496281
245379 10.9445496281
245607 10.9445496280
246994 10.9445496280
247189 10.9445496280
247462 10.9445496280
248281 10.9445496280
248555 10.9445496280
249057 10.9445496280
249687 10.9445496280
250082 10.9445496280
251108 10.9445496280
252287 10.9445496280
252320 10.9445496280
252324 10.9445496280
254046 10.9445496280
254174 10.9445496280
254440 10.9445496280
254475 10.9445496280
255014 10.9445496280
255073 10.9445496280
255645 10.9445496280
256008 10.9445496280
256056 10.9445496280
256259 10.9445496280
256639 10.9445496280
256640 10.9445496280
257016 10.9445496280
257460 10.9445496280
257603 10.9445496280
257684 10.9445496280
258495 10.9445496280
259668 10.9445496280
260743 10.9445496280
261208 10.9445496280
261811 10.9445496280
262329 10.9445496280
262463 10.9445496280
263273 10.9445496280
263438 10.9445496280
265357 10.9445496280
265380 10.9445496280
265767 10.9445496280
266952 10.9445496280
267470 10.9445496280
269175 10.9445496280
269541 10.9445496280
270661 10.9445496280
272110 10.9445496280
272812 10.9445496280
274755 10.9445496280
277767 10.9445496280
297945 10.9445496280
400239 10.9445496280
evaluations raw_y
1 8199.5082061894
8 7991.7605024004
9 7807.8957686865
10 7317.6351394039
14 5161.3796497469
25 4773.9921230539
30 4120.2881788369
34 4080.2199041457
49 3560.3358213252
217 3486.1899677259
227 3401.3588659885
259 3367.0777039885
289 3294.5470186611
297 2695.9945228790
390 2408.8534270107
571 1992.2740909823
1185 1743.5981165007
1565 1701.1946078749
1657 1681.0250821605
27600 1629.6518485937
28428 1585.4778848290
28938 1352.1051129254
30095 1345.5400837150
30284 1331.9727877376
30508 1304.3775713112
30886 1155.3801163944
30898 1073.2767402186
32115 1033.5422370967
32682 994.1412119561
32845 937.9068899604
33531 854.3821978608
34603 804.7554164450
35315 735.3102380396
35536 643.7448169186
35632 618.7417074070
36881 617.1273741004
37020 588.9411703360
38690 585.2582931355
39182 544.5568201646
39426 543.9398985823
39448 507.6793713191
40127 503.2765543717
41118 452.3085043239
41947 437.9434173872
43033 427.5054818690
43747 407.1836070075
44276 402.8446582409
44501 396.4202360161
44818 393.6766868835
44985 391.0326506774
45826 389.1024307784
46069 362.1757118873
46133 352.3929702601
46828 323.6417844759
47932 318.1140463435
49811 308.3816285358
51827 302.1095644727
52373 291.9192761333
53976 291.3518679991
58419 287.0307327036
59572 285.7501412571
60911 284.0716715945
61775 275.1702489305
69914 263.4962995733
71330 257.8160341188
73156 257.3056405640
76423 249.5314582490
77145 245.4195378964
85072 243.7040659584
86949 236.3299081337
87458 215.2885817550
89124 209.5921729040
90179 191.6486705114
91185 185.5023371751
91297 177.8468322559
97811 160.3439559146
98778 149.6358697259
101417 147.5037948395
102022 134.6082151186
102146 132.5470341164
102945 132.2583351153
103256 129.6803789032
103456 124.0743818695
103728 122.7870516148
103812 116.9450478512
103815 113.6471439577
104471 96.3497365072
105085 86.2533936064
105841 82.1661681961
106276 78.8705143617
106556 77.4882075332
106895 65.3830410555
108418 63.7356471148
108513 59.1248983556
108572 54.3925134376
108906 51.8126383060
109126 49.5638116499
109329 46.4500069375
109553 46.2172425656
110190 40.2750492518
110971 36.4745164458
111475 35.1334403669
111624 34.4868526686
112601 33.6804141270
112795 31.1844273484
113738 29.5800607562
113927 27.8650588364
114876 25.4767496311
115138 22.7050867617
117341 21.6654389410
117749 20.2876345459
118844 20.2664738554
118907 19.6688236872
120975 19.5493223100
121010 19.3671401733
121205 18.9025429161
122415 18.8263491648
122503 18.6403576785
122861 18.3299504447
123458 17.8997730691
124567 17.8582380223
125209 17.7108807190
125604 17.3521722860
126707 17.2867471091
127045 17.2813990600
127075 17.0943312885
127356 17.0168077372
127564 16.9041864539
128125 16.8842759472
128587 16.7572294618
129705 16.7396329240
129806 16.6977359061
129841 16.6059677190
130395 16.5673127176
130772 16.5476995791
130783 16.5406850400
131098 16.4812002357
131257 16.4781842889
131274 16.3180322939
131738 16.2908901606
132311 16.2410223906
132961 16.1923892830
133180 16.1858547884
133775 16.1490134849
134632 16.1407665482
134676 16.1244828348
134753 16.1139006336
135028 16.1049066429
135759 16.1022339917
135860 16.0659917628
135964 16.0580254960
136941 16.0515209702
137253 16.0381764694
137563 16.0332300241
137876 16.0166866942
138727 15.9920407063
138855 15.9882376529
139784 15.9824923308
140788 15.9640045241
141980 15.9580012671
142878 15.9551375667
143521 15.9531708801
143527 15.9495428199
144474 15.9447824285
144753 15.9434476169
145268 15.9366695774
145549 15.9360734581
145878 15.9354076743
146260 15.9341178661
146881 15.9336316516
147046 15.9332348000
147612 15.9302091722
148476 15.9292060844
148498 15.9289920919
148657 15.9286524137
148667 15.9277937853
148882 15.9270612825
149222 15.9260174547
150392 15.9255985090
150707 15.9255513587
150748 15.9247476874
151202 15.9245790599
151270 15.9241916696
151291 15.9234536507
152193 15.9232433794
152209 15.9226725476
152541 15.9216349969
154024 15.9214548152
154821 15.9213822580
155110 15.9210131936
155284 15.9209202049
155791 15.9208099139
156380 15.9207913791
156893 15.9207683864
156988 15.9207272570
157102 15.9206855384
157248 15.9205693225
157307 15.9204522164
157479 15.9204418679
157586 15.9203797079
157714 15.9201948429
158234 15.9201127521
159162 15.9200919618
159419 15.9200448784
159446 15.9200090816
159563 15.9199722313
159796 15.9199464352
159809 15.9197274291
161471 15.9197086658
161537 15.9197072674
161832 15.9196599916
162077 15.9196327520
162672 15.9196067831
163048 15.9195923800
163342 15.9195816074
163389 15.9195799704
163626 15.9194920284
165171 15.9194757443
165762 15.9194748908
166534 15.9194735118
166542 15.9194700104
166584 15.9194639545
166811 15.9194480918
167129 15.9194463356
167268 15.9194451213
167679 15.9194372231
167717 15.9194329990
167937 15.9194307600
168342 15.9194278881
168557 15.9194200365
168768 15.9194183240
168981 15.9194146667
169175 15.9194137131
169481 15.9194024754
169548 15.9193839618
171427 15.9193835143
171489 15.9193783821
171816 15.9193778101
171935 15.9193734363
172524 15.9193720908
172966 15.9193720817
173040 15.9193674070
173212 15.9193666673
173582 15.9193665755
173934 15.9193659034
174149 15.9193653092
174742 15.9193638982
174812 15.9193617631
174930 15.9193593049
175409 15.9193587803
175537 15.9193542709
177444 15.9193538551
177474 15.9193536682
177673 15.9193517173
178544 15.9193511784
179240 15.9193511760
179275 15.9193507882
179490 15.9193507180
179767 15.9193502278
179780 15.9193499936
179793 15.9193485048
181342 15.9193484241
181505 15.9193481701
181608 15.9193480920
181869 15.9193479727
182196 15.9193479348
182200 15.9193478379
182760 15.9193474649
182974 15.9193470218
184182 15.9193469766
184642 15.9193468878
184894 15.9193466967
185137 15.9193465089
185382 15.9193464674
185676 15.9193463160
185726 15.9193460615
187163 15.9193460151
187288 15.9193457762
188154 15.9193457468
188371 15.9193456442
188758 15.9193455434
189252 15.9193455206
189411 15.9193454221
189947 15.9193453895
190026 15.9193453512
190668 15.9193453479
190809 15.9193452754
191062 15.9193452207
192060 15.9193451943
192095 15.9193451662
193010 15.9193450952
193768 15.9193450819
194788 15.9193450416
195718 15.9193450113
196443 15.9193450064
196852 15.9193449860
197840 15.9193449805
198411 15.9193449759
198568 15.9193449714
198602 15.9193449657
198716 15.9193449645
199213 15.9193449602
199782 15.9193449570
199905 15.9193449557
199928 15.9193449553
200068 15.9193449548
200141 15.9193449508
200560 15.9193449501
200716 15.9193449448
201008 15.9193449385
201647 15.9193449355
202158 15.9193449319
202751 15.9193449303
202961 15.9193449275
203643 15.9193449265
204181 15.9193449262
204627 15.9193449230
205903 15.9193449216
206493 15.9193449215
206946 15.9193449213
207095 15.9193449205
207177 15.9193449200
207443 15.9193449196
208018 15.9193449195
208341 15.9193449192
208562 15.9193449190
208776 15.9193449187
209042 15.9193449180
209649 15.9193449177
210013 15.9193449171
211118 15.9193449168
211364 15.9193449162
212042 15.9193449162
212267 15.9193449160
212414 15.9193449158
212865 15.9193449157
212997 15.9193449156
213212 15.9193449155
213320 15.9193449151
214522 15.9193449150
214837 15.9193449150
214957 15.9193449149
215098 15.9193449149
215108 15.9193449148
215341 15.9193449148
215384 15.9193449145
215628 15.9193449145
216039 15.9193449144
216054 15.9193449144
216579 15.9193449144
216676 15.9193449144
216837 15.9193449142
217254 15.9193449142
217736 15.9193449141
218343 15.9193449141
218691 15.9193449140
218828 15.9193449139
220083 15.9193449139
220642 15.9193449138
221068 15.9193449138
221649 15.9193449138
221777 15.9193449138
221886 15.9193449138
222265 15.9193449137
222375 15.9193449137
222422 15.9193449137
222599 15.9193449137
223569 15.9193449137
223942 15.9193449137
224041 15.9193449137
224098 15.9193449137
224145 15.9193449137
224188 15.9193449136
224833 15.9193449136
225086 15.9193449136
225091 15.9193449136
225102 15.9193449136
225451 15.9193449136
226032 15.9193449136
226065 15.9193449136
226667 15.9193449136
226995 15.9193449136
227158 15.9193449136
227779 15.9193449136
228037 15.9193449135
228138 15.9193449135
228363 15.9193449135
228666 15.9193449135
229140 15.9193449135
229308 15.9193449135
229830 15.9193449135
231547 15.9193449135
231560 15.9193449135
231643 15.9193449135
231681 15.9193449135
231808 15.9193449135
232300 15.9193449135
232488 15.9193449135
232532 15.9193449135
233101 15.9193449135
233280 15.9193449135
233773 15.9193449135
234052 15.9193449135
234956 15.9193449135
235249 15.9193449135
235433 15.9193449135
235622 15.9193449135
235813 15.9193449135
236700 15.9193449135
237021 15.9193449135
237134 15.9193449135
237148 15.9193449135
237560 15.9193449135
237724 15.9193449135
237914 15.9193449135
237977 15.9193449135
238392 15.9193449135
238682 15.9193449135
238707 15.9193449135
238948 15.9193449135
239193 15.9193449135
240227 15.9193449135
240468 15.9193449135
240910 15.9193449135
240945 15.9193449135
240970 15.9193449135
241061 15.9193449135
242396 15.9193449135
242516 15.9193449135
244646 15.9193449135
244740 15.9193449135
245848 15.9193449135
246148 15.9193449135
246315 15.9193449135
246994 15.9193449135
248526 15.9193449135
249694 15.9193449135
249769 15.9193449135
250569 15.9193449135
251494 15.9193449135
251736 15.9193449135
252777 15.9193449135
254346 15.9193449135
257109 15.9193449135
264637 15.9193449135
294574 15.9193449135
