evaluations raw_y
1 62.7848197370
3 60.8168631661
16 52.2029221455
23 47.7475614663
24 40.5243206898
28 31.8590385692
33 30.6656739189
44 25.9503598702
51 12.9368310511
69 7.9248171067
222 6.6091707536
361 6.5441005318
362 6.4247987689
482 6.2192852816
585 5.6515129579
618 5.6154016094
762 5.4025092670
877 4.8416588146
1005 3.8629096516
1112 3.7333598078
1250 3.5371858062
1403 3.4145819849
2221 3.4059292637
2896 3.1984053901
3344 2.9822948947
4682 2.8903602702
4854 2.7349615907
5312 2.6799655251
7543 2.3515214639
8269 1.3930988460
9506 1.3020464040
10062 1.1661051325
10762 1.1490125097
10932 0.9893219062
11077 0.9641051027
11097 0.9601143648
11176 0.6047485636
12787 0.4433882585
14952 0.3737355364
17358 0.3534199503
17817 0.3449409198
17970 0.3400902162
18102 0.3324273216
18633 0.3229336325
18710 0.3144306988
18786 0.3100998291
18872 0.3074441515
18913 0.3033298729
18937 0.2967891616
19198 0.2938709097
19287 0.2868324984
20662 0.2861779126
20796 0.2854169010
20883 0.2852024371
20893 0.2848197324
21017 0.2843619492
21149 0.2840316038
21193 0.2837589518
21200 0.2833557311
21415 0.2823258520
21485 0.2819636830
21582 0.2819394239
21668 0.2816208905
21998 0.2806698201
22342 0.2795443204
22391 0.2788916413
22586 0.2787511510
22612 0.2786064647
22652 0.2782112534
22653 0.2781249878
22663 0.2776554621
22708 0.2775136842
22818 0.2774833278
22902 0.2774693432
22908 0.2770925285
22967 0.2755990035
23044 0.2732224681
23233 0.2730197110
23494 0.2726817803
23538 0.2719439089
23710 0.2714793189
23792 0.2706639916
23850 0.2702214963
23930 0.2699113770
24003 0.2695195080
24195 0.2690737093
24348 0.2685000985
24397 0.2677650492
24462 0.2675865968
24638 0.2672539855
24794 0.2672488390
24796 0.2670473686
24971 0.2667523694
25331 0.2667402040
25428 0.2665557032
25760 0.2665386777
25909 0.2664380670
25991 0.2662881764
26030 0.2662409193
26209 0.2660454990
26278 0.2658894012
26508 0.2658525228
26639 0.2650627932
26775 0.2649542477
26842 0.2645978622
26865 0.2643450362
26894 0.2641666862
26963 0.2636264534
27061 0.2631782959
27345 0.2630959894
27506 0.2625180697
27735 0.2624331277
27784 0.2619708421
27916 0.2616240992
28083 0.2614852361
28250 0.2614820429
28376 0.2613686131
28407 0.2613352158
28482 0.2613108480
28569 0.2612792956
28632 0.2612433977
28752 0.2612148295
28937 0.2612139574
28983 0.2612098093
28988 0.2612068895
29038 0.2612035558
29051 0.2611883783
29117 0.2611881834
29130 0.2611762786
29215 0.2611746153
29357 0.2611627026
29544 0.2611604865
29707 0.2611546287
29895 0.2611329579
30017 0.2611140983
30106 0.2610966881
30245 0.2610595664
30441 0.2610434688
30485 0.2610241285
30525 0.2609863074
30754 0.2609435340
30836 0.2609035805
31002 0.2608682434
31113 0.2608674830
31123 0.2606783663
31212 0.2605068578
31396 0.2604316058
31456 0.2603790868
31571 0.2603732199
31639 0.2600816614
31829 0.2599112300
31932 0.2598992995
31992 0.2597808144
32015 0.2596370729
32093 0.2595243690
32231 0.2594734226
32391 0.2594655822
32405 0.2593570939
32502 0.2592302079
32715 0.2592137492
32756 0.2592122266
32828 0.2591378339
32872 0.2590179758
33021 0.2587827396
33385 0.2587592531
33422 0.2585854662
33712 0.2585423745
33765 0.2584848370
33819 0.2584495567
33850 0.2584485248
33858 0.2583442915
33962 0.2583311383
33974 0.2582569304
34036 0.2581701496
34074 0.2581432991
34409 0.2581159385
34464 0.2580915723
34483 0.2580360550
34547 0.2578793169
34882 0.2578768224
35014 0.2577977768
35144 0.2576852741
35486 0.2576759591
35572 0.2575998517
35703 0.2575841563
35759 0.2575517883
35772 0.2575517335
35790 0.2575233143
35835 0.2575150573
35876 0.2575113569
35938 0.2575003161
36037 0.2574807846
36066 0.2573877888
36130 0.2573745370
36174 0.2572487120
36225 0.2572470121
36344 0.2570935426
36427 0.2570116223
36468 0.2569429874
36657 0.2568090818
36957 0.2567163239
37064 0.2566719176
37143 0.2566477088
37316 0.2565841897
37340 0.2565730033
37350 0.2565251977
37418 0.2564954427
37455 0.2564399623
37764 0.2564032977
37800 0.2563971328
37875 0.2562538013
38024 0.2562504424
38358 0.2562323769
38396 0.2562192317
38517 0.2561909324
38555 0.2561795872
38565 0.2561066501
38723 0.2560497708
38724 0.2560426841
38786 0.2559334196
38997 0.2558690953
39333 0.2558568006
39594 0.2558091052
39667 0.2558009491
39837 0.2557787049
39850 0.2556781197
40041 0.2556253868
40282 0.2555850392
40362 0.2555657801
40414 0.2555594756
40538 0.2555433015
40640 0.2555354706
40676 0.2555056673
40757 0.2555042213
40790 0.2554861322
40901 0.2553986389
40977 0.2553670776
41674 0.2553436514
41729 0.2553430641
41786 0.2553361842
41812 0.2553209770
41814 0.2553080239
41962 0.2552990578
42024 0.2552903922
42150 0.2552875570
42158 0.2552741496
42394 0.2552658054
42447 0.2552508458
42451 0.2552433864
42469 0.2552355738
42508 0.2552337015
42555 0.2552262092
42570 0.2552250111
42593 0.2552229034
42627 0.2552186488
42748 0.2551998330
43289 0.2551988529
43482 0.2551964081
43539 0.2551917523
43546 0.2551897313
43590 0.2551853367
43632 0.2551821246
43721 0.2551818830
43879 0.2551801799
43890 0.2551780650
43981 0.2551717824
43989 0.2551702426
44102 0.2551691098
44152 0.2551671062
44204 0.2551649827
44329 0.2551512985
44636 0.2551500013
44692 0.2551490730
44810 0.2551460096
44929 0.2551458323
44958 0.2551440831
44971 0.2551431248
45041 0.2551392739
45208 0.2551367425
45509 0.2551357856
45528 0.2551356013
45529 0.2551349710
45548 0.2551336119
45782 0.2551321178
45963 0.2551309730
46002 0.2551297772
46153 0.2551293385
46210 0.2551287160
46263 0.2551210470
46495 0.2551202153
46557 0.2551196421
46583 0.2551139181
46706 0.2551120763
46717 0.2551087275
46829 0.2551033126
46988 0.2551015110
47278 0.2551013583
47558 0.2550905707
47562 0.2550782609
47645 0.2550740649
47647 0.2550709151
47657 0.2550663190
47707 0.2550595413
47714 0.2550531629
47831 0.2550516246
48074 0.2550475823
48104 0.2550471713
48245 0.2550460175
48248 0.2550423443
48285 0.2550418477
48306 0.2550368497
48412 0.2550367332
48437 0.2550340333
48641 0.2550301362
48797 0.2550276088
49229 0.2550274881
49275 0.2550270956
49276 0.2550268691
49370 0.2550262844
49389 0.2550260550
49457 0.2550259730
49481 0.2550249128
49512 0.2550245530
49766 0.2550244137
49853 0.2550239446
49879 0.2550235678
50480 0.2550234048
50502 0.2550233735
50512 0.2550231117
50589 0.2550230841
50725 0.2550230631
50833 0.2550229470
51237 0.2550229330
51251 0.2550229299
51428 0.2550229285
51509 0.2550229239
51529 0.2550229194
51569 0.2550228981
51746 0.2550228934
51854 0.2550228917
51870 0.2550228906
51880 0.2550228883
51886 0.2550228878
51969 0.2550228872
52021 0.2550228867
52023 0.2550228863
52070 0.2550228855
52076 0.2550228852
52266 0.2550228846
52312 0.2550228846
52320 0.2550228846
52336 0.2550228845
52353 0.2550228837
52389 0.2550228835
52536 0.2550228833
52661 0.2550228833
52695 0.2550228832
52713 0.2550228831
52823 0.2550228830
52841 0.2550228830
52865 0.2550228830
52960 0.2550228829
52983 0.2550228829
53009 0.2550228829
53087 0.2550228829
53123 0.2550228828
53191 0.2550228828
53234 0.2550228828
53235 0.2550228828
53236 0.2550228828
53328 0.2550228828
53410 0.2550228828
53459 0.2550228827
53612 0.2550228827
53637 0.2550228827
53686 0.2550228827
53769 0.2550228827
53790 0.2550228827
53814 0.2550228827
53885 0.2550228827
54022 0.2550228827
54050 0.2550228827
54131 0.2550228827
54144 0.2550228827
54190 0.2550228827
54205 0.2550228827
54255 0.2550228827
54407 0.2550228827
54419 0.2550228827
54496 0.2550228827
54579 0.2550228827
54655 0.2550228827
54671 0.2550228827
54762 0.2550228827
54845 0.2550228827
54947 0.2550228827
54960 0.2550228827
55478 0.2550228827
evaluations raw_y
1 17.1990328210
7 16.0325853503
31 12.7344288296
34 10.2184856423
40 10.0406681579
61 5.7128807309
145 5.1033632727
392 4.3281124157
684 3.1749245254
1059 3.1745410394
1426 1.3723848402
7882 1.1986408687
8177 0.7921375582
9010 0.6270715917
10989 0.4767686004
11185 0.2862789352
12072 0.2246892564
12559 0.1840531122
12832 0.1591499702
12993 0.1409960796
13899 0.1408545838
14129 0.1386859398
14175 0.1381765840
14224 0.1378566777
14226 0.1375333516
14296 0.1353468433
14400 0.1350465454
14562 0.1338578657
14811 0.1335143528
14846 0.1324258573
14968 0.1310102158
15182 0.1285984050
15385 0.1280026585
15451 0.1278255401
15472 0.1276834161
15497 0.1270699770
15613 0.1263004775
15680 0.1228057549
15758 0.1221514934
15923 0.1192359787
15946 0.1190601363
16409 0.1181753986
16447 0.1178383896
16543 0.1160025971
16564 0.1154126142
16669 0.1144758318
16789 0.1144385557
17780 0.1139098862
17787 0.1135104909
17878 0.1121790987
18043 0.1121417296
18061 0.1119541111
18146 0.1117857362
18306 0.1117494613
18315 0.1117215984
18350 0.1116643218
18363 0.1115905813
18380 0.1114585172
18382 0.1114411252
18513 0.1112953763
18575 0.1111682979
18626 0.1109306380
19033 0.1107293588
19273 0.1105154584
19401 0.1104672682
19440 0.1103788980
19442 0.1103529028
19446 0.1101806927
19454 0.1101077044
19567 0.1100514061
19739 0.1100090811
19798 0.1097829202
20007 0.1097413420
20055 0.1097401287
20056 0.1094893633
20167 0.1091223178
20303 0.1089547448
20406 0.1087399529
20697 0.1081284503
20838 0.1077002751
20977 0.1069464509
21198 0.1068316091
21284 0.1066649195
21301 0.1064560705
21305 0.1061749016
21425 0.1060256784
21439 0.1057170087
21541 0.1048350396
21563 0.1045708327
21603 0.1039218915
21653 0.1029139984
21832 0.1025893879
21926 0.1019473940
21986 0.1012877290
22042 0.1002673940
22116 0.0995277392
22287 0.0988058430
22694 0.0980034163
22761 0.0973303332
22765 0.0972350831
22768 0.0970671154
22799 0.0966082753
22934 0.0959948196
23059 0.0957480773
23101 0.0955134770
23157 0.0953395082
23172 0.0952952242
23212 0.0947226541
23335 0.0940768259
23547 0.0939441555
23576 0.0939066446
23798 0.0934397116
23865 0.0931225498
23902 0.0927528558
24015 0.0925948376
24063 0.0915673288
24146 0.0902676855
24407 0.0901984326
24445 0.0898542711
24548 0.0890648264
24551 0.0880498329
24633 0.0875835317
24721 0.0867971569
24921 0.0862432749
25173 0.0860583111
25196 0.0845382505
25231 0.0835164345
25317 0.0833137829
25476 0.0828291606
25790 0.0826435416
25828 0.0822420044
25857 0.0822052967
26002 0.0817921107
26100 0.0817917465
26169 0.0815608795
26206 0.0815412082
26275 0.0814906667
26298 0.0811906194
26677 0.0809231441
26779 0.0808883955
26786 0.0805548093
26879 0.0805166467
27010 0.0803863553
27049 0.0803112093
27069 0.0802636924
27116 0.0799441500
27127 0.0799190932
27295 0.0797796763
27340 0.0797197851
27385 0.0796434583
27397 0.0795140301
27491 0.0794726582
27634 0.0786498710
27866 0.0776779637
28139 0.0775287860
28306 0.0772431793
28325 0.0769437174
28440 0.0763320272
28771 0.0760603404
28904 0.0760082535
28907 0.0759008579
28943 0.0758439780
28961 0.0754860094
29099 0.0754094819
29116 0.0753388365
29208 0.0752969190
29287 0.0751766275
29365 0.0749232861
29441 0.0748879049
29452 0.0747717835
29499 0.0747346403
29621 0.0746595320
29755 0.0745557604
29824 0.0743334956
29938 0.0743305759
29952 0.0742591136
30058 0.0738862015
30203 0.0738369290
30287 0.0737582891
30320 0.0732851613
30824 0.0731594111
31011 0.0730838898
31062 0.0730531274
31095 0.0730003180
31129 0.0729384108
31152 0.0728749993
31310 0.0728673019
31324 0.0726364761
31867 0.0726066398
31869 0.0725675223
31926 0.0725614665
31941 0.0724448427
31978 0.0723845403
32145 0.0722628711
32210 0.0721920085
32352 0.0721638670
32406 0.0721265387
32427 0.0721145087
32491 0.0721134572
32511 0.0720260911
32605 0.0719250563
32726 0.0719051405
32825 0.0716217526
33088 0.0714850410
33151 0.0712651530
33736 0.0712131856
33828 0.0710627370
33902 0.0710543605
34043 0.0709583939
34219 0.0708632753
34427 0.0708400220
34437 0.0708199462
34456 0.0707952288
34515 0.0706709683
34823 0.0706457696
34993 0.0705915262
35082 0.0705816906
35112 0.0705337903
35121 0.0704940156
35196 0.0704420630
35251 0.0703684100
35307 0.0703148739
35334 0.0702794512
35350 0.0702300346
35527 0.0701952084
35650 0.0699368243
36194 0.0698032260
36465 0.0697977171
36507 0.0697306362
36587 0.0696124170
36966 0.0696095950
37179 0.0695856483
37337 0.0695609109
37385 0.0694994067
37439 0.0694764570
37570 0.0694071023
37638 0.0693401387
37925 0.0692854888
38028 0.0692595595
38161 0.0692153251
38244 0.0691854939
38331 0.0691462004
38426 0.0691078914
38666 0.0690984497
38714 0.0690849150
38785 0.0690678107
38830 0.0690217896
38929 0.0690152028
39015 0.0689537434
39267 0.0689035322
39322 0.0688496317
39524 0.0688208341
39799 0.0687774757
39952 0.0687506358
40128 0.0687217675
40395 0.0686987759
40500 0.0686588243
40516 0.0686396025
40539 0.0686153021
40703 0.0685811882
40732 0.0685551012
40960 0.0684982007
41227 0.0684779726
41327 0.0684664237
41420 0.0684340488
41512 0.0683898088
41726 0.0683890177
41855 0.0683509122
41955 0.0683227845
42189 0.0683098593
42215 0.0683037589
42305 0.0683000200
42322 0.0682927671
42342 0.0682622437
42473 0.0682608045
42497 0.0682026828
42759 0.0681933186
42792 0.0681643253
42830 0.0681210526
43109 0.0681206306
43357 0.0681048337
43453 0.0680954298
43471 0.0680879515
43497 0.0680745213
43536 0.0680713066
43543 0.0680665127
43738 0.0680619084
43973 0.0680617165
44105 0.0680509704
44139 0.0680302241
44189 0.0680286106
44202 0.0680216995
44253 0.0680159258
44284 0.0679950930
44286 0.0679807688
44351 0.0679751774
44491 0.0679552293
44517 0.0679482545
44757 0.0679311557
44891 0.0678884085
45062 0.0678797646
45484 0.0678652986
45739 0.0678578448
45875 0.0678567579
46120 0.0678428416
46207 0.0678301276
46264 0.0678299442
46270 0.0678261358
46522 0.0677972087
46585 0.0677905347
46699 0.0677829389
47002 0.0677828259
47012 0.0677675000
47028 0.0677667215
47075 0.0677606034
47136 0.0677521918
47299 0.0677520832
47337 0.0677512896
47382 0.0677509566
47385 0.0677502528
47390 0.0677386006
47408 0.0677355604
47420 0.0677225470
47426 0.0677220116
47469 0.0677020457
47934 0.0676995104
48044 0.0676832114
48068 0.0676828856
48100 0.0676704631
48271 0.0676695002
48285 0.0676550543
48320 0.0676512076
48537 0.0676505133
48639 0.0676498539
48673 0.0676498482
48674 0.0676421311
48812 0.0676318589
48981 0.0676304276
49025 0.0676266056
49092 0.0676216594
49097 0.0676105995
49105 0.0676032901
49366 0.0676005101
49397 0.0675804375
49465 0.0675693754
49630 0.0675597715
49749 0.0675547130
49863 0.0675526012
49917 0.0675479013
50020 0.0675477652
50064 0.0675396803
50076 0.0675374055
50094 0.0675309499
50213 0.0675247308
50345 0.0675216465
50513 0.0675158191
50552 0.0674920713
50629 0.0674751212
51164 0.0674693103
51383 0.0674628406
51463 0.0674609417
51471 0.0674534817
51535 0.0674428854
51653 0.0674424474
51879 0.0674412048
51888 0.0674327708
51919 0.0674277236
51963 0.0674269965
51986 0.0674248194
52091 0.0674181872
52295 0.0674158879
52315 0.0674089944
52326 0.0674030364
52430 0.0673924877
52540 0.0673869085
52603 0.0673842442
52604 0.0673697186
52849 0.0673656622
52893 0.0673486107
52949 0.0673401592
53425 0.0673216884
53619 0.0673137511
53845 0.0673104575
53905 0.0673073192
53956 0.0673062613
53993 0.0673056309
54097 0.0673025763
54145 0.0672963385
54214 0.0672961105
54247 0.0672879629
54303 0.0672862472
54384 0.0672785475
54492 0.0672779589
54502 0.0672671636
54565 0.0672658939
54702 0.0672643131
54730 0.0672583029
55034 0.0672561043
55126 0.0672543700
55169 0.0672457608
55243 0.0672437629
55292 0.0672378342
55897 0.0672335045
56021 0.0672281211
56246 0.0672230121
56320 0.0672228740
56449 0.0672081790
56525 0.0672010550
56646 0.0671904054
57274 0.0671886379
57436 0.0671800791
57851 0.0671700235
57986 0.0671689945
58025 0.0671658536
58074 0.0671632495
58180 0.0671445577
58230 0.0671363513
59181 0.0671272839
59401 0.0671230879
59652 0.0671164002
59686 0.0671118208
59692 0.0671068180
59826 0.0671059937
60164 0.0670984398
60350 0.0671642469
evaluations raw_y
1 129.1073970126
3 92.2456013756
4 67.1472278629
6 47.6887615866
17 22.2035404491
30 15.6004504430
79 7.5058906759
288 7.1983095326
323 6.3182755838
401 4.8987305279
633 3.9985885471
1442 3.2841146374
2184 2.9365046513
3850 2.8268909789
4351 1.5747649796
7889 1.3831457798
8231 1.2581312016
8937 0.9921009142
9172 0.8488792628
9283 0.4674793062
10517 0.4359882104
11030 0.4004160965
11125 0.2628698519
12725 0.2603495891
15401 0.2580364981
15631 0.2415617985
16612 0.2371907412
16717 0.2298531406
16837 0.2267876662
16959 0.2215540183
17021 0.2140262104
17052 0.2069970112
17172 0.2058650152
18819 0.2036253033
19321 0.2032036154
19459 0.2017958298
19580 0.1995242384
19596 0.1988162479
19653 0.1950167650
19681 0.1937312145
19865 0.1929854902
19959 0.1882638810
20071 0.1876036874
20469 0.1852792940
20518 0.1812470598
20978 0.1773288481
21319 0.1766972217
21332 0.1764149133
21389 0.1746651410
21475 0.1744301447
21491 0.1724977079
21679 0.1708581886
21817 0.1698690182
21833 0.1665968426
21995 0.1665634226
22024 0.1664528373
22034 0.1617464476
22372 0.1616791368
22426 0.1601863332
22480 0.1566087218
22672 0.1550332063
22751 0.1548558335
22804 0.1517810542
22990 0.1501932080
23123 0.1477365232
23206 0.1453641783
23754 0.1452447231
23805 0.1448860084
23868 0.1446247534
23966 0.1433159568
24040 0.1423786949
24396 0.1421021109
24422 0.1419588270
24449 0.1419469840
24502 0.1411974399
24703 0.1405271717
24852 0.1404316730
24865 0.1400768663
24965 0.1396767582
25143 0.1391594912
25357 0.1387667562
25400 0.1386697453
25402 0.1384897219
25540 0.1383530344
25541 0.1380800930
25565 0.1377239432
25632 0.1370617223
25868 0.1370015631
26106 0.1366389606
26121 0.1363935738
26173 0.1354154113
26272 0.1351667987
26299 0.1344062072
26349 0.1336852203
26482 0.1325846687
26571 0.1324011268
26587 0.1319869250
26761 0.1316834461
26863 0.1303006163
27116 0.1302330923
27248 0.1302064325
27294 0.1298098799
27361 0.1290637058
27471 0.1290448052
27696 0.1287208173
27804 0.1282833520
28065 0.1277331683
28097 0.1276711535
28217 0.1276420085
28241 0.1275091132
28272 0.1275034669
28303 0.1273120671
28334 0.1270999171
28361 0.1269304302
28514 0.1265159657
28562 0.1264943500
28638 0.1262830141
28845 0.1261841947
28934 0.1261305066
29064 0.1258308929
29265 0.1257885755
29345 0.1257375895
29387 0.1256777940
29432 0.1256682909
29439 0.1256378866
29451 0.1254824975
29797 0.1254587581
29827 0.1252492329
29916 0.1252423021
29947 0.1250702623
30120 0.1249387032
30405 0.1247924501
30514 0.1243090199
30638 0.1240198464
30770 0.1239992500
30822 0.1239235362
30922 0.1237631792
31031 0.1233933925
31073 0.1231740548
31129 0.1227357321
31283 0.1220592773
31312 0.1214114866
31614 0.1199274787
32015 0.1193143712
32258 0.1191612394
32271 0.1191585401
32278 0.1187142435
32338 0.1186064465
32350 0.1184156434
32371 0.1184072873
32397 0.1183235765
32413 0.1183207331
32641 0.1182435473
32703 0.1179980782
32787 0.1177592705
32843 0.1177286841
32968 0.1174073380
33112 0.1173151178
33191 0.1171212761
33199 0.1170898038
33397 0.1168390574
33469 0.1167384330
33506 0.1161975780
33551 0.1161119503
33767 0.1158755464
33943 0.1156709825
34054 0.1154468552
34125 0.1152485857
34310 0.1151667218
34577 0.1151445669
34599 0.1150817607
34608 0.1150456083
34620 0.1150445056
34629 0.1150110781
34823 0.1148427511
34985 0.1146553043
35058 0.1145737235
35065 0.1144973006
35066 0.1144275212
35133 0.1142740964
35335 0.1140627170
35456 0.1140603026
35521 0.1135564439
35944 0.1135441150
35966 0.1135359137
35967 0.1134895014
36055 0.1131967525
36069 0.1130721616
36148 0.1130368095
36379 0.1129249113
36674 0.1128372266
36759 0.1127522052
36845 0.1127169786
36886 0.1126306826
36942 0.1124462324
37159 0.1124293830
37192 0.1123759744
37246 0.1122919629
37256 0.1122714584
37288 0.1121664054
37347 0.1120986289
37438 0.1120784551
37543 0.1118055167
37568 0.1117926306
37627 0.1117815856
37791 0.1116381995
37893 0.1115565953
37917 0.1115182680
37938 0.1114522975
37949 0.1114134926
37986 0.1114054942
38017 0.1112505269
38203 0.1111081386
38231 0.1110231995
38375 0.1108162905
38617 0.1108081424
38653 0.1107632648
38760 0.1107600717
38800 0.1107102906
38867 0.1106274898
38954 0.1105221207
38966 0.1105084078
39067 0.1103860223
39212 0.1101973167
39638 0.1101934005
39688 0.1101905893
39723 0.1100916157
39733 0.1099301201
39805 0.1098957106
39825 0.1096836749
40175 0.1096811320
40273 0.1096451037
40287 0.1096202764
40305 0.1095836856
40326 0.1093982352
40642 0.1093069987
40763 0.1091828318
40836 0.1089602370
40853 0.1088243310
41230 0.1086631375
41312 0.1085655087
41333 0.1085532126
41359 0.1085434323
41410 0.1084651505
41736 0.1082734691
41977 0.1082364797
42021 0.1081406637
42091 0.1081397960
42116 0.1080852856
42145 0.1080446054
42238 0.1079778268
42294 0.1078904131
42295 0.1078364252
42364 0.1078248848
42549 0.1077951656
42931 0.1077883390
43011 0.1076961975
43133 0.1076726093
43356 0.1074668616
43890 0.1074407038
43897 0.1074388043
43899 0.1074273900
43912 0.1074117491
43986 0.1073612029
44127 0.1073282575
44168 0.1071995874
44283 0.1071971624
44289 0.1071835443
44314 0.1071753334
44393 0.1070440483
44493 0.1069741653
44754 0.1067773624
44987 0.1067704838
45158 0.1067294817
45184 0.1066163486
45515 0.1065908897
45634 0.1065435406
45638 0.1065292011
45663 0.1064724686
45669 0.1063019642
45804 0.1062961105
45898 0.1062871914
45919 0.1062531263
45977 0.1062314699
46019 0.1061697503
46036 0.1061121977
46069 0.1060763224
46129 0.1060504574
46238 0.1059414185
46413 0.1059154573
46437 0.1058820097
46545 0.1058365313
46559 0.1057468190
46964 0.1057180645
47009 0.1056640888
47205 0.1056048347
47249 0.1055490593
47340 0.1055455572
47387 0.1055234562
47479 0.1054994945
47529 0.1053358618
47798 0.1051910346
48163 0.1051083119
48534 0.1050429551
48677 0.1050154224
48792 0.1050048395
48808 0.1049346557
49092 0.1048945267
49150 0.1048569588
49303 0.1048450219
49409 0.1047730983
49420 0.1047648798
49495 0.1047196964
49537 0.1046363339
49823 0.1045823609
49910 0.1044791528
50134 0.1043639426
50261 0.1043373288
50356 0.1043162393
50366 0.1042746052
50465 0.1042116371
50753 0.1041130680
50994 0.1040312604
51064 0.1039113985
51466 0.1038877422
51723 0.1038662728
51866 0.1038607071
51909 0.1038375792
52007 0.1037749211
52157 0.1036412977
52732 0.1035928821
52840 0.1035828424
52944 0.1034942453
52975 0.1034729702
53117 0.1034493602
53154 0.1034252659
53156 0.1034177164
53198 0.1034075817
53237 0.1034001313
53307 0.1033940437
53429 0.1033244947
53569 0.1033120337
53680 0.1032436580
53697 0.1032215687
53762 0.1031503383
53846 0.1031374905
53894 0.1031020115
54152 0.1030893758
54255 0.1030640546
54277 0.1030384996
54305 0.1030005839
54832 0.1029313611
55172 0.1029075615
55406 0.1028931778
55424 0.1028784486
55451 0.1028522736
55496 0.1028313485
55672 0.1027574348
55810 0.1027172791
55868 0.1026923914
55886 0.1026469957
55931 0.1026259515
56420 0.1026081323
56429 0.1025923436
56471 0.1025494232
56745 0.1025415340
57168 0.1024938107
57298 0.1024640110
57413 0.1024587968
57422 0.1024201154
57774 0.1024126096
57775 0.1024007549
57829 0.1023756665
57913 0.1023613345
58297 0.1023592682
58344 0.1022803080
58478 0.1022698258
58509 0.1022532988
58528 0.1022522714
58539 0.1022268632
58613 0.1022132866
58777 0.1022014692
58779 0.1021515924
58897 0.1021359959
58963 0.1019940242
60184 0.1021606724
evaluations raw_y
1 209.1460111262
3 83.1587341321
5 43.0524271845
7 33.7310524757
17 26.2709597546
21 16.4827069597
37 16.3808749172
39 13.4913363356
58 8.4261409751
202 8.3897874542
223 7.6569400976
227 6.2623896879
257 5.1648519265
568 4.6234493982
676 3.3464349492
950 3.2736160731
1351 2.4103383282
5161 1.2975162068
17339 0.6539433246
19174 0.6450696596
19529 0.4969259689
19911 0.3286370697
20591 0.3170235048
20689 0.3107072551
20818 0.3089008761
21040 0.2912990316
21154 0.2863931396
21156 0.2664577395
21201 0.2530314781
21323 0.2501471635
21398 0.2421308322
21472 0.2399360208
21640 0.2311345301
21918 0.2288395771
21920 0.2192360467
22088 0.2168196289
22317 0.2163848835
22457 0.2139919242
22467 0.2136802905
22598 0.2131116059
22604 0.2101568012
22660 0.2088624907
22756 0.2085627969
22830 0.2071729720
22890 0.2069284809
22926 0.2069178755
23040 0.2033391454
23084 0.2019278392
23290 0.1984589247
23435 0.1968231524
23595 0.1961486159
23632 0.1950182208
23674 0.1934330116
23896 0.1924401405
24182 0.1915932384
24211 0.1904811805
24371 0.1879757495
24388 0.1865081243
24776 0.1860597018
24831 0.1859174540
24845 0.1854133464
24873 0.1852944814
24976 0.1850483050
25027 0.1845299560
25313 0.1844710298
25334 0.1843844883
25539 0.1840439992
25546 0.1818206355
25950 0.1814548440
25969 0.1805674729
26084 0.1794186759
26311 0.1785071059
26651 0.1781479983
26794 0.1778947775
26832 0.1777213425
26878 0.1774026537
27015 0.1773949369
27080 0.1772731313
27086 0.1772594422
27244 0.1772259086
27257 0.1771209793
27446 0.1770253434
27487 0.1769349030
27683 0.1769119344
27700 0.1768726577
27727 0.1766638296
27820 0.1766360729
28087 0.1765429503
28149 0.1762235169
28288 0.1761658704
28363 0.1759399466
28461 0.1758046581
28656 0.1751050846
28784 0.1750443963
29174 0.1742497926
29221 0.1741351139
29243 0.1736114011
29394 0.1731207521
29411 0.1726183428
29414 0.1724979815
29522 0.1723369047
29530 0.1716226448
29627 0.1712583359
29755 0.1702559325
30151 0.1702107981
30305 0.1697864843
30410 0.1693619683
30872 0.1693036886
31056 0.1692822588
31276 0.1692794715
31320 0.1692684382
31371 0.1692611769
31433 0.1692548110
31512 0.1692393270
31549 0.1692342025
31814 0.1692327876
31853 0.1692309404
31867 0.1692298192
31950 0.1692290942
32134 0.1692282917
32137 0.1692279081
32154 0.1692269518
32264 0.1692266512
32361 0.1692265277
32455 0.1692264171
32519 0.1692262528
32598 0.1692258820
32730 0.1692256293
32856 0.1692255857
32868 0.1692254822
32911 0.1692253619
32941 0.1692253237
32989 0.1692251812
32996 0.1692251265
33229 0.1692251120
33257 0.1692250767
33267 0.1692250685
33334 0.1692249008
33419 0.1692246997
33648 0.1692245907
33652 0.1692242517
33743 0.1692242459
33826 0.1692240700
33871 0.1692238098
33898 0.1692234460
33977 0.1692232998
34028 0.1692231825
34121 0.1692229844
34127 0.1692229758
34183 0.1692205911
34470 0.1692192959
34516 0.1692184725
34554 0.1692181039
34563 0.1692162559
34567 0.1692161100
34644 0.1692119295
34927 0.1692096738
35106 0.1692089878
35152 0.1692080403
35178 0.1692066640
35251 0.1692037298
35264 0.1692014119
35419 0.1691992507
35477 0.1691991516
35499 0.1691965079
35514 0.1691958988
35544 0.1691876739
35847 0.1691871777
35879 0.1691850164
36005 0.1691824555
36265 0.1691780503
36294 0.1691747469
36481 0.1691734590
36694 0.1691723881
36756 0.1691708923
36770 0.1691683483
36972 0.1691679033
36981 0.1691677887
37111 0.1691664829
37135 0.1691649362
37232 0.1691640491
37345 0.1691609938
37533 0.1691600321
37623 0.1691599980
37651 0.1691568970
37937 0.1691567001
38010 0.1691529710
38193 0.1691527886
38321 0.1691492061
38461 0.1691486315
38596 0.1691486040
38695 0.1691479601
38719 0.1691476912
38771 0.1691466003
38801 0.1691461777
38805 0.1691455922
38852 0.1691405595
39861 0.1691402782
39922 0.1691391163
40055 0.1691390208
40080 0.1691386321
40115 0.1691381008
40216 0.1691367483
40283 0.1691367084
40417 0.1691360721
40610 0.1691359233
40693 0.1691358545
40831 0.1691349718
40941 0.1691349066
40989 0.1691341443
41086 0.1691339924
41152 0.1691334756
41177 0.1691334703
41201 0.1691332381
41233 0.1691331488
41254 0.1691327667
41476 0.1691324098
41728 0.1691323464
41783 0.1691321327
41808 0.1691320355
41838 0.1691316824
41918 0.1691316394
41920 0.1691314473
42045 0.1691314085
42107 0.1691305263
42151 0.1691303319
42630 0.1691303037
42766 0.1691302754
42882 0.1691299752
43193 0.1691299311
43403 0.1691298793
43412 0.1691298415
43418 0.1691298355
43461 0.1691298342
43511 0.1691297552
43530 0.1691297081
43610 0.1691296486
43719 0.1691295576
43775 0.1691294354
44214 0.1691294051
44592 0.1691293997
44614 0.1691293532
44658 0.1691293412
44804 0.1691293136
45253 0.1691293100
45404 0.1691293098
45415 0.1691293084
45468 0.1691293081
45471 0.1691293078
45474 0.1691293048
45507 0.1691293045
45547 0.1691293013
45595 0.1691292976
46008 0.1691292974
46046 0.1691292972
46057 0.1691292964
46111 0.1691292962
46126 0.1691292955
46610 0.1691292954
46628 0.1691292953
46789 0.1691292953
46809 0.1691292953
46843 0.1691292953
46868 0.1691292953
46870 0.1691292951
46980 0.1691292951
47014 0.1691292951
47024 0.1691292951
47041 0.1691292951
47115 0.1691292951
47125 0.1691292950
47244 0.1691292950
47263 0.1691292950
47266 0.1691292950
47452 0.1691292949
47548 0.1691292949
47739 0.1691292949
47761 0.1691292949
47775 0.1691292949
47818 0.1691292949
47911 0.1691292949
47956 0.1691292949
48054 0.1691292949
48072 0.1691292949
48298 0.1691292949
48392 0.1691292949
48405 0.1691292949
48502 0.1691292949
48514 0.1691292949
48605 0.1691292949
48617 0.1691292949
48623 0.1691292949
48701 0.1691292949
48806 0.1691292949
48940 0.1691292949
49072 0.1691292949
49126 0.1691292949
49165 0.1691292949
49204 0.1691292949
49264 0.1691292949
49372 0.1691292949
49385 0.1691292949
49442 0.1691292949
49581 0.1691292949
49610 0.1691292949
49714 0.1691292949
49918 0.1691292949
49975 0.1691292949
50089 0.1691292949
50325 0.1691292949
50743 0.1691292949
50850 0.1691292949
evaluations raw_y
1 83.3808690502
3 46.9836068786
4 28.3320603535
28 25.1841712010
30 23.9450800302
32 21.6809732179
36 12.7574027591
72 12.0835590674
80 11.3122782886
95 10.5225282369
114 9.8209624681
144 7.2463971370
250 6.8293890674
256 5.7503156383
257 4.1455426621
583 3.6127032271
704 3.5764252223
1398 2.4485653103
2284 2.1849076932
3296 1.1183212759
4168 1.0180425053
4356 0.7986065378
4496 0.6350638848
5059 0.6208085836
5078 0.5749185761
5140 0.3649088318
5418 0.3050048959
6158 0.2837647356
6657 0.2631405372
7072 0.2571050368
7207 0.2520098264
7396 0.2519853069
7426 0.2498453245
7529 0.2486917532
7554 0.2467268748
7561 0.2412416843
7681 0.2382334241
7764 0.2370749487
7833 0.2358093849
8230 0.2334734570
8334 0.2333681057
8704 0.2281709735
8826 0.2264205007
9033 0.2242791071
9124 0.2232655599
9223 0.2229428640
9360 0.2227781482
9392 0.2220532865
9498 0.2193223402
9751 0.2187769142
9834 0.2177190900
9884 0.2147476915
9955 0.2146306327
10089 0.2143696189
10134 0.2116356106
10491 0.2107971964
10661 0.2102934989
10764 0.2100586187
10913 0.2092394433
10992 0.2058750463
11471 0.2028751875
11613 0.2019941298
11666 0.1994499962
12027 0.1972751707
12050 0.1972683528
12176 0.1958157522
12218 0.1950105700
12247 0.1933502765
12298 0.1910478470
12299 0.1894749361
12497 0.1867894267
12498 0.1857494706
12569 0.1855777434
12676 0.1829416850
12710 0.1812345187
12774 0.1799250153
12907 0.1778563578
12973 0.1733535903
13261 0.1719254966
13312 0.1679671928
13615 0.1637839543
14068 0.1635869782
14071 0.1627244638
14171 0.1612296654
14243 0.1588815952
14506 0.1585068745
14619 0.1558142317
14739 0.1554136219
14789 0.1525326091
14972 0.1516071880
14995 0.1494423555
15068 0.1492842729
15196 0.1484532343
15222 0.1481306116
15272 0.1428422208
15377 0.1423390775
15514 0.1396258479
15777 0.1374153402
15782 0.1373188278
15840 0.1334068694
15970 0.1331983171
16115 0.1312422392
16126 0.1283955281
16283 0.1267798265
16383 0.1226320734
16632 0.1216209878
16710 0.1207317576
16762 0.1198015669
16836 0.1194797286
16902 0.1190922088
16933 0.1184316311
17074 0.1178900206
17170 0.1168015168
17323 0.1164049834
17336 0.1148923016
17757 0.1137637653
18025 0.1137342769
18190 0.1135694601
18232 0.1135469923
18249 0.1130527004
18272 0.1129059059
18410 0.1125519910
18549 0.1122987226
18603 0.1122796988
18636 0.1119624024
18678 0.1116039249
18736 0.1105967400
19171 0.1103569420
19265 0.1101946174
19353 0.1094156310
19523 0.1083690655
19538 0.1066915246
20194 0.1064560725
20216 0.1056276838
20304 0.1054345954
20493 0.1053144636
20562 0.1052464370
20621 0.1047157481
20715 0.1044966513
20831 0.1033538750
20965 0.1032355205
21128 0.1026784400
21320 0.1021066918
21410 0.1018319610
21489 0.1018087113
21569 0.1015615796
21861 0.1010183689
21890 0.1008053289
22103 0.1006550302
22529 0.1005524346
22635 0.1004867135
22636 0.1002668116
22707 0.1001934298
22773 0.0998215587
22929 0.0997378541
23009 0.0995284709
23129 0.0994769277
23161 0.0994476775
23217 0.0994103454
23227 0.0991375867
23628 0.0991328114
23688 0.0987777620
23695 0.0984953506
23727 0.0982279249
23908 0.0976141367
24080 0.0972271030
24311 0.0970940574
24525 0.0969338423
24603 0.0968288404
24738 0.0967135236
24855 0.0965405606
24901 0.0964782734
24960 0.0961492912
25096 0.0960899776
25144 0.0960718981
25170 0.0960517290
25224 0.0960355418
25260 0.0960197855
25306 0.0958402289
25393 0.0952770282
25660 0.0950744116
25722 0.0950379431
25930 0.0949153876
26050 0.0949031388
26101 0.0948835134
26173 0.0948421056
26196 0.0947756244
26205 0.0945731589
26225 0.0945188525
26256 0.0941550541
26688 0.0940688093
26985 0.0939321744
27162 0.0938017323
27380 0.0937803024
27445 0.0937397641
27460 0.0936624907
27535 0.0935272565
27552 0.0934440481
27642 0.0933737769
27650 0.0933236230
27996 0.0932921788
28057 0.0932878430
28074 0.0931799428
28084 0.0931353494
28135 0.0930548184
28152 0.0930311022
28178 0.0927785178
28318 0.0927503314
28323 0.0926066819
28515 0.0925479365
28533 0.0925237662
28762 0.0924508785
28789 0.0922896151
28902 0.0921816996
28940 0.0920328332
29143 0.0919938003
29388 0.0919283364
29446 0.0918990945
29448 0.0917938482
29536 0.0916873006
29850 0.0916099292
29893 0.0914271188
30047 0.0913896328
30294 0.0913109924
30435 0.0912270294
30529 0.0912031168
30722 0.0910943283
30829 0.0909969050
31092 0.0908732464
31165 0.0908667423
31336 0.0907824427
31342 0.0906397173
31732 0.0905746584
31856 0.0905359888
31859 0.0904471871
31943 0.0903634533
32193 0.0902003813
32326 0.0901855161
32448 0.0901512680
32688 0.0900409461
32784 0.0900262354
32938 0.0900173359
33187 0.0900059509
33230 0.0899329230
33310 0.0898920302
33347 0.0897350684
33684 0.0897029141
33720 0.0896451037
33790 0.0894812291
33921 0.0894512048
34431 0.0894403006
34463 0.0894011703
34633 0.0893544616
34707 0.0892637852
35029 0.0892250215
35037 0.0892063076
35042 0.0891905364
35148 0.0891229092
35227 0.0891027597
35440 0.0890646593
35555 0.0890269817
35610 0.0890247249
35708 0.0889791811
35752 0.0889615916
35852 0.0889304544
35987 0.0889133282
36035 0.0888436515
36050 0.0887932340
36440 0.0887906793
36480 0.0887679892
36539 0.0887285590
36712 0.0886914709
36894 0.0886894235
36977 0.0886773258
36999 0.0886639557
37010 0.0886460889
37041 0.0886452263
37044 0.0886283603
37168 0.0885934671
37176 0.0885716430
37218 0.0885330016
37219 0.0884745576
37469 0.0884629472
37691 0.0884436825
37749 0.0884335510
37759 0.0884236363
37868 0.0883881344
37917 0.0883643136
37987 0.0883375942
38060 0.0883340561
38124 0.0883318903
38225 0.0883168414
38521 0.0883006093
38663 0.0882970150
38766 0.0882897365
38775 0.0882887340
38842 0.0882773498
38854 0.0882764616
38870 0.0882719706
38904 0.0882619441
39200 0.0882506248
39205 0.0882482612
39249 0.0882414347
39253 0.0881998912
39353 0.0881981206
39363 0.0881941937
39400 0.0881424088
39474 0.0881410598
39532 0.0881275364
39697 0.0881234028
39709 0.0881205186
39789 0.0881049264
39793 0.0881011785
39852 0.0880701042
39859 0.0880699921
39900 0.0880611173
39962 0.0880420375
39995 0.0880258577
40022 0.0879842544
40269 0.0879703271
40401 0.0879329350
40719 0.0878948355
41099 0.0878861102
41141 0.0878581427
41203 0.0878526758
41245 0.0878497546
41260 0.0878055963
41352 0.0877786537
41440 0.0877785370
41552 0.0877622666
41602 0.0877562704
41629 0.0877552546
41666 0.0877506593
41729 0.0877443265
41754 0.0877266254
41782 0.0877205540
41816 0.0876552748
41967 0.0876306063
42122 0.0876203528
42418 0.0875927368
42473 0.0875915020
42498 0.0875548233
42744 0.0875387242
42829 0.0875047193
43218 0.0875012744
43276 0.0874982036
43312 0.0874954429
43320 0.0874802454
43365 0.0874797530
43412 0.0874738847
43438 0.0874566417
43763 0.0874531827
43846 0.0874509805
43903 0.0874356695
43922 0.0874345240
44001 0.0874114469
44071 0.0873715847
44342 0.0873511210
44389 0.0873412032
44553 0.0873396740
44811 0.0873225348
44837 0.0873021363
44852 0.0872975399
44948 0.0872929304
45136 0.0872917032
45160 0.0872525083
45316 0.0872494196
45379 0.0872479432
45479 0.0872372330
45606 0.0872233040
45686 0.0872160341
45690 0.0871840406
45918 0.0871611083
46018 0.0871391372
46090 0.0871328208
46164 0.0870922251
46529 0.0870854108
47279 0.0870733473
47304 0.0870713912
47311 0.0870528605
47409 0.0870467269
47590 0.0870414792
47662 0.0870348553
47721 0.0870206955
47758 0.0870201930
47829 0.0870099965
47910 0.0870041683
48124 0.0869856001
48328 0.0869698782
48464 0.0869642256
48720 0.0869638801
48885 0.0869502280
48917 0.0869470739
48947 0.0869427488
48958 0.0869425019
49046 0.0869356041
49126 0.0869302114
49197 0.0869238581
49525 0.0869198774
49554 0.0869178462
49598 0.0869114817
49638 0.0868811287
49813 0.0868714612
50091 0.0868431229
50363 0.0868324262
50421 0.0868174422
50755 0.0868159741
50766 0.0867948246
51232 0.0867903152
51284 0.0867828594
51310 0.0867626100
51685 0.0867614984
51740 0.0867478452
51752 0.0867407042
51833 0.0867381490
52072 0.0867307761
52177 0.0867279552
52222 0.0867145606
52550 0.0866908213
52957 0.0866823188
53031 0.0866736929
53169 0.0866463921
53569 0.0866435156
53587 0.0866368369
53595 0.0866256005
53858 0.0866237650
53907 0.0866203418
53939 0.0866124756
54098 0.0866074730
54195 0.0866039732
54201 0.0866030348
54278 0.0865904425
54426 0.0865869469
54441 0.0865832204
54541 0.0865596886
54800 0.0865406523
55220 0.0865399060
55237 0.0865361410
55244 0.0865205855
55439 0.0865068906
55685 0.0865017376
55925 0.0864962856
56117 0.0864959490
56215 0.0864951405
56216 0.0864782344
56349 0.0864701763
56598 0.0864654934
56631 0.0864639077
56664 0.0864572967
56672 0.0864458850
56902 0.0864356999
57331 0.0864306233
57467 0.0864245736
57601 0.0864206398
57689 0.0864123363
57716 0.0864021954
58200 0.0863981135
58235 0.0863977265
58279 0.0863891855
58369 0.0863744569
58582 0.0863712074
58605 0.0863671369
58723 0.0863658395
58749 0.0863588553
58755 0.0863569323
58810 0.0863558804
59017 0.0863508020
59125 0.0863323546
59228 0.0863301553
59586 0.0863275179
59806 0.0863220689
59813 0.0863159637
59857 0.0863140033
59912 0.0863065369
59987 0.0863046415
60063 0.0863014916
60211 0.0865569741
evaluations raw_y
1 110.2076294413
2 35.8383934689
4 15.2950512198
23 9.7844578779
79 9.0528984187
86 7.4982800551
190 6.7453226161
267 5.7043211857
331 5.0119506123
553 4.2176259320
630 4.2127436611
800 3.9437957891
1987 3.6936930282
2209 3.4632518456
2969 3.4081461802
2995 2.1268559118
6097 1.9705786099
6837 1.3240138609
6928 1.2469439456
6967 1.2324010390
7299 0.9658638524
7423 0.6406663811
8479 0.6070760126
8528 0.4308814346
9441 0.3670929868
9772 0.3441592161
9797 0.2721512171
10485 0.2517938995
10573 0.2451511276
10634 0.2187265483
10791 0.1738523149
11128 0.1601488607
11555 0.1509461541
11614 0.1488520792
11857 0.1451234877
11893 0.1431975296
11943 0.1419352456
12100 0.1403933151
12136 0.1398086625
12421 0.1377010754
12710 0.1367493130
12847 0.1364970433
13161 0.1361323530
13219 0.1359178260
13354 0.1358989863
13999 0.1358833368
14073 0.1357003908
14203 0.1356010204
14521 0.1355116278
14838 0.1355058882
14864 0.1353459740
15047 0.1353192831
15191 0.1352493163
15317 0.1351263941
15373 0.1350922432
15722 0.1349046161
15837 0.1348998917
15946 0.1348589203
16154 0.1347173776
16218 0.1347154386
16222 0.1347025113
16253 0.1346703303
16305 0.1346488058
16315 0.1346281019
16319 0.1345731391
16343 0.1345325807
16363 0.1344500550
16497 0.1344299893
16561 0.1340342290
16766 0.1339817475
16795 0.1339112191
16981 0.1334240304
17109 0.1331412934
17424 0.1331066425
17623 0.1329792251
17639 0.1328756852
17652 0.1327658710
17781 0.1326714858
17910 0.1326459666
17917 0.1324955002
17952 0.1324700992
18056 0.1324003865
18174 0.1323913775
18266 0.1323886665
18291 0.1323529428
18315 0.1323431872
18335 0.1323038780
18403 0.1322996013
18480 0.1322978631
18590 0.1322367904
18617 0.1322251298
18649 0.1322153719
18706 0.1321738230
18726 0.1321545812
18818 0.1321436024
18850 0.1321034181
18882 0.1320860753
18964 0.1320342114
18978 0.1320229046
19097 0.1319784528
19269 0.1319691749
19292 0.1319079065
19358 0.1319011760
19393 0.1317984681
19620 0.1316043219
19856 0.1315472082
20238 0.1314282680
20436 0.1314064616
20441 0.1313990767
20623 0.1313474046
20712 0.1312639281
20882 0.1312416534
21092 0.1312396066
21147 0.1312130582
21171 0.1310607029
21431 0.1310376783
21489 0.1310373030
21500 0.1308978663
21614 0.1308950497
21686 0.1308660332
21722 0.1307289864
21792 0.1307159233
22040 0.1305932323
22197 0.1304156144
22420 0.1299539459
22479 0.1299070994
22612 0.1298755508
22661 0.1297375254
22786 0.1296017124
23021 0.1294363141
23150 0.1294267415
23279 0.1293128055
23297 0.1290698700
23572 0.1290041195
23745 0.1289694876
23915 0.1289593617
23954 0.1289228016
23999 0.1288064912
24220 0.1286827903
24361 0.1286400266
24470 0.1286374615
24643 0.1286169565
24652 0.1286152325
24654 0.1283850454
24732 0.1281760969
24805 0.1279368138
25414 0.1278320480
25444 0.1271088857
25707 0.1270784268
25791 0.1265228336
26036 0.1261724388
26179 0.1258801645
26412 0.1257177824
26643 0.1256925360
26691 0.1254564816
26693 0.1252222424
26769 0.1252007774
26810 0.1247204154
26989 0.1247069581
27094 0.1244514158
27280 0.1243505477
27348 0.1243324957
27455 0.1242105897
27487 0.1238682825
27597 0.1236704863
27878 0.1236658898
27964 0.1235801288
28109 0.1229968364
28640 0.1229342238
28668 0.1229301195
28754 0.1228245885
28995 0.1225938356
29256 0.1225879558
29275 0.1224619338
29312 0.1224030987
29461 0.1221701749
29499 0.1219641048
30039 0.1219039584
30080 0.1218944955
30317 0.1218701317
30318 0.1218535856
30393 0.1217511396
30403 0.1216728610
30508 0.1214958192
30680 0.1214255898
31005 0.1213973200
31038 0.1212719018
31102 0.1212256684
31314 0.1212120077
31460 0.1211513229
31725 0.1211390223
31735 0.1210879848
31782 0.1210117324
31979 0.1210085218
32006 0.1208425359
32171 0.1208338140
32410 0.1208232411
32478 0.1208063340
32588 0.1207294384
32751 0.1207141622
32836 0.1206881135
32845 0.1206832880
32893 0.1206658424
32897 0.1206193037
33056 0.1204823162
33472 0.1204499435
33863 0.1204190948
33987 0.1204097317
34167 0.1204034538
34223 0.1203916549
34310 0.1203905972
34323 0.1203694362
34381 0.1203485192
34414 0.1203432847
34488 0.1203156550
34646 0.1203081072
34735 0.1202735265
34871 0.1202647270
34915 0.1202257363
35107 0.1201970796
35134 0.1201443411
35797 0.1201378480
35866 0.1201301048
36004 0.1201138352
36077 0.1201058255
36235 0.1201031537
36319 0.1200809398
36513 0.1200803814
37026 0.1200800854
37159 0.1200698280
37356 0.1200692712
37474 0.1200666482
37640 0.1200662575
37786 0.1200652183
38041 0.1200648768
38057 0.1200634514
38207 0.1200628467
38469 0.1200626559
38587 0.1200622649
38639 0.1200622492
38667 0.1200621592
38707 0.1200620487
38836 0.1200619928
38862 0.1200619078
38933 0.1200618014
39159 0.1200617304
39184 0.1200616790
39388 0.1200616384
39515 0.1200616051
39576 0.1200615975
39615 0.1200615761
39756 0.1200615615
39880 0.1200615586
39999 0.1200615585
40035 0.1200615522
40091 0.1200615500
40129 0.1200615421
40158 0.1200615418
40168 0.1200615360
40171 0.1200615341
40227 0.1200615317
40244 0.1200615310
40278 0.1200615293
40291 0.1200615281
40339 0.1200615263
40447 0.1200615233
40599 0.1200615232
40619 0.1200615231
40666 0.1200615228
40776 0.1200615227
40829 0.1200615225
40844 0.1200615225
40884 0.1200615210
40992 0.1200615209
41092 0.1200615209
41114 0.1200615208
41181 0.1200615206
41365 0.1200615206
41387 0.1200615205
41435 0.1200615204
41500 0.1200615204
41572 0.1200615204
41576 0.1200615204
41584 0.1200615204
41620 0.1200615203
41964 0.1200615203
42019 0.1200615203
42056 0.1200615203
42066 0.1200615203
42151 0.1200615203
42206 0.1200615203
42410 0.1200615203
42414 0.1200615203
42446 0.1200615203
42462 0.1200615203
42503 0.1200615203
42826 0.1200615203
42830 0.1200615203
42870 0.1200615203
42886 0.1200615203
42929 0.1200615203
43032 0.1200615203
43125 0.1200615203
43126 0.1200615203
43192 0.1200615203
43230 0.1200615203
43277 0.1200615203
43332 0.1200615203
43341 0.1200615203
43426 0.1200615203
43469 0.1200615203
43477 0.1200615203
43492 0.1200615203
43556 0.1200615203
43776 0.1200615203
43811 0.1200615203
43965 0.1200615203
44108 0.1200615203
44665 0.1200615203
evaluations raw_y
1 857.3169679746
2 33.5109415409
13 24.7749582847
20 20.7904312860
36 16.6257585303
39 14.4381717485
44 14.0792268237
66 11.2256062930
80 9.9098142051
118 9.1244559900
172 5.9656791386
310 5.9330948820
401 4.5422147676
573 4.2449449497
643 3.1690275280
1140 2.1591699923
2878 1.4061982646
12001 1.2623170650
12363 0.6593256302
14992 0.3034069519
16346 0.2866527307
16518 0.2829802089
16712 0.2612569284
16748 0.2323915785
16857 0.2292449756
17011 0.2051195310
17257 0.2026333019
17642 0.1956425830
17674 0.1767454669
17977 0.1750560231
18036 0.1655006413
18140 0.1637136965
18508 0.1629325414
18642 0.1605223548
18754 0.1587129982
18805 0.1585964809
18886 0.1576552194
19046 0.1573083087
19160 0.1571643628
19213 0.1568005474
19325 0.1562418726
19432 0.1548184667
19633 0.1542446501
19688 0.1540503095
19724 0.1537388297
19726 0.1532517403
19772 0.1521733451
19796 0.1520182919
19848 0.1502686418
19964 0.1493747447
19981 0.1484660241
20140 0.1458176957
20269 0.1429087764
20377 0.1427201308
20646 0.1393237659
20786 0.1358885609
20876 0.1322322900
21323 0.1296849371
21402 0.1280912479
21863 0.1274487749
22168 0.1268279301
22174 0.1262199431
22239 0.1261538230
22310 0.1253602297
22618 0.1246683081
22746 0.1243587853
23057 0.1241901130
23249 0.1237222902
23295 0.1228528500
23308 0.1227827344
23420 0.1226893241
23442 0.1223856765
23525 0.1222482562
23543 0.1221444196
23668 0.1218856673
23792 0.1214766118
23839 0.1214216400
24199 0.1212592988
24288 0.1210931174
24314 0.1210683868
24388 0.1209651727
24458 0.1208235467
24522 0.1189291858
25036 0.1181703925
25169 0.1180838921
25219 0.1178830919
25245 0.1177568711
25275 0.1176678144
25314 0.1173980500
25348 0.1171891497
25398 0.1170225882
25538 0.1168119168
25570 0.1165287148
25615 0.1160534970
25939 0.1160184836
25978 0.1157710040
25988 0.1157069703
25999 0.1156071789
26007 0.1152390793
26021 0.1149066217
26273 0.1146535877
26292 0.1144959233
26406 0.1141410081
26418 0.1140063322
26452 0.1139215504
26644 0.1137395728
26660 0.1133021001
26745 0.1130752952
27214 0.1128560150
27354 0.1128528251
27389 0.1125370907
27479 0.1123002113
27608 0.1120034090
27851 0.1119319263
27885 0.1118640376
27917 0.1117785717
28115 0.1115022079
28192 0.1114623944
28197 0.1113269340
28423 0.1111295685
28563 0.1109935898
28599 0.1109046821
28677 0.1107892993
28826 0.1106757431
28827 0.1106229447
29022 0.1105719518
29077 0.1105141016
29157 0.1104527555
29383 0.1102722904
29507 0.1101326148
29715 0.1100483816
29769 0.1100282795
29820 0.1098431263
29990 0.1095520058
30062 0.1093955670
30101 0.1093448069
30144 0.1092974943
30256 0.1092340371
30296 0.1088487693
30338 0.1087365191
30583 0.1087096180
30629 0.1086102614
30636 0.1082746436
30770 0.1076079515
31037 0.1074623469
31090 0.1071841875
31509 0.1070175359
31548 0.1069104385
31555 0.1063882250
31713 0.1058349912
31911 0.1055320737
32074 0.1052990350
32104 0.1050592319
32511 0.1050239293
32684 0.1049083196
32703 0.1048184662
32814 0.1047935877
32941 0.1047557019
32960 0.1045855921
33198 0.1045538001
33404 0.1045342794
33426 0.1045108009
33465 0.1044774548
33470 0.1043859018
33697 0.1043307231
34131 0.1042367332
34218 0.1041836741
34283 0.1041835331
34309 0.1041691647
34407 0.1040507013
34517 0.1040322530
34523 0.1040272302
34624 0.1039787312
34677 0.1038954078
34682 0.1038713119
34687 0.1037701809
34869 0.1036981103
34874 0.1036429884
34912 0.1035543181
35102 0.1033350170
35261 0.1033115316
35338 0.1032407774
35651 0.1031374270
35926 0.1031222833
35965 0.1031010727
35981 0.1029916613
35997 0.1027585323
36226 0.1025390704
36261 0.1025297856
36572 0.1025180515
36636 0.1024949512
36676 0.1024712256
36714 0.1024382543
36723 0.1023276773
36801 0.1021188383
36972 0.1021125786
37185 0.1021112766
37212 0.1020055815
37490 0.1018985581
37569 0.1018150431
37618 0.1017817948
37689 0.1016964329
37728 0.1016676380
37785 0.1015438414
37973 0.1014195202
38113 0.1014024718
38164 0.1011991677
38292 0.1011073861
38608 0.1009951282
38781 0.1009303783
39004 0.1008764940
39152 0.1008754716
39342 0.1008130546
39476 0.1007523443
39524 0.1006622279
39619 0.1006486779
39676 0.1006298064
39761 0.1006144806
39776 0.1005811526
39813 0.1001944389
40101 0.1001553780
40148 0.1001276513
40227 0.1000292397
40279 0.0999954056
40422 0.0999343254
40506 0.0998694304
40611 0.0998266240
40699 0.0997652130
40762 0.0996538035
40930 0.0996195925
41008 0.0994267967
41182 0.0994124353
41620 0.0991694381
41660 0.0991281188
42076 0.0990913483
42208 0.0990636760
42252 0.0990628668
42255 0.0990330897
42446 0.0989820748
42533 0.0989505125
42625 0.0989052992
42670 0.0988974771
42688 0.0988797859
42982 0.0988302458
43002 0.0988142663
43141 0.0987697648
43326 0.0986978121
43340 0.0986661283
43466 0.0986353186
43708 0.0986276787
43735 0.0986158806
43888 0.0985976925
43900 0.0985613596
43987 0.0985502378
44013 0.0984803611
44109 0.0984708586
44173 0.0984478503
44175 0.0984299518
44407 0.0983723487
44517 0.0983380937
44527 0.0982295243
44844 0.0980993636
44875 0.0980077182
44920 0.0980025583
45926 0.0979998329
46045 0.0979476982
46130 0.0979018693
46178 0.0978367366
46225 0.0978155517
46255 0.0977667506
46521 0.0977570593
46653 0.0976485873
47016 0.0976116141
47103 0.0975655919
47343 0.0974819418
47591 0.0973843388
47897 0.0973697713
47988 0.0972687311
48426 0.0972671652
48428 0.0972427721
48559 0.0971838740
48587 0.0971512088
48716 0.0971185623
49005 0.0970776193
49125 0.0970477219
49367 0.0970118444
49594 0.0969501884
49875 0.0969007783
49936 0.0968982787
50162 0.0968928519
50200 0.0968866248
50299 0.0968807786
50352 0.0968414208
50633 0.0968277809
50647 0.0968182086
50667 0.0967847671
50764 0.0967789728
50822 0.0967570705
51105 0.0967510210
51125 0.0967275878
51184 0.0966974791
51279 0.0966925527
51369 0.0966654780
51393 0.0966452454
51409 0.0966215793
51542 0.0965974348
51703 0.0965903685
51751 0.0965815281
51851 0.0965608888
51893 0.0965525235
52025 0.0965501977
52190 0.0965396431
52212 0.0965317971
52218 0.0965184249
52265 0.0965002147
52283 0.0964597884
52509 0.0964286793
52628 0.0964226721
52911 0.0964214923
52954 0.0964072781
53082 0.0964005439
53087 0.0963932464
53113 0.0963659216
53238 0.0963438722
53454 0.0963349668
53570 0.0963253476
53671 0.0963227017
53744 0.0963107296
53759 0.0962900410
54060 0.0962713888
54139 0.0962684754
54224 0.0962311314
54694 0.0962175524
54715 0.0962139295
54734 0.0962098756
54856 0.0961878423
54928 0.0961749682
55163 0.0961608442
55276 0.0961181676
55522 0.0961160389
55536 0.0960971909
55895 0.0960843928
55978 0.0960591645
56298 0.0960340715
56373 0.0960280063
56379 0.0960165387
56466 0.0960134865
56520 0.0959915710
56589 0.0959571153
56871 0.0959475108
57135 0.0959440688
57180 0.0959146540
57331 0.0959027450
57404 0.0958936761
57653 0.0958479610
58133 0.0958352242
58536 0.0958316543
58576 0.0958271116
58684 0.0958186529
58807 0.0958107203
59123 0.0958082822
59158 0.0958004029
59169 0.0957978413
59173 0.0957963070
59181 0.0957906141
59228 0.0957639675
59338 0.0957485796
59464 0.0957357049
59507 0.0957220857
59666 0.0957123631
59670 0.0956931186
59693 0.0956910850
59757 0.0956688131
60146 0.0956677046
60256 0.0956597117
60279 0.0956529629
60316 0.0956371253
60423 0.0958075603
evaluations raw_y
1 41.4431161059
2 37.1619421723
5 26.5533098824
15 11.7146493811
40 9.9875675881
49 8.1402279240
184 6.2326866613
201 5.9306704930
301 5.1458190114
329 4.6980509440
524 4.4721882922
556 4.2376391619
1006 3.5584200782
1077 3.3240660581
1895 3.1537757543
1934 2.8982669299
1956 2.8247784250
2163 2.6467508966
2770 1.8789372747
3119 1.3989897278
8816 1.3927206526
9607 1.2662824507
10975 0.9174688183
10984 0.8800264666
11267 0.7025013319
11555 0.5621436918
12007 0.5150310832
12155 0.4880252999
12609 0.4454296675
12706 0.4392132681
13200 0.3423786778
13551 0.3415945719
13670 0.3396385168
13699 0.3343132430
13705 0.2754929243
14695 0.2737981210
14910 0.2619099383
14939 0.2548698403
15838 0.2547847485
15955 0.2545124360
16120 0.2540938418
16235 0.2538511271
16789 0.2536336894
16856 0.2534920022
16962 0.2530483088
17060 0.2527622074
17189 0.2525053756
17218 0.2522840985
17264 0.2522170436
17341 0.2520980269
17344 0.2520759939
17410 0.2520566966
17432 0.2513690882
17499 0.2511097642
17574 0.2510555817
17596 0.2508285136
17646 0.2507875427
17673 0.2505664954
17700 0.2501784047
17720 0.2491539942
17729 0.2480116353
18079 0.2470747543
18271 0.2464993058
18457 0.2463397835
18501 0.2457342430
18642 0.2453771826
18689 0.2453308930
18710 0.2436379178
18725 0.2433698955
18931 0.2430927023
19160 0.2415834647
19791 0.2415678848
19982 0.2412498061
20062 0.2408877243
20080 0.2396995356
20488 0.2393765394
20490 0.2388078989
20547 0.2380903123
20690 0.2380487943
20742 0.2365444183
20854 0.2364889463
20971 0.2347957389
20994 0.2347775680
21303 0.2344847914
21315 0.2343251690
21341 0.2324477205
21365 0.2291496210
21543 0.2258265950
21855 0.2226684452
22052 0.2216432095
22075 0.2194684659
22242 0.2149640902
22466 0.2127360151
22650 0.2109260143
22858 0.2108196323
23025 0.2098843645
23080 0.2089519188
23111 0.2078398277
23166 0.2063557331
23354 0.2059507478
23429 0.2058154519
23626 0.2048436332
23663 0.2048292989
23741 0.2039474918
23768 0.2033844761
23805 0.2027813232
23849 0.2019378519
24057 0.2007419668
24202 0.1995799792
24627 0.1994367001
24659 0.1987580088
24813 0.1977335147
25089 0.1976267163
25447 0.1976013471
25479 0.1974652046
25503 0.1973403819
25558 0.1971082310
25726 0.1970317958
25794 0.1968627689
25818 0.1968476353
25892 0.1967076559
25963 0.1966909154
25974 0.1966086354
25993 0.1966053997
26003 0.1965818876
26035 0.1965800190
26080 0.1965081884
26152 0.1964742917
26250 0.1960320684
26268 0.1959218605
26489 0.1958792774
26760 0.1956268372
26883 0.1956003762
27003 0.1954012781
27248 0.1953673493
27321 0.1953639760
27334 0.1953530397
27349 0.1953322770
27376 0.1952651391
27464 0.1950853862
27609 0.1949874204
27625 0.1948665175
27697 0.1946649801
28071 0.1944752331
28076 0.1943249333
28139 0.1942678911
28239 0.1942108590
28333 0.1942057552
28340 0.1940250907
28384 0.1939416826
28486 0.1938768598
28564 0.1937648278
28566 0.1936549187
28602 0.1936432556
28695 0.1935357695
28801 0.1931373931
28828 0.1927493931
28938 0.1927432687
28976 0.1925372450
29087 0.1924393800
29106 0.1919235164
29281 0.1913627482
29425 0.1911723192
29434 0.1911369778
29506 0.1910848297
29539 0.1909207712
29584 0.1908718358
29631 0.1907186266
29632 0.1903906524
29654 0.1899504759
29901 0.1898312907
30151 0.1897590270
30234 0.1894777803
30271 0.1894221405
30304 0.1892005243
30348 0.1891498003
30380 0.1891194652
30404 0.1890465811
30573 0.1890052272
30608 0.1886586717
30821 0.1885807669
30843 0.1885540219
30862 0.1885408965
30979 0.1885096424
30991 0.1882983392
31024 0.1878931980
31177 0.1877625311
31334 0.1877111196
31391 0.1873055992
31776 0.1869822718
32033 0.1869049333
32194 0.1868917385
32206 0.1866780522
32326 0.1866268032
32407 0.1865084222
32430 0.1864193198
32529 0.1863367605
32560 0.1862826534
32565 0.1862321006
32616 0.1857259172
32760 0.1854808924
32821 0.1853645710
33139 0.1852303173
33199 0.1851990743
33328 0.1851005686
33363 0.1850451456
33400 0.1847216608
33413 0.1845262054
33669 0.1845060547
33701 0.1840673882
33798 0.1839324278
33883 0.1839121327
33931 0.1838080376
34180 0.1837341892
34245 0.1835255576
34359 0.1834549487
34374 0.1831731734
34501 0.1830452462
34644 0.1829388615
34905 0.1828824279
34913 0.1828767675
34976 0.1827170149
34996 0.1825465348
35170 0.1825370909
35341 0.1823367418
35421 0.1822563772
35498 0.1820778216
35626 0.1820127553
35741 0.1819013075
35918 0.1818157829
36049 0.1817538638
36213 0.1817315101
36295 0.1815519317
36398 0.1815290291
36439 0.1815257107
36452 0.1813484141
36540 0.1813307509
36558 0.1810998702
36912 0.1810714690
37057 0.1810045764
37138 0.1808492569
37193 0.1807601794
37301 0.1807040089
37461 0.1806317314
37637 0.1802969727
37997 0.1802322932
38114 0.1800800285
38295 0.1800336651
38362 0.1799919822
38376 0.1797063690
38478 0.1796676591
38629 0.1796522634
38729 0.1793186968
38910 0.1792498523
39067 0.1790811388
39277 0.1790382787
39329 0.1790092015
39379 0.1789947751
39451 0.1788150442
39465 0.1787996943
39678 0.1787820307
39783 0.1787406552
39886 0.1787315027
39950 0.1786785008
39987 0.1786710656
39993 0.1786077242
40000 0.1785376581
40031 0.1785309999
40071 0.1782978312
40170 0.1782126042
40256 0.1781523603
40695 0.1781438426
40712 0.1781221501
40807 0.1780967269
40836 0.1779523481
40840 0.1779407011
40953 0.1779405191
40963 0.1779394998
41004 0.1779262894
41027 0.1778969122
41038 0.1778783385
41095 0.1778110793
41102 0.1777797226
41240 0.1777511458
41317 0.1776011588
41341 0.1774341640
41606 0.1773959415
41673 0.1772967235
41924 0.1771996922
42067 0.1771711348
42070 0.1771104186
42250 0.1769685181
42284 0.1769060147
42325 0.1768945958
42663 0.1768565637
42687 0.1767999593
42833 0.1767148570
42874 0.1764811797
43153 0.1762773533
43271 0.1761872527
43295 0.1761843701
43557 0.1761812105
43749 0.1761338876
43780 0.1760333162
43786 0.1759067415
43951 0.1758292667
43987 0.1757841340
44020 0.1757625932
44217 0.1756975577
44322 0.1756684950
44589 0.1755392217
44925 0.1755295617
44989 0.1754665650
45045 0.1754478683
45087 0.1754422310
45092 0.1754184179
45127 0.1753419997
45193 0.1752501360
45369 0.1749449575
46450 0.1748612378
46605 0.1748520519
46620 0.1748258706
46739 0.1747342918
46944 0.1746731806
47025 0.1745913444
47106 0.1745749380
47292 0.1745253193
47393 0.1745155842
47409 0.1744985847
47605 0.1744935799
47608 0.1744808607
47666 0.1744238349
47694 0.1743773194
47713 0.1743351941
48029 0.1743224338
48052 0.1743069556
48155 0.1742158446
48258 0.1742102079
48313 0.1741268918
48357 0.1741184781
48599 0.1740756843
48646 0.1740686060
48703 0.1740649356
48708 0.1739399474
48721 0.1739296176
49289 0.1739100582
49409 0.1738775451
49458 0.1738627818
49490 0.1737788447
49574 0.1737505645
49676 0.1737254370
49957 0.1737192797
50017 0.1736880752
50123 0.1736690581
50159 0.1736655352
50183 0.1736532545
50227 0.1735944183
50237 0.1735689335
50344 0.1735467179
50345 0.1735334393
50495 0.1735080686
50691 0.1735076235
50722 0.1734774237
50802 0.1734055188
50980 0.1733902491
51028 0.1733483819
51155 0.1733214557
51325 0.1732950966
51343 0.1732678378
51388 0.1732551515
51397 0.1732324992
51535 0.1731617322
51621 0.1730910655
51870 0.1729818536
52079 0.1729663835
52228 0.1729663630
52309 0.1729125432
52363 0.1728730438
52542 0.1728717127
52657 0.1727827353
53011 0.1727729171
53018 0.1727435771
53107 0.1727283374
53143 0.1726971981
53402 0.1726939802
53409 0.1726366677
53476 0.1726363544
53533 0.1726053148
53543 0.1725739581
53746 0.1725581615
53762 0.1724658589
53882 0.1724206072
54024 0.1723577676
54084 0.1723575617
54204 0.1723335430
54220 0.1723017385
54406 0.1722820741
54424 0.1722774663
54504 0.1722212654
54531 0.1721831023
54647 0.1720878185
54752 0.1720692380
54935 0.1720479315
54959 0.1720264487
55165 0.1719479456
55516 0.1719310340
55535 0.1719036630
55562 0.1718625136
55616 0.1718540223
55847 0.1718524355
55856 0.1718513982
55876 0.1718457998
55899 0.1718400304
55951 0.1717722377
56054 0.1716889131
56117 0.1716367841
56315 0.1715267937
56634 0.1715100631
56871 0.1714702372
56954 0.1714371135
57001 0.1714344539
57403 0.1714272821
57468 0.1714272069
57483 0.1714088563
57494 0.1714018567
57506 0.1713317955
57620 0.1712898107
57642 0.1712753755
57685 0.1712718539
57751 0.1712335703
57870 0.1712274345
57930 0.1712198068
58018 0.1711732660
58342 0.1711202655
58590 0.1710688682
58711 0.1710599073
58801 0.1710225298
59040 0.1710129703
59082 0.1709656835
59112 0.1709616552
59136 0.1709614312
59184 0.1709535431
59209 0.1709246589
59298 0.1708926589
59368 0.1708800091
59498 0.1708509346
59564 0.1708443489
59692 0.1708177291
59847 0.1708121150
59966 0.1715504014
evaluations raw_y
1 11.4468004664
62 8.5236904018
83 8.4459245252
119 5.3210293863
222 3.9468276729
435 3.1982956226
2566 3.1233933564
5186 2.7851082826
8635 2.4965221992
13515 2.4504883327
13864 1.5770524670
14210 1.2194048214
14211 1.0748118741
14898 0.9312723732
14902 0.8448226873
15295 0.5753161869
16001 0.4680016422
16783 0.4133282182
16825 0.3203192354
23686 0.3139769965
23719 0.3104589198
24727 0.3015979919
25204 0.3013652348
25594 0.2975868911
25604 0.2971779667
26466 0.2958987975
26567 0.2948071082
26569 0.2929099779
26581 0.2922890676
26806 0.2905872743
27016 0.2901905292
27337 0.2894254713
27504 0.2891196321
27581 0.2875360487
27752 0.2875328568
27857 0.2865008113
27905 0.2857447789
28219 0.2851930725
28547 0.2841006416
28653 0.2840874091
28666 0.2838757948
28787 0.2825069406
28934 0.2822268177
29408 0.2819708639
29448 0.2811985396
29782 0.2811633382
29812 0.2806336586
29988 0.2801578499
30118 0.2801355694
30119 0.2795921817
30174 0.2788859903
30203 0.2776710206
30398 0.2775198464
30428 0.2758859956
30718 0.2756125301
30927 0.2751000207
30960 0.2748524777
31030 0.2740802968
31371 0.2740574921
31388 0.2740035648
31433 0.2740014652
31519 0.2737398694
31542 0.2735046771
31561 0.2733998897
31650 0.2728371380
31728 0.2725525609
32130 0.2723610350
32541 0.2723585065
32632 0.2723398244
32649 0.2723342183
32707 0.2722211440
32773 0.2721810837
32819 0.2721319860
33023 0.2721298379
33051 0.2720935186
33581 0.2720798051
33749 0.2720785995
33879 0.2720629374
34105 0.2720565140
34150 0.2720398424
34159 0.2720389631
34284 0.2720210720
34473 0.2719920198
34743 0.2719641139
34798 0.2719337575
34826 0.2719211446
34890 0.2718914238
34981 0.2718759782
35053 0.2718712825
35293 0.2718230328
35313 0.2717219023
35562 0.2716993021
35978 0.2716913233
36048 0.2716634555
36246 0.2716551768
36262 0.2716529838
36288 0.2716347047
36378 0.2716323647
36569 0.2716242208
36611 0.2716158679
36636 0.2716094420
36742 0.2715986056
37284 0.2715890940
37289 0.2715815144
37316 0.2715768818
37469 0.2715713793
37509 0.2715663287
37539 0.2715623315
37577 0.2715541016
37692 0.2715487660
38147 0.2715441273
38176 0.2715402728
38228 0.2715367261
38494 0.2715327306
38510 0.2715286134
38783 0.2715234389
38855 0.2715090056
39042 0.2715067699
39173 0.2715049589
39186 0.2714871511
39317 0.2714761396
39351 0.2714662048
39475 0.2714136216
39558 0.2713762867
39583 0.2713686156
39870 0.2713445657
40100 0.2713233254
40108 0.2712520000
40404 0.2712383932
40603 0.2712064321
40721 0.2711681596
40805 0.2711653178
40854 0.2711647869
40933 0.2711545164
41002 0.2711258904
41031 0.2711211640
41127 0.2711164764
41356 0.2710973119
41382 0.2710599826
41426 0.2710488581
41499 0.2710338819
41595 0.2709909699
41707 0.2709886488
41825 0.2709848077
41890 0.2709708182
41924 0.2709661363
41971 0.2709654271
41997 0.2708734877
42285 0.2708696579
42315 0.2708632540
42360 0.2708613544
42435 0.2708582157
42457 0.2708082255
42530 0.2707704546
42551 0.2707655390
42615 0.2707124090
42723 0.2706419733
42935 0.2705050454
43547 0.2704454230
43607 0.2704168981
43922 0.2703888415
44232 0.2703865647
44267 0.2703395193
44331 0.2703138670
44390 0.2702685603
44392 0.2702630852
44421 0.2702497947
44696 0.2702484194
44704 0.2702145446
44919 0.2701354106
45215 0.2700925295
45262 0.2700833535
45346 0.2700778608
45409 0.2700337028
45830 0.2699891354
45846 0.2699276434
46227 0.2699265183
46367 0.2699125306
46396 0.2699051527
46432 0.2699021152
46437 0.2698398092
46688 0.2698371438
46705 0.2698340965
46905 0.2698198163
46930 0.2697997881
47115 0.2697858964
47198 0.2697761421
47239 0.2697729196
47243 0.2697653295
47434 0.2697603151
47573 0.2697464193
47592 0.2697271592
48262 0.2697193765
48806 0.2697193181
48922 0.2697172541
49019 0.2697163095
49029 0.2697156738
49052 0.2697151890
49288 0.2697092725
49342 0.2697063880
49541 0.2697035531
49630 0.2697032428
49641 0.2697027308
49645 0.2696984835
49680 0.2696979207
49741 0.2696922080
49780 0.2696900384
49891 0.2696871741
49902 0.2696822918
49982 0.2696822420
50082 0.2696772947
50125 0.2696739028
50256 0.2696733365
50262 0.2696473406
50464 0.2696401468
50541 0.2696248008
50584 0.2695802311
50642 0.2695516230
50773 0.2695113519
51179 0.2694487803
51304 0.2694473807
51326 0.2694309434
51370 0.2693523832
51578 0.2693049730
51646 0.2692463876
51943 0.2692407249
52013 0.2692393312
52016 0.2692369926
52034 0.2692153403
52193 0.2692102805
52296 0.2691930888
52351 0.2691911204
52370 0.2691842448
52503 0.2691538473
52664 0.2691495236
52680 0.2691341529
52946 0.2691316115
52947 0.2691282342
52985 0.2691276923
52994 0.2691274393
53011 0.2691263566
53158 0.2691239247
53194 0.2691171027
53493 0.2691121829
53734 0.2691056308
53928 0.2691041080
53986 0.2691038867
54134 0.2691033196
54145 0.2691028081
54163 0.2691017220
54209 0.2691004727
54720 0.2690988230
54823 0.2690987645
54886 0.2690983284
55146 0.2690982667
55276 0.2690982208
55332 0.2690981545
55362 0.2690975680
55372 0.2690975601
55454 0.2690971591
55755 0.2690971489
55763 0.2690970460
55814 0.2690970193
55848 0.2690969964
55900 0.2690969961
55968 0.2690969831
56018 0.2690969661
56057 0.2690969576
56063 0.2690969341
56120 0.2690969149
56259 0.2690969134
56410 0.2690969105
56412 0.2690969034
56424 0.2690969017
56567 0.2690968954
56735 0.2690968935
56770 0.2690968929
56778 0.2690968876
56813 0.2690968875
56921 0.2690968833
56980 0.2690968794
57019 0.2690968784
57082 0.2690968776
57118 0.2690968771
57354 0.2690968769
57399 0.2690968769
57404 0.2690968766
57424 0.2690968765
57432 0.2690968763
57457 0.2690968762
57466 0.2690968760
57601 0.2690968758
57707 0.2690968758
57741 0.2690968757
57853 0.2690968757
57960 0.2690968756
58024 0.2690968756
58046 0.2690968756
58083 0.2690968756
58177 0.2690968755
58242 0.2690968755
58347 0.2690968755
58475 0.2690968755
58635 0.2690968755
58648 0.2690968755
58775 0.2690968755
58902 0.2690968755
58906 0.2690968755
58999 0.2690968755
59009 0.2690968755
59271 0.2690968755
59366 0.2690968755
59395 0.2690968755
evaluations raw_y
1 186.5225627759
2 39.3798808996
4 19.8361392232
14 19.7484346618
17 16.9105030006
21 16.4394262140
31 10.3069497604
78 10.2510521099
81 8.2337540048
184 4.5268178930
276 3.2325289270
2748 2.9597762513
10916 2.8992258277
11421 2.1291830562
13401 1.9681562391
14187 1.6530502711
14603 1.5514715022
14958 0.9390619738
15256 0.6577917631
15452 0.5457798563
15756 0.5180568403
15825 0.5037778908
15941 0.4722819236
15969 0.4396060764
16025 0.4253572974
16296 0.4034896770
16402 0.3806807321
16640 0.3761022463
16661 0.3653813205
16726 0.3264783485
16940 0.3045661721
16989 0.3041734010
17027 0.2966319605
17128 0.2789646118
17178 0.2494471793
17234 0.2379579415
17676 0.2181487967
17870 0.2109803313
18030 0.2047042297
18353 0.2041137425
18499 0.2026825956
18514 0.2018522015
18820 0.2013054530
18834 0.1983425709
18962 0.1981065433
19010 0.1979840452
19012 0.1978950838
19114 0.1975655837
19116 0.1971731628
19131 0.1967660171
19246 0.1956099200
19386 0.1954804534
19580 0.1954750662
19595 0.1952576583
19815 0.1952466045
19960 0.1951998524
19975 0.1951438382
19998 0.1949037817
20025 0.1948374524
20061 0.1947587426
20132 0.1947252231
20217 0.1946636734
20269 0.1946573209
20319 0.1946169897
20342 0.1945665311
20634 0.1945497142
20711 0.1945377307
20744 0.1945342005
20757 0.1945210840
20850 0.1945181352
20902 0.1944974142
20939 0.1944925167
21078 0.1944708711
21235 0.1944673958
21273 0.1944575005
21392 0.1944353388
21632 0.1944261769
21697 0.1944006160
21774 0.1943850185
21832 0.1943523708
21839 0.1943506697
21937 0.1942772861
22024 0.1942527271
22070 0.1942144683
22153 0.1941953059
22341 0.1941071927
22666 0.1940877749
22706 0.1940781665
22715 0.1940386910
22867 0.1940315398
22902 0.1940088043
22957 0.1939700421
23096 0.1939408943
23454 0.1939399265
23547 0.1939357980
23609 0.1939343029
23650 0.1939316030
23687 0.1939294734
23999 0.1939291743
24004 0.1939274493
24044 0.1939271847
24081 0.1939260504
24183 0.1939259121
24298 0.1939257300
24357 0.1939257146
24479 0.1939256778
24543 0.1939256334
24551 0.1939256132
24563 0.1939254853
24568 0.1939254730
24618 0.1939254632
24671 0.1939253874
24768 0.1939253782
24878 0.1939253523
24998 0.1939253517
25076 0.1939253498
25091 0.1939253375
25199 0.1939253279
25295 0.1939253233
25352 0.1939253217
25405 0.1939253173
25478 0.1939253169
25534 0.1939253146
25580 0.1939253145
25637 0.1939253141
25669 0.1939253120
25799 0.1939253116
25808 0.1939253052
26030 0.1939253039
26049 0.1939253022
26446 0.1939253019
26633 0.1939252957
26786 0.1939252728
26866 0.1939252622
26990 0.1939252517
27161 0.1939252375
27201 0.1939252315
27326 0.1939251981
27367 0.1939251775
27496 0.1939251424
27668 0.1939250990
27693 0.1939250789
27748 0.1939250050
27752 0.1939249565
27869 0.1939247358
27940 0.1939246599
28201 0.1939246323
28239 0.1939244872
28370 0.1939244028
28419 0.1939237601
28653 0.1939236760
28658 0.1939228437
28833 0.1939226653
28865 0.1939217239
29015 0.1939210346
29026 0.1939192041
29442 0.1939191057
29515 0.1939187309
29533 0.1939185433
29537 0.1939183637
29583 0.1939182637
29658 0.1939175996
29714 0.1939175475
29764 0.1939175413
29801 0.1939171655
29996 0.1939162557
30070 0.1939160174
30083 0.1939156655
30173 0.1939156231
30302 0.1939148348
30388 0.1939145643
30546 0.1939142552
30596 0.1939141289
30747 0.1939134411
30813 0.1939133035
30968 0.1939131188
31026 0.1939123837
31067 0.1939122453
31310 0.1939121952
31459 0.1939117164
31540 0.1939114995
31608 0.1939114302
31682 0.1939113730
31717 0.1939111698
31871 0.1939108504
31998 0.1939102012
32115 0.1939100121
32194 0.1939094171
32398 0.1939094044
32405 0.1939090130
32730 0.1939087923
32876 0.1939084939
33014 0.1939084849
33042 0.1939083140
33261 0.1939082442
33332 0.1939080714
33398 0.1939077962
33491 0.1939076999
33619 0.1939075384
33776 0.1939075230
33893 0.1939074165
33916 0.1939073669
34017 0.1939073396
34075 0.1939073233
34079 0.1939069173
34302 0.1939068651
34502 0.1939067827
34713 0.1939067706
34763 0.1939066487
34768 0.1939066235
34814 0.1939065461
34846 0.1939064553
34940 0.1939064310
35345 0.1939063837
35372 0.1939063767
35539 0.1939063583
35558 0.1939063530
35580 0.1939063209
35593 0.1939063051
35622 0.1939062614
35811 0.1939062302
35990 0.1939062021
36242 0.1939061964
36280 0.1939061831
36295 0.1939061703
36375 0.1939061595
36529 0.1939061591
36565 0.1939061468
36567 0.1939061403
36795 0.1939061250
36874 0.1939061166
37029 0.1939061137
37053 0.1939061079
37088 0.1939060987
37103 0.1939060928
37380 0.1939060918
37489 0.1939060908
37491 0.1939060898
37563 0.1939060856
37663 0.1939060855
37715 0.1939060849
37760 0.1939060833
37772 0.1939060810
37787 0.1939060716
38017 0.1939060640
38391 0.1939060626
38443 0.1939060609
38545 0.1939060603
38620 0.1939060590
39032 0.1939060584
39148 0.1939060583
39160 0.1939060579
39336 0.1939060577
39479 0.1939060576
39534 0.1939060576
39579 0.1939060576
39702 0.1939060575
39886 0.1939060575
39973 0.1939060575
40016 0.1939060575
40176 0.1939060575
40188 0.1939060575
40276 0.1939060575
40296 0.1939060575
40403 0.1939060575
40457 0.1939060575
40463 0.1939060575
40489 0.1939060575
40649 0.1939060575
40669 0.1939060575
40782 0.1939060575
40783 0.1939060575
40818 0.1939060575
40843 0.1939060575
40852 0.1939060575
40910 0.1939060575
41014 0.1939060575
41103 0.1939060575
41151 0.1939060575
41227 0.1939060575
41233 0.1939060575
41266 0.1939060575
41268 0.1939060575
41318 0.1939060575
41411 0.1939060575
41429 0.1939060575
41564 0.1939060575
41667 0.1939060575
41694 0.1939060575
41725 0.1939060575
41827 0.1939060575
41828 0.1939060575
41852 0.1939060575
41892 0.1939060575
41942 0.1939060575
42123 0.1939060575
42144 0.1939060575
42302 0.1939060575
42429 0.1939060575
42730 0.1939060575
43025 0.1939060575
evaluations raw_y
1 43.3167714264
24 28.3244626146
36 26.5318532035
44 25.3735239344
47 21.0551550511
55 20.5301926799
63 13.6283482710
93 12.3624243596
96 12.3496758561
132 9.7672610810
222 9.6495403590
242 8.1045687645
245 7.4702311035
301 5.7922379343
381 5.3909054753
443 5.3074338409
466 4.8191241714
758 4.3303526232
853 3.3829053456
1541 2.4540677558
9516 2.4486590955
9624 1.5410726981
9892 1.0456478137
10564 0.9102024915
10909 0.7067280040
11114 0.6521621094
11411 0.4148348198
11429 0.2331239847
11767 0.2240629504
11837 0.2011630070
11872 0.1478928355
11975 0.1462868730
12272 0.0960084998
12344 0.0928090215
12622 0.0804926879
13021 0.0742682648
14505 0.0733234303
14876 0.0725530044
15031 0.0720933007
15108 0.0719521020
15123 0.0718568311
15713 0.0708133640
16186 0.0707917304
16241 0.0705793025
16259 0.0703914198
16643 0.0698392572
16981 0.0697459135
17037 0.0697382287
17216 0.0696741997
17302 0.0696566408
17368 0.0696018457
17379 0.0694936458
17469 0.0693309608
17536 0.0693274577
17539 0.0692952030
17586 0.0691543479
17671 0.0690920674
17684 0.0687435809
17786 0.0683774266
17988 0.0680712447
18033 0.0670652440
18236 0.0669212223
18421 0.0667795904
18491 0.0665104028
18536 0.0656826188
18780 0.0646072978
18925 0.0639873887
18967 0.0633441838
19322 0.0632973402
19489 0.0627793818
19506 0.0619153203
19619 0.0603513153
19915 0.0602857591
19966 0.0599620669
20142 0.0597683647
20249 0.0586646869
20306 0.0577375775
20361 0.0574854773
20492 0.0569735937
20746 0.0564322779
20813 0.0561560529
20849 0.0546009113
21202 0.0545905462
21306 0.0545505576
21308 0.0544955887
21337 0.0541969319
21487 0.0539050882
21581 0.0535427462
21992 0.0535197802
21997 0.0533211820
22030 0.0533116713
22035 0.0532783747
22051 0.0529989745
22173 0.0528534303
22730 0.0527603229
22799 0.0526670142
22894 0.0526224787
22907 0.0525775889
23000 0.0524892385
23124 0.0524484800
23151 0.0524126142
23270 0.0524079050
23290 0.0524014843
23421 0.0523970439
23425 0.0523636092
23466 0.0523301343
23471 0.0523120871
23522 0.0523003476
23539 0.0522976899
23601 0.0522341262
23742 0.0522246845
23768 0.0521739225
23898 0.0521543722
23944 0.0521249143
23987 0.0520473185
24019 0.0520458530
24038 0.0520284426
24099 0.0518917650
24196 0.0518803428
24303 0.0518430891
24358 0.0516892262
24544 0.0515526918
24699 0.0514716240
24860 0.0514612711
24965 0.0514201608
25001 0.0510883866
25402 0.0510631328
25506 0.0509613870
25516 0.0508705017
25665 0.0508464921
26082 0.0508240778
26149 0.0507561566
26170 0.0506711820
26410 0.0506506928
26428 0.0505747337
26453 0.0504938950
26583 0.0504488014
26733 0.0504189947
26766 0.0503959482
26802 0.0503948051
26859 0.0503837430
26868 0.0502416632
27016 0.0502320894
27082 0.0501614474
27334 0.0500922504
27587 0.0500859821
27607 0.0500571158
27669 0.0499486349
27837 0.0499178797
27915 0.0498562714
28114 0.0497298536
28205 0.0496505489
28314 0.0496457099
28498 0.0496301514
28547 0.0494968474
28567 0.0494478326
28992 0.0494251843
28995 0.0493996563
29027 0.0493768770
29099 0.0492652215
29151 0.0492428621
29212 0.0491177679
29328 0.0490144781
29859 0.0490027295
29907 0.0489986027
29917 0.0489732011
29957 0.0489296191
30228 0.0488928387
30501 0.0488925620
30540 0.0488855733
30542 0.0488758605
30787 0.0488730973
30805 0.0488707513
30869 0.0488680263
30928 0.0488592099
31085 0.0488567312
31139 0.0488510735
31169 0.0488484552
31669 0.0488481438
31707 0.0488473275
31745 0.0488473207
31750 0.0488464895
31791 0.0488456428
31807 0.0488454064
32072 0.0488451166
32133 0.0488448682
32429 0.0488448618
32431 0.0488446683
32542 0.0488446535
32575 0.0488446465
32583 0.0488446333
32604 0.0488445739
32610 0.0488444860
32629 0.0488444732
32646 0.0488443821
32949 0.0488443770
32961 0.0488443549
32999 0.0488443509
33045 0.0488443478
33063 0.0488443416
33085 0.0488443091
33170 0.0488443054
33476 0.0488443031
33509 0.0488443014
33579 0.0488442987
33641 0.0488442973
33729 0.0488442972
33747 0.0488442971
33811 0.0488442946
33971 0.0488442942
34139 0.0488442933
34337 0.0488442932
34409 0.0488442931
34433 0.0488442930
34452 0.0488442930
34457 0.0488442930
34542 0.0488442930
34578 0.0488442929
34613 0.0488442929
34623 0.0488442928
34689 0.0488442928
34763 0.0488442928
34847 0.0488442928
34859 0.0488442928
34976 0.0488442928
35061 0.0488442928
35078 0.0488442927
35094 0.0488442927
35258 0.0488442927
35265 0.0488442927
35277 0.0488442927
35366 0.0488442927
35398 0.0488442927
35513 0.0488442927
35558 0.0488442927
35622 0.0488442927
35663 0.0488442927
35671 0.0488442927
35876 0.0488442927
35949 0.0488442927
36027 0.0488442927
36067 0.0488442927
36193 0.0488442927
36249 0.0488442927
36285 0.0488442927
36483 0.0488442927
36530 0.0488442927
36965 0.0488442927
evaluations raw_y
1 103.2637065441
5 84.8558529916
8 81.0782714211
16 43.5299039634
40 41.3655845345
44 34.4640524573
46 25.6625743342
66 24.7662152142
72 18.1783867387
83 17.5358620602
85 15.3872435134
110 14.8030819066
134 11.5311190277
176 7.4045100718
323 6.6386626595
329 5.4091888771
532 5.2848149140
635 3.3495744283
723 2.2216753851
8693 1.7414963778
8906 1.7278120974
10385 0.8565544352
11139 0.7680510583
12963 0.7244282238
13165 0.5857868091
13223 0.5547090980
13710 0.4430894573
14415 0.4201363304
14425 0.4048004505
14426 0.3981677048
14451 0.3466582039
14453 0.3261330463
14519 0.3198628206
14790 0.3048632927
14964 0.3020982505
14996 0.3003892314
15005 0.2852231690
15242 0.2764908849
15289 0.2717021445
15295 0.2713383613
15449 0.2617971868
15915 0.2615755554
15991 0.2611232406
16024 0.2582837760
16136 0.2575420398
16140 0.2561746764
16204 0.2558147862
16299 0.2548019575
16345 0.2546390484
16370 0.2540774011
17100 0.2537663609
17109 0.2535945686
17113 0.2533751106
17130 0.2527555850
17229 0.2523445876
17382 0.2516256973
17501 0.2507435680
17576 0.2495779237
17744 0.2493909685
17911 0.2490437251
17931 0.2486960818
17950 0.2486113935
17965 0.2482521434
18034 0.2467218858
18288 0.2461132661
18431 0.2453300481
18577 0.2434708218
18780 0.2434549294
18785 0.2414632895
19058 0.2410227555
19177 0.2404990092
19256 0.2402675653
19459 0.2400191733
19523 0.2397832805
19701 0.2395554455
19703 0.2387971773
19810 0.2387840596
19937 0.2387195409
19994 0.2385923073
20028 0.2380032144
20102 0.2380012944
20170 0.2379506382
20193 0.2378690608
20194 0.2376449946
20216 0.2373586444
20260 0.2372576333
20386 0.2365745562
20752 0.2365568796
21038 0.2364885100
21248 0.2364702019
21250 0.2364607666
21265 0.2364527970
21274 0.2364321047
21313 0.2363958474
21522 0.2363671550
21536 0.2363591634
21683 0.2363545416
21696 0.2363539044
21705 0.2363364187
21772 0.2363302104
21873 0.2363243634
21907 0.2363225751
21924 0.2363068032
22015 0.2362988367
22209 0.2362977398
22231 0.2362969018
22317 0.2362929929
22560 0.2362929021
22575 0.2362923572
22636 0.2362921587
22641 0.2362910551
22746 0.2362898211
22814 0.2362893799
22872 0.2362885844
23036 0.2362865126
23106 0.2362859859
23193 0.2362841159
23285 0.2362823966
23294 0.2362810776
23460 0.2362807795
23524 0.2362746208
23590 0.2362738895
23604 0.2362730631
23620 0.2362699299
23720 0.2362667031
23782 0.2362648726
23803 0.2362646384
23813 0.2362617399
23953 0.2362586588
24082 0.2362524502
24086 0.2362519318
24167 0.2362409039
24201 0.2362280563
24639 0.2362221261
24826 0.2362194630
24861 0.2362182792
24948 0.2362108427
25150 0.2362104939
25309 0.2362104875
25343 0.2362102367
25344 0.2362094379
25556 0.2362090214
25601 0.2362086564
25660 0.2362070907
25726 0.2362066647
25746 0.2362066188
25810 0.2362028771
25819 0.2362018941
26044 0.2361931859
26399 0.2361791484
26527 0.2361788293
26546 0.2361745822
26826 0.2361613113
26970 0.2361256775
27047 0.2361239799
27245 0.2360719336
27549 0.2359304763
27721 0.2359079531
27740 0.2358959532
27814 0.2357928698
27922 0.2357816366
28026 0.2357405788
28048 0.2355897884
28304 0.2354912330
28510 0.2353452762
28536 0.2352531928
28631 0.2352300691
28714 0.2351680253
28811 0.2350584461
28842 0.2350236489
28884 0.2349741147
28893 0.2349515365
29094 0.2348745842
29216 0.2347627675
29321 0.2347614631
29380 0.2345638085
29642 0.2344525782
29683 0.2344509530
29686 0.2343290743
29904 0.2343004770
30115 0.2342682260
30126 0.2342128423
30147 0.2340831603
30325 0.2339033079
30502 0.2338616059
30504 0.2338449412
30583 0.2338421057
30664 0.2337624007
30755 0.2337484162
30940 0.2336970818
30959 0.2336021211
31029 0.2335812166
31178 0.2334666797
31230 0.2333720614
31609 0.2333663833
31632 0.2333109457
31643 0.2332043630
31764 0.2331801605
31831 0.2331448037
31869 0.2331070278
32107 0.2330606210
32155 0.2329896447
32322 0.2329460511
32533 0.2329022952
32677 0.2328103673
32720 0.2328100400
32751 0.2327650375
32831 0.2327419708
32842 0.2327359821
33130 0.2327124083
33133 0.2326899371
33167 0.2326587324
33258 0.2326044804
33282 0.2325826188
33311 0.2325584946
33547 0.2325505691
33583 0.2325484378
33620 0.2324869569
33627 0.2324668245
33743 0.2324485005
33813 0.2324221358
33819 0.2323655844
34015 0.2323652591
34045 0.2323300526
34134 0.2322685996
34261 0.2322447113
34350 0.2322278259
34454 0.2321429432
34715 0.2321295755
34757 0.2320681854
34877 0.2320273424
35263 0.2319742406
35439 0.2319421926
35447 0.2319343086
35622 0.2319152025
35868 0.2319089924
35917 0.2319004303
36053 0.2318939485
36108 0.2318802520
36191 0.2318624523
36222 0.2318515009
36241 0.2318450846
36247 0.2318376774
36411 0.2318250261
36502 0.2317685594
36732 0.2317560595
36759 0.2317457192
36879 0.2317039946
37373 0.2316956071
37419 0.2316860688
37446 0.2316791951
37457 0.2316700931
37484 0.2316470380
37510 0.2316455826
37651 0.2316373553
37760 0.2316249923
37846 0.2315723408
38097 0.2315622682
38170 0.2315326973
38331 0.2315252212
38472 0.2315241481
38495 0.2315200962
38516 0.2315111877
38527 0.2314985880
38675 0.2314957074
38681 0.2314667377
38826 0.2314575122
38994 0.2314516701
38999 0.2314513019
39089 0.2314312564
39132 0.2314272449
39135 0.2314263825
39156 0.2314238324
39210 0.2313824572
39348 0.2313707399
39607 0.2313617067
39683 0.2313610536
39786 0.2313280350
39912 0.2313188891
40499 0.2313167206
40551 0.2313149744
40599 0.2313078946
40643 0.2313068631
40777 0.2313026605
40858 0.2312989993
40910 0.2312467406
41163 0.2312352322
41236 0.2312130875
41710 0.2312101547
41716 0.2311951343
41781 0.2311823236
42228 0.2311765134
42320 0.2311675753
42381 0.2311557025
42462 0.2311290241
42917 0.2311279731
42957 0.2311239897
42961 0.2311239812
42996 0.2311207529
42997 0.2311127021
43151 0.2311101641
43209 0.2310779292
43584 0.2310698883
43787 0.2310606587
44130 0.2310528329
44231 0.2310523740
44258 0.2310467850
44304 0.2310403865
44338 0.2310387020
44391 0.2310304169
44416 0.2310262056
44689 0.2310144661
44900 0.2310077264
45016 0.2310042051
45022 0.2309913983
45195 0.2309903639
45235 0.2309816422
45505 0.2309796516
45588 0.2309613268
45698 0.2309592556
45967 0.2309453569
46135 0.2309425272
46360 0.2309422123
46369 0.2309372034
46395 0.2309349291
46432 0.2309326138
46505 0.2309311840
46542 0.2309187847
46709 0.2309124916
46900 0.2309120744
46927 0.2309089886
46938 0.2309045748
47209 0.2309015040
47289 0.2308998011
47312 0.2308914658
47413 0.2308860837
47459 0.2308732875
48107 0.2308731833
48130 0.2308696054
48153 0.2308661591
48266 0.2308634236
48276 0.2308606350
48772 0.2308572557
48862 0.2308517774
48936 0.2308453127
49059 0.2308381015
49299 0.2308350232
49343 0.2308314989
49669 0.2308211969
49800 0.2308205765
50052 0.2308143161
50309 0.2308088067
50329 0.2308085766
50408 0.2308057903
50458 0.2308051104
50467 0.2308017135
50649 0.2308011739
50675 0.2307996033
50723 0.2307988897
50765 0.2307914551
50870 0.2307893220
50937 0.2307889115
50969 0.2307827653
51100 0.2307789137
51106 0.2307783066
51293 0.2307780161
51388 0.2307767119
51414 0.2307748846
51457 0.2307747987
51507 0.2307733209
51559 0.2307688208
51638 0.2307655579
51689 0.2307619417
51781 0.2307609268
51794 0.2307526246
52070 0.2307502849
52151 0.2307498229
52292 0.2307475258
52348 0.2307469847
52389 0.2307467954
52426 0.2307429034
52516 0.2307421788
52544 0.2307415534
52644 0.2307393015
52655 0.2307380148
52657 0.2307374057
52780 0.2307369852
52943 0.2307365217
52972 0.2307363577
52984 0.2307361685
52985 0.2307331186
53021 0.2307298272
53302 0.2307254614
53392 0.2307248208
53395 0.2307242736
53411 0.2307218544
53426 0.2307190222
53624 0.2307179736
53698 0.2307162344
53910 0.2307116560
54296 0.2307094585
54310 0.2307092990
54355 0.2307082747
54376 0.2307077531
54387 0.2307068357
54488 0.2307067881
54579 0.2307010375
54655 0.2307000751
54765 0.2306990675
54771 0.2306971486
54872 0.2306962961
54981 0.2306936270
55020 0.2306931570
55033 0.2306890820
55219 0.2306880959
55257 0.2306874054
55281 0.2306856107
55315 0.2306842128
55334 0.2306841521
55361 0.2306830600
55383 0.2306824496
55431 0.2306796178
55446 0.2306792541
55591 0.2306790394
55695 0.2306765449
55887 0.2306752026
55988 0.2306744917
56012 0.2306744321
56049 0.2306712167
56145 0.2306694611
56195 0.2306685525
56269 0.2306680682
56280 0.2306633496
56430 0.2306628629
56710 0.2306620458
56720 0.2306606721
56753 0.2306604798
56895 0.2306598800
56934 0.2306589207
56937 0.2306588113
56996 0.2306565649
57106 0.2306543316
57138 0.2306538976
57487 0.2306512669
57657 0.2306508035
57679 0.2306500234
57888 0.2306496377
57895 0.2306466854
57932 0.2306460946
57991 0.2306458201
58013 0.2306436775
58245 0.2306401493
58304 0.2306386869
58413 0.2306377866
58513 0.2306331445
58761 0.2306321210
58875 0.2306318601
58921 0.2306310233
58983 0.2306306884
58999 0.2306270819
59161 0.2306255791
59374 0.2306231362
59558 0.2306229916
59598 0.2306203898
59723 0.2306200152
59806 0.2306196718
59950 0.2306189463
60021 0.2306171955
60135 0.2306156680
60145 0.2306150786
60169 0.2306446660
evaluations raw_y
1 294.0936563466
2 90.2373567839
7 39.9144453019
11 31.0122052855
13 26.1162877854
27 19.5379470489
34 15.8927559322
35 13.4858317622
45 9.5561489238
107 7.8447703465
128 5.7805288447
382 5.0850436685
383 4.7714486184
410 4.4804525876
472 4.4720310616
723 3.8837692145
860 3.7612479442
1017 3.0205999530
1029 2.4137919607
3410 2.3333427277
8155 2.2765136894
10474 1.7681206123
11188 1.1638988646
11246 1.1458305874
16831 1.0987211328
16921 1.0438222180
17322 0.9246426745
17472 0.6987830770
17506 0.4760749361
17692 0.4205007268
18321 0.3804777711
18585 0.3547270625
18587 0.3241075048
18792 0.3091621255
18830 0.3034787339
18938 0.3027709644
19027 0.2761267780
19104 0.2530111160
19240 0.2509333688
19394 0.2505517303
19435 0.2433060645
19498 0.2429015159
19500 0.2394638085
19638 0.2379599157
19651 0.2377257142
19793 0.2356930650
19809 0.2335587786
20290 0.2333451327
20412 0.2333345719
20542 0.2332887871
20553 0.2327041119
20596 0.2326105002
20778 0.2314622546
20836 0.2307617810
20980 0.2304679297
21442 0.2304028258
21454 0.2301223642
21462 0.2276702405
21497 0.2274051582
21756 0.2267682856
21782 0.2264833820
21791 0.2246827336
21828 0.2238544415
22059 0.2214571811
22105 0.2199270561
22627 0.2165132190
22629 0.2159348443
22707 0.2151813591
22714 0.2109481787
22744 0.2076530146
22965 0.2042157009
23260 0.2038719687
23295 0.1992818582
23754 0.1983638393
23865 0.1977866520
24007 0.1977496168
24050 0.1976231641
24054 0.1970519830
24136 0.1968906203
24152 0.1967606326
24182 0.1966376435
24409 0.1965941424
24453 0.1963784787
24637 0.1960629438
24677 0.1960277588
24800 0.1957419252
24863 0.1954952135
24902 0.1951321479
24998 0.1949842746
25024 0.1946330495
25265 0.1945206526
25352 0.1944533585
25526 0.1927849952
25562 0.1924152217
25632 0.1919208031
25648 0.1912997565
25655 0.1907974788
26084 0.1885495471
26365 0.1882591992
26385 0.1878945636
26632 0.1877155598
26695 0.1876677733
26726 0.1863202365
26757 0.1862700530
26852 0.1861147464
26879 0.1859247950
26936 0.1852210480
27232 0.1852143659
27324 0.1849251943
27477 0.1849114881
27498 0.1848586063
27541 0.1848372424
27592 0.1846273117
27598 0.1846026158
27621 0.1845985549
27852 0.1845891132
27960 0.1845414911
28030 0.1844974567
28055 0.1844528598
28102 0.1843058413
28218 0.1842059516
28221 0.1842037414
28290 0.1841397528
28320 0.1840523855
28349 0.1838930633
28424 0.1835019108
28717 0.1832405060
28901 0.1830163108
28946 0.1827753939
28966 0.1825561744
29170 0.1825192337
29182 0.1819660163
29248 0.1814777502
29325 0.1813863886
29367 0.1812339929
29384 0.1811585486
29442 0.1810742412
29532 0.1808027738
29599 0.1800507276
29735 0.1797181357
29762 0.1793353513
29900 0.1791031725
29923 0.1789238061
30067 0.1785730636
30095 0.1780988765
30512 0.1780829948
30519 0.1779986251
30536 0.1779009741
30618 0.1774144614
30654 0.1772276373
30678 0.1771954547
30731 0.1768349764
30869 0.1761044583
31152 0.1760671827
31201 0.1758813992
31215 0.1758195376
31237 0.1753555607
31470 0.1753519941
31541 0.1751417606
31572 0.1750293270
31701 0.1749960401
31881 0.1748565372
31996 0.1742088765
32313 0.1741811765
32321 0.1741116819
32336 0.1738501803
32376 0.1735345020
32565 0.1734906670
32765 0.1730734670
32812 0.1725697497
33043 0.1724699227
33321 0.1721871759
33434 0.1721710784
33462 0.1718817420
33554 0.1716883553
33580 0.1716503465
33682 0.1714798663
33712 0.1711146436
33896 0.1709638834
34164 0.1709328261
34171 0.1708740160
34191 0.1707962939
34207 0.1706803838
34210 0.1706310811
34240 0.1703101639
34289 0.1702801993
34339 0.1702337785
34485 0.1701713422
34575 0.1700118313
34603 0.1696424408
34788 0.1692437867
34963 0.1691824226
35161 0.1691052559
35258 0.1690714652
35406 0.1687386818
35726 0.1687303159
35785 0.1687039212
35836 0.1685830577
35934 0.1685815476
35949 0.1685134097
36452 0.1684554721
36457 0.1684551068
36465 0.1684281167
36498 0.1684097072
36564 0.1683801148
36565 0.1683492024
36746 0.1682711985
36827 0.1682031080
36838 0.1681305103
37219 0.1680704485
37305 0.1680175811
37393 0.1679639026
37749 0.1679078860
38072 0.1678356715
38152 0.1677839389
38341 0.1677451396
38510 0.1676602097
38677 0.1676567363
38687 0.1676452071
38693 0.1676449720
38750 0.1676306478
38901 0.1676292681
38924 0.1676236539
38927 0.1676182573
38928 0.1676151340
38935 0.1675631399
39039 0.1675536223
39089 0.1675481564
39127 0.1674844358
39312 0.1674718041
39623 0.1674257407
39634 0.1673398396
39742 0.1673283283
39991 0.1673126662
40021 0.1672922122
40095 0.1672402790
40109 0.1672257020
40219 0.1671797252
40279 0.1671598076
40429 0.1670485634
40511 0.1670222635
40771 0.1669881081
40779 0.1669516838
40872 0.1668813405
40917 0.1668769823
41138 0.1668352316
41155 0.1668336901
41260 0.1668087403
41284 0.1668001473
41346 0.1667780831
41481 0.1667458992
41625 0.1667054092
41676 0.1667028521
41727 0.1666443256
41961 0.1666380809
41972 0.1666374033
41976 0.1666091413
42002 0.1665989496
42050 0.1665934330
42071 0.1665887316
42098 0.1665621586
42289 0.1665593338
42345 0.1665525750
42447 0.1665372418
42479 0.1665203272
42561 0.1665189102
42568 0.1665026348
42692 0.1664965834
42884 0.1664935849
43111 0.1664896359
43242 0.1664700185
43323 0.1664651855
43529 0.1664620797
43651 0.1664550821
43715 0.1664547164
43778 0.1664509817
43850 0.1664486576
44000 0.1664486538
44013 0.1664458569
44131 0.1664453540
44387 0.1664440565
44414 0.1664434922
44484 0.1664405438
44594 0.1664405406
44641 0.1664335431
44832 0.1664317346
44862 0.1664254903
45102 0.1664223324
45334 0.1664215751
45514 0.1664208508
45560 0.1664199001
45654 0.1664140255
45799 0.1664120728
45951 0.1664099150
46017 0.1664088691
46181 0.1664087127
46182 0.1664085394
46488 0.1664081588
46502 0.1664067815
46515 0.1664063845
46596 0.1664063737
46641 0.1664055761
46773 0.1664050622
46852 0.1664049771
46861 0.1664049528
47013 0.1664048282
47036 0.1664047654
47069 0.1664047556
47110 0.1664045154
47143 0.1664042834
47181 0.1664042676
47251 0.1664041000
47468 0.1664040822
47502 0.1664040406
47540 0.1664039011
47851 0.1664038653
47899 0.1664038279
48113 0.1664038174
48222 0.1664038152
48243 0.1664038129
48376 0.1664038113
48447 0.1664038090
48619 0.1664038058
48653 0.1664038051
48702 0.1664038047
48804 0.1664038040
48837 0.1664038039
48878 0.1664038031
48948 0.1664038030
49100 0.1664038026
49149 0.1664038026
49218 0.1664038026
49220 0.1664038025
49338 0.1664038023
49339 0.1664038023
49384 0.1664038022
49549 0.1664038022
49604 0.1664038022
49636 0.1664038022
49718 0.1664038021
49837 0.1664038021
49886 0.1664038021
49907 0.1664038021
49996 0.1664038021
50012 0.1664038021
50069 0.1664038021
50234 0.1664038021
50280 0.1664038021
50386 0.1664038021
50388 0.1664038021
50430 0.1664038021
50455 0.1664038021
50473 0.1664038021
50630 0.1664038021
50671 0.1664038021
50696 0.1664038021
50719 0.1664038021
50738 0.1664038021
50789 0.1664038021
51078 0.1664038021
51188 0.1664038021
51250 0.1664038021
51261 0.1664038021
51330 0.1664038021
51344 0.1664038021
51364 0.1664038021
51515 0.1664038021
51590 0.1664038021
51705 0.1664038021
51723 0.1664038021
52513 0.1664038021
evaluations raw_y
1 417.9069017261
2 399.9963353416
3 115.5513656504
13 77.7404814086
28 67.6318946338
31 51.6758129299
45 33.8836384266
60 30.5154554076
81 24.2539548600
88 21.4228354029
92 19.4798847203
98 15.9875862576
100 12.2164434223
148 12.1852317666
205 10.8451041569
239 10.4226558469
269 9.7449332518
287 9.5144515835
291 5.8312077942
502 5.3204526116
573 3.9476982988
956 2.0903203619
12702 2.0748219527
13976 2.0373287720
14051 1.8685802112
15039 1.7583765407
15479 1.7293886755
16856 0.7736318147
19165 0.7102384247
19664 0.6101111361
20389 0.5915677659
20908 0.5495525163
21324 0.4537319325
22122 0.2875145980
22355 0.2682418721
22490 0.2603702523
22529 0.2502395826
22814 0.2423251571
22961 0.2162913342
23515 0.1753957349
25670 0.1747559233
25850 0.1708932198
26425 0.1703662352
26752 0.1695621898
26806 0.1685432244
26906 0.1680478812
26947 0.1676440255
27039 0.1675316711
27164 0.1674294562
27200 0.1669495918
27363 0.1660363582
27545 0.1659701567
27592 0.1640656506
27935 0.1636881991
27980 0.1630227546
28019 0.1614365619
28306 0.1611445936
28329 0.1611019634
28407 0.1610517579
28464 0.1593319443
28475 0.1580953727
28694 0.1554966137
28804 0.1537398583
28925 0.1532583089
29068 0.1529827647
29133 0.1523829756
29167 0.1522602375
29214 0.1511792792
29276 0.1508030171
29296 0.1493181915
29335 0.1489067278
29579 0.1461596743
30004 0.1445868590
30651 0.1441010195
30749 0.1439960623
30754 0.1431638935
31153 0.1431273072
31166 0.1429712549
31225 0.1429651217
31274 0.1429224734
31346 0.1428437803
31401 0.1427577510
31474 0.1426640040
31570 0.1426569829
31774 0.1423734088
32067 0.1423491314
32086 0.1423305800
32110 0.1423171500
32147 0.1422374071
32268 0.1422251047
32360 0.1421215799
32498 0.1419838770
32620 0.1419130461
32833 0.1417463152
32874 0.1415432381
33241 0.1414038048
33443 0.1413948980
33573 0.1412707280
33579 0.1410814806
33963 0.1410754868
34187 0.1409791505
34335 0.1409587342
34344 0.1409512671
34417 0.1408396092
34483 0.1408232220
34533 0.1407848767
34546 0.1407708087
34565 0.1405188076
34966 0.1404920165
35038 0.1404773419
35040 0.1403610260
35186 0.1403514700
35357 0.1402272954
35416 0.1401591723
35529 0.1400504105
35647 0.1398666134
35718 0.1398403117
36105 0.1398391576
36124 0.1397256856
36171 0.1396838393
36233 0.1396606843
36272 0.1395699610
36480 0.1395358653
36533 0.1395189174
36640 0.1394612395
36845 0.1394152126
36967 0.1394056409
36998 0.1393918624
37072 0.1392669450
37239 0.1391983437
37394 0.1391903527
37467 0.1390457855
37987 0.1390333949
38067 0.1390166770
38171 0.1390161573
38210 0.1389803843
38232 0.1389384065
38551 0.1389304019
38660 0.1389268729
38671 0.1389230219
38995 0.1389204990
38997 0.1389130574
39041 0.1389027348
39084 0.1389011137
39157 0.1388990315
39351 0.1388990312
39372 0.1388921639
39480 0.1388916315
39597 0.1388894489
39726 0.1388891510
39736 0.1388882537
39847 0.1388882127
39860 0.1388876817
39905 0.1388873794
39918 0.1388864977
40264 0.1388864636
40306 0.1388860009
40437 0.1388855940
40942 0.1388854985
41165 0.1388854152
41265 0.1388853827
41617 0.1388851492
41776 0.1388851140
41852 0.1388850936
41862 0.1388850233
41982 0.1388849797
42081 0.1388849286
42091 0.1388847843
42282 0.1388846180
42293 0.1388844788
42416 0.1388843866
42457 0.1388839821
42461 0.1388836274
42620 0.1388835511
42730 0.1388827487
42853 0.1388820916
43025 0.1388805863
43091 0.1388798232
43216 0.1388777982
43285 0.1388775811
43589 0.1388772700
43610 0.1388754897
43677 0.1388733719
43684 0.1388727665
43694 0.1388690320
43733 0.1388596699
43998 0.1388532427
44049 0.1388530216
44221 0.1388498307
44226 0.1388373083
44265 0.1388319462
44270 0.1388252162
44634 0.1388244265
44667 0.1388132841
44891 0.1388063429
45027 0.1387999968
45268 0.1387927266
45413 0.1387900644
45522 0.1387851997
45684 0.1387773897
45855 0.1387769924
45964 0.1387750545
45987 0.1387747090
46101 0.1387694507
46116 0.1387671514
46298 0.1387656301
46309 0.1387651458
46391 0.1387574222
46571 0.1387545582
46600 0.1387538978
46737 0.1387467500
46741 0.1387439649
46798 0.1387366994
47190 0.1387286315
47303 0.1387247395
47308 0.1387222291
47353 0.1387157142
47401 0.1387088280
47705 0.1387066531
47772 0.1387055456
47791 0.1386987994
48000 0.1386984991
48020 0.1386982003
48083 0.1386925874
48084 0.1386919047
48141 0.1386901494
48157 0.1386893474
48236 0.1386870605
48244 0.1386819810
48294 0.1386815488
48403 0.1386808741
48409 0.1386801769
48424 0.1386779731
48552 0.1386735651
48579 0.1386708019
48725 0.1386697977
49171 0.1386671704
49193 0.1386671004
49195 0.1386609069
49294 0.1386583157
49346 0.1386547484
49351 0.1386533865
49403 0.1386474426
49522 0.1386458357
49523 0.1386429218
49561 0.1386407003
49562 0.1386368968
49871 0.1386336716
49983 0.1386327948
50008 0.1386314621
50021 0.1386299194
50034 0.1386295306
50081 0.1386187906
50261 0.1386157206
50376 0.1386136701
50425 0.1386010864
50725 0.1385968063
50845 0.1385927061
50982 0.1385850845
51322 0.1385839170
51383 0.1385822987
51485 0.1385787033
51611 0.1385779289
51654 0.1385748818
51691 0.1385732185
51732 0.1385721616
51797 0.1385703385
51849 0.1385679410
51899 0.1385675412
51961 0.1385657661
51979 0.1385629817
52005 0.1385598722
52037 0.1385591943
52039 0.1385524400
52296 0.1385483590
52371 0.1385465401
52426 0.1385437973
52472 0.1385309909
52649 0.1385297239
52890 0.1385267027
52973 0.1385223478
52981 0.1385217004
53028 0.1385187539
53129 0.1385172766
53273 0.1385151974
53330 0.1385151321
53446 0.1385057806
53578 0.1385042787
53759 0.1385028819
53768 0.1384987036
53801 0.1384961185
53834 0.1384949146
54190 0.1384908124
54248 0.1384891542
54289 0.1384840784
54730 0.1384824866
54799 0.1384785757
54925 0.1384784942
55065 0.1384774228
55177 0.1384735641
55242 0.1384698796
55307 0.1384696498
55370 0.1384609752
55458 0.1384514277
55845 0.1384463601
55924 0.1384456037
55932 0.1384450215
56082 0.1384391463
56438 0.1384304569
56550 0.1384279922
56724 0.1384175103
56829 0.1384155904
56976 0.1384154439
57079 0.1384129352
57236 0.1384116145
57321 0.1384084701
57347 0.1384070578
57803 0.1384030702
57950 0.1384006076
58068 0.1383938321
58170 0.1383899203
58528 0.1383879471
58597 0.1383869100
58629 0.1383860079
58702 0.1383834837
58771 0.1383816017
58829 0.1383775961
58836 0.1383773267
58932 0.1383741081
59239 0.1383728802
59281 0.1383699626
59311 0.1383656475
59446 0.1383635669
59558 0.1383615251
59587 0.1383575808
59711 0.1383554519
59867 0.1383545624
59966 0.1383478065
60009 0.1384513612
evaluations raw_y
1 79.9720026131
6 42.1863469677
18 27.1130221466
24 26.2365316375
38 16.3993926316
63 16.3249356773
76 11.7043198538
94 10.9104159334
106 8.0324692999
111 7.6034883117
114 5.1015894028
222 4.5728328760
655 3.5196140874
1053 3.2680665672
1198 2.5112738871
5145 2.4296452612
5349 1.2139591348
6264 1.1544576065
9705 0.7561258595
11061 0.7229766562
11128 0.5980390521
11485 0.5950990578
11827 0.5519129133
11881 0.4574874557
12793 0.4355761077
12928 0.3619534792
14013 0.3589253621
14548 0.3568162414
14808 0.3544562554
14852 0.3535896682
14882 0.3535127401
14956 0.3528329041
15068 0.3519771592
15334 0.3506001941
15573 0.3503458611
15590 0.3460008900
16332 0.3448386545
16547 0.3447561671
16631 0.3440609798
16714 0.3433863672
16860 0.3432397542
17233 0.3430294526
17283 0.3427084564
17423 0.3426735217
17431 0.3423234780
17487 0.3421526271
17592 0.3418948528
17613 0.3417661331
17652 0.3403042976
17907 0.3400910926
18146 0.3399086189
18202 0.3387923674
18327 0.3375221260
18509 0.3371456726
18601 0.3371414481
18608 0.3370903651
18618 0.3354572310
18651 0.3350766417
18947 0.3347186570
19000 0.3322923366
19133 0.3321731018
19181 0.3284483904
19475 0.3282945507
19614 0.3276549345
19713 0.3274967224
19759 0.3257506113
19892 0.3250076367
19920 0.3249433446
20073 0.3244573182
20153 0.3241253430
20175 0.3239286154
20184 0.3238402265
20204 0.3234781360
20216 0.3231404318
20329 0.3227027012
20414 0.3223176813
20489 0.3210688959
20620 0.3209778913
20745 0.3203223573
20947 0.3203105639
21009 0.3201833877
21033 0.3194225997
21368 0.3182466080
21537 0.3181293176
21587 0.3173125942
21613 0.3162917916
21922 0.3149022448
21953 0.3146875317
22140 0.3112268136
22375 0.3096801605
22484 0.3089500602
22593 0.3070553641
22770 0.3065487432
22837 0.3016044290
22873 0.2990631590
22923 0.2931464798
23242 0.2901131372
23462 0.2883640866
23464 0.2877552989
23501 0.2851372774
23544 0.2815109914
23653 0.2802109068
23692 0.2793173686
23714 0.2785167570
23812 0.2779508836
23890 0.2774590245
23916 0.2770691642
23927 0.2761458306
23977 0.2759631393
24049 0.2750967125
24085 0.2749345911
24113 0.2737508680
24304 0.2734663468
24354 0.2686962446
24792 0.2683704586
24966 0.2678206746
25067 0.2647450627
25178 0.2643511576
25347 0.2621499841
25448 0.2583121095
25565 0.2582216954
25590 0.2577432963
25630 0.2556360100
25690 0.2551183455
25815 0.2546886957
25879 0.2538798591
26037 0.2534889460
26287 0.2529747317
26293 0.2529347344
26326 0.2526768130
26484 0.2524452384
26520 0.2522571132
26524 0.2520903162
26624 0.2519200144
26651 0.2516884629
26777 0.2513275831
26808 0.2509048203
27109 0.2508539393
27136 0.2507432818
27138 0.2507119446
27239 0.2506199884
27410 0.2505212170
27755 0.2504987342
27819 0.2504597085
27877 0.2504355238
28052 0.2504080357
28071 0.2503571591
28276 0.2503565921
28354 0.2503563653
28415 0.2503408086
28596 0.2503393875
28692 0.2503323892
28722 0.2503306784
28807 0.2503285719
28825 0.2503204301
29029 0.2503196085
29155 0.2503188522
29212 0.2503169938
29314 0.2503158565
29373 0.2503097095
29403 0.2503003688
29595 0.2502940727
30182 0.2502906766
30292 0.2502892406
30297 0.2502890996
30461 0.2502852692
30511 0.2502848520
30773 0.2502848098
30831 0.2502795700
30939 0.2502793611
31224 0.2502777669
31287 0.2502764458
31307 0.2502763585
31395 0.2502757566
31458 0.2502746564
31494 0.2502736308
31562 0.2502725861
31797 0.2502717264
31861 0.2502707852
31899 0.2502707823
31941 0.2502701327
31996 0.2502698386
32129 0.2502687135
32146 0.2502677297
32257 0.2502668575
32290 0.2502627028
32410 0.2502616871
32454 0.2502612351
32481 0.2502564153
32531 0.2502493429
32563 0.2502463239
32728 0.2502422229
32938 0.2502415206
32987 0.2502281912
33137 0.2502156682
33365 0.2502116986
33693 0.2502026090
33805 0.2502002743
33862 0.2501956823
33996 0.2501892535
34445 0.2501892224
34484 0.2501859342
34500 0.2501828535
34535 0.2501788956
34591 0.2501749227
34763 0.2501694166
34794 0.2501664523
34859 0.2501628847
35051 0.2501624067
35069 0.2501543377
35183 0.2501509381
35230 0.2501500021
35338 0.2501495653
35358 0.2501454657
35445 0.2501389219
35637 0.2501361804
35870 0.2501347784
35915 0.2501225798
36130 0.2501201649
36234 0.2501195943
36246 0.2501188181
36308 0.2501143751
36380 0.2501141975
36382 0.2501126088
36448 0.2501105516
36561 0.2501081394
36720 0.2501080926
36776 0.2501058563
36832 0.2501027359
36884 0.2500963436
36915 0.2500837239
37286 0.2500756301
37322 0.2500736350
37556 0.2500655262
37619 0.2500616062
37806 0.2500614767
37896 0.2500563728
37998 0.2500531181
38023 0.2500480299
38110 0.2500458682
38200 0.2500456937
38226 0.2500370995
38403 0.2500366899
38677 0.2500356683
38691 0.2500355153
38777 0.2500309829
38792 0.2500090130
39184 0.2500037656
39334 0.2500012394
39414 0.2499998482
39558 0.2499971148
39582 0.2499802881
39793 0.2499740787
40179 0.2499734016
40201 0.2499639880
40250 0.2499607049
40439 0.2499597253
40797 0.2499591393
40802 0.2499585441
40805 0.2499545552
41131 0.2499544618
41279 0.2499542871
41281 0.2499505435
41325 0.2499480580
41463 0.2499391559
41514 0.2499387694
41525 0.2499373136
41618 0.2499351663
41806 0.2499298479
41861 0.2499276215
41967 0.2499250285
42010 0.2499197534
42554 0.2499178031
42601 0.2499169074
42651 0.2499131667
42863 0.2499108321
42915 0.2499095700
43202 0.2499072236
43246 0.2499014085
43649 0.2498990851
43739 0.2498952977
44013 0.2498938283
44112 0.2498899687
44174 0.2498897254
44400 0.2498857564
44594 0.2498854842
44611 0.2498796661
44702 0.2498769511
44754 0.2498749561
44879 0.2498726907
44981 0.2498726300
45080 0.2498725571
45344 0.2498713251
45377 0.2498654359
45617 0.2498647050
45728 0.2498639565
45737 0.2498614706
45739 0.2498576662
45949 0.2498569707
46062 0.2498520358
46090 0.2498482972
46245 0.2498467456
46351 0.2498465534
46369 0.2498449411
46392 0.2498449295
46442 0.2498437481
46645 0.2498436032
46659 0.2498398433
46708 0.2498376318
46720 0.2498345915
47156 0.2498332856
47309 0.2498318974
47390 0.2498313048
47413 0.2498303819
47555 0.2498303560
47597 0.2498293627
47610 0.2498291085
47613 0.2498285762
47644 0.2498281140
47645 0.2498273616
47646 0.2498251393
47673 0.2498243077
47734 0.2498217900
47793 0.2498213703
47926 0.2498192725
48138 0.2498190093
48196 0.2498183381
48271 0.2498156704
48385 0.2498156322
48423 0.2498135335
48660 0.2498116239
48776 0.2498095703
48866 0.2498093953
48931 0.2498029194
49139 0.2498023867
49381 0.2497983697
49535 0.2497983663
49557 0.2497950557
49769 0.2497944218
49796 0.2497908544
49844 0.2497891164
49983 0.2497871085
50314 0.2497836361
50354 0.2497826321
50546 0.2497825113
50590 0.2497820022
50764 0.2497805202
51034 0.2497785976
51227 0.2497785899
51377 0.2497778213
51446 0.2497775522
51466 0.2497775070
51492 0.2497774491
51518 0.2497761732
51549 0.2497761511
51638 0.2497751151
51684 0.2497739434
51756 0.2497729592
51928 0.2497720245
52047 0.2497719337
52114 0.2497707348
52124 0.2497707198
52160 0.2497700178
52211 0.2497699077
52219 0.2497681377
52317 0.2497679170
52402 0.2497675953
52451 0.2497674011
52591 0.2497646861
52752 0.2497638159
52789 0.2497610687
53223 0.2497600679
53245 0.2497594084
53635 0.2497593948
53644 0.2497591683
53737 0.2497583430
53995 0.2497583299
54065 0.2497582033
54083 0.2497573326
54130 0.2497570824
54159 0.2497569010
54254 0.2497568502
54471 0.2497559803
54798 0.2497554335
54946 0.2497549294
55135 0.2497546756
55217 0.2497541805
55367 0.2497541187
55381 0.2497540863
55389 0.2497540796
55392 0.2497539759
55420 0.2497531966
55826 0.2497525188
55899 0.2497522888
55942 0.2497516024
56194 0.2497503120
56425 0.2497498598
56497 0.2497492513
56570 0.2497487168
56700 0.2497484641
56710 0.2497482141
56792 0.2497467583
56852 0.2497466235
57083 0.2497452965
57262 0.2497444515
57344 0.2497426352
57601 0.2497402293
57927 0.2497400776
57997 0.2497388322
58086 0.2497384015
58177 0.2497382977
58192 0.2497369596
58391 0.2497369357
58459 0.2497366557
58499 0.2497353935
58558 0.2497350880
58572 0.2497324960
59042 0.2497323413
59066 0.2497291496
59189 0.2497285703
59303 0.2497263454
59597 0.2497259200
59634 0.2497231433
59680 0.2497219380
59718 0.2497211191
60218 0.2497421026
