evaluations raw_y
1 22497617.5032770149
4 18821649.7357523590
16 14217690.1722837891
18 13230550.1658840403
25 11367811.2378750853
28 3698166.3561389307
52 2757408.2127419864
61 2555755.8544869777
70 2252844.4206569246
86 971279.8347068981
260 467909.1126833122
655 452259.7579156210
834 424108.1204638410
915 415211.5492042886
928 399719.2382527004
963 387749.8225814821
968 264438.1955768969
1102 262917.8835109927
1125 259858.9480899805
1202 242423.2650937459
1241 220579.8787936491
1282 158370.7549530113
1317 122147.9547826758
1366 120939.3727551193
1490 99298.9775175846
1560 96985.1123967295
1571 76509.3032266444
1758 71452.0391643035
1932 68755.2018244721
1934 65339.6772219950
1935 62851.8075978516
2029 52484.4077331878
2487 44963.2118635528
2704 43812.0186744098
2728 38817.2497706872
2870 38233.9460723399
3281 36923.2470321671
3288 35418.3331215136
3296 34678.9310783226
3412 31746.7212467116
3528 31534.8203828914
3540 30101.3033888111
3578 29876.8471928237
3734 27268.5040956679
3871 23503.9199315140
4058 20792.4884105422
4260 18708.1710427045
4572 18621.4929314031
4737 17111.7156844953
4851 15595.6202992725
5031 14242.8599770230
5364 13999.1377993216
5480 12765.6226488842
5565 12247.4307910681
5694 10633.0202430456
5748 10186.9857550410
5824 8970.4384836722
5879 8389.3659322657
6042 7098.5125290987
6398 6221.5625411157
6812 6027.7081009524
6876 5220.2826984877
6939 3749.9944944643
7313 3665.1317677080
7704 3568.5846162549
7891 3241.3640893651
7892 2981.1777936641
7976 2745.0401351970
8017 2679.6718848521
8021 2417.7493748805
8466 2204.1875167599
8644 2161.6843717114
8730 2123.9559402277
8916 2091.5255721115
9103 2090.2883005880
9131 2078.6115259270
9250 2047.8045381293
9260 2027.1255067013
9330 1988.1275688108
9336 1965.7855868578
9403 1922.7322800108
9545 1912.7729953834
9619 1862.7936478652
9754 1839.1115588573
9810 1829.0767702794
9975 1789.2922311519
10354 1789.2797532707
10445 1768.3053731052
10458 1762.5286002845
10483 1753.7579334405
10576 1703.4675917943
10865 1682.6508165309
11221 1676.7323518902
11262 1673.5764555393
11299 1672.6450505664
11301 1656.2914334833
11325 1627.6722802099
11431 1624.3573988140
11525 1620.7711552406
11527 1588.7900075337
11646 1578.4680450461
11669 1574.6035472146
11691 1565.8383047257
11697 1533.0299675237
11851 1521.5081017357
11857 1515.6748591521
11948 1506.0119180604
12034 1499.1066495386
12039 1490.5297628066
12078 1448.9509152555
12186 1420.5418761870
12292 1401.6217412958
12343 1391.0599455488
12349 1334.9927927287
12388 1334.7826136077
12463 1316.3071536315
12515 1309.6262139864
12557 1287.2944287332
12635 1266.1296296006
12645 1202.6954310600
12718 1186.7310880001
12892 1171.0991871294
12934 1119.3523582154
12970 1017.8239585391
13044 893.1101149295
13418 754.4125516377
13565 746.7606906933
13729 708.6312924278
13810 613.2994898520
13872 610.9749765245
14059 557.7360981858
14082 549.6742434368
14215 543.0300943144
14287 521.9875600560
14306 521.8196154182
14347 494.0063181031
14675 479.3999823390
14762 440.3206578260
14869 431.3726445142
14923 422.6631292875
14970 416.4298569020
15015 402.9754661916
15101 385.9998442027
15136 376.9188017822
15259 371.5621186651
15363 361.1230323332
15506 354.5731218301
15598 350.4552839763
15621 349.3881003249
15628 344.3894502470
15856 336.7985675116
16010 336.0728459108
16019 335.3722655253
16029 335.3632950005
16132 335.0254631707
16151 328.3463298292
16188 327.0674122377
16273 324.0144777392
16404 323.7423416938
16686 321.7544956872
16827 317.4895392757
17041 315.3552852262
17124 311.6492156433
17503 305.7737941402
17789 302.7666713784
17880 299.5949635933
17994 299.1392720112
17999 291.7598589217
18175 289.3198217044
18309 281.0456713651
18512 276.4483311656
18556 275.3524893813
18623 274.3200763192
18648 273.5073593440
18677 269.3519184392
18706 265.2158022878
18915 255.6055991915
18983 244.1793852730
19439 219.9488378873
19624 209.7317336833
19919 205.4302167177
19949 196.0807158472
20078 195.7886647672
20125 185.0997096817
20130 181.8548499825
20153 176.7158260015
20257 175.4685185988
20333 166.4111198328
20638 165.7411683352
20667 153.0712542559
20908 152.9333337207
21018 152.6262970950
21034 150.8713412397
21112 147.1833749268
21264 143.6618565087
21270 142.9655418651
21354 140.4178199677
21606 139.2860457378
21794 137.7845366501
21820 137.2220132755
21875 133.6000708931
21988 131.0624201263
22082 130.1080360581
22153 122.4623681569
22367 122.0800209282
22488 121.1063347382
22491 118.3699731135
22560 113.3467746981
22686 112.2306094898
22700 111.4637582921
22847 108.4791667872
23182 103.6602498412
23492 102.3547599727
23529 102.0602328861
23543 100.4170573849
23632 98.9274530291
23687 98.0890846252
23694 97.1318360009
23709 92.3900809113
23880 89.7884533891
24114 88.4773335399
24226 83.3143796377
24287 82.5635770532
24331 77.6723527338
24631 74.1666368363
24666 71.7524091235
25002 70.9469969799
25031 67.6564821257
25279 51.7154240275
25415 47.6447876360
25602 45.3389729020
25862 34.9047097983
26019 33.2118245935
26283 27.6152433289
26335 27.4570650291
26543 27.0602213356
26550 25.1589713767
26698 24.9942283481
26702 24.6066502448
26727 24.2025970513
26820 23.6863253208
26909 23.5055567123
26936 23.0052351440
27364 22.9141200428
27399 22.7894371003
27404 22.5458185823
27447 22.4966616452
27593 22.2919621841
27670 22.0813323145
27681 21.9130883824
27886 21.8200553200
27959 21.3596955160
28165 21.2763270028
28187 20.9816613506
28244 20.9151649618
28372 20.5287011694
28414 20.0622584010
28493 19.8173861240
28806 19.5976310065
28916 19.5911666621
29007 19.4011338130
29017 19.3729637445
29020 19.3171980570
29052 18.6793474131
29086 18.5182648465
29239 18.2079950832
29342 18.0002222547
29353 17.8440675470
29452 17.2061826810
29713 16.2630782742
29884 16.1313018064
29903 14.8701071349
30093 14.6350660195
30307 14.5241874075
30320 14.3892497954
30333 14.2412685129
30468 13.6273859876
30469 12.0815794279
30542 11.8787323765
30620 10.6754163478
30643 10.3921893852
30796 10.0715176059
30813 9.5967562539
31069 9.0589753769
31205 8.5454587622
31278 8.5307911617
31314 8.1458340976
31329 7.3342597882
31609 6.9813394851
31621 6.6384518579
31715 6.4307770037
31947 6.0475080363
32053 5.9251970389
32156 5.9141908036
32174 5.9068831984
32188 5.9067222530
32220 5.8737215279
32230 5.7767127504
32240 5.7138040650
32408 5.5717691092
32457 5.5212356913
32486 5.4778053684
32572 5.4564221997
32612 5.4239221216
32654 5.3378827900
32829 5.2943435560
32998 5.2896928500
33000 5.2786969191
33007 5.1915788206
33036 5.1236140591
33047 5.0900890035
33156 5.0783934374
33429 5.0091564616
33499 4.8715819143
33607 4.7777052772
34050 4.6520419776
34356 4.3086241860
34577 4.1496165786
34633 3.9556792565
34687 3.9210573985
34860 3.9092811928
35221 3.8623642124
35242 3.7936743058
35354 3.7704718562
35413 3.7567109313
35480 3.6934701319
35551 3.5780433361
35649 3.5229427482
35659 3.5089720425
35807 3.5086291845
35854 3.4933668789
35857 3.4881375806
35905 3.4643659064
36072 3.4229596722
36117 3.4156571352
36206 3.4150374499
36219 3.4129004682
36260 3.3992700988
36267 3.3460978147
36315 3.3232341078
36368 3.3226712329
36416 3.3103571687
36432 3.3092978015
36459 3.3006241594
36477 3.2803505612
36508 3.2552325548
36560 3.2289473374
36670 3.2049598174
36713 3.1936062622
36721 3.1861519224
36735 3.1750602245
36814 3.1741121212
36856 3.1691916211
36861 3.0542453771
37027 3.0132855068
37085 2.9842135077
37475 2.6666349462
37692 2.6488128586
37713 2.5623263135
37820 2.4662490867
37835 2.3471437512
37871 2.2680360271
37941 2.2641468723
37989 2.2508921677
38117 2.0667785385
38186 1.9432165703
38204 1.8726802302
38690 1.5991908615
38789 1.5901520899
38801 1.3991230213
38819 1.3300713994
38922 1.2516488342
39008 1.0510329985
39156 1.0391594357
39369 0.9541744859
39503 0.6250810656
39745 0.5919455853
39862 0.5613178836
39886 0.5600829702
39889 0.5482079222
39890 0.5179019689
39927 0.4730799625
39957 0.4694216732
40150 0.3349143508
40378 0.3036129926
40430 0.2928694706
40451 0.2869688071
40529 0.2545441800
40577 0.2370769334
40610 0.2245534073
40614 0.2012573166
40660 0.1641594881
40695 0.1556926634
40740 0.1532039103
40747 0.1366257357
40828 0.0893381043
41035 0.0869195378
41108 0.0699603165
41139 0.0633339307
41155 0.0612232241
41221 0.0451125629
41223 0.0319149654
41328 0.0265902959
41475 0.0253253191
41479 0.0180057869
41553 0.0161398111
41554 0.0106586221
41743 0.0082653609
41753 0.0064434455
41910 0.0062607915
41993 0.0052239445
42014 0.0049305734
42070 0.0038379252
42146 0.0038309242
42180 0.0036403872
42186 0.0034398340
42189 0.0029866770
42190 0.0029293247
42202 0.0018879147
42356 0.0018559165
42359 0.0017172574
42419 0.0012195484
42483 0.0010661098
42533 0.0009528186
42559 0.0007546052
42601 0.0006766959
42668 0.0006259175
42671 0.0005470003
42783 0.0004718601
42833 0.0004402824
42877 0.0003599885
42890 0.0003455377
42906 0.0003197858
42914 0.0002903177
43003 0.0002819640
43010 0.0002056819
43099 0.0002003586
43122 0.0001010848
43154 0.0000927931
43340 0.0000864300
43361 0.0000776468
43365 0.0000703273
43378 0.0000580354
43429 0.0000515942
43484 0.0000378384
43525 0.0000245307
43660 0.0000244851
43738 0.0000227479
43763 0.0000139280
43844 0.0000115628
43873 0.0000086999
44040 0.0000084382
44120 0.0000069051
44203 0.0000065057
44207 0.0000062123
44213 0.0000037789
44321 0.0000033082
44330 0.0000029679
44426 0.0000018888
44529 0.0000016226
44533 0.0000008694
44703 0.0000008092
44736 0.0000006911
44828 0.0000006750
44833 0.0000005475
44871 0.0000005322
44921 0.0000005303
44928 0.0000004056
44970 0.0000003842
45025 0.0000003829
45048 0.0000003757
45083 0.0000003177
45104 0.0000002646
45127 0.0000002245
45243 0.0000002190
45251 0.0000001839
45295 0.0000001774
45300 0.0000001295
45307 0.0000001134
45339 0.0000000933
45402 0.0000000846
45528 0.0000000822
45554 0.0000000550
45633 0.0000000544
45654 0.0000000389
45676 0.0000000307
45766 0.0000000299
45777 0.0000000250
45864 0.0000000218
45931 0.0000000210
45983 0.0000000205
45984 0.0000000143
45989 0.0000000131
46006 0.0000000118
46088 0.0000000099
46185 0.0000000095
46201 0.0000000080
46212 0.0000000080
46252 0.0000000078
46265 0.0000000076
46267 0.0000000061
46310 0.0000000056
46375 0.0000000044
46378 0.0000000039
46427 0.0000000030
46509 0.0000000030
46549 0.0000000027
46593 0.0000000024
46623 0.0000000017
46651 0.0000000014
46749 0.0000000013
46822 0.0000000012
46849 0.0000000011
46856 0.0000000011
46860 0.0000000010
46879 0.0000000010
46898 0.0000000008
46977 0.0000000007
46989 0.0000000007
46995 0.0000000005
47087 0.0000000005
47107 0.0000000003
47201 0.0000000003
47226 0.0000000002
47304 0.0000000002
47393 0.0000000002
47402 0.0000000001
47440 0.0000000001
47459 0.0000000001
47563 0.0000000001
47615 0.0000000001
47643 0.0000000001
47658 0.0000000001
47661 0.0000000001
47696 0.0000000001
47732 0.0000000001
47746 0.0000000001
47748 0.0000000000
47793 0.0000000000
47837 0.0000000000
47841 0.0000000000
47979 0.0000000000
48073 0.0000000000
48192 0.0000000000
48217 0.0000000000
48240 0.0000000000
48297 0.0000000000
48321 0.0000000000
48323 0.0000000000
48437 0.0000000000
48567 0.0000000000
48590 0.0000000000
48624 0.0000000000
48655 0.0000000000
48726 0.0000000000
48754 0.0000000000
48766 0.0000000000
48905 0.0000000000
48923 0.0000000000
49009 0.0000000000
49032 0.0000000000
49052 0.0000000000
49055 0.0000000000
49107 0.0000000000
49214 0.0000000000
49249 0.0000000000
49314 0.0000000000
49315 0.0000000000
49325 0.0000000000
49453 0.0000000000
49513 0.0000000000
49687 0.0000000000
49819 0.0000000000
49834 0.0000000000
50205 0.0000000000
50708 0.0000000000
evaluations raw_y
1 23092745.4518395253
2 13519903.8341977987
3 12978781.0942541547
8 12041278.2940778397
11 7144867.7684400193
30 4689514.8761651404
40 4327709.6951569421
50 4104498.1338010775
55 2613871.1568729081
66 1758302.5719670018
108 1679750.6437442400
110 748689.6276617029
364 731889.1920062735
386 675551.5396871404
399 497131.1827502255
404 496241.9287528965
464 466259.1487877922
483 420311.5725079481
517 409285.9666072434
540 306809.3771402714
645 267816.8872795390
680 257629.6824100504
689 193363.2355757955
764 189409.4552269548
836 153578.6977040122
889 149565.6477688884
906 141751.9619133529
1025 137786.9875028114
1045 119548.9828525446
1049 117755.8069206142
1057 107941.8387258706
1083 97890.8867510557
1247 94322.2023978272
1250 57525.1200864781
1991 55423.7455441560
2119 49985.1944088395
2179 42614.8910355084
2463 36870.9910075389
2693 35327.4302613920
2832 33839.5735618677
3007 33611.2925643506
3101 32432.6584777167
3121 31982.0627719020
3133 31815.7344680650
3134 30531.7164974506
3173 29473.6344314771
3224 24787.3784387075
3327 22890.2025347974
3650 22395.8306496113
3718 21313.8819998029
3980 18962.2968504909
4150 16122.6352345158
4444 15268.9739104411
4813 14197.0938683878
4822 14165.2446209206
4852 12094.1579625348
4926 11581.6892021559
5150 11136.9227012806
5188 11089.9474109432
5222 10163.6690804459
5244 9027.9066069905
5406 6091.0457927687
5848 5792.5579186932
5991 3825.0470462510
6458 3740.4128017908
6526 3534.8559832256
6586 2433.4217193826
6912 2375.0785827018
6967 2228.8576002763
7217 2128.6321775496
7459 2117.7557354836
7610 2014.0050240736
7614 1811.1445720822
8284 1730.5394383876
8751 1712.5681772484
8857 1674.9279271726
9149 1650.5715237316
9305 1649.8333250519
9373 1649.7657640588
9389 1645.3168237316
9403 1620.4453582814
9589 1592.5184280550
9765 1566.4033914714
9928 1543.6479888235
9944 1537.2256561759
10001 1461.7819481932
10135 1440.2582982939
10168 1350.1243835695
10211 1329.3571553968
10264 1222.6306613150
10285 1190.5749671554
10333 1129.3978724888
11310 1067.1936322938
11424 1012.0136850602
11450 933.2580539773
11597 920.7096285626
11627 896.4526290486
11671 847.0041867216
11688 846.0476456937
11825 777.2381078900
11878 702.6253550462
12095 663.5164103682
12254 648.8732128201
12402 590.9723536102
12933 565.2545381613
12944 562.7257732193
12964 561.7508560037
13000 525.2209502710
13006 522.5588005169
13274 520.2033666562
13294 484.6790181410
13643 481.2181662717
13887 480.1025516754
13912 471.3021379226
13923 468.7162362792
13992 464.3712804332
14034 460.0428677515
14046 456.2062051779
14206 451.6073213511
14576 450.7618061535
14601 448.7992107835
14649 447.3309989771
14678 446.9210005283
14683 446.0482915445
14694 444.4738662992
14846 443.9762730310
14852 443.7258199151
14879 443.3580022687
14890 440.5223531416
14905 439.1065010304
14951 437.0041664029
14956 434.5793537442
15084 407.9948462806
15183 407.6147373208
15208 399.2436503293
15227 390.8160368875
15235 357.9124404714
15321 354.6798744168
15420 343.7405022744
15781 317.5197322800
15928 315.0702655503
15933 312.7440818199
15997 298.5683094482
16022 298.1764075696
16244 292.1849832198
16279 284.9310110865
16305 278.4166438125
16430 271.0319157755
16512 256.1470012813
16569 255.9635948772
16666 245.4600825416
16720 244.9693554504
16887 238.2578084254
16988 234.1836946460
17341 234.0172906824
17348 227.2816888721
17473 224.6100705514
17506 220.6382328547
17953 219.4462288130
18025 219.3229743849
18026 219.2774310710
18030 215.7321340794
18105 215.4142910382
18200 214.7067218429
18224 214.6958946271
18225 213.7586923949
18399 213.4638419988
18403 213.0234404152
18419 212.6191939517
18516 209.4540524922
18715 207.2888793233
18979 204.1477294447
19173 202.2890579286
19217 201.2290133558
19295 200.5589721787
19386 199.7976475901
19445 196.9952861000
19696 196.3739478747
19723 195.0855335993
19797 193.6500518485
19813 193.3144818883
19840 192.6397671340
19882 191.4902422722
19923 188.4486922280
20095 187.1512351884
20146 184.8165909458
20383 183.4434032864
20477 183.2662888239
20558 182.0005013543
20580 177.9417591432
20639 175.6793814095
20671 175.6575509586
20672 174.6949974914
20702 173.8276492217
20718 172.2822815960
20802 168.1882910472
20830 166.6037018108
21140 160.7604201616
21483 159.2394645845
21507 153.5241793954
21528 153.3478924061
21810 151.0467536771
21826 148.2811605295
21882 147.7589745205
21883 143.2027487352
21974 140.8066800064
22008 139.2880810931
22051 138.8612305570
22100 136.7100124141
22153 129.2703424251
22221 123.2058517498
22364 98.7712429166
22817 97.3528445250
22863 94.5613367320
22872 81.7088615958
22946 79.5699329899
23486 75.4418825602
23539 66.1619254266
23543 62.2637951898
23707 54.0918778059
23958 53.0398494149
24070 52.8556291943
24076 52.7059141844
24095 49.1671957370
24191 45.3190909091
24274 44.5002678630
24313 44.1119416730
24337 43.6204914778
24358 42.6321380807
24422 36.7316440449
24489 35.3636634161
24828 34.4411807178
24872 34.3432643406
24875 34.0152782259
24886 33.4963758676
24961 32.2261768842
25160 31.6300766854
25432 31.1767213900
25561 30.9058232840
25622 30.8453585504
25678 30.7744192558
25750 30.7063806086
25844 30.6276806131
25876 30.5171085262
25927 30.2610129950
25988 30.1684822636
26082 30.1464118851
26136 30.0551447313
26205 29.9654309354
26258 29.8340333777
26291 29.8261696818
26301 29.7784095132
26370 29.5155407010
26543 29.2637821253
26805 29.1343535123
26872 28.9960996659
27263 28.7786282168
27278 28.1515603514
27340 27.9391453412
27396 27.3142675529
27521 27.2085390180
27562 26.7259052639
27734 26.3189672259
27881 25.6984421206
27952 25.5719575666
28065 24.5051544703
28520 24.1076738903
28605 23.7428516179
28613 23.5623306135
28841 22.9402807636
28977 22.0126511256
29039 21.8627078652
29085 20.6187859975
29289 20.1545162993
29429 19.9777479367
29435 19.8847618208
29462 19.7132916626
29686 18.0513817087
29875 17.6477927044
30061 17.0163096057
30092 16.8295859735
30236 16.3995355680
30389 16.1788029415
30457 15.1354306173
30523 14.6728796230
30606 13.6902597462
30860 13.4025540793
30922 12.3932623021
31003 12.3732545817
31014 12.2680887107
31210 10.6229921645
31395 10.0648865413
32050 9.6611909783
32066 8.9288803707
32079 8.6157024130
32146 6.8048320585
32213 5.9237960360
32215 5.5149170454
32461 5.2855529010
32554 5.2701160601
32591 4.5360229421
32686 4.3480430293
32757 4.2827053784
32828 4.2514594857
32863 4.0177609551
32916 4.0059421078
32983 3.4715373971
33261 3.2588334604
33310 3.0698857194
33526 3.0567424765
33531 3.0198688772
33552 2.8572393736
33592 2.7177440460
33753 2.6849357708
33919 2.6187977140
33989 2.5990845101
34004 2.5315567930
34374 2.4652701188
34438 2.4171231833
34453 2.3625342262
34481 2.3463422343
34663 2.3321397042
34667 2.3296855122
34947 2.2690602347
34986 2.2514223931
35062 2.2480842622
35073 2.2070200686
35097 2.1103533706
35144 2.0601874054
35286 2.0439137213
35294 2.0394963682
35400 2.0311516940
35429 2.0127513041
35491 2.0056626434
35527 1.9713191973
35820 1.9582445345
35847 1.9539617213
35853 1.9163493382
35864 1.9008350437
35961 1.8780763920
36086 1.8702387919
36145 1.8698442147
36222 1.8287286781
36306 1.8161031750
36377 1.8117170524
36479 1.7906487662
36502 1.7635747139
36536 1.6708584447
36567 1.6159172760
36601 1.6122887255
36642 1.5639351581
36648 1.5103724138
36681 1.4941530046
36687 1.4877645442
36847 1.2848274941
37078 1.1642750445
37413 1.0356612366
37459 0.8523807416
37779 0.7597391722
37803 0.7387898715
38111 0.7187572943
38127 0.7064614201
38185 0.5087965354
38283 0.4714061389
38442 0.4182752711
38588 0.4066805899
38598 0.3983149484
38654 0.3645106046
38749 0.3385343174
38904 0.3374044137
38944 0.3363170040
38955 0.2959254440
38959 0.2785608161
38962 0.2544852612
39096 0.2519653397
39098 0.2433121868
39147 0.2365332148
39195 0.2317111511
39215 0.2062323574
39381 0.2043300015
39516 0.1842914078
39520 0.1696624115
39654 0.1569495331
39743 0.1476748245
39782 0.1415024100
39874 0.1399091168
39922 0.1384875403
39925 0.1330170368
39973 0.1328364508
40020 0.1299027779
40023 0.1077217353
40091 0.1076994276
40122 0.1058836255
40178 0.0934592831
40216 0.0928615941
40412 0.0882182603
40466 0.0819070783
40522 0.0739264807
40626 0.0635212411
40882 0.0550486627
40952 0.0505874569
40969 0.0490048081
41077 0.0437177945
41083 0.0425508775
41147 0.0409347087
41160 0.0390813109
41299 0.0388416592
41328 0.0387405444
41336 0.0372852573
41346 0.0348761374
41410 0.0346629757
41446 0.0324708484
41506 0.0315077634
41516 0.0289175596
41607 0.0284738064
41633 0.0263935262
41786 0.0262799600
41852 0.0251346718
41886 0.0229290943
42036 0.0219821555
42050 0.0194479712
42152 0.0185534991
42514 0.0185423494
42572 0.0169810264
42602 0.0141846859
42715 0.0102139770
42747 0.0094354484
42810 0.0094230103
42849 0.0079886595
42892 0.0070497791
42973 0.0063026764
42986 0.0051215784
43077 0.0037380027
43187 0.0036177274
43233 0.0035336875
43240 0.0027221810
43309 0.0022413514
43310 0.0017653015
43437 0.0016913605
43448 0.0012574940
43530 0.0012223614
43549 0.0012121344
43552 0.0009630422
43597 0.0009569913
43615 0.0009015659
43637 0.0008170627
43763 0.0007622987
43786 0.0007576890
43788 0.0007271446
43796 0.0006501056
43803 0.0006181654
43806 0.0005441869
43942 0.0003984804
43997 0.0003317309
44019 0.0002983843
44122 0.0002090982
44126 0.0001020184
44410 0.0000840624
44421 0.0000799935
44426 0.0000666455
44563 0.0000556315
44577 0.0000372398
44697 0.0000366096
44792 0.0000354263
44794 0.0000290303
44836 0.0000286949
44870 0.0000261584
44872 0.0000246348
44893 0.0000222159
44904 0.0000217039
44923 0.0000202969
44932 0.0000144715
44935 0.0000139831
44936 0.0000131127
44974 0.0000108082
45036 0.0000102574
45126 0.0000088560
45147 0.0000082181
45247 0.0000051371
45370 0.0000048932
45389 0.0000044642
45409 0.0000042259
45457 0.0000036080
45495 0.0000028311
45519 0.0000027478
45577 0.0000025516
45581 0.0000021721
45582 0.0000020642
45599 0.0000015736
45681 0.0000006089
46061 0.0000005377
46069 0.0000005280
46125 0.0000003667
46162 0.0000003357
46200 0.0000003205
46244 0.0000002731
46299 0.0000002625
46328 0.0000002451
46342 0.0000001696
46449 0.0000001315
46453 0.0000001038
46472 0.0000000763
46700 0.0000000660
46705 0.0000000574
46778 0.0000000490
46819 0.0000000399
46840 0.0000000362
46874 0.0000000325
46897 0.0000000292
46995 0.0000000240
47006 0.0000000216
47033 0.0000000199
47099 0.0000000165
47104 0.0000000138
47134 0.0000000128
47162 0.0000000118
47239 0.0000000111
47251 0.0000000100
47254 0.0000000094
47345 0.0000000085
47346 0.0000000080
47361 0.0000000064
47407 0.0000000053
47434 0.0000000041
47561 0.0000000038
47572 0.0000000020
47761 0.0000000014
47810 0.0000000014
47812 0.0000000010
47934 0.0000000009
48031 0.0000000007
48037 0.0000000006
48115 0.0000000006
48145 0.0000000004
48175 0.0000000004
48182 0.0000000004
48217 0.0000000004
48267 0.0000000002
48272 0.0000000002
48319 0.0000000002
48492 0.0000000001
48560 0.0000000001
48598 0.0000000001
48602 0.0000000001
48625 0.0000000001
48648 0.0000000001
48656 0.0000000001
48757 0.0000000001
48842 0.0000000000
48907 0.0000000000
48908 0.0000000000
48938 0.0000000000
49046 0.0000000000
49092 0.0000000000
49106 0.0000000000
49174 0.0000000000
49280 0.0000000000
49396 0.0000000000
49412 0.0000000000
49427 0.0000000000
49573 0.0000000000
49622 0.0000000000
49651 0.0000000000
49788 0.0000000000
49801 0.0000000000
49829 0.0000000000
49886 0.0000000000
49895 0.0000000000
50005 0.0000000000
50013 0.0000000000
50038 0.0000000000
50062 0.0000000000
50085 0.0000000000
50151 0.0000000000
50324 0.0000000000
50348 0.0000000000
50367 0.0000000000
50385 0.0000000000
50400 0.0000000000
50402 0.0000000000
50410 0.0000000000
50538 0.0000000000
50539 0.0000000000
50602 0.0000000000
50678 0.0000000000
50824 0.0000000000
50841 0.0000000000
50995 0.0000000000
51203 0.0000000000
51555 0.0000000000
51876 0.0000000000
evaluations raw_y
1 39367439.2735320702
2 35145460.9754265249
9 28426146.4682390690
10 28124763.3005394936
11 27040010.6878601313
13 14590682.2235291265
26 12603984.1584720202
29 11543261.8083814457
31 3328118.2398927226
87 2740188.8028671248
158 2477477.5986722750
179 1933339.4570168119
183 1522903.1234776964
240 1136100.8889382209
272 991251.3634302719
416 906530.0111091379
468 527010.9412449433
566 469013.3604857800
577 429448.7823175371
616 274497.5887916444
727 247143.5508179496
778 124563.8901170083
900 80071.2293162498
1461 63513.7846129811
1552 57217.9475476537
1616 48169.6448006592
1849 43934.6587106914
1933 37297.9646993960
2229 33842.9382084558
2383 33563.7918249127
2477 32761.2000845491
2589 31076.7014427224
2683 29801.3445018055
2720 25580.3978861156
3210 22131.5768384908
3819 19883.3441252724
3889 18245.7194517970
4102 16802.1994192958
4169 16447.6129385199
4238 15882.0197306627
4310 13558.1031183875
5004 12586.5414466927
5127 12327.7246900365
5158 11775.4729771455
5201 11615.0054238338
5256 11440.7938996213
5303 10837.7604526432
5457 10140.2947657672
5474 10095.1885669608
5569 10069.9646466948
5713 9836.3260848630
5819 9423.3281089477
5830 9259.6022200238
5902 9218.5074496089
5978 8489.6828776749
6335 8456.7873016500
6350 8339.9805977083
6372 8287.8750917008
6411 8105.7918667679
6426 8080.6257042861
6520 7997.8614439648
6602 7894.9421104525
6616 7777.1876411923
6739 7413.0013170186
6850 7362.3150775019
6899 7354.9877255950
7067 7325.5003673333
7151 7307.9343891047
7194 7157.0482626226
7263 7003.2244781386
7266 6770.9447335991
7315 6673.2476909456
7845 6544.5164154777
8017 6368.1866349732
8100 5508.2484157228
8442 5352.8896864395
8834 4291.4161923775
9183 4271.3264246592
9212 4163.6419610219
9306 4037.5186196629
9314 3764.0775686746
9604 3445.5400837853
9887 3385.7973248219
9890 3149.8654034794
9910 3114.3818347339
10071 3061.3827668125
10411 2897.1339980084
10485 2847.8993032227
10657 2836.8421906712
10722 2820.2223124999
10848 2725.6560540741
10900 2630.9605550732
11409 2558.3760011115
11471 2421.7801117645
11551 2268.4155532118
12085 2144.8113780383
12169 2104.4614918937
12384 2088.0612357196
12441 2072.2623883479
12568 1979.7012914375
12784 1951.0470116781
12821 1936.9193412480
12916 1911.5289803543
12974 1904.7906800422
12997 1855.7725299585
13036 1855.5116775740
13089 1839.4923648454
13113 1791.8934804947
13218 1757.7246173474
13264 1734.9588264982
13363 1688.6727461784
13364 1477.3286561197
14447 1448.6499246764
14478 1388.2276308882
14526 1370.8565270048
14655 1348.6910262584
14718 1214.1750900110
14794 1192.5934412722
15021 1148.4491911277
15094 1058.2771795869
15259 981.6347494064
15725 954.6155998764
15791 937.4578391153
15801 842.7789739769
16017 840.6326355358
16082 821.0371984958
16102 814.5318673496
16107 796.3609083142
16159 792.8984026651
16171 768.9979134742
16243 729.4246574278
16259 682.4621479451
16480 680.6613368065
16505 671.6070651231
16631 667.5482784439
16707 642.1816704985
16749 637.7574452236
16938 627.7348667617
17105 607.4736533956
17220 570.8855778351
17598 535.7693226735
17607 504.9165807288
17678 493.9859417935
17684 493.6170405103
17778 482.0067729057
17861 471.8164741111
17864 456.8267465872
17944 436.9101768028
18002 431.2065523788
18018 415.7979858513
18063 373.5627213764
18212 364.5470049787
18569 352.9823367721
18586 323.3588279518
18713 314.2999382941
18717 313.3492733235
18835 306.3642732971
18876 300.0328353540
18914 293.4555647938
18963 275.6795937066
19056 270.7210355645
19134 264.4908755002
19520 260.6424948286
19562 239.3649284295
19818 230.1381932965
19826 226.7521390864
19893 220.3347786292
20000 205.2021253782
20379 186.6928019087
20544 171.8392449968
20792 166.5879752488
20844 160.4662207113
20882 159.5628479374
20946 147.6173770731
21118 147.2708458730
21136 138.3770662145
21367 132.7026511756
21574 128.8882001430
21908 125.9636826047
22033 122.0974901815
22117 120.5036641419
22118 118.0746489094
22261 117.7043650355
22279 117.2937850134
22340 116.8304381648
22636 112.7873415974
22976 111.6018351916
23058 109.8866326734
23440 109.7755361381
23450 107.1020315577
23546 105.9087703098
23592 104.5933763246
23610 100.6709562035
23629 97.4413859016
23714 91.8118439245
23825 85.0534394025
24393 83.7678947827
24667 82.0602047453
24679 71.2443554006
24699 67.8991153934
24847 63.9746693271
25046 59.1720493478
25090 55.0291303631
25400 38.4761776314
25982 34.6087625231
26130 34.3107857797
26159 33.5281840312
26209 32.4160945994
26234 31.4972274062
26247 27.6588392018
26368 26.2182550439
26450 24.5390871268
26465 24.5170267291
26585 23.9752923302
26836 23.6673340366
26875 23.2258038145
27117 23.2141687073
27175 22.1961619850
27238 21.9384703826
27277 21.5642936599
27411 21.0191527230
27454 20.9252506778
27530 20.5652313894
27720 20.4910601398
27804 19.8213876395
28019 19.7428292282
28176 19.4305340633
28228 19.3559452826
28347 19.2270347158
28359 19.0552290429
28568 19.0080554497
28610 19.0023600864
28680 18.8395115935
28692 18.8014780762
28702 18.7532975310
28924 18.6216496470
29026 18.4238991524
29113 18.2611298283
29274 18.1714647479
29281 18.1372821743
29301 17.7400060684
29487 17.6660298130
29566 17.5348661378
29793 17.4295874185
29900 16.7886911388
30075 16.3390153948
30213 16.2866584525
30245 16.2643745779
30296 16.2147838779
30362 15.6598692343
30699 15.3787304953
30761 15.0991649335
31041 14.9643058225
31177 14.9564784175
31182 14.8414833374
31204 14.7621680936
31234 14.5333687235
31376 14.4758800337
31380 14.4589011441
31485 14.4000207005
31507 14.3225031339
31881 14.2815801986
31918 13.7795975139
32313 13.7263425812
32430 13.1259926532
32479 13.1200828315
32560 13.0791829092
32626 12.5893268246
32686 11.6166190898
32877 11.5006573566
32903 10.8841016804
32923 10.8665297416
33193 10.0467171599
33316 9.9469731663
33322 9.3247319964
33349 8.2595281298
33625 8.0486229111
33835 8.0331703936
33843 7.9922923848
33869 7.8820072522
33923 6.7827611791
34110 6.3397528065
34267 6.2977025198
34355 5.6202946750
34392 5.0249859536
34482 4.9956684646
34638 4.2940758265
34674 3.8602414229
34725 3.8426273411
34794 3.6598545821
34912 3.2741333134
34983 3.0332631205
35101 2.7959811972
35106 2.7360505897
35125 2.4413065177
35139 2.2430475845
35305 2.2156876881
35366 2.1969077187
35394 2.1679065726
35411 2.1331873169
35452 1.9967095807
35526 1.8170321201
35626 1.7978272574
35666 1.7773550996
35680 1.7765130254
35699 1.7759363758
35703 1.6743007828
35740 1.6737682614
35894 1.6614284998
35897 1.6102255350
35913 1.5688298985
35934 1.5264764421
36061 1.5099114327
36146 1.5023579014
36160 1.4946730497
36163 1.4863533872
36171 1.4503161993
36181 1.4135235574
36281 1.4097802060
36293 1.3792960967
36305 1.3640328391
36355 1.3456973545
36358 1.3349027017
36459 1.3032566307
36520 1.2922519612
36541 1.2859012812
36664 1.2729113162
36676 1.2257799478
36857 1.1878661989
36907 1.1575927817
37005 1.1073837952
37033 1.0499672606
37298 1.0067076496
37581 0.9806148308
37618 0.7966939285
37877 0.7910447078
37881 0.6288589658
37950 0.6011986556
38122 0.4686225467
38332 0.4399268621
38354 0.3891426675
38372 0.3711409041
38540 0.3683281480
38546 0.2891430715
38644 0.2831461606
38680 0.2434921766
38743 0.2374924660
38753 0.2253302384
38765 0.2176276029
38801 0.2050001094
39054 0.1876728821
39146 0.1748538109
39175 0.1436571781
39240 0.1417418541
39276 0.1409338208
39295 0.1322719272
39321 0.1275887607
39348 0.1223414570
39359 0.1181166874
39398 0.1055754424
39543 0.1047277418
39582 0.1013856401
39702 0.0891483317
39941 0.0879216034
40003 0.0808653876
40013 0.0769076144
40092 0.0762970700
40587 0.0753469545
40632 0.0721495471
40645 0.0712822984
40650 0.0651157679
40725 0.0639687162
40733 0.0604377546
40831 0.0601125764
40846 0.0581926287
40944 0.0577378581
40969 0.0565968659
40986 0.0534415090
41069 0.0505672048
41078 0.0499772241
41107 0.0480388927
41175 0.0471278089
41185 0.0436873573
41249 0.0426898066
41285 0.0426413004
41355 0.0424046027
41476 0.0410847808
41518 0.0407909140
41533 0.0395027012
41593 0.0385729391
41607 0.0376752238
41612 0.0321657656
41641 0.0263293383
41664 0.0262709799
41688 0.0247584379
41932 0.0230727476
42063 0.0186539354
42169 0.0154751859
42346 0.0137303144
42554 0.0112644149
42586 0.0083736806
42724 0.0077810489
42797 0.0072520293
42916 0.0044038389
43120 0.0039760130
43194 0.0033137651
43195 0.0027493596
43287 0.0015499573
43454 0.0014780890
43517 0.0014599319
43557 0.0013347354
43594 0.0011804253
43635 0.0010517160
43645 0.0009512768
43696 0.0009438825
43708 0.0006704363
43762 0.0006476118
43775 0.0006027626
43781 0.0005897202
43801 0.0004911820
43836 0.0004120457
43858 0.0003686972
43878 0.0003099873
43965 0.0001203105
44226 0.0001081844
44260 0.0000906291
44353 0.0000683553
44360 0.0000666098
44416 0.0000442207
44554 0.0000440728
44559 0.0000311512
44683 0.0000310222
44686 0.0000306709
44709 0.0000286619
44732 0.0000240611
44759 0.0000238148
44771 0.0000134452
44834 0.0000105290
44986 0.0000096246
44994 0.0000070958
45108 0.0000066457
45136 0.0000061005
45192 0.0000053794
45194 0.0000048525
45196 0.0000041295
45198 0.0000031164
45296 0.0000027182
45421 0.0000020565
45438 0.0000018052
45520 0.0000012026
45633 0.0000011171
45710 0.0000008986
45733 0.0000008825
45753 0.0000008215
45810 0.0000006896
45845 0.0000006853
45901 0.0000005102
45964 0.0000004650
46025 0.0000004519
46028 0.0000004362
46039 0.0000004195
46051 0.0000003891
46055 0.0000003873
46099 0.0000003442
46151 0.0000002298
46181 0.0000001894
46292 0.0000001402
46311 0.0000000636
46525 0.0000000635
46539 0.0000000604
46617 0.0000000420
46730 0.0000000419
46736 0.0000000307
46834 0.0000000189
46891 0.0000000156
47047 0.0000000154
47075 0.0000000152
47078 0.0000000152
47093 0.0000000139
47164 0.0000000112
47180 0.0000000105
47200 0.0000000089
47250 0.0000000081
47273 0.0000000072
47325 0.0000000054
47411 0.0000000027
47575 0.0000000026
47576 0.0000000026
47624 0.0000000024
47649 0.0000000021
47748 0.0000000019
47755 0.0000000014
47861 0.0000000013
47869 0.0000000013
47870 0.0000000009
47876 0.0000000008
48014 0.0000000006
48106 0.0000000005
48111 0.0000000004
48158 0.0000000003
48255 0.0000000003
48331 0.0000000001
48423 0.0000000001
48464 0.0000000001
48535 0.0000000001
48539 0.0000000001
48646 0.0000000001
48665 0.0000000001
48681 0.0000000001
48712 0.0000000001
48718 0.0000000001
48730 0.0000000001
48746 0.0000000000
48747 0.0000000000
48777 0.0000000000
48945 0.0000000000
49013 0.0000000000
49045 0.0000000000
49119 0.0000000000
49187 0.0000000000
49224 0.0000000000
49226 0.0000000000
49251 0.0000000000
49266 0.0000000000
49359 0.0000000000
49490 0.0000000000
49555 0.0000000000
49627 0.0000000000
49640 0.0000000000
49674 0.0000000000
49707 0.0000000000
49735 0.0000000000
49755 0.0000000000
49901 0.0000000000
50054 0.0000000000
50111 0.0000000000
50163 0.0000000000
50377 0.0000000000
50441 0.0000000000
50517 0.0000000000
50886 0.0000000000
51264 0.0000000000
evaluations raw_y
1 140414503.6860308349
2 95869863.8475343287
3 74152858.0160376877
6 58086865.8318555728
7 52359125.5590145141
13 33200198.1643898226
15 15893665.3416053168
27 7051941.0859151790
55 6349479.5211533215
72 3796083.6939858259
80 3599329.4857058958
84 2271207.8099482972
100 1576623.5275065433
128 923464.0073716312
562 800015.7792083720
573 761326.0017327239
605 498188.6421078482
722 489664.2783459937
787 420171.3245095025
805 374428.8510368242
860 288143.0089243478
883 267197.5189628784
966 231654.9288406177
992 212094.1231001353
1099 204235.8448793303
1140 187844.2296169328
1159 179294.3354836800
1238 177015.2382941100
1239 152934.3950613959
1311 113415.9467605751
1439 85392.6047359855
2300 69802.5032508227
2577 62008.7312644393
2611 56764.0055603836
2774 48252.3260669394
2890 46793.5825641287
2963 43720.1123233466
3089 35504.6924943164
3844 34931.4295243596
3882 30557.6179138503
4096 29111.0859280229
4147 27754.3330647393
4155 27665.8698856478
4271 27373.7538276094
4417 25774.4766867939
4559 25586.1085928628
4746 24650.2288933637
4825 24478.6137692874
4974 23998.9291230205
5039 23910.4179768890
5245 23510.4700913590
5326 23510.0418580056
5401 23196.3791222976
5592 22600.3522566695
5772 22555.8738427486
5778 22554.6099056917
5809 22096.3398025298
5851 21915.1921955741
6089 21907.5866412231
6145 21793.0604627669
6221 21301.9730270640
6326 21024.5004870114
6347 20878.2658008054
6464 20621.0040184770
6551 20457.3222654299
6558 19639.4381592428
6656 19486.3172833545
6790 19181.4838785621
6845 18810.5188522156
6847 18324.0419836768
6858 18109.5210216699
6879 17787.2657104872
6897 16610.7360213404
7000 14028.8207964442
7437 12555.4941371141
7748 10726.7973800165
8259 10366.0814173762
8260 9854.5334683463
8447 9106.9172447314
8606 8186.5636174778
8778 7593.1467889048
8935 7028.2371054275
8991 6498.4336431987
9102 6299.5860854202
9213 6060.9640754262
9294 5658.1380114852
9627 5643.6482289754
9650 5199.3614140971
9961 5183.8622461959
10003 4997.5074482248
10120 4959.4382645634
10166 4898.5762396459
10202 4841.7472654906
10251 4541.5167812897
10540 4390.4703972801
10761 4347.2888597105
10900 4285.4130095482
10956 4230.8641691949
10976 3990.5518007321
11155 3980.8319842056
11345 3947.3424654977
11428 3913.3198852380
11436 3852.6169607185
11487 3829.1284550800
11623 3825.2194363557
11666 3608.4593828524
11778 3598.5498490288
12024 3581.2150784361
12087 3580.4885674500
12155 3548.6646540222
12177 3523.8829851041
12199 3474.8330723481
12212 3461.6709785114
12227 3438.4500021773
12393 3355.7673492177
12445 3168.0722850420
12627 3132.5080619170
12674 2938.4615574633
13027 2577.7162454172
13376 2498.8595658225
13510 2371.5238521338
13610 2311.5356899252
13962 2204.8559215351
14119 2129.7438212861
14385 2040.9282262868
14470 1962.9222513036
14765 1924.2237411007
14943 1890.0983052179
14992 1854.6624456566
15039 1837.5010056586
15085 1772.3077361702
15680 1762.8479248372
15704 1755.9020100461
15863 1736.7502617309
15902 1734.4057219214
15948 1706.8496662039
16231 1694.4200761464
16309 1668.5682686751
16361 1647.9303030588
16545 1615.7562073456
16792 1612.6771524829
16800 1587.8946425616
16909 1561.9405388120
16995 1535.0794672783
17163 1458.8591267419
17669 1385.3499608665
17991 1378.5612409917
18104 1371.3130193992
18107 1362.6764206098
18112 1360.7225580691
18140 1326.7070479499
18268 1314.6090273271
18502 1300.3543973093
18595 1298.5583133508
18596 1297.5104727955
18639 1296.3690491659
18652 1283.0175863190
18856 1270.3727851428
18956 1256.7394116459
19299 1254.8762049714
19388 1252.6378016008
19526 1251.6814304373
19635 1249.3500587297
19647 1248.3964106982
19649 1240.6170742421
19805 1239.6211937321
19812 1238.1396568161
19890 1233.8432233687
19938 1223.8141180675
20484 1216.1298865093
20638 1213.9004580934
20657 1211.4097040746
20801 1206.8163481849
20871 1204.5823236365
20883 1203.3020372995
20897 1184.1524608368
21122 1157.8364630669
21223 1146.9425612650
21413 1111.3764324958
21531 1107.2915234044
21539 1106.2281113058
21557 1095.0330296518
21719 1094.0274779184
21734 971.3091448112
21974 941.6075739273
22106 920.3546919353
22262 880.4661959205
22296 826.9991501641
22504 811.5022859048
22531 747.1260897998
22698 728.9381273631
22727 707.8653015280
22751 697.8449208249
22847 697.3508549357
22857 672.1739308603
22858 656.6484096760
22933 646.2460916791
22975 643.5665196383
23023 640.8339937640
23028 606.5313229445
23118 604.4515131413
23140 586.9340225590
23184 552.6322852949
23341 545.9069939552
23369 530.3055776662
23628 527.0429953312
23693 519.4211472515
23695 513.7701674608
23860 501.8816874044
23950 500.1820513829
24161 500.0383969854
24273 456.0876464122
24522 447.8530605572
24583 447.7225214518
24699 445.0564753527
24865 440.9806348429
24944 437.5978695367
24979 434.4403429115
25042 432.9038372740
25074 432.2651827336
25192 427.8901630610
25217 425.7597441073
25350 423.8254650870
25442 423.0107548937
25454 416.9009399744
25516 412.1528752178
25532 411.8253834885
25596 400.5783125636
25643 392.5377441576
25841 376.0316858987
25958 365.9801176726
26225 351.9415772493
26384 349.1862551820
26402 340.5966512909
26781 337.8996794046
26828 334.6127118623
26849 330.0616817929
26908 327.6211790647
26954 324.7525134886
27012 324.3507775579
27071 319.2628977948
27074 317.0940721291
27079 307.9389781097
27478 289.9632495374
27773 289.5315201740
27845 268.8954389331
27901 264.3418253077
28184 257.6749692141
28264 245.6030433468
28327 243.5358707533
28408 230.6549206634
28695 229.7868979877
28761 224.5470399465
28762 218.9875624617
28811 218.0561807704
28858 207.4954609842
29047 206.7715171383
29059 205.3816697353
29109 204.1975841117
29114 197.5962444664
29167 173.2197021731
29269 169.9411810853
29371 163.7561903209
29511 161.1177970147
29543 159.5205025523
29603 159.3336357459
29614 151.8097032347
29662 145.2492399440
30097 140.6011416818
30144 139.3048808380
30219 137.9849070165
30458 124.6866787143
30781 118.2473189398
31004 114.8776814985
31096 113.1486305187
31238 112.8960258823
31268 106.5043786893
31425 105.3390087225
31622 105.0344162013
31728 98.2504630874
31818 95.7032370639
31828 94.4407169242
31829 93.8459536501
32037 93.3822669069
32161 88.7090244144
32259 84.6755258907
32290 83.9641054436
32309 80.8494555556
32421 78.2022864984
32484 77.8561258558
32493 77.1825804540
32556 76.2919725516
32596 75.8040556098
32673 75.4202377460
32674 74.9525929582
32768 74.6936389540
32816 74.4022522066
32825 74.3851874213
32869 71.6782254854
32996 66.8955868112
33089 62.8703755783
33388 62.7034671944
33392 61.6451631510
33423 60.5414890294
33634 60.2006427757
33646 58.9767589914
33701 57.6943074015
33725 57.4595059249
33801 54.9015678523
33982 54.5830921122
34078 52.7186290133
34192 52.3858843298
34241 51.6009851383
34308 51.4896110364
34424 51.4543534655
34482 49.9411871622
34563 49.8841765353
34706 48.4805164944
34911 46.7824092995
35226 45.1987437826
35349 44.6169705257
35368 42.8787847212
35442 41.2911674425
35511 38.8609370193
35678 35.8781920280
35792 33.1603951224
36028 30.3387346075
36140 27.4650539713
36442 27.3435246764
36532 25.4160097496
36598 22.4184455393
36649 21.2032575031
36718 21.1141086967
36809 18.9922500080
36822 16.8173941230
36863 14.5080855550
36883 14.0573604349
36910 12.0501797929
37088 12.0380463520
37129 11.1135507124
37131 11.1065875654
37150 10.9751356220
37248 9.8626698690
37367 9.3670430498
37415 9.3401156406
37533 9.2224284001
37541 9.1831769789
37547 9.0635434295
37704 8.9427692171
37775 8.7263514716
37824 8.6586388565
37861 8.6004816072
37885 8.5779748521
37998 8.5193160771
38030 8.4797470466
38091 8.3913609797
38187 8.3768781248
38209 8.3339384069
38347 8.3311726936
38365 8.3290967022
38403 8.3109570357
38439 8.3098817597
38486 8.2657918071
38615 8.2452625643
38629 8.1567666958
38831 8.1479590963
38876 8.1326786619
38940 8.0102693019
39037 7.9913580579
39178 7.9507014844
39463 7.9417199245
39501 7.7387137282
39528 7.4466971209
39616 7.4227062634
39691 7.3398478566
39701 7.2999158191
39776 7.1423048149
40221 7.0381408800
40271 6.1873697244
40494 5.7285417492
40548 5.3617635930
40783 5.2996790084
40812 5.1392178686
40831 5.0442641518
40856 4.6164960635
40867 4.5403937361
40885 4.3306651639
40896 4.0620706766
40921 4.0393028188
41003 3.4439990522
41228 3.4143277997
41229 3.3674575564
41263 3.3097112697
41369 3.1164613013
41396 2.9738495020
41436 2.7051495167
41598 2.6517806266
41618 2.5200583081
41715 2.3393797997
41735 2.2850058791
42157 2.2545572570
42251 1.9203013970
42412 1.4214402934
42532 1.4100310665
42589 1.0013824025
42616 0.6290852536
42961 0.4745769322
43159 0.3883237736
43200 0.3471574917
43315 0.2547582206
43335 0.1858470664
43438 0.1681245536
43524 0.1644749893
43548 0.1516276304
43618 0.1318937194
43634 0.1249429973
43715 0.1022197680
43753 0.0936970989
43845 0.0891970061
43876 0.0869560680
43878 0.0677256493
43907 0.0670582231
43911 0.0669100098
43918 0.0540904300
43939 0.0538121672
44005 0.0493802722
44018 0.0300914000
44181 0.0240933262
44208 0.0122924750
44417 0.0096983944
44503 0.0074357875
44596 0.0057530774
44680 0.0056679659
44695 0.0054169600
44698 0.0041383934
44736 0.0024333320
44926 0.0021423350
44982 0.0020391524
45014 0.0012329236
45077 0.0009165536
45314 0.0008648998
45329 0.0006509540
45360 0.0005928014
45407 0.0005710629
45441 0.0003796493
45577 0.0003384260
45659 0.0002800457
45681 0.0002014324
45804 0.0001965616
45846 0.0001485616
45872 0.0001432215
45905 0.0001283851
45953 0.0000947901
46053 0.0000798609
46126 0.0000776949
46148 0.0000707365
46171 0.0000596982
46207 0.0000493775
46244 0.0000440037
46298 0.0000339646
46326 0.0000291945
46381 0.0000252883
46449 0.0000248051
46459 0.0000224244
46531 0.0000174623
46535 0.0000167112
46554 0.0000125122
46623 0.0000108766
46693 0.0000101943
46771 0.0000071767
46782 0.0000058031
46896 0.0000052831
46957 0.0000037911
46979 0.0000026457
47146 0.0000025094
47216 0.0000023996
47238 0.0000018299
47321 0.0000013105
47333 0.0000012895
47407 0.0000012524
47423 0.0000011950
47478 0.0000009751
47489 0.0000008673
47574 0.0000007661
47654 0.0000004407
47770 0.0000004371
47794 0.0000003507
47819 0.0000003478
47822 0.0000002604
47892 0.0000002209
47894 0.0000002132
47921 0.0000002101
47996 0.0000001943
48016 0.0000001771
48104 0.0000001584
48112 0.0000001396
48113 0.0000001077
48173 0.0000000969
48240 0.0000000816
48242 0.0000000627
48349 0.0000000596
48385 0.0000000552
48401 0.0000000475
48441 0.0000000441
48482 0.0000000385
48498 0.0000000356
48510 0.0000000323
48574 0.0000000231
48619 0.0000000191
48639 0.0000000176
48666 0.0000000167
48684 0.0000000158
48707 0.0000000136
48730 0.0000000121
48748 0.0000000106
48838 0.0000000099
48878 0.0000000098
48924 0.0000000075
48971 0.0000000074
48989 0.0000000065
48990 0.0000000060
49000 0.0000000049
49034 0.0000000046
49053 0.0000000036
49188 0.0000000024
49256 0.0000000023
49334 0.0000000020
49440 0.0000000011
49494 0.0000000009
49537 0.0000000008
49564 0.0000000008
49589 0.0000000008
49611 0.0000000007
49655 0.0000000006
49704 0.0000000006
49733 0.0000000004
49760 0.0000000004
49870 0.0000000003
49917 0.0000000003
49921 0.0000000003
49978 0.0000000002
50087 0.0000000002
50095 0.0000000002
50130 0.0000000001
50133 0.0000000001
50144 0.0000000001
50201 0.0000000001
50280 0.0000000001
50391 0.0000000000
50473 0.0000000000
50492 0.0000000000
50514 0.0000000000
50556 0.0000000000
50618 0.0000000000
50639 0.0000000000
50742 0.0000000000
50760 0.0000000000
50907 0.0000000000
50923 0.0000000000
51034 0.0000000000
51077 0.0000000000
51095 0.0000000000
51099 0.0000000000
51140 0.0000000000
51163 0.0000000000
51170 0.0000000000
51189 0.0000000000
51229 0.0000000000
51373 0.0000000000
51410 0.0000000000
51461 0.0000000000
51467 0.0000000000
51483 0.0000000000
51622 0.0000000000
51640 0.0000000000
51815 0.0000000000
51864 0.0000000000
51915 0.0000000000
51939 0.0000000000
51974 0.0000000000
52002 0.0000000000
52005 0.0000000000
52023 0.0000000000
52026 0.0000000000
52153 0.0000000000
52176 0.0000000000
52191 0.0000000000
52421 0.0000000000
52492 0.0000000000
52541 0.0000000000
52576 0.0000000000
52623 0.0000000000
52684 0.0000000000
52890 0.0000000000
53404 0.0000000000
evaluations raw_y
1 41907849.8909755424
2 24105335.6424272470
3 20174367.7325350717
8 19557517.6731681265
14 16838417.0174250975
23 8514859.0511374641
28 3053592.1295966916
46 1827979.0517205535
69 1464812.0226488581
227 1416006.1195794772
394 1272163.9548623487
432 1130025.8939663928
448 806847.9334945871
484 764566.2272067986
524 753998.4925330488
532 585559.2877539420
842 572281.0414670999
854 546768.3138901651
862 544911.2231741031
869 517857.6032172483
886 460134.5353347521
923 427335.5278849406
933 425499.5422885674
934 420090.4069285984
968 387543.3724155863
1026 363633.0645765861
1085 361193.8849127945
1237 360914.9173782472
1268 339904.5557823975
1292 329355.7389814407
1410 328193.9826308052
1421 312275.5180221472
1549 303994.6746045426
1590 297982.0811851257
1649 296360.8327785283
1707 294021.5643222295
1743 287860.5243737879
1766 283871.9351752545
1802 260543.1993857772
1819 249172.6944748557
1909 186675.8622469557
2195 171827.4428527477
2304 171273.8632929578
2367 159066.8721523728
2422 151496.5897956645
2542 120350.2739760212
2663 116625.2145170056
2722 104003.3837687087
2913 95624.3573636835
2984 92540.4164214898
3062 87451.4325799592
3159 85030.5628873797
3280 81347.5619145155
3303 80582.8194036847
3320 80349.4554189404
3334 77818.3786645729
3384 70373.6918948401
3418 69285.6366085761
3476 66633.7544600052
3537 60362.3407493492
3751 45800.1666300732
3837 38953.8957349381
4019 35249.7657645873
4348 33728.8906409466
4351 29933.4692142248
4357 27164.3295667890
4650 26120.1453677566
4719 20699.0940837886
5018 19168.5933649322
5479 18895.3843677783
5547 17976.7404972293
5563 17920.8471932217
5566 17178.3207498554
5713 16440.5482117978
5767 14534.8494001847
6381 14061.6725694439
6407 13881.7162721015
6573 13731.8598462785
6577 13364.3869995863
6612 13237.7635746707
6657 13232.4237934532
6680 13029.7971769937
6709 12757.2615399436
6733 12550.2318411986
6808 12218.7320294981
6814 11541.0688951804
7038 11471.5495809531
7051 11399.1855409555
7074 11338.8981472001
7203 11310.5230475272
7204 10944.9749173067
7265 10915.8159282069
7286 10673.6582201733
7538 10616.9345290845
7572 10575.6284158051
7710 10553.4656131200
7742 10425.7221106478
7754 9990.8252549951
7885 9963.5197673019
7891 9765.5686321836
8447 9599.9062829743
8448 9550.7802535312
8640 9488.4066183663
8745 9466.1695126252
8799 9349.5666772218
8999 9052.2787940058
9026 8578.0521123053
9271 8469.9989867863
9435 8130.4124946617
9454 7883.5982567778
9566 7784.7721804215
9664 7597.1821577052
9670 7192.2164242090
9856 6439.8133192925
9961 6420.6337579394
9977 5920.0605692355
10025 5475.7284780870
10031 5350.1069115230
10157 5087.6814726171
10359 4834.2017792635
10402 4680.0331970162
10444 4226.8175810278
10510 3197.0473226253
11391 3130.9053830733
11424 3092.3117071727
11454 2997.6822953646
11559 2865.7523358763
11725 2596.0454376646
11867 2479.4757971974
11902 2473.1328628250
11907 2425.9971147696
12217 2406.7488900253
12280 2405.9135800898
12419 2367.8896605492
12490 2332.6302483706
12521 2241.2797072582
12586 2216.0843099961
12614 2201.0690298921
12813 2177.6712185870
12895 2133.6912388490
12969 2121.5027332404
12977 2107.3287727040
13004 2102.8665659930
13006 2065.7110349958
13220 2058.8642737277
13257 2007.9694963917
13549 1972.3800093304
13652 1953.9536955969
13771 1939.8682869431
13781 1939.4460831021
13810 1898.9983089308
14199 1871.4790376410
14377 1855.6679716111
14418 1826.2021520489
14520 1818.7605138710
14715 1790.5108799144
14726 1665.0679181745
14801 1658.2113054980
14838 1633.4503732116
14851 1568.9728318648
15182 1512.4683750312
15530 1429.5625931084
15710 1406.4653561934
15770 1389.0204265410
15808 1356.7916919892
15819 1213.2056279586
16203 1184.6554442359
16335 1181.9735055438
16825 1142.0610124930
16844 1136.1897487811
16934 1127.2255510036
16941 1118.4894154055
17211 1118.0232754073
17251 1079.9741553209
17356 1075.9366088583
17359 1061.4255846076
17412 1044.3808152926
17553 1043.3875699195
17626 1040.9891600052
17763 1038.3267445884
17781 1023.6029004695
17795 1022.2541373010
17862 994.3796340690
17923 979.8906285377
18120 971.6407213047
18175 953.8885163039
18247 936.1867929481
18253 915.3312806302
18594 900.9460041201
18648 888.2986538628
18656 861.4543656519
18694 848.6503438649
18789 818.9515373136
18845 798.9214112262
19149 746.0273330626
19307 633.3505175034
19685 616.8973129270
19742 548.3993763299
20131 542.5374713075
20254 470.2807948637
20438 463.1196436100
20567 462.0680279235
20645 451.5477555679
20684 430.5727368579
20761 428.5828353908
20776 426.1179293462
20819 400.5899624536
20902 396.4869670019
20980 387.3597505056
21032 348.0038496485
21415 333.3560730316
21487 308.8284665249
21676 293.6618327341
21902 292.1310735582
21943 286.6443441202
21950 278.1858516511
22504 276.4000661689
22546 275.7617064258
22553 274.1989439990
22554 273.4430326217
22568 245.0256239976
22832 243.8272022473
22840 230.0004630691
22880 222.4780798562
22920 216.6224852814
22926 209.3787379684
23019 208.7686345267
23038 189.7570056651
23050 187.6340958203
23221 178.6837643583
23397 177.7670515913
23510 175.4658798237
23617 175.1820482853
23664 172.1772515916
23726 171.5441892121
23728 170.2081268320
23748 166.2902372871
23818 164.6949495467
23821 163.5688993658
23960 162.1490500551
23982 159.8219945145
24150 156.4816141718
24403 152.8693846866
24481 151.7433775670
24533 151.5133506561
24612 147.3436312425
24829 145.6471006617
24869 144.5450099944
24933 144.1346057149
24958 143.9063435651
25012 142.3808880567
25115 139.2729726313
25229 134.3849374050
25336 130.5435483337
25723 128.3720122316
25852 123.9318921963
25966 116.7877243851
26151 104.6457113240
26425 96.6427332041
26533 93.9486470363
26670 91.0595158549
26778 79.7050740283
27272 74.4627329001
27401 71.2434951498
27461 70.3854709612
27614 69.3887831946
27615 68.9450230173
27702 67.4828367498
27764 65.5979614611
27793 64.1598072416
27842 62.6238458387
27847 59.6963950574
28033 59.4044933220
28038 57.8099540274
28231 57.2686259097
28240 56.7743048522
28377 56.4654819706
28502 56.2747674485
28713 55.0304429670
28757 54.7087861998
28798 54.6677934624
28862 54.3190811087
28970 54.2227058051
29011 54.2185880732
29051 53.5951358940
29085 52.9036360570
29252 52.6320144055
29360 51.8474985384
29436 51.8260281304
29457 50.7899858448
29564 50.7765874971
29764 49.8998063695
29792 49.4906307460
29896 48.6096327242
29932 47.1601225203
29992 46.1461922385
30367 44.3725951312
30651 40.0032470948
30937 39.8919765774
31073 38.8323935173
31197 37.4208846937
31236 36.7915754269
31274 35.7295520344
31485 35.5211719821
31548 35.2609371351
31747 34.9739473159
31798 34.7230980858
31815 34.4745895668
31864 34.4190518635
32023 34.4112454642
32057 34.1841166416
32147 33.9023729038
32185 33.8199185997
32354 33.7265453956
32409 33.5627978827
32452 33.3853529432
32457 33.3284237816
32490 33.3228830714
32502 33.2402242232
32544 33.2205887690
32614 33.1712479258
32631 33.0037015545
32867 32.9848102456
32912 32.9323596823
32914 32.8291467703
32961 32.6789986532
33051 32.5633387446
33067 32.4499644773
33091 32.2438158987
33585 31.6570688628
33629 31.6413609718
33662 31.5471275315
33752 30.9126379526
33827 30.6282675287
33853 30.5464666444
34028 30.1564382819
34061 29.9015849352
34064 29.7004167620
34146 28.8503532314
34271 28.5618875601
34507 28.0686110654
34555 26.8777115875
34594 26.3817559484
34724 23.6174886343
34771 22.0782818272
35063 16.2826615869
35696 12.9338869084
35802 9.7339515439
35951 8.1200690392
36095 7.9038147971
36110 7.6208575066
36139 6.0108163486
36333 5.8957834775
36452 5.3109168019
36688 5.0171018586
36741 4.9309460651
36791 4.3738266786
36844 4.2418366120
36886 4.2192893847
36909 4.1376084382
37022 3.6845211184
37054 3.6365068679
37066 3.5557572563
37103 3.2791106935
37276 3.2427951251
37283 3.1320910483
37343 3.0630939605
37524 3.0522521514
37560 2.9809431748
37581 2.9241889243
37658 2.8335438085
37802 2.8295378171
37897 2.7754662196
37968 2.7250908654
38080 2.6812741497
38183 2.6707546934
38272 2.5659970872
38298 2.4803759952
38402 2.4290240741
38456 2.4096373410
38500 2.2927633482
38601 2.2568768689
38619 2.2001933645
38703 2.0719707928
38799 1.9572983162
38961 1.8972063968
38992 1.8166290035
39525 1.8158530442
39641 1.7580530084
39647 1.3785365804
39810 1.3462116042
39825 1.2030779885
39870 1.1648658191
39969 1.0415328468
40018 0.9178455408
40144 0.8126917637
40155 0.7594498805
40200 0.7080654093
40414 0.6562688124
40441 0.6468637397
40443 0.5979195405
40478 0.4999968421
40495 0.4645244741
40687 0.4537851708
40797 0.3907401883
41023 0.3314310549
41119 0.3199422780
41157 0.2948693705
41158 0.2456131346
41169 0.2142782229
41219 0.1728182489
41347 0.1608448580
41422 0.1210961454
41423 0.1107244487
41456 0.0967784734
41505 0.0854869180
41513 0.0643104773
41603 0.0505246696
41621 0.0440030620
41721 0.0348960650
41791 0.0266287763
41907 0.0238941348
42070 0.0238646865
42108 0.0218352930
42110 0.0142221451
42197 0.0135003026
42204 0.0114025186
42227 0.0112308595
42287 0.0082868731
42350 0.0072622489
42427 0.0057474925
42444 0.0054338597
42499 0.0053304324
42569 0.0051236824
42581 0.0042883009
42583 0.0022400751
42782 0.0020054384
42877 0.0016504468
42878 0.0013276051
42990 0.0009233309
43039 0.0008184310
43048 0.0007063340
43161 0.0006542960
43233 0.0004898321
43267 0.0004291248
43352 0.0003930760
43393 0.0002571669
43446 0.0002458167
43505 0.0002410695
43528 0.0002208087
43584 0.0002148270
43595 0.0001997848
43626 0.0001928523
43631 0.0001426273
43717 0.0000947477
43811 0.0000831277
43824 0.0000414746
44179 0.0000379096
44189 0.0000352082
44211 0.0000209715
44294 0.0000166578
44340 0.0000153790
44397 0.0000122520
44401 0.0000076440
44667 0.0000075569
44685 0.0000069482
44701 0.0000060826
44719 0.0000058545
44739 0.0000044131
44789 0.0000034072
44852 0.0000033052
44889 0.0000032751
44893 0.0000028904
44916 0.0000028312
44923 0.0000022188
45084 0.0000022027
45111 0.0000018630
45145 0.0000018177
45168 0.0000017793
45175 0.0000013925
45179 0.0000013617
45249 0.0000011564
45254 0.0000010195
45270 0.0000007315
45311 0.0000006968
45370 0.0000006583
45409 0.0000004875
45430 0.0000004758
45522 0.0000004040
45600 0.0000003557
45664 0.0000001949
45684 0.0000001587
45944 0.0000001330
45956 0.0000001051
46069 0.0000000713
46178 0.0000000628
46243 0.0000000614
46246 0.0000000536
46281 0.0000000413
46295 0.0000000333
46364 0.0000000312
46395 0.0000000301
46417 0.0000000249
46437 0.0000000224
46519 0.0000000214
46574 0.0000000170
46603 0.0000000164
46707 0.0000000144
46724 0.0000000101
46747 0.0000000094
46779 0.0000000081
46816 0.0000000066
46863 0.0000000063
46975 0.0000000044
47053 0.0000000036
47069 0.0000000035
47150 0.0000000025
47270 0.0000000024
47281 0.0000000019
47291 0.0000000016
47379 0.0000000012
47437 0.0000000011
47529 0.0000000010
47636 0.0000000009
47682 0.0000000009
47686 0.0000000007
47697 0.0000000007
47709 0.0000000006
47816 0.0000000005
47847 0.0000000003
48012 0.0000000002
48085 0.0000000002
48087 0.0000000002
48182 0.0000000002
48189 0.0000000002
48191 0.0000000001
48209 0.0000000001
48306 0.0000000001
48312 0.0000000001
48313 0.0000000001
48366 0.0000000001
48425 0.0000000001
48450 0.0000000001
48492 0.0000000001
48542 0.0000000000
48634 0.0000000000
48641 0.0000000000
48767 0.0000000000
48835 0.0000000000
48914 0.0000000000
48951 0.0000000000
48986 0.0000000000
49000 0.0000000000
49032 0.0000000000
49101 0.0000000000
49117 0.0000000000
49184 0.0000000000
49193 0.0000000000
49227 0.0000000000
49349 0.0000000000
49367 0.0000000000
49376 0.0000000000
49381 0.0000000000
49546 0.0000000000
49548 0.0000000000
49555 0.0000000000
49661 0.0000000000
49696 0.0000000000
49702 0.0000000000
49705 0.0000000000
49795 0.0000000000
49897 0.0000000000
49918 0.0000000000
49926 0.0000000000
50063 0.0000000000
50191 0.0000000000
50256 0.0000000000
50337 0.0000000000
50599 0.0000000000
50813 0.0000000000
51179 0.0000000000
evaluations raw_y
1 33870792.8801202849
2 32861248.6775410846
3 12561603.2566749826
17 5854474.7210347112
32 5374752.4442509664
38 2043293.7532721763
116 1224702.1674531468
227 937113.4217761500
233 894673.4766644493
273 889698.6951338013
409 699207.4041824774
444 667483.5761793141
458 601344.4748478284
554 471668.5202730441
627 469093.0318406605
697 366953.9063041047
842 330882.6529260688
890 286913.4162003449
948 262183.3140361111
990 252559.5173444781
1020 217373.0549527816
1039 205647.3299842145
1125 195786.7782513224
1149 195164.0091978017
1164 186396.0250619608
1180 182610.0608552890
1189 167327.9722335190
1237 160446.3070855133
1240 153114.1853489905
1281 145790.1284375202
1293 131703.7244594302
1510 130597.9731539626
1897 128264.8631014744
1909 113906.6959374348
1941 100668.0340502886
1958 94285.5664946339
2369 92601.6325231710
2392 90676.0817763280
2409 88918.4718025810
2482 88252.7136210133
2544 87577.7181666431
2599 84995.8761669398
2619 78034.5511026471
2714 74947.7008420618
2878 74569.4575079934
2938 74569.2858161785
3023 66122.7070669004
3258 62153.9905623330
3265 52623.3370872939
3360 50485.5092162552
3645 40974.0659696814
3994 39075.0719932268
4244 37776.1884286917
4251 33382.0872334440
4361 31445.5298204909
4709 29656.3829943838
4714 28487.6497968933
4755 25835.5011543606
4872 23615.8112071966
4919 22653.7296417790
4935 19239.4971836531
5207 17462.8830959883
5209 17285.6085881427
5379 16927.7731396037
5490 13707.1156201396
5617 11069.8833451281
6163 9836.5830851702
6164 9811.6234059169
6334 7898.3999666694
6399 7823.7169393980
6547 5988.6773396962
6549 5108.0858711580
7277 4701.9760768168
7491 4635.2748070333
7644 4625.3729950864
7738 4538.1049095530
7790 4426.5859265064
7866 4202.7702945000
7925 4094.7002506847
8080 4092.5574883012
8110 4029.6164642328
8164 4001.4103713154
8370 3971.5944962488
8488 3964.9917682108
8719 3912.2801917604
8830 3806.1234214039
8835 3717.5163262242
9026 3607.8245396940
9104 3574.5458572103
9234 3552.8239466328
9301 3509.7119750674
9482 3438.3032393199
9702 3425.6306739844
9755 3286.5545788373
9795 3266.2712562105
9865 3245.3723396756
10179 3222.1296845125
10290 3197.7596088682
10349 3169.6833873854
10395 3138.1126669948
10477 3096.0455475772
10755 3016.8267403211
10839 2944.6916901911
10993 2924.1440961034
11037 2914.0157404458
11040 2878.4338633680
11063 2768.7879050393
11347 2727.7136483908
11424 2714.4054874048
11500 2588.3959491207
11893 2587.1118638476
11919 2575.5321008662
11938 2387.8244460192
11995 2383.1767266261
12154 2297.2248607901
12196 2131.7408523035
12313 2026.1432342654
12635 2026.0268854600
12637 1885.3138675604
12769 1775.9057286886
13093 1682.6548680493
13184 1603.8101053774
13394 1504.6658256564
13570 1411.9315675120
13620 1351.7124454112
13714 1349.2453237161
13792 1211.1305957095
13847 1150.4247267244
13996 1124.3645240474
14053 1066.9373137770
14162 1003.9209541387
14177 950.4782520504
14369 939.8208187857
14376 931.3584770332
14385 891.4177307049
14452 851.5160786010
14520 756.1060887433
14693 704.5263758750
14857 669.1927817273
15502 668.1009789573
15558 655.9909041840
15746 655.7965207059
15768 650.6028965497
15876 644.7525384114
15909 628.7353294612
15957 617.9770960830
16074 616.6826828645
16076 598.7331369307
16166 589.7361886714
16195 583.8168247023
16313 568.2089296408
16687 554.5903800391
16922 552.5052778545
16991 548.3751843248
17005 531.8532564491
17024 524.0147655399
17103 500.8356518636
17455 487.9801649449
17773 477.5590259460
17784 475.2000603206
17820 452.7080899552
18059 449.3228943158
18341 438.8609055313
18369 433.2864893993
18535 422.4822338864
18552 421.3246418825
18566 416.1729230992
18659 412.6246143769
18748 412.1314414068
18765 409.1131664110
18770 408.2867699283
18881 401.8376538944
18989 397.7837624277
19160 394.3922577512
19185 384.9491584127
19347 383.9888788084
19377 363.1144874583
19425 360.1519544197
19464 349.9679897960
19581 344.3460889413
19875 344.0029904634
20033 342.8814101626
20042 342.6631950414
20064 337.8558101416
20083 320.8889775597
20242 319.8201358753
20265 298.6467297519
20298 295.8289583714
20901 274.7927783917
21013 257.4878571701
21104 254.4373977925
21174 250.8698020425
21252 248.0537998790
21264 247.1880568941
21350 243.0686771293
21353 225.5803634104
21354 222.8917984782
21435 221.5541808001
21452 194.1280817204
22069 192.0511594842
22076 189.6428773399
22133 186.8304129019
22229 182.4745311406
22362 182.2583001395
22404 176.8140322278
22474 175.8328925315
22582 175.7149316505
22599 174.8004355549
22610 173.3435437027
22613 169.3437586091
22763 167.8638126569
22842 163.2825257812
23151 162.6295131492
23235 161.0787121332
23312 161.0119778045
23381 160.4598492021
23433 158.8938343616
23570 158.3169978293
23598 157.6789383051
23688 155.1967416172
24018 155.0717736969
24022 154.1930863547
24186 154.0393078709
24194 153.9459016916
24282 152.7921414529
24390 151.0445936013
24572 150.9214608098
24658 149.2885333594
24831 147.3984522781
24886 143.6497844264
25048 143.3601905261
25139 139.8503518481
25293 135.3456329480
25673 132.9524999489
25789 129.2021573470
25872 127.4293795945
25979 125.5114131996
26024 113.6145579701
26246 112.8413748874
26327 107.0088982794
26894 103.9336792010
26922 99.1360126965
26949 94.3656151654
26976 89.7233299217
27187 88.1575231002
27308 79.2059879527
27453 78.0415655564
27514 77.5388042774
27709 73.9453894976
27910 73.8663230737
28002 63.4558348980
28290 57.5545359712
28700 57.0261060846
28732 55.8986664280
28736 54.3653056716
28796 53.6540807632
28834 52.2851750186
29003 51.8373214847
29076 51.0410970456
29172 50.5412656175
29198 50.2321755934
29367 50.1197526427
29391 50.0933266577
29396 50.0923656175
29414 49.3716730141
29585 48.4487071223
29788 48.1058376110
30030 48.0090791676
30119 47.3300971985
30373 46.9083679824
30383 46.8694393311
30563 46.8043179005
30597 46.7427205134
30614 46.5669398229
30647 45.7410841148
30828 44.9640100258
31026 43.8504415232
31466 43.5887031531
31549 43.4212411975
31606 42.6190223716
31649 42.1411218945
31752 41.3179620962
31761 40.9228712278
31847 40.6540887146
31925 40.4062070289
32029 39.5128648952
32088 39.3602439833
32211 37.5453416293
32248 37.2425532374
32477 36.9191905199
32487 36.2430052250
32685 36.1964311212
32698 35.7301165572
32742 32.6007408895
32905 32.0124183080
33193 31.5973896865
33219 30.9928707150
33318 30.6362337820
33345 30.4124519530
33349 27.7548980622
33501 26.5918121014
33770 25.1191273844
33937 24.5893017972
34064 23.8057647966
34126 23.6851286703
34221 23.6714474972
34230 23.5038534113
34246 23.4846785097
34284 22.9249142822
34326 21.2619411747
34432 20.8987301733
34581 20.8907800122
34582 20.7027680872
34600 20.5282766842
34617 20.0549523004
34647 19.9148891061
34751 19.7033566600
34763 19.2873865812
34880 19.1357180973
34883 18.8163298500
34907 18.4493411960
34967 17.6550331578
35146 17.5343097447
35346 16.6672687584
35384 16.1889832221
35472 15.3367087005
35600 14.1305806525
35611 13.7793969948
35779 13.1688282834
35819 12.5724329687
36021 12.5668615597
36036 12.1138554733
36060 10.8672400475
36186 10.7683057606
36212 9.8652860818
36374 9.7846973858
36433 9.1687836817
36468 9.1465871775
36480 8.7286534934
36507 8.6701751964
36515 8.3428706032
36520 8.2715926505
36610 8.0902998072
36617 7.2473751938
36716 7.1974740765
36777 7.1747201544
36781 7.1705547105
36792 7.1694062477
36829 6.9944730146
36843 6.9434406003
36922 6.6421870892
37112 6.2869651610
37134 6.1449996083
37236 5.9537470188
37360 5.9308769546
37477 5.7104783579
37596 5.7093944869
37639 5.6310287133
37644 5.6306019821
37756 5.5381337521
37762 5.4215594011
37943 5.4096160351
38090 5.3751008907
38114 5.3433839942
38116 5.3338985071
38237 5.3279051166
38259 5.3254003883
38277 5.2728986428
38306 5.2676251738
38379 5.2515062071
38420 5.2356358382
38442 5.2111078584
38483 5.1851134164
38509 5.1834521370
38557 5.1718770966
38576 5.1282112614
38601 5.1005283405
38823 5.0440614265
38922 5.0036482367
38951 4.9686937146
38967 4.9379291667
39237 4.9098489942
39291 4.8640350780
39328 4.8228966654
39356 4.6052192673
39399 4.5725323049
39410 4.4801590310
39526 4.4785850587
39549 4.4270123720
39577 4.0760037216
39764 4.0696842772
40054 3.5878831962
40125 3.4007546032
40217 2.4545418073
40411 1.9059528661
40577 1.8039072096
40579 1.7967228000
40595 1.6119532528
40639 1.4155336474
40772 1.1912043870
40925 1.1634255971
40939 1.0112426711
40972 0.9942732953
41029 0.9685006957
41043 0.6884734402
41121 0.5729357051
41210 0.4622382649
41415 0.4205947116
41456 0.3107279765
41459 0.3092365335
41498 0.2984303706
41549 0.2279521132
41603 0.1996519574
41647 0.1440744352
41817 0.1237677039
41827 0.1038457959
41894 0.0806859651
41937 0.0762096530
41964 0.0709028366
41974 0.0692306805
42063 0.0684579830
42136 0.0412119982
42234 0.0373633732
42240 0.0327044988
42323 0.0236069487
42386 0.0141015711
42535 0.0126478801
42641 0.0119513823
42719 0.0096529402
42748 0.0090121573
42760 0.0089736284
42781 0.0078423047
42825 0.0077657921
42840 0.0070215812
42845 0.0060971756
42893 0.0049336701
42914 0.0041547031
43026 0.0034325790
43041 0.0029264228
43144 0.0028595670
43203 0.0021722060
43223 0.0018759663
43265 0.0014833377
43381 0.0014177359
43388 0.0010637647
43447 0.0008498705
43532 0.0006753393
43564 0.0006397538
43609 0.0006213962
43620 0.0006201974
43653 0.0004133955
43759 0.0003075583
43776 0.0002843158
43791 0.0002803134
43843 0.0002528432
43885 0.0001896280
43944 0.0001615844
43982 0.0001555195
43998 0.0001492663
44029 0.0001416956
44107 0.0001399646
44108 0.0001322877
44111 0.0000970985
44168 0.0000960826
44186 0.0000776633
44225 0.0000724294
44234 0.0000636516
44243 0.0000598295
44247 0.0000398212
44401 0.0000347269
44433 0.0000286412
44437 0.0000189843
44651 0.0000188108
44657 0.0000176198
44690 0.0000132968
44733 0.0000106515
44747 0.0000105894
44825 0.0000070662
44833 0.0000070235
44927 0.0000068509
44929 0.0000060987
44992 0.0000055511
45038 0.0000054999
45071 0.0000047097
45101 0.0000040067
45155 0.0000038285
45164 0.0000031278
45234 0.0000025494
45243 0.0000022615
45247 0.0000018905
45256 0.0000018020
45285 0.0000014408
45446 0.0000011397
45497 0.0000010219
45558 0.0000009742
45580 0.0000006097
45700 0.0000003878
45747 0.0000003477
45905 0.0000002935
45910 0.0000002896
46005 0.0000002367
46048 0.0000001555
46105 0.0000001067
46279 0.0000000912
46282 0.0000000762
46355 0.0000000692
46453 0.0000000582
46473 0.0000000570
46511 0.0000000476
46571 0.0000000473
46589 0.0000000421
46610 0.0000000377
46645 0.0000000328
46653 0.0000000302
46750 0.0000000290
46760 0.0000000242
46783 0.0000000186
46852 0.0000000177
46881 0.0000000150
46983 0.0000000144
47005 0.0000000140
47011 0.0000000119
47016 0.0000000108
47062 0.0000000088
47125 0.0000000073
47130 0.0000000059
47151 0.0000000050
47234 0.0000000047
47262 0.0000000044
47306 0.0000000039
47363 0.0000000034
47428 0.0000000025
47544 0.0000000023
47565 0.0000000019
47653 0.0000000016
47705 0.0000000014
47733 0.0000000012
47756 0.0000000010
47761 0.0000000009
47815 0.0000000009
47890 0.0000000007
47957 0.0000000006
47972 0.0000000005
47977 0.0000000004
48023 0.0000000003
48225 0.0000000003
48227 0.0000000002
48313 0.0000000002
48348 0.0000000001
48400 0.0000000001
48456 0.0000000001
48494 0.0000000001
48528 0.0000000001
48565 0.0000000001
48575 0.0000000001
48578 0.0000000001
48630 0.0000000001
48791 0.0000000000
48820 0.0000000000
48936 0.0000000000
48951 0.0000000000
48963 0.0000000000
48977 0.0000000000
48987 0.0000000000
49118 0.0000000000
49137 0.0000000000
49200 0.0000000000
49219 0.0000000000
49229 0.0000000000
49263 0.0000000000
49403 0.0000000000
49417 0.0000000000
49563 0.0000000000
49649 0.0000000000
49659 0.0000000000
49688 0.0000000000
49723 0.0000000000
49738 0.0000000000
49817 0.0000000000
49822 0.0000000000
49942 0.0000000000
49958 0.0000000000
49962 0.0000000000
50027 0.0000000000
50109 0.0000000000
50125 0.0000000000
50150 0.0000000000
50190 0.0000000000
50260 0.0000000000
50408 0.0000000000
50460 0.0000000000
50721 0.0000000000
51168 0.0000000000
51451 0.0000000000
evaluations raw_y
1 21581252.7335394882
5 19138298.7533076666
9 13475600.2438058890
10 9870631.6166241989
22 9119987.4426242989
26 8046677.6259647794
27 7864343.4496868793
30 5724591.4152837871
31 1756309.5095772739
34 1343768.0740787571
135 1303592.4031144637
200 979833.8258043296
213 732764.4367377927
292 655207.6524066302
310 501364.0608217150
336 350393.2017806526
357 273735.0583776668
528 150930.6962224014
830 143429.0542562383
832 131719.0713813129
966 118636.0108052186
991 108746.4040130662
994 106291.4480109575
1012 96561.1811632606
1075 90083.7349067710
1077 89372.7464788493
1152 83270.8662072094
1281 81254.6121019381
1352 74280.6717399154
1456 67183.8029202075
1496 64545.6358889771
1535 60442.8372793577
1669 58192.8894324819
1697 55891.8761736402
1700 54724.0843462542
1817 48793.9451488552
2080 44923.0588249200
2281 43605.1279117573
2359 42995.1860405589
2931 37261.9859346442
3224 34325.4164376414
3270 33495.4780739975
3329 31110.5174664697
3862 29653.5572831141
3888 26116.1967488031
3963 25594.7640863842
4126 23849.8272481481
4243 23504.9447904830
4393 20396.6997760056
4456 20318.3216519831
4577 19143.8786155177
4688 19117.0174099485
5108 18459.1137715017
5405 18413.1680952035
5430 17631.9948392120
5483 17194.3834160318
5491 17153.0032054703
5535 16074.9817845995
5688 15590.5576287953
5842 14266.6786472032
6547 14225.6612060821
6562 14205.3751694994
6578 14077.9809406724
6590 13746.9323776977
6733 13428.8269123527
6734 13352.1608948845
6742 12986.1056094492
6808 12922.4211756984
6972 12913.7000612054
7054 11624.9375548819
7385 11466.2521322706
7392 11424.9448059352
7455 11354.5102302440
7465 10813.2038916665
7553 10704.9600814038
8067 10353.6363341629
8116 10192.2680079905
8239 8674.9410185800
8253 8400.9955854227
8433 8261.3913245889
8450 7874.6807915895
8522 7764.6168960621
8540 7060.9934109217
8816 7007.6086901964
8997 6929.6882223521
9089 6723.4624269574
9090 5864.2990239008
9129 5130.8691642995
9672 4877.6682399226
9796 4651.4584121897
9952 4458.9334388540
10123 4167.2200308072
10192 4010.5819395856
10329 3716.2610151623
10606 3672.7935519351
10781 3484.9222774453
10806 3397.5030565749
11203 3302.2901955690
11369 3156.0580432985
11562 3105.6126491258
11682 3101.8304380987
11741 2931.6898336268
11796 2839.2458715172
12194 2827.0580380213
12252 2731.5420217675
12700 2514.0036814348
13290 2334.1313699348
13601 2326.1670039798
13758 2313.0020386561
13799 2309.3382548474
13839 2301.3653821170
13873 2287.7517481768
13917 2265.9643561568
13933 2264.0917424419
13983 2263.5597319624
14015 2230.8761849417
14093 2207.7976544156
14170 2201.2346211095
14190 2200.1275520947
14218 2184.0304435437
14261 2164.8971289087
14302 2162.4054722937
14318 2156.6726649269
14349 2113.0285588747
14350 2107.3874741054
14423 2078.4865773463
14842 2053.8972812459
15120 2030.1950296254
15159 2007.4404507811
15174 1999.8902974751
15379 1972.2311299592
15446 1894.9300570481
15495 1891.1843194992
15612 1868.9250115886
15695 1817.9983831625
15853 1726.6365095083
15934 1694.4609016818
16303 1691.7031688526
16323 1665.0104797988
16353 1663.4279591089
16412 1649.9170054042
16552 1643.0986153429
16637 1628.8459082182
16649 1605.7796960610
16697 1605.7352883957
16730 1598.5944365362
16908 1592.2922821467
16913 1570.2132631491
16971 1526.8399905165
17158 1521.8693631949
17347 1495.7694203473
17383 1466.1427227835
17507 1461.1988592821
17512 1441.1048352492
17589 1408.5026911063
17767 1385.9093903454
17898 1332.0009755653
17911 1305.5129126142
18019 1239.7440121881
18399 1214.8139255102
18500 1189.9704417222
18611 1176.7983135545
18657 1175.5075689764
18732 1157.1067685279
18799 1140.0025076358
18807 1091.0448712135
18857 1069.8292493332
18882 980.0397035404
19112 974.1992409770
19191 957.2213609469
19303 914.3034865761
19751 784.6214530043
19851 723.0830656030
19977 712.3971225291
20157 649.5668602367
20327 627.5111025471
20391 622.8529032419
20428 617.6843309968
20459 606.5459968232
20549 534.8843178297
20706 518.9955803765
20710 517.2434449280
20866 485.0547673957
20958 464.6835841497
21099 452.0412826710
21102 447.2887540336
21122 403.1534899349
21170 392.2959908728
21248 375.8263086091
21293 361.7985210703
21402 350.7738827458
21441 347.7828878387
21449 345.6523542043
21473 331.7755245069
21574 330.3651260713
21638 319.0283351002
21655 312.8637020124
21683 311.3530344736
21775 305.3303673160
22042 304.6749241709
22066 304.2147557022
22123 303.7886967895
22151 300.5408217032
22258 293.7882622713
22302 289.3807723392
22346 285.5749936183
22554 282.5069330053
22776 282.0794248606
22848 276.5465882202
22936 274.2639136775
22942 271.3267780165
22975 266.8994987239
23056 257.4635306681
23225 256.6020159343
23241 254.1550702076
23393 250.9390655325
23409 242.5789356615
23742 236.6954430943
23885 225.9350635181
23893 224.3174588322
23928 223.1976309392
23985 202.6437279477
24133 185.2366003972
24550 172.3344114905
24615 171.2227970729
24646 170.7717525201
24650 168.7464873044
24659 147.5016451192
24708 144.9731416047
24850 137.1085538390
24880 135.0833510378
24949 130.3232541317
24957 127.0111690484
24958 122.5982313023
24998 120.3370927117
25160 120.3200896817
25204 117.2127099523
25248 115.5694872022
25370 104.6737264886
25498 103.4350420627
25577 100.5932688570
25704 100.2307015719
25772 98.2589606687
25801 93.5750743343
25862 91.1569153170
26130 91.1279327711
26156 90.3614806390
26162 85.0598306972
26554 83.2786553009
26607 78.9614886912
26690 74.6358359735
27057 73.9651380184
27126 71.9543404456
27139 69.7086391931
27344 66.8460460321
27467 66.0728461869
27565 65.9468829796
27575 65.4778311697
27591 60.2914452090
27983 60.2063584846
27990 55.9752301931
28129 54.4633518681
28209 52.3762232312
28596 52.2616803188
28726 51.3320727044
28727 50.6909716630
28854 50.1033190490
28859 47.0346658776
29003 46.0853393271
29287 45.3596786180
29371 45.0878324986
29382 43.6343122845
29482 43.3368715725
29486 42.6762551026
29810 42.3844807663
29896 41.8307113246
29902 41.1243750638
30441 40.8361355009
30444 40.8055034905
30462 39.9240940147
30511 39.9227340217
30515 38.7201634326
30521 38.1121906699
30697 37.8667077383
30756 36.9724194207
30845 36.5818416697
30896 36.1940500062
30934 35.4696975530
31038 33.7059442471
31361 33.2103060618
31486 32.0871786096
31538 31.5280615242
31612 31.4109835486
31647 28.5042237132
32189 28.3265282100
32244 27.9907124265
32323 27.4939470193
32403 27.0552288436
32406 27.0494455021
32444 26.9326503054
32458 26.3169797915
32548 26.1030930256
32618 25.7600820303
32631 25.6084696650
32764 25.5928826654
32799 25.3466946868
32886 24.5224924667
33350 24.1952826537
33578 24.1231790015
33617 24.1183878170
33638 23.9398747055
33641 23.7114953006
33784 23.7069721296
33815 23.6913258459
33863 23.6444617756
33865 23.4738477560
33903 23.4113079549
33922 23.3425457516
33946 23.2934302145
33953 23.2347160192
33965 23.2204193795
33971 23.0664492633
34001 22.7597559255
34068 22.6252817999
34134 21.9849770391
34254 21.7304491793
34493 20.4333345683
34497 20.4120697994
34654 19.7328134689
34865 18.9215975975
34884 17.6038426978
35157 17.4485136911
35159 17.3307617525
35217 16.4687285841
35224 15.8265157867
35398 15.2523716720
35449 14.9055425616
35551 14.2347424358
35674 13.8742418254
35708 12.8681072483
35902 12.8140002494
36068 12.3697313438
36220 12.0550318714
36297 10.7016068200
36464 10.4252296417
36566 10.0104146061
36738 9.8754395926
36800 9.8545824972
36815 9.8069242265
36828 9.7766656070
36839 9.6908444056
36917 9.6637214304
36944 9.6007995357
36954 9.5849222987
36968 9.3747607627
36997 9.3189055024
37076 9.2728505215
37130 9.2101382112
37134 9.1460454953
37222 9.1310200322
37326 9.0713967124
37402 9.0686398078
37525 9.0388218490
37718 9.0080398231
37778 8.9675318340
37793 8.9089894900
38066 8.8210191977
38122 8.7818990148
38183 8.7105956941
38199 8.6981008808
38249 8.6302822464
38446 8.5510986752
38699 8.5494838556
38702 8.4812857873
38726 8.4548113708
38880 8.4333816791
38887 8.3994296547
38908 8.3456278353
38920 8.2700374003
38999 8.1365382165
39003 7.9650705226
39056 7.9192127195
39086 7.8448315846
39257 7.7023079441
39695 7.4083352469
39764 6.6363629061
39787 6.5350088011
39840 6.4698835369
39995 6.4420507730
40044 5.0735582848
40326 4.3858725362
40459 4.3828793564
40582 3.8384688558
40716 3.7833433581
40825 3.2226437998
40914 2.9963012232
40953 2.1743470842
41143 1.9566083884
41200 1.4742341393
41297 1.4021816409
41326 1.1704794164
41344 1.1425796118
41358 1.0928138981
41388 0.8624747098
41514 0.5652490076
41598 0.5331904584
41735 0.3923650141
41828 0.3205817107
41912 0.2797900185
41946 0.1841800305
41947 0.1661669291
42074 0.1586012269
42192 0.0934894721
42379 0.0620556230
42470 0.0617958361
42483 0.0595306351
42580 0.0539304719
42600 0.0402349570
42650 0.0315346436
42726 0.0296990079
42737 0.0291522718
42745 0.0281223851
42758 0.0267341276
42809 0.0214256511
42877 0.0166186738
42956 0.0165356647
42983 0.0138039131
43042 0.0084513574
43151 0.0081251231
43198 0.0070993480
43219 0.0051987865
43340 0.0048084150
43416 0.0042801308
43463 0.0039320529
43478 0.0034737700
43519 0.0031870383
43530 0.0023381068
43633 0.0020642379
43658 0.0017384928
43685 0.0015050905
43705 0.0012797025
43798 0.0010945996
43839 0.0009640960
43867 0.0009477993
43880 0.0008336594
43995 0.0007955053
43999 0.0007396598
44016 0.0006244640
44066 0.0005757503
44089 0.0005667023
44119 0.0005460470
44120 0.0005178878
44124 0.0004857369
44130 0.0004849899
44142 0.0004126482
44178 0.0003590087
44214 0.0003527846
44274 0.0002935958
44281 0.0002106659
44434 0.0001761725
44503 0.0001648939
44526 0.0001231801
44616 0.0000849689
44751 0.0000492577
44921 0.0000374948
45124 0.0000372535
45176 0.0000330224
45214 0.0000311592
45223 0.0000286387
45224 0.0000256746
45245 0.0000165498
45368 0.0000143202
45425 0.0000141118
45466 0.0000137261
45479 0.0000130706
45504 0.0000116589
45521 0.0000115351
45544 0.0000090510
45577 0.0000084447
45580 0.0000073759
45592 0.0000066629
45684 0.0000056985
45719 0.0000056663
45738 0.0000047457
45792 0.0000033965
45858 0.0000033288
45901 0.0000027590
46019 0.0000019993
46064 0.0000018872
46066 0.0000018819
46100 0.0000017617
46140 0.0000013771
46214 0.0000011682
46231 0.0000011519
46256 0.0000011364
46272 0.0000010801
46319 0.0000010367
46324 0.0000006640
46447 0.0000005784
46470 0.0000004425
46596 0.0000003853
46604 0.0000003680
46670 0.0000003565
46684 0.0000003556
46687 0.0000002813
46748 0.0000001727
46838 0.0000001702
46857 0.0000001362
46936 0.0000000992
47060 0.0000000836
47154 0.0000000789
47158 0.0000000739
47201 0.0000000715
47243 0.0000000579
47272 0.0000000485
47347 0.0000000414
47358 0.0000000261
47420 0.0000000200
47577 0.0000000172
47606 0.0000000112
47726 0.0000000103
47734 0.0000000083
47738 0.0000000058
47794 0.0000000054
47913 0.0000000050
48035 0.0000000048
48073 0.0000000046
48087 0.0000000046
48143 0.0000000042
48148 0.0000000039
48158 0.0000000032
48228 0.0000000020
48297 0.0000000018
48317 0.0000000014
48478 0.0000000013
48535 0.0000000012
48540 0.0000000009
48567 0.0000000005
48637 0.0000000005
48674 0.0000000003
48898 0.0000000003
48906 0.0000000002
48936 0.0000000001
48950 0.0000000001
49090 0.0000000001
49091 0.0000000001
49102 0.0000000001
49104 0.0000000001
49199 0.0000000001
49204 0.0000000001
49255 0.0000000001
49275 0.0000000001
49278 0.0000000001
49385 0.0000000001
49410 0.0000000001
49425 0.0000000001
49428 0.0000000000
49496 0.0000000000
49612 0.0000000000
49620 0.0000000000
49624 0.0000000000
49704 0.0000000000
49714 0.0000000000
50059 0.0000000000
50095 0.0000000000
50228 0.0000000000
50265 0.0000000000
50311 0.0000000000
50322 0.0000000000
50345 0.0000000000
50389 0.0000000000
50428 0.0000000000
50465 0.0000000000
50535 0.0000000000
50600 0.0000000000
50606 0.0000000000
50628 0.0000000000
50676 0.0000000000
50855 0.0000000000
50862 0.0000000000
50920 0.0000000000
50942 0.0000000000
50993 0.0000000000
51092 0.0000000000
51099 0.0000000000
51105 0.0000000000
51123 0.0000000000
51220 0.0000000000
51262 0.0000000000
51369 0.0000000000
51490 0.0000000000
51513 0.0000000000
51674 0.0000000000
51710 0.0000000000
51934 0.0000000000
52271 0.0000000000
52478 0.0000000000
evaluations raw_y
1 41145086.4478248060
3 26351090.4527538270
16 15365712.5083249565
18 12569459.7269081492
20 9844542.3823473975
26 5852016.2297026636
35 4081826.2139264620
46 3388173.7943897648
52 1088118.3114989831
94 696186.5242950410
125 430257.9836633634
237 116465.1782186315
751 89891.8130384986
1157 65150.9172827349
1177 62611.9194377927
1313 61847.1748983928
1341 56172.1001019545
1417 53060.0261109641
1443 52287.1520441250
1466 50325.4674212717
1658 43884.1446908031
1741 42193.5501940824
1865 40217.4355359948
1967 39649.3444443543
2110 39078.9449548515
2229 38638.4221697097
2277 38338.8479928410
2293 32533.2960050656
2542 31146.5993949775
2628 30430.5501443104
2887 29549.3132496392
3023 29372.6410010515
3102 28395.8159039445
3148 27312.4974038576
3203 26908.9138535878
3213 26849.4384343229
3560 24170.4579917394
3944 22596.5713940069
4315 21022.1976372467
4340 20858.1517068630
4438 20570.1351064321
4546 19995.0633197649
4569 19955.5770644904
4575 19870.4491088128
4622 19806.7395555432
4760 19773.9605283300
4764 18103.1272034142
5115 17807.5091360737
5122 17423.5461614800
5186 17318.9782498602
5378 16970.0437545488
5439 16763.2721381137
5525 16434.3587265455
5539 15736.6061458433
5788 15393.0826648376
5885 14914.2093311859
6160 14700.7910521107
6358 13944.6833022901
6572 13789.9375553839
6735 13577.8182999730
6838 13181.6410895946
6965 13055.5237841565
7099 13033.7806833299
7230 12932.9351681307
7244 12878.0119814474
7273 12402.2304906908
7286 12182.7934339437
7445 11832.4959548807
7617 11575.8799756375
7686 11036.3007710170
7799 11026.8181868999
7943 10975.4798706192
8069 10444.0132349051
8814 9234.0554010023
9177 8822.8146724106
9449 8472.0801689045
9480 8359.8531249755
9481 7989.6139217784
9710 7957.6488280465
9832 7676.2965754983
10139 7558.4392375545
10212 7549.5510990520
10299 7377.3286428552
10486 7157.5402702742
10489 6742.6757763827
10819 6688.4925907421
10966 6156.2462529547
11090 6143.2804826250
11111 5877.5829771890
11151 5506.0028463882
11433 5339.7377027523
11567 4929.4765381897
11708 4683.3273232730
11770 4585.2431566044
11947 4447.8809462494
12004 4393.9733008547
12032 3767.1355152936
12275 3270.3023649324
12558 2891.2668126177
12912 2740.6099270278
12946 2614.5719366185
13193 2519.9621399826
13205 2493.8837602010
13217 2369.1432673036
13293 2354.4695686121
13429 2068.7498737980
13846 1396.7106239532
14385 1377.7508722422
14545 1183.7478455624
14708 881.8070121273
14968 840.7338825657
15014 818.9156568843
15181 743.2282239552
15233 718.9100796617
15346 575.8588950843
15503 555.1509147764
15671 552.5925363633
15835 490.0194527314
15885 470.7113667077
15918 437.3963465758
15988 430.0020247274
16083 414.5545292216
16085 387.7166525117
16101 383.1292715517
16175 353.8022996717
16248 308.0446194538
16811 287.8039366207
16825 287.0832866157
16889 259.4149423582
17279 250.7683925154
17307 248.4270402274
17365 244.7968913083
17371 221.9404527381
17604 218.9574387393
17789 215.8417342032
17819 204.6930156281
17826 203.9204607547
17907 192.7565066754
18044 191.3113322874
18066 184.1357777131
18088 183.3239677458
18096 176.5450719729
18186 160.4312826442
18425 150.6404178692
18575 144.6757376138
18890 135.0059536173
19160 125.5161881488
19352 124.9702829785
19355 123.0937893573
19383 119.6015338772
19434 117.8373727654
19488 117.5167990432
19590 114.1598146884
19663 113.0958703805
19994 111.3824449590
20073 111.2644589900
20155 110.0359550515
20187 108.6857204160
20307 108.0682982845
20468 107.7155160367
20473 107.6802929365
20541 107.4352359798
20562 107.2322673485
20567 107.0921053171
20574 106.5164929116
20643 105.5814507798
20806 105.0652321639
20829 104.4632763044
21022 103.1919132582
21113 102.6940211425
21121 101.9747592108
21169 101.9672339186
21192 101.8744725536
21235 101.6961838065
21250 100.9601698904
21325 99.8551393838
21358 98.0648859873
21363 97.1600077123
21515 93.6284948415
21615 91.2769736933
21651 90.2863274653
21862 89.4284829844
22297 84.6005396142
22364 83.7257587692
22402 83.0491354987
22413 76.0940762273
22549 75.9432900839
22602 70.0752559460
22807 63.3695386677
22961 62.4034180188
22983 60.8701032861
23211 57.8786735235
23484 56.4972026574
23916 56.4537114295
23931 56.2594144622
23969 55.3615703493
23997 55.0034275036
24027 51.7902346398
24145 50.0826460901
24290 49.7013981783
24301 49.0463148904
24349 47.1494557671
24462 45.9318941805
24615 45.8390838615
24640 45.1623437625
24671 44.9396213082
24724 44.6944476028
24742 43.2044698803
24785 43.0387200198
24821 41.2487997493
24840 40.2129346032
24968 40.2065824452
25077 39.9177622822
25302 39.3625450089
25637 39.0150065117
25680 37.5251131994
25711 36.6584568900
25775 36.4288697697
25782 36.2796924010
25849 35.7723848686
25988 35.4083641698
26079 35.1100576918
26204 33.4322821224
26300 33.2768827458
26463 32.4273868448
26525 32.0663643944
26559 31.9340517692
26611 31.8464950895
26615 31.7207802789
26622 31.6491971439
26635 30.6871720656
26728 30.4789584377
26768 30.3815946635
26824 29.7546121292
26863 29.6351329941
27240 29.0572392854
27357 29.0341160485
27426 28.4627597646
27472 27.4228290296
27506 26.5354834763
27658 26.3991307807
27692 25.9521419676
27873 25.2737705686
28078 21.8632734285
28209 20.9902156531
28406 19.1050540198
28840 18.7743701972
28842 18.7029361188
28895 18.5653516333
28946 18.4543642645
28986 18.0926804348
28999 18.0113243634
29012 17.5139082331
29192 17.3304587526
29240 16.9997778187
29400 16.8320715930
29423 16.6498011096
29594 16.6253068786
29708 16.6174786422
29709 16.5072961472
29738 16.3477865186
29886 16.2233895353
29976 16.1604840885
30039 16.0980299642
30046 16.0263018655
30099 15.8693382289
30382 15.5824789675
30715 15.4179170417
30872 15.4156372712
31035 15.1519782233
31187 14.8243836883
31242 14.2142945879
31323 14.1910020783
31330 14.1177231033
31334 14.0286392308
31384 13.5615728473
31715 13.4479275108
31730 13.1960103715
31836 13.1825572702
31838 13.1485452310
31858 12.8934405940
31861 12.7325335738
31955 12.5763106288
32257 12.2503520749
32466 11.4621911810
32545 11.1105674587
32625 11.0932032346
32870 10.8306838435
32914 10.7004401953
32977 10.4577431046
33096 10.3191942530
33136 10.1357950731
33266 10.0362990218
33289 9.8330901708
33324 9.3519578703
33367 9.3026582518
33378 9.2163950045
33391 9.0307614984
33486 8.6631059124
33511 8.4465716606
33630 8.1951093383
33674 7.9483986922
33768 7.9172822152
33872 7.5371948474
33946 7.4011692896
34165 7.3419218765
34218 7.3092407895
34252 7.0663504251
34310 6.8891518844
34398 6.8318579122
34620 6.8267390720
34656 6.6526570632
34758 6.5461074549
34976 6.4226511495
35149 6.3346408502
35180 6.2956007035
35828 6.1654003587
35939 6.0646112116
35948 5.9927319984
35996 5.9776990113
36040 5.9487689097
36045 5.8069419239
36075 5.7505418147
36262 5.6110195860
36378 5.2464803628
36752 5.1388311647
37218 4.8573993139
37319 4.7316145640
37404 4.6652634895
37406 4.6083305445
37486 4.4466523722
37502 4.3174246563
37569 4.2805724892
37595 4.0929925964
37726 3.8835905900
37771 3.8191162557
37843 3.7356375670
38301 3.6735125924
38396 3.3591463097
38501 3.3587557872
38853 3.2894184023
39013 3.2652618446
39228 2.9845547991
39278 2.3188945395
39656 1.8282413471
39879 1.4856637415
40063 1.4387321615
40067 1.2814499349
40284 1.1492225753
40343 1.1433495346
40377 1.0106914685
40420 0.9392609833
40496 0.8850284891
40619 0.7618511007
40648 0.7576667832
40741 0.5716802993
40934 0.5138795263
40988 0.3639850786
41038 0.3499134016
41068 0.2780202021
41174 0.2593753887
41180 0.2552825332
41200 0.1370299326
41392 0.1194675545
41424 0.0874469881
41558 0.0755790219
41612 0.0659286973
41656 0.0387231766
41836 0.0334329808
41903 0.0268944242
42045 0.0247705051
42088 0.0195928826
42169 0.0158991190
42178 0.0158712489
42219 0.0149450318
42249 0.0106151644
42332 0.0077664385
42395 0.0058271131
42628 0.0042296731
42728 0.0042188160
42751 0.0032554193
42769 0.0029518837
42834 0.0023681259
42946 0.0021828367
43002 0.0018799889
43035 0.0016502124
43047 0.0014936897
43050 0.0012008139
43060 0.0011498754
43093 0.0011237165
43138 0.0009108357
43171 0.0008721279
43274 0.0008286451
43278 0.0007814835
43293 0.0007726657
43312 0.0005735022
43397 0.0005584983
43438 0.0005413410
43443 0.0005194206
43456 0.0005141808
43491 0.0004518507
43507 0.0003041854
43560 0.0003008657
43598 0.0002627644
43651 0.0002413412
43662 0.0002067065
43714 0.0001552334
43740 0.0001485061
43768 0.0001221960
43821 0.0000898781
43869 0.0000868089
43894 0.0000747279
43953 0.0000692724
43980 0.0000651814
44007 0.0000402546
44234 0.0000253521
44243 0.0000207797
44421 0.0000172138
44441 0.0000169115
44520 0.0000143562
44616 0.0000132999
44649 0.0000118426
44660 0.0000095675
44771 0.0000080493
44841 0.0000059748
44842 0.0000053286
44938 0.0000040008
45073 0.0000038942
45098 0.0000035318
45110 0.0000031562
45111 0.0000028364
45173 0.0000026987
45190 0.0000025311
45197 0.0000021636
45265 0.0000014925
45315 0.0000013341
45455 0.0000011978
45498 0.0000010748
45506 0.0000010734
45531 0.0000009788
45537 0.0000007603
45552 0.0000005540
45679 0.0000004558
45756 0.0000003440
45777 0.0000002964
45901 0.0000002042
46057 0.0000001781
46114 0.0000000867
46288 0.0000000749
46330 0.0000000631
46381 0.0000000539
46446 0.0000000530
46520 0.0000000479
46536 0.0000000457
46544 0.0000000397
46594 0.0000000356
46619 0.0000000268
46662 0.0000000135
46792 0.0000000111
46992 0.0000000089
47000 0.0000000081
47025 0.0000000080
47071 0.0000000072
47078 0.0000000066
47092 0.0000000058
47134 0.0000000045
47160 0.0000000027
47353 0.0000000022
47416 0.0000000022
47456 0.0000000021
47482 0.0000000018
47553 0.0000000018
47609 0.0000000013
47645 0.0000000009
47714 0.0000000008
47742 0.0000000005
47892 0.0000000005
47899 0.0000000004
47930 0.0000000003
47986 0.0000000003
48084 0.0000000003
48130 0.0000000002
48132 0.0000000002
48233 0.0000000001
48350 0.0000000001
48409 0.0000000001
48465 0.0000000001
48537 0.0000000001
48587 0.0000000000
48720 0.0000000000
48800 0.0000000000
48812 0.0000000000
48829 0.0000000000
48918 0.0000000000
48945 0.0000000000
48972 0.0000000000
48976 0.0000000000
49065 0.0000000000
49127 0.0000000000
49173 0.0000000000
49209 0.0000000000
49228 0.0000000000
49272 0.0000000000
49426 0.0000000000
49577 0.0000000000
49668 0.0000000000
49750 0.0000000000
49762 0.0000000000
49775 0.0000000000
49785 0.0000000000
49831 0.0000000000
49893 0.0000000000
49922 0.0000000000
49927 0.0000000000
49934 0.0000000000
49942 0.0000000000
49944 0.0000000000
50013 0.0000000000
50091 0.0000000000
50121 0.0000000000
50134 0.0000000000
50188 0.0000000000
50199 0.0000000000
50269 0.0000000000
50382 0.0000000000
50417 0.0000000000
50598 0.0000000000
50644 0.0000000000
50811 0.0000000000
50980 0.0000000000
51467 0.0000000000
51527 0.0000000000
evaluations raw_y
1 43559257.4177830741
2 3795004.3409208050
8 3510573.1579550696
22 2639136.1850502058
30 2065600.1099743175
47 589987.2328043913
58 533482.6901836998
422 516683.7397066442
447 296980.7438326870
495 190202.6097003694
935 179923.1494025876
963 133123.2873890636
1005 131913.4997863796
1013 130800.9490090904
1117 97360.7280045517
1232 77807.2936075438
1292 68848.5601348220
1362 66112.8119887996
1535 53122.8884745714
1731 50586.2359148831
1828 49218.7075470820
1841 43611.7032372326
1938 32861.0695586703
2666 29526.9181117326
2862 24410.1785000291
3209 24330.9339788821
3401 23465.0509112253
3479 22859.6720003910
3480 21316.4488895009
3656 20652.8243267219
3902 20172.1317549897
4310 19995.3581444834
4447 19141.5811041053
4462 18722.1721035108
4533 18603.0941369349
4833 18439.2741820525
4838 17591.3313586285
4980 17026.4981492701
5069 16653.3408760748
5226 16448.9666791129
5258 15172.6264907226
5436 14753.4625394592
5605 14724.5904311750
5625 13974.5686861756
5795 13677.6506241057
5867 13109.5319110330
6164 12542.2603274643
6224 12486.6321433965
6526 11635.6424819039
6600 11402.1199755581
6866 11140.2299542552
6997 10308.2170870332
7072 9596.8914874483
7260 8756.8143339136
7545 8413.9378787572
7546 8315.2437625038
7671 8242.1383491926
7675 8239.2872347806
7745 7848.3898346420
7818 7756.6920342395
7952 7750.0736471460
7966 7435.4729481726
8036 6988.8414338377
8100 6919.7705884036
8260 6177.1102988876
8330 5956.8115536894
8821 5748.4875864711
8844 5445.0879127669
8934 5236.6276350013
9132 4949.7407390198
9174 4926.2013675367
9325 4844.6852781069
9341 4655.6835319435
9717 4343.4333724415
9796 3633.1850639066
10171 3584.9483962685
10207 3581.7417782499
10209 3542.3500517716
10267 3277.0431695018
10388 2608.3227550177
10529 2383.6447341484
11248 2308.4322192609
11432 1891.2154850644
11513 1705.8936700785
11590 1595.5667659900
11899 1524.2848340250
11956 1478.1053030855
11997 1343.3004795112
12009 1298.8596897451
12101 1248.4370383102
12237 1145.1594015624
12353 1139.0455350078
12452 1060.5442831596
12544 988.3573323616
12906 942.5190899791
12958 892.1492271981
13136 851.6853499304
13173 839.2198273520
13362 805.9471361006
13404 799.9482800897
13415 785.0369553471
13441 782.3462473560
13486 774.8268225325
13499 660.5868373564
13585 657.5477572905
13832 652.3651027462
13876 570.8753822291
14123 515.1093923564
14208 505.7000360201
14389 503.2113594772
14445 500.8338991916
14617 498.3122964365
14768 494.9463941270
14779 494.7858737520
14809 487.3128562031
14884 485.9364792096
15014 479.4581254036
15132 475.2015776693
15235 471.7492529097
15341 469.8514618986
15399 465.0791329271
15566 464.6650345174
15586 463.7131048645
15683 461.1585754248
15796 461.1193935103
15816 458.9154177683
15864 454.7742766343
15886 454.3865779781
15903 449.3941858270
16166 446.0357957557
16362 444.5770995403
16396 440.0057069209
16424 438.4610735878
16453 435.8729952141
16484 424.5970801253
16705 408.7426089399
16830 394.0472337902
17106 390.0970466571
17713 373.1506805637
17716 347.5282220506
17764 333.9310681729
18137 332.6490352427
18147 330.6432739293
18172 325.3516230341
18182 309.9582684104
18190 302.5512820739
18296 275.3879994572
18966 254.4865235700
19424 252.6761110730
19485 242.1014001010
19684 233.9677528705
19856 228.8508161522
20185 225.1759052322
20346 221.5521848202
20492 220.6320043254
20514 217.0695760458
20556 215.9123435028
20606 212.1281454216
20649 207.7331247613
20804 207.5034330737
20828 204.8838401241
21013 204.3151447324
21025 203.2606880656
21064 199.3376541124
21251 193.0040787728
21446 184.0410536924
21590 182.0040611946
21711 180.7639829463
21799 177.3561701646
21939 176.7032471319
21965 163.5409611705
22144 163.0144592087
22377 156.9564048746
22499 155.0813566751
22627 146.7509782025
22930 145.8442947273
22982 144.3565293652
23035 143.7466776613
23106 143.0844340303
23169 142.2927141302
23211 141.9517545745
23220 141.5305855026
23288 141.4745582112
23311 138.5031604709
23453 135.4170339586
23459 134.0409734133
23615 131.4132322380
23747 130.4917081443
23925 128.7272400789
23956 127.9863170469
24070 125.7802064105
24184 123.3774254108
24362 122.9918424320
24428 120.1490558644
24605 119.1144360484
24639 118.9389677361
24674 117.5283818545
24723 116.4910809066
24738 115.9660736308
24794 114.8843454473
25011 113.5641215540
25212 113.2831092379
25275 113.2440725133
25351 111.7608800716
25400 111.5498311000
25440 109.8740066090
25511 109.4262726221
25582 108.8088239288
25705 108.6452361965
25736 108.2025705507
25903 107.9448867409
25950 107.7256030362
26016 106.7638090849
26066 105.1327751451
26225 104.6464762271
26359 103.5338309623
26416 102.5063640357
26573 100.3562667766
26772 100.0742596794
26782 99.4161029187
26867 99.0870410000
26914 98.0897530937
26967 96.6032524480
27140 95.8017782343
27203 93.1435248068
27453 92.5948026857
27566 91.0157896566
27629 90.6616726613
27745 90.4539197950
27758 90.2762246317
27770 84.3223801144
27844 81.5217643666
28049 81.3625338856
28080 80.4621834990
28177 77.4387290022
28389 67.5736999491
28468 67.5281020565
28492 61.7379158554
28697 56.4579160824
29299 53.6161855147
29304 41.0487540121
29553 35.8470750283
29718 35.0571570174
29758 30.6634763826
29795 26.0149944915
29915 24.7555528512
29934 21.8347208566
30011 18.8070909649
30146 18.7999983454
30171 18.2784308608
30205 16.5859447357
30378 16.4740534635
30454 16.3742529120
30455 16.1041823856
30541 16.0079744936
30633 15.8976966838
30640 15.8316223286
30658 15.7178884735
30663 15.2017028746
30688 14.8683314280
30771 14.6528696076
30797 14.1988597136
30869 14.0852464665
30886 13.8499164573
31000 13.5012701537
31232 13.4917334114
31324 13.2574167588
31332 13.2153195729
31409 13.1776914103
31419 13.0164116112
31458 12.9207071515
31471 12.8571312378
31492 12.7560307844
31631 12.4792675800
31717 12.2328121637
31741 12.1934101046
31793 11.9406176937
31978 11.0990267961
32205 10.8763287151
32357 10.6415656572
32666 10.3623733967
32720 9.0207183988
32788 8.6055358384
32977 8.4339982066
33060 8.1566223721
33111 7.8834998526
33170 6.0829181218
33412 5.7217046431
33457 5.7016445193
33510 5.3524504862
33537 5.1714694077
33544 5.0219539264
33560 4.6387264760
33747 4.2897286318
33846 4.2406861770
33905 4.0497169753
34019 3.9372208514
34026 3.6101831483
34182 3.2773630157
34575 3.1188452168
34613 3.0291548431
34816 2.8872958759
34824 2.7518923602
34879 2.6586326639
34928 2.4634027924
34930 2.4316554927
34935 2.4315585371
34980 2.4059304965
35025 2.3106710084
35117 2.2816228128
35126 2.2002803092
35128 2.1669384750
35165 2.1554782058
35220 1.8747191495
35269 1.8595769883
35303 1.7011300484
35434 1.6954180816
35443 1.6857278652
35488 1.6719782210
35508 1.6014287196
35544 1.4657875918
35721 1.4475447195
35907 1.4262957170
35998 1.3563908102
36113 1.2425992727
36347 1.1489327243
36437 1.1306119059
36610 1.1116664270
36767 1.0694796653
36855 1.0373210001
36909 0.9951424313
36942 0.9933255250
37017 0.9428637189
37120 0.8831474138
37294 0.8619315902
37320 0.8493291745
37343 0.8039481281
37436 0.7940856664
37496 0.7690451955
37537 0.7291702267
37709 0.6919468387
37726 0.6909500741
37785 0.6823082735
37934 0.6725700446
38015 0.6651269873
38018 0.6449006905
38145 0.6338097444
38243 0.6221937350
38268 0.6087336518
38488 0.6045468273
38573 0.5761449297
38799 0.5671989105
38824 0.5429310302
38836 0.5369310265
38868 0.5368095051
38891 0.5199553069
39121 0.5045540460
39213 0.4735717032
39300 0.4228136909
39953 0.4143847181
40090 0.2348633401
40308 0.2127731199
40327 0.2026632271
40363 0.2005402837
40374 0.1962258986
40379 0.1419616517
40495 0.1010024883
40524 0.0796630236
40707 0.0791546617
40718 0.0578260921
40732 0.0515445614
40822 0.0480956570
40829 0.0373514705
40925 0.0334433378
40929 0.0262552094
40962 0.0243721622
41095 0.0216108785
41121 0.0209833909
41128 0.0121990450
41349 0.0091275594
41542 0.0090689507
41589 0.0083894699
41603 0.0047304172
41748 0.0040951320
41844 0.0040101490
41856 0.0030375984
41947 0.0021399419
42045 0.0019970099
42063 0.0016300672
42214 0.0013517878
42215 0.0011691275
42310 0.0008213188
42316 0.0008109619
42438 0.0006805238
42482 0.0004317276
42624 0.0004069160
42695 0.0003255023
42785 0.0001640165
43007 0.0001382517
43017 0.0001131745
43071 0.0001054571
43088 0.0000907469
43160 0.0000863453
43161 0.0000737514
43195 0.0000576688
43293 0.0000351620
43312 0.0000261904
43538 0.0000251705
43539 0.0000250447
43642 0.0000235582
43656 0.0000234255
43661 0.0000206000
43704 0.0000138929
43717 0.0000124470
43824 0.0000096006
43828 0.0000081886
43956 0.0000045188
43990 0.0000044251
44117 0.0000043752
44144 0.0000039771
44173 0.0000037473
44175 0.0000027639
44249 0.0000025573
44272 0.0000024685
44275 0.0000023394
44308 0.0000022678
44342 0.0000018850
44350 0.0000018020
44380 0.0000016046
44434 0.0000012828
44510 0.0000012799
44538 0.0000012098
44588 0.0000010036
44639 0.0000007730
44703 0.0000006633
44775 0.0000005473
44788 0.0000004421
44831 0.0000003232
44835 0.0000002753
44916 0.0000002430
45005 0.0000002195
45019 0.0000002132
45044 0.0000001855
45051 0.0000001855
45096 0.0000001642
45141 0.0000001544
45145 0.0000001455
45165 0.0000000881
45174 0.0000000658
45406 0.0000000656
45429 0.0000000544
45503 0.0000000510
45567 0.0000000497
45601 0.0000000483
45605 0.0000000458
45609 0.0000000414
45623 0.0000000329
45688 0.0000000281
45704 0.0000000143
45856 0.0000000089
46218 0.0000000075
46233 0.0000000052
46403 0.0000000044
46434 0.0000000044
46512 0.0000000039
46540 0.0000000029
46613 0.0000000026
46636 0.0000000021
46676 0.0000000016
46771 0.0000000015
46778 0.0000000013
46835 0.0000000011
46871 0.0000000010
46895 0.0000000009
46925 0.0000000004
47182 0.0000000003
47341 0.0000000002
47481 0.0000000002
47495 0.0000000001
47549 0.0000000001
47569 0.0000000001
47583 0.0000000001
47608 0.0000000001
47742 0.0000000001
47777 0.0000000001
47782 0.0000000001
47843 0.0000000000
47866 0.0000000000
47887 0.0000000000
47998 0.0000000000
48034 0.0000000000
48070 0.0000000000
48139 0.0000000000
48152 0.0000000000
48251 0.0000000000
48319 0.0000000000
48343 0.0000000000
48421 0.0000000000
48446 0.0000000000
48519 0.0000000000
48623 0.0000000000
48630 0.0000000000
48740 0.0000000000
48889 0.0000000000
48952 0.0000000000
48955 0.0000000000
48976 0.0000000000
49016 0.0000000000
49029 0.0000000000
49035 0.0000000000
49068 0.0000000000
49125 0.0000000000
49139 0.0000000000
49201 0.0000000000
49202 0.0000000000
49269 0.0000000000
49420 0.0000000000
49496 0.0000000000
49832 0.0000000000
50041 0.0000000000
50105 0.0000000000
50474 0.0000000000
51045 0.0000000000
evaluations raw_y
1 65105433.6271451712
2 54936050.5583486632
9 45884127.3553120494
12 36185337.0700351149
13 26403350.8698177002
17 22705246.6840369329
30 20678760.9393300675
34 14146509.3757526390
37 9153309.8199470378
42 8416912.3219458237
43 6083783.9937132513
55 4466205.3677291255
71 2183346.6628062022
197 1864583.1055037808
278 1793999.7137866253
301 1630626.5102260723
368 1612387.4485385369
465 1313661.5208737706
495 1048180.0701765806
543 680155.2774384373
586 671145.7709057340
625 644037.1773506294
663 526601.1347760948
752 468596.1857894455
755 465893.0627678299
799 228606.7036946482
1036 210363.8955392288
1037 208076.3678265415
1116 201457.8802201401
1135 197472.0423640240
1230 196976.7430139556
1243 185902.9539336000
1255 169893.0078175183
1371 163573.5173230023
1419 154133.6459454234
1491 154042.4948800889
1642 140353.5897055629
1762 137340.1982390191
2041 137241.9399136710
2141 132949.1075027201
2742 131508.8397699569
2818 131300.3765272867
2861 123796.3112637178
3058 118860.6592042661
3307 111373.6952640078
3643 106062.1276160188
3739 106008.1910680199
3776 104011.6641101966
3801 102833.0063102474
3895 101654.4879417518
3951 99022.9170539276
3987 98151.6326048761
4043 89744.6076465556
4073 87817.7683763360
4161 82958.1624808286
4212 73595.1526447797
4363 69468.9919089814
4450 66102.5707211942
4930 50684.2626541037
5252 46053.9280593937
5276 44961.0847735053
5292 43709.0788911196
5327 37259.4823387264
5390 33128.6142397985
5606 32877.7057992109
5622 26679.0391052204
6094 26265.9781762095
6142 25561.6198526517
6209 24542.3291605378
6252 23274.8418117361
6355 22236.2385554566
6481 20595.3242287490
6546 20140.9635479186
6548 17658.0334537671
6898 15290.2459739820
7057 15141.8637346894
7116 14875.3390893376
7323 14269.2994466639
7410 13632.0530291625
7433 13598.3463930874
7871 12327.1331533230
8006 11837.6081019153
8007 11612.3327317973
8014 11201.7353926662
8096 10701.1724142083
8190 10656.2794836767
8261 10404.3866237886
8277 9460.8328816632
8775 9344.3629128131
8781 9089.7416191711
8876 8289.1159867569
9208 8093.3918015540
9289 7994.7954600241
9361 7964.0113694490
9457 7950.2917848071
9465 7835.3945903986
9468 7202.1913094771
9547 6992.6462859879
9615 6797.5843552966
9697 6434.6814485846
9779 6195.1436340452
9972 6106.6629610953
10191 5721.8330368039
10428 5427.6044412486
10435 5234.0143360169
10479 4335.6388372712
10708 4070.1603947324
11125 3530.4702188326
11376 3397.7065188802
11414 3166.6249208254
11485 3041.6093026460
11489 2789.4319754165
11818 2662.2654521420
11882 2558.2007895702
12061 2463.3188674296
12281 2460.8132334305
12345 2384.6017124099
12419 2384.2431281723
12508 2375.5382786256
12544 2279.3134951599
12579 2227.7623932675
12674 2194.2771803561
12751 2125.3803544415
12788 2122.2469995365
12861 2048.9415356145
13036 2041.0804867828
13203 2027.8645024503
13248 2005.4780537921
13330 1959.4245913857
13429 1915.8340944184
13469 1909.4410777653
13656 1903.9065481311
13697 1900.2076769579
13703 1896.3219448050
13797 1887.2082976471
13859 1882.9405436780
13890 1865.0255857205
13915 1850.0948424002
13993 1845.1786998379
14043 1824.2232254813
14151 1805.0448873704
14153 1791.5086418245
14320 1767.7257727276
14335 1741.0426220993
14454 1720.2090201922
14541 1715.1972862606
14893 1694.8816830874
14922 1691.6582249319
14983 1686.0344601193
14999 1662.7786751461
15023 1631.3349465140
15186 1621.7375110686
15406 1509.0922081299
15417 1454.8341248910
15504 1405.6698056401
15832 1364.4318320174
15899 1315.4749067522
16043 1306.0575512998
16101 1275.8480733369
16136 1267.9302135618
16192 1244.2183534346
16227 1228.7713712499
16372 1214.9881075520
16401 1208.8304568943
16416 1195.5882374698
16537 1171.2769631161
16605 1143.6282838472
16607 1122.7813219502
16648 1064.2781491763
16777 1055.4723281559
16778 1026.5373017073
16844 999.6402663087
16867 991.9028841186
16977 869.3201443520
17165 791.9705725845
17376 769.7038281523
17436 764.0247630102
17467 758.5948260650
17535 727.2965379344
17537 724.6686259905
17558 724.3129528062
17591 716.0321021999
17593 700.2762220571
17680 697.0470935150
17740 690.3781419487
17795 648.1361190765
17981 639.7171381877
18046 622.8881773337
18239 619.5441779800
18246 611.8170922178
18307 595.3204955675
18536 589.4410268425
18563 588.7489468925
18581 579.8974443082
18653 578.5884533473
18742 574.8879759517
18764 564.3538211619
18859 561.8257412941
18899 561.0074691110
18938 560.0603802267
18954 554.5577545347
19023 548.2829961527
19041 543.9478279118
19046 537.4012955591
19168 535.2177728172
19233 533.3768341044
19275 531.1054095259
19286 530.7778744661
19324 525.1602830132
19606 514.8273864573
19762 512.0900381764
19794 494.7555518008
19858 481.7756818562
20259 476.9907539762
20397 464.6712946361
20444 463.8126541206
20588 455.2907164581
20609 450.1917885056
20632 435.4071145411
20694 434.5528015082
20714 416.0393809366
20842 383.4359834428
20853 376.5726690499
21214 374.5420417164
21279 335.8935429404
21457 314.7829802651
21707 301.7980437702
21986 301.0289234192
22034 292.6098223496
22472 270.5089439871
22735 267.0301131912
22800 265.5107933809
22951 261.5730431847
22972 258.3405227766
23113 256.0565150067
23195 255.8634910709
23242 255.7196691726
23252 252.0860191280
23264 245.5388310631
23469 243.3202283027
23562 243.2375713546
23621 242.9242103395
23685 242.6035101131
23706 238.7869303463
23727 238.4836951964
23818 235.9659352755
23920 235.5576810156
23950 235.0520296145
24084 232.4648998339
24091 232.3025066897
24108 232.1799789280
24115 231.2359831288
24138 224.3302892814
24305 223.6843883972
24373 223.6237463103
24406 222.9289320198
24501 219.7974086574
24944 216.6498697629
24983 216.2494123671
25018 215.5392938639
25155 215.2000011519
25248 209.5704872337
25439 196.3142589573
25505 194.8590810192
25548 194.2355598526
25729 193.5215129129
25735 193.3092908824
25802 187.2415461288
25901 185.1895220629
26193 185.1766196263
26198 184.5765510190
26281 183.8976450513
26308 183.2743196485
26359 182.9034992747
26400 181.9371994001
26533 181.9361625019
26605 181.6999203298
26696 181.1672428835
26799 181.0810488871
26815 180.7375780591
26838 180.6755962265
26850 180.1149944376
26920 179.7891509594
26979 179.2921714170
27054 179.2305184208
27057 177.9443345371
27469 175.2471244990
27531 174.0254813963
27621 170.8761441298
27748 169.6760792927
27777 166.6991229767
27843 166.6151762799
27952 164.8864285159
27953 149.5196916407
28600 140.6660560794
28617 119.1430273743
28908 102.7689905730
29208 100.2836651071
29251 89.2310028112
29285 79.1502531643
29549 70.6478409694
29584 69.4857507901
29713 66.6939526282
29949 63.5445961663
30043 62.7852422614
30054 50.9270596169
30196 47.5685105270
30219 44.9245282404
30236 39.6057984203
30312 36.5480997333
30339 35.1495691649
30539 33.7918784157
30580 32.2111940144
30594 31.7891460792
30611 30.9410143010
30814 28.6148151317
31034 27.8222890258
31081 27.2396093799
31097 26.6359419775
31107 25.3110123832
31205 25.1452226712
31271 24.4514159992
31285 23.8496613040
31330 23.4355168465
31536 23.3637394460
31555 22.9199299160
31607 22.9045135912
31623 22.7210546940
31702 22.0450422811
31800 21.7909078254
31868 21.6600721094
31945 21.4987802626
31965 21.4890414599
32128 21.3160387960
32521 21.0057915539
32535 20.5238427310
32546 20.2375462638
32617 19.9234759409
32698 19.7551572833
32728 18.7548158916
32989 18.7352743814
32995 18.7253195209
33015 18.6508038487
33033 18.2330275723
33063 17.4458987088
33099 17.4431539209
33260 16.8602680150
33395 15.6309776083
33959 15.3621929693
34164 15.0510876953
34208 14.7799748764
34349 14.2919528983
34393 14.1360195434
34441 13.8092565938
34455 13.3211476304
34500 13.3124209949
34523 12.6150113232
34538 12.2618356297
34624 11.5018529443
34791 10.8598653581
34875 10.7902017456
35051 10.6774746636
35151 10.6603263958
35153 10.2809577776
35199 9.9503975644
35375 9.8211308780
35389 9.6268310115
35427 9.5385779061
35440 9.5131912896
35515 9.4184367162
35517 9.2923720237
35626 9.2071645055
35760 8.9308220110
35804 8.5809444039
35998 8.4396683253
36138 8.1265761676
36313 8.1099826897
36378 7.8554631263
36409 7.7450579751
36431 7.5592166857
36442 7.2952732101
36474 7.2910734552
36492 7.1910622444
36514 6.6391558621
36789 6.1603293201
36956 5.9446562966
37074 5.4915579312
37153 4.6667350574
37496 4.6304129074
37523 4.5645788644
37561 4.4755984195
37614 3.7891352303
37693 3.4734994124
37771 3.2241219691
37831 3.0417383714
37998 2.9475721621
38201 2.8329838032
38239 2.7895770247
38249 2.1158353598
38536 2.0901454135
38662 2.0576670920
38671 2.0574283553
38699 2.0399958861
38703 2.0139172709
38722 2.0012389904
38739 1.8943936999
38748 1.7528063358
38865 1.6459125048
38929 1.6084842957
38942 1.5953003970
38960 1.5689570937
39027 1.5398494745
39049 1.5028412191
39158 1.2796652696
39717 1.2630391051
39748 1.2450043874
39780 1.2096532052
39812 1.1936623772
39909 1.1802474389
40081 1.1166303815
40112 1.0960412969
40128 1.0853937414
40188 1.0320940316
40210 1.0253583667
40327 0.9804442096
40744 0.9759087836
40772 0.6795830374
41143 0.6339303586
41183 0.6002337351
41220 0.5475753993
41251 0.5308625366
41325 0.4942447749
41390 0.3515997425
41396 0.3389497755
41664 0.3163928420
41718 0.2498019735
41741 0.2484947776
41742 0.2158008676
41826 0.1807933368
41846 0.1703782180
41865 0.1177836272
41974 0.1056281251
42086 0.0849468200
42097 0.0733724418
42262 0.0618940233
42275 0.0501554357
42323 0.0439866539
42384 0.0321167226
42442 0.0269325741
42452 0.0259538225
42715 0.0228480098
42797 0.0213347633
42862 0.0207376348
42866 0.0180327089
42904 0.0158688405
42908 0.0156695137
42925 0.0149126472
42975 0.0142201334
43036 0.0071468196
43236 0.0066061424
43251 0.0060569664
43255 0.0039817494
43355 0.0029483530
43430 0.0028786571
43460 0.0025573302
43544 0.0023603569
43553 0.0022816277
43603 0.0017485468
43654 0.0016471541
43666 0.0014665169
43668 0.0010990418
43809 0.0009089272
43848 0.0007840815
43868 0.0006758313
43911 0.0003850715
44085 0.0001669495
44352 0.0001332873
44366 0.0001136226
44454 0.0001109899
44509 0.0000612578
44662 0.0000403599
44689 0.0000403435
44763 0.0000387260
44784 0.0000209508
44936 0.0000130409
45210 0.0000092753
45225 0.0000082182
45295 0.0000076856
45313 0.0000049172
45388 0.0000046845
45516 0.0000033754
45630 0.0000030769
45726 0.0000024474
45749 0.0000022579
45757 0.0000018741
45883 0.0000011687
45929 0.0000011039
46005 0.0000006711
46171 0.0000006495
46204 0.0000005764
46230 0.0000003812
46262 0.0000002212
46517 0.0000002142
46563 0.0000001915
46583 0.0000001852
46608 0.0000001737
46629 0.0000001648
46630 0.0000001599
46663 0.0000001482
46678 0.0000001449
46727 0.0000001434
46732 0.0000001352
46734 0.0000001294
46735 0.0000001239
46736 0.0000000950
46785 0.0000000895
46829 0.0000000713
46854 0.0000000660
46909 0.0000000657
46923 0.0000000481
46946 0.0000000391
47128 0.0000000326
47196 0.0000000320
47219 0.0000000286
47232 0.0000000141
47399 0.0000000106
47423 0.0000000075
47526 0.0000000069
47599 0.0000000067
47628 0.0000000065
47728 0.0000000058
47770 0.0000000035
47812 0.0000000033
47865 0.0000000020
48043 0.0000000020
48056 0.0000000016
48102 0.0000000015
48126 0.0000000013
48186 0.0000000013
48188 0.0000000012
48205 0.0000000008
48281 0.0000000006
48349 0.0000000003
48500 0.0000000002
48576 0.0000000002
48707 0.0000000002
48733 0.0000000002
48746 0.0000000001
48796 0.0000000001
48912 0.0000000001
49121 0.0000000001
49147 0.0000000001
49151 0.0000000000
49156 0.0000000000
49185 0.0000000000
49271 0.0000000000
49441 0.0000000000
49506 0.0000000000
49554 0.0000000000
49633 0.0000000000
49714 0.0000000000
49813 0.0000000000
49834 0.0000000000
49839 0.0000000000
49852 0.0000000000
49889 0.0000000000
49966 0.0000000000
49984 0.0000000000
50098 0.0000000000
50117 0.0000000000
50119 0.0000000000
50138 0.0000000000
50171 0.0000000000
50294 0.0000000000
50361 0.0000000000
50371 0.0000000000
50383 0.0000000000
50411 0.0000000000
50455 0.0000000000
50467 0.0000000000
50495 0.0000000000
50567 0.0000000000
50578 0.0000000000
50712 0.0000000000
50754 0.0000000000
50877 0.0000000000
51085 0.0000000000
51161 0.0000000000
51337 0.0000000000
51711 0.0000000000
evaluations raw_y
1 17011590.6210108511
2 12018691.8553410619
33 10148274.0357371867
41 6083056.9563201275
49 5586751.8248395724
54 5022713.7450599866
60 4620559.7653200477
67 4016377.9053295767
78 3987393.9950524820
79 2260648.9298807331
82 2242968.1374455066
83 1814000.2474977204
100 1065982.3823551936
153 346201.0381590648
395 181408.1497883971
475 81066.0843618392
718 66280.3925335593
731 64955.4471551261
934 48435.7383364440
972 47764.1232548925
1000 37746.9832777600
1284 33822.0701589673
1836 26536.5421001881
2187 26451.4843146461
2215 22736.3076784052
2630 22265.3062438843
2681 20599.3315280778
2728 18734.0676007018
2895 16103.8195355653
3095 15727.5141551324
3272 13395.8759196964
3497 13316.6986197339
3531 12646.1398759278
3833 12106.8813791809
4093 10319.2198586785
4281 9952.5117163230
4461 9243.3343952706
4556 8364.2438658398
4898 8274.2169568357
4968 7812.2501873513
5192 7673.0221422911
5292 6967.6685216564
5503 6957.0188030898
5813 6167.2256968370
6573 6096.0225390074
6959 5739.9231226347
7027 5617.0378023459
7068 5370.4491557088
7087 5354.1676852552
7538 5036.8360684943
8041 4689.9395307380
8506 4411.0993815511
8591 4349.6130053244
8778 4258.5559741443
8838 4115.9096862239
8847 3881.3460551769
8908 3767.8292960559
9029 3745.0600356369
9138 3600.0788658941
9538 3457.2650831309
9647 3240.1464090238
9794 3198.6652692954
10233 3197.5524910039
10242 3134.0900539138
10252 3101.7168222242
10435 3023.3650439615
10459 2947.4137473836
10587 2718.7288993591
11433 2502.4639233271
11668 2470.4049756090
11813 2446.8893217944
11912 2390.1679228310
12489 2307.1029054646
12538 2231.7817068804
12618 2137.2917176172
12703 2092.5357795612
12801 1992.1087298242
12812 1971.1635913873
12880 1962.9397566517
12947 1879.6529190541
13088 1791.6425861593
13102 1746.7397785523
13110 1687.5757068514
13123 1526.6862115541
13481 1526.1641848856
13496 1380.0894297396
13605 1303.4882010598
13626 1133.6213146220
13690 1047.0558530135
13896 871.5845668467
13981 782.0384638309
14094 776.2717142352
14114 767.3401908066
14185 646.2694704140
14379 625.2360184102
14660 557.7150390212
14815 547.2487223428
14906 540.2772943193
14928 530.3867376585
14933 485.1090741443
14964 455.3131725883
15258 444.0576309829
15371 432.2375745822
15488 425.6057808415
15519 421.8383083121
15561 408.1980781285
15589 405.0672379725
15751 401.5281737404
15883 396.2347377782
15887 395.8484816989
15904 394.8689504005
15939 377.0999021468
16224 376.3055648901
16257 376.2370919617
16315 373.8089277800
16345 360.5542085813
16429 352.6951762937
16794 334.6480822776
17032 333.0675682600
17257 331.0818843482
17348 323.8281994299
17618 317.1916861555
17690 312.6912609161
17786 310.9708511348
17790 310.0682697425
17863 309.6572980075
17865 309.5795060283
17896 308.7935297522
17910 306.4845682034
18174 302.2947932036
18232 301.5135118806
18251 292.4422762680
18257 285.9803922118
18550 283.2206088658
18566 279.2360977886
18586 278.2054735454
18776 270.0310978556
18810 266.5015118000
18827 257.6598551456
18858 253.9794286223
18914 252.9220209043
19050 248.2705068670
19211 239.0099510701
19523 236.6419456552
19619 236.4533694467
19629 231.7090559614
19647 221.7847213133
19743 218.1836715296
19746 217.3310933917
19790 214.9928455173
19896 214.1692943035
19926 208.8185915188
19957 204.4338946534
20017 200.4774716122
20214 197.3680896160
20263 181.9513832147
20635 172.2401705274
21122 168.3341580424
21290 165.1220204534
21326 163.9470055269
21330 157.1023228001
21341 148.7287392173
21519 148.1912533776
21579 147.1716798582
21673 145.2842199293
21802 131.7930423879
21972 131.0591776344
22154 129.8435442386
22159 128.7130321082
22172 121.3040060282
22190 117.0775756929
22366 108.3252296198
22428 106.3483887703
22577 100.1013750514
22897 79.1939649260
23060 71.1878103462
23226 62.8294521874
23356 56.1441966989
23423 55.3996273467
23428 53.8955113195
23429 48.9953355602
23508 47.7216769181
23631 46.7766802670
23783 36.8338525280
23878 35.4188378620
24079 29.5526049160
24378 27.4142257807
24510 26.8892822065
24589 26.3986021707
24617 17.1812742258
24733 16.4868631755
24756 15.7966653066
24778 15.5238293931
24831 13.4267997166
24875 11.2540004745
25251 10.6529148969
25271 10.4025167536
25375 10.1449476176
25441 9.2098586295
25592 8.7984752534
25790 8.6361338480
25801 8.3408621173
25839 7.9176310834
25868 7.4973831899
26134 7.3265268778
26198 6.9458239547
26357 6.8926491907
26665 6.8922286605
26673 6.8320286200
26675 6.7713952123
26699 6.4893551601
26803 6.4004401244
26830 6.3902119440
26831 6.3792013631
26850 6.3562509116
26891 6.3321626169
26894 6.3106954787
26942 6.0872398629
27121 5.9953241316
27413 5.9726439207
27463 5.9591956951
27556 5.9555102672
27559 5.8858002418
27582 5.8704084493
27664 5.8289926398
27740 5.7575303218
27795 5.7499253634
27944 5.5738931011
28446 5.4734854743
28546 5.4506009809
28626 5.4428279385
28629 5.3556659930
28664 5.3226744444
28667 5.2339605544
28812 5.0867011728
29050 4.9983232296
29161 4.9920391396
29221 4.9075747509
29299 4.8600854644
29334 4.7892273514
29360 4.7712458872
29538 4.7496511922
29568 4.7095408835
29588 4.6984879568
29671 4.4739605561
29978 4.3404565747
30130 4.2625022551
30413 4.1767251297
30461 4.1595873356
30476 4.1034943576
30624 4.0923080433
30667 4.0880249409
30684 4.0462760410
30858 3.9909120293
31008 3.9839552362
31106 3.9507905633
31204 3.9086200057
31265 3.9061714821
31279 3.8776448685
31514 3.8472906741
31756 3.8463560062
31758 3.8259321353
31800 3.7710659589
32000 3.7365986862
32023 3.6741560747
32161 3.6675504266
32207 3.5874475163
32271 3.5327192124
32309 3.4746548803
32360 3.4123326408
32379 3.3800227783
32446 3.3014326386
32561 3.2869585262
32563 3.1729019572
32608 3.1718409350
32943 3.0949263132
33075 2.8277293745
33257 2.7886576362
33273 2.7377654197
33351 2.7366916937
33391 2.5305832098
33620 2.3852016638
33774 2.3345155348
33792 2.3081653109
33942 2.3074019672
33948 2.2319596865
34032 2.1420740809
34538 2.1335820760
34574 2.1235384802
34599 2.0925528877
34708 2.0443783644
34927 2.0325264474
35025 2.0190707161
35071 2.0025016650
35126 1.9914775683
35208 1.9475570206
35414 1.9301781951
35544 1.9166420161
35669 1.9025676401
35802 1.8877886610
35838 1.8420852567
35875 1.7613974731
35892 1.6761355424
36000 1.5925695040
36537 1.5556915737
36602 1.5116006207
36618 1.3718661824
36634 1.2455073020
36831 1.2351585725
36874 1.2322577744
37209 1.0519962784
37439 0.9742194474
37482 0.8393543640
37626 0.8205352282
37689 0.8104172236
37707 0.7492234484
37811 0.7417466255
37928 0.7275767108
37956 0.7134404578
37964 0.6615529663
38016 0.6483165042
38090 0.6430848973
38175 0.6403704091
38228 0.6301946311
38284 0.6263059200
38286 0.6116570989
38378 0.6068297396
38392 0.6021317662
38540 0.5987483554
38552 0.5935828792
38651 0.5866892112
38700 0.5702307064
38737 0.5675301545
38773 0.5650455019
38793 0.5641907919
38812 0.5376648481
38815 0.5248394993
39020 0.4775445614
39025 0.4232936008
39677 0.3564881835
39726 0.3519283694
39863 0.2782077673
39991 0.2432740071
39992 0.2337478593
40041 0.2192519104
40065 0.2000468815
40127 0.1867792972
40150 0.1597136963
40214 0.1572091308
40270 0.0973672572
40491 0.0870053435
40545 0.0831363297
40583 0.0796279907
40755 0.0688086096
40784 0.0640767113
40947 0.0625330202
40949 0.0462453214
41315 0.0369018077
41319 0.0367974499
41343 0.0313149493
41362 0.0303991840
41376 0.0272138148
41465 0.0244383809
41521 0.0222949222
41555 0.0207254944
41631 0.0179010732
41811 0.0173180330
41932 0.0147653017
41951 0.0141446775
41965 0.0139724680
42066 0.0137704209
42261 0.0135184090
42372 0.0128055182
42394 0.0123979058
42436 0.0116180234
42464 0.0107262281
42558 0.0099825147
42655 0.0098555711
42677 0.0094460659
42728 0.0089480297
42780 0.0073385194
43135 0.0069109058
43222 0.0066717827
43246 0.0060271293
43410 0.0059303242
43468 0.0049875247
43662 0.0042858147
43866 0.0040734035
43901 0.0035646836
44004 0.0031426194
44048 0.0026593027
44123 0.0026264096
44158 0.0023247456
44161 0.0022917198
44195 0.0017469593
44207 0.0017440273
44289 0.0012374505
44361 0.0006778228
44578 0.0006662783
44604 0.0003843769
44632 0.0003097160
44730 0.0003082622
44778 0.0002848657
44817 0.0002598272
44824 0.0002536848
44869 0.0001894166
44925 0.0001733138
44947 0.0001546274
44990 0.0001516278
45004 0.0001513977
45027 0.0001251403
45045 0.0001127320
45080 0.0001064795
45101 0.0000955730
45115 0.0000924707
45131 0.0000912207
45189 0.0000871731
45210 0.0000747743
45236 0.0000584007
45355 0.0000479412
45405 0.0000337172
45456 0.0000258854
45593 0.0000200300
45661 0.0000196532
45736 0.0000151026
45802 0.0000140114
45852 0.0000136282
45859 0.0000135293
45882 0.0000117090
45951 0.0000089486
46029 0.0000081777
46038 0.0000078923
46077 0.0000073872
46087 0.0000068709
46155 0.0000060772
46168 0.0000040427
46193 0.0000039768
46285 0.0000036101
46353 0.0000035262
46366 0.0000029129
46378 0.0000021311
46386 0.0000020040
46543 0.0000018941
46551 0.0000014873
46576 0.0000014326
46607 0.0000014185
46622 0.0000013642
46644 0.0000013599
46668 0.0000010831
46698 0.0000004304
47034 0.0000003053
47086 0.0000002406
47208 0.0000002150
47254 0.0000002039
47256 0.0000001570
47358 0.0000001223
47429 0.0000001122
47478 0.0000001101
47523 0.0000000991
47545 0.0000000844
47616 0.0000000639
47639 0.0000000511
47761 0.0000000498
47821 0.0000000400
47832 0.0000000389
47849 0.0000000353
47912 0.0000000272
47925 0.0000000240
48023 0.0000000236
48062 0.0000000215
48092 0.0000000172
48116 0.0000000132
48194 0.0000000121
48219 0.0000000074
48310 0.0000000073
48371 0.0000000064
48398 0.0000000058
48571 0.0000000056
48584 0.0000000056
48633 0.0000000049
48640 0.0000000033
48665 0.0000000032
48741 0.0000000023
48798 0.0000000018
48819 0.0000000014
48974 0.0000000011
49042 0.0000000008
49077 0.0000000006
49193 0.0000000003
49400 0.0000000003
49418 0.0000000002
49553 0.0000000002
49575 0.0000000002
49580 0.0000000002
49595 0.0000000002
49615 0.0000000001
49689 0.0000000001
49762 0.0000000001
49763 0.0000000001
49814 0.0000000001
49844 0.0000000001
49878 0.0000000001
49888 0.0000000001
49964 0.0000000000
49970 0.0000000000
50024 0.0000000000
50109 0.0000000000
50133 0.0000000000
50199 0.0000000000
50378 0.0000000000
50393 0.0000000000
50580 0.0000000000
50612 0.0000000000
50829 0.0000000000
50887 0.0000000000
50914 0.0000000000
50935 0.0000000000
51021 0.0000000000
51047 0.0000000000
51050 0.0000000000
51107 0.0000000000
51197 0.0000000000
51273 0.0000000000
51306 0.0000000000
51405 0.0000000000
51459 0.0000000000
51687 0.0000000000
51868 0.0000000000
52030 0.0000000000
52390 0.0000000000
52711 0.0000000000
evaluations raw_y
1 18565083.1390987784
2 9383023.0437434278
13 7833821.4664140223
17 6997773.9473266425
31 5987460.8380635614
34 3850316.8143798378
36 3530303.3108309573
59 2018784.7163898051
63 1418255.3384514567
133 1345010.5197733939
242 880980.1127550835
306 743072.2156741766
401 471635.4730258918
590 352001.1972919888
623 329971.2283611457
1006 204630.8308593211
1256 135381.0804361461
1866 125438.3664414017
1955 123701.0092362707
1985 102517.8187474479
2241 87005.3525023869
2284 78719.2209721259
2480 78113.6334295141
2743 75441.4364709208
2849 73161.2147953250
2929 71471.8067763352
3124 67824.6698529620
3328 66660.9393877167
3409 64872.5991588462
3518 61883.1234450578
3629 59580.6311116158
3700 57751.5650178552
3809 57730.8247716359
3820 53068.0936432779
3889 52145.7575832441
3960 49302.8697716186
4106 45956.9493764790
4279 45855.2373580619
4306 45507.0155403962
4406 41632.9992692151
4787 41550.1627476608
4818 39618.5242271322
4823 34079.4456328270
4862 32644.2875596243
5104 22682.5148561043
5641 22033.2705424129
5753 19791.9915839185
5837 18959.5925762125
5867 18042.4341500697
6116 17311.3591210696
6185 17093.9970057863
6283 15854.1690776250
6495 15393.4826521563
6784 14848.1556896104
6889 14660.5881314687
6909 13697.8732677868
7605 13311.9435589338
7814 13116.2155456845
7915 13087.0238208669
7941 12495.2852598573
8277 12403.9186012168
8396 12264.5577538719
8735 12260.5043401393
8744 12127.6225068937
8970 12112.7853888509
8996 12097.9151210083
9038 12002.6898669412
9116 11923.5241517375
9351 11915.2534848828
9354 11873.4924372350
9423 11821.8386656796
9627 11744.0362891816
9852 11718.1227216329
10178 11711.0921037524
10199 11710.0544431292
10333 11663.2587188606
10438 11656.8756082632
10605 11640.5584971430
10728 11564.8681126989
10873 11549.5754011012
10877 11496.6435840397
10921 11456.7664878273
10935 11432.4576099631
11063 11422.6607046417
11092 11369.6088677136
11244 11368.8993849766
11341 11362.1768131983
11349 11257.7766794184
11431 11235.3037382081
11439 11175.7258600727
11444 11120.2642438804
11473 11114.6486440870
11493 11090.3437537301
11598 11072.9464357651
11635 10972.7794801984
11717 10943.1964117518
11763 10679.2130464846
11978 10500.7742555046
12005 10070.3445740067
12174 9960.0562744570
12183 9419.8538082483
12192 9130.3513659156
12257 9042.9899376971
12326 9022.4926782771
12344 8803.7934253470
12362 8788.8583391600
12376 7690.5422036222
12491 6924.8964861010
12737 6342.6594952927
12967 5259.0394484801
13005 4782.2729308001
13638 4385.4637098522
13642 4320.0095498823
14014 4243.2710400254
14034 4034.9200271532
14230 4011.0130653544
14283 3901.3692061251
14423 3856.7410048099
14635 3748.0073735766
14649 3679.4503428908
14745 3678.4766824438
14780 3656.1458877349
15023 3604.8614696783
15039 3563.5342339969
15118 3527.0137800678
15170 3501.2093844893
15180 3496.7638565960
15195 3219.5399641827
15275 3138.4754142312
15324 3133.8171377974
15398 2989.4442606766
15404 2815.4498561360
15510 2809.8140011966
15683 2561.2888466837
15745 2420.6273659192
15973 1977.9252856971
16387 1836.6519224851
16573 1670.4197088304
16632 1637.1359051719
16701 1344.7327935777
16923 1277.1954083942
16930 1178.1237173503
16969 1118.8598382172
16980 848.8221227378
17273 848.5448392263
17357 843.6932563276
17404 720.7144029672
17712 692.4521875116
17730 682.3348367043
17978 582.2494575445
18019 573.8425916711
18086 563.6704317734
18105 516.6265902903
18242 482.3105675326
18257 464.3894493492
18467 462.1421487470
18494 437.9556823902
18504 424.0372035257
18613 420.4486297076
18652 420.0702684196
18692 415.2245693651
18703 414.7727220050
18710 413.0748293178
18739 398.5437024319
18793 387.3381079413
18803 363.3979300538
19363 359.5425064084
19514 356.2145430195
19541 355.4798729854
19664 349.2557948635
19695 348.4185850672
19728 343.2798181293
19751 343.2757317029
19877 340.3934943219
20180 333.8509153978
20285 333.1641286588
20315 332.8593816172
20373 329.5735258165
20399 320.9621835043
20586 320.0048129591
20633 313.0203200967
20689 311.2319914141
20725 306.6973113090
20761 302.1567948864
20802 292.3412241121
20964 276.5318082070
21020 275.3632794257
21133 268.7910164907
21153 260.7945371521
21188 241.0139857218
21540 238.3542587702
21590 201.3018634693
21600 193.4918647383
21699 166.5570690834
21906 160.5790972093
21959 157.9175578161
22123 154.2023130813
22151 150.6065669768
22175 149.4238668811
22199 141.3436895299
22222 131.7975007891
22233 126.4381728110
22244 106.5763466105
22252 89.0392679784
22494 75.3878084059
22568 68.1417193327
22876 67.2943096910
22973 62.0766226166
22994 61.3715847704
23004 56.2074817389
23139 51.5149812878
23249 45.2964796615
23339 44.2217895592
23422 42.7728322146
23434 42.3321327700
23439 41.8072534227
23479 36.1784347236
23621 35.4882658502
23753 34.5406167614
23755 34.2209465654
24079 34.1473472977
24108 33.3582575248
24141 33.0900655508
24159 31.8439213910
24273 31.3791199552
24497 31.0469471024
24501 30.2337440716
24585 29.4411558184
24698 29.1025211840
24756 28.8640283787
24853 28.6823712490
24982 27.9909439629
25177 27.7045041054
25532 27.3739902832
25558 27.3529891082
25563 27.1319321827
25564 27.0866196077
25593 26.6395233077
25701 25.9602352187
25850 25.7230504562
26123 25.5267843610
26141 24.8536826833
26263 24.6386640074
26563 24.4829531843
26593 24.3236591021
26594 24.1472574748
26734 24.0071418059
26828 23.6717777379
26856 23.6069154774
26914 23.5624298225
27066 23.4858223782
27078 23.4667599850
27110 23.0071544123
27199 23.0022108217
27231 22.8702269533
27283 22.5227442095
27349 22.2189748768
27451 22.1653292605
27458 21.9380037390
27464 21.4434317745
27474 20.3119002134
27530 19.8686782417
27557 19.2325248263
27759 18.9780185215
27814 18.9552555074
27872 17.0318544784
27911 16.7269893920
28111 14.1002328073
28196 12.9383352222
28262 12.7705999627
28338 9.3560212714
28693 9.0975823947
28813 8.4757952711
28832 8.2253404015
28844 7.6425694689
28901 7.4382585539
28975 6.8253370542
29038 5.3778963327
29211 5.2039433642
29292 4.8553471067
29359 3.6011930435
29601 2.8967021421
29727 2.7434023793
30062 2.7367253158
30065 2.7049067936
30199 2.5099129500
30242 2.4696856719
30293 2.4534415860
30336 2.3825284259
30482 2.3109208169
30574 2.3096833135
30627 2.2572657436
30768 2.2340393675
30850 2.2169858873
30950 2.1983431490
30956 2.1228704177
30982 2.1227178287
31044 2.1040684028
31079 2.0494478512
31083 2.0164791231
31336 1.9629165652
31439 1.9202892186
31553 1.8230170128
31700 1.7120957611
31948 1.6779490202
32003 1.5775415555
32700 1.5502272507
32705 1.4959430693
32792 1.4177646492
32914 1.2548064599
33043 1.1767106583
33131 1.1587316492
33155 1.1540358279
33160 1.0565921738
33190 1.0042041545
33317 0.8652675677
33478 0.7763263284
33768 0.7220956681
33787 0.6162398135
34104 0.5906281764
34131 0.5762189430
34199 0.5631133822
34267 0.5494013659
34355 0.5130527756
34377 0.4431326728
34585 0.3906669331
34607 0.3880433225
34624 0.3646688665
34687 0.3119695432
35078 0.3097575925
35096 0.3009765363
35110 0.2996577016
35111 0.2979026588
35114 0.2970730002
35142 0.2832342957
35158 0.2812285168
35193 0.2698906780
35270 0.2484034560
35306 0.2474164183
35339 0.2452914271
35430 0.2423066410
35444 0.2308879355
35557 0.2302533308
35567 0.2299727261
35595 0.2126053676
35695 0.2106425085
35700 0.1944511731
35848 0.1805374056
35857 0.1771319863
35874 0.1722717499
35898 0.1709762683
36269 0.1341447182
36395 0.1318832998
36542 0.1013509844
36767 0.1006706655
36768 0.0979424704
36792 0.0952616528
36800 0.0842430925
36809 0.0792548056
37107 0.0737917762
37236 0.0735222757
37270 0.0654466385
37322 0.0643402939
37338 0.0595216613
37347 0.0581352053
37367 0.0577866522
37376 0.0544686103
37401 0.0434745433
37431 0.0421465730
37498 0.0404855824
37584 0.0403698136
37650 0.0398227632
37669 0.0394032358
37760 0.0378358170
37769 0.0374094017
37833 0.0296266986
38004 0.0289426120
38006 0.0288935857
38024 0.0282187687
38035 0.0253150477
38054 0.0243855879
38133 0.0212869372
38293 0.0210367541
38302 0.0203944150
38375 0.0201515499
38411 0.0199734152
38421 0.0185858274
38475 0.0181473263
38515 0.0178749004
38601 0.0177976682
38617 0.0177603508
38737 0.0173503120
38787 0.0170151868
38799 0.0163061812
38858 0.0154293871
39286 0.0148345861
39384 0.0143527384
39714 0.0138473322
39859 0.0130080942
39990 0.0120485877
40140 0.0118578790
40200 0.0115338465
40240 0.0114971755
40325 0.0111224457
40382 0.0107470650
40387 0.0097732398
40647 0.0088342648
40672 0.0086939298
41059 0.0082500693
41143 0.0066337884
41394 0.0039985543
41492 0.0039343992
41618 0.0037265813
41619 0.0032808712
41660 0.0031926934
41662 0.0026930536
41672 0.0024499941
41724 0.0022916828
41938 0.0018425571
41993 0.0017608789
42041 0.0014397967
42049 0.0012077858
42251 0.0008215791
42306 0.0007349919
42354 0.0006854179
42496 0.0005459662
42550 0.0004724340
42619 0.0004488188
42661 0.0002841802
42714 0.0001294541
43008 0.0001208234
43030 0.0001085528
43075 0.0000944059
43094 0.0000899556
43108 0.0000802181
43141 0.0000747315
43202 0.0000724994
43203 0.0000518583
43221 0.0000331719
43425 0.0000303396
43512 0.0000233438
43529 0.0000216315
43562 0.0000187687
43600 0.0000186104
43608 0.0000184099
43614 0.0000145458
43664 0.0000141725
43668 0.0000138814
43692 0.0000133544
43752 0.0000103319
43763 0.0000062069
43848 0.0000048052
43937 0.0000044453
43998 0.0000031774
44057 0.0000031511
44123 0.0000025054
44210 0.0000023954
44249 0.0000020502
44295 0.0000017083
44363 0.0000014165
44418 0.0000014126
44435 0.0000013189
44442 0.0000011856
44443 0.0000010798
44479 0.0000007453
44493 0.0000006895
44517 0.0000006306
44537 0.0000004240
44700 0.0000003476
44735 0.0000003435
44763 0.0000002644
44790 0.0000002520
44796 0.0000002278
44812 0.0000002152
44862 0.0000002132
44868 0.0000001611
44991 0.0000001541
45024 0.0000001180
45041 0.0000001092
45112 0.0000001079
45123 0.0000000983
45125 0.0000000717
45222 0.0000000513
45251 0.0000000427
45295 0.0000000417
45337 0.0000000410
45383 0.0000000379
45491 0.0000000324
45493 0.0000000309
45512 0.0000000246
45580 0.0000000216
45667 0.0000000184
45704 0.0000000177
45705 0.0000000144
45758 0.0000000119
45790 0.0000000116
45855 0.0000000111
45886 0.0000000109
45888 0.0000000066
45957 0.0000000065
46015 0.0000000023
46382 0.0000000023
46390 0.0000000015
46489 0.0000000010
46538 0.0000000009
46650 0.0000000009
46699 0.0000000005
46831 0.0000000005
46886 0.0000000004
46903 0.0000000003
46973 0.0000000003
46985 0.0000000002
47063 0.0000000002
47140 0.0000000002
47176 0.0000000001
47234 0.0000000001
47251 0.0000000001
47254 0.0000000001
47352 0.0000000001
47550 0.0000000000
47580 0.0000000000
47618 0.0000000000
47724 0.0000000000
47744 0.0000000000
47862 0.0000000000
47920 0.0000000000
47962 0.0000000000
48005 0.0000000000
48023 0.0000000000
48034 0.0000000000
48102 0.0000000000
48144 0.0000000000
48230 0.0000000000
48241 0.0000000000
48440 0.0000000000
48446 0.0000000000
48478 0.0000000000
48480 0.0000000000
48481 0.0000000000
48495 0.0000000000
48505 0.0000000000
48529 0.0000000000
48549 0.0000000000
48596 0.0000000000
48635 0.0000000000
48636 0.0000000000
48649 0.0000000000
48691 0.0000000000
48758 0.0000000000
48785 0.0000000000
48794 0.0000000000
48798 0.0000000000
48813 0.0000000000
48823 0.0000000000
49099 0.0000000000
49221 0.0000000000
49249 0.0000000000
49307 0.0000000000
49324 0.0000000000
49382 0.0000000000
49453 0.0000000000
49604 0.0000000000
49640 0.0000000000
49733 0.0000000000
49834 0.0000000000
49891 0.0000000000
50009 0.0000000000
50082 0.0000000000
50347 0.0000000000
50775 0.0000000000
evaluations raw_y
1 76771143.6020286381
2 69489936.7046620399
4 62589195.3241302967
9 35493512.6618396044
13 16295848.8865851015
23 13526687.6537986752
32 11467310.8546989094
42 11027027.3686782978
47 5442599.7394962814
59 3576782.5387768578
69 2181239.5376984170
90 631590.9952684621
897 566956.0950263373
1074 522395.1540833674
1082 508119.8509769980
1194 485136.1532149574
1243 452348.8014204380
1266 428922.0804381544
1325 408854.8698266744
1371 405452.6678434880
1425 383771.9152985486
1486 341046.9147561783
1521 298080.3458555835
1589 283057.6379261879
1642 269240.7926224787
1661 264892.9464281685
1684 250605.2223103793
1922 238305.1699276564
1932 229826.8837263715
1955 220584.8870446857
1999 220556.0881460307
2000 219969.7053870815
2021 201099.5579710452
2030 197558.4725717838
2053 196389.3915875267
2058 195639.1747075470
2150 194771.3567227634
2164 186026.3188423403
2211 173273.0434822635
2263 168277.0058469120
2280 167471.9859451382
2307 162820.3376894660
2361 157004.7353724684
2389 155393.5142083472
2651 150387.8197823728
2687 147228.4569101803
2754 140146.0545850152
2888 131304.0543248789
3119 130712.3056580220
3447 127307.0362855059
3603 117512.6816347302
3992 115787.6443129934
4233 114858.0090943462
4258 112693.1923145426
4278 111953.7210354609
4319 109540.3850352788
4346 107284.6791669388
4382 101457.4331119235
4446 101007.6393227622
4456 97601.5757789806
4503 96287.5925212667
4538 91690.9395276077
4731 88299.8930666838
4906 82741.4596277981
4907 79127.3521244739
4932 77719.0413545410
4997 75736.4793956259
5189 72500.8388130235
5261 70782.0799220736
5290 55417.0183200803
5426 51832.6780020651
5430 51670.0759589949
5466 51536.5006159546
5506 49504.6551534002
5688 46621.0090559968
5702 41674.3744157432
5850 39916.8928956719
6052 39850.4883142512
6116 39138.3365016441
6123 35884.5827940364
6247 33928.9773087863
6329 32257.7487681633
6464 31517.0340246465
6500 30619.2826291121
6540 29457.1003621680
6616 28532.3830243654
6718 27050.5311921118
6830 26729.8823274174
6924 26517.3437172815
6925 25542.5372438132
7068 21781.5718160579
7227 21266.8616938231
7286 19092.8570304907
7510 18603.1819272946
7648 17173.2032879729
7894 17015.3995528966
7965 16891.0821713947
7971 16268.0327037529
8053 15304.7176121677
8119 13902.6733317409
8373 12116.9154817726
8525 10523.1775736122
8535 10375.8872635079
8874 9801.0291187595
9046 9081.0846673794
9224 8145.1402623678
9420 7397.3954371478
9438 7212.6636467637
9478 7203.2870608149
9517 6891.5002614429
9591 6491.9819078836
9638 6474.8230933971
9643 6084.7504614939
9649 5502.7752480250
9677 5259.0235519769
9779 4085.9609838964
10413 3871.3890490434
10538 3743.2651158457
10610 3741.5886935716
10641 3221.0954882634
10717 2947.8565973394
10747 2941.1943345266
10910 2590.4845013606
11046 2576.1708908440
11072 2461.5477085181
11206 2240.6734299803
11459 2202.1035126613
11538 2159.4312680712
11582 2097.2029842742
11684 2062.2046158751
11702 2039.1737358069
11966 1927.9595917095
12041 1894.5609100767
12149 1884.4852534651
12164 1794.9854065386
12369 1777.8706967804
12423 1777.7346366325
12505 1752.1027896822
12581 1710.8156281347
12612 1701.7191793421
12835 1693.5411383281
12914 1675.9233705811
12948 1670.4505073311
12958 1643.8802996310
13090 1608.3542266027
13133 1568.9571161321
13197 1416.0744966354
13599 1379.7624948604
13632 1276.3875810134
13677 1223.7208084492
14021 1037.2992994224
14413 940.7675496215
14607 837.5925280222
14732 817.9365125917
14816 809.0749453908
14984 801.3583085723
15010 798.1392495642
15054 794.2934576718
15066 773.0253409478
15092 763.7722833426
15169 722.2873736887
15416 702.4614568383
15618 690.3248716001
15700 683.8465608565
15710 677.4670217446
15782 668.8845967592
15814 663.2135906945
15955 656.1225410029
16002 653.1782743184
16099 646.2435205443
16400 643.3855639475
16453 637.3717010810
16500 635.1641590402
16514 634.3205833453
16601 631.8754518391
16622 623.2855762070
16649 619.7121064609
16946 616.9672287944
16966 611.7625607507
16990 603.5597950770
17037 602.3307755984
17121 601.3054104964
17167 600.3618926000
17231 590.1758854013
17280 588.3387476337
17342 566.8709056955
17546 559.7293147387
17814 535.4956762602
18137 519.2309613919
18155 509.6696484194
18416 467.7025137613
18751 454.4636861876
18934 452.9650968865
18958 449.2738702633
19029 435.2439589869
19068 426.6408191408
19177 420.9603049118
19267 419.2613643181
19403 395.6598861764
19652 362.9658329278
20153 353.0282420905
20261 350.3671923858
20381 345.3154921578
20581 332.2532894937
20747 327.3318766270
20775 323.8156453472
20779 318.6461378748
20807 312.6684576771
20884 309.4543839335
20933 301.7162111444
21012 300.8836693270
21119 296.8539942959
21189 274.6382530076
21427 269.4985776056
21472 267.9148291416
21477 263.5217148564
21495 246.7867273976
21627 245.3468297905
21781 239.4128961683
21785 236.1856617587
21843 233.1531642235
21877 224.9335166586
21913 211.7396025420
21976 211.7192685434
22054 182.5717230260
22395 171.3749339827
22408 141.5057772773
22749 127.5249199390
22773 125.1534390115
22930 110.7111636802
23167 100.0248470902
23175 86.7906937007
23422 84.1846326695
23434 82.2070529028
23542 81.8156672127
23570 76.2039357207
23639 76.0006804656
23681 75.7415610981
23808 69.9401937106
23869 66.9745066809
23970 64.6863879937
24069 64.4105898866
24135 63.3053905226
24195 62.0456770380
24210 61.1446117607
24673 59.4993739644
24761 54.0042173519
25152 52.4119655264
25200 49.3652790241
25345 48.7477299290
25390 46.9506285829
25475 39.4136070368
25824 38.5758506695
25899 38.4091759851
25977 36.5148154749
26117 35.1978386849
26123 34.0698990189
26368 32.0646899967
26570 27.6971993522
27149 26.8666906329
27217 26.3270141188
27254 25.7475508282
27394 23.9998936542
27504 23.8619464125
27511 23.7328354452
27559 23.5704964485
27576 23.0890028874
27639 21.7124000482
27661 21.5333536999
27742 21.4176310789
27760 20.9572267459
27827 19.4747275748
27947 18.5190308324
28255 18.3912539464
28617 18.2356940249
28787 17.2515465993
28790 17.2221486712
28872 16.2213857947
29184 16.2181169484
29249 16.1100422637
29262 16.0862147756
29307 15.9114973356
29426 15.9106426508
29455 15.6788253680
29591 15.6040130081
29628 15.5262655488
29766 14.9998841471
29938 14.2433709617
30144 13.8504897817
30224 13.5156920737
30482 13.0645987152
30713 12.8873448617
30733 12.8275681173
30750 12.4924539265
30764 11.5809038608
31609 10.8473927428
31706 10.1294667586
31725 9.6468912179
31831 9.0747323600
31883 8.3245990655
32038 7.8273104594
32115 7.3355074933
32167 7.1011613692
32388 6.8186028870
32391 6.7417484519
32645 6.7390929635
32660 6.6781056204
32716 6.6311251757
32734 6.6283787727
32753 6.6124554665
32760 6.4843863607
32761 6.4556229778
32828 6.3824212935
32841 6.3783749109
32982 6.2991678447
33075 6.2720498535
33159 6.1962854422
33266 6.1363859076
33426 6.1313115719
33497 6.0509339805
33615 5.9845776978
33825 5.9818216550
33856 5.9613779329
33931 5.9009142910
34117 5.8905420225
34125 5.8753685079
34129 5.8013383818
34174 5.7726760495
34456 5.7493739598
34477 5.7406301882
34485 5.7288642794
34530 5.7287673845
34616 5.7286651084
34625 5.6342746535
34794 5.6052210051
34817 5.5823611645
34964 5.2820037590
35192 4.7401149443
36028 4.6326759314
36079 4.4373627815
36105 3.8743291097
36168 3.5058850623
36265 3.1351421572
36308 2.5537621683
36477 2.0330162743
36528 2.0300949202
36684 1.7295065968
36686 1.3300289539
36959 0.9892354166
37035 0.9470041540
37199 0.9119343113
37235 0.8545949044
37405 0.7879012050
37471 0.7683357743
37493 0.7196402891
37536 0.7026500631
37592 0.6785569609
37662 0.6464936706
37669 0.6083424539
37684 0.5717456796
37823 0.5290629930
37910 0.5244284203
38029 0.5011843174
38140 0.4735376221
38327 0.4699145884
38330 0.4571072938
38363 0.4541858600
38391 0.4113726143
38419 0.4055140560
38491 0.4047819321
38492 0.3928700892
38540 0.3633516795
38638 0.3562710148
38832 0.3454621450
38872 0.3441193862
38932 0.3175525889
39107 0.3070772037
39203 0.2774665447
39247 0.2721567478
39491 0.2591781336
39629 0.2387085065
39774 0.2297337862
39982 0.1988308521
40079 0.1835777088
40175 0.1833787018
40212 0.1687236158
40247 0.1595431106
40298 0.1580352584
40327 0.1505637466
40337 0.1409236424
40344 0.1313134479
40363 0.1180023470
40380 0.1165646058
40420 0.1158969854
40506 0.0938989273
40727 0.0926324530
40753 0.0919136498
40765 0.0719573781
40784 0.0683870232
40853 0.0615446649
40911 0.0599297720
40968 0.0590169827
40998 0.0587622104
41044 0.0565379553
41106 0.0399622317
41140 0.0389727845
41465 0.0277838833
41688 0.0233842461
41711 0.0223535735
41732 0.0185108493
41744 0.0147402221
41811 0.0135085729
41874 0.0109154501
41911 0.0108348467
41995 0.0101151898
42035 0.0055585195
42144 0.0050619274
42244 0.0050247932
42254 0.0042009099
42267 0.0023422840
42382 0.0022055509
42445 0.0017676935
42466 0.0015918269
42523 0.0015700003
42543 0.0012914646
42562 0.0010408149
42686 0.0009742755
42723 0.0008351543
42774 0.0007280727
42807 0.0007177852
42846 0.0007009132
42869 0.0006049792
42885 0.0004813297
42913 0.0003504047
42945 0.0003485834
42967 0.0003164634
43004 0.0002662221
43074 0.0002501541
43135 0.0002344813
43145 0.0001676513
43206 0.0000772265
43240 0.0000669249
43492 0.0000497880
43570 0.0000492368
43572 0.0000466957
43620 0.0000446364
43635 0.0000380012
43684 0.0000359231
43714 0.0000291464
43759 0.0000289585
43773 0.0000223074
43824 0.0000175016
43889 0.0000123396
44038 0.0000104888
44041 0.0000093901
44081 0.0000059231
44085 0.0000059034
44166 0.0000038262
44255 0.0000023626
44522 0.0000022690
44624 0.0000021519
44679 0.0000013389
44801 0.0000011453
44832 0.0000010847
44862 0.0000010266
44933 0.0000006119
44954 0.0000005514
45071 0.0000003962
45106 0.0000003048
45145 0.0000002991
45348 0.0000002220
45483 0.0000001659
45548 0.0000001489
45558 0.0000001374
45588 0.0000001065
45677 0.0000000971
45790 0.0000000771
45804 0.0000000725
45853 0.0000000682
45863 0.0000000576
45919 0.0000000555
45926 0.0000000245
46136 0.0000000195
46175 0.0000000108
46391 0.0000000088
46432 0.0000000078
46591 0.0000000076
46724 0.0000000067
46733 0.0000000066
46737 0.0000000046
46833 0.0000000033
46904 0.0000000031
46992 0.0000000028
47022 0.0000000027
47024 0.0000000027
47030 0.0000000026
47067 0.0000000020
47116 0.0000000009
47366 0.0000000006
47402 0.0000000006
47521 0.0000000006
47569 0.0000000004
47593 0.0000000004
47603 0.0000000004
47647 0.0000000002
47696 0.0000000002
47873 0.0000000002
47940 0.0000000001
48035 0.0000000001
48154 0.0000000001
48205 0.0000000001
48213 0.0000000001
48253 0.0000000001
48289 0.0000000001
48296 0.0000000001
48318 0.0000000000
48389 0.0000000000
48392 0.0000000000
48395 0.0000000000
48451 0.0000000000
48519 0.0000000000
48746 0.0000000000
48759 0.0000000000
48791 0.0000000000
48845 0.0000000000
49133 0.0000000000
49210 0.0000000000
49218 0.0000000000
49240 0.0000000000
49274 0.0000000000
49414 0.0000000000
49540 0.0000000000
49558 0.0000000000
49564 0.0000000000
49583 0.0000000000
49676 0.0000000000
49757 0.0000000000
49831 0.0000000000
49884 0.0000000000
49983 0.0000000000
50009 0.0000000000
50022 0.0000000000
50089 0.0000000000
50154 0.0000000000
50268 0.0000000000
50306 0.0000000000
50333 0.0000000000
50364 0.0000000000
50406 0.0000000000
50503 0.0000000000
50524 0.0000000000
50553 0.0000000000
50637 0.0000000000
50638 0.0000000000
50665 0.0000000000
50674 0.0000000000
50817 0.0000000000
51053 0.0000000000
51551 0.0000000000
evaluations raw_y
1 63671012.7678818405
2 54061529.4975219816
4 44812896.2492251918
6 34448746.8153772727
8 27095338.5614196695
14 23645730.4008319452
22 20993837.1819709763
27 12846010.8375701308
62 9926939.9007175099
66 8604510.9521267302
71 8309635.5437677950
73 4386576.3354629064
75 3107848.6909068627
109 2032951.7998055865
349 1183652.4453852719
559 1082204.7791062598
688 903525.5981240890
699 856541.7055317392
704 789585.4251864348
733 764430.8851107191
735 467595.1829190658
862 300415.3644667816
951 273296.8620579503
957 217883.6966253629
1224 173108.5468903350
1228 168352.7879392926
1238 157445.7244976023
1255 121418.0461189022
1300 113688.7369704419
1335 88654.8858527835
1840 84801.7574498895
1900 79927.0985236760
1977 78312.1551382082
2122 70867.1711262342
2196 63918.8278436438
3114 58361.4139497190
3186 56489.6867208570
3304 54781.9398265618
3336 50522.6987051154
3721 49774.2721510215
3844 47916.5918962517
3893 44876.3144547355
4203 44191.2577867226
4214 43815.4846687153
4290 42510.6249021984
4399 41897.0884908328
4505 41318.4415385925
4523 40349.3986579215
4568 40263.7711789872
4633 39996.0762225198
4637 39885.0068557561
4647 37132.3115623521
4839 36648.3539248229
4953 36323.4332662310
5026 36110.9262884662
5033 35806.4023455942
5372 35390.5213480807
5379 35145.8896887511
5398 35074.2710494946
5436 34887.2184486162
5445 34406.5334449841
5526 33839.6188091824
5618 33615.7292292563
5700 33345.9815576144
5758 31757.8276835583
6173 31211.3652187666
6381 30968.9900684433
6429 30207.6550194792
6726 29616.9805654690
6874 29564.5349104621
6996 29478.6776429046
7146 28344.4700061123
7382 27913.2498348645
7587 27723.2684172891
7601 27708.1647186894
7635 27523.5594181283
7672 27277.3586474337
7807 27103.0498861947
7816 27059.6839501012
7859 26610.1422419178
8046 26455.7256761262
8180 26209.3872826630
8293 26165.9847910580
8365 26152.5551536205
8466 25303.4572252814
8860 25089.8918671030
8986 24840.8161943693
9166 24837.8743513153
9185 24284.5176380298
9327 23987.3882865625
9453 23980.5196517044
9494 23663.0978425743
9633 23630.1433862853
9811 23469.2682423245
10277 23285.7463588282
10359 23188.0922262044
10426 23102.5102172759
10464 23005.6741831108
10480 22846.1450068062
10621 22753.4356060925
10692 22641.1962728514
11029 22567.1195144399
11111 22548.8811980091
11155 22539.6557060681
11226 22452.5225696547
11440 22355.1678957174
11657 22235.6326114070
11975 22221.1218669692
12023 22166.7133676311
12035 22066.5344462220
12105 21977.7735995896
12159 21961.4164739262
12297 21944.4432669570
12312 21795.7276978639
12447 21577.2198675104
12465 21118.7256714623
12596 20795.7361339670
12622 20085.6319837745
12652 17519.8190924754
12742 16711.4069428041
12819 14902.0105054501
13010 14660.8444486007
13390 14497.3082262296
13422 12184.1467453222
13502 11273.5942245690
13517 10580.1489623493
13574 9813.4949691850
13596 9309.8399909470
13698 9250.2895150893
13717 9242.3100708415
13718 8385.6455038436
13779 8127.9390419405
13845 8124.7895053299
13989 8073.6588065931
14010 7845.2708988017
14044 7654.8713272534
14054 6341.4405528802
14258 6339.7513798611
14447 6057.4182032027
14473 5745.3251066238
14581 5727.8697397897
14647 5644.1328241598
14737 5100.0253542287
14839 3928.2174736718
15282 3787.4084746701
15523 3595.9270672014
15685 3215.2853662939
15884 2837.1959312568
15958 2464.6280130457
15974 2169.8944419183
16101 1693.7849360093
16447 1250.8314150454
16498 1108.9144277331
16613 1068.4742129355
16762 1029.6216372675
16766 939.9802873510
16804 888.3414080577
16820 818.9230388071
17148 794.5885839454
17180 662.2637092458
17363 609.8497964712
17541 606.7736307315
17662 594.4300267029
17670 583.9470690662
17685 567.8300867262
17936 560.3768903110
17941 535.7831588960
18059 530.9556644087
18075 529.1657722010
18159 524.9686351609
18214 509.3417815127
18541 502.0437896328
18582 501.7202628946
18681 497.8223483709
18731 494.6101740123
18763 472.6704858038
18963 460.3380471971
19307 458.8447751433
19439 454.8751101948
19463 440.8346765616
19662 439.3822205612
19757 435.3620074773
19760 432.1963650934
19791 426.2978041335
19853 421.4543383592
19874 413.1269071972
19923 411.5772228055
19952 399.4750924922
20109 394.5470015843
20116 381.6897714452
20180 370.4723177806
20193 357.1406354363
20755 349.3607566913
20820 332.4161556799
20994 321.3199187831
21008 316.2887393403
21042 296.9839401388
21065 295.6329853489
21161 281.7280374879
21193 277.4033884263
21221 225.8260891613
21334 212.1933091171
21823 199.0686946439
21838 174.6582666139
22276 172.6679827942
22301 165.1338177152
22356 160.8517919514
22418 155.9847812952
22492 148.3773738887
22509 147.1762213062
22559 144.7724811724
22618 142.5883189236
22641 140.3451069869
22659 140.0145378083
22661 134.7517917721
22711 133.4028833207
22724 125.0899750270
22937 120.1296844767
22958 116.9838729440
23033 116.5073618767
23101 113.2821674869
23236 107.9003278362
23799 106.8338420121
23900 106.6038072417
24174 106.1157582682
24300 105.2755324631
24356 99.2224053830
24386 97.5885097693
24451 95.4939514041
24464 92.9025676779
24558 92.7463710134
24597 91.1647988324
24747 90.8740622918
24795 89.6225543667
24811 86.3787173423
24947 84.9421690873
25053 82.0871010948
25175 76.0695466893
25565 68.1458756119
26069 65.3510976103
26182 62.8222061700
26282 61.4419896628
26351 61.4155832121
26357 60.3200686273
26365 58.1475932153
26451 57.1332476878
26482 56.9976571708
26488 56.5276191251
26508 56.1716914194
26606 55.7011919106
26774 55.0700529151
26823 54.4940011629
26966 53.2161314272
27023 51.2740706135
27088 50.8448998821
27140 48.0851153815
27471 46.8382189108
27590 46.5545117631
27591 46.3269530987
27608 44.8603277114
27617 43.1365801152
27658 41.6272485557
27713 38.7105898340
27792 34.2608880216
28279 33.4076482769
28364 32.3829394298
28505 32.1262587871
28530 30.8351772228
28592 30.7992255251
28614 30.2757532679
28662 29.1697836873
28671 27.7186242773
28787 27.7116845941
28793 27.2090873369
28871 25.8900803165
28885 25.7773071702
28921 25.6167130880
29001 24.9776853821
29054 24.7284388294
29273 24.5499872098
29278 23.9877084526
29364 23.7946710175
29380 23.7780057527
29424 23.3878963635
29482 23.2027415494
29514 22.5757585488
29630 22.0807029375
29689 21.1750969597
29744 20.4703349628
30172 20.0529043826
30850 18.1446450352
30967 12.8047486083
31536 8.8268429558
31729 8.6873487401
31734 7.9005471909
31776 7.7121649583
31839 7.3391217632
31871 7.1869783959
31937 6.5282210807
32066 6.1666243603
32156 5.3662537071
32219 5.1515860115
32272 4.6318971170
32372 4.2413550327
32532 4.0777235879
32545 4.0565207330
32567 3.4434624576
32709 3.1930081613
32718 3.1260887854
32799 2.9818431685
32822 2.8964352555
32969 2.8492603156
32994 2.3755862987
33041 2.1621252345
33491 1.6772677844
33946 1.5150043584
34112 1.4327892302
34294 1.3681130759
34351 1.3430295601
34378 1.3267310094
34513 1.3096131759
34615 1.3012912063
34645 1.2669077651
34746 1.2625600922
34765 1.2243507744
34866 1.2055089610
35004 1.1611703820
35051 1.1219443372
35466 1.0803680677
35586 1.0801460877
35614 1.0666524464
35642 1.0626210074
35681 1.0324021896
35844 1.0135508575
35865 0.9368406211
36172 0.9117379902
36211 0.8323881266
36251 0.7958502075
36662 0.7779244827
36669 0.7497542459
36709 0.7389319868
36712 0.6957682160
36858 0.6544203184
36883 0.6182219899
37029 0.6126075866
37040 0.6011962920
37118 0.5582987881
37121 0.5124340190
37261 0.4724905057
37277 0.4604398523
37521 0.4210885628
37644 0.4185075983
37804 0.4007698069
37973 0.3936546692
37998 0.3911725714
38082 0.3887767815
38105 0.3882031282
38174 0.3872103230
38188 0.3755537096
38304 0.3708848490
38372 0.3668546806
38476 0.3660835607
38483 0.3660737481
38513 0.3640831441
38537 0.3627600716
38605 0.3498343724
38655 0.3329713450
38886 0.3304477461
38915 0.3199724750
39220 0.3171405778
39251 0.2922578870
39557 0.2818239259
39617 0.2798802849
39693 0.2528448411
39832 0.2436738474
40293 0.2046531349
40327 0.1903548251
40509 0.1832711068
40517 0.1743884469
40521 0.1198831328
40925 0.0996123764
41003 0.0995082846
41020 0.0992419528
41087 0.0876266745
41114 0.0684653163
41148 0.0631410392
41232 0.0628462807
41265 0.0589454215
41320 0.0522166600
41339 0.0502215455
41384 0.0489546371
41480 0.0432855602
41485 0.0417394039
41539 0.0355616931
41709 0.0230837934
41776 0.0175145336
41961 0.0143736840
42018 0.0114642360
42042 0.0111584127
42122 0.0097130664
42145 0.0088532734
42205 0.0052266859
42268 0.0033562313
42362 0.0023404675
42499 0.0023130330
42501 0.0020644605
42601 0.0018105260
42624 0.0017851657
42673 0.0015800624
42718 0.0015433996
42796 0.0013295664
42834 0.0010984737
42889 0.0009770284
42908 0.0008786135
42926 0.0008023148
42953 0.0007606235
42998 0.0006310953
43021 0.0005550601
43026 0.0005020356
43151 0.0003220728
43270 0.0003178778
43311 0.0002857169
43329 0.0002762675
43364 0.0002679379
43370 0.0002546067
43378 0.0002422095
43414 0.0001877067
43426 0.0001733417
43491 0.0001587096
43503 0.0001144739
43535 0.0001009198
43587 0.0000837299
43641 0.0000730784
43659 0.0000710201
43673 0.0000636144
43725 0.0000503228
43767 0.0000381041
43823 0.0000376220
43989 0.0000355816
43990 0.0000349495
43993 0.0000335033
43999 0.0000327674
44010 0.0000282125
44018 0.0000146886
44265 0.0000133701
44267 0.0000130333
44319 0.0000111879
44349 0.0000097511
44393 0.0000086187
44397 0.0000082166
44452 0.0000071574
44469 0.0000071131
44489 0.0000048737
44580 0.0000045439
44629 0.0000043598
44707 0.0000042671
44711 0.0000042375
44714 0.0000037444
44721 0.0000024304
44809 0.0000019514
45027 0.0000019207
45037 0.0000010861
45129 0.0000010549
45138 0.0000008592
45187 0.0000008307
45229 0.0000005431
45410 0.0000005178
45425 0.0000004440
45440 0.0000003962
45462 0.0000003359
45518 0.0000002365
45546 0.0000002336
45552 0.0000002026
45629 0.0000001060
45866 0.0000000865
45874 0.0000000838
45930 0.0000000618
45987 0.0000000323
46164 0.0000000286
46302 0.0000000225
46409 0.0000000187
46492 0.0000000172
46514 0.0000000138
46535 0.0000000053
46665 0.0000000042
46898 0.0000000029
46977 0.0000000025
47033 0.0000000017
47068 0.0000000016
47100 0.0000000014
47131 0.0000000011
47297 0.0000000010
47349 0.0000000009
47355 0.0000000008
47426 0.0000000008
47444 0.0000000006
47595 0.0000000004
47609 0.0000000004
47615 0.0000000003
47765 0.0000000002
47772 0.0000000002
47859 0.0000000001
47925 0.0000000001
47957 0.0000000001
48230 0.0000000001
48275 0.0000000000
48282 0.0000000000
48338 0.0000000000
48410 0.0000000000
48460 0.0000000000
48512 0.0000000000
48633 0.0000000000
48673 0.0000000000
48685 0.0000000000
48702 0.0000000000
48735 0.0000000000
48754 0.0000000000
48791 0.0000000000
48849 0.0000000000
48869 0.0000000000
48989 0.0000000000
49000 0.0000000000
49019 0.0000000000
49082 0.0000000000
49131 0.0000000000
49299 0.0000000000
49473 0.0000000000
49541 0.0000000000
49578 0.0000000000
49605 0.0000000000
49675 0.0000000000
49704 0.0000000000
49750 0.0000000000
49784 0.0000000000
49795 0.0000000000
49815 0.0000000000
49816 0.0000000000
49840 0.0000000000
49871 0.0000000000
49909 0.0000000000
49981 0.0000000000
49991 0.0000000000
49994 0.0000000000
50032 0.0000000000
50061 0.0000000000
50082 0.0000000000
50142 0.0000000000
50217 0.0000000000
50234 0.0000000000
50254 0.0000000000
50275 0.0000000000
50290 0.0000000000
50502 0.0000000000
50540 0.0000000000
50595 0.0000000000
50725 0.0000000000
50731 0.0000000000
50871 0.0000000000
51050 0.0000000000
51339 0.0000000000
51508 0.0000000000
evaluations raw_y
1 13151857.5499643497
2 7353203.1594300242
4 6592773.2307743980
6 5277403.0890096473
17 4650933.7600946147
24 4373183.2690772554
27 4354764.7409151634
36 3940662.9682644801
51 1734760.4661367068
72 1606599.5391884851
113 1575938.5098659387
122 1565970.9251900450
133 1046148.5499033327
482 512984.2229617129
493 201475.8466294400
954 119449.1284911400
1037 102713.5844522765
1067 100074.7340884595
1141 99963.5228800706
1223 98491.2728408251
1246 90671.0216771786
1335 84852.9989104493
1369 81047.1602043086
1389 57564.7975954928
1728 57449.2396905005
1760 49960.9526837265
1816 45655.5046516428
2036 40793.4619115402
2650 39492.3086889578
2810 39384.5399632294
2846 35448.0944701731
2856 34161.8519546216
2916 31521.5677439744
3093 30674.3961822933
3100 29444.8844420365
3116 24958.3899991823
3120 22547.3805135595
3408 21237.3174790961
3654 17619.0368317359
4324 17564.1277932665
4380 15204.6802741454
4587 12262.2823063224
4966 11210.6484730837
5151 10731.2779061236
5389 10663.2176885873
5579 10363.1987309032
5704 10336.5848754437
5730 8837.4043944883
5840 7993.5849016520
5841 7874.5758812625
5912 7040.8743395713
6194 7018.2886111919
6295 6028.0735290882
6406 5446.6855633092
6493 5068.4710825220
6559 4868.2919172393
6623 4720.9033506608
6846 4709.2813800188
7359 3974.7753795771
7424 3806.6032442451
7633 3640.0076088696
7862 2283.1871144102
8768 2200.5107751209
8819 2122.7698808727
8910 1896.4192052585
9133 1876.9884207357
9324 1694.2429478896
9460 1669.0391891314
9615 1604.1441860564
10054 1593.0595440680
10115 1534.8126482948
10143 1525.3776364518
10256 1431.5354791602
10364 1416.9680665055
10408 1407.3334843354
10462 1359.8581420728
10478 1323.5599555337
10639 1287.3769711760
10714 1230.5040171370
11027 1157.7253119348
11094 1115.5907370629
11732 996.5734146782
12113 992.7801019692
12314 977.9416790549
12359 967.2170178686
12414 963.2100229719
12630 945.9907819891
12701 943.1512803458
12909 941.7613059256
12923 918.7789930809
12944 904.0470746531
13062 898.4019520522
13179 897.4793174438
13299 885.2115787779
13426 876.4217856262
13629 871.7840623097
13679 870.5650440065
13766 858.4544113872
13802 849.8540796497
14180 845.3839925226
14181 840.0151376335
14414 834.4210463156
14428 828.5371991668
14486 824.0984943363
14661 818.0974601556
14914 815.2823145276
15056 813.6827644882
15078 812.3040726243
15079 809.9009242216
15156 805.7409779401
15215 805.7026027828
15316 801.8491028122
15390 795.0829037758
15638 780.1672154363
15784 777.6604524606
15805 770.6883376260
15859 768.9057271600
16006 752.4941096553
16158 752.3806814137
16250 740.9117696585
16346 740.1879154176
16368 730.4688105989
16456 719.9679070883
16464 719.4056324786
16597 708.4956214642
16650 697.3209346845
16773 687.4364554559
16884 680.5548322283
16906 665.1178229165
16975 655.9446672648
17028 655.7954404528
17053 648.7785384465
17162 609.1654651819
17482 595.9853295372
17741 577.1623733842
17783 571.1433149453
18075 547.1609859482
18309 542.4728474649
18382 540.9890275293
18491 539.7747116460
18496 536.9748798808
18506 522.0774771762
18631 511.8792138391
19013 510.9611224425
19018 508.3490934852
19035 508.0079864542
19063 494.9624991001
19163 487.9812791342
19167 486.5477556197
19265 483.3133224864
19610 473.8996286660
19638 465.4613535290
19819 464.6385392814
19864 443.8388685236
20300 430.6981587762
20508 420.7692882380
20573 413.7762001812
20675 413.4109917288
20687 377.5734201752
21119 362.2915560236
21180 337.7899829213
21245 317.7032465947
21533 316.3419785607
21571 301.7516805016
21626 297.6668934390
21683 285.8793154109
21839 229.1244746461
22187 184.6313860477
22601 181.7429942856
22603 181.4564158953
22700 178.3295881421
22718 170.1054883860
22752 166.1096200950
22772 157.4314405311
22814 152.2865591355
23005 150.4852700358
23146 149.3338726554
23209 147.6744883336
23235 147.5558057447
23292 145.5006253168
23539 141.2947482581
23646 139.3499495673
23699 136.2994715944
23860 134.0118457213
24100 133.9896705845
24241 133.9810836397
24331 133.5017359032
24342 130.9805324957
24347 128.9199944558
24410 128.2631173661
24440 125.2982978496
24485 124.8184295500
24577 121.9408143263
24638 121.3456022363
24668 119.8164030258
24721 117.5089032666
24892 112.9749560245
24920 111.1516059679
24994 109.4817031918
25267 106.3674155658
25555 100.4841495825
25660 99.9011364716
25887 96.2937643411
25957 96.0576428276
25961 88.0250128294
26231 85.3127394482
26316 83.8804921797
26342 83.2145280689
26528 79.2658085654
26847 78.4174829069
26852 77.1368122074
26932 74.4605797745
27295 73.9311304473
27301 73.7879209287
27329 73.3691607229
27339 73.2011885408
27377 73.0562094780
27434 73.0002070206
27436 72.7114289720
27579 72.2920322050
27683 72.0297010433
27706 72.0292017972
27799 71.6917278506
27903 71.1027902379
28062 69.9189929464
28086 69.4710834259
28291 68.7610040027
28488 67.9739452049
28800 66.4334703621
29112 64.8600941444
29155 64.6555782504
29361 63.2784671356
29424 62.6299626627
29528 61.8031319058
29660 61.5137027502
29805 60.8897565240
29840 60.2749451283
29899 59.5113511926
29935 58.9641463889
29971 57.6651372693
30028 55.9297095261
30104 53.0419094075
30316 52.0391993189
30569 51.8981965076
30580 49.3438154367
30635 49.1904511466
30679 44.4525959611
30764 36.1327509905
31567 31.4829043118
31672 30.9885155091
31719 28.8464390803
31736 28.5323585383
31747 27.1115348319
31750 23.6134674070
31797 21.6929574766
31844 21.4126365776
31881 20.7785384821
31953 18.7651184576
32019 18.3066306258
32050 18.1257012414
32052 16.9357750164
32087 16.0057622265
32160 14.5006433944
32175 14.4457273260
32363 14.0332730226
32380 12.9766284179
32912 12.5831821795
32934 11.5546792576
32989 10.7732665836
33103 10.4932866563
33105 9.0771212002
33363 7.9587243574
33457 7.0589921943
33613 7.0540406616
33685 6.1212238995
33959 5.0782213321
34168 5.0570468921
34252 4.3954053751
34439 4.3868020144
34522 3.9651166020
34529 3.9099057231
34639 3.7341773126
35102 3.7130886274
35138 3.4640497256
35310 3.4165220885
35319 3.2213264747
35341 3.2094501401
35465 3.1478351898
35556 3.0646548624
35594 3.0447109909
35662 3.0287770218
35696 2.9993963017
35795 2.9182027383
35871 2.7347105029
35941 2.7254576032
35954 2.7159932960
36031 2.6770848866
36090 2.6335389919
36239 2.6088523572
36358 2.6062576690
36423 2.5836980610
36477 2.5795500840
36527 2.5778756150
36610 2.5741951305
36623 2.5504685468
36652 2.5395274227
36745 2.4989810898
37104 2.4960346280
37156 2.4799110328
37303 2.4649110587
37310 2.4458604161
37405 2.4407052677
37528 2.4014526717
37667 2.3877330071
37749 2.3676576367
37810 2.3359467006
37837 2.3247395949
37969 2.3151728835
37970 2.3127970451
38010 2.2990804695
38013 2.2914444014
38128 2.2879296212
38141 2.2750714370
38372 2.2670564626
38450 2.2627435268
38452 2.2348956569
38456 2.2242384925
38594 2.1833374792
38763 2.1650742963
38894 2.1342599710
38973 2.0656680547
39076 2.0423895304
39142 2.0377760792
39144 1.9359825586
39156 1.9101794471
39199 1.2669968852
39330 1.2099717214
39819 1.1967426775
39895 1.1825402862
39971 1.1698748124
39980 1.0131407966
40068 0.8002916168
40118 0.7407358220
40171 0.6064320796
40278 0.4956522770
40341 0.3713232464
40366 0.3149669546
40519 0.2945348822
40524 0.2843131069
40545 0.2605462263
40576 0.1618316137
40703 0.1483861510
40765 0.1331262558
40827 0.1123339437
40890 0.1119410720
40936 0.0824167201
41034 0.0760369344
41051 0.0637284975
41120 0.0621705062
41136 0.0446383880
41183 0.0307165309
41285 0.0298004750
41294 0.0245265027
41342 0.0180222783
41568 0.0167912521
41592 0.0143839118
41618 0.0107365630
41639 0.0098800349
41640 0.0086725126
41734 0.0084606626
41850 0.0082801912
41910 0.0065609488
42077 0.0053858534
42115 0.0041591292
42215 0.0022717658
42320 0.0014874422
42380 0.0014409628
42430 0.0012338645
42527 0.0011996943
42528 0.0010027181
42600 0.0008429185
42622 0.0006438689
42718 0.0005914282
42754 0.0004492159
42763 0.0003355224
42898 0.0003010822
42906 0.0002915023
42956 0.0002015816
43043 0.0001998789
43045 0.0001821070
43047 0.0001574640
43067 0.0001329496
43216 0.0001222506
43229 0.0000956927
43257 0.0000913797
43289 0.0000716241
43311 0.0000392647
43658 0.0000300574
43722 0.0000279523
43769 0.0000256035
43783 0.0000238811
43825 0.0000218451
43869 0.0000191411
43872 0.0000179838
43944 0.0000154558
43947 0.0000140955
43982 0.0000136604
43991 0.0000086984
44096 0.0000067023
44182 0.0000053425
44248 0.0000050764
44323 0.0000037758
44333 0.0000036101
44399 0.0000034153
44425 0.0000026014
44453 0.0000023457
44483 0.0000018359
44591 0.0000016216
44599 0.0000009726
44735 0.0000007146
44759 0.0000006740
44768 0.0000006622
44827 0.0000006463
44866 0.0000005148
45024 0.0000004559
45145 0.0000003775
45150 0.0000002899
45226 0.0000002655
45229 0.0000002650
45240 0.0000001904
45277 0.0000001237
45384 0.0000001215
45414 0.0000001156
45450 0.0000001071
45489 0.0000000868
45529 0.0000000790
45535 0.0000000730
45556 0.0000000489
45827 0.0000000245
46025 0.0000000241
46030 0.0000000147
46044 0.0000000138
46187 0.0000000128
46201 0.0000000114
46231 0.0000000105
46273 0.0000000090
46276 0.0000000069
46452 0.0000000061
46489 0.0000000042
46519 0.0000000024
46776 0.0000000015
46993 0.0000000014
46997 0.0000000012
47029 0.0000000012
47031 0.0000000010
47062 0.0000000010
47077 0.0000000007
47122 0.0000000006
47250 0.0000000004
47366 0.0000000003
47437 0.0000000003
47592 0.0000000003
47642 0.0000000002
47698 0.0000000002
47711 0.0000000002
47733 0.0000000002
47746 0.0000000001
47878 0.0000000001
47901 0.0000000001
47937 0.0000000001
47960 0.0000000001
47995 0.0000000001
48015 0.0000000001
48059 0.0000000000
48113 0.0000000000
48341 0.0000000000
48364 0.0000000000
48461 0.0000000000
48589 0.0000000000
48633 0.0000000000
48640 0.0000000000
48795 0.0000000000
48863 0.0000000000
48900 0.0000000000
48981 0.0000000000
49103 0.0000000000
49110 0.0000000000
49221 0.0000000000
49401 0.0000000000
49447 0.0000000000
49477 0.0000000000
49510 0.0000000000
49584 0.0000000000
49612 0.0000000000
49635 0.0000000000
49665 0.0000000000
49690 0.0000000000
49709 0.0000000000
49734 0.0000000000
49925 0.0000000000
49926 0.0000000000
49927 0.0000000000
49981 0.0000000000
50010 0.0000000000
50020 0.0000000000
50068 0.0000000000
50100 0.0000000000
50104 0.0000000000
50192 0.0000000000
50214 0.0000000000
50365 0.0000000000
50595 0.0000000000
50713 0.0000000000
51111 0.0000000000
51402 0.0000000000
