evaluations raw_y
1 3364.4943829855
25 3195.4950125005
27 2797.7627850204
38 2517.3080111420
46 2192.3306347056
61 2019.5523179809
66 1942.4230329757
83 1833.6266623959
91 1465.6885776029
114 1447.4054945053
126 1287.0806652047
149 1008.6535023275
168 953.7306259456
217 887.8488048768
227 878.7321873413
273 737.4851445733
404 730.9724487503
424 621.9369456116
467 612.3850504827
546 582.9453430838
586 572.1887674283
610 567.4648181351
678 566.1824073634
680 488.0322570918
790 484.7639106514
874 467.9100271935
928 466.0756421571
999 456.3544114607
1011 456.2572627962
1019 437.2446267268
1029 430.5116041219
1051 426.6892174555
1098 381.8343642205
1442 358.8308059236
2219 349.8096951591
2342 336.0771577721
2924 329.4153856552
4313 328.6429575931
4746 286.5192713037
5071 284.9330116657
5087 271.7607853732
5139 270.3467303204
5240 259.9922355448
5244 238.0695217210
5271 232.0558582437
5341 207.6399013283
5361 205.5966106147
5378 205.0631593700
5403 199.1846823450
5420 190.1888029021
5448 166.4759127996
5496 166.1949497922
5515 157.8951262940
5525 151.9693751806
5541 135.3997196141
5578 127.9179899569
5598 127.1782031222
5628 120.9699019291
5633 110.7272494693
5645 103.7312578943
5782 102.7068810051
5804 99.3654455894
5831 88.8430577383
5936 84.1033753764
5962 80.9653223285
6030 80.9411458636
6042 80.3901437400
6053 78.4930073570
6059 77.5204318753
6095 77.4598090256
6096 77.4197300736
6097 75.3650724960
6110 75.1348746071
6151 73.7976021753
6156 72.6158614204
6177 71.8319604042
6208 69.7741300283
6247 68.2444048563
6265 66.5588793174
6319 64.9477985258
6371 63.0156316998
6447 62.9976240671
6452 62.8484502463
6485 62.5488496109
6504 62.4814349001
6551 62.4516921952
6554 62.3181118751
6558 62.0492993408
6569 61.7193094095
6583 61.7098073727
6589 61.5578187300
6596 61.5307114244
6621 60.7131577423
6702 60.3343978827
6715 60.3231355485
6716 59.9053429984
6766 59.9001801314
6779 59.6697461276
6817 59.6681973975
6841 59.2397659594
6862 59.0461422156
6895 58.8510344768
6976 58.6998640518
7006 58.6789010738
7007 58.5486472399
7029 58.5445341661
7038 58.4792930505
7114 58.4154368224
7126 58.3870890464
7171 58.3723116101
7177 58.2912201109
7185 58.2466978373
7223 58.1735202793
7291 58.1674052514
7307 58.1494792620
7308 58.1212280432
7334 58.1115852865
7335 58.1067394979
7369 58.0213575446
7472 57.8927911946
7539 57.8790452883
7609 57.8716631668
7731 57.8675483861
7748 57.8646834618
7756 57.8588652722
7761 57.8501381201
7816 57.8391958364
7820 57.8217373101
7853 57.8149899141
7863 57.8120709500
7878 57.8021685645
7895 57.7991117976
7902 57.7905092130
7907 57.7887953406
7934 57.7854998439
7940 57.7826179984
7983 57.7807440386
8001 57.7761033159
8032 57.7722020889
8122 57.7712628074
8132 57.7609597955
8151 57.7599117796
8182 57.7578855998
8210 57.7536489099
8219 57.7529248836
8230 57.7523742787
8233 57.7517471300
8258 57.7487935694
8285 57.7476513711
8337 57.7445158486
8341 57.7442477090
8342 57.7434272229
8370 57.7412360453
8374 57.7405771874
8404 57.7401998906
8405 57.7385170297
8431 57.7363902933
8466 57.7319496263
8552 57.7301281355
8597 57.7299088641
8620 57.7294954624
8628 57.7286678753
8649 57.7283869613
8662 57.7280103820
8671 57.7279172477
8674 57.7271673647
8690 57.7258084894
8713 57.7240170228
8787 57.7239496840
8822 57.7226961543
8853 57.7225853763
8902 57.7220189688
8963 57.7212017397
8999 57.7210470456
9016 57.7210280605
9040 57.7206614716
9043 57.7202059971
9062 57.7195540277
9067 57.7182894802
9198 57.7179920956
9219 57.7178141010
9239 57.7175097113
9245 57.7174654383
9246 57.7173887615
9257 57.7172113416
9267 57.7166529023
9292 57.7164718786
9299 57.7160531997
9348 57.7160145778
9365 57.7157025982
9422 57.7155224960
9434 57.7154245437
9460 57.7153984080
9474 57.7152622322
9501 57.7150969789
9513 57.7147487566
9550 57.7139842564
9620 57.7138397316
9624 57.7135773691
9733 57.7134111820
9778 57.7132132173
9784 57.7131041681
9794 57.7130682789
9844 57.7129734675
9860 57.7128741645
9872 57.7127699878
9894 57.7126058516
9903 57.7126006365
9907 57.7122669746
9983 57.7121896213
9996 57.7121023060
10007 57.7119492421
10041 57.7117782061
10090 57.7114721446
10114 57.7114446701
10132 57.7114101338
10143 57.7112773197
10193 57.7111554758
10202 57.7110188774
10217 57.7109669856
10257 57.7108772022
10273 57.7107754506
10289 57.7107584022
10299 57.7103471982
10336 57.7102118300
10363 57.7102001593
10385 57.7100562699
10394 57.7099460714
10473 57.7096938832
10505 57.7096393966
10508 57.7096036364
10511 57.7095576052
10529 57.7095194963
10572 57.7094825232
10576 57.7094673803
10603 57.7094349400
10645 57.7092463481
10697 57.7091956277
10720 57.7090185272
10729 57.7090075264
10817 57.7089497789
10832 57.7089222202
10845 57.7088438026
10854 57.7087987182
10914 57.7087727514
10916 57.7087262290
10934 57.7086033553
11032 57.7085356496
11057 57.7085187787
11059 57.7085158025
11060 57.7085063616
11064 57.7084840325
11084 57.7084836952
11090 57.7084833654
11097 57.7084626713
11099 57.7083951570
11115 57.7083919657
11133 57.7083549239
11137 57.7083334718
11154 57.7082669759
11170 57.7082357171
11184 57.7082314501
11194 57.7082206501
11196 57.7081766295
11247 57.7081483214
11265 57.7081063365
11289 57.7080941351
11304 57.7080763488
11313 57.7080254712
11344 57.7079791446
11362 57.7079779551
11401 57.7079532236
11409 57.7079254776
11587 57.7079122637
11606 57.7078970588
11635 57.7078957970
11655 57.7078934364
11659 57.7078893206
11668 57.7078797621
11671 57.7078751007
11676 57.7078539290
11708 57.7078329500
11720 57.7078218566
11735 57.7078151086
11746 57.7078070570
11753 57.7077724442
11768 57.7077712311
11793 57.7077613931
11811 57.7077591806
11822 57.7077562747
11832 57.7077413333
11869 57.7077397387
11887 57.7077317896
11926 57.7077315541
11928 57.7077248542
11949 57.7077141054
11959 57.7077111714
11962 57.7077102835
11971 57.7077027850
11987 57.7077008330
12015 57.7076869501
12056 57.7076809840
12079 57.7076748278
12121 57.7076663828
12138 57.7076649112
12184 57.7076643485
12193 57.7076604547
12199 57.7076508835
12218 57.7076496967
12223 57.7076445535
12226 57.7076397877
12241 57.7076362440
12258 57.7076351006
12259 57.7076299029
12274 57.7076295976
12278 57.7076236554
12288 57.7076213341
12301 57.7076192403
12326 57.7076190820
12391 57.7076129301
12527 57.7076113467
12538 57.7076094254
12556 57.7076029107
12593 57.7075992720
12625 57.7075975508
12640 57.7075945709
12655 57.7075933207
12668 57.7075929915
12671 57.7075877164
12686 57.7075855603
12698 57.7075854619
12720 57.7075845449
12747 57.7075814073
12848 57.7075802483
12892 57.7075802328
12932 57.7075777583
12967 57.7075760955
13024 57.7075759143
13032 57.7075736875
13077 57.7075731828
13087 57.7075731175
13120 57.7075728003
13158 57.7075724598
13182 57.7075719669
13202 57.7075717286
13210 57.7075712390
13213 57.7075710397
13224 57.7075704052
13231 57.7075701475
13233 57.7075689939
13266 57.7075685963
13307 57.7075682600
13326 57.7075680247
13353 57.7075679481
13372 57.7075676461
13381 57.7075675494
13402 57.7075673026
13407 57.7075670199
13411 57.7075669545
13422 57.7075668464
13431 57.7075667991
13455 57.7075664239
13602 57.7075664034
13606 57.7075661881
13614 57.7075660794
13638 57.7075660329
13681 57.7075660288
13684 57.7075659864
13713 57.7075659627
13724 57.7075658773
13727 57.7075658421
13730 57.7075657178
13741 57.7075657012
13761 57.7075656058
13779 57.7075655693
13787 57.7075655626
13800 57.7075654557
13803 57.7075654359
13822 57.7075654147
13834 57.7075652618
13936 57.7075652291
13963 57.7075652049
14008 57.7075651918
14053 57.7075651016
14092 57.7075651004
14109 57.7075650985
14125 57.7075650523
14136 57.7075650183
14175 57.7075649981
14186 57.7075649911
14212 57.7075649906
14220 57.7075649893
14221 57.7075649856
14227 57.7075649740
14240 57.7075649671
14266 57.7075649448
14270 57.7075649382
14341 57.7075649179
14356 57.7075648924
14390 57.7075648891
14409 57.7075648859
14434 57.7075648734
14561 57.7075648701
14566 57.7075648678
14569 57.7075648667
14572 57.7075648652
14586 57.7075648597
14607 57.7075648585
14608 57.7075648569
14626 57.7075648505
14642 57.7075648412
14716 57.7075648401
14742 57.7075648386
14755 57.7075648353
14775 57.7075648340
14830 57.7075648322
14832 57.7075648313
14846 57.7075648302
14929 57.7075648292
15005 57.7075648279
15020 57.7075648277
15045 57.7075648275
15047 57.7075648271
15066 57.7075648254
15095 57.7075648243
15141 57.7075648234
15158 57.7075648213
15209 57.7075648203
15212 57.7075648196
15302 57.7075648193
15337 57.7075648180
15341 57.7075648177
15354 57.7075648176
15377 57.7075648176
15430 57.7075648173
15443 57.7075648166
15448 57.7075648161
15456 57.7075648157
15490 57.7075648157
15528 57.7075648156
15540 57.7075648155
15549 57.7075648150
15575 57.7075648147
15605 57.7075648146
15644 57.7075648141
15692 57.7075648139
15706 57.7075648137
15727 57.7075648136
15743 57.7075648136
15770 57.7075648135
15811 57.7075648132
15870 57.7075648131
15887 57.7075648130
15905 57.7075648129
15926 57.7075648129
15937 57.7075648128
15982 57.7075648127
16011 57.7075648127
16023 57.7075648127
16056 57.7075648126
16068 57.7075648126
16075 57.7075648125
16084 57.7075648125
16121 57.7075648125
16125 57.7075648125
16148 57.7075648124
16190 57.7075648124
16226 57.7075648124
16241 57.7075648124
16279 57.7075648124
16292 57.7075648124
16299 57.7075648123
16364 57.7075648123
16384 57.7075648123
16396 57.7075648123
16397 57.7075648123
16418 57.7075648122
16445 57.7075648122
16448 57.7075648122
16520 57.7075648122
16544 57.7075648122
16583 57.7075648122
16592 57.7075648122
16646 57.7075648122
16661 57.7075648122
16815 57.7075648122
16856 57.7075648122
16914 57.7075648122
16952 57.7075648122
16968 57.7075648122
16988 57.7075648122
17000 57.7075648122
17016 57.7075648122
17018 57.7075648122
17066 57.7075648122
17142 57.7075648121
17164 57.7075648121
17169 57.7075648121
17248 57.7075648121
17255 57.7075648121
17303 57.7075648121
17351 57.7075648121
17373 57.7075648121
17457 57.7075648121
17461 57.7075648121
17482 57.7075648121
17525 57.7075648121
17540 57.7075648121
17546 57.7075648121
17675 57.7075648121
17778 57.7075648121
17854 57.7075648121
18083 57.7075648121
18405 57.7075648121
evaluations raw_y
1 3267.5498511317
4 2959.5485457500
18 2692.3487050112
20 2438.5268510570
59 2252.9764478324
111 2190.5767251731
112 2001.4568765143
122 1967.9625611155
145 1950.6964567771
154 1922.0747470126
157 1786.1785969529
178 1751.8569331054
181 1718.3631038180
182 1653.5520265427
199 1444.4850039531
238 1396.8321080100
259 1288.7518106416
281 1246.2028537838
311 1223.7429292609
315 1118.8843975596
320 1051.3255167448
345 1024.4592754219
373 1003.2585719726
376 968.2038213216
388 966.6565517105
393 958.6504351286
479 898.7777311233
526 759.2847032445
554 729.6288949841
624 724.1308794176
631 716.3579200888
661 585.9338946167
719 584.3956770050
763 582.4933442126
767 574.3394112554
775 479.2001432246
936 457.5247809467
977 452.4602332042
993 435.2932768343
1028 425.3038138209
1090 398.3805572833
1222 397.4679355934
1324 395.1687279859
1376 394.7099155507
1625 375.6317493144
1697 373.2989645539
1887 366.9630586724
3181 350.1367003966
3489 347.7220024294
3588 338.9253187183
3944 332.1633572606
4208 329.8518743155
4227 328.3694576671
4240 266.9104221061
4260 264.5316436370
4274 257.4489503769
4457 249.8495954579
4488 246.8424743355
4505 225.4753108113
4573 200.9494244346
4643 191.0329616398
4676 186.3442632086
4715 183.0950710632
4778 181.8215977810
4801 163.3439794554
4861 150.4842333960
4896 145.2134601518
4902 134.7044695608
4922 134.1509951224
4935 133.8254421894
4937 133.2173705360
4962 122.0057848996
5011 115.7136250422
5092 111.0138476769
5144 106.4635516781
5154 105.5219096047
5164 105.3453070610
5192 101.7218247583
5224 101.1543038672
5229 97.4373736496
5231 96.1552424640
5238 93.0031097599
5285 91.0918601140
5350 88.1628820889
5369 87.3357054352
5424 86.6351290567
5445 86.2321219488
5454 84.8144220216
5458 84.5051282637
5497 83.1143077534
5510 83.0987553811
5600 81.3808407218
5618 81.2877967240
5637 80.1062316277
5653 79.0044038387
5691 78.9309774134
5698 78.2674825985
5754 77.6970653365
5873 77.5683528013
5919 77.3084487147
5926 77.2608791705
5933 76.9951230606
5963 76.5212087612
5977 76.4350269760
5988 76.0404601600
6024 75.9478663296
6044 75.5862914925
6070 75.4634484827
6121 75.3583757137
6137 75.2645063631
6183 75.1671232029
6184 74.9903296999
6207 74.8745000263
6267 74.8596048516
6268 74.7795677963
6292 74.6686196703
6309 74.6210019990
6381 74.5060265858
6460 74.4990412510
6466 74.4749016470
6491 74.4284444027
6517 74.3939639502
6545 74.3642975247
6575 74.3400808870
6591 74.3322666529
6596 74.2834359525
6602 74.2644517471
6641 74.2574379452
6661 74.2479609496
6663 74.1306948636
6832 74.1287734396
6833 74.1282626767
6840 74.1137302532
6843 74.1020823011
6860 74.1000235010
6892 74.0927751436
6897 74.0785507599
6905 74.0696132917
6910 74.0434249016
6967 74.0424738562
6983 74.0293728069
6986 74.0287826742
6993 74.0103935864
7010 74.0056786678
7054 73.9989167686
7082 73.9986306707
7083 73.9664801296
7146 73.9536408907
7263 73.9494032555
7278 73.9451561139
7289 73.9411851185
7331 73.9371809893
7335 73.9325698558
7336 73.9303558199
7338 73.9293772760
7339 73.9191294860
7366 73.9186056188
7368 73.9184114860
7380 73.9146093102
7385 73.9106982299
7474 73.9066297145
7475 73.9057183197
7486 73.9024452033
7497 73.9014912505
7515 73.8936831359
7579 73.8870307334
7635 73.8804052720
7671 73.8766448192
7681 73.8729290200
7687 73.8696667881
7717 73.8634860561
7749 73.8606216598
7779 73.8598231324
7804 73.8561407895
7807 73.8560049130
7810 73.8554942977
7814 73.8533385528
7817 73.8446614137
7833 73.8411010139
7837 73.8398763888
7869 73.8375325059
7928 73.8285551182
8016 73.8241560094
8037 73.8186149289
8050 73.8148291460
8083 73.8128713567
8095 73.8080282214
8107 73.8076293809
8111 73.8018063032
8125 73.8011551758
8133 73.7983061095
8151 73.7946621623
8155 73.7908730897
8169 73.7887246102
8206 73.7877851695
8221 73.7804503252
8332 73.7712795771
8335 73.7669748815
8347 73.7552684545
8403 73.7530311639
8405 73.7369885282
8454 73.7350486693
8510 73.7345903763
8519 73.7221788964
8608 73.7123386121
8643 73.7107136045
8657 73.7088726875
8676 73.7083127121
8686 73.6999308934
8688 73.6914870606
8724 73.6832232677
8795 73.6825169862
8821 73.6787954769
8827 73.6749912912
8857 73.6731935330
8874 73.6709600839
8894 73.6673931101
8906 73.6637049627
8964 73.6620724697
9025 73.6559115433
9050 73.6553734247
9066 73.6526672751
9082 73.6504540469
9105 73.6498072028
9112 73.6480588522
9155 73.6452521184
9171 73.6451169452
9179 73.6448758009
9185 73.6423410786
9256 73.6403553681
9341 73.6354123380
9479 73.6350378999
9501 73.6344624507
9514 73.6340343041
9550 73.6331667443
9670 73.6326348474
9691 73.6321509862
9721 73.6306094698
9835 73.6304111416
9845 73.6301332254
9872 73.6300896106
9874 73.6297224292
9897 73.6296948651
9900 73.6294207340
9912 73.6291934834
9913 73.6290544471
9937 73.6289271644
10017 73.6287320897
10037 73.6284140568
10129 73.6283497190
10149 73.6280572826
10183 73.6279304388
10254 73.6278021863
10314 73.6277574568
10321 73.6277208889
10343 73.6277110574
10350 73.6276462937
10366 73.6276296041
10377 73.6275923433
10385 73.6274541304
10400 73.6273794804
10427 73.6273536034
10455 73.6273109982
10464 73.6272676812
10528 73.6272428165
10618 73.6271925216
10660 73.6271507856
10706 73.6271426241
10731 73.6271306017
10734 73.6271159182
10741 73.6271102120
10765 73.6270951082
10792 73.6270934968
10793 73.6270823495
10820 73.6270633345
10859 73.6270307971
10882 73.6269827506
10962 73.6269789958
10984 73.6269277189
11070 73.6269235536
11166 73.6269031996
11247 73.6268920083
11324 73.6268891850
11338 73.6268874666
11346 73.6268835051
11396 73.6268824255
11423 73.6268801229
11440 73.6268773167
11458 73.6268687987
11479 73.6268658159
11492 73.6268649547
11511 73.6268622938
11552 73.6268603943
11557 73.6268596463
11580 73.6268572109
11607 73.6268565979
11652 73.6268553948
11676 73.6268551795
11686 73.6268532281
11699 73.6268530740
11746 73.6268524930
11759 73.6268514715
11768 73.6268508605
11769 73.6268492350
11780 73.6268488852
11836 73.6268483575
11858 73.6268475963
11880 73.6268474664
11887 73.6268469879
11914 73.6268454723
11934 73.6268453169
11971 73.6268443378
11991 73.6268440437
12026 73.6268434683
12028 73.6268429307
12074 73.6268426908
12095 73.6268426890
12115 73.6268426082
12169 73.6268418231
12200 73.6268417494
12210 73.6268416689
12215 73.6268414392
12218 73.6268412422
12223 73.6268406715
12249 73.6268405881
12256 73.6268404824
12292 73.6268403374
12364 73.6268403244
12371 73.6268403063
12392 73.6268402767
12405 73.6268402061
12411 73.6268401480
12413 73.6268400480
12461 73.6268398878
12475 73.6268397099
12486 73.6268396072
12502 73.6268395905
12570 73.6268395892
12580 73.6268395614
12600 73.6268394582
12646 73.6268394368
12666 73.6268393948
12670 73.6268393538
12691 73.6268393536
12719 73.6268393460
12726 73.6268393303
12759 73.6268392945
12826 73.6268392788
12858 73.6268392719
12873 73.6268392663
12880 73.6268392616
12907 73.6268392540
12938 73.6268392459
12940 73.6268392299
12943 73.6268392163
12949 73.6268392038
12965 73.6268392026
12998 73.6268391828
13015 73.6268391671
13043 73.6268391651
13063 73.6268391590
13070 73.6268391585
13107 73.6268391538
13199 73.6268391492
13206 73.6268391373
13271 73.6268391369
13280 73.6268391346
13282 73.6268391272
13365 73.6268391245
13389 73.6268391200
13445 73.6268391199
13452 73.6268391189
13466 73.6268391181
13475 73.6268391166
13583 73.6268391143
13604 73.6268391129
13615 73.6268391120
13693 73.6268391118
13695 73.6268391110
13698 73.6268391107
13733 73.6268391103
13748 73.6268391101
13751 73.6268391101
13755 73.6268391098
13773 73.6268391090
13789 73.6268391089
13807 73.6268391086
13828 73.6268391083
13832 73.6268391080
13868 73.6268391077
13921 73.6268391076
13947 73.6268391076
13956 73.6268391074
13969 73.6268391072
13974 73.6268391070
13998 73.6268391070
14011 73.6268391069
14020 73.6268391068
14032 73.6268391067
14051 73.6268391064
14098 73.6268391063
14111 73.6268391061
14113 73.6268391061
14123 73.6268391060
14161 73.6268391060
14162 73.6268391060
14184 73.6268391060
14211 73.6268391060
14228 73.6268391058
14255 73.6268391057
14311 73.6268391057
14327 73.6268391057
14359 73.6268391057
14391 73.6268391056
14417 73.6268391055
14439 73.6268391055
14465 73.6268391055
14487 73.6268391055
14510 73.6268391055
14511 73.6268391055
14519 73.6268391054
14562 73.6268391054
14607 73.6268391054
14643 73.6268391054
14657 73.6268391054
14661 73.6268391054
14719 73.6268391054
14720 73.6268391054
14740 73.6268391054
14752 73.6268391054
14793 73.6268391054
14797 73.6268391053
14858 73.6268391053
14880 73.6268391053
14881 73.6268391053
14905 73.6268391053
14918 73.6268391053
14926 73.6268391053
14930 73.6268391053
14974 73.6268391053
15033 73.6268391053
15039 73.6268391053
15107 73.6268391053
15111 73.6268391053
15119 73.6268391053
15126 73.6268391053
15140 73.6268391053
15151 73.6268391053
15181 73.6268391053
15204 73.6268391053
15231 73.6268391053
15315 73.6268391053
15344 73.6268391053
15364 73.6268391053
15379 73.6268391053
15441 73.6268391053
15449 73.6268391053
15476 73.6268391053
15481 73.6268391053
15483 73.6268391053
15519 73.6268391053
15527 73.6268391053
15542 73.6268391053
15608 73.6268391053
15631 73.6268391053
15635 73.6268391053
15649 73.6268391053
15654 73.6268391053
15658 73.6268391053
15661 73.6268391053
15690 73.6268391053
15705 73.6268391053
15710 73.6268391053
15753 73.6268391053
15768 73.6268391053
15794 73.6268391053
15838 73.6268391053
15862 73.6268391053
15864 73.6268391053
16038 73.6268391053
16045 73.6268391053
16070 73.6268391053
16079 73.6268391053
16114 73.6268391053
16129 73.6268391053
16202 73.6268391053
16256 73.6268391053
16373 73.6268391053
16406 73.6268391053
16426 73.6268391053
16473 73.6268391053
16537 73.6268391053
17707 73.6268391053
17825 73.6268391053
18273 73.6268391053
18432 73.6268391053
110971 73.6268391053
136920 73.6268391053
evaluations raw_y
1 11596.7666819033
2 7157.0896567700
6 6578.2924300700
13 6114.7431463629
19 4832.0169454921
36 4552.1158232846
42 4238.7364398682
57 4213.7127966827
59 3443.4890836818
65 3291.1690358013
75 3263.1671474697
81 3126.1139454527
83 3075.3356819593
111 2457.2902213017
118 2022.7768968610
164 1973.6366796917
171 1337.9891430011
187 1330.2295801420
192 1328.3658572904
207 1254.6558312449
211 1056.0795153868
214 996.6852804000
228 990.8037222772
247 912.2268654180
396 805.3784089983
405 791.4791398576
415 788.9344124769
430 752.3822512764
487 693.9637206982
518 691.1668045147
545 677.3392853157
577 614.0580737279
677 608.3094253913
691 558.7419344540
767 522.9299332867
769 492.1667821422
776 423.2912611833
1031 414.8458940244
1076 401.3334472991
1084 368.2197231715
2101 352.2904152749
2490 339.6960799112
2504 339.5585735800
2555 339.3683173002
3289 317.9843065289
3423 300.3285043217
3514 279.5029440757
3553 267.1084138686
3606 261.0592846057
3617 253.0943083425
3621 239.2145922897
3677 238.9986497285
3687 223.3501546779
3688 218.1979386807
3725 212.8559031536
3743 189.5303431984
3788 183.1276249435
3814 171.6184753355
3926 159.7866511117
3970 147.7693743487
4057 144.8769579539
4065 140.1424850112
4069 136.7602483895
4073 136.2736310627
4097 132.3547796888
4219 124.5155976681
4311 120.2192321842
4336 116.6262591203
4430 116.3734738394
4473 116.0740747361
4486 113.0304826589
4521 112.6777549211
4530 112.2185374777
4554 112.1856765228
4560 111.1553658987
4585 109.9591132802
4601 109.2406556027
4602 109.1858886408
4618 108.1473733514
4619 107.6971022847
4687 107.5257674182
4692 106.9012316701
4714 106.8420013969
4715 104.9638901580
4735 104.1040411938
4751 103.0943158609
4775 103.0813584825
4786 102.8073036987
4810 102.3860922301
4827 101.6035839112
4845 100.7936066651
4877 100.6800707603
4883 100.5466799657
4889 100.4964705787
4993 100.4123419041
5026 100.3804987417
5029 100.1635992806
5037 100.1550127923
5052 99.8939155346
5059 99.7739383465
5075 99.2533281006
5092 99.1582806358
5126 98.8962697493
5135 98.4494071843
5241 97.7602705959
5273 97.3514987941
5307 97.3241229330
5355 97.3204324719
5380 97.1957437646
5386 97.1890314268
5432 97.0751829918
5446 96.9884805971
5451 96.7855402543
5589 96.7133123362
5597 96.4842170038
5683 96.4156327773
5706 96.3367460482
5723 96.2568226905
5732 96.2216236099
5738 96.2084723124
5757 96.1634352014
5763 96.1513565944
5794 96.0912220331
5823 96.0598370996
5837 96.0132907422
5869 95.9699483580
5915 95.8955653035
5951 95.8504756041
6072 95.8458184532
6123 95.8415064362
6128 95.8344844379
6134 95.8300034015
6138 95.8011109877
6146 95.7936108447
6157 95.7816078694
6168 95.7807893211
6169 95.7633333432
6181 95.7567268903
6215 95.7541797502
6245 95.7296057653
6273 95.7202422129
6308 95.7196393585
6309 95.7025244733
6339 95.6846690282
6387 95.6720546014
6414 95.6699677302
6469 95.6634336896
6588 95.6629168418
6611 95.6596403503
6615 95.6433021848
6634 95.6380169618
6649 95.6371078230
6715 95.6332007558
6722 95.6280544919
6798 95.6275599326
6807 95.6260534659
6845 95.6149983751
6875 95.6144049334
6885 95.6143938277
6889 95.6080270325
7002 95.6063399690
7006 95.5945497513
7094 95.5941275818
7102 95.5940684014
7104 95.5930151931
7105 95.5927890888
7109 95.5903533683
7140 95.5890673823
7165 95.5862334212
7174 95.5810320521
7213 95.5802488050
7216 95.5799112668
7233 95.5798292848
7250 95.5777995762
7256 95.5765399998
7273 95.5758477602
7282 95.5722410958
7306 95.5722084143
7307 95.5719063302
7324 95.5710403764
7332 95.5690620395
7381 95.5672947159
7429 95.5661836945
7447 95.5635593326
7464 95.5613359520
7480 95.5582457615
7507 95.5573205229
7516 95.5572475349
7521 95.5566735299
7526 95.5544910155
7535 95.5544538559
7593 95.5543528994
7599 95.5541505713
7603 95.5539343794
7606 95.5498428714
7637 95.5456002794
7649 95.5439677965
7702 95.5436464197
7705 95.5422011815
7780 95.5419456669
7789 95.5391575379
7799 95.5368145248
7832 95.5342665140
7867 95.5331614721
7930 95.5308165095
7973 95.5281866162
8020 95.5270412875
8047 95.5266643366
8059 95.5258307677
8071 95.5240937658
8086 95.5221243164
8152 95.5220523754
8180 95.5218152696
8223 95.5217192727
8241 95.5216933556
8257 95.5214778797
8273 95.5212590185
8281 95.5206124608
8309 95.5203521484
8325 95.5201894705
8405 95.5197698977
8427 95.5196487605
8453 95.5192934028
8465 95.5188087736
8466 95.5183366656
8534 95.5180933176
8547 95.5179748606
8550 95.5178722304
8591 95.5178045538
8597 95.5173889260
8621 95.5169196140
8789 95.5168833884
8791 95.5168050853
8797 95.5167450147
8815 95.5166762429
8823 95.5166252263
8825 95.5165465319
8868 95.5164680497
8871 95.5163926240
8928 95.5163630765
8936 95.5163273071
8960 95.5163160720
8976 95.5162919565
8985 95.5162916870
8987 95.5161941154
8993 95.5161623162
9041 95.5161485300
9056 95.5161448343
9058 95.5161033850
9127 95.5160849590
9166 95.5160833432
9173 95.5160718505
9182 95.5160436771
9185 95.5160353987
9190 95.5160310239
9203 95.5160265080
9213 95.5160095702
9249 95.5160063532
9259 95.5159869194
9287 95.5159823900
9292 95.5159748527
9318 95.5159716239
9331 95.5159669998
9332 95.5159637676
9347 95.5159590173
9348 95.5159531400
9371 95.5159491004
9378 95.5159465848
9387 95.5159373038
9409 95.5159369611
9460 95.5159275733
9464 95.5159258864
9481 95.5159162560
9489 95.5159155178
9527 95.5159100579
9568 95.5159052291
9658 95.5158991220
9691 95.5158938845
9736 95.5158925533
9766 95.5158922707
9768 95.5158898367
9791 95.5158879953
9826 95.5158879897
9862 95.5158853919
9874 95.5158837843
9895 95.5158825848
9901 95.5158825297
9996 95.5158817025
9998 95.5158815243
10001 95.5158805478
10006 95.5158787177
10094 95.5158776996
10130 95.5158776817
10131 95.5158768503
10179 95.5158764668
10217 95.5158763323
10233 95.5158760915
10248 95.5158759054
10263 95.5158755758
10290 95.5158747669
10333 95.5158747396
10377 95.5158745147
10390 95.5158743651
10406 95.5158741082
10440 95.5158739853
10476 95.5158739841
10552 95.5158736785
10595 95.5158735819
10618 95.5158735539
10619 95.5158735054
10627 95.5158734912
10632 95.5158734653
10637 95.5158733608
10681 95.5158733503
10709 95.5158733475
10733 95.5158732881
10766 95.5158732536
10771 95.5158731099
10855 95.5158730624
10895 95.5158730478
10899 95.5158730200
10910 95.5158729875
10937 95.5158729682
10954 95.5158729538
11037 95.5158729393
11046 95.5158729336
11056 95.5158729219
11084 95.5158729089
11108 95.5158728952
11118 95.5158728889
11123 95.5158728823
11164 95.5158728681
11185 95.5158728511
11211 95.5158728491
11310 95.5158728468
11316 95.5158728349
11328 95.5158728330
11331 95.5158728238
11361 95.5158728221
11377 95.5158728206
11399 95.5158728206
11413 95.5158728160
11444 95.5158728138
11469 95.5158728119
11473 95.5158728098
11516 95.5158728028
11596 95.5158727935
11681 95.5158727934
11734 95.5158727929
11749 95.5158727926
11752 95.5158727916
11760 95.5158727915
11768 95.5158727909
11781 95.5158727907
11809 95.5158727904
11811 95.5158727903
11815 95.5158727881
11823 95.5158727864
11912 95.5158727862
11916 95.5158727852
11942 95.5158727848
11959 95.5158727848
11981 95.5158727844
12012 95.5158727838
12026 95.5158727837
12045 95.5158727834
12083 95.5158727833
12094 95.5158727831
12101 95.5158727824
12131 95.5158727819
12144 95.5158727815
12171 95.5158727813
12221 95.5158727812
12300 95.5158727810
12301 95.5158727809
12310 95.5158727809
12329 95.5158727805
12372 95.5158727805
12377 95.5158727802
12408 95.5158727801
12426 95.5158727801
12431 95.5158727801
12440 95.5158727800
12446 95.5158727796
12552 95.5158727796
12588 95.5158727795
12630 95.5158727794
12657 95.5158727794
12685 95.5158727793
12697 95.5158727793
12698 95.5158727793
12717 95.5158727792
12751 95.5158727792
12764 95.5158727792
12766 95.5158727791
12803 95.5158727791
12813 95.5158727791
12814 95.5158727791
12836 95.5158727791
12841 95.5158727791
12843 95.5158727790
12871 95.5158727790
12885 95.5158727790
12986 95.5158727790
13010 95.5158727790
13025 95.5158727790
13026 95.5158727790
13064 95.5158727790
13077 95.5158727790
13096 95.5158727789
13147 95.5158727789
13171 95.5158727789
13197 95.5158727789
13199 95.5158727789
13211 95.5158727789
13226 95.5158727789
13335 95.5158727789
13381 95.5158727789
13417 95.5158727789
13449 95.5158727789
13470 95.5158727789
13473 95.5158727789
13504 95.5158727789
13507 95.5158727788
13516 95.5158727788
13518 95.5158727788
13625 95.5158727788
13640 95.5158727788
13664 95.5158727788
13668 95.5158727788
13721 95.5158727788
13810 95.5158727788
13817 95.5158727788
13841 95.5158727788
13854 95.5158727788
13864 95.5158727788
13967 95.5158727788
13977 95.5158727788
13989 95.5158727788
13991 95.5158727788
14000 95.5158727788
14012 95.5158727788
14027 95.5158727788
14049 95.5158727788
14063 95.5158727788
14067 95.5158727788
14093 95.5158727788
14097 95.5158727788
14127 95.5158727788
14167 95.5158727788
14206 95.5158727788
14216 95.5158727788
14221 95.5158727788
14250 95.5158727788
14257 95.5158727788
14267 95.5158727788
14283 95.5158727788
14315 95.5158727788
14321 95.5158727788
14346 95.5158727788
14356 95.5158727788
14363 95.5158727788
14383 95.5158727788
14541 95.5158727788
14594 95.5158727788
14606 95.5158727788
14638 95.5158727788
14710 95.5158727788
14767 95.5158727788
14793 95.5158727788
14843 95.5158727788
14860 95.5158727788
14977 95.5158727788
15020 95.5158727788
15537 95.5158727788
15581 95.5158727788
15586 95.5158727788
16550 95.5158727788
19874 95.5158727788
24935 95.5158727788
70205 95.5158727788
133949 95.5158727788
201741 95.5158727788
359565 95.5158727788
evaluations raw_y
1 5781.9159193223
2 4694.2435915222
5 2958.7043091224
11 2627.9600513730
17 2299.5650469007
35 2208.2106367681
57 2205.4570852833
59 1909.8802129714
61 1768.2362416921
79 1609.5851975973
95 1413.6014973805
107 1321.5684267385
158 1183.2514281422
176 1122.8948596629
198 1091.0091828160
257 1049.4733121279
274 971.7344875569
291 925.3326543295
339 919.0814053305
353 869.5374790015
409 817.2747577984
454 791.6340460005
477 731.1873847582
531 719.8591794347
561 708.3923456045
566 661.4469735326
578 654.3841588153
581 653.9069692912
628 616.7772304289
787 609.1820911136
801 598.6924558130
802 527.5592318093
811 507.3957379209
862 489.7008960228
892 462.1269878985
1017 441.9119922371
1039 432.5002287963
1292 426.0796913781
1337 372.0859100689
1767 366.3610216186
1771 360.4792820380
1907 341.9204466862
2630 334.8727155251
2674 321.8706637168
2727 317.5732987385
2743 299.5812088995
2766 229.6602797047
3026 226.5336108407
3039 218.3842778819
3061 204.8468327061
3077 197.8802819521
3132 195.5814020427
3143 183.4736836019
3175 182.6151611458
3179 174.5283831565
3187 170.4913987896
3210 161.6856734421
3235 146.4773191452
3297 144.0268630281
3307 138.7779968440
3364 138.4077155491
3381 134.4673480239
3401 130.1827232312
3413 122.0820880525
3444 120.4439747616
3456 115.3754616901
3489 114.7438830865
3568 114.2539283047
3588 113.0346620619
3608 111.7050474287
3616 111.1150918401
3637 109.2966228199
3771 108.5016925250
3773 105.5094984457
3790 105.0741123832
3822 101.2257446703
3930 98.8038548250
3974 97.7994060594
4020 97.4539899471
4076 97.0258781247
4105 96.9297281144
4111 96.7116966461
4115 96.4433542969
4134 95.9156652032
4219 94.5544375798
4273 93.4234269337
4275 93.2480320611
4295 92.8864976046
4370 92.6198479262
4375 92.5614557415
4387 92.3930542563
4394 92.3390305488
4398 91.6878871152
4434 91.3096263927
4548 91.0066203448
4675 90.9314683154
4686 90.8344619029
4712 90.6115399811
4755 90.4965553713
4791 90.3598767868
4800 90.3028469154
4831 90.2309122340
4848 90.1168287806
4853 90.0121215046
4863 89.9350233652
4865 89.9009301394
4927 89.8972817002
4941 89.8433859154
4971 89.6326361390
4984 89.4934365012
5005 89.4842984545
5022 89.4614153079
5053 89.4529360691
5060 89.2808000480
5086 89.1759757036
5113 89.1223237149
5118 88.9006011340
5149 88.8571423839
5191 88.7884922647
5230 88.6921428697
5269 88.6139177987
5293 88.5783675388
5295 88.5450874927
5325 88.4740767296
5337 88.3985257793
5343 88.3444130551
5504 88.3036710710
5528 88.2874373776
5564 88.1846084493
5624 88.0922147088
5678 88.0915993956
5721 88.0596532568
5731 88.0094160062
5757 87.9947875634
5792 87.8660265010
5898 87.8291042376
5914 87.8103089976
5991 87.7605321660
6080 87.7556460429
6201 87.7456971894
6215 87.7438993308
6245 87.7400031405
6250 87.7336483352
6264 87.7248406924
6268 87.7247315479
6275 87.7217814568
6282 87.7144750005
6288 87.7119451862
6304 87.7106235528
6314 87.7070758971
6326 87.7063328896
6344 87.6954304099
6356 87.6930903743
6366 87.6905178821
6372 87.6838759150
6383 87.6831276514
6392 87.6790784186
6420 87.6716950106
6426 87.6714903054
6465 87.6685702865
6490 87.6668466376
6539 87.6655374701
6541 87.6639366134
6544 87.6631356918
6556 87.6595080086
6576 87.6579696525
6624 87.6501297786
6650 87.6471611723
6664 87.6451558919
6701 87.6406321567
6721 87.6388387335
6750 87.6363370573
6751 87.6334286716
6754 87.6279147462
6819 87.6269621615
6844 87.6233576366
6858 87.6139841918
7014 87.6109620867
7024 87.6102898424
7028 87.6083289923
7040 87.6057992720
7094 87.6034946764
7097 87.6032319155
7113 87.5997896264
7144 87.5993018272
7147 87.5982193587
7156 87.5923237597
7248 87.5915210635
7256 87.5905394731
7286 87.5871697677
7293 87.5862883420
7314 87.5858367243
7331 87.5842204893
7348 87.5836698718
7353 87.5821356656
7404 87.5819294498
7435 87.5795728232
7472 87.5794224677
7481 87.5783708051
7494 87.5760430124
7515 87.5759714042
7536 87.5745923766
7617 87.5707286983
7644 87.5699892878
7729 87.5693802175
7757 87.5691130922
7758 87.5689524359
7766 87.5665685623
7794 87.5661403894
7799 87.5659405482
7848 87.5654033996
7863 87.5648366560
7870 87.5645909780
7884 87.5645757528
7908 87.5642850997
7921 87.5636763355
7935 87.5634902650
7940 87.5634524123
7955 87.5630603019
7970 87.5615985827
8014 87.5602699531
8101 87.5585584171
8436 87.5581071045
8508 87.5580793615
8530 87.5580381918
8549 87.5579657886
8551 87.5579459205
8556 87.5577881041
8563 87.5576829355
8656 87.5576299817
8686 87.5575102446
8707 87.5574920100
8736 87.5574376307
8740 87.5574368715
8760 87.5574363595
8764 87.5573499461
8769 87.5573371155
8793 87.5572249716
8840 87.5572104911
8851 87.5571812526
8867 87.5571595075
8878 87.5571192765
8915 87.5570670809
8926 87.5569719874
9042 87.5569694314
9055 87.5569185273
9090 87.5568807654
9094 87.5568726046
9122 87.5568597148
9189 87.5568564553
9199 87.5568524499
9205 87.5568467351
9211 87.5568130355
9293 87.5568036392
9329 87.5567903724
9333 87.5567845560
9346 87.5567604009
9352 87.5567335827
9362 87.5567157055
9373 87.5567133771
9445 87.5567078349
9464 87.5567035518
9483 87.5566975527
9485 87.5566942213
9498 87.5566698846
9515 87.5566552167
9559 87.5566446500
9563 87.5566405657
9573 87.5566382439
9582 87.5566072831
9589 87.5566045884
9601 87.5565911570
9686 87.5565746860
9713 87.5565745406
9725 87.5565649270
9763 87.5565633638
9766 87.5565424679
9794 87.5565341537
9818 87.5565330384
9825 87.5565183025
9879 87.5565177883
9890 87.5565125924
9894 87.5564980755
9904 87.5564975207
9918 87.5564918332
9941 87.5564891877
9944 87.5564814918
9961 87.5564803056
9980 87.5564664575
10014 87.5564595361
10073 87.5564583577
10089 87.5564560147
10107 87.5564508091
10113 87.5564477505
10114 87.5564425432
10173 87.5564400904
10195 87.5564368948
10199 87.5564314683
10201 87.5564261723
10206 87.5564199670
10207 87.5564198929
10216 87.5564185266
10220 87.5564159372
10232 87.5564001519
10283 87.5563906294
10287 87.5563891501
10308 87.5563885410
10336 87.5563835355
10369 87.5563827290
10416 87.5563822690
10418 87.5563707629
10434 87.5563704853
10458 87.5563638050
10462 87.5563624703
10476 87.5563588486
10500 87.5563520859
10538 87.5563509123
10561 87.5563505336
10569 87.5563448627
10627 87.5563362452
10639 87.5563304874
10671 87.5563291429
10689 87.5563242463
10743 87.5563237697
10768 87.5563225504
10789 87.5563153743
10798 87.5563078963
10836 87.5563064395
10866 87.5563056006
10867 87.5563043232
10879 87.5563036141
10907 87.5563007266
10909 87.5562977756
10957 87.5562975287
10991 87.5562954637
10997 87.5562905556
11042 87.5562901704
11044 87.5562896650
11066 87.5562875532
11070 87.5562865363
11072 87.5562835071
11096 87.5562826801
11103 87.5562815912
11150 87.5562781500
11210 87.5562759545
11256 87.5562741637
11273 87.5562695450
11320 87.5562685349
11357 87.5562658968
11379 87.5562653805
11412 87.5562648938
11417 87.5562630517
11522 87.5562616478
11581 87.5562607811
11582 87.5562582660
11715 87.5562574166
11747 87.5562567484
11761 87.5562556977
11762 87.5562550335
11799 87.5562538763
11928 87.5562537148
11945 87.5562536537
11977 87.5562532232
11988 87.5562528104
12001 87.5562527875
12020 87.5562527348
12027 87.5562526459
12032 87.5562525445
12070 87.5562524076
12104 87.5562521180
12132 87.5562520791
12212 87.5562520449
12222 87.5562519941
12241 87.5562519511
12271 87.5562519094
12278 87.5562518869
12287 87.5562517194
12312 87.5562516965
12338 87.5562514973
12386 87.5562514943
12438 87.5562514916
12443 87.5562514296
12457 87.5562513859
12468 87.5562513837
12491 87.5562513425
12493 87.5562513310
12515 87.5562513141
12542 87.5562513103
12545 87.5562512245
12559 87.5562512159
12589 87.5562511650
12616 87.5562510870
12631 87.5562510568
12704 87.5562510539
12719 87.5562510194
12757 87.5562510161
12766 87.5562509712
12777 87.5562509543
12805 87.5562509517
12835 87.5562509282
12863 87.5562509088
12893 87.5562508978
12931 87.5562508945
12936 87.5562508872
12971 87.5562508850
12992 87.5562508819
12993 87.5562508647
13016 87.5562508502
13084 87.5562508411
13144 87.5562508376
13156 87.5562508322
13189 87.5562508283
13214 87.5562508264
13221 87.5562508260
13228 87.5562508248
13240 87.5562508216
13250 87.5562508205
13255 87.5562508186
13258 87.5562508184
13267 87.5562508143
13324 87.5562508133
13363 87.5562508091
13422 87.5562508082
13464 87.5562508062
13478 87.5562508055
13514 87.5562508049
13521 87.5562508030
13531 87.5562508026
13548 87.5562508012
13553 87.5562508009
13570 87.5562508009
13611 87.5562507997
13715 87.5562507982
13788 87.5562507980
13798 87.5562507976
13819 87.5562507974
13824 87.5562507954
13951 87.5562507951
13965 87.5562507949
13975 87.5562507947
13995 87.5562507944
14008 87.5562507943
14089 87.5562507942
14095 87.5562507942
14121 87.5562507942
14124 87.5562507942
14125 87.5562507941
14138 87.5562507940
14148 87.5562507939
14151 87.5562507938
14173 87.5562507936
14176 87.5562507930
14265 87.5562507928
14266 87.5562507928
14268 87.5562507926
14306 87.5562507925
14307 87.5562507925
14319 87.5562507925
14349 87.5562507925
14363 87.5562507925
14367 87.5562507924
14370 87.5562507923
14410 87.5562507923
14419 87.5562507921
14443 87.5562507921
14447 87.5562507920
14468 87.5562507920
14473 87.5562507919
14512 87.5562507919
14536 87.5562507918
14557 87.5562507917
14566 87.5562507917
14589 87.5562507917
14642 87.5562507916
14673 87.5562507916
14686 87.5562507915
14701 87.5562507915
14753 87.5562507915
14772 87.5562507914
14789 87.5562507914
14792 87.5562507913
14869 87.5562507913
14942 87.5562507913
14946 87.5562507913
14955 87.5562507913
14964 87.5562507913
14991 87.5562507913
15009 87.5562507912
15108 87.5562507912
15153 87.5562507912
15242 87.5562507912
15282 87.5562507912
15367 87.5562507912
15372 87.5562507912
15406 87.5562507912
15412 87.5562507912
15433 87.5562507912
15489 87.5562507912
15509 87.5562507912
15521 87.5562507912
15565 87.5562507912
15591 87.5562507912
15605 87.5562507912
15646 87.5562507912
15710 87.5562507912
15726 87.5562507912
15780 87.5562507912
15789 87.5562507912
15794 87.5562507912
15806 87.5562507912
15819 87.5562507912
15932 87.5562507912
15962 87.5562507912
15965 87.5562507912
15976 87.5562507912
16008 87.5562507911
16009 87.5562507911
16022 87.5562507911
16117 87.5562507911
16132 87.5562507911
16165 87.5562507911
16183 87.5562507911
16244 87.5562507911
16255 87.5562507911
16264 87.5562507911
16272 87.5562507911
16313 87.5562507911
16326 87.5562507911
16343 87.5562507911
16360 87.5562507911
16371 87.5562507911
16416 87.5562507911
16449 87.5562507911
16460 87.5562507911
16461 87.5562507911
16509 87.5562507911
16603 87.5562507911
16667 87.5562507911
16694 87.5562507911
16759 87.5562507911
16865 87.5562507911
16950 87.5562507911
17099 87.5562507911
17565 87.5562507911
17630 87.5562507911
18540 87.5562507911
evaluations raw_y
1 5355.2439087661
2 5305.5936890402
3 4312.4455841343
5 2934.0614470268
6 2611.5638745167
22 2477.1129697972
35 2412.5975169412
46 2311.0173896443
65 2239.1026081710
75 2092.1152941841
85 1535.4939431859
152 1454.1036257525
160 1416.2939021082
166 1284.1870021333
187 1278.9423159000
193 1253.6167635561
196 1100.1427797282
239 1042.0334859740
241 876.5304417823
264 873.1535143150
280 738.8162244229
375 691.3643149479
505 683.6878932523
544 678.9790670272
545 635.1636209422
557 628.8780679345
607 606.2207737509
620 600.7709612347
632 534.5667739650
768 529.2519065029
783 526.3312579549
799 526.0042184332
803 525.5003339287
819 518.1993051697
821 509.3671394134
827 494.8905793364
969 477.4706968552
980 474.8872704622
1058 457.8515710536
1083 456.0666145346
1086 413.3434903469
1164 386.7228295580
1224 378.6363432015
1376 373.4537531869
1521 370.0973608295
1671 356.4135202366
1792 354.0663107461
1960 352.5064954377
2340 347.6134329217
2355 327.1508099650
3118 312.4716022897
3257 292.7177269328
3274 291.7501816411
3317 291.5229188489
3322 288.0802267878
3329 285.7045009227
3342 272.9937156911
3347 232.2263017565
3371 229.4090006328
3383 218.0438637330
3493 210.8800615805
3575 207.8665450005
3609 207.5614515506
3616 177.5787091379
3655 167.7414834359
3677 157.8328880246
3712 151.9304073751
3717 149.9998978486
3727 147.3888089706
3802 144.3134120368
3812 136.4279375416
3844 132.1705236273
3877 122.4474860061
3916 120.0711009493
3935 116.8231054796
3940 116.1787718511
3949 115.2487542527
4010 110.2646734291
4012 105.8869399245
4036 103.7460397291
4044 100.9431532120
4064 94.0152624292
4146 93.1129886619
4163 92.4896034707
4168 88.2730167482
4188 88.2637550198
4195 87.8934655651
4202 84.0252622323
4219 82.1605564989
4238 81.3554142204
4288 79.7108501281
4299 79.5590463983
4323 75.4200663426
4397 74.9996722315
4437 74.6115113672
4446 74.4039886310
4452 72.7173247874
4455 71.4867854925
4521 71.3313156252
4535 71.2298354480
4556 69.3055851077
4586 68.7563601908
4607 68.7460752037
4617 68.6395819934
4655 67.7428146390
4737 67.4303450692
4791 67.0000312848
4815 65.9506540068
4926 65.7583259491
4982 65.5167920262
5035 65.3268434177
5059 65.1009707103
5135 65.0337978448
5182 64.9840118270
5190 64.9476942700
5201 64.7808213632
5229 64.6868686188
5248 64.6787327998
5261 64.6218234706
5262 64.5209175660
5264 64.5184260984
5271 64.4486810832
5284 64.4477184294
5301 64.3624790242
5325 64.3384208890
5374 64.2330583820
5405 64.2260511741
5418 64.1570617804
5457 64.0698300545
5467 64.0067140207
5597 63.9899791916
5607 63.9631015374
5658 63.9562182784
5671 63.9126130118
5688 63.8778828072
5717 63.8630445623
5732 63.8625589884
5742 63.8605089586
5745 63.8204947268
5770 63.8181865669
5846 63.7906253468
5875 63.7855427947
5905 63.7553079354
6010 63.7490698647
6038 63.7468196505
6047 63.7420345688
6082 63.7332686459
6128 63.7295855572
6185 63.7246399835
6191 63.7210732987
6223 63.7189529842
6229 63.7170051406
6259 63.7126438634
6293 63.7125081218
6299 63.7104540876
6335 63.7059898595
6363 63.7044811993
6364 63.7014291920
6384 63.7010198425
6409 63.7002021470
6418 63.6950792688
6434 63.6949958026
6442 63.6942433807
6466 63.6942409735
6518 63.6938891094
6520 63.6935040634
6530 63.6932291892
6536 63.6931047583
6538 63.6929254072
6542 63.6928122415
6553 63.6909065021
6557 63.6904623028
6558 63.6894449897
6597 63.6886163238
6621 63.6883657399
6627 63.6879763127
6633 63.6845450853
6663 63.6844694762
6758 63.6834967509
6838 63.6832807251
6867 63.6830602291
6872 63.6829579798
6879 63.6819809559
6899 63.6819749205
6913 63.6815113909
6944 63.6812947844
6963 63.6812754400
6965 63.6804423471
7052 63.6804003726
7053 63.6801990635
7072 63.6797044582
7085 63.6795748309
7134 63.6793956387
7144 63.6793789956
7162 63.6792079594
7175 63.6791639449
7183 63.6791568362
7202 63.6789662599
7265 63.6789632026
7275 63.6788466167
7289 63.6783493221
7351 63.6783289862
7365 63.6783020561
7392 63.6782432572
7427 63.6781975520
7439 63.6781819567
7441 63.6781707915
7444 63.6780677561
7467 63.6780616436
7477 63.6780596103
7509 63.6779340695
7527 63.6779107476
7542 63.6778543910
7565 63.6778417630
7570 63.6777235634
7622 63.6776229632
7748 63.6776145932
7798 63.6776038628
7802 63.6775787439
7817 63.6775261002
7848 63.6775251675
7876 63.6775088586
7907 63.6775048785
7914 63.6774180972
7980 63.6773789684
8046 63.6773761914
8135 63.6773728072
8156 63.6773560536
8186 63.6773391845
8224 63.6773353079
8246 63.6773272577
8265 63.6773245681
8283 63.6773174312
8308 63.6773117016
8347 63.6773090117
8354 63.6772973007
8407 63.6772848806
8431 63.6772824306
8436 63.6772822600
8437 63.6772795017
8453 63.6772766096
8485 63.6772730831
8566 63.6772706265
8592 63.6772676299
8616 63.6772669722
8618 63.6772667023
8628 63.6772651782
8631 63.6772646461
8641 63.6772646393
8684 63.6772605167
8778 63.6772589896
8788 63.6772589702
8792 63.6772588536
8793 63.6772574410
8795 63.6772567522
8799 63.6772567370
8808 63.6772550095
8823 63.6772541926
8844 63.6772529739
8861 63.6772521968
8900 63.6772521253
8926 63.6772519888
8958 63.6772495537
9012 63.6772488422
9035 63.6772475683
9079 63.6772474318
9101 63.6772471292
9140 63.6772470491
9151 63.6772466179
9197 63.6772466178
9208 63.6772460635
9238 63.6772459676
9264 63.6772453973
9349 63.6772453652
9370 63.6772451166
9379 63.6772449526
9418 63.6772445952
9511 63.6772445085
9534 63.6772443211
9551 63.6772443148
9605 63.6772442145
9636 63.6772441666
9649 63.6772441605
9666 63.6772441478
9683 63.6772441067
9697 63.6772440427
9706 63.6772438741
9726 63.6772438573
9728 63.6772438263
9730 63.6772438230
9734 63.6772437866
9767 63.6772437265
9828 63.6772437147
9831 63.6772437136
9837 63.6772436983
9849 63.6772436896
9850 63.6772436865
9860 63.6772436768
9862 63.6772436398
9866 63.6772436316
9867 63.6772435515
9896 63.6772435442
9903 63.6772435294
9933 63.6772435161
9961 63.6772435080
9968 63.6772434743
9978 63.6772434740
9985 63.6772434495
10008 63.6772434495
10028 63.6772434338
10083 63.6772434050
10100 63.6772434042
10109 63.6772434036
10111 63.6772433544
10140 63.6772433507
10204 63.6772433451
10210 63.6772433371
10241 63.6772433225
10267 63.6772433217
10285 63.6772433185
10354 63.6772433183
10381 63.6772433142
10418 63.6772433110
10436 63.6772433094
10453 63.6772433050
10468 63.6772433041
10472 63.6772433025
10477 63.6772433008
10504 63.6772432981
10505 63.6772432979
10512 63.6772432960
10516 63.6772432952
10526 63.6772432931
10536 63.6772432926
10541 63.6772432921
10547 63.6772432910
10548 63.6772432875
10563 63.6772432832
10633 63.6772432821
10671 63.6772432821
10679 63.6772432802
10723 63.6772432795
10740 63.6772432775
10755 63.6772432774
10775 63.6772432751
10843 63.6772432741
10846 63.6772432741
10863 63.6772432737
10871 63.6772432735
10884 63.6772432732
10898 63.6772432732
10906 63.6772432731
10908 63.6772432723
10937 63.6772432722
10954 63.6772432720
10970 63.6772432715
10995 63.6772432712
11008 63.6772432711
11035 63.6772432706
11065 63.6772432704
11088 63.6772432703
11100 63.6772432702
11101 63.6772432701
11105 63.6772432699
11111 63.6772432697
11149 63.6772432695
11338 63.6772432693
11351 63.6772432691
11376 63.6772432688
11470 63.6772432688
11481 63.6772432687
11503 63.6772432687
11536 63.6772432687
11540 63.6772432685
11563 63.6772432685
11625 63.6772432685
11640 63.6772432684
11731 63.6772432684
11736 63.6772432684
11781 63.6772432684
11823 63.6772432684
11833 63.6772432683
11838 63.6772432683
11892 63.6772432683
11914 63.6772432683
12038 63.6772432683
12046 63.6772432683
12054 63.6772432683
12066 63.6772432683
12076 63.6772432683
12085 63.6772432683
12098 63.6772432683
12125 63.6772432683
12190 63.6772432683
12219 63.6772432682
12232 63.6772432682
12287 63.6772432682
12337 63.6772432682
12349 63.6772432682
12376 63.6772432682
12434 63.6772432682
12451 63.6772432682
12462 63.6772432682
12467 63.6772432682
12584 63.6772432682
12593 63.6772432682
12650 63.6772432682
12651 63.6772432682
12674 63.6772432682
12809 63.6772432682
12827 63.6772432682
12887 63.6772432682
12902 63.6772432682
12945 63.6772432682
12946 63.6772432682
12994 63.6772432682
13023 63.6772432682
13038 63.6772432682
13073 63.6772432682
13099 63.6772432682
13101 63.6772432682
13105 63.6772432682
13115 63.6772432682
13139 63.6772432682
13165 63.6772432682
13184 63.6772432682
13240 63.6772432682
13250 63.6772432682
13285 63.6772432682
13304 63.6772432682
13320 63.6772432682
13343 63.6772432682
13387 63.6772432682
13437 63.6772432682
13532 63.6772432682
13740 63.6772432682
14043 63.6772432682
14058 63.6772432682
14329 63.6772432682
14362 63.6772432682
14806 63.6772432682
15499 63.6772432682
34347 63.6772432682
37927 63.6772432682
118532 63.6772432682
359565 63.6772432682
evaluations raw_y
1 5523.9267125869
9 5085.6495600087
13 4987.1850899205
15 4172.5599599343
19 3893.6560928915
31 3357.7202930433
46 3077.1305168864
54 2882.6310535403
78 2517.6791124622
92 2432.1552485144
97 2384.4307459486
111 2304.1754160754
126 2216.8342432867
137 2144.3272579324
156 2014.4281877781
159 1977.6877576960
161 1728.6691854888
194 1710.4957170517
236 1505.9697823432
252 1375.4525068537
269 1303.4047492032
272 1294.2762084116
281 1212.8713572366
288 1159.5578038902
293 1065.9754764243
295 1023.7415781764
307 1002.9082992815
348 804.9624513677
425 739.6425423845
481 704.2154491226
540 695.8986973655
555 688.6366301103
556 679.8438893664
576 670.1534173268
586 665.0942728594
614 635.6720475387
637 600.2458290454
655 587.5131469415
661 587.4880592422
668 573.4897297273
691 570.7117163922
710 492.2802330862
807 459.7883920770
861 448.1712583587
920 439.7240448001
1051 378.4795011776
1095 378.0421353908
1257 365.8856323852
1444 365.3133516385
1580 350.8276518483
2244 343.5713246098
2294 342.1398221771
2308 337.0583637140
2469 321.8468445374
3005 321.3884375403
3829 277.7832870455
3888 235.6753637253
4121 218.3611454114
4123 210.4611045685
4187 205.6517019777
4205 192.5039876549
4208 190.3815071321
4218 184.8730097781
4244 172.1265968941
4292 161.1938551436
4302 144.8445518111
4414 137.1463120650
4451 136.9929355772
4461 133.7030497306
4496 128.1402023017
4508 123.7777258392
4517 123.6596666775
4526 118.3780016026
4527 118.0960629784
4562 114.6510003882
4564 107.6874225097
4590 105.6540888516
4591 102.6404427048
4629 98.7873758838
4678 95.1169059097
4709 91.9283252753
4788 87.6951782325
4813 85.8178958223
4825 84.2189217957
4904 82.8175553975
4906 81.3285032395
4909 78.6707275532
4989 78.4584147655
5034 77.6818664097
5065 74.7722448004
5099 74.6663602469
5120 74.4267562492
5150 74.0605112359
5175 71.4114215111
5253 70.4244853336
5296 69.9376246243
5320 69.3020518670
5355 68.6699929526
5480 68.6654309417
5486 68.3797271078
5497 68.3039168568
5520 68.2954347163
5527 68.1926542706
5549 68.1886035549
5557 67.8521221727
5581 67.7911328659
5583 67.6185427701
5604 67.5446224414
5619 67.5302323209
5627 67.5151197630
5632 67.3439192020
5648 67.1997956815
5652 66.6623310526
5741 66.6547705392
5755 66.6302146589
5756 66.3932733314
5762 66.2802356749
5791 66.2189465923
5808 66.0855018744
5837 65.9986157336
5852 65.9185967873
5883 65.8177657902
5910 65.6923637828
5915 65.6339409390
5916 65.5967278958
5932 65.5838694477
5936 65.4951863743
5944 65.4748015202
5950 65.4742134063
5957 65.4417879750
5973 65.3576772539
6017 65.0049487644
6032 64.9888338222
6088 64.9162717948
6133 64.7984713322
6140 64.7279709382
6157 64.6730908721
6252 64.6572531154
6295 64.6243016562
6308 64.4666405944
6359 64.4450404570
6368 64.2628387401
6375 64.1441287179
6532 64.1354592894
6533 64.1345156356
6545 64.1049871214
6595 64.0742368378
6607 64.0244630985
6623 64.0189624816
6633 63.9707391592
6634 63.9481759645
6655 63.9179758357
6694 63.8542964311
6831 63.8533418078
6846 63.8409414180
6866 63.8385701365
6869 63.8224739272
6885 63.8109621976
6893 63.8023924939
6910 63.8011279885
6926 63.7866872065
6943 63.7852622266
6951 63.7793275199
6954 63.7769931132
7002 63.7746857446
7012 63.7701099806
7024 63.7609510789
7037 63.7460498279
7097 63.7435163745
7115 63.7370334725
7150 63.7358554504
7156 63.7350770359
7161 63.7349876744
7172 63.7244738383
7189 63.7240598853
7249 63.7236414592
7251 63.7188599649
7257 63.7177812461
7259 63.7162730987
7278 63.7149111082
7284 63.7132721309
7285 63.7073129723
7314 63.7052653567
7323 63.7045669665
7382 63.7039870917
7412 63.6997091062
7486 63.6985570449
7496 63.6981927106
7511 63.6975598881
7522 63.6972444286
7530 63.6960537902
7582 63.6955104680
7618 63.6950535104
7621 63.6939050774
7650 63.6935104557
7668 63.6924986407
7684 63.6923404470
7690 63.6919371352
7696 63.6919254330
7713 63.6904079901
7769 63.6901686572
7781 63.6893326210
7867 63.6892732879
7894 63.6891528096
7916 63.6888827794
7932 63.6882687215
7986 63.6879472129
8005 63.6878338349
8030 63.6876924356
8044 63.6874244295
8083 63.6873872221
8103 63.6873765643
8110 63.6872243139
8129 63.6870020894
8133 63.6869918016
8142 63.6869828131
8301 63.6868720677
8311 63.6868306175
8322 63.6866808343
8324 63.6862818922
8413 63.6862425683
8414 63.6861036356
8420 63.6861009173
8451 63.6859820886
8468 63.6859023349
8476 63.6858011214
8491 63.6856256796
8544 63.6854946274
8548 63.6854078127
8660 63.6853414874
8662 63.6852899866
8668 63.6850405041
8682 63.6849116620
8699 63.6847926807
8724 63.6847014358
8751 63.6846935274
8752 63.6843973853
8768 63.6842874988
8789 63.6842825548
8812 63.6841878511
8823 63.6840455245
8885 63.6839417747
8894 63.6838951079
8898 63.6837867732
8926 63.6836303435
8928 63.6834621959
8936 63.6832873787
8957 63.6829036825
8988 63.6827249282
9005 63.6826988195
9011 63.6824301216
9040 63.6823887086
9045 63.6819693937
9059 63.6818827281
9080 63.6817426723
9082 63.6814073877
9092 63.6808207297
9140 63.6805272913
9226 63.6801424598
9253 63.6800221480
9259 63.6798060869
9282 63.6796725222
9305 63.6796348823
9320 63.6794589324
9350 63.6791346063
9359 63.6787177203
9579 63.6785288855
9603 63.6784901152
9613 63.6783339750
9662 63.6782875317
9728 63.6782103384
9740 63.6779269403
9764 63.6779249424
9779 63.6778949963
9781 63.6777510073
9843 63.6777299839
9887 63.6777111158
9908 63.6776501165
9946 63.6775863925
9971 63.6775739256
10020 63.6775272516
10075 63.6774951653
10137 63.6774706414
10189 63.6774604041
10197 63.6774408326
10245 63.6774285433
10308 63.6774281333
10309 63.6774220184
10315 63.6774209271
10322 63.6774165459
10331 63.6774157822
10332 63.6774092445
10337 63.6774062045
10357 63.6774002683
10372 63.6773985395
10379 63.6773950513
10390 63.6773849786
10397 63.6773811335
10413 63.6773803957
10435 63.6773770211
10436 63.6773731625
10462 63.6773710322
10474 63.6773639123
10535 63.6773563366
10556 63.6773528003
10570 63.6773463231
10587 63.6773387358
10648 63.6773387158
10700 63.6773375006
10744 63.6773344377
10769 63.6773319281
10810 63.6773318261
10826 63.6773312920
10827 63.6773301803
10865 63.6773280671
10887 63.6773261023
10893 63.6773254845
10914 63.6773245339
10920 63.6773232278
10944 63.6773227892
10979 63.6773227477
10999 63.6773226357
11021 63.6773213021
11035 63.6773212334
11045 63.6773201290
11074 63.6773196814
11079 63.6773194265
11088 63.6773190939
11097 63.6773188628
11106 63.6773187071
11117 63.6773183098
11151 63.6773179710
11227 63.6773174208
11254 63.6773170858
11275 63.6773168127
11291 63.6773158742
11304 63.6773148314
11330 63.6773122612
11386 63.6773122088
11431 63.6773106861
11454 63.6773083289
11670 63.6773081254
11699 63.6773074303
11718 63.6773073117
11724 63.6773071591
11725 63.6773063880
11732 63.6773062452
11745 63.6773061764
11754 63.6773056850
11769 63.6773056689
11839 63.6773055319
11864 63.6773044302
11908 63.6773040514
11913 63.6773037417
11981 63.6773036049
11996 63.6773035679
11998 63.6773033423
12014 63.6773031626
12030 63.6773027956
12069 63.6773022903
12120 63.6773020580
12123 63.6773018492
12161 63.6773016492
12162 63.6773012094
12166 63.6773011714
12188 63.6773010628
12194 63.6773007906
12230 63.6773002380
12325 63.6773001030
12344 63.6773000064
12345 63.6772997860
12347 63.6772989065
12380 63.6772987522
12430 63.6772987511
12457 63.6772979524
12539 63.6772978912
12556 63.6772977689
12582 63.6772975252
12586 63.6772973498
12596 63.6772970290
12642 63.6772969109
12663 63.6772964544
12705 63.6772962902
12723 63.6772962129
12745 63.6772959521
12801 63.6772959418
12811 63.6772957802
12812 63.6772956296
12837 63.6772954795
12841 63.6772954093
12842 63.6772953077
12845 63.6772951867
12884 63.6772951276
12915 63.6772950718
12921 63.6772949014
12923 63.6772948521
12925 63.6772947642
12939 63.6772943100
12962 63.6772942086
12983 63.6772939402
12993 63.6772938666
13059 63.6772938241
13073 63.6772937887
13097 63.6772937717
13098 63.6772935673
13109 63.6772933909
13125 63.6772933024
13126 63.6772930410
13143 63.6772929903
13162 63.6772926215
13220 63.6772924751
13248 63.6772924371
13276 63.6772923823
13281 63.6772921430
13330 63.6772916503
13418 63.6772915911
13419 63.6772913228
13423 63.6772908889
13484 63.6772908176
13537 63.6772906043
13547 63.6772905677
13558 63.6772902374
13670 63.6772900795
13721 63.6772899072
13803 63.6772899036
13821 63.6772898233
13861 63.6772898114
13872 63.6772893361
14106 63.6772892728
14107 63.6772892662
14118 63.6772892310
14137 63.6772892288
14141 63.6772891931
14149 63.6772891702
14167 63.6772891648
14179 63.6772891623
14184 63.6772891395
14243 63.6772891383
14249 63.6772891209
14263 63.6772890834
14270 63.6772890362
14314 63.6772890115
14373 63.6772890080
14387 63.6772890033
14396 63.6772889848
14440 63.6772889714
14467 63.6772889683
14487 63.6772889665
14489 63.6772889520
14565 63.6772889388
14581 63.6772889386
14600 63.6772889352
14637 63.6772889328
14654 63.6772889249
14676 63.6772889244
14685 63.6772889224
14687 63.6772889169
14699 63.6772889155
14733 63.6772889124
14761 63.6772889121
14817 63.6772889110
14818 63.6772889066
14834 63.6772889065
14837 63.6772889061
14846 63.6772889061
14858 63.6772889035
14911 63.6772889013
14931 63.6772888990
14948 63.6772888983
14956 63.6772888971
14978 63.6772888963
14989 63.6772888958
14991 63.6772888958
14992 63.6772888942
15015 63.6772888928
15022 63.6772888916
15074 63.6772888914
15079 63.6772888911
15100 63.6772888902
15107 63.6772888900
15124 63.6772888875
15224 63.6772888873
15261 63.6772888872
15278 63.6772888858
15380 63.6772888853
15409 63.6772888852
15415 63.6772888852
15454 63.6772888847
15466 63.6772888846
15478 63.6772888839
15576 63.6772888836
15636 63.6772888834
15650 63.6772888831
15683 63.6772888831
15733 63.6772888831
15783 63.6772888829
15810 63.6772888829
15879 63.6772888829
15903 63.6772888828
15954 63.6772888828
15973 63.6772888827
15974 63.6772888827
15987 63.6772888827
16005 63.6772888826
16006 63.6772888826
16068 63.6772888826
16099 63.6772888825
16183 63.6772888825
16186 63.6772888825
16215 63.6772888825
16227 63.6772888825
16297 63.6772888825
16317 63.6772888824
16364 63.6772888824
16367 63.6772888824
16414 63.6772888824
16429 63.6772888824
16442 63.6772888824
16471 63.6772888824
16510 63.6772888824
16516 63.6772888824
16560 63.6772888824
16582 63.6772888824
16612 63.6772888824
16615 63.6772888824
16626 63.6772888824
16635 63.6772888824
16669 63.6772888824
16684 63.6772888824
16693 63.6772888824
16711 63.6772888824
16743 63.6772888824
16863 63.6772888824
16883 63.6772888824
16887 63.6772888824
16925 63.6772888824
16955 63.6772888824
16957 63.6772888824
16972 63.6772888824
16976 63.6772888824
16979 63.6772888824
16982 63.6772888824
16986 63.6772888824
16988 63.6772888824
16990 63.6772888824
16991 63.6772888824
17004 63.6772888824
17051 63.6772888824
17079 63.6772888824
17131 63.6772888824
17134 63.6772888824
17138 63.6772888824
17158 63.6772888824
17192 63.6772888824
17245 63.6772888824
17296 63.6772888824
17315 63.6772888824
17339 63.6772888824
17356 63.6772888824
17373 63.6772888824
17388 63.6772888824
17389 63.6772888824
17425 63.6772888824
17453 63.6772888824
17463 63.6772888824
17491 63.6772888824
17500 63.6772888824
17501 63.6772888824
17514 63.6772888824
17521 63.6772888824
17576 63.6772888824
17586 63.6772888824
17646 63.6772888824
17678 63.6772888824
17687 63.6772888824
17707 63.6772888824
17761 63.6772888824
17771 63.6772888824
17775 63.6772888824
17995 63.6772888824
18013 63.6772888824
18130 63.6772888824
18133 63.6772888824
19016 63.6772888824
19193 63.6772888824
19878 63.6772888824
20795 63.6772888824
68242 63.6772888824
188637 63.6772888824
271500 63.6772888824
evaluations raw_y
1 5040.3144955803
3 4048.9610039217
21 3698.6094168178
31 3198.8792279234
34 2706.8303089191
55 2507.0638369397
61 2487.0976577907
65 2114.2909906902
80 1930.0821628239
106 1847.3082559752
109 1779.7153689727
126 1623.6666127775
132 1533.4167150367
136 1336.7833465757
172 1205.5332912035
232 1022.4692264271
242 968.5933939368
243 950.4966409371
257 910.8794887400
278 874.7145923701
339 860.1021574344
384 842.2054258984
389 837.1079912078
391 753.4665367749
408 737.6723986579
411 734.9547414619
417 726.0588208490
439 725.5803031976
460 717.0513857639
480 700.5774577459
482 659.5240442853
525 631.4051683522
540 587.1498872198
575 582.9712061815
682 574.5276422557
684 540.2958457311
714 515.5012605262
718 485.6991550518
729 483.3214957577
773 407.4400899211
1180 404.1468333269
1184 397.7708401835
1243 392.8112026165
1275 367.5657302396
2188 332.9418810250
5758 332.0365443147
5765 287.5071339771
5807 275.3448849855
5960 260.8636024305
6191 253.2503938551
6226 249.6982812044
6234 224.0515366744
6307 219.3448400708
6321 213.8221666628
6365 182.4530713027
6429 159.7646896555
6628 145.5768441477
6651 136.2360605432
6661 128.0782321970
6692 125.7790500584
6730 124.1568544126
6741 121.8967492002
6755 120.3410599701
6759 120.1184300880
6763 115.7963331488
6783 112.1348797861
6810 111.9936255103
6832 105.8871388669
6863 104.0058163888
6904 101.2207721493
6945 95.7392046763
7008 85.3958397331
7136 84.5721744927
7176 83.8089414091
7218 79.8569113024
7246 78.8324977722
7275 78.1773201567
7339 76.1567457953
7366 75.2928113451
7391 74.7073617457
7429 74.3423281960
7445 72.5675651304
7546 72.3232745073
7568 72.2777673167
7578 71.6308061585
7654 71.5143492768
7661 70.9808408946
7703 70.9785158672
7715 70.9706917094
7720 70.8500372444
7742 70.5800053839
7748 70.1599031071
7760 69.9650894149
7788 69.7440329641
7812 69.6740403994
7818 69.3491130521
7874 69.3201773113
7882 69.0413914928
7922 68.9604964902
7947 68.8077540899
7961 68.7524187325
7968 68.6790314694
7969 68.6151135114
7988 68.1722639978
8082 68.1326568529
8094 68.0085382505
8121 67.7626155513
8297 67.6368753947
8323 67.6249876065
8336 67.5417253040
8340 67.5207488559
8348 67.4792339016
8374 67.4221179724
8394 67.3618652365
8401 67.2962226277
8418 67.2655461803
8437 67.2637524059
8440 67.2548043812
8446 67.2038622644
8449 67.1809232661
8454 67.1143978788
8513 67.0123858560
8559 67.0059036813
8592 66.9808237850
8644 66.9721890237
8662 66.9615951930
8701 66.9495348886
8719 66.9389270185
8723 66.9139523802
8729 66.8786690629
8747 66.8682655324
8761 66.8166705560
8838 66.7919000607
8935 66.7794267319
8954 66.7624005939
8957 66.7575772906
9019 66.7438974545
9110 66.7373191504
9125 66.7204289162
9185 66.7064606085
9225 66.7005018592
9244 66.6985017605
9245 66.6922251484
9367 66.6889036630
9406 66.6854634659
9447 66.6851978781
9454 66.6833615050
9469 66.6829225585
9486 66.6827470682
9490 66.6812339949
9498 66.6808275157
9500 66.6803702728
9503 66.6793024480
9504 66.6746847379
9605 66.6743662910
9635 66.6739351418
9701 66.6733030152
9744 66.6717327110
9750 66.6712461760
9762 66.6709326181
9771 66.6704337260
9779 66.6698291714
9783 66.6689555867
9812 66.6680519320
9867 66.6675514104
9897 66.6672436941
9902 66.6665016109
9918 66.6664443025
9961 66.6663352837
9963 66.6659378482
9988 66.6656226211
10003 66.6655380314
10008 66.6649464053
10041 66.6647683387
10069 66.6647152179
10074 66.6646277518
10081 66.6641794380
10107 66.6641530460
10137 66.6641258165
10138 66.6641175103
10170 66.6639618804
10201 66.6638910870
10202 66.6637857588
10216 66.6635149204
10253 66.6634983858
10288 66.6632979999
10384 66.6630950693
10388 66.6630926892
10431 66.6629956696
10480 66.6629197016
10488 66.6628674133
10519 66.6628111289
10531 66.6627420177
10548 66.6627318512
10562 66.6626863488
10590 66.6626218273
10600 66.6626003077
10608 66.6625603225
10674 66.6624727991
10709 66.6624625609
10715 66.6623971183
10754 66.6623582022
10798 66.6623476877
10819 66.6623433812
10876 66.6623269488
10883 66.6623014443
10931 66.6622929035
10933 66.6622913805
10949 66.6622652210
10954 66.6622415254
11012 66.6622282527
11056 66.6622281655
11081 66.6622231322
11120 66.6622170796
11147 66.6622030983
11199 66.6621967585
11210 66.6621873571
11265 66.6621847490
11278 66.6621732252
11301 66.6621722606
11313 66.6621712910
11316 66.6621647948
11326 66.6621553072
11334 66.6621521903
11382 66.6621513653
11389 66.6621506128
11410 66.6621476465
11446 66.6621455827
11463 66.6621449408
11464 66.6621448300
11498 66.6621440798
11502 66.6621405497
11526 66.6621359826
11553 66.6621353236
11573 66.6621339550
11612 66.6621339090
11636 66.6621324099
11641 66.6621318974
11650 66.6621291627
11718 66.6621275614
11766 66.6621273001
11768 66.6621270932
11775 66.6621270744
11780 66.6621265838
11802 66.6621264458
11805 66.6621258500
11812 66.6621242363
11894 66.6621232135
11905 66.6621227468
11920 66.6621224317
11940 66.6621221707
11942 66.6621210699
11956 66.6621200248
11989 66.6621194291
12034 66.6621193058
12050 66.6621190316
12092 66.6621189555
12155 66.6621187919
12206 66.6621186928
12213 66.6621184567
12228 66.6621182204
12242 66.6621182048
12244 66.6621181559
12281 66.6621179924
12287 66.6621178707
12316 66.6621174012
12322 66.6621173868
12387 66.6621173201
12425 66.6621172014
12429 66.6621171555
12440 66.6621170473
12456 66.6621165594
12529 66.6621164838
12577 66.6621164337
12594 66.6621163521
12642 66.6621163120
12644 66.6621162734
12655 66.6621162289
12658 66.6621160581
12740 66.6621160403
12751 66.6621160263
12777 66.6621159593
12789 66.6621158587
12804 66.6621158460
12821 66.6621158042
12857 66.6621156835
12970 66.6621156736
13008 66.6621156674
13010 66.6621156567
13019 66.6621156388
13061 66.6621155628
13143 66.6621155596
13157 66.6621155266
13235 66.6621155192
13269 66.6621155167
13314 66.6621154929
13374 66.6621154894
13383 66.6621154866
13445 66.6621154654
13501 66.6621154619
13546 66.6621154609
13547 66.6621154572
13553 66.6621154543
13557 66.6621154466
13579 66.6621154444
13593 66.6621154417
13612 66.6621154363
13654 66.6621154296
13668 66.6621154248
13681 66.6621154240
13724 66.6621154238
13860 66.6621154234
13865 66.6621154213
13873 66.6621154200
13886 66.6621154198
13887 66.6621154194
13892 66.6621154176
13901 66.6621154154
13907 66.6621154123
13968 66.6621154116
13986 66.6621154098
14019 66.6621154094
14032 66.6621154093
14068 66.6621154067
14189 66.6621154062
14191 66.6621154055
14236 66.6621154053
14246 66.6621154045
14265 66.6621154041
14268 66.6621154038
14343 66.6621154037
14431 66.6621154036
14468 66.6621154033
14495 66.6621154032
14504 66.6621154031
14514 66.6621154028
14573 66.6621154027
14600 66.6621154026
14617 66.6621154025
14685 66.6621154024
14691 66.6621154024
14704 66.6621154023
14719 66.6621154022
14867 66.6621154021
14895 66.6621154020
14988 66.6621154020
15019 66.6621154020
15034 66.6621154019
15078 66.6621154019
15091 66.6621154019
15102 66.6621154019
15123 66.6621154018
15153 66.6621154018
15174 66.6621154018
15189 66.6621154018
15258 66.6621154018
15292 66.6621154017
15318 66.6621154017
15369 66.6621154017
15379 66.6621154017
15462 66.6621154017
15474 66.6621154017
15495 66.6621154017
15524 66.6621154017
15562 66.6621154017
15603 66.6621154017
15648 66.6621154017
15703 66.6621154017
15785 66.6621154017
15812 66.6621154017
15846 66.6621154017
15896 66.6621154017
15897 66.6621154017
15937 66.6621154017
15985 66.6621154017
16003 66.6621154017
16005 66.6621154017
16038 66.6621154017
16101 66.6621154017
16145 66.6621154017
16146 66.6621154017
16178 66.6621154017
16200 66.6621154017
16220 66.6621154017
16226 66.6621154017
16254 66.6621154017
16257 66.6621154017
16264 66.6621154017
16279 66.6621154017
16297 66.6621154017
16314 66.6621154017
16323 66.6621154017
16327 66.6621154017
16336 66.6621154017
16350 66.6621154017
16379 66.6621154017
16384 66.6621154017
16392 66.6621154017
16440 66.6621154017
16446 66.6621154017
16491 66.6621154017
16532 66.6621154017
16537 66.6621154017
16562 66.6621154017
16565 66.6621154017
16642 66.6621154017
16711 66.6621154017
16727 66.6621154017
16777 66.6621154017
16834 66.6621154017
16873 66.6621154017
16874 66.6621154017
16966 66.6621154017
17031 66.6621154017
17088 66.6621154017
17349 66.6621154017
17644 66.6621154017
19905 66.6621154017
21615 66.6621154017
170910 66.6621154017
evaluations raw_y
1 12075.4968955855
2 6178.1614016293
9 5224.2048085960
20 3588.0043054266
37 3215.6739879264
46 2769.3205458819
48 2621.6066245307
64 2334.3183561099
79 2232.0328743944
85 1992.4068690598
106 1735.4430047614
120 1659.7687825446
131 1645.4761742400
155 1349.3254050920
198 1349.2193048767
215 1309.4497794354
227 1276.3416882173
233 1200.8123030545
239 1171.0376644146
275 1097.4164557243
293 998.9450039998
306 817.8480461916
351 791.1397546621
366 783.0056495747
376 710.4218948940
416 675.0616541984
489 582.2216166225
593 554.6027557231
684 489.9767645171
715 475.4270677031
718 396.0754800962
1707 394.3830292932
2056 385.7300524816
2176 361.6953775098
2573 332.4310330579
2614 292.4647229424
3006 284.5827608651
3036 282.9941233626
3148 270.0364179977
3157 255.3665946679
3190 255.1354832147
3195 233.6830564891
3205 229.9457143052
3229 221.0959847479
3258 208.9874343060
3260 208.5953889152
3275 203.5279398463
3281 186.8744307867
3286 185.2165604303
3305 180.7101367070
3320 177.3695296174
3356 176.8279128797
3374 173.8083271461
3384 173.6158230461
3388 154.7661400312
3522 146.6369470311
3533 146.3530646466
3601 146.3158571213
3614 146.2248634148
3628 145.0162245941
3639 141.6516408980
3647 135.5155837667
3672 134.8003998471
3676 134.5248119849
3690 132.0331720183
3732 131.3025790661
3740 129.6865828848
3771 128.6526113388
3790 124.0625623158
3799 121.0448700301
3831 119.0991137925
3835 115.6158661091
3849 114.5413397803
3903 113.5500595090
3983 113.3950942857
3987 113.1403729717
4007 109.0639077865
4075 106.5832464446
4122 105.4624272835
4141 105.2481078941
4151 105.0081024730
4173 105.0033486379
4193 103.3320134584
4213 102.8436877221
4227 101.8512530183
4242 100.0701805256
4256 99.7103053848
4287 99.5774249346
4291 99.4008802122
4295 98.7372368520
4324 98.3209590897
4341 97.7979935461
4377 96.3628319483
4421 96.3383697301
4436 96.0799694792
4440 95.7190211751
4445 94.8837667854
4447 94.2122057710
4482 94.0198145247
4535 94.0001450475
4620 93.9736071320
4631 93.8062520529
4640 93.6920873667
4652 93.3729704666
4671 93.1562132078
4737 93.1169452760
4749 93.0051621138
4753 92.6830855310
4802 92.6564249996
4846 92.5294759440
4851 92.4994688768
4876 92.2748830323
4886 92.1677203375
4905 92.0208330822
4971 91.8492285065
5061 91.6320557041
5087 91.5600543375
5108 91.5521712828
5128 91.3754950251
5195 91.3518026633
5198 91.1735099229
5228 91.1481989544
5230 91.0787623028
5282 91.0472082772
5288 91.0338557350
5309 91.0282317443
5320 90.9966272981
5355 90.9509983263
5433 90.8137361698
5466 90.7073241306
5481 90.6802613597
5491 90.5567282122
5500 90.4476087377
5561 90.4106762454
5628 90.4105121585
5636 90.4038545474
5645 90.3791287059
5673 90.2184013104
5686 90.1890103344
5700 90.0907879666
5787 90.0409317735
5792 90.0242514518
5795 90.0201076525
5824 89.9925354156
5840 89.9832593605
5851 89.9794481356
5857 89.8969711503
5875 89.8808414129
6039 89.8722821385
6066 89.8206629802
6089 89.7926649876
6106 89.7915105461
6107 89.7868744899
6123 89.7697806964
6125 89.7638100496
6127 89.7278431766
6143 89.7276358360
6160 89.7120693232
6199 89.6834741460
6245 89.6748693188
6248 89.6674072253
6291 89.6575545268
6303 89.6494821130
6330 89.6489795311
6360 89.6310067567
6393 89.6294638661
6407 89.6276040973
6408 89.6153172143
6418 89.6073809551
6422 89.6069692904
6433 89.6064163279
6467 89.6040570880
6473 89.6010550357
6476 89.6002502384
6481 89.5992299406
6521 89.5991376950
6522 89.5948041318
6546 89.5939261158
6563 89.5930648164
6625 89.5908672924
6665 89.5819366941
6771 89.5801453705
6776 89.5777161807
6779 89.5764821755
6812 89.5691702378
6852 89.5647597846
6981 89.5632686828
7019 89.5622174232
7025 89.5582916712
7187 89.5565025809
7206 89.5552325311
7235 89.5548013881
7246 89.5547164521
7248 89.5542258233
7264 89.5517681222
7289 89.5512445520
7328 89.5512383532
7340 89.5509254828
7345 89.5506970583
7403 89.5503486921
7417 89.5500396043
7442 89.5500238980
7453 89.5498722669
7463 89.5493887137
7505 89.5493881449
7512 89.5488732370
7520 89.5487521312
7545 89.5485308798
7570 89.5484276786
7597 89.5483700998
7603 89.5482568571
7606 89.5482366527
7611 89.5482034794
7657 89.5481381145
7672 89.5481136005
7676 89.5480304984
7686 89.5478440152
7697 89.5477640620
7731 89.5477639747
7733 89.5476796190
7740 89.5476630960
7745 89.5474632939
7777 89.5474347700
7779 89.5471628948
7869 89.5471128691
7954 89.5470736980
7969 89.5469509695
7992 89.5469141864
8004 89.5469048838
8007 89.5468469747
8024 89.5468032414
8046 89.5468004297
8073 89.5467866212
8086 89.5466406781
8121 89.5465694284
8135 89.5465537440
8171 89.5465472644
8173 89.5465336980
8182 89.5465116008
8187 89.5464812773
8201 89.5464164093
8207 89.5463927794
8225 89.5463920074
8281 89.5463310237
8283 89.5463146142
8291 89.5463125563
8329 89.5462844206
8368 89.5462685031
8402 89.5462679885
8427 89.5462546116
8433 89.5462489855
8447 89.5462403155
8451 89.5462326670
8464 89.5462055516
8562 89.5462020913
8588 89.5461965728
8601 89.5461813388
8749 89.5461620855
8796 89.5461564535
8816 89.5461536343
8838 89.5461519075
8849 89.5461516016
8857 89.5461506621
8861 89.5461407669
8905 89.5461407606
8911 89.5461338764
8982 89.5461336337
8991 89.5461334255
8994 89.5461302202
9048 89.5461295290
9083 89.5461287310
9095 89.5461247896
9113 89.5461222962
9140 89.5461208710
9150 89.5461203892
9190 89.5461203802
9198 89.5461175370
9231 89.5461175319
9243 89.5461171746
9248 89.5461161187
9277 89.5461153795
9338 89.5461145472
9346 89.5461141188
9365 89.5461139418
9375 89.5461133805
9391 89.5461132049
9406 89.5461130224
9414 89.5461129378
9423 89.5461128167
9424 89.5461119683
9457 89.5461114774
9568 89.5461113912
9575 89.5461111771
9580 89.5461111382
9587 89.5461109601
9594 89.5461108884
9602 89.5461105082
9634 89.5461101661
9699 89.5461101546
9731 89.5461099715
9767 89.5461098869
9780 89.5461098450
9786 89.5461098141
9796 89.5461098035
9803 89.5461094896
9806 89.5461094640
9822 89.5461094253
9825 89.5461092283
9870 89.5461091909
9872 89.5461091056
9881 89.5461090193
9912 89.5461088911
9946 89.5461088652
9958 89.5461087891
9969 89.5461087248
9983 89.5461086683
9989 89.5461086508
10029 89.5461086280
10039 89.5461085156
10143 89.5461085044
10177 89.5461085006
10232 89.5461084905
10255 89.5461084262
10307 89.5461083544
10321 89.5461083360
10334 89.5461083324
10363 89.5461083240
10368 89.5461082787
10421 89.5461082659
10426 89.5461082618
10433 89.5461082529
10447 89.5461082410
10515 89.5461082409
10525 89.5461082312
10607 89.5461082083
10646 89.5461082064
10730 89.5461081958
10742 89.5461081858
10772 89.5461081850
10786 89.5461081826
10803 89.5461081740
10830 89.5461081720
10855 89.5461081633
10873 89.5461081632
10887 89.5461081611
10899 89.5461081602
10903 89.5461081591
10936 89.5461081587
10956 89.5461081568
10986 89.5461081555
10988 89.5461081522
11005 89.5461081505
11020 89.5461081489
11060 89.5461081473
11070 89.5461081472
11073 89.5461081449
11086 89.5461081423
11167 89.5461081422
11206 89.5461081411
11213 89.5461081402
11227 89.5461081402
11250 89.5461081397
11297 89.5461081395
11312 89.5461081386
11358 89.5461081383
11362 89.5461081372
11378 89.5461081370
11414 89.5461081365
11426 89.5461081354
11443 89.5461081352
11501 89.5461081351
11550 89.5461081348
11573 89.5461081347
11626 89.5461081340
11642 89.5461081340
11652 89.5461081340
11660 89.5461081340
11676 89.5461081333
11836 89.5461081332
11852 89.5461081331
11870 89.5461081331
11882 89.5461081330
11893 89.5461081329
11931 89.5461081329
11937 89.5461081329
11947 89.5461081329
11949 89.5461081328
11962 89.5461081328
11976 89.5461081327
11990 89.5461081326
12017 89.5461081326
12022 89.5461081326
12133 89.5461081325
12203 89.5461081325
12231 89.5461081325
12276 89.5461081325
12292 89.5461081325
12311 89.5461081325
12314 89.5461081324
12335 89.5461081324
12340 89.5461081324
12392 89.5461081324
12411 89.5461081324
12422 89.5461081324
12434 89.5461081324
12484 89.5461081324
12508 89.5461081324
12526 89.5461081324
12584 89.5461081324
12593 89.5461081323
12633 89.5461081323
12639 89.5461081323
12653 89.5461081323
12668 89.5461081323
12682 89.5461081323
12690 89.5461081323
12709 89.5461081323
12712 89.5461081323
12725 89.5461081323
12756 89.5461081323
12785 89.5461081323
12857 89.5461081323
12893 89.5461081323
12935 89.5461081323
12963 89.5461081323
12965 89.5461081323
12993 89.5461081323
13091 89.5461081323
13106 89.5461081323
13111 89.5461081323
13144 89.5461081323
13156 89.5461081323
13164 89.5461081323
13190 89.5461081323
13197 89.5461081323
13207 89.5461081323
13212 89.5461081323
13241 89.5461081323
13245 89.5461081323
13258 89.5461081323
13259 89.5461081323
13332 89.5461081323
13346 89.5461081323
13348 89.5461081323
13350 89.5461081323
13368 89.5461081323
13380 89.5461081323
13392 89.5461081323
13460 89.5461081323
13468 89.5461081323
13471 89.5461081323
13527 89.5461081323
13548 89.5461081323
13555 89.5461081323
13629 89.5461081323
13641 89.5461081323
13654 89.5461081323
13657 89.5461081323
13682 89.5461081323
13766 89.5461081323
13771 89.5461081323
13780 89.5461081323
13790 89.5461081323
13791 89.5461081323
13821 89.5461081323
13839 89.5461081323
13879 89.5461081323
13905 89.5461081323
13925 89.5461081323
13930 89.5461081323
13940 89.5461081323
13941 89.5461081323
13958 89.5461081323
14041 89.5461081323
14046 89.5461081323
14233 89.5461081323
14236 89.5461081323
14287 89.5461081323
15518 89.5461081323
15757 89.5461081323
16548 89.5461081323
16893 89.5461081323
18043 89.5461081323
18172 89.5461081323
42691 89.5461081323
143580 89.5461081323
evaluations raw_y
1 106117.1664253629
2 28429.8967660170
6 15792.3915544943
7 14947.1282781483
8 14687.2778643122
16 8639.3069195615
19 7564.1537749774
37 6720.7039743032
43 6562.5317982316
47 6385.8212274303
52 5588.5461640453
65 5282.9382166785
67 4192.0711151298
70 3830.7332694015
87 3787.1942663312
92 3137.5563922816
103 3086.4184090507
106 3020.5794570205
110 2292.8425446066
131 2165.3760460381
152 1402.7897556449
182 1285.2828965732
221 1223.0770518754
233 1059.3202288405
347 1049.2035162955
370 1037.7558432645
381 1004.9673277458
411 978.5489270928
443 909.5349860792
456 896.2146999674
473 843.5818421920
484 736.0859763157
559 688.1800201518
605 672.1586705067
661 641.4301683992
662 607.4543476263
680 596.2812597785
696 561.3595997833
764 559.5219611995
766 488.9910462879
988 479.1793812976
1025 470.9848343442
1127 462.2649803723
1148 430.0052609797
1209 429.2378473546
1246 420.5483251208
1254 413.0740057117
1314 391.5092850399
1381 386.9245341551
1467 381.7287463282
1578 376.0272826965
1583 375.8594296509
1674 345.1817445954
1898 336.7003111254
3711 333.6444676145
4752 298.0834874195
4915 293.3220687870
4973 283.4669515173
5117 264.4470887064
5123 260.8788657970
5189 242.5653462936
5196 241.4985485644
5209 226.0011848239
5253 222.8549271234
5334 216.2660842877
5351 189.6867562879
5399 185.2183009918
5462 183.9547485034
5485 176.6729051869
5509 173.9815051241
5528 172.5105419934
5530 162.5053851207
5542 159.9164414591
5586 156.6909581562
5592 155.2297357921
5623 149.1740796273
5654 147.3774927412
5655 143.4003406253
5710 142.6017703963
5795 141.2817008918
5828 134.9876304346
5852 134.0714665541
5866 129.3037922069
5919 128.3260831694
5930 128.1910894684
5936 127.3193667428
6033 125.8371444298
6050 122.0917032585
6061 121.5755947698
6076 119.7853622317
6144 119.4610236772
6220 119.3270802971
6236 119.0793183130
6245 117.9610945660
6264 115.8453489752
6281 115.1360734529
6436 115.0207596881
6443 114.3463900237
6465 113.4160507619
6488 113.3593870003
6503 113.2905476750
6514 113.0940302461
6518 112.4515630927
6561 112.0644840896
6564 111.2995236008
6648 110.7819622258
6666 110.7535806873
6680 110.6885270115
6683 110.5731125528
6703 110.4559323231
6706 110.2685421804
6737 110.0449328525
6783 109.7606217103
6847 109.6866711043
6867 109.3851291996
6881 109.3194561772
6917 109.1753641994
6933 109.0464846595
6968 108.9556165087
6979 108.9305693185
6981 108.9154414544
6994 108.7204758456
7055 108.4680178910
7100 108.4500735985
7136 108.2758179303
7178 108.1341633231
7242 108.1293744580
7269 108.0239382907
7283 108.0007410980
7295 107.9358578899
7315 107.9104789215
7371 107.8755814215
7453 107.8447736516
7473 107.7958486426
7506 107.7615334964
7532 107.7125384560
7586 107.6984512968
7615 107.6560458598
7640 107.6352449266
7646 107.6278313499
7710 107.6124570575
7757 107.5933735913
7775 107.5888080111
7783 107.5869878537
7833 107.5752332846
7853 107.5711528737
7873 107.5691126571
7889 107.5450485781
7941 107.5429369918
7958 107.5371947058
7964 107.5227672763
8065 107.5224301057
8071 107.5146044262
8100 107.5092306433
8109 107.5013938403
8143 107.4948156272
8180 107.4939019119
8213 107.4928178552
8273 107.4911005208
8304 107.4905464968
8305 107.4903968775
8313 107.4886005305
8330 107.4875638108
8382 107.4855482409
8405 107.4834416772
8422 107.4822354261
8451 107.4796706435
8475 107.4795428569
8482 107.4779945899
8489 107.4776836174
8528 107.4771670419
8539 107.4768031670
8543 107.4747382306
8561 107.4722845955
8615 107.4718038046
8636 107.4713965243
8672 107.4708019710
8679 107.4702745525
8691 107.4696425468
8715 107.4696164622
8722 107.4689414975
8746 107.4678421886
8752 107.4672174480
8779 107.4670142988
8780 107.4666402502
8807 107.4664971866
8831 107.4663428245
8861 107.4652142835
8866 107.4651164318
8882 107.4642330652
8926 107.4642061964
8929 107.4641778007
8959 107.4639818813
8980 107.4638664552
9005 107.4627509164
9078 107.4624495925
9098 107.4623016256
9106 107.4622868417
9114 107.4622599366
9123 107.4619234893
9129 107.4617106937
9168 107.4616100738
9184 107.4614352358
9213 107.4613838362
9216 107.4612216293
9234 107.4609230552
9241 107.4608606730
9246 107.4607139904
9250 107.4606893002
9256 107.4606572731
9273 107.4604245399
9310 107.4603850613
9339 107.4600739088
9360 107.4599816406
9366 107.4598678480
9378 107.4598403845
9423 107.4595301859
9498 107.4592315879
9561 107.4592112181
9590 107.4591998018
9605 107.4591833472
9606 107.4590663117
9626 107.4588341491
9643 107.4588269171
9655 107.4585803116
9726 107.4585651126
9843 107.4585604597
9844 107.4585451631
9858 107.4584873683
9862 107.4583975522
9873 107.4583876024
9898 107.4583718128
9966 107.4581135862
10013 107.4580177018
10026 107.4579582261
10047 107.4576917925
10129 107.4576726424
10187 107.4576509021
10190 107.4576119245
10192 107.4575426019
10198 107.4575215483
10251 107.4572796910
10276 107.4571911329
10294 107.4571267637
10300 107.4570983314
10309 107.4570245359
10342 107.4569749399
10355 107.4569686696
10374 107.4569138783
10426 107.4568970164
10430 107.4568958329
10446 107.4568909614
10450 107.4568528987
10451 107.4568474994
10460 107.4567925612
10484 107.4567847020
10489 107.4567256842
10542 107.4567134709
10574 107.4566775833
10580 107.4566527162
10592 107.4566375436
10595 107.4565790433
10611 107.4564477461
10694 107.4564462338
10698 107.4564366219
10702 107.4563687926
10715 107.4563551584
10744 107.4562893513
10759 107.4562563796
10793 107.4562429135
10796 107.4562105603
10797 107.4561935706
10810 107.4561909551
10817 107.4561446261
10838 107.4561418085
10839 107.4561374882
10846 107.4560256373
10871 107.4559700099
10877 107.4559570798
10896 107.4559228399
10922 107.4558809865
10941 107.4558622766
10970 107.4558613925
10992 107.4558336192
11002 107.4558205855
11105 107.4557768383
11122 107.4557531744
11136 107.4557404326
11149 107.4557382961
11166 107.4557206700
11188 107.4557074222
11200 107.4556504341
11205 107.4556309656
11210 107.4556064949
11254 107.4556004890
11256 107.4555921067
11277 107.4555609323
11306 107.4555580031
11330 107.4555090540
11421 107.4554684824
11545 107.4554671093
11572 107.4554614414
11584 107.4554450890
11585 107.4554395215
11599 107.4554305238
11623 107.4554108336
11634 107.4553924328
11678 107.4553863159
11718 107.4553778544
11749 107.4553551492
11785 107.4553549801
11787 107.4553480141
11788 107.4553399767
11791 107.4553278100
11838 107.4553200187
11854 107.4553117353
11928 107.4553044902
12021 107.4553030358
12042 107.4553016844
12043 107.4553008384
12044 107.4552939805
12050 107.4552928903
12094 107.4552891780
12114 107.4552852387
12116 107.4552845486
12198 107.4552843085
12211 107.4552837057
12240 107.4552823965
12242 107.4552819795
12245 107.4552771915
12271 107.4552771285
12327 107.4552757409
12350 107.4552754597
12352 107.4552728483
12385 107.4552722760
12433 107.4552701908
12484 107.4552687074
12560 107.4552677846
12578 107.4552666926
12620 107.4552647497
12699 107.4552647392
12708 107.4552644068
12716 107.4552642936
12734 107.4552639837
12747 107.4552631901
12801 107.4552630551
12815 107.4552625314
12854 107.4552623893
12885 107.4552621796
12893 107.4552620138
13026 107.4552619787
13032 107.4552618086
13049 107.4552616630
13073 107.4552614303
13109 107.4552614129
13153 107.4552613095
13172 107.4552611774
13184 107.4552610874
13187 107.4552610826
13200 107.4552609102
13256 107.4552609031
13274 107.4552607850
13282 107.4552606826
13301 107.4552606709
13308 107.4552606527
13322 107.4552605996
13344 107.4552604683
13358 107.4552603684
13364 107.4552603532
13412 107.4552603406
13438 107.4552602815
13508 107.4552602279
13513 107.4552601989
13556 107.4552601894
13558 107.4552601868
13582 107.4552601586
13585 107.4552601442
13633 107.4552601428
13636 107.4552601414
13638 107.4552601298
13727 107.4552601161
13735 107.4552601154
13777 107.4552601137
13787 107.4552601053
13793 107.4552601006
13811 107.4552600873
13823 107.4552600724
13828 107.4552600692
13834 107.4552600620
13849 107.4552600590
13862 107.4552600274
13926 107.4552600268
13963 107.4552600248
13968 107.4552600230
13973 107.4552600217
13983 107.4552600145
14034 107.4552600105
14037 107.4552600061
14056 107.4552600025
14066 107.4552600014
14088 107.4552599977
14129 107.4552599898
14149 107.4552599867
14162 107.4552599855
14207 107.4552599817
14250 107.4552599799
14335 107.4552599770
14363 107.4552599755
14385 107.4552599743
14401 107.4552599729
14457 107.4552599725
14483 107.4552599720
14495 107.4552599707
14535 107.4552599707
14546 107.4552599698
14559 107.4552599690
14573 107.4552599685
14587 107.4552599683
14618 107.4552599682
14629 107.4552599675
14691 107.4552599674
14701 107.4552599673
14761 107.4552599672
14767 107.4552599671
14779 107.4552599668
14794 107.4552599667
14800 107.4552599664
14804 107.4552599659
14825 107.4552599655
14925 107.4552599653
14929 107.4552599652
14935 107.4552599650
14941 107.4552599649
14945 107.4552599648
15031 107.4552599646
15033 107.4552599646
15051 107.4552599645
15065 107.4552599644
15073 107.4552599642
15158 107.4552599641
15177 107.4552599641
15179 107.4552599640
15192 107.4552599640
15243 107.4552599639
15246 107.4552599639
15258 107.4552599639
15272 107.4552599638
15274 107.4552599638
15277 107.4552599638
15290 107.4552599637
15311 107.4552599637
15348 107.4552599637
15351 107.4552599635
15430 107.4552599635
15438 107.4552599635
15442 107.4552599635
15447 107.4552599635
15451 107.4552599635
15454 107.4552599635
15494 107.4552599634
15548 107.4552599634
15668 107.4552599634
15673 107.4552599634
15774 107.4552599634
15790 107.4552599634
15829 107.4552599634
15853 107.4552599634
15864 107.4552599634
15867 107.4552599634
15872 107.4552599634
15874 107.4552599634
15884 107.4552599634
15891 107.4552599633
15892 107.4552599633
15916 107.4552599633
15974 107.4552599633
15977 107.4552599633
16050 107.4552599633
16054 107.4552599633
16067 107.4552599633
16071 107.4552599633
16087 107.4552599633
16116 107.4552599633
16205 107.4552599633
16268 107.4552599633
16322 107.4552599633
16345 107.4552599633
16355 107.4552599633
16376 107.4552599633
16384 107.4552599633
16397 107.4552599633
16399 107.4552599633
16406 107.4552599633
16413 107.4552599633
16518 107.4552599633
16582 107.4552599633
16596 107.4552599633
16604 107.4552599633
16621 107.4552599633
16628 107.4552599633
16630 107.4552599633
16693 107.4552599633
16755 107.4552599633
16771 107.4552599633
16788 107.4552599633
16832 107.4552599633
16841 107.4552599633
16859 107.4552599633
16931 107.4552599633
17035 107.4552599633
17042 107.4552599633
17043 107.4552599633
17057 107.4552599633
17112 107.4552599633
17123 107.4552599633
17223 107.4552599633
17247 107.4552599633
17286 107.4552599633
17291 107.4552599633
17300 107.4552599633
17345 107.4552599633
17360 107.4552599633
17416 107.4552599633
17541 107.4552599633
17858 107.4552599633
17977 107.4552599633
18479 107.4552599633
18552 107.4552599633
19036 107.4552599633
19223 107.4552599633
113610 107.4552599633
evaluations raw_y
1 3287.9410652599
17 2904.8079329392
26 2882.7534894153
27 2867.8152809479
33 2703.9401538131
37 2574.8155268088
43 2010.8445604019
70 1740.9303060286
97 1651.9934500792
100 1450.7576441232
103 1293.9248676629
118 1254.9116079489
122 1175.1026345971
128 1053.5440479743
158 1018.8436557403
188 1017.5043698474
189 969.5886646819
201 967.7340743160
216 883.5939892382
221 683.9500598469
314 660.7770943950
405 598.2149246713
596 555.8484141000
617 528.4692439041
656 515.4934594327
760 506.6824568570
797 490.6599077315
816 480.2444444606
820 449.1896928706
1006 414.0351847818
1037 371.4562692540
1786 359.8690836095
2003 353.8677328867
2091 350.7724082595
2499 325.4100074718
2536 325.2373842847
3848 314.1745787482
3907 305.3740766102
4040 296.4518091900
4047 277.0823256770
4102 268.9018124167
4114 239.7276155016
4128 232.1511467794
4250 218.0404931094
4323 216.0557337356
4346 207.8708921453
4385 179.8152520082
4444 162.3415490682
4484 150.2845774757
4523 133.0002635538
4736 132.8793911329
4749 131.1892151774
4764 130.0105934289
4778 128.9270677973
4780 128.5787493128
4791 123.4531163862
4796 121.2470602941
4811 110.3868678309
4928 105.3446154008
4962 104.0142422962
4974 100.1437337706
4991 98.2556409518
4998 95.4152440037
5112 91.1690605382
5208 90.7651949518
5232 89.5997580868
5240 89.1780163520
5245 88.8886661924
5267 88.2841451102
5291 87.5837621620
5338 87.5809253265
5339 87.5217543816
5342 86.0931101306
5357 85.9529532801
5372 85.3501217258
5492 83.9653088939
5509 83.6733950095
5590 83.4716935672
5605 82.8668904263
5617 82.7743403043
5623 82.2823074458
5628 81.9721545256
5660 81.8127268364
5678 81.5311967990
5728 81.4799615839
5745 81.0962661837
5812 80.9353797005
5819 80.8831953013
5824 80.2927417865
5841 80.2478372648
5856 79.7819181333
5862 79.7042519128
5879 79.3189935311
5944 78.7699287320
6005 78.6039950628
6080 78.5837187296
6086 78.5067239141
6128 78.2987814536
6175 78.2688722799
6177 78.1792837555
6198 77.9884055748
6242 77.9147394804
6275 77.8792680427
6279 77.8420466396
6299 77.7427000204
6309 77.6906835073
6328 77.6869675125
6350 77.6726875503
6393 77.6494964543
6404 77.6309706934
6405 77.6189147623
6451 77.6145400445
6463 77.5280013682
6479 77.4646637936
6491 77.4589921388
6495 77.4532717032
6526 77.4241795701
6563 77.4106407415
6585 77.4086490088
6598 77.3980893233
6610 77.2325491247
6660 77.2274838831
6680 77.2176097343
6694 77.1103645831
6790 77.0948731975
6803 77.0839585032
6824 77.0748947458
6829 77.0614880715
6873 77.0372590523
6900 77.0181667768
6902 77.0149111243
6907 76.9874671386
6916 76.9743720489
6964 76.9600666007
6987 76.9530228901
6993 76.9133508878
7012 76.8658172754
7035 76.8600643576
7078 76.8545111305
7157 76.8101242145
7210 76.8051192394
7217 76.7927136198
7252 76.7795264763
7263 76.7706577696
7264 76.7679541359
7275 76.7478323560
7282 76.7455740551
7341 76.7285027664
7429 76.7263866904
7434 76.7183710310
7446 76.7064496731
7471 76.7059849236
7506 76.6882297858
7548 76.6858219660
7557 76.6850124490
7576 76.6816406136
7616 76.6692561785
7629 76.6676472877
7639 76.6585382942
7651 76.6544080819
7689 76.6505233864
7733 76.6467661765
7767 76.6463628367
7771 76.6444429234
7788 76.6404985577
7852 76.6368280008
7896 76.6357305310
7954 76.6327371753
7991 76.6299570628
8105 76.6256791768
8141 76.6240864615
8166 76.6225819091
8181 76.6209481269
8334 76.6206639356
8335 76.6201848420
8345 76.6201292143
8347 76.6195320687
8349 76.6195283598
8350 76.6194559030
8385 76.6191705878
8399 76.6185439372
8421 76.6184518548
8428 76.6180948655
8437 76.6178070290
8465 76.6175767131
8479 76.6172846129
8481 76.6170141120
8493 76.6169883758
8498 76.6165345900
8521 76.6165052527
8547 76.6163846901
8565 76.6157130590
8566 76.6154355599
8614 76.6153731324
8624 76.6149682691
8654 76.6148151328
8671 76.6146156890
8675 76.6146150906
8686 76.6144923849
8763 76.6144189936
8780 76.6142340523
8787 76.6141135486
8793 76.6140107756
8812 76.6139025689
8827 76.6135128762
8829 76.6134702737
8854 76.6134485671
8884 76.6130581832
8935 76.6130078295
8966 76.6129417403
8977 76.6129035332
8983 76.6128761295
8990 76.6126668318
9024 76.6126188758
9046 76.6125655091
9061 76.6124492083
9076 76.6124164842
9136 76.6123602788
9156 76.6123013439
9191 76.6122740911
9217 76.6122490640
9220 76.6122471284
9249 76.6122279729
9297 76.6122206525
9318 76.6121989764
9341 76.6121863621
9346 76.6121826373
9355 76.6121353779
9376 76.6120872076
9396 76.6120820224
9400 76.6120493885
9402 76.6120005186
9415 76.6119942960
9475 76.6119912251
9512 76.6119857657
9528 76.6119502052
9549 76.6119186094
9566 76.6118877719
9626 76.6118539005
9659 76.6118464692
9704 76.6118398691
9712 76.6118371765
9725 76.6118368774
9751 76.6118328718
9768 76.6118258303
9772 76.6118139601
9808 76.6118037283
9822 76.6118032959
9823 76.6117983597
9826 76.6117918302
9843 76.6117670696
9889 76.6117640164
9893 76.6117594609
9914 76.6117584718
9923 76.6117547107
9956 76.6117529936
9964 76.6117430520
10012 76.6117326730
10034 76.6117316805
10086 76.6117308220
10099 76.6117307635
10103 76.6117257883
10115 76.6117187733
10136 76.6117164209
10184 76.6117104633
10194 76.6117087802
10274 76.6117004195
10429 76.6116967595
10458 76.6116953628
10488 76.6116940234
10508 76.6116935197
10523 76.6116928842
10537 76.6116920275
10553 76.6116907953
10590 76.6116900129
10604 76.6116896707
10682 76.6116891481
10713 76.6116877154
10729 76.6116867302
10781 76.6116864979
10823 76.6116863447
10841 76.6116863332
10848 76.6116853938
10863 76.6116848274
10880 76.6116847612
10881 76.6116846290
10933 76.6116846285
10936 76.6116845184
10937 76.6116841139
10966 76.6116836355
11018 76.6116835985
11027 76.6116831642
11051 76.6116830757
11060 76.6116830215
11063 76.6116829201
11091 76.6116828896
11196 76.6116827638
11236 76.6116824394
11261 76.6116821203
11276 76.6116820679
11300 76.6116819434
11333 76.6116817069
11485 76.6116815307
11519 76.6116814702
11536 76.6116814332
11570 76.6116813987
11591 76.6116813957
11615 76.6116813849
11633 76.6116813757
11645 76.6116813549
11656 76.6116813404
11657 76.6116813119
11660 76.6116813018
11711 76.6116812990
11714 76.6116812990
11718 76.6116812941
11739 76.6116812146
11745 76.6116811882
11779 76.6116811469
11806 76.6116811304
11844 76.6116811035
11865 76.6116810946
11890 76.6116810289
11945 76.6116810241
12050 76.6116810122
12065 76.6116810005
12079 76.6116809996
12080 76.6116809954
12100 76.6116809675
12154 76.6116809648
12177 76.6116809625
12249 76.6116809506
12299 76.6116809477
12317 76.6116809463
12321 76.6116809456
12334 76.6116809435
12365 76.6116809434
12389 76.6116809419
12446 76.6116809403
12466 76.6116809362
12500 76.6116809350
12535 76.6116809343
12544 76.6116809333
12553 76.6116809325
12565 76.6116809323
12572 76.6116809308
12586 76.6116809307
12596 76.6116809294
12651 76.6116809280
12679 76.6116809276
12710 76.6116809276
12714 76.6116809267
12775 76.6116809264
12792 76.6116809260
12797 76.6116809250
12811 76.6116809250
12831 76.6116809249
12842 76.6116809242
12880 76.6116809239
12907 76.6116809238
12912 76.6116809236
12925 76.6116809234
12981 76.6116809234
12987 76.6116809233
13026 76.6116809233
13040 76.6116809229
13075 76.6116809227
13095 76.6116809226
13096 76.6116809224
13119 76.6116809223
13139 76.6116809223
13153 76.6116809222
13155 76.6116809220
13187 76.6116809220
13192 76.6116809220
13194 76.6116809220
13201 76.6116809219
13223 76.6116809219
13238 76.6116809218
13247 76.6116809218
13250 76.6116809217
13273 76.6116809215
13395 76.6116809214
13396 76.6116809214
13425 76.6116809214
13432 76.6116809214
13438 76.6116809214
13446 76.6116809214
13500 76.6116809213
13527 76.6116809213
13529 76.6116809213
13538 76.6116809213
13576 76.6116809212
13603 76.6116809212
13613 76.6116809212
13666 76.6116809211
13693 76.6116809211
13696 76.6116809211
13742 76.6116809211
13769 76.6116809211
13774 76.6116809210
13860 76.6116809210
13868 76.6116809210
13945 76.6116809210
13953 76.6116809210
13962 76.6116809210
14022 76.6116809210
14038 76.6116809210
14045 76.6116809210
14062 76.6116809210
14080 76.6116809210
14117 76.6116809210
14119 76.6116809210
14229 76.6116809210
14261 76.6116809210
14268 76.6116809210
14289 76.6116809210
14333 76.6116809210
14351 76.6116809210
14381 76.6116809210
14412 76.6116809210
14473 76.6116809210
14537 76.6116809210
14576 76.6116809210
14642 76.6116809210
14685 76.6116809210
14695 76.6116809210
14709 76.6116809210
14711 76.6116809210
14737 76.6116809210
14749 76.6116809210
14771 76.6116809210
14796 76.6116809210
14812 76.6116809210
14835 76.6116809210
14840 76.6116809210
14900 76.6116809210
14915 76.6116809210
14931 76.6116809210
15049 76.6116809210
15093 76.6116809210
15101 76.6116809210
15113 76.6116809210
15128 76.6116809210
15129 76.6116809210
15150 76.6116809210
15172 76.6116809210
15204 76.6116809210
15223 76.6116809210
15288 76.6116809210
15315 76.6116809210
15438 76.6116809210
15452 76.6116809210
15464 76.6116809210
15486 76.6116809210
15499 76.6116809210
15523 76.6116809210
15606 76.6116809210
15633 76.6116809210
15666 76.6116809210
15699 76.6116809210
15786 76.6116809210
16278 76.6116809210
16435 76.6116809210
17084 76.6116809210
18837 76.6116809210
18871 76.6116809210
42229 76.6116809210
97860 76.6116809210
evaluations raw_y
1 4109.5201835743
2 3953.4018295044
6 3883.6523681696
20 3729.1762688382
24 3498.3294919101
27 3331.0400171286
28 3106.9428791697
38 2860.3467805120
58 2475.3439999698
64 2403.9912409225
93 2364.6017097857
105 2075.1241346526
128 2069.6800730901
136 1946.9975636377
144 1851.8916354841
147 1735.6543935657
152 1541.9199720285
174 1535.1161831320
191 1506.6431088144
193 1485.2091439163
196 1300.0325850753
215 1292.5123915646
219 1248.1615867646
220 1114.6557705649
282 1027.7587382008
284 1017.0788896249
338 1010.7388970776
347 805.7221384298
481 786.4000232354
499 716.8658333488
508 711.2918660863
547 659.4074500018
591 575.3190464865
665 564.0240821922
702 551.9368503349
707 544.1335816883
745 480.5506056305
895 477.4458819499
934 457.3309448371
1028 435.2004706461
1149 419.0830189237
1512 418.7110531758
1527 396.6692504713
1740 374.2553261412
1821 355.8330766344
1935 340.8031461154
3603 336.4006059774
3652 333.9813190210
3659 326.6769946036
3845 314.8677365118
4160 309.1438182694
4410 301.7719167793
4459 300.7434223585
4470 298.5438581335
4480 265.4090169742
4789 206.8416011508
4847 198.3180352664
4902 193.9121243299
4920 188.6107011654
4921 175.1376862156
4936 163.0524379998
5011 157.3099769609
5034 151.9581517887
5075 145.7353018784
5119 142.0908500422
5125 125.6541690447
5173 120.9765582971
5215 116.6414314852
5245 115.4381326450
5248 114.4141391732
5255 100.4918463907
5281 94.5073609269
5351 94.3387043545
5353 92.4774855283
5390 83.1241528878
5440 82.5633634774
5452 82.1291229130
5471 78.0956924493
5492 75.2426620882
5554 72.4930264428
5577 71.1845003041
5638 67.6610597031
5765 66.0939078685
5853 65.7153883006
5854 65.3765488880
5866 64.7171407512
5896 63.8106589844
5903 63.7046830213
5910 62.9078119827
5936 62.9043514858
5957 61.8973521446
6013 61.4489168327
6016 61.0937287527
6049 60.9760723192
6061 60.1374292108
6126 59.3538140733
6127 59.3083983128
6179 58.9192231550
6225 58.4287734990
6238 57.9919659334
6305 57.9728936922
6321 57.6868929402
6338 57.5797114965
6370 57.5165224265
6377 57.2432473962
6388 56.8137668205
6395 56.5304547838
6422 56.5190810213
6443 56.4364777299
6464 56.3971220671
6470 56.2142692907
6492 56.2115986690
6512 56.0763726457
6526 55.9084836508
6527 55.8012611252
6532 55.7594819939
6554 55.2557691512
6569 55.2138676893
6590 55.0899307295
6638 55.0853758576
6643 55.0792584469
6651 54.7431556787
6672 54.6404583722
6683 54.3518743613
6780 54.3336651747
6782 54.3107983504
6800 54.1802265720
6818 54.1471232755
6819 54.1413941117
6832 53.9423764927
6867 53.8464078224
6884 53.8383528133
6917 53.8229293032
7018 53.7119929588
7022 53.6479708636
7064 53.3771810643
7170 53.3343347508
7189 53.2533669498
7266 53.1432604663
7336 53.1255432818
7355 53.0988556524
7386 52.9769489754
7410 52.9471454479
7524 52.9150795940
7535 52.8820802723
7711 52.8696814718
7727 52.8336512040
7741 52.8290415505
7816 52.8137473221
7817 52.8135939125
7913 52.8133926690
7914 52.8127133144
7916 52.7998395200
7934 52.7853909636
7950 52.7844697890
8000 52.7824118231
8014 52.7782670647
8028 52.7730607980
8082 52.7720777789
8092 52.7645477357
8147 52.7590978757
8161 52.7581307713
8164 52.7556386161
8185 52.7528443538
8306 52.7524534303
8312 52.7515936060
8324 52.7513417016
8376 52.7511390479
8385 52.7495691284
8397 52.7485045868
8399 52.7474469978
8402 52.7445404748
8486 52.7439299084
8536 52.7415026685
8562 52.7409641618
8575 52.7391500617
8637 52.7386827100
8691 52.7382220156
8699 52.7377537237
8712 52.7368030765
8755 52.7355440180
8889 52.7354810560
8893 52.7352888552
8901 52.7349088109
8941 52.7348869340
8976 52.7347652867
9003 52.7345797146
9004 52.7344482036
9013 52.7343749340
9048 52.7343498015
9054 52.7342118209
9065 52.7339659505
9095 52.7339394513
9100 52.7339118206
9146 52.7337904102
9235 52.7336933142
9249 52.7336605542
9258 52.7335525114
9260 52.7334735840
9279 52.7333637453
9362 52.7333621247
9386 52.7333042044
9395 52.7332736318
9427 52.7332217974
9476 52.7332170149
9486 52.7330806586
9549 52.7330236608
9675 52.7330070868
9684 52.7329856109
9691 52.7329801704
9702 52.7329668118
9712 52.7329569487
9715 52.7329488005
9723 52.7329435815
9737 52.7329312401
9758 52.7328977080
9811 52.7328867523
9821 52.7328788486
9827 52.7328650518
9862 52.7328463187
9890 52.7328375380
10043 52.7328290276
10078 52.7328184175
10097 52.7328126845
10129 52.7328032610
10178 52.7328022316
10222 52.7328011011
10270 52.7327997999
10275 52.7327966003
10280 52.7327922782
10316 52.7327918604
10329 52.7327897380
10336 52.7327892484
10354 52.7327872770
10366 52.7327871709
10370 52.7327867740
10392 52.7327858631
10394 52.7327853342
10404 52.7327839187
10427 52.7327830666
10456 52.7327814604
10499 52.7327797869
10567 52.7327795644
10572 52.7327783928
10576 52.7327767175
10610 52.7327760623
10615 52.7327757886
10628 52.7327745754
10715 52.7327743492
10789 52.7327743315
10791 52.7327741157
10805 52.7327740876
10807 52.7327738487
10830 52.7327737782
10835 52.7327737686
10836 52.7327737645
10865 52.7327731588
10878 52.7327727937
10909 52.7327725093
10925 52.7327723037
10937 52.7327722931
10948 52.7327719763
10953 52.7327719005
10964 52.7327715908
10978 52.7327713972
11016 52.7327713323
11077 52.7327713079
11080 52.7327711926
11091 52.7327710110
11103 52.7327706842
11160 52.7327706788
11173 52.7327704110
11178 52.7327703798
11250 52.7327703344
11267 52.7327702733
11285 52.7327701138
11328 52.7327700759
11368 52.7327700743
11387 52.7327700350
11398 52.7327700292
11401 52.7327699942
11425 52.7327699026
11490 52.7327698618
11536 52.7327698574
11551 52.7327698014
11597 52.7327697981
11604 52.7327697920
11609 52.7327697372
11613 52.7327697268
11674 52.7327697017
11695 52.7327696724
11737 52.7327696603
11753 52.7327696565
11823 52.7327696433
11870 52.7327696394
11888 52.7327696341
11921 52.7327696303
11928 52.7327696248
11941 52.7327696110
11995 52.7327695930
11997 52.7327695925
12103 52.7327695872
12122 52.7327695828
12142 52.7327695787
12160 52.7327695769
12163 52.7327695647
12214 52.7327695639
12275 52.7327695580
12295 52.7327695571
12316 52.7327695541
12333 52.7327695516
12371 52.7327695497
12410 52.7327695482
12429 52.7327695441
12485 52.7327695420
12505 52.7327695418
12528 52.7327695412
12587 52.7327695409
12602 52.7327695408
12614 52.7327695403
12618 52.7327695389
12622 52.7327695386
12647 52.7327695375
12663 52.7327695372
12691 52.7327695367
12714 52.7327695354
12732 52.7327695350
12768 52.7327695344
12775 52.7327695334
12817 52.7327695329
12831 52.7327695327
12872 52.7327695326
12896 52.7327695319
12909 52.7327695318
12938 52.7327695317
12967 52.7327695313
13004 52.7327695307
13033 52.7327695300
13088 52.7327695293
13114 52.7327695293
13134 52.7327695292
13151 52.7327695289
13162 52.7327695287
13171 52.7327695286
13185 52.7327695284
13269 52.7327695283
13312 52.7327695283
13367 52.7327695281
13384 52.7327695280
13387 52.7327695278
13397 52.7327695277
13400 52.7327695277
13449 52.7327695274
13463 52.7327695273
13509 52.7327695273
13547 52.7327695273
13571 52.7327695271
13680 52.7327695270
13730 52.7327695270
13775 52.7327695270
13776 52.7327695270
13803 52.7327695270
13820 52.7327695270
13831 52.7327695269
13833 52.7327695269
13868 52.7327695269
13873 52.7327695269
13874 52.7327695269
13884 52.7327695269
13892 52.7327695269
13894 52.7327695269
13899 52.7327695268
13986 52.7327695268
14003 52.7327695268
14038 52.7327695268
14058 52.7327695268
14093 52.7327695268
14117 52.7327695268
14129 52.7327695268
14135 52.7327695268
14144 52.7327695268
14153 52.7327695268
14164 52.7327695268
14166 52.7327695267
14189 52.7327695267
14203 52.7327695267
14206 52.7327695267
14207 52.7327695267
14231 52.7327695267
14236 52.7327695267
14256 52.7327695267
14273 52.7327695267
14276 52.7327695267
14285 52.7327695267
14316 52.7327695267
14368 52.7327695267
14374 52.7327695267
14378 52.7327695267
14387 52.7327695267
14436 52.7327695267
14439 52.7327695267
14447 52.7327695267
14472 52.7327695267
14476 52.7327695267
14512 52.7327695267
14520 52.7327695267
14531 52.7327695267
14539 52.7327695267
14551 52.7327695267
14599 52.7327695267
14652 52.7327695267
14672 52.7327695267
14780 52.7327695267
14782 52.7327695267
14788 52.7327695267
14799 52.7327695267
14838 52.7327695267
14860 52.7327695267
14957 52.7327695267
14975 52.7327695267
15003 52.7327695267
15019 52.7327695267
15097 52.7327695267
15102 52.7327695267
15156 52.7327695267
15184 52.7327695267
15194 52.7327695267
15197 52.7327695267
15204 52.7327695267
15237 52.7327695267
15253 52.7327695267
15311 52.7327695267
15349 52.7327695267
15418 52.7327695267
15435 52.7327695267
15441 52.7327695267
15462 52.7327695267
15494 52.7327695267
15526 52.7327695267
15532 52.7327695267
15550 52.7327695267
15590 52.7327695267
15622 52.7327695267
15637 52.7327695267
15651 52.7327695267
15683 52.7327695267
15692 52.7327695267
15694 52.7327695267
15710 52.7327695267
15720 52.7327695267
15724 52.7327695267
15917 52.7327695267
16009 52.7327695267
16042 52.7327695267
16051 52.7327695267
16093 52.7327695267
16124 52.7327695267
16161 52.7327695267
16879 52.7327695267
16916 52.7327695267
17536 52.7327695267
20155 52.7327695267
21393 52.7327695267
24634 52.7327695267
121515 52.7327695267
evaluations raw_y
1 9238.0126598909
2 5260.0638049361
6 4458.7688625843
8 4427.0936103470
11 4239.5668603603
16 3625.7467649768
19 3409.3486847720
23 2953.0921935836
31 2950.8723498732
36 2601.6779570290
43 2413.8840903874
46 2026.0625222918
69 2014.6501101763
72 1669.7905030983
143 1591.1371042159
151 1516.1604117006
174 1356.1259896828
199 1350.1731665561
215 1196.2566675854
259 1091.7070729659
266 1067.2183723356
287 1065.8333044485
289 916.6940494341
353 827.5690349795
385 770.6717939041
455 759.7267744693
509 718.3711986039
537 712.0127608762
559 689.8031063975
568 637.2182087843
585 625.0071532187
629 623.0926789532
652 622.7424812591
659 603.1155263271
662 531.2480523897
669 520.1793119457
739 490.0755406253
835 488.7593157731
853 461.7751257759
914 460.7618297406
984 430.9890812111
1097 412.2936355412
1355 404.6124643723
1411 382.6828888058
2288 372.7647964314
2819 359.2247516256
3206 338.4106453069
3706 288.8706094716
3818 285.6576577646
3838 285.3173447120
3859 277.1450615264
3876 270.5832478779
3883 258.5086532267
3885 252.3851864867
3907 249.5641175472
3937 248.2856209233
3967 242.2607385444
3987 221.9118098335
3994 218.7337424050
3995 215.6814110171
4018 212.4378047222
4025 204.6967467823
4063 195.5695713304
4080 169.8057917606
4223 161.6740510124
4225 161.5473446738
4239 144.9891484107
4295 136.5600744298
4489 134.9872373168
4517 128.2676302019
4529 124.9096805643
4538 124.7867323837
4547 117.2446147221
4636 115.7674191668
4646 114.6357364161
4688 112.6332760761
4730 109.8521563269
4750 108.5795185946
4778 106.6857958197
4823 104.9176662550
4887 104.6901210071
4906 103.5475672737
4921 102.8210264345
4943 101.6925476529
4954 101.0016097489
4975 100.4393725394
4992 99.8441561161
5005 99.0788344141
5007 98.5331463125
5011 97.1620445749
5022 95.9486917794
5045 93.7196399874
5070 93.5569331739
5088 92.7599591472
5133 92.0529597451
5142 91.4145739978
5370 90.7503822022
5376 90.6955883588
5390 90.4410120573
5405 90.1891959921
5533 89.6924247140
5571 89.1413664130
5633 88.7470450285
5655 88.5874261875
5686 88.3083225098
5688 88.3050624512
5710 88.2495224917
5713 87.9298639402
5736 87.8041708172
5737 87.4735973967
5759 87.4542040644
5770 87.4261021644
5772 87.2284999473
5823 86.5889304393
5839 86.5138864187
5867 86.4429167745
5913 86.0104309444
6048 85.9892503836
6052 85.9487538962
6055 85.8961995752
6056 85.8327748105
6067 85.8231519164
6088 85.7654814168
6096 85.6532799220
6097 85.3710773915
6284 85.3436970817
6312 85.2498763577
6371 85.2280289258
6397 85.2270347926
6408 85.1571151447
6437 85.1274225647
6455 85.1150502811
6471 84.9903378325
6520 84.9683465146
6531 84.9038898205
6678 84.9002715811
6681 84.8705900969
6691 84.8639559614
6697 84.8533410456
6700 84.8450099490
6712 84.8204285898
6748 84.8176857657
6766 84.8087942461
6804 84.8079342344
6867 84.7995660384
6882 84.7930265451
6884 84.7644820652
6888 84.7570790097
6893 84.7409620335
6918 84.7246788601
6944 84.7152752711
6966 84.6711755975
7056 84.6660722814
7068 84.6645683223
7138 84.6551016558
7162 84.6520308576
7163 84.6401896656
7189 84.6352847102
7256 84.6244570667
7316 84.6231036948
7351 84.6210106330
7360 84.6207522826
7362 84.6204198150
7375 84.6180269365
7378 84.6144953575
7387 84.6115303965
7399 84.6081821424
7431 84.6067363503
7517 84.6050861758
7522 84.6021414948
7553 84.6004248638
7567 84.5983897203
7667 84.5958141221
7687 84.5948522951
7698 84.5936868311
7723 84.5930522655
7778 84.5916134230
7784 84.5906115886
7801 84.5899609445
7819 84.5891054126
7822 84.5879152457
7855 84.5867976928
7861 84.5864775671
7890 84.5855851770
7897 84.5830414021
7950 84.5829862253
7962 84.5827022505
7984 84.5825929567
8001 84.5818841403
8015 84.5818478721
8028 84.5809540409
8057 84.5803713165
8075 84.5795599825
8103 84.5792776280
8111 84.5790730189
8112 84.5788739622
8130 84.5784334038
8205 84.5778543124
8264 84.5777857442
8271 84.5770636763
8313 84.5763167491
8345 84.5760626998
8357 84.5757374454
8362 84.5757037245
8365 84.5754401251
8377 84.5753800782
8388 84.5753257841
8404 84.5751053392
8411 84.5749552127
8413 84.5749427878
8435 84.5747096563
8463 84.5746258577
8473 84.5744797872
8484 84.5744141601
8487 84.5744040069
8488 84.5742934967
8491 84.5738214261
8510 84.5736721518
8525 84.5732560407
8574 84.5732387465
8576 84.5731105502
8648 84.5727209807
8739 84.5726418914
8751 84.5723307202
8889 84.5720746399
8909 84.5720686693
8924 84.5719578926
8995 84.5718813098
9015 84.5718154310
9017 84.5717983228
9059 84.5717885629
9083 84.5717010905
9191 84.5716844919
9203 84.5716686705
9204 84.5716560750
9206 84.5715947123
9235 84.5715864894
9272 84.5715835597
9288 84.5715180453
9323 84.5714790712
9354 84.5714779438
9415 84.5714692124
9432 84.5714664038
9454 84.5714557448
9465 84.5714460232
9512 84.5714339701
9556 84.5714299779
9557 84.5714268713
9580 84.5714173797
9611 84.5714096057
9704 84.5714085147
9713 84.5714067637
9721 84.5714063678
9737 84.5714053137
9738 84.5714035478
9739 84.5714024577
9751 84.5714020675
9756 84.5713987618
9760 84.5713971926
9769 84.5713858206
9800 84.5713845916
9858 84.5713826461
9864 84.5713806962
9915 84.5713749897
9945 84.5713738643
9987 84.5713732785
10010 84.5713711823
10025 84.5713710079
10135 84.5713673895
10214 84.5713664658
10262 84.5713661408
10273 84.5713657201
10291 84.5713655454
10313 84.5713651583
10326 84.5713648918
10330 84.5713647392
10335 84.5713643507
10361 84.5713638184
10378 84.5713636968
10396 84.5713636477
10403 84.5713634477
10409 84.5713632157
10432 84.5713627710
10447 84.5713625222
10472 84.5713614139
10561 84.5713612762
10564 84.5713609494
10567 84.5713608422
10616 84.5713607497
10664 84.5713604493
10677 84.5713600534
10682 84.5713599042
10712 84.5713597940
10750 84.5713597577
10769 84.5713597448
10775 84.5713597289
10817 84.5713596022
10844 84.5713593868
10851 84.5713593168
10992 84.5713592609
11013 84.5713592542
11043 84.5713591624
11056 84.5713591551
11073 84.5713591539
11079 84.5713591070
11152 84.5713589464
11199 84.5713588810
11218 84.5713588485
11298 84.5713588012
11379 84.5713587727
11395 84.5713587331
11435 84.5713587013
11472 84.5713586798
11473 84.5713586735
11486 84.5713586550
11492 84.5713586449
11574 84.5713586397
11598 84.5713586308
11635 84.5713585936
11654 84.5713585929
11691 84.5713585928
11703 84.5713585853
11708 84.5713585490
11762 84.5713585361
11776 84.5713585212
11792 84.5713585185
11835 84.5713585175
11850 84.5713585137
11865 84.5713585104
11893 84.5713585064
11934 84.5713585049
11948 84.5713585028
11966 84.5713585025
11986 84.5713585014
11993 84.5713584979
12027 84.5713584966
12037 84.5713584953
12066 84.5713584920
12109 84.5713584906
12142 84.5713584905
12155 84.5713584887
12168 84.5713584885
12171 84.5713584863
12179 84.5713584854
12200 84.5713584848
12206 84.5713584816
12232 84.5713584806
12241 84.5713584804
12256 84.5713584783
12271 84.5713584758
12330 84.5713584758
12336 84.5713584757
12361 84.5713584748
12371 84.5713584709
12430 84.5713584696
12493 84.5713584687
12496 84.5713584683
12506 84.5713584683
12540 84.5713584680
12545 84.5713584669
12557 84.5713584664
12670 84.5713584662
12684 84.5713584657
12700 84.5713584657
12769 84.5713584654
12782 84.5713584646
12798 84.5713584645
12818 84.5713584644
12834 84.5713584643
12837 84.5713584636
12842 84.5713584635
12863 84.5713584632
12906 84.5713584631
12918 84.5713584631
12923 84.5713584630
12927 84.5713584627
12995 84.5713584626
13020 84.5713584625
13032 84.5713584623
13094 84.5713584620
13102 84.5713584620
13136 84.5713584618
13206 84.5713584618
13227 84.5713584617
13236 84.5713584617
13268 84.5713584617
13271 84.5713584616
13281 84.5713584616
13285 84.5713584616
13289 84.5713584616
13295 84.5713584614
13372 84.5713584614
13394 84.5713584613
13430 84.5713584613
13451 84.5713584613
13478 84.5713584612
13510 84.5713584612
13527 84.5713584612
13535 84.5713584612
13539 84.5713584612
13546 84.5713584612
13599 84.5713584611
13611 84.5713584611
13738 84.5713584611
13795 84.5713584611
13818 84.5713584611
13835 84.5713584610
13894 84.5713584610
13925 84.5713584610
13958 84.5713584610
13981 84.5713584610
13997 84.5713584610
14011 84.5713584610
14065 84.5713584610
14116 84.5713584610
14133 84.5713584610
14173 84.5713584610
14187 84.5713584610
14223 84.5713584610
14254 84.5713584610
14257 84.5713584610
14267 84.5713584610
14302 84.5713584610
14320 84.5713584610
14339 84.5713584610
14359 84.5713584610
14367 84.5713584610
14373 84.5713584610
14384 84.5713584610
14385 84.5713584610
14403 84.5713584610
14421 84.5713584610
14426 84.5713584610
14427 84.5713584610
14477 84.5713584610
14490 84.5713584610
14491 84.5713584610
14536 84.5713584610
14539 84.5713584610
14540 84.5713584610
14542 84.5713584610
14584 84.5713584610
14655 84.5713584610
14658 84.5713584610
14705 84.5713584610
14707 84.5713584610
14740 84.5713584610
14774 84.5713584610
14786 84.5713584610
14796 84.5713584610
14832 84.5713584610
14852 84.5713584610
14853 84.5713584610
14880 84.5713584610
14910 84.5713584610
14940 84.5713584610
14959 84.5713584610
14978 84.5713584610
14988 84.5713584610
15027 84.5713584610
15070 84.5713584610
15150 84.5713584610
15168 84.5713584610
15208 84.5713584610
15213 84.5713584610
15284 84.5713584610
15305 84.5713584610
15312 84.5713584610
15453 84.5713584610
15480 84.5713584610
15495 84.5713584610
16452 84.5713584610
16785 84.5713584610
17356 84.5713584610
23785 84.5713584610
29818 84.5713584610
71835 84.5713584610
108195 84.5713584610
evaluations raw_y
1 9007.0509950560
6 7885.8540875416
7 7855.2261781198
17 4591.3784445120
52 3967.5073501360
61 3943.4836001221
71 3541.3611745977
75 3441.2757207455
82 3374.0581971089
87 3368.3945518347
96 3219.5429334367
97 2926.7175746543
103 2725.7171924266
116 2713.4048515126
130 2636.4319463573
132 2177.1056535424
154 2013.2267020865
171 1989.3398234861
190 1610.8610686174
273 1466.6081361828
286 1434.0771069971
288 1148.4739215126
367 1076.7296300676
390 1070.4501410190
402 942.9565123976
454 914.4425284508
494 840.1380790270
517 798.6586578855
532 737.8169591175
539 729.8185638913
548 727.5615442763
573 724.1041722605
577 700.8998432009
578 640.6295728399
587 613.0588917743
591 589.8613264833
676 544.6803619181
677 534.9592455081
727 529.9188729821
736 526.7628277553
777 462.7616620890
801 433.5625954468
1119 414.6729986930
1158 401.9734996949
1245 388.5967325188
1306 368.4712090989
1461 353.2187326795
1471 332.7444130197
1662 324.4704054098
2055 318.0049550627
2089 305.8049296596
3263 299.8300824097
3356 290.1674667635
3381 259.1874128386
3517 237.4099416812
3529 232.7853930619
3562 232.1478694993
3581 229.5072595000
3623 212.9587350633
3690 212.8798052292
3715 212.7385834991
3716 183.7005217305
3751 178.8396985338
3756 169.4839792227
3759 160.4409175667
3787 144.3582191390
3928 140.0970096030
3938 139.0621119595
3952 133.9966868484
3961 133.3954048658
4000 110.3046787287
4186 109.4529188994
4189 107.7357654216
4193 107.0145715665
4209 106.4433263738
4211 105.0322626630
4216 99.4688442138
4262 97.7484304324
4307 94.2263847419
4315 93.3561548492
4349 90.7753013892
4364 84.5985279964
4442 82.0550010481
4482 80.7786380151
4501 78.2965534428
4505 77.4373931828
4521 76.8202313157
4584 75.8340570059
4585 73.3469025659
4594 72.3086572970
4647 72.0938897942
4680 71.2074696557
4736 70.6365017329
4751 69.4964388866
4786 69.1816521241
4797 68.9613003654
4800 66.4180627695
4847 66.3476868357
4895 66.2168773944
4903 65.7029545835
4930 65.5833705545
5074 64.5285678311
5149 64.4666806622
5188 63.4344358486
5297 63.3938559360
5315 62.9547365216
5319 62.7872473989
5358 62.7665478668
5386 62.4754328106
5408 61.9678946396
5523 61.6416329091
5605 61.5654230018
5611 61.4599597841
5665 61.4238889863
5667 61.3301036554
5682 61.1371970905
5791 61.0392981575
5812 60.9879865107
5838 60.9085108881
5924 60.9079354539
5940 60.8709388147
5965 60.8554634003
5967 60.8418156596
5971 60.8385821056
5990 60.7508504521
6018 60.7447021625
6031 60.7198452526
6056 60.7171861936
6061 60.6905399043
6077 60.6892914255
6101 60.6639107380
6108 60.6245802056
6125 60.5791298699
6177 60.5614014600
6185 60.5532850976
6235 60.5331071208
6252 60.5046800719
6254 60.4396245061
6311 60.4386050674
6341 60.4101182584
6421 60.3845218910
6459 60.3697269866
6493 60.3604368529
6511 60.3588708219
6521 60.3261591995
6621 60.3058585729
6663 60.2608726226
6789 60.2547176644
6796 60.2461723940
6802 60.2358958452
6836 60.2183645973
6870 60.2170021238
6884 60.1886972011
6915 60.1830956289
6928 60.1802861120
6959 60.1780395660
6983 60.1561243992
7053 60.1407717597
7103 60.1330926864
7111 60.1248093953
7174 60.0975457028
7192 60.0931887765
7199 60.0869189353
7210 60.0744601691
7229 60.0621691896
7310 60.0482401087
7327 60.0456109174
7362 60.0343852520
7368 60.0282929260
7392 60.0060103621
7411 60.0037409290
7418 59.9813030239
7465 59.9779510747
7502 59.9726811990
7547 59.9699448967
7555 59.9658103418
7558 59.9599252500
7566 59.9502182649
7613 59.9280364958
7633 59.9045304880
7660 59.9019196083
7729 59.9018557434
7741 59.8934015253
7764 59.8894559242
7785 59.8817605226
7797 59.8741330342
7799 59.8530504118
7828 59.8481075633
7884 59.8380255454
7915 59.8354134638
7943 59.8264827347
7963 59.8163510108
7993 59.8039358074
8000 59.7970442457
8132 59.7880905678
8186 59.7847272305
8196 59.7680490870
8255 59.7629644404
8291 59.7594768780
8326 59.7542268533
8346 59.7502065750
8351 59.7471088388
8484 59.7423215602
8503 59.7401244652
8573 59.7345654781
8582 59.7289659410
8606 59.7265694902
8630 59.7248857931
8712 59.7225186978
8717 59.7223160286
8745 59.7208142310
8848 59.7196961106
8898 59.7195185161
8906 59.7189034258
8915 59.7186460479
8929 59.7183415782
8955 59.7167957534
8963 59.7162344336
8997 59.7159415392
9004 59.7157436919
9015 59.7153364783
9023 59.7135289361
9034 59.7134451555
9042 59.7123815071
9062 59.7119712779
9067 59.7119009382
9078 59.7114706701
9115 59.7112371971
9124 59.7108989049
9128 59.7106782392
9140 59.7089691036
9179 59.7081187388
9195 59.7073791448
9244 59.7062112902
9278 59.7061236931
9300 59.7056549212
9402 59.7051255284
9496 59.7048316414
9530 59.7047654426
9531 59.7033702807
9661 59.7033170022
9666 59.7031149541
9679 59.7025173334
9729 59.7024754723
9781 59.7020149091
9814 59.7019132533
9828 59.7018047654
9879 59.7017619358
9887 59.7017574179
9888 59.7013949027
9922 59.7012624191
9934 59.7012379289
9942 59.7011092391
9995 59.7007217660
10058 59.7005593478
10096 59.7003534811
10140 59.7002444476
10172 59.7001650820
10173 59.7000420371
10190 59.7000417369
10220 59.6997297963
10307 59.6996984941
10323 59.6995659201
10344 59.6995596021
10350 59.6995085708
10364 59.6994839061
10373 59.6994709178
10374 59.6994433761
10401 59.6992748800
10438 59.6991872088
10446 59.6991210934
10459 59.6990989105
10469 59.6990589130
10476 59.6990449367
10477 59.6989923197
10515 59.6989455393
10519 59.6988421583
10556 59.6987298102
10606 59.6986040402
10651 59.6984679381
10683 59.6984246576
10693 59.6984012941
10705 59.6983854544
10710 59.6983457467
10762 59.6983447021
10776 59.6982897230
10801 59.6982675000
10812 59.6982544401
10821 59.6982508851
10823 59.6981559845
10827 59.6981412644
10846 59.6981279886
10877 59.6980770102
10887 59.6980359033
10945 59.6979807849
10999 59.6979569585
11004 59.6979001346
11014 59.6978667583
11054 59.6978609703
11060 59.6978185840
11165 59.6978058595
11186 59.6978037011
11187 59.6977845323
11224 59.6977833810
11236 59.6977830629
11240 59.6977288612
11266 59.6976884488
11268 59.6976822986
11281 59.6976526173
11311 59.6976080578
11426 59.6976039950
11476 59.6975919910
11495 59.6975893198
11546 59.6975585334
11594 59.6975567249
11600 59.6975562527
11671 59.6975415051
11672 59.6975344642
11762 59.6975291169
11793 59.6975277941
11834 59.6975225508
11883 59.6975181055
11886 59.6975169231
11922 59.6975166449
11929 59.6975119963
11940 59.6975108699
11944 59.6975103414
11963 59.6975096822
11981 59.6975047170
11991 59.6975045713
12140 59.6975042758
12170 59.6975009076
12181 59.6975008174
12201 59.6975001466
12211 59.6974984199
12243 59.6974979714
12250 59.6974972360
12258 59.6974964947
12288 59.6974948699
12460 59.6974946034
12461 59.6974941908
12488 59.6974934589
12489 59.6974934079
12514 59.6974932900
12520 59.6974928398
12524 59.6974923622
12575 59.6974921874
12597 59.6974912784
12637 59.6974908806
12671 59.6974907362
12719 59.6974906500
12746 59.6974905608
12764 59.6974902448
12797 59.6974901573
12806 59.6974901569
12830 59.6974899426
12853 59.6974899082
12864 59.6974899003
12876 59.6974897948
12879 59.6974897880
12903 59.6974893873
12987 59.6974891069
13018 59.6974890162
13049 59.6974890123
13051 59.6974890102
13053 59.6974889112
13141 59.6974888027
13194 59.6974887746
13201 59.6974885841
13273 59.6974884734
13381 59.6974884677
13382 59.6974884069
13415 59.6974884054
13429 59.6974883169
13468 59.6974882883
13502 59.6974882687
13513 59.6974882588
13544 59.6974882496
13547 59.6974882174
13559 59.6974882136
13563 59.6974881895
13564 59.6974881763
13680 59.6974881638
13715 59.6974881630
13735 59.6974881318
13749 59.6974881281
13769 59.6974881111
13844 59.6974881060
13847 59.6974880905
13866 59.6974880729
14000 59.6974880658
14006 59.6974880653
14026 59.6974880648
14027 59.6974880606
14034 59.6974880562
14046 59.6974880559
14069 59.6974880454
14106 59.6974880433
14156 59.6974880378
14170 59.6974880353
14194 59.6974880338
14210 59.6974880332
14232 59.6974880295
14240 59.6974880284
14281 59.6974880272
14294 59.6974880263
14319 59.6974880256
14354 59.6974880239
14366 59.6974880238
14371 59.6974880221
14383 59.6974880220
14389 59.6974880202
14392 59.6974880200
14443 59.6974880193
14446 59.6974880177
14461 59.6974880176
14473 59.6974880173
14480 59.6974880140
14761 59.6974880137
14820 59.6974880135
14821 59.6974880134
14822 59.6974880128
14836 59.6974880119
14882 59.6974880119
14893 59.6974880116
14894 59.6974880115
14963 59.6974880112
14965 59.6974880111
14990 59.6974880110
15003 59.6974880110
15009 59.6974880109
15028 59.6974880108
15042 59.6974880104
15128 59.6974880103
15139 59.6974880103
15242 59.6974880102
15282 59.6974880102
15287 59.6974880102
15289 59.6974880101
15305 59.6974880100
15310 59.6974880100
15339 59.6974880100
15347 59.6974880100
15352 59.6974880099
15384 59.6974880099
15457 59.6974880099
15474 59.6974880098
15553 59.6974880098
15569 59.6974880098
15606 59.6974880097
15612 59.6974880097
15614 59.6974880097
15626 59.6974880097
15649 59.6974880097
15674 59.6974880097
15749 59.6974880097
15752 59.6974880097
15773 59.6974880096
15789 59.6974880096
15799 59.6974880096
15822 59.6974880096
15855 59.6974880096
15858 59.6974880096
15888 59.6974880096
15889 59.6974880096
15964 59.6974880096
15976 59.6974880096
15984 59.6974880096
16038 59.6974880096
16119 59.6974880096
16141 59.6974880096
16156 59.6974880096
16167 59.6974880096
16176 59.6974880096
16189 59.6974880096
16201 59.6974880096
16212 59.6974880096
16217 59.6974880096
16258 59.6974880096
16281 59.6974880096
16303 59.6974880096
16307 59.6974880096
16337 59.6974880096
16349 59.6974880096
16409 59.6974880096
16442 59.6974880096
16443 59.6974880096
16504 59.6974880096
16520 59.6974880096
16577 59.6974880096
16586 59.6974880096
16587 59.6974880096
16595 59.6974880096
16651 59.6974880096
16756 59.6974880096
16770 59.6974880096
16786 59.6974880096
16801 59.6974880096
16820 59.6974880096
16850 59.6974880096
16859 59.6974880096
16860 59.6974880096
16958 59.6974880096
17028 59.6974880096
17074 59.6974880096
17170 59.6974880096
17228 59.6974880096
17478 59.6974880096
17631 59.6974880096
17687 59.6974880096
18159 59.6974880096
25572 59.6974880096
196845 59.6974880096
evaluations raw_y
1 3445.1682374161
27 3097.7857949771
32 2839.3064462607
56 2671.6088250058
59 2536.2098225116
68 2517.1674846161
72 2285.3307379050
76 2195.7259551922
91 1898.9112948879
121 1852.4849145191
142 1835.0826377472
143 1803.6101667330
145 1685.3463614164
156 1562.3475225370
160 1477.0554251805
171 1454.1004291589
187 1415.6434095240
201 1242.4725285572
221 1169.3134466127
261 976.9022599455
291 914.3709609520
343 888.0691967454
366 845.4832434315
381 816.2148919278
390 773.6418090859
445 720.5252818160
448 719.4327968342
475 702.3316460582
477 682.3664343791
500 661.7133773821
509 633.4478711242
538 589.7001600897
577 567.7581241119
590 556.5141806666
594 541.0341428321
631 522.6341889721
871 499.1347473517
933 496.3853179174
998 489.1802166946
1031 469.7989705263
1086 469.3629437800
1100 450.8530802698
1104 427.5474610805
1331 397.7084845869
2014 366.7086994460
2162 308.1813064956
3359 293.2920041563
3497 290.1753577411
3522 287.6873430221
3528 253.0782655464
3561 239.6637294338
3603 220.2492691698
3616 199.8921627123
3643 184.5945434537
3692 181.5165827297
3729 177.0677235144
3836 176.5859706940
3851 166.4283990763
3877 157.2727777065
3881 153.7493258274
3886 136.2526102874
3933 135.7030282839
3938 132.3473085103
4006 125.3774581229
4047 123.7329718599
4056 123.3168154002
4098 122.8180764329
4138 121.0830208014
4156 118.7202274843
4179 113.8676884557
4198 112.9137585643
4206 110.6930074200
4238 107.0356703243
4292 100.6677015555
4318 97.2979089197
4339 94.2803688561
4361 93.9902757991
4370 92.2450531380
4398 88.5594147215
4452 87.1909659236
4469 85.1059352326
4576 82.1614649458
4613 80.4060571863
4618 79.9058434063
4747 79.7277459172
4752 79.2662813230
4757 78.7087489558
4758 77.7625306621
4767 77.3892293258
4778 77.2323191906
4782 76.5704223329
4828 75.2756664957
4929 75.1068771624
4942 74.6433857965
4957 74.5225730020
4964 74.4978877233
4965 74.1392739818
4976 73.7585472728
5005 73.6917052547
5024 72.0616726010
5065 71.8360169447
5088 71.7554180487
5112 71.5880098117
5125 71.4150432983
5133 71.1057928667
5140 70.7535310556
5238 70.5697483283
5273 70.4541583228
5294 70.4454108749
5299 70.3886484598
5311 70.2213274798
5324 69.6744603538
5340 69.6269650529
5349 69.5456658385
5361 69.1868883476
5465 69.0057968301
5480 68.9804417601
5493 68.7440708240
5711 68.7056943864
5716 68.6597386291
5745 68.6414871342
5746 68.6342721265
5756 68.5794677784
5764 68.4732208301
5766 68.4313869790
5776 68.4276582297
5789 68.3427136519
5820 68.2197208799
5842 68.1418787034
5910 68.1090117109
6016 68.0955467601
6018 68.0071443746
6066 68.0012441036
6096 67.9741286625
6127 67.9682036834
6130 67.9535504796
6131 67.9406592452
6163 67.9353423649
6173 67.9319775676
6174 67.9040578998
6210 67.8971231148
6222 67.8951616419
6226 67.8851795792
6268 67.8812840680
6273 67.8726922873
6274 67.8717911973
6293 67.8692985743
6302 67.8593569670
6332 67.8499380481
6334 67.8347046480
6348 67.8147542356
6405 67.8075450662
6406 67.7907249341
6464 67.7841823252
6482 67.7759794980
6515 67.7693438673
6521 67.7668850884
6544 67.7521078488
6558 67.7516514351
6585 67.7514697405
6614 67.7509972556
6615 67.7415167070
6665 67.7397246325
6693 67.7348216665
6697 67.7252547387
6763 67.7191006140
6790 67.7182949480
6829 67.7157128436
6836 67.7146142097
6861 67.7141641271
6892 67.7103958960
6967 67.7023786423
7052 67.7012929648
7115 67.6940412099
7176 67.6921294349
7195 67.6920942175
7207 67.6909356235
7214 67.6903482117
7231 67.6896114178
7236 67.6893046803
7250 67.6858386049
7287 67.6853684237
7306 67.6851295268
7314 67.6819162795
7332 67.6815010717
7345 67.6810693864
7351 67.6805559450
7383 67.6795974846
7394 67.6795643115
7397 67.6795235837
7414 67.6775162267
7461 67.6761440724
7501 67.6751128579
7513 67.6746177662
7522 67.6743844015
7530 67.6742126902
7532 67.6724285344
7584 67.6723087844
7639 67.6709032765
7697 67.6708241475
7708 67.6701064049
7730 67.6696728855
7767 67.6691056402
7791 67.6690985746
7793 67.6681285468
7807 67.6680656816
7828 67.6678187330
7836 67.6671481880
7871 67.6665619942
7925 67.6662086375
7949 67.6661729661
7952 67.6655773601
7979 67.6650969908
8015 67.6642874291
8081 67.6636931343
8107 67.6636251925
8113 67.6635016915
8144 67.6634746382
8152 67.6634630168
8153 67.6632630319
8156 67.6630280220
8173 67.6627468496
8176 67.6623165167
8211 67.6621433453
8224 67.6621403132
8250 67.6618692701
8267 67.6615663578
8297 67.6612541539
8342 67.6610488641
8346 67.6607897092
8388 67.6607574262
8398 67.6607505789
8415 67.6605088250
8479 67.6603446118
8487 67.6597844407
8622 67.6593114603
8645 67.6591143352
8661 67.6591130960
8671 67.6589852672
8675 67.6589526726
8692 67.6589077601
8701 67.6588437548
8725 67.6587360002
8727 67.6585835899
8741 67.6584537536
8756 67.6584295919
8758 67.6582192685
8798 67.6581497890
8867 67.6580683196
8894 67.6580229250
8898 67.6580137326
8908 67.6579631111
8912 67.6579582280
8941 67.6579305944
9005 67.6578593888
9012 67.6578536259
9016 67.6577980518
9033 67.6577109731
9043 67.6575729382
9115 67.6575029055
9199 67.6574863212
9227 67.6574482035
9275 67.6574183496
9303 67.6574158296
9307 67.6573333999
9327 67.6573266834
9333 67.6573010325
9378 67.6572983456
9405 67.6572756844
9408 67.6572609790
9435 67.6572415826
9497 67.6572414459
9541 67.6572407307
9553 67.6572099103
9687 67.6572032523
9715 67.6572025010
9716 67.6571912664
9721 67.6571903494
9727 67.6571849557
9729 67.6571835298
9741 67.6571781976
9746 67.6571746978
9759 67.6571644974
9785 67.6571632956
9805 67.6571583541
9915 67.6571581681
9922 67.6571552321
9932 67.6571534383
9976 67.6571517392
10004 67.6571444234
10048 67.6571402088
10084 67.6571395093
10085 67.6571375461
10112 67.6571348784
10137 67.6571348753
10144 67.6571333894
10151 67.6571322725
10165 67.6571315923
10213 67.6571312303
10227 67.6571302312
10260 67.6571294362
10277 67.6571292672
10280 67.6571290145
10288 67.6571289245
10292 67.6571280783
10295 67.6571276019
10367 67.6571270923
10376 67.6571264952
10390 67.6571263031
10406 67.6571248801
10422 67.6571246164
10433 67.6571245183
10464 67.6571241654
10487 67.6571231766
10547 67.6571230335
10563 67.6571229756
10585 67.6571225269
10605 67.6571223639
10609 67.6571221973
10625 67.6571221339
10659 67.6571220859
10700 67.6571220043
10756 67.6571216990
10793 67.6571216208
10798 67.6571214028
10815 67.6571212472
10833 67.6571211731
10846 67.6571211465
10852 67.6571208189
10925 67.6571208159
10985 67.6571208144
11001 67.6571206880
11034 67.6571206480
11048 67.6571206331
11080 67.6571205829
11084 67.6571205742
11129 67.6571204610
11160 67.6571204429
11233 67.6571203564
11280 67.6571203264
11281 67.6571202935
11297 67.6571202233
11387 67.6571202220
11467 67.6571202120
11475 67.6571201990
11493 67.6571201909
11506 67.6571201874
11522 67.6571201855
11525 67.6571201697
11540 67.6571201633
11559 67.6571201593
11578 67.6571201531
11607 67.6571201455
11657 67.6571201454
11662 67.6571201370
11670 67.6571201320
11704 67.6571201296
11713 67.6571201291
11717 67.6571201236
11730 67.6571201162
11775 67.6571201141
11778 67.6571201138
11791 67.6571201131
11800 67.6571201094
11811 67.6571201048
11832 67.6571201040
11834 67.6571201020
11847 67.6571200994
11870 67.6571200992
11874 67.6571200974
11883 67.6571200942
11923 67.6571200923
11929 67.6571200885
12032 67.6571200877
12044 67.6571200875
12061 67.6571200868
12088 67.6571200859
12098 67.6571200844
12099 67.6571200844
12109 67.6571200838
12192 67.6571200832
12200 67.6571200822
12206 67.6571200813
12242 67.6571200810
12245 67.6571200803
12262 67.6571200799
12271 67.6571200794
12310 67.6571200783
12331 67.6571200783
12363 67.6571200778
12379 67.6571200770
12445 67.6571200768
12455 67.6571200761
12501 67.6571200760
12513 67.6571200757
12534 67.6571200756
12583 67.6571200755
12587 67.6571200753
12600 67.6571200750
12610 67.6571200748
12638 67.6571200743
12739 67.6571200741
12781 67.6571200741
12804 67.6571200740
12811 67.6571200739
12822 67.6571200738
12831 67.6571200738
12849 67.6571200737
12931 67.6571200737
12948 67.6571200736
13015 67.6571200736
13028 67.6571200735
13055 67.6571200735
13111 67.6571200734
13113 67.6571200733
13152 67.6571200733
13174 67.6571200732
13207 67.6571200732
13253 67.6571200732
13295 67.6571200732
13320 67.6571200732
13330 67.6571200731
13347 67.6571200731
13378 67.6571200731
13388 67.6571200731
13445 67.6571200730
13458 67.6571200730
13505 67.6571200730
13522 67.6571200730
13524 67.6571200730
13535 67.6571200730
13579 67.6571200730
13591 67.6571200730
13613 67.6571200730
13614 67.6571200730
13656 67.6571200730
13730 67.6571200730
13741 67.6571200730
13753 67.6571200730
13763 67.6571200730
13781 67.6571200730
13808 67.6571200730
13823 67.6571200729
13824 67.6571200729
13863 67.6571200729
13874 67.6571200729
13885 67.6571200729
13896 67.6571200729
13922 67.6571200729
13941 67.6571200729
13969 67.6571200729
13977 67.6571200729
13980 67.6571200729
14008 67.6571200729
14013 67.6571200729
14099 67.6571200729
14240 67.6571200729
14241 67.6571200729
14273 67.6571200729
14289 67.6571200729
14303 67.6571200729
14329 67.6571200729
14333 67.6571200729
14359 67.6571200729
14416 67.6571200729
14477 67.6571200729
14478 67.6571200729
14526 67.6571200729
14542 67.6571200729
14699 67.6571200729
14788 67.6571200729
14823 67.6571200729
14856 67.6571200729
15039 67.6571200729
15063 67.6571200729
15201 67.6571200729
15660 67.6571200729
evaluations raw_y
1 11772.0344028995
2 6215.0873995680
3 3544.3663729588
13 3535.2435668331
20 3359.6258262119
22 3261.7816497991
24 2738.0408742161
46 2526.1222080444
62 1896.7676989162
78 1731.8840679974
84 1545.0818847795
97 1414.7882080525
130 1406.8498504376
137 1384.7392455867
155 1332.7384359127
165 1236.6084642205
179 1081.4502256095
214 983.0730106202
249 977.0143043710
254 970.8609232326
283 958.6816457296
302 938.9960202475
307 925.5630694652
319 891.8488379015
323 858.5944255131
326 855.5588267104
337 789.1183255007
356 753.2701459044
430 738.8945418847
435 691.2331804723
487 600.9093162287
532 597.1565173068
571 587.6507156317
578 579.2348916373
615 545.8357179888
647 499.7722702276
688 437.8394998099
820 433.0051579481
901 409.8794266095
1293 405.3956818526
1367 401.3177824936
1482 366.9218006553
1522 336.7018231311
2096 323.2451421267
2212 309.6170079660
2434 292.1870519516
2463 285.2233196355
2477 263.0086372868
2552 258.1712219418
2600 246.3961098967
2602 243.3521859596
2692 231.1167283156
2742 229.9189119832
2764 212.3968639884
2786 200.5675438995
2800 186.8071634423
2816 165.6293592871
2991 161.2175916195
3011 156.3612205406
3016 153.1160135237
3044 147.7427062704
3087 147.5922757794
3123 138.6425007354
3130 131.0921825151
3203 123.8343005611
3287 123.6505757381
3289 120.5723194187
3377 119.8579282835
3458 117.7718144138
3471 115.7799408825
3494 114.2065188713
3501 111.4156373780
3521 110.7557993399
3528 110.4649152100
3537 108.1390778583
3542 106.8335131259
3558 104.6035879444
3565 104.2675578235
3575 102.7264019833
3591 102.5143598979
3631 100.6430928970
3644 100.4058625364
3692 98.5570606099
3790 98.2192637712
3818 98.0885210151
3838 97.7897879884
3881 97.2721110068
3901 96.8722002715
3916 96.4560971619
3924 95.7625512383
3992 95.6596861255
3998 95.3942168201
4003 94.5755510274
4010 94.3652656726
4061 93.9227171193
4088 93.6951617913
4120 93.6301491315
4126 93.4908250081
4136 93.1133751004
4175 92.7488261702
4188 92.6090684917
4201 92.5105351254
4240 91.8206956559
4374 91.8194893784
4411 91.6131567019
4412 91.2986263455
4471 91.1728441197
4480 91.0413198941
4552 90.7584761312
4563 90.7133397014
4572 90.6974231350
4603 90.6292952725
4635 90.6105994707
4671 90.5517479389
4714 90.5061143423
4748 90.4803590630
4751 90.4130584765
4777 90.3656027262
4783 90.3134043982
4818 90.3110974667
4831 90.2481316008
4851 90.2094134072
4907 90.2000148169
4938 90.1315149305
4990 90.1155383686
4999 90.0883127596
5011 90.0693514208
5057 90.0590859853
5123 90.0357803238
5146 90.0213561492
5170 90.0111866435
5179 89.9961375564
5206 89.9775605994
5239 89.9732843278
5253 89.9712128591
5259 89.9678187109
5274 89.9668740998
5279 89.9534191223
5286 89.9530170669
5304 89.9323915305
5306 89.9276426409
5328 89.9129829779
5369 89.9077957823
5383 89.9009434263
5391 89.8835313460
5434 89.8668654739
5443 89.8660028966
5478 89.8657413208
5546 89.8519847309
5583 89.8514421604
5585 89.8504944226
5594 89.8450099681
5601 89.8379716434
5705 89.8376097245
5737 89.8349507382
5738 89.8347062725
5748 89.8210748120
5789 89.8117475342
5796 89.8067569233
5860 89.8053484550
5868 89.8013825421
5869 89.8013053601
5892 89.7947215540
5896 89.7943777976
5915 89.7920751742
5930 89.7849532521
5933 89.7783426780
5983 89.7741395691
5986 89.7683025623
6005 89.7662423553
6046 89.7628458518
6056 89.7626814651
6072 89.7572359543
6118 89.7565908699
6125 89.7554953656
6131 89.7525887255
6136 89.7518252398
6145 89.7494030144
6153 89.7459706109
6180 89.7444828333
6189 89.7419401161
6241 89.7405120654
6251 89.7372472299
6254 89.7355599574
6284 89.7263059713
6322 89.7208193399
6361 89.7180140502
6377 89.7071328244
6419 89.7000068589
6421 89.6991990256
6424 89.6983261125
6441 89.6972790738
6446 89.6911536423
6458 89.6885304662
6472 89.6881069309
6476 89.6836891377
6482 89.6815003551
6484 89.6753983347
6499 89.6750222045
6527 89.6705349409
6566 89.6663579699
6574 89.6663201936
6576 89.6590905046
6600 89.6534068073
6629 89.6516109631
6656 89.6455930552
6661 89.6381494577
6724 89.6365626285
6740 89.6282928189
6758 89.6272250733
6769 89.6211099094
6782 89.6132012344
6841 89.6080184718
6842 89.6031345559
6848 89.5991305771
6899 89.5958028351
6905 89.5862966230
6950 89.5855276894
7018 89.5778080148
7061 89.5742629172
7120 89.5734849448
7193 89.5712455099
7222 89.5711861321
7252 89.5688099035
7255 89.5680551241
7270 89.5636443580
7288 89.5630971445
7320 89.5630190004
7347 89.5612675801
7372 89.5599144740
7390 89.5597611983
7411 89.5578211409
7456 89.5570314661
7474 89.5569342979
7515 89.5562211295
7536 89.5544461153
7652 89.5544331559
7677 89.5543689053
7682 89.5542740389
7696 89.5535017988
7711 89.5534044075
7736 89.5532357137
7808 89.5531370917
7811 89.5529443734
7830 89.5529234749
7847 89.5528848592
7860 89.5523240557
7877 89.5522471264
7886 89.5521393704
7889 89.5517763788
7915 89.5516600417
7953 89.5516458825
7954 89.5514770312
8008 89.5513080101
8011 89.5510338912
8056 89.5503264382
8179 89.5502554761
8217 89.5501806071
8219 89.5501066128
8226 89.5499375660
8266 89.5498586435
8271 89.5496290641
8296 89.5495951469
8320 89.5495736571
8328 89.5495279450
8339 89.5495230577
8342 89.5494707902
8356 89.5494681966
8357 89.5493280588
8375 89.5492461249
8411 89.5490784013
8422 89.5490033109
8440 89.5489948744
8592 89.5489881839
8606 89.5488873909
8615 89.5488078566
8635 89.5487560436
8646 89.5487509558
8656 89.5486295368
8688 89.5485785048
8696 89.5485541304
8716 89.5485181079
8734 89.5483502502
8809 89.5482757864
8826 89.5482370483
8831 89.5481964690
8872 89.5480656644
8926 89.5480593827
8962 89.5480317919
8974 89.5480120533
9001 89.5480012715
9013 89.5479367178
9015 89.5479081979
9036 89.5478209360
9083 89.5477582282
9105 89.5476932662
9131 89.5476834871
9197 89.5476293968
9210 89.5476254532
9216 89.5476159188
9229 89.5476122707
9254 89.5475240948
9334 89.5475207228
9344 89.5475041644
9352 89.5474738756
9362 89.5474365432
9392 89.5474118932
9404 89.5473044331
9456 89.5472212226
9470 89.5472049257
9499 89.5471867228
9537 89.5471428358
9572 89.5471209189
9594 89.5470808362
9619 89.5470514579
9663 89.5470361345
9701 89.5469966537
9743 89.5469810238
9752 89.5469398106
9768 89.5469340843
9774 89.5469208089
9794 89.5469149390
9801 89.5468579558
9827 89.5468461354
9843 89.5467992957
9859 89.5467882108
9870 89.5467816315
9888 89.5467517219
9890 89.5466851563
9904 89.5466798693
9928 89.5466667528
9951 89.5466275001
9997 89.5465979472
10159 89.5465777308
10189 89.5465483436
10211 89.5465313552
10222 89.5464980429
10234 89.5464674433
10336 89.5464538759
10378 89.5464350340
10381 89.5464331595
10398 89.5464100661
10425 89.5463838967
10446 89.5463732441
10473 89.5463706900
10487 89.5463641927
10507 89.5463581817
10533 89.5463375514
10549 89.5463310324
10562 89.5463216906
10583 89.5463166966
10598 89.5463000432
10629 89.5462984028
10630 89.5462943053
10642 89.5462827117
10677 89.5462794734
10698 89.5462749982
10711 89.5462716205
10727 89.5462605639
10762 89.5462573002
10843 89.5462563495
10847 89.5462498668
10868 89.5462260304
10896 89.5462222661
10938 89.5462177943
10966 89.5461925898
10989 89.5461912694
11180 89.5461886032
11190 89.5461830289
11192 89.5461815697
11211 89.5461786504
11234 89.5461738080
11244 89.5461692942
11255 89.5461666411
11269 89.5461650532
11307 89.5461633915
11309 89.5461628198
11326 89.5461588542
11335 89.5461587506
11341 89.5461567619
11370 89.5461565714
11401 89.5461539558
11435 89.5461530618
11445 89.5461508381
11454 89.5461475117
11492 89.5461464591
11507 89.5461439449
11530 89.5461408765
11542 89.5461385019
11648 89.5461374800
11662 89.5461365620
11682 89.5461360907
11690 89.5461344811
11691 89.5461341415
11722 89.5461306609
11768 89.5461289943
11775 89.5461280201
11795 89.5461274642
11823 89.5461251024
11838 89.5461235850
11872 89.5461233951
11883 89.5461222851
11937 89.5461222151
11945 89.5461217047
11966 89.5461213933
11971 89.5461196979
11981 89.5461193074
12001 89.5461189336
12064 89.5461184712
12066 89.5461166981
12092 89.5461165974
12110 89.5461150155
12124 89.5461146504
12157 89.5461135414
12163 89.5461129797
12178 89.5461117212
12302 89.5461089996
12351 89.5461083064
12391 89.5461079356
12394 89.5461064098
12481 89.5461063943
12502 89.5461062864
12517 89.5461060334
12518 89.5461059372
12529 89.5461058111
12581 89.5461054587
12589 89.5461054387
12618 89.5461050817
12641 89.5461048956
12647 89.5461048694
12649 89.5461047202
12652 89.5461046113
12708 89.5461045754
12744 89.5461040469
12860 89.5461040328
12907 89.5461039612
12925 89.5461038728
12946 89.5461037227
12949 89.5461037183
12957 89.5461036951
12965 89.5461036526
12990 89.5461036352
13001 89.5461035679
13027 89.5461035275
13088 89.5461034254
13113 89.5461033921
13187 89.5461033593
13231 89.5461033357
13258 89.5461033172
13267 89.5461033063
13326 89.5461033043
13344 89.5461032928
13368 89.5461032826
13381 89.5461032763
13397 89.5461032720
13402 89.5461032615
13415 89.5461032485
13462 89.5461032449
13477 89.5461032418
13484 89.5461032347
13505 89.5461032264
13526 89.5461032181
13554 89.5461032140
13570 89.5461032051
13576 89.5461031974
13597 89.5461031907
13635 89.5461031836
13640 89.5461031800
13671 89.5461031666
13683 89.5461031620
13690 89.5461031608
13696 89.5461031599
13718 89.5461031581
13721 89.5461031570
13734 89.5461031528
13745 89.5461031520
13758 89.5461031446
13805 89.5461031384
13867 89.5461031316
13892 89.5461031275
13953 89.5461031256
13972 89.5461031253
13973 89.5461031168
14044 89.5461031159
14085 89.5461031133
14101 89.5461031119
14113 89.5461031103
14117 89.5461031102
14137 89.5461031067
14138 89.5461031066
14146 89.5461031036
14245 89.5461031034
14257 89.5461031004
14317 89.5461031001
14355 89.5461030998
14360 89.5461030995
14379 89.5461030988
14407 89.5461030986
14424 89.5461030978
14521 89.5461030974
14560 89.5461030966
14587 89.5461030965
14663 89.5461030964
14696 89.5461030962
14706 89.5461030961
14720 89.5461030959
14753 89.5461030958
14791 89.5461030958
14810 89.5461030957
14830 89.5461030957
14834 89.5461030956
14845 89.5461030956
14846 89.5461030955
14858 89.5461030954
14910 89.5461030954
14941 89.5461030953
14946 89.5461030952
14961 89.5461030951
15014 89.5461030951
15023 89.5461030951
15030 89.5461030950
15051 89.5461030950
15052 89.5461030950
15083 89.5461030949
15097 89.5461030949
15138 89.5461030948
15171 89.5461030948
15174 89.5461030948
15179 89.5461030948
15188 89.5461030948
15199 89.5461030948
15205 89.5461030947
15284 89.5461030947
15286 89.5461030947
15287 89.5461030947
15307 89.5461030947
15321 89.5461030947
15377 89.5461030946
15405 89.5461030946
15417 89.5461030946
15492 89.5461030946
15553 89.5461030946
15586 89.5461030946
15604 89.5461030946
15614 89.5461030946
15619 89.5461030946
15634 89.5461030946
15713 89.5461030946
15717 89.5461030945
15740 89.5461030945
15743 89.5461030945
15749 89.5461030945
15761 89.5461030945
15766 89.5461030945
15781 89.5461030945
15787 89.5461030945
15825 89.5461030945
15897 89.5461030945
15961 89.5461030945
15971 89.5461030945
16009 89.5461030945
16028 89.5461030945
16080 89.5461030945
16099 89.5461030945
16106 89.5461030945
16111 89.5461030945
16115 89.5461030945
16117 89.5461030945
16132 89.5461030945
16141 89.5461030945
16169 89.5461030945
16182 89.5461030945
16214 89.5461030945
16239 89.5461030945
16250 89.5461030945
16257 89.5461030945
16261 89.5461030945
16276 89.5461030945
16284 89.5461030945
16455 89.5461030945
16459 89.5461030945
16478 89.5461030945
16536 89.5461030945
16569 89.5461030945
16636 89.5461030945
16694 89.5461030945
16701 89.5461030945
16739 89.5461030945
16746 89.5461030945
16782 89.5461030945
16876 89.5461030945
16885 89.5461030945
16917 89.5461030945
16955 89.5461030945
16968 89.5461030945
17013 89.5461030945
17037 89.5461030945
17054 89.5461030945
17057 89.5461030945
17062 89.5461030945
17072 89.5461030945
17080 89.5461030945
17095 89.5461030945
17124 89.5461030945
17136 89.5461030945
17163 89.5461030945
17204 89.5461030945
17255 89.5461030945
17277 89.5461030945
17327 89.5461030945
17348 89.5461030945
17365 89.5461030945
17448 89.5461030945
17461 89.5461030945
17507 89.5461030945
17631 89.5461030945
17650 89.5461030945
17743 89.5461030945
17770 89.5461030945
17775 89.5461030945
17796 89.5461030945
17891 89.5461030945
18114 89.5461030945
19725 89.5461030945
20463 89.5461030945
21104 89.5461030945
31718 89.5461030945
66156 89.5461030945
75630 89.5461030945
165585 89.5461030945
